{
"type": "FeatureCollection",
"name": "geo_0_町丁目境界07",
"crs": { "type": "name", "properties": { "name": "urn:ogc:def:crs:EPSG::4612" } },
"features": [
{ "type": "Feature", "properties": { "CITY_NAME": "長門市", "S_NAME": "通", "JINKO": 0, "medical_area": "35_長門医療圏", "町丁目名": "長門市通" }, "geometry": { "type": "Polygon", "coordinates": [ [ [ 131.235219494897905, 34.436907227996876 ], [ 131.235265822887584, 34.436264824557348 ], [ 131.234806899142484, 34.435850150945576 ], [ 131.233935919606552, 34.436385410069533 ], [ 131.234460796766882, 34.436738149134662 ], [ 131.235219494897905, 34.436907227996876 ] ] ] } },
{ "type": "Feature", "properties": { "CITY_NAME": "長門市", "S_NAME": "通", "JINKO": 0, "medical_area": "35_長門医療圏", "町丁目名": "長門市通" }, "geometry": { "type": "Polygon", "coordinates": [ [ [ 131.275305648250168, 34.410509977880203 ], [ 131.275607004560641, 34.410404001098485 ], [ 131.275369124973992, 34.40996686520549 ], [ 131.275749461174911, 34.410001197894715 ], [ 131.276591562714316, 34.409571952068433 ], [ 131.276943725041008, 34.408874025573148 ], [ 131.276883193656829, 34.40863651719598 ], [ 131.277514168256744, 34.407705245016544 ], [ 131.276829504233746, 34.407242315909066 ], [ 131.275817153059563, 34.406902357996593 ], [ 131.275105943693404, 34.406995341134859 ], [ 131.274671679895761, 34.4073267083606 ], [ 131.275026352165526, 34.407423958866303 ], [ 131.275087147117887, 34.40773992850724 ], [ 131.274926568254671, 34.409438927470134 ], [ 131.275063740861725, 34.409429084483115 ], [ 131.275183430158478, 34.409121618824273 ], [ 131.275385000875389, 34.409289024374537 ], [ 131.275312795281593, 34.409638250707097 ], [ 131.274891406872399, 34.409676723241816 ], [ 131.274890154380927, 34.410002098739014 ], [ 131.27532712733975, 34.410336173473212 ], [ 131.275305648250168, 34.410509977880203 ] ] ] } },
{ "type": "Feature", "properties": { "CITY_NAME": "長門市", "S_NAME": "通", "JINKO": 0, "medical_area": "35_長門医療圏", "町丁目名": "長門市通" }, "geometry": { "type": "Polygon", "coordinates": [ [ [ 131.236400749578451, 34.435276297218465 ], [ 131.236030122365293, 34.43562873246249 ], [ 131.23653937200379, 34.435921092798189 ], [ 131.236678022097919, 34.435683244572637 ], [ 131.236400749578451, 34.435276297218465 ] ] ] } },
{ "type": "Feature", "properties": { "CITY_NAME": "長門市", "S_NAME": "通", "JINKO": 0, "medical_area": "35_長門医療圏", "町丁目名": "長門市通" }, "geometry": { "type": "Polygon", "coordinates": [ [ [ 131.26569560231286, 34.407046298822571 ], [ 131.266066327964268, 34.406962535924535 ], [ 131.265927017785998, 34.40646751727293 ], [ 131.265760298230873, 34.406593346869165 ], [ 131.26554753170916, 34.406354715436429 ], [ 131.265181653940033, 34.406493587888484 ], [ 131.265086645168623, 34.406730801371062 ], [ 131.265205047201334, 34.407352018547634 ], [ 131.265502337243362, 34.407317158690589 ], [ 131.26569560231286, 34.407046298822571 ] ] ] } },
{ "type": "Feature", "properties": { "CITY_NAME": "長門市", "S_NAME": "通", "JINKO": 0, "medical_area": "35_長門医療圏", "町丁目名": "長門市通" }, "geometry": { "type": "Polygon", "coordinates": [ [ [ 131.267488191049267, 34.418485361912929 ], [ 131.268262094775849, 34.418138604044927 ], [ 131.267885045339426, 34.417896930374631 ], [ 131.26834980207542, 34.417877803939618 ], [ 131.268158777485525, 34.417329144172228 ], [ 131.268378548272409, 34.416918729308414 ], [ 131.268705691573643, 34.416845344789238 ], [ 131.268561302042627, 34.416615380745235 ], [ 131.268727489565862, 34.416540814679465 ], [ 131.268550538260484, 34.416406964129401 ], [ 131.268629246872166, 34.416271466003543 ], [ 131.268805198663387, 34.416189787251426 ], [ 131.269531405256402, 34.416539523699591 ], [ 131.26983442414587, 34.416488497359765 ], [ 131.269808892244214, 34.416333359341579 ], [ 131.269365494956304, 34.416089372948349 ], [ 131.270120270647027, 34.416002072223819 ], [ 131.269954870024492, 34.415702368504867 ], [ 131.270187522072547, 34.415310073928985 ], [ 131.270035795583738, 34.414852843004184 ], [ 131.27021331074522, 34.414426759410539 ], [ 131.270766223396492, 34.414197390806763 ], [ 131.271308254530879, 34.414777350887803 ], [ 131.272158164846843, 34.414947667857128 ], [ 131.272236723349408, 34.414825688844878 ], [ 131.27205323898184, 34.414587273405388 ], [ 131.271550814757688, 34.414371742061725 ], [ 131.271504352350604, 34.414036002412026 ], [ 131.272167786395414, 34.413444848147613 ], [ 131.273113265444636, 34.413528397933007 ], [ 131.273182281079158, 34.413272951227547 ], [ 131.273390421332124, 34.4132392605108 ], [ 131.273340875969211, 34.412992805920631 ], [ 131.272881799888324, 34.412794765065243 ], [ 131.27290612180667, 34.412451372507512 ], [ 131.273187493786168, 34.412077466901856 ], [ 131.273448598353383, 34.412073182878643 ], [ 131.273852337867311, 34.411643403727822 ], [ 131.272427638226134, 34.410091401127978 ], [ 131.272155776822842, 34.410083923351849 ], [ 131.271849415952744, 34.410354813089128 ], [ 131.271732563621981, 34.411007545224855 ], [ 131.271299759859517, 34.411101859056174 ], [ 131.270450614898095, 34.410958597413007 ], [ 131.26824526046272, 34.410084198098765 ], [ 131.267585972963104, 34.410100070093101 ], [ 131.267223125305804, 34.410256157018523 ], [ 131.267048666466138, 34.410595615012667 ], [ 131.266764984679412, 34.410580855292366 ], [ 131.267558601388373, 34.411834420667518 ], [ 131.267726359561522, 34.413328529107517 ], [ 131.267524267694171, 34.413715690795534 ], [ 131.266025834854474, 34.414975838844569 ], [ 131.266381883996672, 34.416558806018998 ], [ 131.266139704059299, 34.416823820788892 ], [ 131.266204442037548, 34.417780902545154 ], [ 131.266026674231654, 34.41782551564463 ], [ 131.266623075406784, 34.418406880402372 ], [ 131.267164493389458, 34.418340569832324 ], [ 131.267488191049267, 34.418485361912929 ] ] ] } },
{ "type": "Feature", "properties": { "CITY_NAME": "長門市", "S_NAME": "通", "JINKO": 1012, "medical_area": "35_長門医療圏", "町丁目名": "長門市通" }, "geometry": { "type": "Polygon", "coordinates": [ [ [ 131.246583554029883, 34.437986767234413 ], [ 131.246677088837998, 34.437588966671463 ], [ 131.247001968711942, 34.437730161776329 ], [ 131.247295648420391, 34.437646724817021 ], [ 131.247338017938603, 34.437053866138626 ], [ 131.247986066110229, 34.436701788510469 ], [ 131.24796011474271, 34.436185049653425 ], [ 131.248463471848964, 34.43602824970143 ], [ 131.249835416332559, 34.436044044005421 ], [ 131.250113732221109, 34.435865827466287 ], [ 131.251255426916316, 34.436243024270638 ], [ 131.251724584774905, 34.436624332664692 ], [ 131.251979915629818, 34.437056302211595 ], [ 131.251869701914558, 34.437784730663061 ], [ 131.252079561003285, 34.437795317011606 ], [ 131.252237424231993, 34.438185141840549 ], [ 131.252600136923462, 34.438156302361129 ], [ 131.253036931508973, 34.437710636175431 ], [ 131.253459925856561, 34.437735351142635 ], [ 131.253597854409207, 34.437559737314558 ], [ 131.253556932156584, 34.437125711579142 ], [ 131.254340897583916, 34.436578112130512 ], [ 131.254326990615141, 34.434657758134676 ], [ 131.254192926215694, 34.434284455837904 ], [ 131.254255495644514, 34.433037153991776 ], [ 131.254478239844957, 34.432660175220505 ], [ 131.254985771060035, 34.432218551057197 ], [ 131.255691731944381, 34.432039000184169 ], [ 131.256305121321077, 34.431664081450108 ], [ 131.257570957173925, 34.431417409695491 ], [ 131.25787316362053, 34.431548687661447 ], [ 131.258117183708265, 34.431417947529404 ], [ 131.259043354894743, 34.431498780232118 ], [ 131.259309099265437, 34.431073370009372 ], [ 131.259492409360149, 34.431124314332273 ], [ 131.260210975642053, 34.430681555827853 ], [ 131.260594625674599, 34.430010928726723 ], [ 131.261072582250165, 34.430082087414561 ], [ 131.261323550681112, 34.429920825930267 ], [ 131.260572956173093, 34.429704247134183 ], [ 131.260689655429417, 34.429375207628972 ], [ 131.260526855853897, 34.428835758558833 ], [ 131.260965392573752, 34.428425290863039 ], [ 131.260812960494405, 34.428137361736439 ], [ 131.260867595819406, 34.427613193386215 ], [ 131.261416267579563, 34.427479213632893 ], [ 131.26136560767722, 34.426835234787895 ], [ 131.261093227038771, 34.426572621373026 ], [ 131.261453891668026, 34.426515847985797 ], [ 131.260877253275623, 34.426014752626067 ], [ 131.260474332918363, 34.425853153835291 ], [ 131.260101493536013, 34.42591983441168 ], [ 131.259387728288459, 34.425123880829538 ], [ 131.259048292543895, 34.424218997316288 ], [ 131.258638473853836, 34.424192433430854 ], [ 131.25827300861684, 34.423578917794458 ], [ 131.257824974869749, 34.4233615294781 ], [ 131.257803480804, 34.422135301162903 ], [ 131.258000699303693, 34.421906877611676 ], [ 131.257742757433988, 34.422116819794113 ], [ 131.257680719862776, 34.423120653718144 ], [ 131.25715703397654, 34.423056360868117 ], [ 131.256968718777102, 34.422365297917317 ], [ 131.256836158148644, 34.422750163221743 ], [ 131.257037694145282, 34.423025723824061 ], [ 131.256841283331681, 34.423179325417806 ], [ 131.256601293498562, 34.422438294249631 ], [ 131.256751366200348, 34.422443917701216 ], [ 131.256612887583174, 34.422372570129248 ], [ 131.256815187366783, 34.421777266921936 ], [ 131.257327557768804, 34.422281418840065 ], [ 131.257445494688767, 34.422240824756429 ], [ 131.257454018994736, 34.421856840359865 ], [ 131.257187480517274, 34.421956731792008 ], [ 131.256856005800643, 34.421525144554074 ], [ 131.257503277278431, 34.420929513863143 ], [ 131.257465648608388, 34.420583134195866 ], [ 131.257747908310392, 34.420137145569093 ], [ 131.258003140306585, 34.420082273308608 ], [ 131.258122365493108, 34.419418710806681 ], [ 131.258529694544904, 34.419179169946396 ], [ 131.259220957844775, 34.419231201849925 ], [ 131.259482230949914, 34.418916762616419 ], [ 131.260011552864825, 34.41896392797554 ], [ 131.260103606928851, 34.418398485406009 ], [ 131.261218486198629, 34.418517596872469 ], [ 131.261372649176622, 34.418345617404171 ], [ 131.261146894119548, 34.417892342993355 ], [ 131.260420872420212, 34.417331550486502 ], [ 131.260281796742049, 34.417013157724838 ], [ 131.260409233220827, 34.416797736730807 ], [ 131.258857792492989, 34.417014440440873 ], [ 131.258794975008925, 34.416882269216018 ], [ 131.258817335174257, 34.417030339063778 ], [ 131.258515294151948, 34.417092051673229 ], [ 131.258575794924042, 34.417335909979343 ], [ 131.257425731778056, 34.417553739527932 ], [ 131.257306707795294, 34.417291415861456 ], [ 131.25735815553054, 34.417518083823616 ], [ 131.256927249145264, 34.417604890287635 ], [ 131.256682360827, 34.417485054076195 ], [ 131.256573317567273, 34.41760865266999 ], [ 131.256502868883786, 34.417284484595719 ], [ 131.255632173243725, 34.41702197909698 ], [ 131.255504692391554, 34.417340166592581 ], [ 131.254855241461911, 34.417339839392518 ], [ 131.254137768962579, 34.417691494299945 ], [ 131.252247930847005, 34.4179242421095 ], [ 131.251987551010956, 34.418243402886823 ], [ 131.251473810027875, 34.4196603475987 ], [ 131.252713368816558, 34.421013772169005 ], [ 131.253522810132125, 34.421505731280753 ], [ 131.252973558592203, 34.422488795012697 ], [ 131.253303583198459, 34.422256018974025 ], [ 131.253627284725667, 34.421402836003779 ], [ 131.254289886904161, 34.421599800488515 ], [ 131.254122193442015, 34.422212485171407 ], [ 131.254302930477621, 34.421600799568779 ], [ 131.255121489950113, 34.421658229195451 ], [ 131.254830970873087, 34.423061589800454 ], [ 131.254309728308272, 34.422972963070976 ], [ 131.254065349008044, 34.423434520793492 ], [ 131.253732756065233, 34.423305827461228 ], [ 131.254530048240468, 34.423663011861684 ], [ 131.254387175420987, 34.423955293774817 ], [ 131.254077240633109, 34.423842124160515 ], [ 131.254250088962038, 34.423954271710535 ], [ 131.25405317810376, 34.424349471600365 ], [ 131.253517520903358, 34.424186865128711 ], [ 131.253694641702737, 34.423704888807528 ], [ 131.253468705518031, 34.424173822690371 ], [ 131.252949232904399, 34.424023871909192 ], [ 131.253345478650914, 34.423105449417967 ], [ 131.25322994367022, 34.42262509198774 ], [ 131.253278036585215, 34.423101423970095 ], [ 131.253054818785245, 34.423617145296014 ], [ 131.251935376349905, 34.42331860672666 ], [ 131.252217180288795, 34.422420039537023 ], [ 131.251667777873706, 34.4238114553429 ], [ 131.250442677906051, 34.423715798538083 ], [ 131.249252309787153, 34.424227928384568 ], [ 131.248335693654383, 34.424183162174764 ], [ 131.249002870774319, 34.424256766469881 ], [ 131.248905836362184, 34.424672426340095 ], [ 131.248529060225934, 34.424702138346113 ], [ 131.248905331229309, 34.424718483820698 ], [ 131.249010125053047, 34.425083398167722 ], [ 131.248764235501483, 34.425183537768518 ], [ 131.249019206247681, 34.425146572375517 ], [ 131.249067247665522, 34.425524723548868 ], [ 131.248453943681767, 34.42569958096648 ], [ 131.247081093623649, 34.425485470268121 ], [ 131.247065543809668, 34.425118436791671 ], [ 131.247492546908546, 34.425169426800707 ], [ 131.24786960242713, 34.425112758569391 ], [ 131.247071339689455, 34.425086026053592 ], [ 131.247048374296583, 34.42460173989366 ], [ 131.247896168953986, 34.42447834840091 ], [ 131.247126071824908, 34.424559760067325 ], [ 131.246893147652401, 34.423580058066037 ], [ 131.24793656966196, 34.423373336989847 ], [ 131.246884821518393, 34.423545738014333 ], [ 131.246088568919021, 34.424030173053865 ], [ 131.245713176664168, 34.423936294371188 ], [ 131.245032493278018, 34.42340919198223 ], [ 131.244897960639861, 34.42357315537209 ], [ 131.244401969560187, 34.423267410193539 ], [ 131.24423622041823, 34.423104789414509 ], [ 131.244311508049805, 34.422887247818629 ], [ 131.244489694799881, 34.422908367228764 ], [ 131.244347920401651, 34.422644958210505 ], [ 131.24268086584874, 34.422081611985377 ], [ 131.24191827722629, 34.422276859231346 ], [ 131.241905229356036, 34.422573274357447 ], [ 131.241643377755736, 34.422933730571998 ], [ 131.241431648274869, 34.422996221993643 ], [ 131.241371445905202, 34.422837015425962 ], [ 131.241164592638597, 34.423042798671261 ], [ 131.240408391035828, 34.422951432175537 ], [ 131.240284493482193, 34.422749485081972 ], [ 131.240443993156191, 34.422591096867343 ], [ 131.240377809776845, 34.422473399235045 ], [ 131.239773638320145, 34.422507560977472 ], [ 131.239565296825106, 34.423147041220453 ], [ 131.238969766476202, 34.423774430008528 ], [ 131.237593593464311, 34.423868646923879 ], [ 131.23688529545305, 34.423580980333533 ], [ 131.236652623277479, 34.42366133319868 ], [ 131.236579851501148, 34.423456108957915 ], [ 131.235938276249101, 34.423237543660377 ], [ 131.235614671346184, 34.42347764387668 ], [ 131.235569592637177, 34.423220370486632 ], [ 131.233160258795778, 34.423283143737009 ], [ 131.233006842032552, 34.423092655682453 ], [ 131.233107866969789, 34.423301619264272 ], [ 131.232485460207414, 34.423698039579236 ], [ 131.232313221951841, 34.423343304394429 ], [ 131.232447070142399, 34.423237976114869 ], [ 131.232407073125358, 34.422922141991563 ], [ 131.231846709659095, 34.422838555988875 ], [ 131.231383652944544, 34.422413137374043 ], [ 131.230993038003589, 34.42251114791204 ], [ 131.230676818440941, 34.422286871812311 ], [ 131.230638980414824, 34.422067543261065 ], [ 131.230162349855135, 34.421595109081018 ], [ 131.230165461405988, 34.421316510138858 ], [ 131.230563655068039, 34.421216870009033 ], [ 131.229560504245171, 34.420448256329962 ], [ 131.229251075729735, 34.42000513101415 ], [ 131.228927289281813, 34.419964756705753 ], [ 131.228446081695438, 34.419606801201411 ], [ 131.227892818775189, 34.418594553845665 ], [ 131.227370678759087, 34.418303046580036 ], [ 131.22706630278455, 34.417410043870156 ], [ 131.226139953684395, 34.417650838558629 ], [ 131.225293384139974, 34.417287240859913 ], [ 131.224823646769522, 34.416878929937887 ], [ 131.224195286960651, 34.417034529213218 ], [ 131.22379445067611, 34.416984532441234 ], [ 131.223349083731222, 34.416639368475124 ], [ 131.223157589372391, 34.416830026070969 ], [ 131.222685680151528, 34.416623543595392 ], [ 131.222269950019552, 34.416734712669133 ], [ 131.22215368952476, 34.416915947925574 ], [ 131.224276720521772, 34.417494928197478 ], [ 131.226684721113685, 34.419389168356567 ], [ 131.230306373666679, 34.425053647005036 ], [ 131.230867378066989, 34.425674911101083 ], [ 131.231225404648171, 34.426388715588814 ], [ 131.231519466744061, 34.428874630855724 ], [ 131.232061187927428, 34.430091877684582 ], [ 131.233460556026529, 34.431586546317526 ], [ 131.233819321455769, 34.431611820673353 ], [ 131.235494653549978, 34.43241158427972 ], [ 131.23621941567805, 34.433089719252237 ], [ 131.236708802052533, 34.433891286482712 ], [ 131.237391986946164, 34.434196656841628 ], [ 131.238511510530259, 34.435084139956182 ], [ 131.23849904916392, 34.435326470171411 ], [ 131.238723858802302, 34.435559049096135 ], [ 131.238581701562225, 34.435922100282738 ], [ 131.239035262591671, 34.436032033380826 ], [ 131.239596804182128, 34.436615940110237 ], [ 131.240296932783451, 34.436768165999801 ], [ 131.240856968613116, 34.436597455062127 ], [ 131.242042529939624, 34.437131140375925 ], [ 131.243309466933084, 34.436698964556584 ], [ 131.243762851590333, 34.437026936703347 ], [ 131.243646825376146, 34.437582331497801 ], [ 131.244200376509383, 34.437908381825757 ], [ 131.245223832187662, 34.437950327864712 ], [ 131.246225156740991, 34.438320311400091 ], [ 131.246583554029883, 34.437986767234413 ] ] ] } },
{ "type": "Feature", "properties": { "CITY_NAME": "長門市", "S_NAME": "仙崎", "JINKO": 4062, "medical_area": "35_長門医療圏", "町丁目名": "長門市仙崎" }, "geometry": { "type": "Polygon", "coordinates": [ [ [ 131.167370932598146, 34.431562727375358 ], [ 131.167643492834344, 34.431422542689567 ], [ 131.167972341467248, 34.431766955945385 ], [ 131.168452712000118, 34.431899762811007 ], [ 131.168129257569035, 34.431101119632537 ], [ 131.1686461417776, 34.43118647222191 ], [ 131.168642710695082, 34.430831192516109 ], [ 131.168966341908231, 34.430978073111952 ], [ 131.168654823652162, 34.430455333557205 ], [ 131.168980023763709, 34.430369665440622 ], [ 131.168249120552417, 34.428888891514092 ], [ 131.168302802353423, 34.428763118044699 ], [ 131.168314908187597, 34.428939011210993 ], [ 131.168646915708337, 34.429288800347571 ], [ 131.168418774287943, 34.42870997339638 ], [ 131.168647950429715, 34.429015538571825 ], [ 131.168929684409761, 34.428932192179893 ], [ 131.169427050056896, 34.429830571700094 ], [ 131.169408350825336, 34.429572643711936 ], [ 131.169888590394834, 34.429901945052848 ], [ 131.169653043841521, 34.429308691777919 ], [ 131.169924545080761, 34.429256812610376 ], [ 131.17022802028464, 34.429540583910324 ], [ 131.170244160207375, 34.429828212205265 ], [ 131.170415558852596, 34.429874683151773 ], [ 131.170435395515, 34.429663976143374 ], [ 131.17088354772136, 34.430320232418637 ], [ 131.171381743297843, 34.430232303462724 ], [ 131.17146568186584, 34.430587392777859 ], [ 131.171786770852918, 34.430482666826308 ], [ 131.171579735523011, 34.430875817344862 ], [ 131.17164291288401, 34.431146784500363 ], [ 131.172480473505402, 34.431716191892967 ], [ 131.1727237355623, 34.430832856453577 ], [ 131.172272221289774, 34.43055957913073 ], [ 131.172184453787708, 34.43016135498516 ], [ 131.17201530513907, 34.430111242883072 ], [ 131.17212833463384, 34.430026517870658 ], [ 131.172015385647882, 34.429738101615243 ], [ 131.171475480222114, 34.429113501145537 ], [ 131.171745409367844, 34.429014697719872 ], [ 131.171791535660049, 34.428607561156426 ], [ 131.172493901912617, 34.427633297294342 ], [ 131.172872677414517, 34.427623840418754 ], [ 131.173503970387657, 34.427233997037732 ], [ 131.174530475786639, 34.426997235072427 ], [ 131.176753713866873, 34.426957507079607 ], [ 131.177467450848127, 34.427418548857631 ], [ 131.177202598328535, 34.427916744141264 ], [ 131.177427291986902, 34.428057452592206 ], [ 131.177230988718179, 34.428183765634266 ], [ 131.177383571470614, 34.4284429170512 ], [ 131.177695468196788, 34.428562637615762 ], [ 131.177964525082388, 34.428443955410138 ], [ 131.17797493216554, 34.428758723524155 ], [ 131.178760221427524, 34.42887593090969 ], [ 131.178835640588915, 34.428570026519964 ], [ 131.178350895077585, 34.428157751245948 ], [ 131.179303316854629, 34.428395334227929 ], [ 131.178905418595434, 34.427905302898857 ], [ 131.179125585690343, 34.427874543543474 ], [ 131.178889273323819, 34.427615703089081 ], [ 131.179234278647897, 34.427326484760634 ], [ 131.179967090001924, 34.427271973104567 ], [ 131.180065466008898, 34.427790292160076 ], [ 131.18032819780683, 34.427934822823055 ], [ 131.180806828386693, 34.427847547576945 ], [ 131.180984466806194, 34.427638110295881 ], [ 131.180941373600859, 34.426949937464649 ], [ 131.181376119794095, 34.426618051272499 ], [ 131.180900394566294, 34.426458282633362 ], [ 131.181330311720188, 34.426255245739448 ], [ 131.180905887073038, 34.425613580839986 ], [ 131.181193444656031, 34.425402212808663 ], [ 131.181541366273478, 34.425421216357222 ], [ 131.181394982927571, 34.424821517037643 ], [ 131.181524900232091, 34.424694520584531 ], [ 131.183216421693487, 34.423872410263385 ], [ 131.184464669814304, 34.423653406117332 ], [ 131.184876410197518, 34.423891107328977 ], [ 131.184949387074909, 34.423603209039932 ], [ 131.18597513235801, 34.423433957370989 ], [ 131.186586495514376, 34.424002307338405 ], [ 131.186796322761921, 34.423545907582124 ], [ 131.187142937722314, 34.423771387429255 ], [ 131.187396042793182, 34.423619312793285 ], [ 131.187772526651457, 34.423798123826813 ], [ 131.188667805038278, 34.42362132496072 ], [ 131.189620993385972, 34.423792207233447 ], [ 131.190391251649118, 34.424169673678762 ], [ 131.190961737968308, 34.423943496649244 ], [ 131.192912987811383, 34.424272756724299 ], [ 131.193480281107725, 34.424885798939435 ], [ 131.193619260485576, 34.425288080580238 ], [ 131.193384230063344, 34.425384530874851 ], [ 131.193712336927916, 34.425800855647275 ], [ 131.193731540188821, 34.426116539482628 ], [ 131.193939526683693, 34.426094811411197 ], [ 131.193863323821517, 34.425820087886535 ], [ 131.19400965647614, 34.425771669113566 ], [ 131.194113386887494, 34.426113380791726 ], [ 131.194440815586177, 34.426405316104585 ], [ 131.194406333055667, 34.426843123357408 ], [ 131.19479588356856, 34.427400655027334 ], [ 131.194576196906809, 34.427485537328891 ], [ 131.194623274160989, 34.428029498467424 ], [ 131.19603849305625, 34.428516718715258 ], [ 131.196684700113963, 34.428145891344641 ], [ 131.196516964012687, 34.427788460225578 ], [ 131.196794751243601, 34.427758266372955 ], [ 131.196589221067143, 34.42737616622837 ], [ 131.196858410596718, 34.427052911076679 ], [ 131.198248163726277, 34.426454421558731 ], [ 131.19863050822417, 34.426128396751231 ], [ 131.199311167003856, 34.426069834782432 ], [ 131.200157284302321, 34.425623094575599 ], [ 131.202562092438541, 34.425499680412521 ], [ 131.202842200537418, 34.425547810513123 ], [ 131.202865053497106, 34.425733647377371 ], [ 131.203123620389022, 34.425866406335267 ], [ 131.203190802465258, 34.425604650562711 ], [ 131.203483115236679, 34.425537510029002 ], [ 131.207263400024857, 34.425386945365567 ], [ 131.207588532128028, 34.425400343988102 ], [ 131.207934297072399, 34.425794371477139 ], [ 131.208168852208814, 34.425834947878762 ], [ 131.211007454508973, 34.425257667051184 ], [ 131.212756049543856, 34.425422743444663 ], [ 131.213667356996638, 34.425932018697345 ], [ 131.21518231503606, 34.425595745446259 ], [ 131.217021574779125, 34.425637085358872 ], [ 131.217401943382669, 34.425673421691783 ], [ 131.218150422812812, 34.426063358125639 ], [ 131.21846402939488, 34.426419070133804 ], [ 131.219381312686238, 34.426117973230568 ], [ 131.219647086810397, 34.426668122408586 ], [ 131.220299519442563, 34.426992223830041 ], [ 131.221156418185046, 34.426837564231583 ], [ 131.221573456494156, 34.427384371276766 ], [ 131.220614711581078, 34.42817296668656 ], [ 131.220906312132257, 34.428846006387275 ], [ 131.221960162330134, 34.429175034635897 ], [ 131.222787687247546, 34.429019150216845 ], [ 131.223043593172576, 34.429096908128777 ], [ 131.223143343163827, 34.429319394414485 ], [ 131.223718279980346, 34.429281428258555 ], [ 131.223885767931421, 34.429383716679467 ], [ 131.223933228638174, 34.429705952359726 ], [ 131.224378284987182, 34.429796856556656 ], [ 131.224532473745086, 34.430212742200915 ], [ 131.225494079962459, 34.43042481728758 ], [ 131.225727086420449, 34.430021771263334 ], [ 131.227247510859399, 34.430754670688096 ], [ 131.227712534217886, 34.430323680812137 ], [ 131.22802751042363, 34.430857993801851 ], [ 131.228352043919386, 34.430637780793155 ], [ 131.228439142084994, 34.431217251288622 ], [ 131.228850175993188, 34.431622565374759 ], [ 131.229095898982706, 34.431540495013557 ], [ 131.229178729004758, 34.430853298755252 ], [ 131.229310471572973, 34.431036443229864 ], [ 131.229286103324, 34.431558292675909 ], [ 131.229476922908333, 34.431817532156238 ], [ 131.230217932843573, 34.431904343679392 ], [ 131.229727419652846, 34.431110914229151 ], [ 131.230770025677288, 34.432063658252723 ], [ 131.23212563946467, 34.432459844249124 ], [ 131.232455198520569, 34.431979204147055 ], [ 131.233141934239711, 34.431963599156248 ], [ 131.233246561893793, 34.431651682986853 ], [ 131.233460556026529, 34.431586546317526 ], [ 131.232061187927428, 34.430091877684582 ], [ 131.231519466744061, 34.428874630855724 ], [ 131.231225404648171, 34.426388715588814 ], [ 131.230867378066989, 34.425674911101083 ], [ 131.230306373666679, 34.425053647005036 ], [ 131.226684721113685, 34.419389168356567 ], [ 131.225313334313313, 34.418243983818542 ], [ 131.224276720521772, 34.417494928197478 ], [ 131.22215368952476, 34.416915947925574 ], [ 131.222157744317286, 34.417326167891545 ], [ 131.223084863276426, 34.417304449590802 ], [ 131.223675742507879, 34.417769764389497 ], [ 131.223747553513675, 34.417966819691244 ], [ 131.223522314178183, 34.418452745378808 ], [ 131.22359311244648, 34.419027582494216 ], [ 131.223846753542688, 34.419206319607085 ], [ 131.224855842911069, 34.419341996557129 ], [ 131.224800201220404, 34.41974105057691 ], [ 131.22511930768357, 34.419902962528596 ], [ 131.225180963777746, 34.420134308394985 ], [ 131.224924860665567, 34.420749872950189 ], [ 131.226069753092332, 34.421487076707159 ], [ 131.225700356712082, 34.422026974076715 ], [ 131.224698470976591, 34.422215764077592 ], [ 131.224410578302695, 34.422762624721983 ], [ 131.224573507806014, 34.423073069772961 ], [ 131.225235210765305, 34.423441445606471 ], [ 131.22533948303024, 34.424131904892512 ], [ 131.226381436992284, 34.424646596400031 ], [ 131.227016181541643, 34.425374514779925 ], [ 131.227297913014525, 34.426644146543261 ], [ 131.22795981520062, 34.427483970590373 ], [ 131.227945342606802, 34.427804881402714 ], [ 131.227302891428849, 34.428240705388788 ], [ 131.227048361767345, 34.428237060473876 ], [ 131.225632323774363, 34.427219159685372 ], [ 131.225152636794377, 34.427208285626854 ], [ 131.225384760996661, 34.426595212099961 ], [ 131.225197887983882, 34.426569405128475 ], [ 131.224965816562872, 34.427374472026671 ], [ 131.2244591538701, 34.427343525637269 ], [ 131.224312788775933, 34.42652652995492 ], [ 131.223660474563445, 34.425616329310685 ], [ 131.224168013456932, 34.425174977578436 ], [ 131.22368332583406, 34.425519169746927 ], [ 131.222810093033303, 34.425095063197695 ], [ 131.222650152558259, 34.424708009765602 ], [ 131.222755190874352, 34.42465656129815 ], [ 131.222643967739117, 34.424683593019651 ], [ 131.222281491595794, 34.424024521625256 ], [ 131.219854768470526, 34.422539815200679 ], [ 131.218212372763105, 34.420684479830257 ], [ 131.216784955586263, 34.419732164420317 ], [ 131.215931591646324, 34.41939295847898 ], [ 131.214842064467604, 34.419443082085536 ], [ 131.214376011369524, 34.419290703277937 ], [ 131.214009723856265, 34.418876672716877 ], [ 131.214147230763274, 34.418456706902361 ], [ 131.21407860871534, 34.417882017399897 ], [ 131.21302602130649, 34.417463621065615 ], [ 131.212246537895481, 34.416937332942602 ], [ 131.211845561904511, 34.416039020641065 ], [ 131.211929411022368, 34.415262535732857 ], [ 131.212230872428023, 34.414863713081559 ], [ 131.213300248365499, 34.41486304294839 ], [ 131.213197537713938, 34.414034675004309 ], [ 131.213624738531792, 34.413968561003642 ], [ 131.213386682421145, 34.413279718003999 ], [ 131.213952608635935, 34.413157918048121 ], [ 131.21389972551944, 34.412934802205321 ], [ 131.212851664227401, 34.412976210749001 ], [ 131.211711539480888, 34.41260768536177 ], [ 131.21098791877958, 34.412629074450329 ], [ 131.210402475967356, 34.412838043018922 ], [ 131.209748887743899, 34.412245248801774 ], [ 131.210358394086342, 34.412888267311466 ], [ 131.209649364823974, 34.41372648739825 ], [ 131.207994815132878, 34.412679453935013 ], [ 131.207647600724101, 34.411833809975882 ], [ 131.208447440803866, 34.411521869934653 ], [ 131.207638445376489, 34.411779646965826 ], [ 131.207299945647378, 34.410752076661041 ], [ 131.20796736212904, 34.410120748689749 ], [ 131.208601334226415, 34.410328556380648 ], [ 131.208532871712464, 34.410422680339245 ], [ 131.20881832351597, 34.411333624286321 ], [ 131.208975567527574, 34.41157023747013 ], [ 131.209987634066437, 34.411913553341513 ], [ 131.209012952430811, 34.411533483776033 ], [ 131.208592569780336, 34.410433994233991 ], [ 131.208755511147928, 34.410259472655646 ], [ 131.208717609970449, 34.409960828297876 ], [ 131.209002477263851, 34.409683584843343 ], [ 131.209248781920763, 34.408874138191386 ], [ 131.210335835600517, 34.408358765942474 ], [ 131.210590334107394, 34.408075932904694 ], [ 131.210727159241401, 34.40752157957283 ], [ 131.210983304765335, 34.407377650832196 ], [ 131.211169314309387, 34.40680213018787 ], [ 131.211344137405121, 34.406642914607637 ], [ 131.211546817158961, 34.406702254729311 ], [ 131.21144343229335, 34.405748504070772 ], [ 131.211843236446498, 34.405120566251504 ], [ 131.212181079609081, 34.404965443809232 ], [ 131.213407028394329, 34.405056169276762 ], [ 131.213246405620225, 34.404352712643529 ], [ 131.212986176581978, 34.403988236555172 ], [ 131.213110266065513, 34.403693536266566 ], [ 131.21350425896307, 34.403381929110452 ], [ 131.213806789445556, 34.403462754811805 ], [ 131.214130549238433, 34.403304843011028 ], [ 131.214440172036518, 34.403629977624881 ], [ 131.214346484841258, 34.403446265861938 ], [ 131.214665116551203, 34.403546090039271 ], [ 131.215051346690956, 34.403251604276051 ], [ 131.214972870616265, 34.40288040083351 ], [ 131.21431020898396, 34.402328145848429 ], [ 131.21420783086603, 34.401959433348146 ], [ 131.214299901860642, 34.401700556320009 ], [ 131.214736754831364, 34.401542688438866 ], [ 131.214649858663336, 34.401052398170741 ], [ 131.214958545497097, 34.400979167194066 ], [ 131.214751761071113, 34.400698097291674 ], [ 131.214106191743184, 34.40075348557648 ], [ 131.213607829768421, 34.40038618815084 ], [ 131.213572645753146, 34.401090890342608 ], [ 131.213307971214107, 34.401411520396877 ], [ 131.212906892926867, 34.40158417109788 ], [ 131.212531181408991, 34.401528129831114 ], [ 131.212131209803175, 34.401887418523998 ], [ 131.211750354495365, 34.40199979585168 ], [ 131.210574749479122, 34.401984246308849 ], [ 131.209945299615072, 34.401764796547091 ], [ 131.209708231464191, 34.40147349433439 ], [ 131.208888249585073, 34.401272435574107 ], [ 131.20833378975712, 34.400774976001223 ], [ 131.207583207656029, 34.401075608758234 ], [ 131.206850443891568, 34.400857187814779 ], [ 131.206692903329866, 34.399317965444062 ], [ 131.206274094664508, 34.398566466183489 ], [ 131.205782578418905, 34.398274144228772 ], [ 131.205181544564113, 34.398620160009713 ], [ 131.204579300870648, 34.398403589324786 ], [ 131.204608531405228, 34.398032383724853 ], [ 131.204338627797085, 34.397761654219906 ], [ 131.203916919353105, 34.397933285492371 ], [ 131.203350845987643, 34.397882777808704 ], [ 131.203373427621131, 34.397995639674008 ], [ 131.202643435466229, 34.398398242043989 ], [ 131.202455836468459, 34.399108087643199 ], [ 131.202108291352801, 34.3992504361903 ], [ 131.199013250267967, 34.398470634998887 ], [ 131.199556500113033, 34.397573440678414 ], [ 131.200261765783011, 34.397622246032114 ], [ 131.199727861459763, 34.397523379521168 ], [ 131.200439937157682, 34.396314813374296 ], [ 131.201265009112859, 34.396443861417616 ], [ 131.201245255424396, 34.396839512088441 ], [ 131.200893235662164, 34.397379316456814 ], [ 131.200461190865894, 34.397592266475186 ], [ 131.200942017195644, 34.397393223048539 ], [ 131.201280810733806, 34.396873034246838 ], [ 131.201638408954551, 34.396890358499881 ], [ 131.201497429516905, 34.396855020727202 ], [ 131.201558911429117, 34.396044174073275 ], [ 131.200502064133588, 34.395833011081557 ], [ 131.200593918920873, 34.394273188873761 ], [ 131.201186421684469, 34.394291383525797 ], [ 131.201150378200907, 34.395061864341137 ], [ 131.201260947368496, 34.394246050823057 ], [ 131.201838755400644, 34.394308214976988 ], [ 131.201882246113144, 34.394501529829945 ], [ 131.201905667155415, 34.393978856685081 ], [ 131.202117459717556, 34.394003061966536 ], [ 131.20210088421797, 34.394403244759175 ], [ 131.202530983463362, 34.394454381040674 ], [ 131.202508214741641, 34.395868535904654 ], [ 131.202293641560203, 34.396841428074879 ], [ 131.20243939677124, 34.396275490697768 ], [ 131.203831378647862, 34.396470393324854 ], [ 131.203364873878655, 34.396280938767802 ], [ 131.20339935895052, 34.395926112541829 ], [ 131.20425058578553, 34.395952663558596 ], [ 131.204135089592029, 34.396452074304896 ], [ 131.204286738541839, 34.396312551621499 ], [ 131.204437255966809, 34.393519161916764 ], [ 131.204557359536551, 34.393477707513298 ], [ 131.202379853192355, 34.393216334850919 ], [ 131.20234099137042, 34.393759593183809 ], [ 131.20191105547039, 34.393886921232372 ], [ 131.201915313672799, 34.393708489056962 ], [ 131.200167582078109, 34.393364076946774 ], [ 131.200105263279823, 34.392510571547334 ], [ 131.20063688748894, 34.392620240558806 ], [ 131.200641836223781, 34.392757304158685 ], [ 131.201258592101937, 34.393219218892504 ], [ 131.201303591550669, 34.393183514488939 ], [ 131.201170924702154, 34.393087813131913 ], [ 131.202122545939858, 34.39005372367582 ], [ 131.203064140064527, 34.390261212632531 ], [ 131.203028679003353, 34.390884811946542 ], [ 131.203222174977128, 34.390891744263264 ], [ 131.20316402734457, 34.391979370937882 ], [ 131.203259899934096, 34.392154109935305 ], [ 131.204466872946, 34.392453877698173 ], [ 131.204815625892053, 34.392483662256872 ], [ 131.203309071479651, 34.392133763534154 ], [ 131.203309277407016, 34.390313680964049 ], [ 131.204658889709606, 34.390595640117823 ], [ 131.20468356278181, 34.391480182583955 ], [ 131.204755025391393, 34.390082554155363 ], [ 131.205113266657008, 34.389472365424531 ], [ 131.204723924170992, 34.390044448704401 ], [ 131.203583773629163, 34.389800195872155 ], [ 131.204037261821668, 34.389040212288876 ], [ 131.203986560107296, 34.389023623829644 ], [ 131.203537059645839, 34.389798983681921 ], [ 131.201864156894601, 34.389447752589405 ], [ 131.202085993760534, 34.38869225868315 ], [ 131.202294433598894, 34.388629812577619 ], [ 131.203250190325718, 34.388824819859664 ], [ 131.203214985256977, 34.389049912211597 ], [ 131.203935754872077, 34.387746752139719 ], [ 131.205057716250906, 34.388146731975439 ], [ 131.202500004255569, 34.387107086770357 ], [ 131.203900658838478, 34.385397127357876 ], [ 131.207917576630422, 34.382158977612441 ], [ 131.208896239798861, 34.380628779811765 ], [ 131.209063806934523, 34.380050469058354 ], [ 131.20906149273938, 34.379008254443129 ], [ 131.208170381763665, 34.378583906093645 ], [ 131.207930150525669, 34.378226356374519 ], [ 131.207712141123437, 34.378051098079005 ], [ 131.207073164396121, 34.377925355862281 ], [ 131.207899477609942, 34.378264146318294 ], [ 131.208260666629826, 34.378913092493107 ], [ 131.207945912784538, 34.379242620235175 ], [ 131.206800661104552, 34.378980223105977 ], [ 131.206410044799924, 34.37919801636091 ], [ 131.206518061078754, 34.378970818494807 ], [ 131.206356346304091, 34.378760373595497 ], [ 131.206527458562817, 34.378341542840936 ], [ 131.206154727446574, 34.377991104057699 ], [ 131.205886028740821, 34.377243390018812 ], [ 131.20629117528722, 34.3765208386152 ], [ 131.206114510806771, 34.376474372530531 ], [ 131.206182252390704, 34.376255860241919 ], [ 131.205644983544317, 34.375699019182505 ], [ 131.205313352961724, 34.375788394828497 ], [ 131.205132903687769, 34.37493136122535 ], [ 131.204678690942387, 34.374532940237927 ], [ 131.205104324821036, 34.374868028758598 ], [ 131.206123882658687, 34.373758140855692 ], [ 131.205923387343233, 34.373508641944781 ], [ 131.206139199744086, 34.373748399565606 ], [ 131.206601290597206, 34.373459030314088 ], [ 131.207152375207329, 34.374329682388513 ], [ 131.207313029228231, 34.374260650719371 ], [ 131.206715146848637, 34.373396816884892 ], [ 131.207642272100372, 34.372849647741823 ], [ 131.208718625467469, 34.372666932661872 ], [ 131.208271792526318, 34.37118405722174 ], [ 131.207836616252791, 34.370621690082118 ], [ 131.20701894496068, 34.370001383445945 ], [ 131.206584979649534, 34.369141788649593 ], [ 131.205487215004496, 34.368787479139236 ], [ 131.204622501606792, 34.367761931604214 ], [ 131.20378898211851, 34.367520127143969 ], [ 131.203539001847872, 34.367262203870773 ], [ 131.203242444736986, 34.366652170637266 ], [ 131.2032398459815, 34.36624997426253 ], [ 131.202955153370766, 34.365827526723315 ], [ 131.201765935451988, 34.365380061149928 ], [ 131.201725567082377, 34.364164062375977 ], [ 131.19932693736601, 34.36640335667586 ], [ 131.197999457829241, 34.368544725788915 ], [ 131.197881113825702, 34.369414764632381 ], [ 131.198028732527774, 34.37093825410998 ], [ 131.199298942863265, 34.37649228513245 ], [ 131.1963234260229, 34.37703962671867 ], [ 131.196264037500157, 34.378943747441937 ], [ 131.196410368792357, 34.379593845664147 ], [ 131.196040866967707, 34.379966590086035 ], [ 131.196893489412815, 34.380666372935323 ], [ 131.195072525950678, 34.382559452930487 ], [ 131.194353452551724, 34.382768697824446 ], [ 131.194522717123846, 34.382955975844965 ], [ 131.194299309099534, 34.384025858933384 ], [ 131.195147034939083, 34.383719175004536 ], [ 131.197797578318273, 34.38359241538042 ], [ 131.197945502913598, 34.383818821295861 ], [ 131.197886422593058, 34.384175571751946 ], [ 131.198072095168044, 34.384333396881459 ], [ 131.19779447319317, 34.388759208319286 ], [ 131.194077058908078, 34.387914884423886 ], [ 131.194548397764777, 34.388631675578026 ], [ 131.194637236498977, 34.389127293274214 ], [ 131.194424063488498, 34.389420272975229 ], [ 131.194015074485691, 34.389608255032513 ], [ 131.19464014676754, 34.389627640358313 ], [ 131.19459693039974, 34.389885121754823 ], [ 131.195305040764964, 34.391939814376073 ], [ 131.195311773289973, 34.392204001945835 ], [ 131.194953460593126, 34.392155183974317 ], [ 131.194870309334021, 34.392292452382776 ], [ 131.195337516257098, 34.392234856213314 ], [ 131.195964533018639, 34.393969774300345 ], [ 131.195585922528011, 34.394076754675964 ], [ 131.196423175319126, 34.393901289106111 ], [ 131.197226937115431, 34.396719328945686 ], [ 131.197900198651837, 34.397376541013685 ], [ 131.198585927729965, 34.397616345405424 ], [ 131.199398326204488, 34.397614589228169 ], [ 131.198868408183472, 34.398490198129934 ], [ 131.197504895601014, 34.398462381618906 ], [ 131.196472656716452, 34.397995298205537 ], [ 131.196086870717181, 34.398064361118841 ], [ 131.195998560966899, 34.39836833600404 ], [ 131.196602061946038, 34.398944714243321 ], [ 131.197290992091411, 34.399091729206738 ], [ 131.197759396950829, 34.400251166529145 ], [ 131.198585731809686, 34.400937325318388 ], [ 131.1986451026211, 34.401352476242614 ], [ 131.19847165576212, 34.401958763929429 ], [ 131.198378238753492, 34.402042682298116 ], [ 131.198143877776403, 34.401807432223677 ], [ 131.197801463497825, 34.402070666925574 ], [ 131.198040356062535, 34.402296092918469 ], [ 131.197502578316943, 34.402619056715757 ], [ 131.196476362643466, 34.40267051663546 ], [ 131.195103503746537, 34.40174814944077 ], [ 131.194994895855558, 34.401639109778387 ], [ 131.195111089371977, 34.401466918556714 ], [ 131.19567524483557, 34.40121446823413 ], [ 131.196384141680255, 34.401238114870324 ], [ 131.19649207926139, 34.400934295295563 ], [ 131.196201528102534, 34.400665210518689 ], [ 131.195702421448431, 34.40064956495663 ], [ 131.193567314664733, 34.399913125044876 ], [ 131.195643869306281, 34.40053993604127 ], [ 131.19599740818407, 34.399880146019221 ], [ 131.19549300590009, 34.399668806548945 ], [ 131.195605247134694, 34.399463341181686 ], [ 131.195193766247883, 34.399306826153641 ], [ 131.195552734626801, 34.399485462049384 ], [ 131.195451839851671, 34.39965763473564 ], [ 131.194944054375412, 34.399452604196476 ], [ 131.195048580359241, 34.399164957873417 ], [ 131.194882336416299, 34.399433239758551 ], [ 131.193055637471815, 34.398827276678404 ], [ 131.192622208047425, 34.399157380818046 ], [ 131.192127042125207, 34.39890553404846 ], [ 131.191377348378893, 34.398840971111099 ], [ 131.190776101969078, 34.399104938232227 ], [ 131.189869471942245, 34.399157153457423 ], [ 131.189097854495145, 34.398924782303204 ], [ 131.188809061294705, 34.398595125390067 ], [ 131.188516311885422, 34.398612648483002 ], [ 131.187996228702133, 34.400310471623158 ], [ 131.187021994184789, 34.401873099402238 ], [ 131.186524258533694, 34.402212668825236 ], [ 131.186293246447377, 34.402064750921333 ], [ 131.186501192041248, 34.402325169899385 ], [ 131.186257142029802, 34.402733392610223 ], [ 131.186323008730824, 34.402397553143295 ], [ 131.185859857513435, 34.402198336155195 ], [ 131.186014089949225, 34.401564868513177 ], [ 131.18556655231933, 34.402443895805874 ], [ 131.185381655735569, 34.402632571269073 ], [ 131.185236290855585, 34.402507029966046 ], [ 131.185351920381493, 34.402661208760421 ], [ 131.185236105605327, 34.402799025661935 ], [ 131.1848919576897, 34.40284230235676 ], [ 131.185007669938159, 34.402990162573495 ], [ 131.184853275162538, 34.403171899608317 ], [ 131.184679971661865, 34.403299398120367 ], [ 131.184544187184599, 34.4031901247861 ], [ 131.184651446853593, 34.403319029653872 ], [ 131.184279609076469, 34.403587479096707 ], [ 131.184140218153772, 34.403503394485021 ], [ 131.18424133386327, 34.403605201663517 ], [ 131.184040395685031, 34.40376303951188 ], [ 131.183840194000766, 34.40386510327312 ], [ 131.183702497389362, 34.403730604734058 ], [ 131.183809511123115, 34.403880209815085 ], [ 131.183703247087806, 34.403949644939011 ], [ 131.183339761147636, 34.404055889227884 ], [ 131.183252164494689, 34.403924469560422 ], [ 131.183299563325022, 34.404056411403872 ], [ 131.182873889129041, 34.404277517473794 ], [ 131.182775343383781, 34.404145024029539 ], [ 131.182842092104494, 34.404293460495978 ], [ 131.18261336178071, 34.404415153686827 ], [ 131.182408025972592, 34.404490974152189 ], [ 131.182273570779216, 34.404362839285703 ], [ 131.182368803242582, 34.40449516614909 ], [ 131.182063192023918, 34.404680189750877 ], [ 131.181780450652639, 34.404581568223854 ], [ 131.181890617767834, 34.404737397955138 ], [ 131.181683487239951, 34.404871939696619 ], [ 131.181441272695878, 34.404940277888542 ], [ 131.181337512372039, 34.404788865947538 ], [ 131.181290428616506, 34.404999491277891 ], [ 131.180838581815749, 34.405132907118841 ], [ 131.180753070402176, 34.405005023501474 ], [ 131.180806954046318, 34.40514166721227 ], [ 131.180309737326752, 34.405339508796544 ], [ 131.180215843571204, 34.405180146643104 ], [ 131.180272691740186, 34.405346394483026 ], [ 131.179978561274908, 34.405472062129775 ], [ 131.179787800078174, 34.405507569959852 ], [ 131.179697127150064, 34.405356261739477 ], [ 131.17974859940108, 34.405517113290429 ], [ 131.179176488938879, 34.405695471691686 ], [ 131.179084923377133, 34.405533451814208 ], [ 131.179141557421616, 34.405710543250926 ], [ 131.178618298755168, 34.405903801957933 ], [ 131.178524452305908, 34.405740776741538 ], [ 131.17858209290489, 34.405926046774781 ], [ 131.178123610147225, 34.406160251137628 ], [ 131.177995936491243, 34.406012305717908 ], [ 131.178025131785091, 34.40621002382899 ], [ 131.177494435535465, 34.406385045681603 ], [ 131.177418931472687, 34.406237521397543 ], [ 131.177462730835401, 34.406400142814732 ], [ 131.17683819423965, 34.406598772437448 ], [ 131.176762617320435, 34.406464768934072 ], [ 131.176807636123442, 34.406610357239821 ], [ 131.176571445397371, 34.406714792897191 ], [ 131.176299037203393, 34.406755831575495 ], [ 131.176206595774374, 34.406574786455487 ], [ 131.176248840672486, 34.406768102979349 ], [ 131.175993596760861, 34.406830830997805 ], [ 131.17570953617718, 34.406843883771209 ], [ 131.175655681181382, 34.406712732405325 ], [ 131.175662951787217, 34.40683097079183 ], [ 131.175131175262578, 34.406916811341695 ], [ 131.174944400207863, 34.406794442011098 ], [ 131.174993176811739, 34.406902170791994 ], [ 131.174489523629063, 34.406995419558044 ], [ 131.172816753796354, 34.408365620556026 ], [ 131.173055149233647, 34.4100912201406 ], [ 131.172879206933914, 34.410531517360319 ], [ 131.172503153740678, 34.410766146497338 ], [ 131.172618711724567, 34.410849427078617 ], [ 131.172519841127809, 34.411382012596697 ], [ 131.172782533970974, 34.411525038086907 ], [ 131.173159965273584, 34.41226098338737 ], [ 131.173235443409226, 34.412869254341054 ], [ 131.173109734549655, 34.413014161166288 ], [ 131.173290052936807, 34.413768365850792 ], [ 131.172885380007216, 34.414139194612886 ], [ 131.173199885227177, 34.414033571544493 ], [ 131.173257987765567, 34.414638038418865 ], [ 131.173106433342952, 34.415034446049013 ], [ 131.172749121643619, 34.415080138846086 ], [ 131.172944200775817, 34.415320617576839 ], [ 131.172735003411958, 34.41590488245928 ], [ 131.173174100282949, 34.416760353522271 ], [ 131.173281012744468, 34.417377048755426 ], [ 131.173220862309165, 34.417769550414825 ], [ 131.172795717899362, 34.418395303269726 ], [ 131.172353648504895, 34.420543603707735 ], [ 131.172444911008824, 34.421379088423947 ], [ 131.172306534518611, 34.422869120979648 ], [ 131.171810141041078, 34.423268938591029 ], [ 131.171816811297589, 34.423804546528608 ], [ 131.171523471214016, 34.424051910309444 ], [ 131.171656174531847, 34.424509096061321 ], [ 131.171564118090856, 34.424933889084919 ], [ 131.170965815384534, 34.425849410429919 ], [ 131.170459846971397, 34.42585698652023 ], [ 131.170492655120199, 34.426122352980329 ], [ 131.169974865417998, 34.426388591362112 ], [ 131.169701758468221, 34.426304387239028 ], [ 131.16972519961169, 34.426528123510749 ], [ 131.169470845657855, 34.426417870933967 ], [ 131.169521359852212, 34.426838328894519 ], [ 131.168907672239044, 34.426754869808768 ], [ 131.16929814725799, 34.427219651431727 ], [ 131.168882843753494, 34.427285711238426 ], [ 131.168544686594799, 34.426996303261333 ], [ 131.168244883001847, 34.427048794007789 ], [ 131.168259354776694, 34.427476282721443 ], [ 131.16853055919222, 34.427821067219263 ], [ 131.168380229041389, 34.427926190917518 ], [ 131.168609024867834, 34.428170619073427 ], [ 131.168374922206908, 34.428101096895418 ], [ 131.16847349153511, 34.4284110896361 ], [ 131.168079640646113, 34.428595362792528 ], [ 131.1676915034665, 34.42857050339228 ], [ 131.167712610145287, 34.428904234180401 ], [ 131.167240529985861, 34.428526253785137 ], [ 131.166744766236945, 34.428681799237168 ], [ 131.166825436728118, 34.429674118099818 ], [ 131.166925565106311, 34.429759734271144 ], [ 131.166967791796992, 34.429596822131181 ], [ 131.167302225809038, 34.430385697079856 ], [ 131.167797049353481, 34.430581730851166 ], [ 131.167582437649685, 34.43078831148614 ], [ 131.167723404973202, 34.431106822268362 ], [ 131.167602130704637, 34.43124105856365 ], [ 131.167193873070147, 34.430984315620478 ], [ 131.166815583776781, 34.43123097137476 ], [ 131.16728054024685, 34.432209244848686 ], [ 131.167370932598146, 34.431562727375358 ] ] ] } },
{ "type": "Feature", "properties": { "CITY_NAME": "長門市", "S_NAME": "東深川", "JINKO": 7223, "medical_area": "35_長門医療圏", "町丁目名": "長門市東深川" }, "geometry": { "type": "Polygon", "coordinates": [ [ [ 131.197886422593058, 34.384175571751946 ], [ 131.197945502913598, 34.383818821295861 ], [ 131.197797578318273, 34.38359241538042 ], [ 131.195147034939083, 34.383719175004536 ], [ 131.194299309099534, 34.384025858933384 ], [ 131.194522717123846, 34.382955975844965 ], [ 131.194353452551724, 34.382768697824446 ], [ 131.195072525950678, 34.382559452930487 ], [ 131.196893489412815, 34.380666372935323 ], [ 131.196040866967707, 34.379966590086035 ], [ 131.196410368792357, 34.379593845664147 ], [ 131.196264037500157, 34.378943747441937 ], [ 131.1963234260229, 34.37703962671867 ], [ 131.199298942863265, 34.37649228513245 ], [ 131.198028732527774, 34.37093825410998 ], [ 131.197881113825702, 34.369414764632381 ], [ 131.197999457829241, 34.368544725788915 ], [ 131.19932693736601, 34.36640335667586 ], [ 131.201725567082377, 34.364164062375977 ], [ 131.201555481724341, 34.363850702206491 ], [ 131.202156161164652, 34.362976850568309 ], [ 131.201567085952803, 34.362015441032888 ], [ 131.201719816293235, 34.361415566463798 ], [ 131.201651575756216, 34.361005667433218 ], [ 131.202443091846078, 34.359679720723527 ], [ 131.203061647009406, 34.359390458439748 ], [ 131.203360178337562, 34.358606342360268 ], [ 131.203246052720885, 34.358146357064044 ], [ 131.203431706132108, 34.357739584135345 ], [ 131.204461352135809, 34.356949379408825 ], [ 131.204720727141847, 34.356423021768663 ], [ 131.20479276528846, 34.3555325986692 ], [ 131.203996220495526, 34.353684778205661 ], [ 131.201465289576873, 34.355022827723452 ], [ 131.200516975386336, 34.355033383078229 ], [ 131.199688708950532, 34.354678763432823 ], [ 131.199088350572396, 34.354644019383556 ], [ 131.197925640185275, 34.354739775255524 ], [ 131.195689474344505, 34.355334438439996 ], [ 131.195053492590688, 34.35525135998612 ], [ 131.192725019010453, 34.354137368220499 ], [ 131.191030198627544, 34.354238000129172 ], [ 131.1873743309514, 34.355238315934066 ], [ 131.18579670184269, 34.355213733596713 ], [ 131.184186413828911, 34.358301173563419 ], [ 131.183714150651241, 34.357835206095167 ], [ 131.181911944638728, 34.356905401242756 ], [ 131.18122982139937, 34.355819339387367 ], [ 131.180997918474048, 34.355071591601039 ], [ 131.180491896854534, 34.354713529249729 ], [ 131.178763954488772, 34.357016582307523 ], [ 131.178673782656091, 34.357758639181021 ], [ 131.179137833522532, 34.359996925541793 ], [ 131.178992124122118, 34.361157186750603 ], [ 131.178163828715384, 34.363385328363158 ], [ 131.177155938783557, 34.364632860382834 ], [ 131.174339260148258, 34.366037605046813 ], [ 131.173980603248623, 34.366351926667726 ], [ 131.173447893085239, 34.367163637553396 ], [ 131.17325502070895, 34.367880621651217 ], [ 131.173185622010578, 34.368879631726806 ], [ 131.173526330555688, 34.37033667585348 ], [ 131.17410569329661, 34.371164579806312 ], [ 131.174391996350522, 34.370994341069796 ], [ 131.174480852136185, 34.37110873723276 ], [ 131.175320807512065, 34.372989729357727 ], [ 131.175926956136919, 34.375158297355881 ], [ 131.175893765701858, 34.375300441816847 ], [ 131.175511280604439, 34.375190998779381 ], [ 131.175501264654457, 34.375485744579564 ], [ 131.176191193597504, 34.376082666231504 ], [ 131.176537367249267, 34.377428737340665 ], [ 131.176926380705623, 34.377446385873689 ], [ 131.177585744247921, 34.377777101102716 ], [ 131.177736493160864, 34.378551784677342 ], [ 131.178685689895786, 34.380494121470662 ], [ 131.17897389896217, 34.380770413373462 ], [ 131.17909106343302, 34.380696562028987 ], [ 131.17882114941267, 34.380533104353873 ], [ 131.177821315502484, 34.378641772048375 ], [ 131.177580607838166, 34.376741290188441 ], [ 131.177244501138006, 34.376284998261823 ], [ 131.177097379079612, 34.376313674121221 ], [ 131.177207276181093, 34.376127916238794 ], [ 131.17708792972229, 34.375731127664892 ], [ 131.177309091141353, 34.375329901314231 ], [ 131.177982386914778, 34.375399424822675 ], [ 131.178072327576672, 34.376534241378451 ], [ 131.17846402470289, 34.376511198558646 ], [ 131.178422925091866, 34.375845570240145 ], [ 131.179123308321863, 34.375829660502205 ], [ 131.179275722299849, 34.375625227598526 ], [ 131.179229309139231, 34.376704993244516 ], [ 131.178110547045918, 34.377162941065315 ], [ 131.178155369310275, 34.377699710076293 ], [ 131.181244611414797, 34.377590188613709 ], [ 131.181317546304513, 34.378705417431782 ], [ 131.179268868153144, 34.378803026726345 ], [ 131.1786105945869, 34.379115079240329 ], [ 131.178669384445755, 34.379201194678807 ], [ 131.179320002380223, 34.378890065729813 ], [ 131.183160661238475, 34.378684705148963 ], [ 131.185150178838398, 34.38066408474117 ], [ 131.188062865870307, 34.380596400509511 ], [ 131.190742933942261, 34.383052684410451 ], [ 131.194077058908078, 34.387914884423886 ], [ 131.19779447319317, 34.388759208319286 ], [ 131.198072095168044, 34.384333396881459 ], [ 131.197886422593058, 34.384175571751946 ] ] ] } },
{ "type": "Feature", "properties": { "CITY_NAME": "長門市", "S_NAME": "西深川", "JINKO": 3183, "medical_area": "35_長門医療圏", "町丁目名": "長門市西深川" }, "geometry": { "type": "Polygon", "coordinates": [ [ [ 131.143420935653381, 34.381946467530192 ], [ 131.143225115318529, 34.381870875865992 ], [ 131.14334191479827, 34.380670176752226 ], [ 131.144022129906318, 34.380344997217755 ], [ 131.143775775322041, 34.38012924818392 ], [ 131.144201124546186, 34.380295081962238 ], [ 131.144806692797744, 34.38020549416246 ], [ 131.143783289320226, 34.380049161227667 ], [ 131.143223277781175, 34.379787539123043 ], [ 131.143081500312945, 34.379641124293421 ], [ 131.144122049428489, 34.380091581265347 ], [ 131.144817245356023, 34.380147970208476 ], [ 131.144955146948888, 34.380250121506677 ], [ 131.144885285847408, 34.380364900594209 ], [ 131.145460552511707, 34.380714116894069 ], [ 131.146231761900424, 34.380779162916113 ], [ 131.14679625819636, 34.380497089110804 ], [ 131.14715137433322, 34.380620067668701 ], [ 131.147278377020911, 34.380997927586947 ], [ 131.147575638571368, 34.380693898308174 ], [ 131.148208957612212, 34.380655938006562 ], [ 131.148620234869242, 34.379999438556055 ], [ 131.148835252863165, 34.37912761959916 ], [ 131.149797164337059, 34.378433446521356 ], [ 131.150262654889701, 34.378427321225878 ], [ 131.150482506583529, 34.37858789923655 ], [ 131.150496754611368, 34.378308552088178 ], [ 131.151282790467064, 34.37759472986658 ], [ 131.151374943121738, 34.377349412765881 ], [ 131.151144916882117, 34.376406271686193 ], [ 131.151219803940648, 34.376240115502881 ], [ 131.151602141446773, 34.376267661394884 ], [ 131.151308774267932, 34.37580094670399 ], [ 131.151348353093312, 34.375583083871526 ], [ 131.15200598147905, 34.374970169459502 ], [ 131.152525104890998, 34.374205522691071 ], [ 131.152908196599043, 34.374085167037173 ], [ 131.152868312055858, 34.373962146919531 ], [ 131.153031530076419, 34.374042946771979 ], [ 131.153126729294939, 34.373452262948412 ], [ 131.153962034082923, 34.372972374987086 ], [ 131.155596338045029, 34.372508110487644 ], [ 131.15716168774361, 34.372253276800237 ], [ 131.159204439248469, 34.372355781692249 ], [ 131.161613952622844, 34.37224856912038 ], [ 131.161732925986257, 34.371845696847807 ], [ 131.161719115934062, 34.372276479659 ], [ 131.163357640613896, 34.371997798786545 ], [ 131.166088377521305, 34.372214019684101 ], [ 131.167979308865625, 34.372566717405924 ], [ 131.170602358285208, 34.373429231237104 ], [ 131.170811116620314, 34.373245273836737 ], [ 131.170649007435429, 34.373442288283577 ], [ 131.174474400654191, 34.375066398774898 ], [ 131.174760542047267, 34.375321142180027 ], [ 131.174951740029371, 34.374969260913645 ], [ 131.175295425140035, 34.375328990463814 ], [ 131.175316487165446, 34.374832473902416 ], [ 131.174959592310387, 34.37421020908922 ], [ 131.174853477976058, 34.373160900652273 ], [ 131.174601360557887, 34.372413267507326 ], [ 131.174141539980837, 34.371488154219541 ], [ 131.174377721257457, 34.372016615338964 ], [ 131.173900017803788, 34.371405060207792 ], [ 131.17410569329661, 34.371164579806312 ], [ 131.173580551196636, 34.3704636118485 ], [ 131.173389767939199, 34.369932416227584 ], [ 131.173161596184997, 34.368569817870444 ], [ 131.17325502070895, 34.367880621651217 ], [ 131.173447893085239, 34.367163637553396 ], [ 131.173980603248623, 34.366351926667726 ], [ 131.174339260148258, 34.366037605046813 ], [ 131.177155938783557, 34.364632860382834 ], [ 131.178163828715384, 34.363385328363158 ], [ 131.178992124122118, 34.361157186750603 ], [ 131.179137833522532, 34.359996925541793 ], [ 131.178673782656091, 34.357758639181021 ], [ 131.178763954488772, 34.357016582307523 ], [ 131.180491896854534, 34.354713529249729 ], [ 131.179057928920543, 34.353220512512706 ], [ 131.17882946953452, 34.352760158651208 ], [ 131.177161663085485, 34.352200027858373 ], [ 131.175438785333057, 34.352256695452382 ], [ 131.17541849764325, 34.352399790643581 ], [ 131.174786696437565, 34.352434410371856 ], [ 131.174593724743801, 34.351868969377108 ], [ 131.173658018645312, 34.351693209834636 ], [ 131.173826635596697, 34.352515109368106 ], [ 131.1735202012581, 34.35268335724291 ], [ 131.171845364708361, 34.352088859630243 ], [ 131.170258986052715, 34.352243459748969 ], [ 131.167961853350221, 34.350972629088247 ], [ 131.167494944037031, 34.350902758910401 ], [ 131.166962155173422, 34.351231133936466 ], [ 131.165124112990981, 34.349801021005042 ], [ 131.164154011455935, 34.348468418165041 ], [ 131.163375729980999, 34.347992557180774 ], [ 131.16251719699855, 34.346892156015123 ], [ 131.16138380461868, 34.346325196880635 ], [ 131.161192693507189, 34.345860757103331 ], [ 131.161186040523745, 34.345089198232451 ], [ 131.160910227959533, 34.344593212395424 ], [ 131.155655206653307, 34.346238465528444 ], [ 131.15225006735227, 34.346313832330374 ], [ 131.151887078840247, 34.346438726493808 ], [ 131.149730426569732, 34.347877759810778 ], [ 131.1469219844534, 34.348698716900579 ], [ 131.145058287660106, 34.349855695633913 ], [ 131.144931683345447, 34.350211720128279 ], [ 131.145032991164129, 34.351281699532322 ], [ 131.143235478353915, 34.352450328632557 ], [ 131.141581034264078, 34.352564377079247 ], [ 131.140522057755192, 34.352879477476023 ], [ 131.139763595316111, 34.353181737269779 ], [ 131.13959402435384, 34.353576977778978 ], [ 131.138383301684399, 34.353910647770455 ], [ 131.138286254989367, 34.354242685590414 ], [ 131.137656229431002, 34.354471074679125 ], [ 131.13578538848077, 34.354450955599013 ], [ 131.135267677349447, 34.354841142904768 ], [ 131.135044516633428, 34.355262406714388 ], [ 131.135021612700143, 34.355835374846116 ], [ 131.134465073675045, 34.356288194744621 ], [ 131.133788079600748, 34.356265716784279 ], [ 131.132820313733987, 34.356546727129519 ], [ 131.131723348873209, 34.356532659361349 ], [ 131.131457189458729, 34.357064831652586 ], [ 131.130011384718159, 34.357399382015245 ], [ 131.129808513201596, 34.358108301975989 ], [ 131.129371963214481, 34.358786082304562 ], [ 131.129286148222832, 34.35953346199878 ], [ 131.129280317042912, 34.360233910506246 ], [ 131.129809236659469, 34.361675591248854 ], [ 131.129623074962154, 34.362365345225946 ], [ 131.129616791646015, 34.363317353127627 ], [ 131.129333302878251, 34.363695828609217 ], [ 131.129293759217859, 34.364024116019841 ], [ 131.129528589039893, 34.364928306979692 ], [ 131.130267029097723, 34.366015939789115 ], [ 131.130093558740725, 34.366336329852629 ], [ 131.130126952152494, 34.366735523935716 ], [ 131.131418050880882, 34.368226750748761 ], [ 131.129785343402602, 34.368722954467394 ], [ 131.129613664896937, 34.370235721279947 ], [ 131.127902409553712, 34.372442645058854 ], [ 131.127851238415985, 34.373045220396776 ], [ 131.128167475490528, 34.373361740872156 ], [ 131.128332741313756, 34.37457029622859 ], [ 131.127768913653966, 34.374624376385363 ], [ 131.127410659600798, 34.375297019891157 ], [ 131.127701528755324, 34.375653047473044 ], [ 131.127971714214056, 34.377466491645031 ], [ 131.128703333750735, 34.376997887573047 ], [ 131.128952805099459, 34.376281353033534 ], [ 131.129781135600012, 34.376007946488194 ], [ 131.13002105310062, 34.375286820167631 ], [ 131.131577148496177, 34.374419241632808 ], [ 131.132019255088466, 34.374406367151821 ], [ 131.133241914213073, 34.37529821695712 ], [ 131.135084153723682, 34.375913999174422 ], [ 131.135402933844773, 34.376393218474711 ], [ 131.136306163231069, 34.37681398216003 ], [ 131.136844125326235, 34.377423791871173 ], [ 131.137748840772446, 34.377835545218069 ], [ 131.138611521230388, 34.377989587723683 ], [ 131.139952853651124, 34.380212241446074 ], [ 131.140697967867055, 34.380626153767722 ], [ 131.141257419951955, 34.381344733185472 ], [ 131.14190345509661, 34.381797248369217 ], [ 131.142726668384483, 34.381945295568414 ], [ 131.143321383496101, 34.382448645416133 ], [ 131.143531179978254, 34.382269256514178 ], [ 131.143420935653381, 34.381946467530192 ] ] ] } },
{ "type": "Feature", "properties": { "CITY_NAME": "長門市", "S_NAME": "深川湯本", "JINKO": 1643, "medical_area": "35_長門医療圏", "町丁目名": "長門市深川湯本" }, "geometry": { "type": "Polygon", "coordinates": [ [ [ 131.184186413828911, 34.358301173563419 ], [ 131.18579670184269, 34.355213733596713 ], [ 131.1873743309514, 34.355238315934066 ], [ 131.190377127788139, 34.354376768420302 ], [ 131.191848924860693, 34.354160412419191 ], [ 131.192725019010453, 34.354137368220499 ], [ 131.195053492590688, 34.35525135998612 ], [ 131.195689474344505, 34.355334438439996 ], [ 131.197925640185275, 34.354739775255524 ], [ 131.199088350572396, 34.354644019383556 ], [ 131.199688708950532, 34.354678763432823 ], [ 131.200516975386336, 34.355033383078229 ], [ 131.201465289576873, 34.355022827723452 ], [ 131.203703216802495, 34.353945053002143 ], [ 131.204067787479204, 34.353605467401714 ], [ 131.204187392608077, 34.35325480105778 ], [ 131.205431251493223, 34.352181854615772 ], [ 131.205313010856287, 34.350731957409295 ], [ 131.206315948250307, 34.349662454675325 ], [ 131.206409430076775, 34.348654991584652 ], [ 131.207056462551378, 34.348236601126303 ], [ 131.207724712352814, 34.346244161226622 ], [ 131.209480512031405, 34.3464483165655 ], [ 131.210277856512761, 34.346786145014349 ], [ 131.211512589090319, 34.346783825933692 ], [ 131.212880288198136, 34.345535982061072 ], [ 131.21308220868687, 34.344722497823376 ], [ 131.210393274851754, 34.341897937057098 ], [ 131.209315193641402, 34.341198884375778 ], [ 131.208187325084083, 34.340109112667918 ], [ 131.207424081915121, 34.338781869085025 ], [ 131.206978633150669, 34.335783244571353 ], [ 131.206412042534026, 34.334682757316919 ], [ 131.20453537876736, 34.332611301069925 ], [ 131.202767680150373, 34.332086915495502 ], [ 131.199565991846328, 34.331941520037113 ], [ 131.199923566303681, 34.331205371395825 ], [ 131.199959655081358, 34.330525003175303 ], [ 131.19971787009689, 34.329408299603472 ], [ 131.198877288590438, 34.327465346302212 ], [ 131.199298649426225, 34.322798228655031 ], [ 131.199293685612361, 34.32076807276249 ], [ 131.197899620999976, 34.320228945184738 ], [ 131.196552198051478, 34.319326483163138 ], [ 131.193717458627702, 34.316786790511848 ], [ 131.192104480551592, 34.314391824216287 ], [ 131.190672437933216, 34.312872479428719 ], [ 131.189775042614173, 34.312208197840043 ], [ 131.188547795337456, 34.31071975164874 ], [ 131.187677078173976, 34.308975934923403 ], [ 131.186807592833162, 34.304093219848497 ], [ 131.18711093742499, 34.301719255701805 ], [ 131.177424451775522, 34.295099156838845 ], [ 131.17430818549218, 34.292421907120278 ], [ 131.174200565695742, 34.29256753525695 ], [ 131.167617140498606, 34.29458635919466 ], [ 131.162596355199383, 34.295549893004114 ], [ 131.160644052761398, 34.296421507362801 ], [ 131.158317786296124, 34.297967291763612 ], [ 131.151753312958419, 34.310245495323144 ], [ 131.146380310538177, 34.319614487541727 ], [ 131.145033188222897, 34.321094402506063 ], [ 131.141448928209542, 34.326219216379151 ], [ 131.141807414328554, 34.326758061273303 ], [ 131.142007029369353, 34.328625587663339 ], [ 131.142955372588176, 34.329738309801002 ], [ 131.143443240257795, 34.331382862107404 ], [ 131.14509632480096, 34.332284109540645 ], [ 131.145437600545705, 34.333090713459782 ], [ 131.146224550307807, 34.334007806826897 ], [ 131.14594051946068, 34.334661706165178 ], [ 131.14551782289513, 34.334966944473948 ], [ 131.145953329643874, 34.336692743672003 ], [ 131.14572257829181, 34.337187779543022 ], [ 131.145941030543923, 34.337706144924631 ], [ 131.145494744593293, 34.338022739657845 ], [ 131.145504878250705, 34.33873347406962 ], [ 131.143986692628857, 34.339429469263628 ], [ 131.143753785838157, 34.340107041229302 ], [ 131.143278289228164, 34.340324359263782 ], [ 131.143461356109839, 34.341252060229721 ], [ 131.143403821209091, 34.341744736356439 ], [ 131.143720641840588, 34.342063903800124 ], [ 131.143601137446893, 34.342653115835432 ], [ 131.144788878255184, 34.3437210554602 ], [ 131.144501784912734, 34.344615667039214 ], [ 131.144929204053483, 34.346240548698297 ], [ 131.144672580140679, 34.347710120571172 ], [ 131.144773641218819, 34.348254546320099 ], [ 131.144453247360218, 34.349038015044655 ], [ 131.145058287660106, 34.349855695633913 ], [ 131.1469219844534, 34.348698716900579 ], [ 131.149730426569732, 34.347877759810778 ], [ 131.15225006735227, 34.346313832330374 ], [ 131.155655206653307, 34.346238465528444 ], [ 131.160910227959533, 34.344593212395424 ], [ 131.161186040523745, 34.345089198232451 ], [ 131.161192693507189, 34.345860757103331 ], [ 131.16138380461868, 34.346325196880635 ], [ 131.16251719699855, 34.346892156015123 ], [ 131.163375729980999, 34.347992557180774 ], [ 131.164154011455935, 34.348468418165041 ], [ 131.165124112990981, 34.349801021005042 ], [ 131.166962155173422, 34.351231133936466 ], [ 131.167494944037031, 34.350902758910401 ], [ 131.167961853350221, 34.350972629088247 ], [ 131.170258986052715, 34.352243459748969 ], [ 131.171845364708361, 34.352088859630243 ], [ 131.1735202012581, 34.35268335724291 ], [ 131.173826635596697, 34.352515109368106 ], [ 131.173607834152449, 34.351771829171767 ], [ 131.173734954767895, 34.351686225144917 ], [ 131.174593724743801, 34.351868969377108 ], [ 131.174786696437565, 34.352434410371856 ], [ 131.17541849764325, 34.352399790643581 ], [ 131.175438785333057, 34.352256695452382 ], [ 131.177161663085485, 34.352200027858373 ], [ 131.17882946953452, 34.352760158651208 ], [ 131.179057928920543, 34.353220512512706 ], [ 131.180997918474048, 34.355071591601039 ], [ 131.18122982139937, 34.355819339387367 ], [ 131.181911944638728, 34.356905401242756 ], [ 131.183714150651241, 34.357835206095167 ], [ 131.184186413828911, 34.358301173563419 ] ] ] } },
{ "type": "Feature", "properties": { "CITY_NAME": "長門市", "S_NAME": "渋木", "JINKO": 358, "medical_area": "35_長門医療圏", "町丁目名": "長門市渋木" }, "geometry": { "type": "Polygon", "coordinates": [ [ [ 131.217626120576114, 34.337329813649617 ], [ 131.218037940383198, 34.33679449296411 ], [ 131.220764877071275, 34.337623454426883 ], [ 131.221281083730247, 34.338117928893944 ], [ 131.22356983978429, 34.33914726406995 ], [ 131.224934003825354, 34.33868840666306 ], [ 131.227078619584802, 34.337504584350626 ], [ 131.226797407010594, 34.335423851448503 ], [ 131.225742833501556, 34.333065734537698 ], [ 131.224274948422504, 34.331817948546785 ], [ 131.223692819367585, 34.33087348415534 ], [ 131.223206157680949, 34.329579002653212 ], [ 131.22107736254091, 34.327035507940806 ], [ 131.220459205522218, 34.325425475283105 ], [ 131.220525853429592, 34.324533068857392 ], [ 131.220349327253359, 34.323953185064326 ], [ 131.218904061495067, 34.323038100057062 ], [ 131.218603285863452, 34.322659811291146 ], [ 131.217926747071175, 34.321204821879157 ], [ 131.217294705321478, 34.319283767041 ], [ 131.216499120603714, 34.318348448978902 ], [ 131.215763385940789, 34.314505140350953 ], [ 131.215937952185925, 34.313516637433338 ], [ 131.216648459857652, 34.312830515294777 ], [ 131.220529865534104, 34.310663711582258 ], [ 131.222626857211111, 34.308534309119004 ], [ 131.226812199569025, 34.307653793652939 ], [ 131.230945910752837, 34.30852168987299 ], [ 131.23260169682672, 34.308692267287391 ], [ 131.239149030746177, 34.308060536873221 ], [ 131.241896709143674, 34.307125351253951 ], [ 131.244618126103035, 34.305929735145533 ], [ 131.244525080655251, 34.305284452973694 ], [ 131.244887369830792, 34.303434444123184 ], [ 131.244303446789132, 34.303174512776067 ], [ 131.244100885582185, 34.302112010819947 ], [ 131.24345599782427, 34.301412122023862 ], [ 131.243647114427262, 34.300495710346802 ], [ 131.243263756966826, 34.300330818505508 ], [ 131.242200709247129, 34.30032375525564 ], [ 131.240515085583723, 34.299319438761842 ], [ 131.240186437124294, 34.298895340168642 ], [ 131.239935021743804, 34.297905980383852 ], [ 131.239058885175496, 34.297265292475764 ], [ 131.237809956563893, 34.296653310236579 ], [ 131.236286307680842, 34.296135989870287 ], [ 131.234576425223821, 34.294930373916408 ], [ 131.234553362656357, 34.294265751602786 ], [ 131.232301814030563, 34.294497727462947 ], [ 131.232434135156666, 34.294204479418774 ], [ 131.232307836488275, 34.29350638790438 ], [ 131.231679894086255, 34.291671783891275 ], [ 131.231077327019733, 34.290676204404157 ], [ 131.230076697727725, 34.289479799565115 ], [ 131.229318419099485, 34.289314102118048 ], [ 131.228581523613371, 34.288926707155291 ], [ 131.228366032774971, 34.288362589462899 ], [ 131.227301510263914, 34.28736273625934 ], [ 131.227078386071526, 34.28623510385242 ], [ 131.226653192437624, 34.285737397833351 ], [ 131.226628712551928, 34.285406319139319 ], [ 131.225064795754463, 34.285389341434005 ], [ 131.222922178615278, 34.284741170767099 ], [ 131.22209429607463, 34.2847899878874 ], [ 131.222044631063056, 34.284194736955662 ], [ 131.22060760660105, 34.283647341238918 ], [ 131.220352711306958, 34.283398150171017 ], [ 131.220479236004536, 34.282891177205904 ], [ 131.220357095479244, 34.282653016260653 ], [ 131.219162498289649, 34.282205947453349 ], [ 131.218704719606706, 34.281565831162801 ], [ 131.218309184034098, 34.281298781369991 ], [ 131.217381428391803, 34.282180420529656 ], [ 131.217436167858011, 34.282503282594554 ], [ 131.217176283099207, 34.283059221943851 ], [ 131.216695107243652, 34.283606959207738 ], [ 131.214266414138905, 34.283529579223291 ], [ 131.212420856368084, 34.282805077109764 ], [ 131.211837975346953, 34.282021969304026 ], [ 131.210605159610907, 34.280864428566829 ], [ 131.209755153175877, 34.280563655818675 ], [ 131.209480956539153, 34.280605039822994 ], [ 131.209223718450033, 34.280923915150268 ], [ 131.207982543993467, 34.281564006290161 ], [ 131.207826538395466, 34.282717297336248 ], [ 131.206887369566658, 34.283532015023674 ], [ 131.206391604943946, 34.28376026975657 ], [ 131.205812871169513, 34.284731485364354 ], [ 131.204268941392371, 34.285446209445347 ], [ 131.203248607364571, 34.285598485689796 ], [ 131.202210008592402, 34.285418315086183 ], [ 131.201315685624479, 34.28582216166042 ], [ 131.200565712646721, 34.28557241359286 ], [ 131.199778086976067, 34.285624652823131 ], [ 131.199127673822744, 34.285121567342706 ], [ 131.198181404305615, 34.284786722172015 ], [ 131.197686263374521, 34.284958177013756 ], [ 131.196276808211735, 34.284222987007432 ], [ 131.195019710569056, 34.284687021932619 ], [ 131.193564484055713, 34.284729982681341 ], [ 131.192570080290182, 34.283517421042227 ], [ 131.191118365466025, 34.283206813479083 ], [ 131.190390062979247, 34.282826877479948 ], [ 131.189632300383266, 34.283255114524543 ], [ 131.187854936525156, 34.283259374732097 ], [ 131.186331540199205, 34.282832345407414 ], [ 131.185474519481829, 34.282811958398 ], [ 131.185312962458823, 34.282242701690421 ], [ 131.185102506897778, 34.282069724590961 ], [ 131.184049583041713, 34.281793640907871 ], [ 131.183216945842531, 34.281261960104615 ], [ 131.182348572850941, 34.281059747183299 ], [ 131.181971398658533, 34.279606243468976 ], [ 131.182296720430799, 34.277938778661408 ], [ 131.181137866781881, 34.277431364557984 ], [ 131.180093008724356, 34.276231380894018 ], [ 131.180078957525637, 34.275923619825761 ], [ 131.179591605735823, 34.275343415580714 ], [ 131.179564647323502, 34.273338695869143 ], [ 131.179091344084412, 34.271297834577666 ], [ 131.178506273075072, 34.270465529795096 ], [ 131.177080626976704, 34.270046624979607 ], [ 131.177129874777449, 34.269485263221853 ], [ 131.17743299753522, 34.268782278828802 ], [ 131.176865472213734, 34.268025627838966 ], [ 131.176014534272582, 34.267354719410136 ], [ 131.17606160950578, 34.266349065499732 ], [ 131.175333781246025, 34.26567872656797 ], [ 131.174377903648235, 34.265466166355345 ], [ 131.173313506696417, 34.264446708091285 ], [ 131.171280077585465, 34.263948460448724 ], [ 131.170804497541468, 34.263632449282959 ], [ 131.170227035943412, 34.262690463134703 ], [ 131.168371338632568, 34.262570425565571 ], [ 131.16665203994998, 34.262229190299109 ], [ 131.164312417758708, 34.262122185606991 ], [ 131.163777451100344, 34.26259646185882 ], [ 131.161432946438708, 34.262899555660667 ], [ 131.161679696694392, 34.263907481083244 ], [ 131.160634314659319, 34.265261335680705 ], [ 131.159715251425609, 34.265380848902936 ], [ 131.159702453753198, 34.266454965751379 ], [ 131.159448924054004, 34.266999852868416 ], [ 131.159516183908636, 34.267776983807551 ], [ 131.159224335459072, 34.268575390256359 ], [ 131.154873025080718, 34.270969012717053 ], [ 131.157466788476029, 34.277140365098369 ], [ 131.15911351256014, 34.28269569679432 ], [ 131.159590924230884, 34.283814433719378 ], [ 131.160571480818021, 34.2846107693276 ], [ 131.169762516471053, 34.289215720340962 ], [ 131.172328087800821, 34.290696742421048 ], [ 131.177424451775522, 34.295099156838845 ], [ 131.18711093742499, 34.301719255701805 ], [ 131.186807592833162, 34.304093219848497 ], [ 131.187677078173976, 34.308975934923403 ], [ 131.188547795337456, 34.31071975164874 ], [ 131.189775042614173, 34.312208197840043 ], [ 131.190672437933216, 34.312872479428719 ], [ 131.192104480551592, 34.314391824216287 ], [ 131.193717458627702, 34.316786790511848 ], [ 131.196552198051478, 34.319326483163138 ], [ 131.197899620999976, 34.320228945184738 ], [ 131.199293685612361, 34.32076807276249 ], [ 131.199298649426225, 34.322798228655031 ], [ 131.198877288590438, 34.327465346302212 ], [ 131.19971787009689, 34.329408299603472 ], [ 131.199959655081358, 34.330525003175303 ], [ 131.199923566303681, 34.331205371395825 ], [ 131.199565991846328, 34.331941520037113 ], [ 131.202767680150373, 34.332086915495502 ], [ 131.20453537876736, 34.332611301069925 ], [ 131.206412042534026, 34.334682757316919 ], [ 131.206978633150669, 34.335783244571353 ], [ 131.207424081915121, 34.338781869085025 ], [ 131.208187325084083, 34.340109112667918 ], [ 131.209315193641402, 34.341198884375778 ], [ 131.210393274851754, 34.341897937057098 ], [ 131.21308220868687, 34.344722497823376 ], [ 131.21450347154169, 34.344412701251073 ], [ 131.216237119713213, 34.343307475717253 ], [ 131.216820189431758, 34.341582087731616 ], [ 131.216825870710693, 34.340936422230236 ], [ 131.217237608614596, 34.339590589015849 ], [ 131.217572532766866, 34.33899325759679 ], [ 131.217626120576114, 34.337329813649617 ] ] ] } },
{ "type": "Feature", "properties": { "CITY_NAME": "長門市", "S_NAME": "真木", "JINKO": 124, "medical_area": "35_長門医療圏", "町丁目名": "長門市真木" }, "geometry": { "type": "Polygon", "coordinates": [ [ [ 131.237774129604418, 34.341423013613046 ], [ 131.237760360064726, 34.340680838322832 ], [ 131.238004941112109, 34.340348563268329 ], [ 131.23842403942578, 34.340152135162541 ], [ 131.240285240322123, 34.340030007180893 ], [ 131.241588593912297, 34.340297073005836 ], [ 131.241812701508138, 34.340141278549616 ], [ 131.241976513141623, 34.339632026168509 ], [ 131.241980184178686, 34.338568112734187 ], [ 131.241742622920356, 34.337835097111572 ], [ 131.242205513012863, 34.337500378709748 ], [ 131.242077854030185, 34.33684961324964 ], [ 131.242326017193079, 34.336328040605565 ], [ 131.241927423325279, 34.335929491243981 ], [ 131.241182902075536, 34.335601575088809 ], [ 131.242414994927458, 34.334661470359279 ], [ 131.242400684282813, 34.333044689028334 ], [ 131.243255742284191, 34.331347835711618 ], [ 131.243816230405656, 34.331321492831002 ], [ 131.244885961039756, 34.330684964181657 ], [ 131.245651893620504, 34.33066804781393 ], [ 131.248101120650404, 34.329686321482214 ], [ 131.249584554276453, 34.329530940136564 ], [ 131.250226991570543, 34.328759456871218 ], [ 131.251538908681681, 34.328128766268982 ], [ 131.254752284999114, 34.328456288561753 ], [ 131.255359431297052, 34.328420941960182 ], [ 131.255676405141088, 34.328204822306517 ], [ 131.256052937968605, 34.328861508800181 ], [ 131.256578042900856, 34.329283633434478 ], [ 131.25761567409117, 34.329079481131217 ], [ 131.257903551338302, 34.329174869571276 ], [ 131.258397901736942, 34.328885540745503 ], [ 131.259279834595702, 34.328829534304717 ], [ 131.261339906424894, 34.327575669474228 ], [ 131.261832637272306, 34.326981532459797 ], [ 131.262203135217618, 34.325816303022826 ], [ 131.263311219061052, 34.325309119870695 ], [ 131.262896278421692, 34.324042429975144 ], [ 131.262603633315678, 34.323491628049126 ], [ 131.261881211825283, 34.323035112468517 ], [ 131.261572665303561, 34.322558985258212 ], [ 131.259896365338562, 34.321653940876125 ], [ 131.259424247046582, 34.320909115377049 ], [ 131.258438504809448, 34.319901861593614 ], [ 131.25882127042513, 34.318034679885088 ], [ 131.2579772723345, 34.316750126240599 ], [ 131.257252991884798, 34.316369352323271 ], [ 131.256801886409704, 34.315453235074699 ], [ 131.256012050789678, 34.315398473796606 ], [ 131.255237435030807, 34.315764845095437 ], [ 131.254016762650281, 34.315973219713342 ], [ 131.253119921975468, 34.316282605201245 ], [ 131.252763431072879, 34.316694768741421 ], [ 131.251363950099801, 34.316281016916513 ], [ 131.251465351147885, 34.314490049600273 ], [ 131.251244884451381, 34.314056100679487 ], [ 131.250883696618047, 34.313808439891325 ], [ 131.249906618997016, 34.313848861398462 ], [ 131.248687102524372, 34.313105964921569 ], [ 131.24736190448786, 34.311859670444598 ], [ 131.246468924240418, 34.311351483078809 ], [ 131.245716577835566, 34.310493041073009 ], [ 131.245592532251663, 34.310246022352558 ], [ 131.246035101019828, 34.309756205103277 ], [ 131.245743116791033, 34.308989692914231 ], [ 131.244894665023793, 34.308697203643931 ], [ 131.244461913590129, 34.308059921833646 ], [ 131.24525422989737, 34.307566409699419 ], [ 131.2454378014138, 34.307233531758442 ], [ 131.245204126927916, 34.306460978045919 ], [ 131.244618126103035, 34.305929735145533 ], [ 131.241896709143674, 34.307125351253973 ], [ 131.239149030746177, 34.308060536873207 ], [ 131.23260169682672, 34.308692267287391 ], [ 131.230945910752837, 34.308521689873011 ], [ 131.226812199569025, 34.307653793652939 ], [ 131.222626857211111, 34.308534309119004 ], [ 131.220529865534075, 34.310663711582286 ], [ 131.216648459857652, 34.312830515294777 ], [ 131.215937952185925, 34.313516637433338 ], [ 131.215763385940789, 34.314505140350967 ], [ 131.216499120603714, 34.318348448978902 ], [ 131.217294705321478, 34.319283767041 ], [ 131.217926747071232, 34.321204821879121 ], [ 131.218603285863452, 34.322659811291182 ], [ 131.218904061495067, 34.323038100057055 ], [ 131.220349327253416, 34.323953185064319 ], [ 131.220525853429592, 34.324533068857392 ], [ 131.220459205522218, 34.325425475283083 ], [ 131.22107736254091, 34.327035507940842 ], [ 131.223206157680949, 34.329579002653212 ], [ 131.223692819367585, 34.33087348415534 ], [ 131.224274948422504, 34.331817948546785 ], [ 131.225742833501556, 34.333065734537698 ], [ 131.226797407010594, 34.335423851448503 ], [ 131.227078619584859, 34.337504584350611 ], [ 131.228735803221383, 34.338258930347948 ], [ 131.229142742087674, 34.339790978967322 ], [ 131.229754757061698, 34.340045273356424 ], [ 131.231986354901039, 34.339831874703421 ], [ 131.23491843680489, 34.340806462346158 ], [ 131.236450359271828, 34.341847818734145 ], [ 131.237774129604418, 34.341423013613046 ] ] ] } },
{ "type": "Feature", "properties": { "CITY_NAME": "長門市", "S_NAME": "俵山", "JINKO": 974, "medical_area": "35_長門医療圏", "町丁目名": "長門市俵山" }, "geometry": { "type": "Polygon", "coordinates": [ [ [ 131.106627984186986, 34.332207282351888 ], [ 131.107893239398749, 34.332039345879458 ], [ 131.108574800620204, 34.331655616358354 ], [ 131.109625171355106, 34.331602015107286 ], [ 131.11093645963939, 34.332054943399896 ], [ 131.111892162373579, 34.331813013839955 ], [ 131.114448278210773, 34.332348048853838 ], [ 131.116317659204071, 34.332298049222231 ], [ 131.117496792125706, 34.331594691111604 ], [ 131.117554459627058, 34.330776202269966 ], [ 131.119410463915983, 34.329370500842579 ], [ 131.120559059211132, 34.329042532836723 ], [ 131.121895880809376, 34.328310046859606 ], [ 131.123684700981414, 34.327790611835631 ], [ 131.123877736280093, 34.32786733934234 ], [ 131.12406210823292, 34.328294596183483 ], [ 131.125983123371384, 34.329288997634556 ], [ 131.126590801013606, 34.330168655153699 ], [ 131.127853512226523, 34.330544091880142 ], [ 131.128604369943076, 34.330652458083371 ], [ 131.129314935848754, 34.330007564399573 ], [ 131.132359891609127, 34.329348644946094 ], [ 131.132733604837711, 34.330337000823505 ], [ 131.134417142152159, 34.332073135116026 ], [ 131.134843728840224, 34.333142359174907 ], [ 131.135071477578293, 34.332854668897383 ], [ 131.136158367600302, 34.332633242504443 ], [ 131.136837095748859, 34.332123829929628 ], [ 131.13829535149037, 34.332198785806526 ], [ 131.138970847717871, 34.332655082662491 ], [ 131.139662907221322, 34.332464113101643 ], [ 131.140375179790738, 34.332564893815352 ], [ 131.141438130325497, 34.332355757456334 ], [ 131.143508302514505, 34.331422284270523 ], [ 131.1427952226787, 34.329433974911773 ], [ 131.142007029369353, 34.328625587663339 ], [ 131.141807414328554, 34.326758061273303 ], [ 131.141448928209542, 34.326219216379151 ], [ 131.145033188222897, 34.321094402506063 ], [ 131.146380310538177, 34.319614487541727 ], [ 131.151753312958419, 34.310245495323144 ], [ 131.158317786296124, 34.297967291763612 ], [ 131.160644052761398, 34.296421507362801 ], [ 131.162596355199383, 34.295549893004114 ], [ 131.167617140498606, 34.29458635919466 ], [ 131.174200565695742, 34.29256753525695 ], [ 131.17430818549218, 34.292421907120278 ], [ 131.172328087800821, 34.290696742421048 ], [ 131.169762516471053, 34.289215720340962 ], [ 131.160571480818021, 34.2846107693276 ], [ 131.159765677112858, 34.284002799511555 ], [ 131.15911351256014, 34.28269569679432 ], [ 131.157466788476029, 34.277140365098369 ], [ 131.154873025080718, 34.270969012717053 ], [ 131.1540915178349, 34.270762248586408 ], [ 131.153607992054248, 34.270313120240687 ], [ 131.152686586241288, 34.270276763182416 ], [ 131.151331708441489, 34.269573621154564 ], [ 131.150086295799213, 34.269616964057157 ], [ 131.149046726079433, 34.269375772165766 ], [ 131.146863584819698, 34.269849375591257 ], [ 131.144670671058208, 34.270051146272309 ], [ 131.143380621261741, 34.270573282066394 ], [ 131.143019964987417, 34.271362360018706 ], [ 131.142526459201207, 34.271912545770633 ], [ 131.140758993060416, 34.271805500355661 ], [ 131.139564677490654, 34.272279374097316 ], [ 131.139402243059095, 34.271643130759756 ], [ 131.138681056541884, 34.271082919316562 ], [ 131.136762227272612, 34.270533919213186 ], [ 131.13587004576118, 34.270041842745357 ], [ 131.134426288678725, 34.270101113509718 ], [ 131.132178523450449, 34.268449703535538 ], [ 131.130965936605691, 34.268090687405333 ], [ 131.129621656568133, 34.267244425684467 ], [ 131.129110404373819, 34.267136423691092 ], [ 131.128547648439564, 34.267360420297024 ], [ 131.126834051634717, 34.267118823101953 ], [ 131.124916241004257, 34.267195507617934 ], [ 131.124411820967282, 34.266706648957388 ], [ 131.123433586028142, 34.26639082117557 ], [ 131.123436683722161, 34.265797107605167 ], [ 131.122933758467468, 34.264352072323369 ], [ 131.12262921198294, 34.264386102615823 ], [ 131.122664926120535, 34.265154113817545 ], [ 131.121872936256494, 34.26546190256466 ], [ 131.121006071145075, 34.265547607565878 ], [ 131.120771429899293, 34.26554024909526 ], [ 131.120285174883207, 34.265149843388791 ], [ 131.119742337581954, 34.264465673744262 ], [ 131.119398321840379, 34.264419766199246 ], [ 131.118397379180095, 34.26570446221276 ], [ 131.117174079450365, 34.265902875203466 ], [ 131.115908370457987, 34.265194455693127 ], [ 131.115519834475975, 34.265262817678902 ], [ 131.11470025168947, 34.26501250303869 ], [ 131.11282000946332, 34.26364276605868 ], [ 131.111644120471681, 34.263809556661172 ], [ 131.110349544431472, 34.264349162230872 ], [ 131.109737039958986, 34.264418956529703 ], [ 131.108948039304181, 34.26499334923993 ], [ 131.108053022091042, 34.265261006022534 ], [ 131.107847674178657, 34.265495177778952 ], [ 131.107783563193607, 34.266142032219555 ], [ 131.10738282137433, 34.267012908050511 ], [ 131.10584744392591, 34.267510960709494 ], [ 131.105273778258862, 34.266717437816872 ], [ 131.105287835358496, 34.266281304973788 ], [ 131.104862255065001, 34.265700075808105 ], [ 131.104692852326565, 34.264790175728251 ], [ 131.103968763103978, 34.264310171482549 ], [ 131.103825832205217, 34.263346829481009 ], [ 131.102654861763625, 34.262787715217563 ], [ 131.102094622710894, 34.261788626662046 ], [ 131.101081213924942, 34.262740086486325 ], [ 131.100626556904956, 34.262932776838532 ], [ 131.098337421282281, 34.262921846614269 ], [ 131.097636526218395, 34.263166047393526 ], [ 131.096324519460524, 34.26422573238284 ], [ 131.096158836425872, 34.264721255876125 ], [ 131.095319056429219, 34.265559809040752 ], [ 131.094821556147735, 34.265730693920311 ], [ 131.094559751053083, 34.266332712662567 ], [ 131.093769899618536, 34.266458070268172 ], [ 131.093123157202001, 34.266169972712547 ], [ 131.092211135287016, 34.26624959695468 ], [ 131.091280476555198, 34.266613313785555 ], [ 131.090047754653256, 34.267519793958677 ], [ 131.089147800960689, 34.267157891178663 ], [ 131.087092643151465, 34.267370393984962 ], [ 131.086678149296375, 34.267781583280971 ], [ 131.086504617169169, 34.268216307425014 ], [ 131.086632997589874, 34.268784414534892 ], [ 131.086351593269569, 34.269235935872381 ], [ 131.086180914239947, 34.270620247487905 ], [ 131.085685094010813, 34.271497397931135 ], [ 131.085645083009467, 34.272269541967688 ], [ 131.084556963577796, 34.272969748637273 ], [ 131.084314246562656, 34.273425413009228 ], [ 131.084595582181038, 34.275673688087764 ], [ 131.085361646465657, 34.277577602219168 ], [ 131.085194590482274, 34.278431172263005 ], [ 131.085579170385756, 34.278511763686694 ], [ 131.085617410663417, 34.278731992109549 ], [ 131.085432154797957, 34.279105621990261 ], [ 131.084745751566999, 34.279634992506786 ], [ 131.083858445818009, 34.280948054257607 ], [ 131.083343399490303, 34.282626561896834 ], [ 131.083700950842712, 34.283603946393313 ], [ 131.083547671872282, 34.284148444516632 ], [ 131.081580235732702, 34.28519738477496 ], [ 131.08106713761552, 34.28606718620874 ], [ 131.080479273779503, 34.286219321252815 ], [ 131.080126584408106, 34.286505810886645 ], [ 131.079833120675119, 34.287377696705292 ], [ 131.078948312276594, 34.287834696268575 ], [ 131.077365224501108, 34.289145600305233 ], [ 131.077049890875827, 34.289546936145975 ], [ 131.076696597073123, 34.290711420406048 ], [ 131.076084730130589, 34.29087937684821 ], [ 131.075544088034746, 34.291320115760414 ], [ 131.074499269754426, 34.293223601382969 ], [ 131.074058259386447, 34.293203890250219 ], [ 131.073034210891308, 34.292783284006951 ], [ 131.071339943362261, 34.292617971062278 ], [ 131.069587990078645, 34.291981912555968 ], [ 131.068714337227561, 34.29207592218021 ], [ 131.067453350393976, 34.291964448720165 ], [ 131.066881547905496, 34.29302691493789 ], [ 131.065747709832806, 34.2934063463833 ], [ 131.063414616273576, 34.295368399761273 ], [ 131.062595526565076, 34.295563150139635 ], [ 131.062083932857263, 34.295476126198068 ], [ 131.062063799046001, 34.295697804751661 ], [ 131.062488129739791, 34.296453847268609 ], [ 131.063305049756337, 34.296833660575352 ], [ 131.063690653172074, 34.298144210975153 ], [ 131.064032749005008, 34.298351123039694 ], [ 131.064743642878796, 34.299507253198989 ], [ 131.064914447698925, 34.300061116223894 ], [ 131.065194359562753, 34.300163226218487 ], [ 131.065733254417552, 34.299949455508404 ], [ 131.066204516001676, 34.299975529006943 ], [ 131.066725593850435, 34.300788063103177 ], [ 131.067448102420371, 34.300869915614946 ], [ 131.067872914485321, 34.3017703238732 ], [ 131.068667905968539, 34.302575164267239 ], [ 131.069335454420212, 34.302942322805798 ], [ 131.070537057092253, 34.303162270358825 ], [ 131.071597812046605, 34.303654079414329 ], [ 131.071916846189851, 34.304182351925952 ], [ 131.072001205599435, 34.304881223893922 ], [ 131.071935554942883, 34.30529604199932 ], [ 131.071404650740106, 34.306212114910352 ], [ 131.071463464932521, 34.306793138301252 ], [ 131.071971220567775, 34.307188011579214 ], [ 131.074298766537652, 34.308027074614252 ], [ 131.074787381882317, 34.308734478707265 ], [ 131.074820820434468, 34.309415426165614 ], [ 131.074402992275651, 34.310690312772046 ], [ 131.075267748023833, 34.311041727547092 ], [ 131.075583420134535, 34.311623767624688 ], [ 131.07533638264124, 34.312563933172186 ], [ 131.076036799458592, 34.313049386641545 ], [ 131.07663348303339, 34.313739569487538 ], [ 131.076552289694291, 34.314346666871621 ], [ 131.076101244228482, 34.315066964586421 ], [ 131.076015593386757, 34.316024485989956 ], [ 131.074568266486807, 34.31679661199599 ], [ 131.074192668837469, 34.31716879934465 ], [ 131.074057793576657, 34.317600324029634 ], [ 131.07512619072952, 34.318133718914993 ], [ 131.07579801753576, 34.318844155383566 ], [ 131.076286490436274, 34.31907036470448 ], [ 131.076420164090678, 34.319393283754579 ], [ 131.076589591864575, 34.320961176480346 ], [ 131.076260360671938, 34.321423089372175 ], [ 131.074853058319178, 34.322420811542202 ], [ 131.075783599213167, 34.323614597521292 ], [ 131.075906209585099, 34.324300558622632 ], [ 131.076294172370893, 34.325139041973976 ], [ 131.076023798027848, 34.32570881610377 ], [ 131.075627412539575, 34.325690916594567 ], [ 131.075375293312362, 34.325860380876676 ], [ 131.074970197969151, 34.326684615385872 ], [ 131.074988393124357, 34.327278370178504 ], [ 131.075647896334317, 34.328441142709018 ], [ 131.076247726963913, 34.328555653166404 ], [ 131.076765320290889, 34.329193150480947 ], [ 131.079020386550809, 34.32998399355705 ], [ 131.079532482382973, 34.330385348371493 ], [ 131.081270673713277, 34.329469245468061 ], [ 131.082504319305087, 34.329408614284098 ], [ 131.083269628993747, 34.330400718965933 ], [ 131.083798128525899, 34.330696696409419 ], [ 131.084044108967959, 34.330680980633012 ], [ 131.084593293139704, 34.330206762766309 ], [ 131.085070019275548, 34.330343243265368 ], [ 131.085777764701874, 34.330115239778507 ], [ 131.086680055795057, 34.330677494975838 ], [ 131.086811543602664, 34.329838269179064 ], [ 131.08802325001588, 34.329303530850886 ], [ 131.088473798659777, 34.328792647109466 ], [ 131.089855158631167, 34.329308950363192 ], [ 131.091110339982777, 34.330094162931054 ], [ 131.091612290182439, 34.329944890443194 ], [ 131.091790851046568, 34.330136060086247 ], [ 131.092926630768488, 34.330480291317315 ], [ 131.09357295551365, 34.330500326262879 ], [ 131.094329863197117, 34.330136771392702 ], [ 131.095233982422741, 34.330219766845481 ], [ 131.096028806035633, 34.329751168105354 ], [ 131.098716067170926, 34.330466562609281 ], [ 131.099180446167452, 34.330896301418889 ], [ 131.099598132922296, 34.331788506532739 ], [ 131.100133397947843, 34.332072082688015 ], [ 131.100904142929494, 34.332989055603932 ], [ 131.102139797696282, 34.332431153411029 ], [ 131.102905391466891, 34.33273644291782 ], [ 131.103626808259889, 34.332277868230179 ], [ 131.104235083854093, 34.332240189592 ], [ 131.104818158608481, 34.33198592455738 ], [ 131.105643151788428, 34.332536674177696 ], [ 131.106024530210448, 34.333405442654353 ], [ 131.106575643981785, 34.332770140118669 ], [ 131.106627984186986, 34.332207282351888 ] ] ] } },
{ "type": "Feature", "properties": { "CITY_NAME": "長門市", "S_NAME": "三隅上", "JINKO": 670, "medical_area": "35_長門医療圏", "町丁目名": "長門市三隅上" }, "geometry": { "type": "Polygon", "coordinates": [ [ [ 131.320366162703436, 34.367275494648872 ], [ 131.321006381823594, 34.366584623688418 ], [ 131.321624443513741, 34.366322662893602 ], [ 131.32225639729819, 34.365125194369234 ], [ 131.323674999406705, 34.363300698462361 ], [ 131.323870789459306, 34.362451386075513 ], [ 131.324257557868464, 34.3616812860853 ], [ 131.324957181218309, 34.361286622786942 ], [ 131.325190146915247, 34.361184693730813 ], [ 131.325828348383766, 34.361581109047798 ], [ 131.326126689868403, 34.361183816657096 ], [ 131.32655574782595, 34.361083093287817 ], [ 131.32847108619319, 34.35996836394969 ], [ 131.329394211500471, 34.360418411980582 ], [ 131.329813019404185, 34.360450863024688 ], [ 131.330286443733428, 34.360380152624302 ], [ 131.33058687641909, 34.359761006009606 ], [ 131.330971641320701, 34.359637848174316 ], [ 131.33201348420431, 34.359807667741329 ], [ 131.332355628480229, 34.359477146997691 ], [ 131.332516313804348, 34.358568554210819 ], [ 131.332836441975218, 34.358659483367965 ], [ 131.333751821514852, 34.359438641252858 ], [ 131.335224179197979, 34.359367395455642 ], [ 131.335567552532922, 34.358911085914805 ], [ 131.335783090249436, 34.357862281841676 ], [ 131.336836117588234, 34.358250337767792 ], [ 131.3381106815973, 34.358332949226693 ], [ 131.338195412219079, 34.358784708716833 ], [ 131.338531651292755, 34.359060688214981 ], [ 131.339398867425729, 34.35884470955007 ], [ 131.339810465166238, 34.359161765443538 ], [ 131.34065724513539, 34.359219337487481 ], [ 131.341509088798631, 34.359661495249007 ], [ 131.342775848521114, 34.3596330074731 ], [ 131.34342165177037, 34.359260273123986 ], [ 131.343693587530623, 34.358818244628033 ], [ 131.343499272678741, 34.357714813888435 ], [ 131.343869811823879, 34.356759435854045 ], [ 131.344326662316433, 34.356548118360962 ], [ 131.344714936361697, 34.356062497060726 ], [ 131.344800529379796, 34.355515815204676 ], [ 131.345459076614219, 34.355660828606943 ], [ 131.345730919278736, 34.355226116631975 ], [ 131.346707257061269, 34.354665272427717 ], [ 131.347140155330919, 34.353885532864865 ], [ 131.34872624172894, 34.353455107747848 ], [ 131.349355352236586, 34.352949104116959 ], [ 131.348981528978015, 34.35249259961931 ], [ 131.348354174050115, 34.352477274190328 ], [ 131.347823075534933, 34.352178467306636 ], [ 131.347462941586429, 34.351677817955583 ], [ 131.346467263751805, 34.35156041992667 ], [ 131.346043390684713, 34.351214288661588 ], [ 131.345498256775841, 34.351216261395074 ], [ 131.34492231336975, 34.350946579835906 ], [ 131.344868055947188, 34.349892412240685 ], [ 131.344645519385665, 34.349444377820838 ], [ 131.345920267876153, 34.348554090106425 ], [ 131.345862071851428, 34.347441014780614 ], [ 131.345417027827267, 34.346533679043162 ], [ 131.345635084415591, 34.346308210903246 ], [ 131.346058277126758, 34.346259354650321 ], [ 131.345274070790396, 34.34522254183107 ], [ 131.345518583641194, 34.34364988154389 ], [ 131.345451589266958, 34.343213878265267 ], [ 131.345002894256027, 34.342910120962593 ], [ 131.344416773132679, 34.342784336130173 ], [ 131.344243992037121, 34.342251694178586 ], [ 131.343438426373808, 34.341129791394877 ], [ 131.343402042250915, 34.340064754843517 ], [ 131.343177680412481, 34.339120162384518 ], [ 131.342585053602875, 34.338750778469425 ], [ 131.342957434221546, 34.337754837937311 ], [ 131.343540567869638, 34.336817640059692 ], [ 131.344059180581183, 34.336556999554595 ], [ 131.344227416216825, 34.336301057161549 ], [ 131.34427517710651, 34.335835270818514 ], [ 131.343940412251385, 34.335432560059111 ], [ 131.342859500222488, 34.334708043875679 ], [ 131.342122645527326, 34.333436053218662 ], [ 131.342262833625995, 34.333096253720839 ], [ 131.343373590545582, 34.33260464740588 ], [ 131.34343497096441, 34.332222482663688 ], [ 131.34405007510415, 34.331945735518964 ], [ 131.344340057729852, 34.331027298435679 ], [ 131.343924990894493, 34.330364019697512 ], [ 131.343823196393146, 34.328988679716922 ], [ 131.344013737387428, 34.32865527403662 ], [ 131.343992983318373, 34.328197902151715 ], [ 131.343679143545756, 34.327873082202473 ], [ 131.343898431470052, 34.327551841124489 ], [ 131.343879293943957, 34.327294641016543 ], [ 131.34369692415396, 34.326791387708518 ], [ 131.343187319547951, 34.32622311274951 ], [ 131.343330498024585, 34.325584564507487 ], [ 131.343045213110116, 34.3252838820178 ], [ 131.343042172960679, 34.324865363026483 ], [ 131.342640267523706, 34.324701376863395 ], [ 131.342320950547105, 34.324209174756014 ], [ 131.342628939884008, 34.323619769214538 ], [ 131.342739535494132, 34.322875215140741 ], [ 131.342723176471651, 34.32243843547829 ], [ 131.34224621020914, 34.321530901414832 ], [ 131.342806775987896, 34.320755705224748 ], [ 131.34184068552824, 34.318435270110257 ], [ 131.339566443581248, 34.318951007151114 ], [ 131.337233519965594, 34.319741695586337 ], [ 131.336118820966959, 34.320499734651527 ], [ 131.336079785097411, 34.320713719567316 ], [ 131.334672053740604, 34.321245078052527 ], [ 131.334257064067174, 34.320905458780381 ], [ 131.33321407471081, 34.320632978709632 ], [ 131.332848125397732, 34.320314112269237 ], [ 131.332361087701372, 34.321045663337529 ], [ 131.33032091989358, 34.321455306368478 ], [ 131.329648687125626, 34.322257138116029 ], [ 131.32888249008181, 34.323834042600573 ], [ 131.328459683223372, 34.324204991746164 ], [ 131.327825486003974, 34.324311363032237 ], [ 131.327270557385532, 34.32463308722366 ], [ 131.326449798474442, 34.324139091332711 ], [ 131.32559144707659, 34.323882886070081 ], [ 131.325210405760885, 34.323486983821276 ], [ 131.32346726180694, 34.323218620044422 ], [ 131.322500089997106, 34.32237791692792 ], [ 131.32189693436618, 34.322708443882249 ], [ 131.321310404101609, 34.32248944454691 ], [ 131.320100442343573, 34.322599411470414 ], [ 131.318027719613809, 34.323081177717256 ], [ 131.317621080383958, 34.323385574493379 ], [ 131.316481880455513, 34.323455848941464 ], [ 131.316154670527396, 34.323223272177543 ], [ 131.315443557880826, 34.323060147361282 ], [ 131.31560658477207, 34.322500660630844 ], [ 131.315348336288366, 34.32203811651322 ], [ 131.315491583951342, 34.321790213084199 ], [ 131.315095689023963, 34.321205432274624 ], [ 131.31515147252901, 34.319898787954628 ], [ 131.315340652233857, 34.319314968379587 ], [ 131.314432586015471, 34.31904750215643 ], [ 131.313546648448494, 34.31915191448811 ], [ 131.312194784367165, 34.318835281017456 ], [ 131.311711420099641, 34.318309740498719 ], [ 131.31176444540813, 34.317276475859259 ], [ 131.312014118624091, 34.316756047070541 ], [ 131.311920442272481, 34.316317599253388 ], [ 131.312372217729234, 34.315939862088179 ], [ 131.312081282661609, 34.315424820261626 ], [ 131.312063856711347, 34.31477504977898 ], [ 131.311607030843362, 34.313636808289388 ], [ 131.310706921343836, 34.313329506076094 ], [ 131.310013871618537, 34.312853203460264 ], [ 131.309403792823247, 34.31205026144832 ], [ 131.308188820059684, 34.311944991797311 ], [ 131.306940541195303, 34.310745834719796 ], [ 131.30573065399048, 34.310427034404832 ], [ 131.305439987869647, 34.310888426412262 ], [ 131.304768565138772, 34.311432222351812 ], [ 131.303856955555204, 34.311890931142308 ], [ 131.302874207761874, 34.312018393111316 ], [ 131.302580887511141, 34.3130769909422 ], [ 131.30066123914429, 34.315139269128814 ], [ 131.300404801150307, 34.31591780824148 ], [ 131.300090946549972, 34.316261534810906 ], [ 131.298908343057292, 34.31693406733104 ], [ 131.298403996451469, 34.317666611285553 ], [ 131.29809326861465, 34.318555046073577 ], [ 131.29702152921675, 34.319677381972141 ], [ 131.296509124309267, 34.32119020401877 ], [ 131.295921713724084, 34.321800578900856 ], [ 131.296015200290526, 34.323913823552793 ], [ 131.29559816119297, 34.324348915163405 ], [ 131.294928772959906, 34.325595511288078 ], [ 131.294824774483999, 34.326213130412803 ], [ 131.293349508329015, 34.327737356993708 ], [ 131.293413164464852, 34.328444489981834 ], [ 131.292974282636408, 34.328846167193134 ], [ 131.289744985996208, 34.330516072146246 ], [ 131.288990121197116, 34.331430705571293 ], [ 131.288101587304794, 34.331564173982699 ], [ 131.287793879281509, 34.331805635101908 ], [ 131.287341290339356, 34.333210212208179 ], [ 131.287189254533843, 34.33451399140894 ], [ 131.28696707127034, 34.334685779066362 ], [ 131.286075592862517, 34.33481300889845 ], [ 131.283837453874156, 34.336642065478955 ], [ 131.283828356760608, 34.337469020064582 ], [ 131.283547454600125, 34.338095960396082 ], [ 131.28333311999387, 34.338536169315148 ], [ 131.282665967715957, 34.339066788233424 ], [ 131.281765376210473, 34.340318492652855 ], [ 131.281681175999836, 34.34142212158168 ], [ 131.281533797206066, 34.341621930629664 ], [ 131.279466590982821, 34.341794322420412 ], [ 131.278622366368268, 34.342283481028254 ], [ 131.276155569140116, 34.343217097780027 ], [ 131.27462110537266, 34.343038723278937 ], [ 131.272088410952051, 34.343782163889884 ], [ 131.271874743574045, 34.344200087579779 ], [ 131.271918749685057, 34.345140107948922 ], [ 131.271478762720022, 34.345886434032984 ], [ 131.271104419763532, 34.347444345774854 ], [ 131.269766236901688, 34.348223245348514 ], [ 131.269502556240809, 34.348892536313684 ], [ 131.269813468536739, 34.349701412070864 ], [ 131.270686277814093, 34.350568217233281 ], [ 131.26980417679701, 34.351327778704714 ], [ 131.268246993489441, 34.352065891484685 ], [ 131.265830812124875, 34.356900204258075 ], [ 131.265451429384711, 34.356917413466597 ], [ 131.264462066842412, 34.35736525351782 ], [ 131.264604373553198, 34.357637326860548 ], [ 131.264299749338221, 34.358767774399716 ], [ 131.264987180094153, 34.360698603383412 ], [ 131.265677729906656, 34.361144736418332 ], [ 131.266438436697285, 34.362028345570501 ], [ 131.266744400068347, 34.36342318626545 ], [ 131.266712779037221, 34.365578327774614 ], [ 131.26925945032923, 34.365319523938744 ], [ 131.270306896674356, 34.365963344515826 ], [ 131.2714855966409, 34.36524905330463 ], [ 131.272661102745133, 34.365153122590129 ], [ 131.273724083854688, 34.364396834169689 ], [ 131.275533758433227, 34.36558088950926 ], [ 131.276060536068599, 34.365562890509352 ], [ 131.276747465123378, 34.365226996305203 ], [ 131.2772770997436, 34.365460594961618 ], [ 131.278018558500065, 34.365429356273808 ], [ 131.280032557221034, 34.364288177761509 ], [ 131.281632606738413, 34.363593472471095 ], [ 131.283535583183038, 34.364070380165444 ], [ 131.284011743667151, 34.364018878681478 ], [ 131.285022431884528, 34.3636225940458 ], [ 131.285938255766695, 34.362776122870358 ], [ 131.286666999436818, 34.362891378074295 ], [ 131.287425302556187, 34.363355479025053 ], [ 131.288004904642833, 34.363455992566209 ], [ 131.288514916972531, 34.363340483712456 ], [ 131.290010300804624, 34.362293038137409 ], [ 131.291125995790424, 34.362194249161064 ], [ 131.292261627129932, 34.361468608949451 ], [ 131.293566155740564, 34.360987154354881 ], [ 131.294171942851563, 34.360166016970553 ], [ 131.294894101806989, 34.359685889072125 ], [ 131.297384755050217, 34.359259320855543 ], [ 131.301648760429316, 34.36173702374937 ], [ 131.302276298698075, 34.362016705836737 ], [ 131.303578920513814, 34.36226438268546 ], [ 131.304218206019897, 34.362608655081054 ], [ 131.304438503221206, 34.363081259598665 ], [ 131.304901522645736, 34.363339062878261 ], [ 131.305283172345469, 34.364285826464936 ], [ 131.306114222733953, 34.365080939451168 ], [ 131.306605854131163, 34.366287522467303 ], [ 131.307209174058158, 34.366839162065986 ], [ 131.309328794293037, 34.367475525450466 ], [ 131.310307943435618, 34.367438571070295 ], [ 131.311792927800525, 34.367005220871796 ], [ 131.312664677163241, 34.367240489187431 ], [ 131.313681577937984, 34.36722546060178 ], [ 131.314587581054241, 34.367601533692586 ], [ 131.314936292195682, 34.368207981723302 ], [ 131.315862152941719, 34.368830832350383 ], [ 131.31612730966819, 34.369612773029772 ], [ 131.317317374741208, 34.370182795415936 ], [ 131.31821353174854, 34.370226472996912 ], [ 131.31991979104555, 34.369826377368213 ], [ 131.319998661419589, 34.369475754011781 ], [ 131.320406353306339, 34.369197690687116 ], [ 131.320153098269088, 34.368166100567322 ], [ 131.320366162703436, 34.367275494648872 ] ] ] } },
{ "type": "Feature", "properties": { "CITY_NAME": "長門市", "S_NAME": "三隅中", "JINKO": 0, "medical_area": "35_長門医療圏", "町丁目名": "長門市三隅中" }, "geometry": { "type": "Polygon", "coordinates": [ [ [ 131.227367293103867, 34.393998563712437 ], [ 131.227634680153159, 34.39401413930171 ], [ 131.227653022024725, 34.393733832582235 ], [ 131.227330143637232, 34.393339205014442 ], [ 131.226935891208001, 34.393674235433451 ], [ 131.227072827025523, 34.394071943066798 ], [ 131.227362825162146, 34.394109384533301 ], [ 131.227367293103867, 34.393998563712437 ] ] ] } },
{ "type": "Feature", "properties": { "CITY_NAME": "長門市", "S_NAME": "三隅中", "JINKO": 0, "medical_area": "35_長門医療圏", "町丁目名": "長門市三隅中" }, "geometry": { "type": "Polygon", "coordinates": [ [ [ 131.227320889560445, 34.391826461672167 ], [ 131.227680120476577, 34.39170484062759 ], [ 131.227364067664723, 34.391665510326803 ], [ 131.227126009129734, 34.391170538427559 ], [ 131.227831334568918, 34.390338411877003 ], [ 131.22786651738528, 34.389813139407117 ], [ 131.228184634673909, 34.389469350744506 ], [ 131.229527569353991, 34.388706189040406 ], [ 131.230070787515331, 34.388556246806147 ], [ 131.231124488801754, 34.388761648503731 ], [ 131.232773454328225, 34.389813779296816 ], [ 131.233736994770169, 34.390886585427154 ], [ 131.23515930953053, 34.391099412287936 ], [ 131.235723130719521, 34.390962135198166 ], [ 131.236327098790809, 34.389847032200322 ], [ 131.236936351762068, 34.389335126052089 ], [ 131.237236897230019, 34.388518871451282 ], [ 131.23795549978945, 34.388043848239974 ], [ 131.238367536516336, 34.387962173855378 ], [ 131.238364401348321, 34.387753958791748 ], [ 131.238642362858059, 34.387595625659877 ], [ 131.240202899633829, 34.386906937866371 ], [ 131.24077216640984, 34.386866164830536 ], [ 131.239243088581873, 34.384590564176179 ], [ 131.238753045705863, 34.383113041729978 ], [ 131.238525589769807, 34.38082263273602 ], [ 131.239158382424165, 34.379633487131024 ], [ 131.240442921452342, 34.378560390603411 ], [ 131.241174629107775, 34.37826742321564 ], [ 131.241895095820013, 34.378231154547272 ], [ 131.24296800799371, 34.37850643947953 ], [ 131.243701674868362, 34.377222337146115 ], [ 131.24439514299516, 34.376889468084485 ], [ 131.243352579552379, 34.375670752145524 ], [ 131.242824923159901, 34.373903988826292 ], [ 131.243001454694166, 34.373424118524099 ], [ 131.243192848147345, 34.373323147252009 ], [ 131.24466950394077, 34.373129141773489 ], [ 131.243860853707162, 34.370965847113489 ], [ 131.242297439379371, 34.370401892715805 ], [ 131.242045027966839, 34.369208964345781 ], [ 131.240958268705754, 34.369817774184689 ], [ 131.239993763766932, 34.370030390294673 ], [ 131.237624275983137, 34.369398584849634 ], [ 131.236392253556517, 34.369605910027495 ], [ 131.235340706217045, 34.370243813608248 ], [ 131.234924309976833, 34.370848490468056 ], [ 131.234269107256409, 34.372021571188341 ], [ 131.234320793977048, 34.372904773012152 ], [ 131.234171753696671, 34.373031262486784 ], [ 131.231936143193991, 34.372636558400146 ], [ 131.229765339284739, 34.372974668767149 ], [ 131.227493362366545, 34.373880636148904 ], [ 131.225126272134844, 34.374560300941823 ], [ 131.22424237523785, 34.375417139550436 ], [ 131.223624915486539, 34.37579285942455 ], [ 131.222741542336706, 34.377959583615684 ], [ 131.223512955334883, 34.378596591659942 ], [ 131.223036536094554, 34.380065044195518 ], [ 131.223379768256109, 34.379124774760541 ], [ 131.223745529950151, 34.378901232823445 ], [ 131.224350281012619, 34.379175496019016 ], [ 131.224320824433846, 34.378794808544818 ], [ 131.224785640696183, 34.378654147030595 ], [ 131.225026843796371, 34.378962513749023 ], [ 131.225116062148004, 34.37943831832208 ], [ 131.224651214374916, 34.379679977298572 ], [ 131.224530720136954, 34.379470718963177 ], [ 131.224080220635386, 34.379985613051275 ], [ 131.223597595665609, 34.379774549402121 ], [ 131.224057968981782, 34.38003051672608 ], [ 131.223745491056235, 34.381031593221756 ], [ 131.223867894136617, 34.381653586594879 ], [ 131.223671654361056, 34.382667249097757 ], [ 131.223451679988443, 34.38298727742027 ], [ 131.222782454477681, 34.383413149053574 ], [ 131.222443190106503, 34.383900019645267 ], [ 131.222568322250055, 34.38534423278157 ], [ 131.222325181335663, 34.385494766384006 ], [ 131.222259416578481, 34.385351850667348 ], [ 131.222280805259004, 34.385474562870215 ], [ 131.221325245567613, 34.385546492483321 ], [ 131.221150797153598, 34.385783196117622 ], [ 131.2215004210492, 34.386211432549246 ], [ 131.222698523997366, 34.386043053953181 ], [ 131.223340060943428, 34.386246328900619 ], [ 131.224075160579446, 34.387023613312202 ], [ 131.224156496077654, 34.387725568502724 ], [ 131.223929190738119, 34.388402751162737 ], [ 131.224072165152364, 34.389131240215157 ], [ 131.223262185823046, 34.389891263310645 ], [ 131.223428124294031, 34.39031455099839 ], [ 131.224148723540509, 34.390456171061757 ], [ 131.224417469948861, 34.39073587194158 ], [ 131.224735529135017, 34.391656992351415 ], [ 131.224732574766136, 34.392117574730975 ], [ 131.225233688690565, 34.392717399799501 ], [ 131.225209708906704, 34.393212048371169 ], [ 131.225429885703733, 34.393262478433648 ], [ 131.2259851036155, 34.392924183719337 ], [ 131.227320889560445, 34.391826461672167 ] ] ] } },
{ "type": "Feature", "properties": { "CITY_NAME": "長門市", "S_NAME": "三隅中", "JINKO": 2134, "medical_area": "35_長門医療圏", "町丁目名": "長門市三隅中" }, "geometry": { "type": "Polygon", "coordinates": [ [ [ 131.275318792694463, 34.390261432195985 ], [ 131.275865933721349, 34.389732542407899 ], [ 131.276367388815089, 34.38972084075683 ], [ 131.276351821497997, 34.389546764196865 ], [ 131.276573248781574, 34.389479916808043 ], [ 131.27689822722914, 34.389702167523566 ], [ 131.27722246067944, 34.389586484488774 ], [ 131.27821246152368, 34.389650451275259 ], [ 131.278792296728909, 34.389321103872241 ], [ 131.279393618076909, 34.388502414930251 ], [ 131.279718862212775, 34.388386733540699 ], [ 131.279856585128869, 34.388112770999776 ], [ 131.279475927047855, 34.387813354529357 ], [ 131.279494046687859, 34.387329346223332 ], [ 131.279186563460428, 34.387003555310095 ], [ 131.278954364381747, 34.386130919762465 ], [ 131.278630776246217, 34.385882481842572 ], [ 131.27854541324038, 34.38542391723103 ], [ 131.278732723665797, 34.384983531796365 ], [ 131.279255672750367, 34.384679824277583 ], [ 131.279982657762815, 34.384521976795263 ], [ 131.280277644663471, 34.384799925326924 ], [ 131.280118934227204, 34.384279553282319 ], [ 131.28048774999715, 34.383954015307758 ], [ 131.280571934920005, 34.383600354873053 ], [ 131.281255646375485, 34.383525153443152 ], [ 131.282259966423396, 34.383666661533766 ], [ 131.282431717088457, 34.383982591079558 ], [ 131.282303173079754, 34.3844107331009 ], [ 131.282982747291328, 34.385139542177235 ], [ 131.283562923160446, 34.384563233017943 ], [ 131.284207229577703, 34.384616481864256 ], [ 131.284663800269698, 34.38514547934605 ], [ 131.28464711075776, 34.385383278700353 ], [ 131.284939881825608, 34.38536468182896 ], [ 131.285002067127749, 34.385655450851154 ], [ 131.285805124782144, 34.386325698396021 ], [ 131.285390545448848, 34.386456106578436 ], [ 131.286093350146331, 34.386521604720528 ], [ 131.286132586766882, 34.386822063951861 ], [ 131.286497299512774, 34.386885966616163 ], [ 131.286598332013966, 34.38720757819609 ], [ 131.28666464286448, 34.386895342513135 ], [ 131.286425227024523, 34.386500472288454 ], [ 131.286826226288042, 34.386214871071743 ], [ 131.286684050705446, 34.385984942731326 ], [ 131.286909240568747, 34.385662858409589 ], [ 131.286822763185882, 34.38540346971736 ], [ 131.287195792981436, 34.384884253759871 ], [ 131.287388408694397, 34.384970299845364 ], [ 131.287973425473552, 34.384552619785921 ], [ 131.288076337404817, 34.384905802026204 ], [ 131.288277372148031, 34.385015430967691 ], [ 131.289044175165145, 34.384898389017479 ], [ 131.28931107837596, 34.384639708128034 ], [ 131.289506611678746, 34.384763803971822 ], [ 131.28987227684064, 34.384630213706281 ], [ 131.290246643099778, 34.385013373605744 ], [ 131.290803624671838, 34.384992997563515 ], [ 131.290705821934523, 34.384572239722573 ], [ 131.291012394871785, 34.384573592623113 ], [ 131.291109594970294, 34.384433566712836 ], [ 131.290598322661594, 34.383201144717439 ], [ 131.290730602142332, 34.383028972461695 ], [ 131.291219714499846, 34.383153338250182 ], [ 131.291233067219821, 34.382809867346523 ], [ 131.291513266128106, 34.382635230805803 ], [ 131.290760454743804, 34.381731969766783 ], [ 131.290770023655796, 34.381027013610584 ], [ 131.291600653139994, 34.380511910554254 ], [ 131.291764366493936, 34.380656342272196 ], [ 131.291739155474971, 34.380369502434235 ], [ 131.292147696713869, 34.380186769353955 ], [ 131.292987276700984, 34.380376604356037 ], [ 131.29281831736111, 34.380629654297671 ], [ 131.29380233500828, 34.379682194597819 ], [ 131.293847049817941, 34.378829582785492 ], [ 131.294108088040957, 34.37833067663167 ], [ 131.293902384130973, 34.377690529788239 ], [ 131.293927967856376, 34.377198674984186 ], [ 131.294383987221835, 34.376654393488856 ], [ 131.295392436857497, 34.375883033371686 ], [ 131.29568464041941, 34.375341944707827 ], [ 131.295137253796838, 34.3740925218383 ], [ 131.295158144183489, 34.373061686612537 ], [ 131.295745381762885, 34.372195895669201 ], [ 131.295477613240507, 34.371618980511094 ], [ 131.294501380033495, 34.370765565906048 ], [ 131.294198784999423, 34.369846804612138 ], [ 131.294319122778148, 34.368612847946714 ], [ 131.295148210618066, 34.367608763883673 ], [ 131.296239486007778, 34.365503427517091 ], [ 131.296793536167002, 34.365367349114727 ], [ 131.297083716809908, 34.3650086583743 ], [ 131.299393302160098, 34.364581605126475 ], [ 131.301406991707267, 34.363566839114178 ], [ 131.302632891069919, 34.363274329983355 ], [ 131.303465483943086, 34.362667020003592 ], [ 131.304055066319677, 34.362483825484091 ], [ 131.301648760429316, 34.36173702374937 ], [ 131.297384755050217, 34.359259320855543 ], [ 131.29659063046094, 34.35931678494854 ], [ 131.294894101806989, 34.359685889072125 ], [ 131.294171942851563, 34.360166016970553 ], [ 131.293566155740564, 34.360987154354881 ], [ 131.292261627129932, 34.361468608949451 ], [ 131.291125995790424, 34.362194249161064 ], [ 131.290010300804624, 34.362293038137409 ], [ 131.288514916972531, 34.363340483712456 ], [ 131.288004904642833, 34.363455992566209 ], [ 131.287425302556187, 34.363355479025053 ], [ 131.286666999436818, 34.362891378074295 ], [ 131.285938255766695, 34.362776122870358 ], [ 131.285022431884528, 34.3636225940458 ], [ 131.284011743667151, 34.364018878681478 ], [ 131.283535583183038, 34.364070380165444 ], [ 131.281632606738413, 34.363593472471095 ], [ 131.280032557221034, 34.364288177761509 ], [ 131.278018558500065, 34.365429356273808 ], [ 131.2772770997436, 34.365460594961618 ], [ 131.276747465123378, 34.365226996305203 ], [ 131.276060536068599, 34.365562890509352 ], [ 131.275533758433227, 34.36558088950926 ], [ 131.273724083854688, 34.364396834169689 ], [ 131.272661102745133, 34.365153122590129 ], [ 131.2714855966409, 34.36524905330463 ], [ 131.270306896674356, 34.365963344515826 ], [ 131.26925945032923, 34.365319523938744 ], [ 131.266712779037221, 34.365578327774614 ], [ 131.266744400068347, 34.36342318626545 ], [ 131.266572811978733, 34.362464042730899 ], [ 131.266164667108796, 34.361618386334328 ], [ 131.264987180094153, 34.360698603383412 ], [ 131.264276587358495, 34.358670688588887 ], [ 131.264604373553198, 34.357637326860548 ], [ 131.264462066842412, 34.35736525351782 ], [ 131.265451429384711, 34.356917413466597 ], [ 131.265830812124875, 34.356900204258075 ], [ 131.268246993489441, 34.352065891484685 ], [ 131.26980417679701, 34.351327778704714 ], [ 131.270686277814093, 34.350568217233281 ], [ 131.269813468536739, 34.349701412070864 ], [ 131.269502556240809, 34.348892536313684 ], [ 131.269766236901688, 34.348223245348514 ], [ 131.271104419763532, 34.347444345774854 ], [ 131.271478762720022, 34.345886434032984 ], [ 131.271918749685057, 34.345140107948922 ], [ 131.271924272018708, 34.343982255656101 ], [ 131.272319218204927, 34.343660737929149 ], [ 131.274209439314603, 34.343097139346327 ], [ 131.276155569140116, 34.343217097780027 ], [ 131.278622366368268, 34.342283481028254 ], [ 131.279466590982821, 34.341794322420412 ], [ 131.281533797206066, 34.341621930629664 ], [ 131.281681175999836, 34.34142212158168 ], [ 131.281765376210473, 34.340318492652855 ], [ 131.282665967715957, 34.339066788233424 ], [ 131.28333311999387, 34.338536169315148 ], [ 131.283547454600125, 34.338095960396082 ], [ 131.283828356760608, 34.337469020064582 ], [ 131.283837453874156, 34.336642065478955 ], [ 131.283007590359716, 34.33671694586981 ], [ 131.281482581907142, 34.336164912751428 ], [ 131.28014136219619, 34.336287629553702 ], [ 131.277114025133471, 34.335150532008292 ], [ 131.276218067772106, 34.334282814745755 ], [ 131.275204201354455, 34.333664392836106 ], [ 131.275265822016365, 34.332446688935519 ], [ 131.275659973778602, 34.332096143263065 ], [ 131.274856067382899, 34.330927208321569 ], [ 131.273899937867156, 34.330298192922193 ], [ 131.272968608831917, 34.330269413554326 ], [ 131.271804285730667, 34.329613066815519 ], [ 131.271504948774577, 34.329397325974078 ], [ 131.271085188945932, 34.328404132052057 ], [ 131.269837730499546, 34.328056344820695 ], [ 131.267827855134755, 34.326411147877934 ], [ 131.267427621561581, 34.326503840108671 ], [ 131.266075534223859, 34.327649590655966 ], [ 131.265024697161408, 34.328009886276881 ], [ 131.264786566094728, 34.327875581017828 ], [ 131.264692885479832, 34.327506832248901 ], [ 131.263830024764587, 34.326882093692923 ], [ 131.262639596632965, 34.32661199277792 ], [ 131.262091344011196, 34.326060563452891 ], [ 131.261832637272306, 34.326981532459797 ], [ 131.261139215662439, 34.327734052634518 ], [ 131.259279834595702, 34.328829534304717 ], [ 131.258397901736942, 34.328885540745503 ], [ 131.257903551338302, 34.329174869571276 ], [ 131.25761567409117, 34.329079481131217 ], [ 131.256462968591421, 34.329240096736818 ], [ 131.25567640514106, 34.328204822306517 ], [ 131.255359431297052, 34.328420941960182 ], [ 131.254752284999114, 34.328456288561753 ], [ 131.251538908681681, 34.328128766268982 ], [ 131.250226991570543, 34.328759456871218 ], [ 131.249584554276453, 34.329530940136578 ], [ 131.248101120650404, 34.329686321482214 ], [ 131.245651893620504, 34.33066804781393 ], [ 131.244885961039813, 34.330684964181664 ], [ 131.243816230405599, 34.331321492831002 ], [ 131.243255742284191, 34.331347835711618 ], [ 131.242400684282813, 34.333044689028299 ], [ 131.242414994927458, 34.334661470359279 ], [ 131.241182902075536, 34.335601575088809 ], [ 131.241927423325279, 34.335929491243981 ], [ 131.242326017193079, 34.336328040605565 ], [ 131.242077854030185, 34.33684961324964 ], [ 131.242205513012834, 34.337500378709741 ], [ 131.241742622920356, 34.337835097111572 ], [ 131.241980184178715, 34.338568112734201 ], [ 131.241976513141623, 34.339632026168509 ], [ 131.241812701508081, 34.340141278549595 ], [ 131.241588593912297, 34.340297073005843 ], [ 131.240285240322123, 34.340030007180893 ], [ 131.23842403942578, 34.340152135162541 ], [ 131.238004941112109, 34.340348563268343 ], [ 131.237760360064726, 34.340680838322832 ], [ 131.237991851564345, 34.342626373186306 ], [ 131.237754489236892, 34.343969542119481 ], [ 131.237773082440697, 34.346114634147654 ], [ 131.237830052083069, 34.346712900006217 ], [ 131.238038289776654, 34.347048469786834 ], [ 131.240815268426701, 34.348950736871345 ], [ 131.241379235805283, 34.349710881760096 ], [ 131.241616324482521, 34.350319237796775 ], [ 131.241773473122947, 34.350899663344741 ], [ 131.241468609229173, 34.352758199064304 ], [ 131.241024808196045, 34.35351735266979 ], [ 131.240191948453628, 34.354454015274086 ], [ 131.240041853825915, 34.354894353040585 ], [ 131.240124686945194, 34.356158824822195 ], [ 131.240386527085434, 34.356542127124939 ], [ 131.241492464472657, 34.357172396251634 ], [ 131.241846252065869, 34.35799771810138 ], [ 131.242900491443805, 34.358928470164578 ], [ 131.243216844254817, 34.362050880813264 ], [ 131.244872574446447, 34.364637536141807 ], [ 131.244259226996547, 34.364894801008738 ], [ 131.246127742775087, 34.365362702170664 ], [ 131.247770239595468, 34.366300368893079 ], [ 131.247708806058114, 34.367057629530343 ], [ 131.24794902971081, 34.368777866286344 ], [ 131.249992923246538, 34.371392163824133 ], [ 131.250054723805476, 34.371661115312371 ], [ 131.250973436600674, 34.372339070074723 ], [ 131.250213535769177, 34.37313899648268 ], [ 131.250401602191374, 34.373709499216616 ], [ 131.250632462687264, 34.373915338379156 ], [ 131.252883365389152, 34.374189790399207 ], [ 131.254353099830013, 34.374823788245386 ], [ 131.255699095582116, 34.374930436602966 ], [ 131.256953909059547, 34.375686057714766 ], [ 131.258146978906638, 34.376758150726573 ], [ 131.261156890665688, 34.377521515932195 ], [ 131.261417660629775, 34.37975710550424 ], [ 131.263285720171012, 34.380694532221675 ], [ 131.267146528725618, 34.383021107902394 ], [ 131.26834744784739, 34.383373481374569 ], [ 131.26843515587251, 34.384249440981769 ], [ 131.268151984011666, 34.385289037233363 ], [ 131.26745917846651, 34.385874728749329 ], [ 131.267339546725765, 34.386153039482657 ], [ 131.267437452233537, 34.386956526482969 ], [ 131.26796202391219, 34.387118139326297 ], [ 131.268040190274576, 34.387434241144781 ], [ 131.268141820385807, 34.387281729744835 ], [ 131.268403824293131, 34.387289990074912 ], [ 131.269902105073953, 34.387720167393582 ], [ 131.269872370836453, 34.388362698232342 ], [ 131.270054035568904, 34.388765200103101 ], [ 131.27019839286848, 34.38878780875595 ], [ 131.270034516201321, 34.388961558422487 ], [ 131.270152492595344, 34.389218507728089 ], [ 131.270455751105885, 34.389230586226248 ], [ 131.270363473090669, 34.389517550002019 ], [ 131.270618576606324, 34.389559984090383 ], [ 131.270976933170289, 34.389917715979607 ], [ 131.27130104058358, 34.389911070081318 ], [ 131.271428004107946, 34.390138361220629 ], [ 131.271870842697268, 34.390119903387735 ], [ 131.272416117079104, 34.389769619000056 ], [ 131.273034294060778, 34.389830903767717 ], [ 131.273418409257829, 34.389597487694239 ], [ 131.274188139458204, 34.389818625853813 ], [ 131.274359101552079, 34.390007360122738 ], [ 131.274270400655155, 34.389656954170526 ], [ 131.274537967567824, 34.389645384285181 ], [ 131.274659502090884, 34.389976169295792 ], [ 131.275246065373466, 34.390038199678393 ], [ 131.275318792694463, 34.390261432195985 ] ] ] } },
{ "type": "Feature", "properties": { "CITY_NAME": "長門市", "S_NAME": "三隅下", "JINKO": 2290, "medical_area": "35_長門医療圏", "町丁目名": "長門市三隅下" }, "geometry": { "type": "Polygon", "coordinates": [ [ [ 131.256529260721038, 34.389841953335655 ], [ 131.256428676614604, 34.389192122412894 ], [ 131.256682928463135, 34.388914543440436 ], [ 131.257240858076415, 34.388908683597236 ], [ 131.256872219046869, 34.388704094695221 ], [ 131.257047076242173, 34.388226608828816 ], [ 131.257339988317767, 34.38819103152764 ], [ 131.257428833558578, 34.387825595182889 ], [ 131.25770250998923, 34.387855655523701 ], [ 131.257692575779345, 34.38757329777193 ], [ 131.257891882522074, 34.387543222812653 ], [ 131.257602858399395, 34.387221045081759 ], [ 131.257615308393298, 34.386974208693395 ], [ 131.258081764616151, 34.386581004195421 ], [ 131.258637175104468, 34.386712176748091 ], [ 131.257977965834158, 34.386328656176396 ], [ 131.258013845343783, 34.385825901758963 ], [ 131.258632001134202, 34.385381554095375 ], [ 131.259047950160465, 34.385531553918163 ], [ 131.259205315671039, 34.385060267265708 ], [ 131.259580957942688, 34.384720470270693 ], [ 131.260665750765696, 34.384761033567997 ], [ 131.260709778712311, 34.384516117860422 ], [ 131.261139955638299, 34.384651849478253 ], [ 131.26142371638187, 34.384258124551323 ], [ 131.26215060101498, 34.384208555854357 ], [ 131.262591666802933, 34.38455523453581 ], [ 131.263121558417538, 34.384520405343771 ], [ 131.263533978880872, 34.384798409049147 ], [ 131.263720133830958, 34.385182081424219 ], [ 131.263651761851946, 34.385471753461147 ], [ 131.264150607230874, 34.386204812158354 ], [ 131.264903743871713, 34.385534219525958 ], [ 131.265331477301686, 34.385503983616104 ], [ 131.265608307396235, 34.385649416137227 ], [ 131.265635848647378, 34.385813723413136 ], [ 131.265473317622963, 34.385862111519153 ], [ 131.265605250718579, 34.386028030623194 ], [ 131.266044140771328, 34.386169161189883 ], [ 131.266079790727446, 34.386598488861218 ], [ 131.266250461767527, 34.386701726366795 ], [ 131.26637328988204, 34.386505986764696 ], [ 131.266577383509826, 34.38654270105954 ], [ 131.26703965687966, 34.386935576320546 ], [ 131.267131578713929, 34.386777501495381 ], [ 131.267322455150463, 34.386826795311983 ], [ 131.26745917846651, 34.385874728749329 ], [ 131.268151984011666, 34.385289037233363 ], [ 131.26843515587251, 34.384249440981769 ], [ 131.26834744784739, 34.383373481374569 ], [ 131.267146528725618, 34.383021107902394 ], [ 131.263285720171012, 34.380694532221675 ], [ 131.261417660629775, 34.37975710550424 ], [ 131.261156890665688, 34.377521515932195 ], [ 131.258146978906638, 34.376758150726573 ], [ 131.256953909059547, 34.375686057714766 ], [ 131.255699095582116, 34.374930436602966 ], [ 131.254353099830013, 34.374823788245386 ], [ 131.252883365389152, 34.374189790399207 ], [ 131.250980653561584, 34.374057539953569 ], [ 131.250401602191374, 34.373709499216616 ], [ 131.250213535769177, 34.37313899648268 ], [ 131.250973436600674, 34.372339070074723 ], [ 131.250054723805476, 34.371661115312371 ], [ 131.249992923246538, 34.371392163824133 ], [ 131.24794902971081, 34.368777866286344 ], [ 131.247708806058114, 34.367057629530343 ], [ 131.247770239595468, 34.366300368893079 ], [ 131.246127742775087, 34.365362702170664 ], [ 131.244259226996547, 34.364894801008738 ], [ 131.244872574446447, 34.364637536141807 ], [ 131.243216844254817, 34.362050880813264 ], [ 131.242900491443805, 34.358928470164578 ], [ 131.241846252065869, 34.35799771810138 ], [ 131.241492464472657, 34.357172396251634 ], [ 131.240386527085434, 34.356542127124939 ], [ 131.240124686945194, 34.356158824822195 ], [ 131.240041853825915, 34.354894353040585 ], [ 131.240191948453628, 34.354454015274086 ], [ 131.241024808196045, 34.35351735266979 ], [ 131.241468609229173, 34.352758199064304 ], [ 131.241773473122947, 34.350899663344741 ], [ 131.241379235805283, 34.349710881760096 ], [ 131.240815268426701, 34.348950736871345 ], [ 131.238038289776654, 34.347048469786834 ], [ 131.237830052083069, 34.346712900006217 ], [ 131.237754489236892, 34.343969542119481 ], [ 131.237991851564345, 34.342626373186306 ], [ 131.237851671837802, 34.341490652601152 ], [ 131.236596337123473, 34.341846955224781 ], [ 131.23628008634094, 34.341803563632581 ], [ 131.23491843680489, 34.340806462346158 ], [ 131.231864612969304, 34.339806997984127 ], [ 131.230559892528731, 34.340046077775895 ], [ 131.229407656239573, 34.339989933548409 ], [ 131.229142742087674, 34.339790978967322 ], [ 131.228915126017284, 34.339293677906738 ], [ 131.228735803221383, 34.338258930347948 ], [ 131.227078619584802, 34.337504584350626 ], [ 131.224934003825354, 34.33868840666306 ], [ 131.22356983978429, 34.33914726406995 ], [ 131.221281083730247, 34.338117928893944 ], [ 131.220764877071275, 34.337623454426883 ], [ 131.218037940383198, 34.33679449296411 ], [ 131.217626120576114, 34.337329813649617 ], [ 131.217572532766866, 34.33899325759679 ], [ 131.217237608614596, 34.339590589015849 ], [ 131.216825870710693, 34.340936422230236 ], [ 131.216769971423162, 34.34176552190057 ], [ 131.216207858943193, 34.343341901171975 ], [ 131.21450347154169, 34.344412701251073 ], [ 131.21308220868687, 34.344722497823376 ], [ 131.212880288198136, 34.345535982061072 ], [ 131.211512589090319, 34.346783825933692 ], [ 131.210277856512761, 34.346786145014349 ], [ 131.209480512031405, 34.3464483165655 ], [ 131.207876175104673, 34.346194771984315 ], [ 131.207620754642335, 34.346349846294977 ], [ 131.207056462551378, 34.348236601126303 ], [ 131.206409430076775, 34.348654991584652 ], [ 131.206315948250307, 34.349662454675325 ], [ 131.205313010856287, 34.350731957409295 ], [ 131.205431251493223, 34.352181854615772 ], [ 131.204187392608077, 34.35325480105778 ], [ 131.203996220495526, 34.353684778205661 ], [ 131.20479276528846, 34.3555325986692 ], [ 131.2046237431436, 34.356674554235681 ], [ 131.203431706132108, 34.357739584135345 ], [ 131.203246052720885, 34.358146357064044 ], [ 131.203360178337562, 34.358606342360268 ], [ 131.203061647009406, 34.359390458439748 ], [ 131.202443091846078, 34.359679720723527 ], [ 131.201651575756216, 34.361005667433218 ], [ 131.201719816293235, 34.361415566463798 ], [ 131.201567085952803, 34.362015441032888 ], [ 131.202156161164652, 34.362976850568309 ], [ 131.201555481724341, 34.363850702206491 ], [ 131.201760517455881, 34.364278441034436 ], [ 131.201765935451988, 34.365380061149928 ], [ 131.202955153370766, 34.365827526723315 ], [ 131.2032398459815, 34.36624997426253 ], [ 131.203242444736986, 34.366652170637266 ], [ 131.203539001847872, 34.367262203870773 ], [ 131.20378898211851, 34.367520127143969 ], [ 131.204622501606792, 34.367761931604214 ], [ 131.205487215004496, 34.368787479139236 ], [ 131.206584979649534, 34.369141788649593 ], [ 131.20701894496068, 34.370001383445945 ], [ 131.207836616252791, 34.370621690082118 ], [ 131.208271792526318, 34.37118405722174 ], [ 131.208718625467469, 34.372666932661872 ], [ 131.209449015222646, 34.372684347272468 ], [ 131.209786934161542, 34.3723255291277 ], [ 131.210948737406454, 34.371793675928942 ], [ 131.213699838323947, 34.371192056655062 ], [ 131.213889312583888, 34.371359469611143 ], [ 131.214539753182947, 34.371049833236654 ], [ 131.216300872242925, 34.370974339823583 ], [ 131.216334133081233, 34.3711125049579 ], [ 131.216533111842409, 34.37110869601031 ], [ 131.216528986983434, 34.371472801219888 ], [ 131.216807240110541, 34.371482142415978 ], [ 131.216818056146622, 34.371104566137554 ], [ 131.217065857066302, 34.371110009359526 ], [ 131.217081769583444, 34.372015331566239 ], [ 131.217450235048972, 34.372505016341393 ], [ 131.219144975260491, 34.373879450041862 ], [ 131.219068914350061, 34.373972678467524 ], [ 131.21994753451645, 34.374835925202824 ], [ 131.220763825154847, 34.375246931100392 ], [ 131.224024960130066, 34.373870184034487 ], [ 131.224676233026429, 34.373288353357125 ], [ 131.226009139146981, 34.373490598240096 ], [ 131.22726870796518, 34.373256008275014 ], [ 131.227493362366545, 34.373880636148904 ], [ 131.229765339284739, 34.372974668767149 ], [ 131.231194096615951, 34.372679350327623 ], [ 131.232673823870101, 34.37270346264237 ], [ 131.234171753696671, 34.373031262486784 ], [ 131.234320793977048, 34.372904773012152 ], [ 131.234269107256409, 34.372021571188341 ], [ 131.234924309976833, 34.370848490468056 ], [ 131.235340706217045, 34.370243813608248 ], [ 131.236392253556517, 34.369605910027495 ], [ 131.237624275983137, 34.369398584849634 ], [ 131.239993763766932, 34.370030390294673 ], [ 131.240958268705754, 34.369817774184689 ], [ 131.242045027966839, 34.369208964345781 ], [ 131.242297439379371, 34.370401892715805 ], [ 131.243860853707162, 34.370965847113489 ], [ 131.24466950394077, 34.373129141773489 ], [ 131.243192848147345, 34.373323147252009 ], [ 131.243001454694166, 34.373424118524099 ], [ 131.242824923159901, 34.373903988826292 ], [ 131.243352579552379, 34.375670752145524 ], [ 131.24439514299516, 34.376889468084485 ], [ 131.243701674868362, 34.377222337146115 ], [ 131.24296800799371, 34.37850643947953 ], [ 131.241895095820013, 34.378231154547272 ], [ 131.241174629107775, 34.37826742321564 ], [ 131.240442921452342, 34.378560390603411 ], [ 131.239158382424165, 34.379633487131024 ], [ 131.238647494789461, 34.380400131089246 ], [ 131.238525589769807, 34.38082263273602 ], [ 131.238753045705863, 34.383113041729978 ], [ 131.239243088581873, 34.384590564176179 ], [ 131.240031779950669, 34.385860323043822 ], [ 131.240789164382704, 34.38680403440204 ], [ 131.241298159616548, 34.386797031876569 ], [ 131.241225477982738, 34.386191629325303 ], [ 131.241468322939909, 34.385965409545058 ], [ 131.241789197201172, 34.385959662207291 ], [ 131.241725575127703, 34.385611255524054 ], [ 131.241998630441913, 34.385110302667705 ], [ 131.242346868170131, 34.384887551303734 ], [ 131.242520097794483, 34.384957314849188 ], [ 131.24254677065511, 34.384216448300606 ], [ 131.243394697124756, 34.383749541661309 ], [ 131.243787054880329, 34.383670512203466 ], [ 131.243905442550215, 34.38388325818093 ], [ 131.243938788091413, 34.383616577582877 ], [ 131.244577942531748, 34.383344732326321 ], [ 131.24575698551746, 34.383422893549074 ], [ 131.246549916737706, 34.383902140247301 ], [ 131.248878778467741, 34.383353469671057 ], [ 131.249348022907668, 34.383499393281035 ], [ 131.248875895467165, 34.38332189493012 ], [ 131.247610815353596, 34.383551319049737 ], [ 131.247599234874258, 34.382917491657487 ], [ 131.248287872115384, 34.382695442985167 ], [ 131.24753040186846, 34.382748364806716 ], [ 131.247159969408131, 34.382020852547328 ], [ 131.248265708895474, 34.381537810663765 ], [ 131.249085019525069, 34.3816015594494 ], [ 131.249057337194103, 34.38204309652447 ], [ 131.249651603651813, 34.38209078768562 ], [ 131.249702116197483, 34.381651253005778 ], [ 131.251930015913644, 34.381777910421988 ], [ 131.252049779081062, 34.382862458075039 ], [ 131.249871515166717, 34.382864216726041 ], [ 131.249351143136352, 34.38301992133777 ], [ 131.25249637386105, 34.382896357044686 ], [ 131.255412438267001, 34.383836772497062 ], [ 131.25578054510845, 34.383588914237812 ], [ 131.256521116388342, 34.384386766156176 ], [ 131.256157947002919, 34.384586910953296 ], [ 131.256505576527985, 34.384417358214506 ], [ 131.256714489440384, 34.384706550595354 ], [ 131.256526410813706, 34.384806011746107 ], [ 131.256511920868377, 34.385638118698125 ], [ 131.256131670381365, 34.38579925853702 ], [ 131.255936039145467, 34.385593273192768 ], [ 131.256001444424044, 34.384977909100115 ], [ 131.255916468552186, 34.384893465263126 ], [ 131.255901297227012, 34.385584844508898 ], [ 131.255994109467565, 34.385846974472202 ], [ 131.255644065057169, 34.386136522412251 ], [ 131.255886747195063, 34.386718817489651 ], [ 131.255876145090809, 34.389295213295398 ], [ 131.256004698898806, 34.389677617963486 ], [ 131.256529260721038, 34.389841953335655 ] ] ] } },
{ "type": "Feature", "properties": { "CITY_NAME": "長門市", "S_NAME": "三隅下", "JINKO": 0, "medical_area": "35_長門医療圏", "町丁目名": "長門市三隅下" }, "geometry": { "type": "Polygon", "coordinates": [ [ [ 131.255415860213475, 34.394014833308248 ], [ 131.255550570641105, 34.394128522922784 ], [ 131.255798479419752, 34.39393569749398 ], [ 131.256390949975781, 34.393857977286068 ], [ 131.257467779215574, 34.39394809234949 ], [ 131.257824025140422, 34.393394477140937 ], [ 131.257400389790604, 34.39294776626059 ], [ 131.255708018870394, 34.392558398418672 ], [ 131.254455873250635, 34.391786328396527 ], [ 131.253866409967884, 34.391589101795297 ], [ 131.253610152753794, 34.391355478185112 ], [ 131.253509842893664, 34.390876933331171 ], [ 131.253139428146369, 34.390741623757727 ], [ 131.252733868372701, 34.390331092616002 ], [ 131.252787967963911, 34.391151019617183 ], [ 131.252372567837227, 34.391650087894995 ], [ 131.252877112526079, 34.392551692761792 ], [ 131.252998542908387, 34.393189145282051 ], [ 131.253457627278777, 34.393476540698558 ], [ 131.253626810178105, 34.393919538371925 ], [ 131.253933805436816, 34.394090293678289 ], [ 131.254739804577639, 34.394277579913862 ], [ 131.255415860213475, 34.394014833308248 ] ] ] } },
{ "type": "Feature", "properties": { "CITY_NAME": "長門市", "S_NAME": "日置上", "JINKO": 2428, "medical_area": "35_長門医療圏", "町丁目名": "長門市日置上" }, "geometry": { "type": "Polygon", "coordinates": [ [ [ 131.132009808999129, 34.418114149858795 ], [ 131.131673057161208, 34.417373905380629 ], [ 131.13200898957021, 34.417216308334929 ], [ 131.13192433440463, 34.416755828978573 ], [ 131.132361510325325, 34.416058190571356 ], [ 131.132006122153541, 34.415857701734303 ], [ 131.131285848952132, 34.416047258408469 ], [ 131.131875832141759, 34.415576289285355 ], [ 131.131293029065347, 34.415555158939384 ], [ 131.131173034386563, 34.414880696366893 ], [ 131.130987348151365, 34.414674456258297 ], [ 131.131109470316005, 34.414213050600736 ], [ 131.131559925377104, 34.414201509967491 ], [ 131.131300194075834, 34.414093809411213 ], [ 131.131106287806944, 34.413679309345426 ], [ 131.13135013222012, 34.413043141960799 ], [ 131.131326720455519, 34.412385697201799 ], [ 131.130825604920318, 34.411828019122424 ], [ 131.130712327076623, 34.410961618257438 ], [ 131.131422955277742, 34.410317567002082 ], [ 131.131547137418153, 34.410390738318057 ], [ 131.131233827788407, 34.410748687822597 ], [ 131.131265566274152, 34.410910380893135 ], [ 131.131690384347166, 34.410502806763674 ], [ 131.132389243103262, 34.410550271543777 ], [ 131.13235585118133, 34.41026052256322 ], [ 131.13200929544297, 34.409959249529543 ], [ 131.132296228596601, 34.409272871846781 ], [ 131.133268419433762, 34.408935842672101 ], [ 131.133833742019078, 34.408957801665956 ], [ 131.133740050323297, 34.408706421158534 ], [ 131.134014654456109, 34.408219110786334 ], [ 131.13426354801868, 34.408059926775771 ], [ 131.134678863571878, 34.408069771038008 ], [ 131.135250879887593, 34.407283948664229 ], [ 131.135968099521278, 34.406982497908245 ], [ 131.135529195872863, 34.405345386741892 ], [ 131.136141664240398, 34.405248566694581 ], [ 131.136337639482377, 34.404519154592691 ], [ 131.137389468142487, 34.403363243691537 ], [ 131.138012215586201, 34.402952947436972 ], [ 131.138417452268413, 34.402187404919601 ], [ 131.138733451571653, 34.401075723750871 ], [ 131.139446016642978, 34.400523768454562 ], [ 131.139488413784107, 34.39900861897717 ], [ 131.139217116032142, 34.398606156684032 ], [ 131.138584552412908, 34.39821770008686 ], [ 131.138443058602093, 34.397872954061498 ], [ 131.138582254041836, 34.396988822275844 ], [ 131.139391086182627, 34.395849871772384 ], [ 131.139316271818757, 34.395568933007787 ], [ 131.138870958963139, 34.395168528114134 ], [ 131.139413618886948, 34.394186791179052 ], [ 131.139318758923935, 34.393314213927638 ], [ 131.139449207561313, 34.393053875013514 ], [ 131.139284057952352, 34.393310400112888 ], [ 131.139385320992517, 34.394013437795216 ], [ 131.139274572982742, 34.393996306712964 ], [ 131.138861922139228, 34.394837572396028 ], [ 131.13803488711315, 34.394617774917613 ], [ 131.13803068256658, 34.393982179995547 ], [ 131.137840760930374, 34.393679563007751 ], [ 131.138209101357404, 34.393530254604393 ], [ 131.137815067724063, 34.393647794063334 ], [ 131.137243387085533, 34.392730629434226 ], [ 131.138128875232354, 34.392351286150408 ], [ 131.138777384104401, 34.393301631286192 ], [ 131.138650629400757, 34.393085894573098 ], [ 131.138920994110606, 34.392937730774833 ], [ 131.13862494507768, 34.393053280167827 ], [ 131.137818352674969, 34.391691559722815 ], [ 131.139234985033852, 34.390741549827219 ], [ 131.137797367338663, 34.391629122920719 ], [ 131.137487870968073, 34.391059555419119 ], [ 131.13764259218857, 34.390947184231912 ], [ 131.136974438957623, 34.391159746569329 ], [ 131.137521074892732, 34.390921792393236 ], [ 131.138356431375882, 34.389929989830343 ], [ 131.138930360116859, 34.390308097249303 ], [ 131.138827174900484, 34.390562326284766 ], [ 131.139400448522082, 34.389923419555323 ], [ 131.138534733000398, 34.389313114628791 ], [ 131.140876565387458, 34.387387390016876 ], [ 131.141501918885581, 34.386668621841231 ], [ 131.141903982449605, 34.386509725718753 ], [ 131.142156196927971, 34.385889804007974 ], [ 131.141725607202318, 34.385440931806542 ], [ 131.141855367314918, 34.385416807405704 ], [ 131.142005721770801, 34.384852797188785 ], [ 131.142330872562297, 34.384849186356227 ], [ 131.142753584009199, 34.384430855718826 ], [ 131.142990016931378, 34.384387762770913 ], [ 131.143146755898016, 34.382586068588353 ], [ 131.143313845142671, 34.382439847814148 ], [ 131.142726668384483, 34.381945295568414 ], [ 131.14190345509661, 34.381797248369217 ], [ 131.141257419951955, 34.381344733185472 ], [ 131.140697967867055, 34.380626153767722 ], [ 131.139952853651124, 34.380212241446074 ], [ 131.138611521230388, 34.377989587723683 ], [ 131.137748840772446, 34.377835545218069 ], [ 131.136844125326235, 34.377423791871173 ], [ 131.136306163231069, 34.37681398216003 ], [ 131.135402933844773, 34.376393218474711 ], [ 131.135084153723682, 34.375913999174422 ], [ 131.133241914213073, 34.37529821695712 ], [ 131.132019255088466, 34.374406367151821 ], [ 131.131577148496177, 34.374419241632808 ], [ 131.13002105310062, 34.375286820167631 ], [ 131.129781135600012, 34.376007946488194 ], [ 131.128952805099459, 34.376281353033534 ], [ 131.128703333750735, 34.376997887573047 ], [ 131.127971714214056, 34.377466491645031 ], [ 131.127701528755324, 34.375653047473044 ], [ 131.127410659600798, 34.375297019891157 ], [ 131.127768913653966, 34.374624376385363 ], [ 131.128332741313756, 34.37457029622859 ], [ 131.128167475490528, 34.373361740872156 ], [ 131.127851238415985, 34.373045220396776 ], [ 131.127902409553712, 34.372442645058854 ], [ 131.129613664896937, 34.370235721279947 ], [ 131.129785343402602, 34.368722954467394 ], [ 131.131418050880882, 34.368226750748761 ], [ 131.130126952152494, 34.366735523935716 ], [ 131.130093558740725, 34.366336329852629 ], [ 131.130267029097723, 34.366015939789115 ], [ 131.129528589039893, 34.364928306979692 ], [ 131.129293759217859, 34.364024116019841 ], [ 131.129333302878251, 34.363695828609217 ], [ 131.129616791646015, 34.363317353127627 ], [ 131.129623074962154, 34.362365345225946 ], [ 131.129809236659469, 34.361675591248854 ], [ 131.129280317042912, 34.360233910506246 ], [ 131.129370559784178, 34.358803537059515 ], [ 131.12879574135178, 34.358668644532095 ], [ 131.127828846241613, 34.359178517772001 ], [ 131.125634385175175, 34.359586658960879 ], [ 131.122825991587092, 34.359519754930609 ], [ 131.122084746242336, 34.358794336523928 ], [ 131.121088966531744, 34.359636758880498 ], [ 131.119732755035415, 34.360272544946739 ], [ 131.116914046440826, 34.360697861009214 ], [ 131.115675949896882, 34.361045853266504 ], [ 131.11293143015169, 34.362414763779142 ], [ 131.110769700783237, 34.362923633105176 ], [ 131.111528819350099, 34.364021415782226 ], [ 131.111590639531954, 34.364395223632059 ], [ 131.111557985561319, 34.364879918865533 ], [ 131.111180547693976, 34.365747448484242 ], [ 131.111401023398997, 34.366378989393958 ], [ 131.111086645158252, 34.366497132277352 ], [ 131.110798333349123, 34.36712414116321 ], [ 131.111080387792043, 34.367992854553989 ], [ 131.1109845801071, 34.368474046046472 ], [ 131.110506494434844, 34.368126929592215 ], [ 131.110019132044414, 34.367998341909747 ], [ 131.1099493082626, 34.367423318256542 ], [ 131.109331578801516, 34.366807218950498 ], [ 131.108521239652418, 34.366676963001311 ], [ 131.107890778346729, 34.366203294895435 ], [ 131.107449467290877, 34.36629061028043 ], [ 131.107296855156022, 34.366721724611807 ], [ 131.107045019825676, 34.366877305652459 ], [ 131.107546643328106, 34.36743127976694 ], [ 131.108054258153231, 34.368434923074631 ], [ 131.108187999610891, 34.368417346974596 ], [ 131.108075521305864, 34.369216590537768 ], [ 131.107481802931204, 34.370216760804482 ], [ 131.107771533366446, 34.371661802518865 ], [ 131.107476712805862, 34.372147607406234 ], [ 131.106206760749899, 34.373355740271919 ], [ 131.105997251013946, 34.374094277524513 ], [ 131.106404665688586, 34.37628393358446 ], [ 131.106676664858355, 34.376694920550804 ], [ 131.107778340685513, 34.377543833862937 ], [ 131.107993533506715, 34.378190264183395 ], [ 131.107454239405627, 34.379746322428815 ], [ 131.107428821000809, 34.380543931330173 ], [ 131.106323259111946, 34.381523753557993 ], [ 131.105911100328029, 34.382458446207096 ], [ 131.102673645768817, 34.383261405481022 ], [ 131.102030829558004, 34.383615708845717 ], [ 131.100910692283435, 34.384603802449831 ], [ 131.10049572260408, 34.384748933941324 ], [ 131.097748515752158, 34.384740456440412 ], [ 131.095845287242469, 34.383689910313691 ], [ 131.095120109089066, 34.383725819333002 ], [ 131.09474994203984, 34.384134729435495 ], [ 131.094560672646224, 34.384820322475065 ], [ 131.094606811696593, 34.386051549893523 ], [ 131.092968338329456, 34.386514834352276 ], [ 131.093221614188849, 34.387117679082131 ], [ 131.094798078476202, 34.386468336515527 ], [ 131.095213591813376, 34.387360513881973 ], [ 131.097619831750933, 34.387836254932132 ], [ 131.09765438397298, 34.388965963935135 ], [ 131.098912187206651, 34.388919622644345 ], [ 131.099100512821195, 34.394087549769417 ], [ 131.099422674324103, 34.394189668313274 ], [ 131.099527370234625, 34.394435536012551 ], [ 131.102167042322208, 34.393947232681136 ], [ 131.102487121205712, 34.394522612916923 ], [ 131.10239226767041, 34.394847030028544 ], [ 131.102681328352162, 34.395162114686237 ], [ 131.102245104341762, 34.396029531576083 ], [ 131.102528836062646, 34.396591636625779 ], [ 131.102524387092501, 34.397272653310132 ], [ 131.103270323453614, 34.397823426026555 ], [ 131.104991669397236, 34.398572689935577 ], [ 131.105731363775561, 34.39912860601769 ], [ 131.108073845099796, 34.399415281154127 ], [ 131.10830752436749, 34.399569574489291 ], [ 131.108468483856427, 34.400323862745914 ], [ 131.108154795374134, 34.400902614438124 ], [ 131.108460739261346, 34.402485706895853 ], [ 131.107037154657206, 34.40325091711739 ], [ 131.105867344128114, 34.404649230608463 ], [ 131.105803011891396, 34.404999554451578 ], [ 131.105932218735717, 34.405998530223656 ], [ 131.107027815949436, 34.40873889766204 ], [ 131.107698450036679, 34.409871738750574 ], [ 131.108683273080857, 34.41079544676294 ], [ 131.110127324475229, 34.411889758641621 ], [ 131.110903048109094, 34.411530370408066 ], [ 131.111139151697216, 34.411264633669063 ], [ 131.111162373596954, 34.41097916876766 ], [ 131.111351950027114, 34.411041094829905 ], [ 131.111099967763067, 34.410319542814499 ], [ 131.111136085715941, 34.409697813853832 ], [ 131.112190826631064, 34.409029944808843 ], [ 131.112042204525522, 34.408650874512944 ], [ 131.112087913213941, 34.408563794058686 ], [ 131.112212624765448, 34.409026471685678 ], [ 131.113437172812979, 34.409046050429936 ], [ 131.114853326574092, 34.409487453222184 ], [ 131.115251100638744, 34.409942475590626 ], [ 131.115124451990908, 34.410419184394193 ], [ 131.115347889474691, 34.410383216991811 ], [ 131.115632087994044, 34.410787818405623 ], [ 131.116526318803778, 34.410870304455344 ], [ 131.1183479773226, 34.411499819380282 ], [ 131.118860783541095, 34.411116570910025 ], [ 131.121042652444089, 34.410953131197438 ], [ 131.12141551884838, 34.411057319106092 ], [ 131.121447828938329, 34.411437213037544 ], [ 131.121637453744711, 34.411577582683194 ], [ 131.122159031553167, 34.411273699808419 ], [ 131.122393812738807, 34.411466008215328 ], [ 131.122630643752132, 34.411228147724422 ], [ 131.122948847117755, 34.411265233314012 ], [ 131.123084609708201, 34.411717987124703 ], [ 131.123511573342682, 34.411585560142356 ], [ 131.123287457984532, 34.411936076897177 ], [ 131.123377723079699, 34.412023334758423 ], [ 131.124537676744069, 34.411114678423871 ], [ 131.126181701905921, 34.411425185832861 ], [ 131.127169288177271, 34.411872641716563 ], [ 131.126788238369443, 34.412339166553949 ], [ 131.12727529984943, 34.412355843484818 ], [ 131.127448493108602, 34.412245613479094 ], [ 131.127378535926539, 34.412014151895022 ], [ 131.127815275117854, 34.411970109809296 ], [ 131.128539610276448, 34.412239525026052 ], [ 131.129161889592041, 34.413285048522184 ], [ 131.128696717558086, 34.41404652839033 ], [ 131.129191016945441, 34.414268912547051 ], [ 131.128980148885091, 34.414607861297632 ], [ 131.129500538937378, 34.414397747146644 ], [ 131.129928999772886, 34.414495051331158 ], [ 131.129426105822091, 34.415317488778406 ], [ 131.129375906488775, 34.415768796789884 ], [ 131.129012282531022, 34.416145185529444 ], [ 131.129361597890522, 34.416135471821583 ], [ 131.128877588524716, 34.417181609247613 ], [ 131.129162980908745, 34.417681685126382 ], [ 131.129405189301536, 34.417708952637355 ], [ 131.129723097575322, 34.417339359071065 ], [ 131.129956012310572, 34.417767712541561 ], [ 131.129721840793849, 34.417963210898534 ], [ 131.129775078505929, 34.418145792648325 ], [ 131.130096219081253, 34.417865389703913 ], [ 131.130706406298174, 34.417783085696378 ], [ 131.130880343714267, 34.417964012388786 ], [ 131.131448915216936, 34.41772809951614 ], [ 131.131620679178383, 34.417830547865549 ], [ 131.131523593583807, 34.418115528730716 ], [ 131.131630784920333, 34.418505910993652 ], [ 131.131773828548887, 34.418553040837956 ], [ 131.132009808999129, 34.418114149858795 ] ] ] } },
{ "type": "Feature", "properties": { "CITY_NAME": "長門市", "S_NAME": "日置中", "JINKO": 1140, "medical_area": "35_長門医療圏", "町丁目名": "長門市日置中" }, "geometry": { "type": "Polygon", "coordinates": [ [ [ 131.094758625579402, 34.420648244303209 ], [ 131.095230390258763, 34.420595614803119 ], [ 131.095347754644337, 34.420263088904989 ], [ 131.095584441584208, 34.420210229443093 ], [ 131.095426009576414, 34.419245917821932 ], [ 131.095822643778291, 34.419792133314097 ], [ 131.096177830304129, 34.419743831041338 ], [ 131.096395548934936, 34.419478946783201 ], [ 131.096626729126854, 34.419517877866866 ], [ 131.096500222627043, 34.420314602018003 ], [ 131.096799372590596, 34.420568796089142 ], [ 131.097920889655398, 34.42014670797807 ], [ 131.098050851859398, 34.419853195176678 ], [ 131.097530294166177, 34.419213075837675 ], [ 131.098117557282563, 34.419400205243136 ], [ 131.098230152623813, 34.418753932897019 ], [ 131.098358662135638, 34.419000294780616 ], [ 131.099078060004359, 34.419489736156173 ], [ 131.099191807713311, 34.419440300994978 ], [ 131.098981610132682, 34.419034615845263 ], [ 131.099056835212167, 34.418846802012091 ], [ 131.099138962621367, 34.419064867666918 ], [ 131.099694659036771, 34.41916156237825 ], [ 131.099982509923308, 34.419108294429591 ], [ 131.100109523822653, 34.418877686238652 ], [ 131.100354044007389, 34.418977155141647 ], [ 131.10092996500714, 34.418518747717734 ], [ 131.100911151945127, 34.418287008369234 ], [ 131.101121431020886, 34.418171646095701 ], [ 131.100969568100027, 34.417367978131352 ], [ 131.101294970548878, 34.4175294248627 ], [ 131.101436841451573, 34.417319652947747 ], [ 131.10222809114282, 34.416948901217481 ], [ 131.10264135354879, 34.417212107408439 ], [ 131.103413011686399, 34.416924991032111 ], [ 131.103415702419198, 34.416370587363112 ], [ 131.103201904592055, 34.416154054798284 ], [ 131.103452986764211, 34.41591649520052 ], [ 131.104122015475269, 34.416685921043431 ], [ 131.104523121571134, 34.416365713022529 ], [ 131.104852542393985, 34.416465065036213 ], [ 131.105047621945886, 34.416092635510431 ], [ 131.104665209769621, 34.415627713117232 ], [ 131.10494440431421, 34.415827625303933 ], [ 131.105216918782048, 34.415783087173118 ], [ 131.104812883710963, 34.415388266043259 ], [ 131.105278119148124, 34.41533202141283 ], [ 131.105414743083799, 34.415106000360424 ], [ 131.10566838697801, 34.415350624974238 ], [ 131.105964816581775, 34.415222481255135 ], [ 131.10621002417983, 34.414836963226513 ], [ 131.105919355350039, 34.414516236457629 ], [ 131.106088282606748, 34.414060611591658 ], [ 131.107353324578526, 34.414580095160666 ], [ 131.107391823117013, 34.414283778429358 ], [ 131.107626582805409, 34.414388641603232 ], [ 131.107783780923, 34.414255624773084 ], [ 131.107705619025495, 34.4139844959154 ], [ 131.107843377750982, 34.41376214615449 ], [ 131.108852879511375, 34.413580732738893 ], [ 131.109091158217552, 34.413062601301228 ], [ 131.109063527899849, 34.412665700784608 ], [ 131.109435224509326, 34.412518341640336 ], [ 131.10946463498081, 34.412686359703613 ], [ 131.110127324475229, 34.411889758641621 ], [ 131.108683273080857, 34.41079544676294 ], [ 131.107478274470225, 34.409595152533377 ], [ 131.105848626430145, 34.405660303312359 ], [ 131.105867344128114, 34.404649230608463 ], [ 131.1066650921004, 34.403618435361032 ], [ 131.107037154657206, 34.40325091711739 ], [ 131.108460739261346, 34.402485706895853 ], [ 131.108154795374134, 34.400902614438124 ], [ 131.108468483856427, 34.400323862745914 ], [ 131.10830752436749, 34.399569574489291 ], [ 131.108073845099796, 34.399415281154127 ], [ 131.105731363775561, 34.39912860601769 ], [ 131.104991669397236, 34.398572689935577 ], [ 131.103270323453614, 34.397823426026555 ], [ 131.102524387092501, 34.397272653310132 ], [ 131.102528836062646, 34.396591636625779 ], [ 131.102245104341762, 34.396029531576083 ], [ 131.102681328352162, 34.395162114686237 ], [ 131.10239226767041, 34.394847030028544 ], [ 131.102487121205712, 34.394522612916923 ], [ 131.102167042322208, 34.393947232681136 ], [ 131.099527370234625, 34.394435536012551 ], [ 131.099422674324103, 34.394189668313274 ], [ 131.099100512821195, 34.394087549769417 ], [ 131.098912187206651, 34.388919622644345 ], [ 131.09765438397298, 34.388965963935135 ], [ 131.097619831750933, 34.387836254932132 ], [ 131.095213591813376, 34.387360513881973 ], [ 131.094798078476202, 34.386468336515527 ], [ 131.093221614188849, 34.387117679082131 ], [ 131.092968338329456, 34.386514834352276 ], [ 131.094606811696593, 34.386051549893523 ], [ 131.094560672646224, 34.384820322475065 ], [ 131.09474994203984, 34.384134729435495 ], [ 131.095120109089066, 34.383725819333002 ], [ 131.095845287242469, 34.383689910313691 ], [ 131.097748515752158, 34.384740456440412 ], [ 131.100650459131344, 34.384726054597593 ], [ 131.102673645768817, 34.383261405481022 ], [ 131.105911100328029, 34.382458446207096 ], [ 131.106323259111946, 34.381523753557993 ], [ 131.107428821000809, 34.380543931330173 ], [ 131.107454239405627, 34.379746322428815 ], [ 131.107993533506715, 34.378190264183395 ], [ 131.107778340685513, 34.377543833862937 ], [ 131.106676664858355, 34.376694920550804 ], [ 131.106404665688586, 34.37628393358446 ], [ 131.105997251013946, 34.374094277524513 ], [ 131.106206760749899, 34.373355740271919 ], [ 131.107699259834277, 34.37189739760732 ], [ 131.107782467055358, 34.371400181194076 ], [ 131.107481802931204, 34.370216760804482 ], [ 131.108155192959572, 34.369000217777675 ], [ 131.108187999610891, 34.368417346974596 ], [ 131.108054258153231, 34.368434923074631 ], [ 131.107546643328106, 34.36743127976694 ], [ 131.10702510630702, 34.366927702562194 ], [ 131.107296855156022, 34.366721724611807 ], [ 131.107449467290877, 34.36629061028043 ], [ 131.107890778346729, 34.366203294895435 ], [ 131.108521239652418, 34.366676963001311 ], [ 131.109331578801516, 34.366807218950498 ], [ 131.1099493082626, 34.367423318256542 ], [ 131.110019132044414, 34.367998341909747 ], [ 131.110506494434844, 34.368126929592215 ], [ 131.1109845801071, 34.368474046046472 ], [ 131.111080387792043, 34.367992854553989 ], [ 131.110798333349123, 34.36712414116321 ], [ 131.111086645158252, 34.366497132277352 ], [ 131.111401023398997, 34.366378989393958 ], [ 131.111180547693976, 34.365747448484242 ], [ 131.111557985561319, 34.364879918865533 ], [ 131.111590639531954, 34.364395223632059 ], [ 131.111528819350099, 34.364021415782226 ], [ 131.110769700783237, 34.362923633105176 ], [ 131.11293143015169, 34.362414763779142 ], [ 131.115675949896882, 34.361045853266504 ], [ 131.116914046440826, 34.360697861009214 ], [ 131.119732755035415, 34.360272544946739 ], [ 131.121088966531744, 34.359636758880498 ], [ 131.122084746242336, 34.358794336523928 ], [ 131.122825991587092, 34.359519754930609 ], [ 131.125634385175175, 34.359586658960879 ], [ 131.127828846241613, 34.359178517772001 ], [ 131.12879574135178, 34.358668644532095 ], [ 131.129370559784178, 34.358803537059515 ], [ 131.129808513201596, 34.358108301975989 ], [ 131.130011384718159, 34.357399382015245 ], [ 131.131457189458729, 34.357064831652586 ], [ 131.131723348873209, 34.356532659361349 ], [ 131.132881281229885, 34.356540481189583 ], [ 131.133788079600748, 34.356265716784279 ], [ 131.134365742593047, 34.35632722104512 ], [ 131.134765270916972, 34.356115779512251 ], [ 131.135021612700143, 34.355835374846116 ], [ 131.1350885182963, 34.355143749932431 ], [ 131.135566204384986, 34.354554894051489 ], [ 131.137656229431002, 34.354471074679125 ], [ 131.138286254989367, 34.354242685590414 ], [ 131.138383301684399, 34.353910647770455 ], [ 131.13959402435384, 34.353576977778978 ], [ 131.139859990796651, 34.353125216824012 ], [ 131.141581034264078, 34.352564377079247 ], [ 131.143016575922331, 34.352532308563454 ], [ 131.144951976547304, 34.351386810526662 ], [ 131.144931683345447, 34.350211720128279 ], [ 131.145058287660106, 34.349855695633913 ], [ 131.144453247360218, 34.349038015044655 ], [ 131.144773641218819, 34.348254546320099 ], [ 131.144672580140679, 34.347710120571172 ], [ 131.144929204053483, 34.346240548698297 ], [ 131.144501784912734, 34.344615667039214 ], [ 131.144788878255184, 34.3437210554602 ], [ 131.143601137446893, 34.342653115835432 ], [ 131.143720641840588, 34.342063903800124 ], [ 131.143403821209091, 34.341744736356439 ], [ 131.143461356109839, 34.341252060229721 ], [ 131.143278289228164, 34.340324359263782 ], [ 131.143753785838157, 34.340107041229302 ], [ 131.143986692628857, 34.339429469263628 ], [ 131.145466825993196, 34.338783584516356 ], [ 131.145494744593293, 34.338022739657845 ], [ 131.145941030543923, 34.337706144924631 ], [ 131.14572257829181, 34.337187779543022 ], [ 131.145941263939278, 34.336525581424894 ], [ 131.14551782289513, 34.334966944473948 ], [ 131.14594051946068, 34.334661706165178 ], [ 131.146211717060851, 34.333910787565003 ], [ 131.145437600545705, 34.333090713459782 ], [ 131.14509632480096, 34.332284109540645 ], [ 131.143367728319134, 34.331427728254788 ], [ 131.141438130325497, 34.332355757456334 ], [ 131.140375179790738, 34.332564893815352 ], [ 131.139662907221322, 34.332464113101643 ], [ 131.138970847717871, 34.332655082662491 ], [ 131.13829535149037, 34.332198785806526 ], [ 131.136837095748859, 34.332123829929628 ], [ 131.136158367600302, 34.332633242504443 ], [ 131.135071477578293, 34.332854668897383 ], [ 131.134843728840224, 34.333142359174907 ], [ 131.134417142152159, 34.332073135116026 ], [ 131.132733604837711, 34.330337000823505 ], [ 131.132359891609127, 34.329348644946094 ], [ 131.129314935848754, 34.330007564399573 ], [ 131.128604369943076, 34.330652458083371 ], [ 131.127853512226523, 34.330544091880142 ], [ 131.126590801013606, 34.330168655153699 ], [ 131.125983123371384, 34.329288997634556 ], [ 131.12406210823292, 34.328294596183483 ], [ 131.123877736280093, 34.32786733934234 ], [ 131.123684700981414, 34.327790611835631 ], [ 131.121895880809376, 34.328310046859606 ], [ 131.120559059211132, 34.329042532836723 ], [ 131.119410463915983, 34.329370500842579 ], [ 131.117554459627058, 34.330776202269966 ], [ 131.117496792125706, 34.331594691111604 ], [ 131.116504050075605, 34.332213721389131 ], [ 131.115950371618794, 34.332366453992989 ], [ 131.114448278210773, 34.332348048853838 ], [ 131.112985839258414, 34.33208514864306 ], [ 131.11243069944868, 34.331839066822482 ], [ 131.111659256212647, 34.331821711238106 ], [ 131.11093645963939, 34.332054943399896 ], [ 131.109806108017352, 34.33161428418255 ], [ 131.108574800620204, 34.331655616358354 ], [ 131.107893239398749, 34.332039345879458 ], [ 131.106732456754173, 34.332129445413308 ], [ 131.106575643981785, 34.332770140118669 ], [ 131.105972701736988, 34.333408513665461 ], [ 131.105643151788428, 34.332536674177696 ], [ 131.104818158608481, 34.33198592455738 ], [ 131.104235083854093, 34.332240189592 ], [ 131.103626808259889, 34.332277868230179 ], [ 131.102905391466891, 34.33273644291782 ], [ 131.102139797696282, 34.332431153411029 ], [ 131.100904142929494, 34.332989055603932 ], [ 131.100133397947843, 34.332072082688015 ], [ 131.099695839729719, 34.331896697194033 ], [ 131.099091752979007, 34.332648561450078 ], [ 131.098649897919756, 34.332938966238594 ], [ 131.098923198973267, 34.333915978992607 ], [ 131.098641209280288, 34.334761649977978 ], [ 131.099359934546584, 34.335677190470712 ], [ 131.099063466585761, 34.336144661185116 ], [ 131.09941718955173, 34.336853466937484 ], [ 131.098178836683985, 34.336794760830593 ], [ 131.095033150578956, 34.33753411480032 ], [ 131.095233584937318, 34.338810107083894 ], [ 131.096129800258524, 34.340155992164071 ], [ 131.095711416722111, 34.341120336422613 ], [ 131.095521219145184, 34.342067940319104 ], [ 131.095582946117759, 34.343522456948286 ], [ 131.095994280569471, 34.344247687905337 ], [ 131.095829126622903, 34.344734894029486 ], [ 131.096101455456335, 34.345662585983519 ], [ 131.096651704627618, 34.346069551018857 ], [ 131.096615964332301, 34.346991871658688 ], [ 131.097447551159888, 34.348121506428342 ], [ 131.096655441052377, 34.348938903274338 ], [ 131.096217024854838, 34.349078750411536 ], [ 131.096375334165373, 34.350768483721019 ], [ 131.096612079123673, 34.351090022330062 ], [ 131.098097721010987, 34.351793916927889 ], [ 131.098279043773744, 34.352555865104492 ], [ 131.098191830897093, 34.352850626380338 ], [ 131.096782277304186, 34.352854229897481 ], [ 131.095591363359262, 34.353721388020752 ], [ 131.095812782367204, 34.354613987999976 ], [ 131.096725307942535, 34.355693775816917 ], [ 131.096567951947549, 34.356201050505547 ], [ 131.096776607739457, 34.357343991192657 ], [ 131.0978538901565, 34.358353235415919 ], [ 131.098461066305219, 34.359467683295421 ], [ 131.099350020029192, 34.360142420879733 ], [ 131.09951921114353, 34.361615190239256 ], [ 131.099927810066873, 34.362687872535872 ], [ 131.099158206180817, 34.365365651581371 ], [ 131.097194511192981, 34.368111169872329 ], [ 131.096989197811297, 34.369396826445112 ], [ 131.097104384995305, 34.370198193974616 ], [ 131.096426431439937, 34.371051787472439 ], [ 131.095170574588167, 34.371555215227197 ], [ 131.094880808548623, 34.371958492074874 ], [ 131.093628682484194, 34.371934139183111 ], [ 131.092403026403389, 34.372364837468474 ], [ 131.092199163046075, 34.372624905224455 ], [ 131.091626927994469, 34.374552882608981 ], [ 131.088500583516748, 34.376266671920106 ], [ 131.088645125317157, 34.377025200633625 ], [ 131.088111629825846, 34.37743265222354 ], [ 131.087999106972205, 34.377781552868527 ], [ 131.087404578781246, 34.378211562893092 ], [ 131.087240050087416, 34.378806226007789 ], [ 131.084503765978951, 34.379901037565979 ], [ 131.082841192836696, 34.381205740311188 ], [ 131.083286456005425, 34.382013001093789 ], [ 131.083964219078183, 34.38219451205412 ], [ 131.084311936390066, 34.381915732720515 ], [ 131.084526229568638, 34.382122858834578 ], [ 131.084451083093967, 34.382344750538714 ], [ 131.086013357814664, 34.383200192213913 ], [ 131.085458972585911, 34.383807606543783 ], [ 131.085389025796758, 34.384867089694602 ], [ 131.083767050456316, 34.384793861204642 ], [ 131.083684739302896, 34.387352392775242 ], [ 131.083361449948768, 34.388219190043799 ], [ 131.084714552800335, 34.388335828401566 ], [ 131.084651717529198, 34.388577549594729 ], [ 131.083868975008414, 34.38851554476323 ], [ 131.083614217411224, 34.390689837649383 ], [ 131.078429145067048, 34.389643842138163 ], [ 131.078792013671404, 34.390285722527032 ], [ 131.078668701617516, 34.390446330612008 ], [ 131.077717090384851, 34.390735773737006 ], [ 131.077417174038828, 34.39129456290263 ], [ 131.076490305365837, 34.391116144645707 ], [ 131.075159718162553, 34.391599247495741 ], [ 131.07292061694875, 34.394580915902019 ], [ 131.071145972357073, 34.395062532252247 ], [ 131.069935087749371, 34.395714976715354 ], [ 131.069747033496213, 34.39671324543604 ], [ 131.069970092393248, 34.397146838883003 ], [ 131.070676552535076, 34.39741461070107 ], [ 131.071269166330495, 34.39793645345474 ], [ 131.071656619492501, 34.398476175457375 ], [ 131.071713186130637, 34.398842774995771 ], [ 131.071951570071292, 34.399020983701881 ], [ 131.072560854836752, 34.398270732445063 ], [ 131.07332527112851, 34.398108260128751 ], [ 131.073774353165533, 34.397758580225478 ], [ 131.075285204301935, 34.39791406545573 ], [ 131.075761278966723, 34.397820841011871 ], [ 131.076759246223247, 34.398281055415794 ], [ 131.076385812297588, 34.398301811334072 ], [ 131.075775797941645, 34.398927697832796 ], [ 131.076355687671366, 34.398685242035903 ], [ 131.076655148457377, 34.398852154230454 ], [ 131.079464802281791, 34.403092796858132 ], [ 131.079270794750556, 34.403560693470865 ], [ 131.079695038322654, 34.4040280317274 ], [ 131.080207878656751, 34.405641334376298 ], [ 131.081160755324959, 34.406299437541435 ], [ 131.081539656968346, 34.407101749385227 ], [ 131.081673272330306, 34.408085984938012 ], [ 131.081527277836329, 34.409481439426393 ], [ 131.081243941254485, 34.410173919493786 ], [ 131.081375282873068, 34.410933042741128 ], [ 131.083530099236128, 34.413204072805435 ], [ 131.08396447052985, 34.414275358169462 ], [ 131.08467108689058, 34.415126352653473 ], [ 131.085244718452344, 34.415449772799413 ], [ 131.086535431994747, 34.415424844735327 ], [ 131.087233548027427, 34.414957581110713 ], [ 131.087752621765418, 34.415281917169068 ], [ 131.091179699109261, 34.414795445139248 ], [ 131.090610694643146, 34.415766602577527 ], [ 131.090526094575353, 34.416187313019627 ], [ 131.090835993887794, 34.417218042770344 ], [ 131.091696662092289, 34.417077150163664 ], [ 131.092773707865689, 34.418111100787371 ], [ 131.093569348076983, 34.419633191267131 ], [ 131.094701683150817, 34.420847904864416 ], [ 131.094758625579402, 34.420648244303209 ] ] ] } },
{ "type": "Feature", "properties": { "CITY_NAME": "長門市", "S_NAME": "日置下", "JINKO": 131, "medical_area": "35_長門医療圏", "町丁目名": "長門市日置下" }, "geometry": { "type": "Polygon", "coordinates": [ [ [ 131.065661829010565, 34.398011568355578 ], [ 131.066968009653039, 34.397347488928112 ], [ 131.067646184054155, 34.39665295802947 ], [ 131.068474848743989, 34.396241634659255 ], [ 131.070115834308865, 34.395666874895326 ], [ 131.071145972357073, 34.395062532252247 ], [ 131.07292061694875, 34.394580915902019 ], [ 131.075159718162553, 34.391599247495741 ], [ 131.076490305365837, 34.391116144645707 ], [ 131.077417174038828, 34.39129456290263 ], [ 131.077717090384851, 34.390735773737006 ], [ 131.078668701617516, 34.390446330612008 ], [ 131.078792013671404, 34.390285722527032 ], [ 131.078429145067048, 34.389643842138163 ], [ 131.083614217411224, 34.390689837649383 ], [ 131.083868975008414, 34.38851554476323 ], [ 131.084651717529198, 34.388577549594729 ], [ 131.084714552800335, 34.388335828401566 ], [ 131.083361449948768, 34.388219190043799 ], [ 131.083684739302896, 34.387352392775242 ], [ 131.083767050456316, 34.384793861204642 ], [ 131.085389025796758, 34.384867089694602 ], [ 131.085458972585911, 34.383807606543783 ], [ 131.086013357814664, 34.383200192213913 ], [ 131.084451083093967, 34.382344750538714 ], [ 131.084526229568638, 34.382122858834578 ], [ 131.084311936390066, 34.381915732720515 ], [ 131.083964219078183, 34.38219451205412 ], [ 131.083286456005425, 34.382013001093789 ], [ 131.082841192836696, 34.381205740311188 ], [ 131.082230821208157, 34.381793626276682 ], [ 131.078904127545684, 34.38268205811044 ], [ 131.077696604865736, 34.382443262867405 ], [ 131.077299548371457, 34.382502550865034 ], [ 131.076890622992664, 34.383032196404095 ], [ 131.076688387318484, 34.383888785810363 ], [ 131.076145764190301, 34.384226374465044 ], [ 131.075515761275454, 34.383905937568471 ], [ 131.073512760458613, 34.384163708889517 ], [ 131.073445539663282, 34.384289880374965 ], [ 131.073922358170677, 34.384872787081548 ], [ 131.073791046041435, 34.385113045147442 ], [ 131.071900073874474, 34.387322108942783 ], [ 131.070339595229541, 34.388290468137882 ], [ 131.068796077156293, 34.390196364112093 ], [ 131.067745641615346, 34.391233215325819 ], [ 131.067418397654563, 34.393456385451792 ], [ 131.067255989980083, 34.393596769263254 ], [ 131.066210831025188, 34.393719205774808 ], [ 131.065422068659814, 34.394699229900851 ], [ 131.064809814687976, 34.395090367891903 ], [ 131.064174613403395, 34.395177042639638 ], [ 131.063930298226239, 34.396119295236559 ], [ 131.063887074376936, 34.397715820583002 ], [ 131.065701754077281, 34.398556629318627 ], [ 131.065661829010565, 34.398011568355578 ] ] ] } },
{ "type": "Feature", "properties": { "CITY_NAME": "長門市", "S_NAME": "日置野田", "JINKO": 72, "medical_area": "35_長門医療圏", "町丁目名": "長門市日置野田" }, "geometry": { "type": "Polygon", "coordinates": [ [ [ 131.083530099236128, 34.413204072805435 ], [ 131.081375282873068, 34.410933042741128 ], [ 131.081243941254485, 34.410173919493786 ], [ 131.081527277836329, 34.409481439426393 ], [ 131.081673272330306, 34.408085984938012 ], [ 131.081539656968346, 34.407101749385227 ], [ 131.081160755324959, 34.406299437541435 ], [ 131.080207878656751, 34.405641334376298 ], [ 131.079695038322654, 34.4040280317274 ], [ 131.079270794750556, 34.403560693470865 ], [ 131.079464802281791, 34.403092796858132 ], [ 131.076655148457377, 34.398852154230454 ], [ 131.076355687671366, 34.398685242035903 ], [ 131.075775797941645, 34.398927697832796 ], [ 131.076385812297588, 34.398301811334072 ], [ 131.076759246223247, 34.398281055415794 ], [ 131.075761278966723, 34.397820841011871 ], [ 131.075285204301935, 34.39791406545573 ], [ 131.073774353165533, 34.397758580225478 ], [ 131.07332527112851, 34.398108260128751 ], [ 131.072560854836752, 34.398270732445063 ], [ 131.071951570071292, 34.399020983701881 ], [ 131.071713186130637, 34.398842774995771 ], [ 131.071656619492501, 34.398476175457375 ], [ 131.071269166330495, 34.39793645345474 ], [ 131.070676552535076, 34.39741461070107 ], [ 131.069760018645127, 34.396929016881614 ], [ 131.069935087749371, 34.395714976715354 ], [ 131.067646184054155, 34.39665295802947 ], [ 131.066968009653039, 34.397347488928112 ], [ 131.065661829010565, 34.398011568355578 ], [ 131.065701754077281, 34.398556629318627 ], [ 131.064669913792102, 34.399057377744114 ], [ 131.064291186923782, 34.40051001799953 ], [ 131.064364580129023, 34.401061578236003 ], [ 131.063766954839423, 34.401343537524397 ], [ 131.063727635509309, 34.401956481068488 ], [ 131.06443648023162, 34.402581387094287 ], [ 131.064679237135124, 34.403299984496542 ], [ 131.065258493861364, 34.403978655338889 ], [ 131.065940753252619, 34.4043651229277 ], [ 131.066760082766848, 34.407857780862322 ], [ 131.066976560997006, 34.408191451451323 ], [ 131.068668073784863, 34.409068714528438 ], [ 131.068513292230676, 34.411040055102461 ], [ 131.069354738478381, 34.411008169675206 ], [ 131.070193451459915, 34.411335162295423 ], [ 131.070972164637936, 34.412314072598626 ], [ 131.071266059085104, 34.412428547858276 ], [ 131.071518059410494, 34.412380236796011 ], [ 131.071768480141998, 34.411879752316935 ], [ 131.072127110642811, 34.41166322268451 ], [ 131.072572116715577, 34.411704533434779 ], [ 131.073104860093508, 34.411155723790472 ], [ 131.073733805211731, 34.411591529341919 ], [ 131.07462696028395, 34.411517529111265 ], [ 131.075121507575403, 34.412271317621915 ], [ 131.075251867475941, 34.413022840903153 ], [ 131.075885389369972, 34.413003703025787 ], [ 131.076258262962938, 34.413208035119531 ], [ 131.077226042045822, 34.41308200028795 ], [ 131.077794934566214, 34.412837042402145 ], [ 131.078813782798022, 34.41282878519899 ], [ 131.080866655547908, 34.412263168538203 ], [ 131.080793340014452, 34.412773979596963 ], [ 131.08093986744251, 34.413048267506838 ], [ 131.081561093148537, 34.413046739348815 ], [ 131.08396447052985, 34.414275358169462 ], [ 131.083530099236128, 34.413204072805435 ] ] ] } },
{ "type": "Feature", "properties": { "CITY_NAME": "長門市", "S_NAME": "日置蔵小田", "JINKO": 3, "medical_area": "35_長門医療圏", "町丁目名": "長門市日置蔵小田" }, "geometry": { "type": "Polygon", "coordinates": [ [ [ 131.065701754077281, 34.398556629318627 ], [ 131.063887074376936, 34.397715820583002 ], [ 131.06402050166264, 34.39579120395566 ], [ 131.06344539202729, 34.395895039428595 ], [ 131.062705879816463, 34.395649745652769 ], [ 131.061482915563715, 34.395522766027852 ], [ 131.06068735976973, 34.395740379512461 ], [ 131.059199616066735, 34.394776819653217 ], [ 131.058348305278628, 34.394517112617379 ], [ 131.057836765371945, 34.39496674026536 ], [ 131.057661284801611, 34.39572832286008 ], [ 131.055945279778314, 34.395894173509767 ], [ 131.054842627352599, 34.395803298358139 ], [ 131.054645034008757, 34.396930204554899 ], [ 131.054059844411199, 34.397330413778938 ], [ 131.054631672616239, 34.398920981866432 ], [ 131.05692170101878, 34.398876426010993 ], [ 131.058290135686377, 34.398577397841024 ], [ 131.059928276441156, 34.399507110901126 ], [ 131.061018745182594, 34.399693054580247 ], [ 131.06376695483948, 34.401343537524397 ], [ 131.064364580129023, 34.401061578236003 ], [ 131.064291186923782, 34.40051001799953 ], [ 131.064669913792102, 34.399057377744114 ], [ 131.065701754077281, 34.398556629318627 ] ] ] } },
{ "type": "Feature", "properties": { "CITY_NAME": "長門市", "S_NAME": "油谷久富", "JINKO": 507, "medical_area": "35_長門医療圏", "町丁目名": "長門市油谷久富" }, "geometry": { "type": "Polygon", "coordinates": [ [ [ 131.076145764190301, 34.384226374465044 ], [ 131.076688387318484, 34.383888785810363 ], [ 131.076890622992664, 34.383032196404095 ], [ 131.077299548371457, 34.382502550865034 ], [ 131.077696604865736, 34.382443262867405 ], [ 131.078904127545684, 34.38268205811044 ], [ 131.082230821208157, 34.381793626276682 ], [ 131.084503765978951, 34.379901037565979 ], [ 131.087240050087416, 34.378806226007789 ], [ 131.087404578781246, 34.378211562893092 ], [ 131.087999106972205, 34.377781552868527 ], [ 131.088111629825846, 34.37743265222354 ], [ 131.088645125317157, 34.377025200633625 ], [ 131.088500583516748, 34.376266671920106 ], [ 131.091626927994469, 34.374552882608981 ], [ 131.092199163046075, 34.372624905224455 ], [ 131.092403026403389, 34.372364837468474 ], [ 131.093628682484194, 34.371934139183111 ], [ 131.094880808548623, 34.371958492074874 ], [ 131.095170574588167, 34.371555215227197 ], [ 131.096224206544861, 34.371184257359289 ], [ 131.096824404522408, 34.370681428187275 ], [ 131.097104384995305, 34.370198193974616 ], [ 131.096989197811297, 34.369396826445112 ], [ 131.097194511192981, 34.368111169872329 ], [ 131.099243267742679, 34.365187924299654 ], [ 131.099927810066873, 34.362687872535872 ], [ 131.09951921114353, 34.361615190239256 ], [ 131.09943689311541, 34.360377571693554 ], [ 131.099194928138076, 34.359962736750219 ], [ 131.098461066305219, 34.359467683295421 ], [ 131.0978538901565, 34.358353235415919 ], [ 131.096776607739457, 34.357343991192657 ], [ 131.096567951947549, 34.356201050505547 ], [ 131.096725307942535, 34.355693775816917 ], [ 131.095812782367204, 34.354613987999976 ], [ 131.095591363359262, 34.353721388020752 ], [ 131.096782277304186, 34.352854229897481 ], [ 131.098191830897093, 34.352850626380338 ], [ 131.098279043773744, 34.352555865104492 ], [ 131.098097721010987, 34.351793916927889 ], [ 131.096612079123673, 34.351090022330062 ], [ 131.096375334165373, 34.350768483721019 ], [ 131.096217024854838, 34.349078750411536 ], [ 131.096655441052377, 34.348938903274338 ], [ 131.097447551159888, 34.348121506428342 ], [ 131.096615964332301, 34.346991871658688 ], [ 131.096651704627618, 34.346069551018857 ], [ 131.096101455456335, 34.345662585983519 ], [ 131.095829126622903, 34.344734894029486 ], [ 131.095994280569471, 34.344247687905337 ], [ 131.095582946117759, 34.343522456948286 ], [ 131.095521219145184, 34.342067940319104 ], [ 131.095711416722111, 34.341120336422613 ], [ 131.096129800258524, 34.340155992164071 ], [ 131.095333599059984, 34.339023965406831 ], [ 131.094975818097907, 34.337749272651493 ], [ 131.095127043875408, 34.337468308851726 ], [ 131.096204760019361, 34.337159528880271 ], [ 131.098178836683985, 34.336794760830593 ], [ 131.09941718955173, 34.336853466937484 ], [ 131.099063466585761, 34.336144661185116 ], [ 131.099359934546584, 34.335677190470712 ], [ 131.098641209280288, 34.334761649977978 ], [ 131.098923198973267, 34.333915978992607 ], [ 131.098649897919756, 34.332938966238594 ], [ 131.099091752979007, 34.332648561450078 ], [ 131.099695839729719, 34.331896697194033 ], [ 131.099180446167452, 34.330896301418889 ], [ 131.098716067170926, 34.330466562609281 ], [ 131.096028806035633, 34.329751168105354 ], [ 131.095233982422741, 34.330219766845481 ], [ 131.094329863197117, 34.330136771392702 ], [ 131.09357295551365, 34.330500326262879 ], [ 131.092926630768488, 34.330480291317315 ], [ 131.091790851046568, 34.330136060086247 ], [ 131.091612290182439, 34.329944890443194 ], [ 131.091110339982777, 34.330094162931054 ], [ 131.089855158631167, 34.329308950363192 ], [ 131.088473798659777, 34.328792647109466 ], [ 131.08802325001588, 34.329303530850886 ], [ 131.086811543602664, 34.329838269179064 ], [ 131.086680055795057, 34.330677494975838 ], [ 131.085777764701874, 34.330115239778507 ], [ 131.085070019275548, 34.330343243265368 ], [ 131.084593293139704, 34.330206762766309 ], [ 131.084044108967959, 34.330680980633012 ], [ 131.083798128525899, 34.330696696409419 ], [ 131.083269628993747, 34.330400718965933 ], [ 131.082504319305087, 34.329408614284098 ], [ 131.081996460779237, 34.329343405968551 ], [ 131.080568614686911, 34.329756296777887 ], [ 131.079960878859794, 34.330253359657931 ], [ 131.079532482382973, 34.330385348371493 ], [ 131.079020386550809, 34.32998399355705 ], [ 131.077683629988002, 34.329561643928258 ], [ 131.075982437892833, 34.330390689613182 ], [ 131.075532474069234, 34.330738693756885 ], [ 131.075293502307119, 34.331176474178633 ], [ 131.075537283955981, 34.332005644445886 ], [ 131.074948431401594, 34.333249695892839 ], [ 131.075001834734792, 34.334042095979711 ], [ 131.076990309679474, 34.336101034123608 ], [ 131.077710630279995, 34.337814267402955 ], [ 131.077724346370559, 34.338395021131959 ], [ 131.077296965480485, 34.339455853111261 ], [ 131.074850208401728, 34.341651212535815 ], [ 131.074673794298548, 34.342159979424729 ], [ 131.07476272109227, 34.343480505628179 ], [ 131.075155789305285, 34.34425832768801 ], [ 131.076389238385843, 34.345659339656315 ], [ 131.076341861157175, 34.346046141909326 ], [ 131.075760992429878, 34.346674411962724 ], [ 131.075034868477189, 34.347037409962965 ], [ 131.073212000538064, 34.346915626133772 ], [ 131.070147337844816, 34.347662501218032 ], [ 131.069954326215935, 34.347819097652803 ], [ 131.069963414944738, 34.348751672120457 ], [ 131.069785669265883, 34.349366059801682 ], [ 131.069180200930958, 34.35024044098877 ], [ 131.069172864465685, 34.350803533919013 ], [ 131.06936084509843, 34.351033835054444 ], [ 131.071006157674191, 34.351770064274575 ], [ 131.071317305473769, 34.352318398796534 ], [ 131.072176293381261, 34.353153073307432 ], [ 131.072359252671077, 34.353770550503143 ], [ 131.072269764880019, 34.354121759516978 ], [ 131.07099094839333, 34.35538608636498 ], [ 131.070855612687723, 34.357210138441559 ], [ 131.070354619242721, 34.358339854697981 ], [ 131.070350023442387, 34.358692668366672 ], [ 131.071764213748452, 34.359788972435659 ], [ 131.073199821999566, 34.361566226178113 ], [ 131.074274212204273, 34.363087941534921 ], [ 131.074536952704392, 34.36392205814002 ], [ 131.074468957121468, 34.364475871329709 ], [ 131.074027473793961, 34.365706978857929 ], [ 131.072740934023926, 34.366476685278755 ], [ 131.070239212607845, 34.369529080267206 ], [ 131.070535190959021, 34.370424637041921 ], [ 131.068099035447716, 34.374152706106294 ], [ 131.068514781405128, 34.374559437157629 ], [ 131.068772802888731, 34.375779615236098 ], [ 131.068916618642362, 34.375772455020545 ], [ 131.068891317704413, 34.376644283038928 ], [ 131.068156464449743, 34.377692569872487 ], [ 131.068213480923703, 34.378335536780547 ], [ 131.067622854813294, 34.378446296230834 ], [ 131.065638154210262, 34.377462152076831 ], [ 131.064689847782745, 34.38125720137306 ], [ 131.064404020520243, 34.381501971595682 ], [ 131.065565808804848, 34.382174473310627 ], [ 131.066168716744926, 34.382231034306706 ], [ 131.066846153763464, 34.382226847022778 ], [ 131.068580235913373, 34.381476729256811 ], [ 131.069712829031403, 34.381517463129867 ], [ 131.070496716661751, 34.381851284754262 ], [ 131.071826998789305, 34.382792444823004 ], [ 131.073486946542147, 34.384195593814624 ], [ 131.075515761275454, 34.383905937568471 ], [ 131.076145764190301, 34.384226374465044 ] ] ] } },
{ "type": "Feature", "properties": { "CITY_NAME": "長門市", "S_NAME": "油谷新別名", "JINKO": 706, "medical_area": "35_長門医療圏", "町丁目名": "長門市油谷新別名" }, "geometry": { "type": "Polygon", "coordinates": [ [ [ 131.064689847782745, 34.38125720137306 ], [ 131.065638154210262, 34.377462152076831 ], [ 131.067622854813294, 34.378446296230834 ], [ 131.068213480923703, 34.378335536780547 ], [ 131.068156464449743, 34.377692569872487 ], [ 131.068891317704413, 34.376644283038928 ], [ 131.068916618642362, 34.375772455020545 ], [ 131.068772802888731, 34.375779615236098 ], [ 131.068514781405128, 34.374559437157629 ], [ 131.068099035447716, 34.374152706106294 ], [ 131.070535190959021, 34.370424637041921 ], [ 131.070239212607845, 34.369529080267206 ], [ 131.072740934023926, 34.366476685278755 ], [ 131.074027473793961, 34.365706978857929 ], [ 131.074468957121468, 34.364475871329709 ], [ 131.074536952704392, 34.36392205814002 ], [ 131.074274212204273, 34.363087941534921 ], [ 131.073199821999566, 34.361566226178113 ], [ 131.071764213748452, 34.359788972435659 ], [ 131.070350023442387, 34.358692668366672 ], [ 131.070354619242721, 34.358339854697981 ], [ 131.070855612687723, 34.357210138441559 ], [ 131.07099094839333, 34.35538608636498 ], [ 131.069296504975313, 34.356778654123545 ], [ 131.068253169881189, 34.357068336565668 ], [ 131.066457734601329, 34.3580728725467 ], [ 131.065339786600191, 34.359188843137183 ], [ 131.062879804118751, 34.363134807339243 ], [ 131.060626623650876, 34.363431099618566 ], [ 131.060379528058462, 34.363666350714631 ], [ 131.059093000625126, 34.366294106434331 ], [ 131.057934558348592, 34.367251440809945 ], [ 131.057603051152284, 34.368251485028715 ], [ 131.057100362656342, 34.36848018391759 ], [ 131.056306033230669, 34.368017434437633 ], [ 131.054726054773283, 34.368501004800706 ], [ 131.054148676705978, 34.368847051377841 ], [ 131.052771038376278, 34.369160026593079 ], [ 131.052523163939782, 34.371588277890368 ], [ 131.051474089202003, 34.372870383703969 ], [ 131.052623154124376, 34.377683992328699 ], [ 131.054239254741219, 34.376988220782899 ], [ 131.05499029958753, 34.376225262600549 ], [ 131.055843059633474, 34.375870304855972 ], [ 131.05748599306645, 34.375840854273662 ], [ 131.059049807841831, 34.376065899914209 ], [ 131.060342237588912, 34.376891903936937 ], [ 131.064404020520243, 34.381501971595682 ], [ 131.064689847782745, 34.38125720137306 ] ] ] } },
{ "type": "Feature", "properties": { "CITY_NAME": "長門市", "S_NAME": "油谷河原", "JINKO": 595, "medical_area": "35_長門医療圏", "町丁目名": "長門市油谷河原" }, "geometry": { "type": "Polygon", "coordinates": [ [ [ 131.042993812965989, 34.377821098839831 ], [ 131.052623154124376, 34.377683992328699 ], [ 131.051474089202003, 34.372870383703969 ], [ 131.052523163939782, 34.371588277890368 ], [ 131.052771038376278, 34.369160026593079 ], [ 131.054148676705978, 34.368847051377841 ], [ 131.054726054773283, 34.368501004800706 ], [ 131.056306033230669, 34.368017434437633 ], [ 131.057100362656342, 34.36848018391759 ], [ 131.057603051152284, 34.368251485028715 ], [ 131.057934558348592, 34.367251440809945 ], [ 131.059093000625126, 34.366294106434331 ], [ 131.060379528058462, 34.363666350714631 ], [ 131.060626623650876, 34.363431099618566 ], [ 131.062879804118751, 34.363134807339243 ], [ 131.065339786600191, 34.359188843137183 ], [ 131.066457734601329, 34.3580728725467 ], [ 131.068253169881189, 34.357068336565668 ], [ 131.069296504975313, 34.356778654123545 ], [ 131.072269764880019, 34.354121759516978 ], [ 131.072359252671077, 34.353770550503143 ], [ 131.072176293381261, 34.353153073307432 ], [ 131.071317305473769, 34.352318398796534 ], [ 131.071006157674191, 34.351770064274575 ], [ 131.069824377153481, 34.351284497088358 ], [ 131.069172864465685, 34.350803533919013 ], [ 131.069180200930958, 34.35024044098877 ], [ 131.069785669265883, 34.349366059801682 ], [ 131.069963414944738, 34.348751672120457 ], [ 131.069954326215935, 34.347819097652803 ], [ 131.073212000538064, 34.346915626133772 ], [ 131.075034868477189, 34.347037409962965 ], [ 131.075760992429878, 34.346674411962724 ], [ 131.076341861157175, 34.346046141909326 ], [ 131.076389238385843, 34.345659339656315 ], [ 131.075155789305285, 34.34425832768801 ], [ 131.07476272109227, 34.343480505628179 ], [ 131.074673794298548, 34.342159979424729 ], [ 131.074850208401728, 34.341651212535815 ], [ 131.077296965480485, 34.339455853111261 ], [ 131.077724346370559, 34.338395021131959 ], [ 131.077710630279995, 34.337814267402955 ], [ 131.076990309679474, 34.336101034123608 ], [ 131.075001834734792, 34.334042095979711 ], [ 131.074948431401594, 34.333249695892839 ], [ 131.075537283955981, 34.332005644445886 ], [ 131.075289853909368, 34.33145802377183 ], [ 131.075532474069234, 34.330738693756885 ], [ 131.077683629988002, 34.329561643928258 ], [ 131.076765320290889, 34.329193150480947 ], [ 131.076247726963913, 34.328555653166404 ], [ 131.075647896334317, 34.328441142709018 ], [ 131.074988393124357, 34.327278370178504 ], [ 131.074970197969151, 34.326684615385872 ], [ 131.075375293312362, 34.325860380876676 ], [ 131.075627412539575, 34.325690916594567 ], [ 131.076023798027848, 34.32570881610377 ], [ 131.076294172370893, 34.325139041973976 ], [ 131.075906209585099, 34.324300558622632 ], [ 131.075783599213167, 34.323614597521292 ], [ 131.074853058319178, 34.322420811542202 ], [ 131.076260360671938, 34.321423089372175 ], [ 131.076591257844683, 34.320832442485006 ], [ 131.076379953946372, 34.3191748713528 ], [ 131.07558478744383, 34.318667164191986 ], [ 131.07512619072952, 34.318133718914993 ], [ 131.074057793576657, 34.317600324029634 ], [ 131.074192668837469, 34.31716879934465 ], [ 131.074568266486807, 34.31679661199599 ], [ 131.076015593386757, 34.316024485989956 ], [ 131.076101244228482, 34.315066964586421 ], [ 131.076552289694291, 34.314346666871621 ], [ 131.07663348303339, 34.313739569487538 ], [ 131.076036799458592, 34.313049386641545 ], [ 131.07533638264124, 34.312563933172186 ], [ 131.075583420134535, 34.311623767624688 ], [ 131.075267748023833, 34.311041727547092 ], [ 131.074402992275651, 34.310690312772046 ], [ 131.074843458050537, 34.309070373719742 ], [ 131.074477770396641, 34.308183760365687 ], [ 131.071971220567775, 34.307188011579214 ], [ 131.071463464932521, 34.306793138301252 ], [ 131.071404650740106, 34.306212114910352 ], [ 131.071935554942883, 34.30529604199932 ], [ 131.072001205599435, 34.304881223893922 ], [ 131.071916846189851, 34.304182351925952 ], [ 131.071597812046605, 34.303654079414329 ], [ 131.070537057092253, 34.303162270358825 ], [ 131.069335454420212, 34.302942322805798 ], [ 131.068667905968539, 34.302575164267239 ], [ 131.067872914485321, 34.3017703238732 ], [ 131.067448102420371, 34.300869915614946 ], [ 131.066725593850435, 34.300788063103177 ], [ 131.066204516001676, 34.299975529006943 ], [ 131.065733254417552, 34.299949455508404 ], [ 131.065194359562753, 34.300163226218487 ], [ 131.064914447698925, 34.300061116223894 ], [ 131.064743642878796, 34.299507253198989 ], [ 131.064032749005008, 34.298351123039694 ], [ 131.063690653172074, 34.298144210975153 ], [ 131.063305049756337, 34.296833660575352 ], [ 131.062488129739791, 34.296453847268609 ], [ 131.061876765185076, 34.296778512652523 ], [ 131.061518841322169, 34.297733857801916 ], [ 131.060886733926907, 34.298040864496627 ], [ 131.060310756111988, 34.299385274776895 ], [ 131.059726076873574, 34.300066278577539 ], [ 131.058160719938343, 34.300220169784907 ], [ 131.058487382825376, 34.301387222119452 ], [ 131.058412006845629, 34.303665707843187 ], [ 131.057915225038045, 34.304023225965686 ], [ 131.057933947315519, 34.305251152940379 ], [ 131.057155185535862, 34.305024069441856 ], [ 131.054686853678277, 34.305108867511052 ], [ 131.05380462412387, 34.305326652011566 ], [ 131.053135410511715, 34.305795553159655 ], [ 131.051184744392998, 34.305786525324507 ], [ 131.049683220107937, 34.306392484066933 ], [ 131.049099686877753, 34.30722711688864 ], [ 131.048508311800447, 34.307615565363619 ], [ 131.046288363167946, 34.308437906365626 ], [ 131.046003845027514, 34.308834928466993 ], [ 131.044095522251126, 34.309834049622197 ], [ 131.042998763449418, 34.310953279921272 ], [ 131.042726663485098, 34.310939232924952 ], [ 131.04197211183228, 34.31048056162652 ], [ 131.040680526581241, 34.310239933887352 ], [ 131.03974034448197, 34.310601893841913 ], [ 131.038428536016824, 34.31057248917508 ], [ 131.037319241402827, 34.31079679948391 ], [ 131.035739462413488, 34.311483008315712 ], [ 131.035653117458935, 34.311876766554064 ], [ 131.036016998888613, 34.313374537810347 ], [ 131.035361972583189, 34.31464526579056 ], [ 131.035248111656472, 34.316138905395135 ], [ 131.035072942074521, 34.316604245946884 ], [ 131.033778778339183, 34.317962467993993 ], [ 131.033757824998162, 34.319172844701185 ], [ 131.032931309768486, 34.320620881024773 ], [ 131.032575628743132, 34.321610110231681 ], [ 131.031633949682686, 34.322208795366237 ], [ 131.030890426353807, 34.322377001173017 ], [ 131.029840794697947, 34.32211738270486 ], [ 131.02859037759427, 34.322701345377553 ], [ 131.027084452177348, 34.323139098251069 ], [ 131.026713031019142, 34.323485967141615 ], [ 131.025798896080971, 34.323707910995132 ], [ 131.025335349279374, 34.324293662855766 ], [ 131.024735994120277, 34.324652205545412 ], [ 131.020190652861459, 34.325513231317792 ], [ 131.020930020237984, 34.328742196670937 ], [ 131.020665292485404, 34.329822938154109 ], [ 131.019985629882086, 34.330775271864965 ], [ 131.019856486537776, 34.331281160026421 ], [ 131.018219885849248, 34.332266348066781 ], [ 131.017558403897795, 34.333108681274162 ], [ 131.017512023330568, 34.333695209676328 ], [ 131.016492230041337, 34.33407229033557 ], [ 131.015951210748455, 34.334726991634085 ], [ 131.015732244136416, 34.335491350137886 ], [ 131.015013570955347, 34.33578771786631 ], [ 131.014984116471538, 34.337643397044033 ], [ 131.01446136004401, 34.337860749156413 ], [ 131.01359494365596, 34.338863103063197 ], [ 131.013529316597953, 34.339916949177343 ], [ 131.013260633479916, 34.340372346640059 ], [ 131.012261380493356, 34.340959735877149 ], [ 131.011480496697573, 34.341800892848063 ], [ 131.010549062962468, 34.342400176683611 ], [ 131.007658032816067, 34.342977251812947 ], [ 131.00700861188497, 34.343466637359981 ], [ 131.006206877332431, 34.344502652127566 ], [ 131.004447639931357, 34.344733724538756 ], [ 131.002739100264847, 34.345547142191812 ], [ 131.002265549428301, 34.346406101367052 ], [ 131.002311230698524, 34.347682997812086 ], [ 131.001872548645991, 34.348966412981433 ], [ 131.001652686875957, 34.351445687051665 ], [ 131.001198005773631, 34.35224481642819 ], [ 131.001095835179171, 34.352754597655071 ], [ 130.999796075130547, 34.352814333906352 ], [ 130.99835370386046, 34.352374618601239 ], [ 130.99721550167618, 34.35263955145134 ], [ 130.99675164538678, 34.353185173496513 ], [ 130.996147716444881, 34.353562539667074 ], [ 130.99583755033936, 34.354347121460393 ], [ 130.994974276897551, 34.354631709781046 ], [ 130.99425676451807, 34.355346465471833 ], [ 130.994282451157233, 34.356283005670953 ], [ 130.993859246018758, 34.357120870685321 ], [ 130.993969082192649, 34.357673669875467 ], [ 130.993506559287454, 34.358096183866188 ], [ 130.992056260870015, 34.358464426049188 ], [ 130.991858472458205, 34.358458161130613 ], [ 130.991437071986127, 34.358056751019056 ], [ 130.990502913519521, 34.358378234335277 ], [ 130.989614546661244, 34.359153577439955 ], [ 130.988026479608692, 34.359872593466065 ], [ 130.986184188798859, 34.359847231447894 ], [ 130.983912426797758, 34.361043305316421 ], [ 130.997199433369701, 34.361317773137948 ], [ 130.999497839940659, 34.360441718052961 ], [ 131.00851930143341, 34.360350569443284 ], [ 131.008508515226737, 34.360881363185449 ], [ 131.008706791046279, 34.361037901359204 ], [ 131.009637874921594, 34.361376307781619 ], [ 131.010786437265324, 34.361382924437173 ], [ 131.011444898920786, 34.36262600814829 ], [ 131.012239904422216, 34.363135235540838 ], [ 131.016340140595759, 34.363273103205138 ], [ 131.016371244341371, 34.358436503342318 ], [ 131.016493939676764, 34.358183266729021 ], [ 131.016156539958075, 34.353565885232513 ], [ 131.016062096936452, 34.349254612985199 ], [ 131.016236572683852, 34.348330537283772 ], [ 131.016622230708236, 34.347542826330681 ], [ 131.020288419671459, 34.342962877107311 ], [ 131.022341770136819, 34.339802362170531 ], [ 131.022447470501874, 34.335160767405114 ], [ 131.023634209118853, 34.333080206441771 ], [ 131.023857987338431, 34.332912698192153 ], [ 131.02501717332126, 34.334110685175162 ], [ 131.025198479651806, 34.334564538150602 ], [ 131.025824528316321, 34.34117035857836 ], [ 131.018941122646652, 34.349924669552429 ], [ 131.018708899137778, 34.350713967840832 ], [ 131.019087609319683, 34.354808719526034 ], [ 131.027767461343672, 34.354933209193213 ], [ 131.027610257345771, 34.354293946242478 ], [ 131.026989438098553, 34.353362594221856 ], [ 131.0273756013747, 34.351577871390482 ], [ 131.027925333222385, 34.351379169400488 ], [ 131.029544773680954, 34.351369022324491 ], [ 131.030388481729801, 34.351793519715002 ], [ 131.031591758356626, 34.354824944672707 ], [ 131.031785374301791, 34.355001826162237 ], [ 131.033683915902259, 34.355119577766771 ], [ 131.034356222044494, 34.355588516586764 ], [ 131.035187677416928, 34.357018439818972 ], [ 131.035703542378656, 34.358564884398341 ], [ 131.035783901718958, 34.359885030052801 ], [ 131.039809147686952, 34.359977100845128 ], [ 131.038952130505777, 34.362128117758104 ], [ 131.038737873392307, 34.366006757003134 ], [ 131.037890099828843, 34.370476645959791 ], [ 131.035854079707974, 34.372118414841125 ], [ 131.036565344319627, 34.372746034532184 ], [ 131.037601570353388, 34.372983655365502 ], [ 131.037629930167441, 34.373142663932754 ], [ 131.036452767943786, 34.372874864314348 ], [ 131.03571385086309, 34.372193744928822 ], [ 131.034890777828394, 34.372927043682999 ], [ 131.03520399591423, 34.376720717731239 ], [ 131.03821242346234, 34.376806270153004 ], [ 131.038253902038093, 34.377241483318436 ], [ 131.040342544031063, 34.377214678869585 ], [ 131.042993812965989, 34.377821098839831 ] ] ] } },
{ "type": "Feature", "properties": { "CITY_NAME": "長門市", "S_NAME": "油谷伊上", "JINKO": 0, "medical_area": "35_長門医療圏", "町丁目名": "長門市油谷伊上" }, "geometry": { "type": "Polygon", "coordinates": [ [ [ 131.015153328396991, 34.374980480334315 ], [ 131.01556211455852, 34.374822049414774 ], [ 131.015459615542653, 34.374602896497045 ], [ 131.015181060582904, 34.374778890077934 ], [ 131.014893568689672, 34.374732804863683 ], [ 131.014850077730131, 34.374968616584383 ], [ 131.014369138774072, 34.375315681425867 ], [ 131.014733837021055, 34.375517438596816 ], [ 131.015079526345545, 34.375283620433464 ], [ 131.015153328396991, 34.374980480334315 ] ] ] } },
{ "type": "Feature", "properties": { "CITY_NAME": "長門市", "S_NAME": "油谷伊上", "JINKO": 578, "medical_area": "35_長門医療圏", "町丁目名": "長門市油谷伊上" }, "geometry": { "type": "Polygon", "coordinates": [ [ [ 131.021137068656486, 34.374775103455377 ], [ 131.02116894743051, 34.373793746732517 ], [ 131.022003727532677, 34.373888876191444 ], [ 131.022041593182962, 34.37406502325976 ], [ 131.022273063735156, 34.374151981302397 ], [ 131.022097259022757, 34.374050330019948 ], [ 131.02186147641703, 34.37291941525379 ], [ 131.022646567858715, 34.37306999922243 ], [ 131.022543004305248, 34.373408928098648 ], [ 131.02214964844589, 34.373471038283768 ], [ 131.022560180609446, 34.373426272226354 ], [ 131.022619269861281, 34.373241029912258 ], [ 131.02354554185689, 34.373403936022427 ], [ 131.023271086652699, 34.373754788226307 ], [ 131.022518607685896, 34.374003694377471 ], [ 131.023290449737146, 34.373773844030396 ], [ 131.023578130049543, 34.373406072465706 ], [ 131.022719405240224, 34.372592036932559 ], [ 131.022427404477156, 34.371996992493131 ], [ 131.022550542186281, 34.371973771971348 ], [ 131.022793439050048, 34.372500749054858 ], [ 131.023470715459013, 34.373147153635593 ], [ 131.023212919769549, 34.372834708700843 ], [ 131.023283799064302, 34.372663100178926 ], [ 131.023442408440303, 34.372673598684933 ], [ 131.023631720829115, 34.373218947821584 ], [ 131.024158360281888, 34.373193303582127 ], [ 131.024748051679836, 34.372120530707974 ], [ 131.02639975915551, 34.371539268368167 ], [ 131.026332829975701, 34.371344820953965 ], [ 131.026471976304151, 34.371506557787647 ], [ 131.028783410925428, 34.370621106244748 ], [ 131.028883915595742, 34.37082671112951 ], [ 131.029824946040407, 34.371348476301876 ], [ 131.030273645085572, 34.37136969357887 ], [ 131.030779040920976, 34.370978718216641 ], [ 131.032398607110281, 34.370445679350105 ], [ 131.034735620975141, 34.370398750732541 ], [ 131.035814920005521, 34.371227265133321 ], [ 131.035965248921144, 34.372018446872502 ], [ 131.037890099828843, 34.370476645959791 ], [ 131.038737873392307, 34.366006757003134 ], [ 131.038952130505777, 34.362128117758104 ], [ 131.039809147686952, 34.359977100845128 ], [ 131.035783901718958, 34.359885030052801 ], [ 131.035703542378656, 34.358564884398341 ], [ 131.035187677416928, 34.357018439818972 ], [ 131.034356222044494, 34.355588516586764 ], [ 131.033683915902259, 34.355119577766771 ], [ 131.031785374301791, 34.355001826162237 ], [ 131.031591758356626, 34.354824944672707 ], [ 131.030388481729801, 34.351793519715002 ], [ 131.029813105747934, 34.351432649753768 ], [ 131.028364244753305, 34.351343675159264 ], [ 131.0273756013747, 34.351577871390482 ], [ 131.026989438098553, 34.353362594221856 ], [ 131.027610257345771, 34.354293946242478 ], [ 131.027767461343672, 34.354933209193213 ], [ 131.019087609319683, 34.354808719526034 ], [ 131.018708899137778, 34.350713967840832 ], [ 131.018941122646652, 34.349924669552429 ], [ 131.025824528316321, 34.34117035857836 ], [ 131.025198479651806, 34.334564538150602 ], [ 131.02501717332126, 34.334110685175162 ], [ 131.023857987338431, 34.332912698192153 ], [ 131.023634209118853, 34.333080206441771 ], [ 131.022447470501874, 34.335160767405114 ], [ 131.022341770136819, 34.339802362170531 ], [ 131.020288419671459, 34.342962877107311 ], [ 131.016622230708236, 34.347542826330681 ], [ 131.016236572683852, 34.348330537283772 ], [ 131.016062096936452, 34.349254612985199 ], [ 131.016156539958075, 34.353565885232513 ], [ 131.016493939676764, 34.358183266729021 ], [ 131.016371244341371, 34.358436503342318 ], [ 131.016340140595759, 34.363273103205138 ], [ 131.012239904422216, 34.363135235540838 ], [ 131.011444898920786, 34.36262600814829 ], [ 131.010786437265324, 34.361382924437173 ], [ 131.009637874921594, 34.361376307781619 ], [ 131.008706791046279, 34.361037901359204 ], [ 131.008508515226737, 34.360881363185449 ], [ 131.00851930143341, 34.360350569443284 ], [ 130.999497839940659, 34.360441718052961 ], [ 130.997199433369701, 34.361317773137948 ], [ 130.983912426797758, 34.361043305316421 ], [ 130.983491640216243, 34.361458292971797 ], [ 130.982603335899711, 34.361479563227476 ], [ 130.98168489430256, 34.361928465589401 ], [ 130.980918683520741, 34.362657456098965 ], [ 130.98028744730658, 34.362322995538939 ], [ 130.980303178802103, 34.363051108856112 ], [ 130.980848316014146, 34.363559400519534 ], [ 130.982222900294317, 34.363831471930304 ], [ 130.983725520985644, 34.365515470585201 ], [ 130.985114270809134, 34.366178952331893 ], [ 130.985975602600149, 34.367006644734488 ], [ 130.986338992928097, 34.367688106475022 ], [ 130.986322940954892, 34.368208989346506 ], [ 130.985921829988627, 34.368363867338033 ], [ 130.986078250504903, 34.368529478113317 ], [ 130.986690934770792, 34.368326211310496 ], [ 130.986780436413824, 34.367994365953933 ], [ 130.987169939836974, 34.36789177119698 ], [ 130.987737376837003, 34.367977529758214 ], [ 130.98815528817309, 34.368333140081532 ], [ 130.988385157989285, 34.367444559756251 ], [ 130.989117093139328, 34.367270459805404 ], [ 130.989945342320027, 34.367278427278556 ], [ 130.990796745010897, 34.367659889405147 ], [ 130.991481643011042, 34.367581671056172 ], [ 130.992631745681109, 34.36821474588605 ], [ 130.993271655422035, 34.367385166239814 ], [ 130.99276261430515, 34.368337703909575 ], [ 130.993972746700507, 34.370126105344845 ], [ 130.994645186603321, 34.371882425012572 ], [ 130.995157856954819, 34.372463302219714 ], [ 130.995582379755035, 34.372664847487037 ], [ 130.995760454467018, 34.37213101058952 ], [ 130.996229107410727, 34.371816450368122 ], [ 130.997616888658627, 34.371781965283432 ], [ 130.99863746515129, 34.372427243515467 ], [ 130.999052796971256, 34.371798325421686 ], [ 130.999071197299827, 34.372039227215339 ], [ 130.998744780370373, 34.372448971507566 ], [ 131.001007137640215, 34.374109386164484 ], [ 131.001168411198137, 34.374007248259858 ], [ 131.001179225413381, 34.373692675051792 ], [ 131.001545851785494, 34.373758418986242 ], [ 131.001852160333158, 34.3734629934035 ], [ 131.002589319387397, 34.373465488377313 ], [ 131.002245159799173, 34.373347701582063 ], [ 131.002252572097177, 34.37281223095097 ], [ 131.003247885951964, 34.372775760186663 ], [ 131.003444246018518, 34.372334907117072 ], [ 131.003149009194289, 34.371357648499107 ], [ 131.003535349769294, 34.370936768605816 ], [ 131.005973596232423, 34.370491100018292 ], [ 131.00616525386522, 34.370703779783753 ], [ 131.007465220382414, 34.371122735572186 ], [ 131.007864485611123, 34.370390806914806 ], [ 131.007564870464591, 34.37106592523967 ], [ 131.009109855801626, 34.372092873623139 ], [ 131.008910973305746, 34.372639075394567 ], [ 131.009269534325711, 34.372494700043561 ], [ 131.009174101627337, 34.372238704806485 ], [ 131.009450497939866, 34.372225960041142 ], [ 131.012611115650628, 34.373325852553144 ], [ 131.012342642098304, 34.374116642504845 ], [ 131.011830861238593, 34.374488619729952 ], [ 131.012317196037372, 34.374225427126717 ], [ 131.012762642703166, 34.373375875503619 ], [ 131.013695487379266, 34.373218859060366 ], [ 131.01396114494429, 34.372874279910121 ], [ 131.014885129838831, 34.372488978458101 ], [ 131.015424905002845, 34.372688715809133 ], [ 131.016209247697248, 34.373371355943029 ], [ 131.016538656031457, 34.373134563088485 ], [ 131.017814901458394, 34.373388242371099 ], [ 131.01791200722343, 34.374799016876963 ], [ 131.018992585991555, 34.374809137286263 ], [ 131.018985943601479, 34.374499042173447 ], [ 131.01904362891932, 34.374809615105015 ], [ 131.022021524250619, 34.374822100429299 ], [ 131.021137068656486, 34.374775103455377 ] ] ] } },
{ "type": "Feature", "properties": { "CITY_NAME": "長門市", "S_NAME": "油谷伊上", "JINKO": 0, "medical_area": "35_長門医療圏", "町丁目名": "長門市油谷伊上" }, "geometry": { "type": "Polygon", "coordinates": [ [ [ 131.005906642546307, 34.377153342359939 ], [ 131.006505690372904, 34.377471860519698 ], [ 131.006852001127754, 34.376880998223122 ], [ 131.006775229829032, 34.376374590606453 ], [ 131.006034360820024, 34.376171080553121 ], [ 131.004837648576881, 34.376302994720277 ], [ 131.004629555080385, 34.376566116918212 ], [ 131.004168082265494, 34.37660132245886 ], [ 131.004318785379326, 34.377184213865419 ], [ 131.00466794876607, 34.376861297469958 ], [ 131.005104234257345, 34.376761761493633 ], [ 131.005041133846959, 34.377234446725033 ], [ 131.00523742406105, 34.37766620599421 ], [ 131.005757163817464, 34.377428712849799 ], [ 131.005906642546307, 34.377153342359939 ] ] ] } },
{ "type": "Feature", "properties": { "CITY_NAME": "長門市", "S_NAME": "油谷伊上", "JINKO": 0, "medical_area": "35_長門医療圏", "町丁目名": "長門市油谷伊上" }, "geometry": { "type": "Polygon", "coordinates": [ [ [ 131.01032529681919, 34.375234642990684 ], [ 131.010275417033711, 34.374809624302934 ], [ 131.009987776347941, 34.374626330554797 ], [ 131.009587859058826, 34.374701436903159 ], [ 131.009637871216341, 34.374826286483035 ], [ 131.009300335743688, 34.375201305433521 ], [ 131.009862831928018, 34.375126325468074 ], [ 131.009725306840039, 34.375509571687545 ], [ 131.009887844002037, 34.375592943984103 ], [ 131.01032529681919, 34.375234642990684 ] ] ] } },
{ "type": "Feature", "properties": { "CITY_NAME": "長門市", "S_NAME": "油谷蔵小田", "JINKO": 526, "medical_area": "35_長門医療圏", "町丁目名": "長門市油谷蔵小田" }, "geometry": { "type": "Polygon", "coordinates": [ [ [ 131.054488669812486, 34.398523446516407 ], [ 131.054059844411142, 34.397330413778938 ], [ 131.054645034008757, 34.396930204554899 ], [ 131.054842627352599, 34.395803298358146 ], [ 131.055945279778314, 34.395894173509781 ], [ 131.057661284801611, 34.39572832286008 ], [ 131.057836765371974, 34.394966740265346 ], [ 131.058348305278628, 34.394517112617379 ], [ 131.059199616066735, 34.394776819653217 ], [ 131.06068735976973, 34.395740379512461 ], [ 131.061482915563715, 34.395522766027852 ], [ 131.062705879816463, 34.39564974565279 ], [ 131.06344539202729, 34.395895039428595 ], [ 131.064020501662696, 34.39579120395566 ], [ 131.064174613403395, 34.395177042639638 ], [ 131.064809814687976, 34.395090367891903 ], [ 131.065422068659814, 34.394699229900851 ], [ 131.066210831025188, 34.393719205774808 ], [ 131.067306408719361, 34.393567924426023 ], [ 131.067573478174467, 34.39307690137786 ], [ 131.067549094706294, 34.391912776176248 ], [ 131.067745641615346, 34.391233215325819 ], [ 131.068796077156293, 34.390196364112093 ], [ 131.070339595229541, 34.388290468137882 ], [ 131.071900073874474, 34.387322108942783 ], [ 131.073791046041435, 34.385113045147442 ], [ 131.073902087618393, 34.384804854280183 ], [ 131.073486946542147, 34.384195593814624 ], [ 131.071826998789305, 34.382792444823004 ], [ 131.070496716661751, 34.381851284754262 ], [ 131.069712829031403, 34.381517463129867 ], [ 131.068580235913373, 34.381476729256811 ], [ 131.066846153763464, 34.382226847022778 ], [ 131.065565808804848, 34.382174473310627 ], [ 131.064990778176366, 34.381883351792005 ], [ 131.063921188667962, 34.381047012638014 ], [ 131.060342237588912, 34.376891903936937 ], [ 131.059049807841831, 34.376065899914209 ], [ 131.058279762809548, 34.375907214951056 ], [ 131.055843059633474, 34.375870304855972 ], [ 131.05499029958753, 34.376225262600549 ], [ 131.054239254741219, 34.376988220782899 ], [ 131.052623154124376, 34.377683992328699 ], [ 131.043877379335214, 34.377868374725274 ], [ 131.042993812965989, 34.377821098839831 ], [ 131.040342544031063, 34.377214678869585 ], [ 131.038253902038093, 34.377241483318436 ], [ 131.038193883526617, 34.377783373764188 ], [ 131.03459251988906, 34.378125894806004 ], [ 131.035190959175367, 34.378094526528372 ], [ 131.035299269931699, 34.378447957681573 ], [ 131.035249638602409, 34.378095915217884 ], [ 131.036375653374961, 34.37796490779769 ], [ 131.036519439084856, 34.378839701920668 ], [ 131.035612277052167, 34.37894216943527 ], [ 131.035527032898017, 34.378736853723787 ], [ 131.035554713185348, 34.378939946650455 ], [ 131.034421026398292, 34.379153846215679 ], [ 131.033886853872758, 34.378285293181058 ], [ 131.034417240962881, 34.379271005876859 ], [ 131.035704912269836, 34.380177513726863 ], [ 131.038159385174623, 34.381109290657029 ], [ 131.039826476659613, 34.38135891185545 ], [ 131.040757544442869, 34.382137841017368 ], [ 131.041819791908296, 34.382351438624106 ], [ 131.042396293048512, 34.383818002236879 ], [ 131.043740683996816, 34.3850444084011 ], [ 131.043333543398234, 34.386415869428774 ], [ 131.0423289737316, 34.387889170447664 ], [ 131.04227161352415, 34.388296990566516 ], [ 131.04277560154992, 34.389375945840278 ], [ 131.044636349754882, 34.390757515655991 ], [ 131.045070102027296, 34.391277174170462 ], [ 131.04528532528505, 34.392632931322233 ], [ 131.046249921802001, 34.394167399607298 ], [ 131.046551202997108, 34.394900647392632 ], [ 131.046644667434862, 34.395811734404404 ], [ 131.04652055128895, 34.396632511082259 ], [ 131.046129343669662, 34.397233495466921 ], [ 131.044371917075125, 34.39814310899451 ], [ 131.050233448560419, 34.398191121223668 ], [ 131.054488669812486, 34.398523446516407 ] ] ] } },
{ "type": "Feature", "properties": { "CITY_NAME": "長門市", "S_NAME": "油谷津黄", "JINKO": 134, "medical_area": "35_長門医療圏", "町丁目名": "長門市油谷津黄" }, "geometry": { "type": "Polygon", "coordinates": [ [ [ 131.074910389595573, 34.424190385525847 ], [ 131.075241928684846, 34.423459466526687 ], [ 131.075742336119561, 34.423957930364651 ], [ 131.076027040646039, 34.423815385028732 ], [ 131.075995302887918, 34.422909090871862 ], [ 131.076573192103524, 34.422729438280449 ], [ 131.076690359591453, 34.422836832494717 ], [ 131.077800069925786, 34.422156228676286 ], [ 131.078426627754624, 34.422161809130067 ], [ 131.078393200928218, 34.422393226625744 ], [ 131.078577814611151, 34.422083851608029 ], [ 131.078824500099671, 34.422014771857278 ], [ 131.080110186793632, 34.422030716140576 ], [ 131.08138934449704, 34.421033243091763 ], [ 131.082241407494564, 34.421180539293047 ], [ 131.082603560569538, 34.420850195709775 ], [ 131.082859629340078, 34.420817392048285 ], [ 131.083215990211158, 34.420856611786412 ], [ 131.083419367220728, 34.421113511874353 ], [ 131.083891242151935, 34.420624542590275 ], [ 131.084285798945871, 34.420654237398054 ], [ 131.084271725706031, 34.420816383422938 ], [ 131.084438542879866, 34.420698834016761 ], [ 131.084520250672966, 34.42111157282956 ], [ 131.084766166329956, 34.420857666581519 ], [ 131.084720645991354, 34.42067696289093 ], [ 131.085388620002703, 34.420587372088953 ], [ 131.085553010046794, 34.420407540626535 ], [ 131.086117500784781, 34.420414364870588 ], [ 131.086069795612786, 34.420238149804057 ], [ 131.086301234432511, 34.420005805655506 ], [ 131.087504546878904, 34.419565687408706 ], [ 131.090776914311135, 34.419300711794364 ], [ 131.091247068177296, 34.419539243181831 ], [ 131.091389669333694, 34.419791935251503 ], [ 131.091978147978779, 34.419710623955531 ], [ 131.092014701454445, 34.420168036306428 ], [ 131.092215097657203, 34.420321222814337 ], [ 131.092555512767944, 34.420325061678298 ], [ 131.092646899863865, 34.420070767865752 ], [ 131.092836239628326, 34.420317668584495 ], [ 131.09261505539348, 34.420520393315989 ], [ 131.092920533505264, 34.420704223647796 ], [ 131.093495120561158, 34.420433468963445 ], [ 131.093532952850012, 34.420705096634805 ], [ 131.09414515742813, 34.420729488747156 ], [ 131.09425121040789, 34.420431092765057 ], [ 131.094516767532838, 34.420846282365943 ], [ 131.094701683150817, 34.420847904864416 ], [ 131.093569348076983, 34.419633191267131 ], [ 131.092773707865689, 34.418111100787371 ], [ 131.091696662092289, 34.417077150163664 ], [ 131.090835993887794, 34.417218042770344 ], [ 131.090526094575353, 34.416187313019627 ], [ 131.090610694643146, 34.415766602577527 ], [ 131.091179699109261, 34.414795445139248 ], [ 131.087752621765418, 34.415281917169068 ], [ 131.087233548027427, 34.414957581110713 ], [ 131.086535431994747, 34.415424844735327 ], [ 131.085244718452344, 34.415449772799413 ], [ 131.08467108689058, 34.415126352653473 ], [ 131.08396447052985, 34.414275358169462 ], [ 131.082702979967451, 34.413559738717183 ], [ 131.081561093148537, 34.413046739348815 ], [ 131.08093986744251, 34.413048267506838 ], [ 131.080793340014452, 34.412773979596963 ], [ 131.080866655547908, 34.412263168538203 ], [ 131.078813782798022, 34.41282878519899 ], [ 131.077794934566214, 34.412837042402145 ], [ 131.077226042045822, 34.41308200028795 ], [ 131.076258262962938, 34.413208035119531 ], [ 131.075885389369972, 34.413003703025787 ], [ 131.075251867475941, 34.413022840903153 ], [ 131.075121507575403, 34.412271317621915 ], [ 131.07462696028395, 34.411517529111265 ], [ 131.073733805211731, 34.411591529341919 ], [ 131.073104860093508, 34.411155723790472 ], [ 131.072572116715577, 34.411704533434779 ], [ 131.072127110642811, 34.41166322268451 ], [ 131.071768480141998, 34.411879752316935 ], [ 131.071518059410494, 34.412380236796011 ], [ 131.071266059085104, 34.412428547858276 ], [ 131.070972164637936, 34.412314072598626 ], [ 131.070193451459915, 34.411335162295423 ], [ 131.069354738478381, 34.411008169675206 ], [ 131.06856799975381, 34.411067449994263 ], [ 131.068480706694089, 34.410841714122313 ], [ 131.067620569608835, 34.41136009349426 ], [ 131.066778031282411, 34.412506014707226 ], [ 131.065848619423122, 34.416217325912818 ], [ 131.065248027257354, 34.416425460084838 ], [ 131.064975389006889, 34.416691623301396 ], [ 131.064859830384449, 34.41726613304003 ], [ 131.065159809176066, 34.418063705381506 ], [ 131.064051618509296, 34.418999869598522 ], [ 131.063655797498029, 34.418847692950948 ], [ 131.063207656634461, 34.419261861592872 ], [ 131.063529329638726, 34.420070055657121 ], [ 131.062865235563407, 34.421129798384726 ], [ 131.0633269446665, 34.421423289640948 ], [ 131.063301491709183, 34.421206701089808 ], [ 131.063554235014351, 34.420852045983274 ], [ 131.064056661747145, 34.420776288634841 ], [ 131.064206945746804, 34.420353940691186 ], [ 131.064289703750887, 34.420763037011831 ], [ 131.064510582616748, 34.420756998850131 ], [ 131.064721387943365, 34.42061198378245 ], [ 131.06476404137706, 34.4203409326499 ], [ 131.06518043868553, 34.420363701069704 ], [ 131.065570448079029, 34.419903787375461 ], [ 131.066125301751839, 34.419737497729372 ], [ 131.066315358298027, 34.419424528994348 ], [ 131.066665219500209, 34.419459229398228 ], [ 131.067419857373949, 34.41882059792529 ], [ 131.067948269891502, 34.419004802576758 ], [ 131.068068195386729, 34.419653128141199 ], [ 131.068307968852849, 34.419696694828438 ], [ 131.067896031367752, 34.418509352925639 ], [ 131.068676464481712, 34.418391984774438 ], [ 131.068958894100945, 34.419416737201232 ], [ 131.068766663521842, 34.41948093347095 ], [ 131.069151650875796, 34.419403254702019 ], [ 131.068885588442811, 34.418452459971121 ], [ 131.069319694223225, 34.419947353014294 ], [ 131.069064182229795, 34.420268754188598 ], [ 131.068204547665317, 34.420040166840593 ], [ 131.067942150497743, 34.420140637112731 ], [ 131.069025955739676, 34.420364899762781 ], [ 131.068787569546828, 34.420708851628568 ], [ 131.068798546862695, 34.421695247282294 ], [ 131.068986771745045, 34.421781735428745 ], [ 131.069283473018544, 34.421631988677746 ], [ 131.069511171668722, 34.421858563013281 ], [ 131.06996058678763, 34.421846255932422 ], [ 131.070108493558223, 34.422104510635819 ], [ 131.070019236272856, 34.422274995180146 ], [ 131.070339368089122, 34.422582686919966 ], [ 131.070201611020167, 34.422718366835959 ], [ 131.070316766334571, 34.422979144842373 ], [ 131.070854135193741, 34.422981146380636 ], [ 131.071017777240826, 34.42311516175883 ], [ 131.070911456386312, 34.424006695534743 ], [ 131.071119469900623, 34.424075327829179 ], [ 131.071469440093011, 34.423849426532279 ], [ 131.071434480102596, 34.423278490423471 ], [ 131.0716278359032, 34.423135137837413 ], [ 131.071519473197583, 34.423017816258515 ], [ 131.072088690388398, 34.422832754684343 ], [ 131.072226606641692, 34.423016966050639 ], [ 131.073038673994262, 34.42314227547957 ], [ 131.073080869353959, 34.423745815192717 ], [ 131.073527806359891, 34.423930959255564 ], [ 131.073401715157104, 34.424254372639282 ], [ 131.073931327840995, 34.424186988626658 ], [ 131.073952694629725, 34.42438015771382 ], [ 131.074457608434244, 34.424538771581631 ], [ 131.074910389595573, 34.424190385525847 ] ] ] } },
{ "type": "Feature", "properties": { "CITY_NAME": "長門市", "S_NAME": "油谷後畑", "JINKO": 0, "medical_area": "35_長門医療圏", "町丁目名": "長門市油谷後畑" }, "geometry": { "type": "Polygon", "coordinates": [ [ [ 131.046767291443359, 34.412144252673251 ], [ 131.047293282736462, 34.412178789356304 ], [ 131.047157720139552, 34.411989080338415 ], [ 131.046615368482293, 34.411875089352726 ], [ 131.046767291443359, 34.412144252673251 ] ] ] } },
{ "type": "Feature", "properties": { "CITY_NAME": "長門市", "S_NAME": "油谷後畑", "JINKO": 329, "medical_area": "35_長門医療圏", "町丁目名": "長門市油谷後畑" }, "geometry": { "type": "Polygon", "coordinates": [ [ [ 131.063699686158515, 34.418838510417856 ], [ 131.064051618509296, 34.418999869598522 ], [ 131.065159809176066, 34.418063705381506 ], [ 131.064859830384449, 34.41726613304003 ], [ 131.065007702528931, 34.416599510672818 ], [ 131.065848619423122, 34.416217325912818 ], [ 131.066778031282411, 34.412506014707226 ], [ 131.067620569608835, 34.41136009349426 ], [ 131.068480706694089, 34.410841714122313 ], [ 131.068668073784863, 34.409068714528438 ], [ 131.067103983107586, 34.408330781120199 ], [ 131.066760082766848, 34.407857780862322 ], [ 131.065940753252619, 34.4043651229277 ], [ 131.065362714594954, 34.404091718729475 ], [ 131.064679237135124, 34.403299984496542 ], [ 131.06443648023162, 34.402581387094287 ], [ 131.063775730567812, 34.4020986189173 ], [ 131.063766954839423, 34.401343537524397 ], [ 131.061018745182594, 34.399693054580247 ], [ 131.059928276441127, 34.399507110901141 ], [ 131.058290135686377, 34.398577397841024 ], [ 131.05692170101878, 34.398876426010993 ], [ 131.054631672616239, 34.398920981866411 ], [ 131.054488669812486, 34.398523446516407 ], [ 131.053213722227099, 34.398416059473178 ], [ 131.050233448560419, 34.398191121223668 ], [ 131.044371917075125, 34.39814310899451 ], [ 131.042986156028775, 34.39883256726079 ], [ 131.040858782453967, 34.398963441402401 ], [ 131.040104409774415, 34.399149753227114 ], [ 131.036245441598112, 34.400811769421615 ], [ 131.032586847192562, 34.401057246607557 ], [ 131.028258410916209, 34.400995529654409 ], [ 131.024485700780218, 34.400100879670632 ], [ 131.0219764452589, 34.399712204881425 ], [ 131.018043201305744, 34.398543874481895 ], [ 131.01791168220646, 34.398934789841171 ], [ 131.018069466546422, 34.399009374204525 ], [ 131.018084650300892, 34.399247426283559 ], [ 131.017773994445008, 34.400336302651731 ], [ 131.016960322942566, 34.401219313310861 ], [ 131.01639828832873, 34.40120417738364 ], [ 131.016389564581402, 34.402555345167748 ], [ 131.017266293251595, 34.403499295847872 ], [ 131.017266110157095, 34.403829325184645 ], [ 131.016948170794478, 34.404336530835401 ], [ 131.016138305049736, 34.405018568851247 ], [ 131.015947625723129, 34.404962687848247 ], [ 131.015747507075872, 34.404485692793507 ], [ 131.015580341447048, 34.404778937815195 ], [ 131.013738140595194, 34.404759779719924 ], [ 131.013619999105629, 34.404650488532909 ], [ 131.013609220814601, 34.404878577177428 ], [ 131.012871495046284, 34.404766548989009 ], [ 131.012825571897366, 34.406309779010265 ], [ 131.013482245311138, 34.408810841752768 ], [ 131.013561853032115, 34.40995704870285 ], [ 131.01334725002684, 34.410547475622657 ], [ 131.012278116963557, 34.412051336415608 ], [ 131.012327725919789, 34.412652561746164 ], [ 131.014006312805094, 34.412320462481283 ], [ 131.01552263783941, 34.412324873155001 ], [ 131.015993129863887, 34.412520300045195 ], [ 131.016202330299222, 34.412807220950313 ], [ 131.01630082722383, 34.412211333019584 ], [ 131.016828882347369, 34.412174883162287 ], [ 131.017291756662075, 34.411573401158201 ], [ 131.019868526237786, 34.411024135212216 ], [ 131.021443762331415, 34.411168754241871 ], [ 131.022310714366085, 34.411561829807809 ], [ 131.023422839392907, 34.411293605312828 ], [ 131.025006395697233, 34.411227254864471 ], [ 131.02574764949199, 34.41182915562262 ], [ 131.025779820019835, 34.411300250136854 ], [ 131.027521626794879, 34.410956862491808 ], [ 131.028327629589825, 34.410632639048991 ], [ 131.032206942958396, 34.410196218568863 ], [ 131.033176478716797, 34.410333244329728 ], [ 131.035370817876156, 34.411592135664151 ], [ 131.036713416613424, 34.412052618012524 ], [ 131.038385500010634, 34.412279061756998 ], [ 131.038664318922258, 34.412171623363704 ], [ 131.039063228561503, 34.411544256273402 ], [ 131.040094284630271, 34.411392333500665 ], [ 131.041353233200226, 34.410791886737442 ], [ 131.043528945694874, 34.410366488430569 ], [ 131.043601140020428, 34.410172482859537 ], [ 131.043554995699822, 34.410369404565415 ], [ 131.044604536532859, 34.410701890098231 ], [ 131.046418112593869, 34.410921354980623 ], [ 131.047052149781337, 34.411423832884118 ], [ 131.046631434486301, 34.411645355402094 ], [ 131.04691584386066, 34.411774169033585 ], [ 131.047104171902305, 34.411677574539432 ], [ 131.047183579097407, 34.41184057046091 ], [ 131.047589632344199, 34.411902883897369 ], [ 131.047315016168483, 34.411772471160091 ], [ 131.0471799608369, 34.411461908782861 ], [ 131.047384027776985, 34.411332212938959 ], [ 131.047753123028343, 34.411546598838363 ], [ 131.048032291062071, 34.411335467151261 ], [ 131.049094529012535, 34.41169309940625 ], [ 131.048990797549891, 34.411722858818806 ], [ 131.049077269801614, 34.412255531142627 ], [ 131.048261415392346, 34.412341745591597 ], [ 131.048118537332101, 34.412043931281829 ], [ 131.048214608759878, 34.41234681053713 ], [ 131.047620980264242, 34.412483788944726 ], [ 131.049543454545983, 34.412288666288809 ], [ 131.049975713039856, 34.412751389628028 ], [ 131.050813744986954, 34.41427003027686 ], [ 131.052110278893764, 34.415098551844437 ], [ 131.053112979542647, 34.415522374775222 ], [ 131.054834442974141, 34.415891453404853 ], [ 131.055581125155584, 34.415607929312259 ], [ 131.057320012608159, 34.415399186867383 ], [ 131.057966383135778, 34.41570888164722 ], [ 131.05874358174998, 34.41624781051248 ], [ 131.059154540376312, 34.416842015843535 ], [ 131.059471986371307, 34.416775447473299 ], [ 131.059705333265327, 34.417472700908121 ], [ 131.060062543312881, 34.417858086520958 ], [ 131.060687306802009, 34.417745698481845 ], [ 131.060579230808656, 34.41851733491724 ], [ 131.061004346599958, 34.41812268845549 ], [ 131.061346148539627, 34.418355661353864 ], [ 131.061353034546102, 34.418903807618847 ], [ 131.06179701824027, 34.41881231760312 ], [ 131.061784954019259, 34.419147595394733 ], [ 131.062138473712935, 34.419807897854945 ], [ 131.062648516073182, 34.420154227340731 ], [ 131.062406424974853, 34.420693783027502 ], [ 131.062865235563407, 34.421129798384726 ], [ 131.063529329638726, 34.420070055657121 ], [ 131.063176977700181, 34.419326380044303 ], [ 131.063699686158515, 34.418838510417856 ] ] ] } },
{ "type": "Feature", "properties": { "CITY_NAME": "長門市", "S_NAME": "油谷後畑", "JINKO": 0, "medical_area": "35_長門医療圏", "町丁目名": "長門市油谷後畑" }, "geometry": { "type": "Polygon", "coordinates": [ [ [ 131.044021066479758, 34.412570384326912 ], [ 131.04471227511732, 34.41215880098158 ], [ 131.04436468675604, 34.412147582185305 ], [ 131.044021066479758, 34.412570384326912 ] ] ] } },
{ "type": "Feature", "properties": { "CITY_NAME": "長門市", "S_NAME": "油谷角山", "JINKO": 0, "medical_area": "35_長門医療圏", "町丁目名": "長門市油谷角山" }, "geometry": { "type": "Polygon", "coordinates": [ [ [ 131.009603527045982, 34.390809913319735 ], [ 131.009400583575285, 34.390863917120569 ], [ 131.009371402803509, 34.391008726002973 ], [ 131.00979742188585, 34.391024442042806 ], [ 131.009603527045982, 34.390809913319735 ] ] ] } },
{ "type": "Feature", "properties": { "CITY_NAME": "長門市", "S_NAME": "油谷角山", "JINKO": 178, "medical_area": "35_長門医療圏", "町丁目名": "長門市油谷角山" }, "geometry": { "type": "Polygon", "coordinates": [ [ [ 131.033883762293954, 34.401004738728822 ], [ 131.036245441598112, 34.400811769421615 ], [ 131.040104409774415, 34.399149753227114 ], [ 131.040858782453967, 34.398963441402401 ], [ 131.042986156028775, 34.39883256726079 ], [ 131.046129343669662, 34.397233495466921 ], [ 131.04652055128895, 34.396632511082259 ], [ 131.046644667434862, 34.395811734404404 ], [ 131.046551202997108, 34.394900647392632 ], [ 131.046249921802001, 34.394167399607298 ], [ 131.04528532528505, 34.392632931322233 ], [ 131.045070102027296, 34.391277174170462 ], [ 131.044636349754882, 34.390757515655991 ], [ 131.04277560154992, 34.389375945840278 ], [ 131.04227161352415, 34.388296990566516 ], [ 131.0423289737316, 34.387889170447664 ], [ 131.043333543398234, 34.386415869428774 ], [ 131.043740683996816, 34.3850444084011 ], [ 131.042396293048512, 34.383818002236879 ], [ 131.041819791908296, 34.382351438624106 ], [ 131.040757544442869, 34.382137841017368 ], [ 131.039826476659613, 34.38135891185545 ], [ 131.038159385174623, 34.381109290657029 ], [ 131.035704912269836, 34.380177513726863 ], [ 131.035280079501092, 34.37987496298939 ], [ 131.035487696212442, 34.380203112956998 ], [ 131.035410929272274, 34.380573848318726 ], [ 131.034089017486593, 34.382008520389256 ], [ 131.034614710091887, 34.383344923617123 ], [ 131.03455144385822, 34.384245835244542 ], [ 131.034224831434415, 34.385165017434815 ], [ 131.033858242226586, 34.385418551175164 ], [ 131.032793726810866, 34.385573637908749 ], [ 131.03171646655008, 34.386030740549245 ], [ 131.030499619454588, 34.387323801454066 ], [ 131.029975400543805, 34.38845847861851 ], [ 131.029196017037179, 34.389318504119466 ], [ 131.028119678772327, 34.389539223608345 ], [ 131.026949203303587, 34.389327325504652 ], [ 131.026793639614255, 34.389490822478827 ], [ 131.026949436935269, 34.389949359672919 ], [ 131.0261906175256, 34.389697057010288 ], [ 131.025891425757976, 34.389782588027728 ], [ 131.025752513775586, 34.390002159917714 ], [ 131.025551311878957, 34.389765895398064 ], [ 131.025350132763322, 34.389765850384343 ], [ 131.025320859712878, 34.390000953066696 ], [ 131.02569983980311, 34.390277610752108 ], [ 131.025512017174492, 34.390420099339444 ], [ 131.025190654356976, 34.39038005775376 ], [ 131.025594354484497, 34.390763435431559 ], [ 131.025092877951181, 34.391330224635247 ], [ 131.024424704997585, 34.391446679436591 ], [ 131.023473459388754, 34.391106077774445 ], [ 131.023483102118718, 34.390796841611618 ], [ 131.023128562462688, 34.390634922411138 ], [ 131.022794276168753, 34.390751670151779 ], [ 131.022983448405824, 34.391309689763105 ], [ 131.022567916760096, 34.391477937363163 ], [ 131.021359648328001, 34.391089847996106 ], [ 131.020975032298196, 34.391140341181043 ], [ 131.020821721549964, 34.391380480868214 ], [ 131.020873882111772, 34.391941727743593 ], [ 131.020615918453956, 34.392273855083722 ], [ 131.020466140293877, 34.392416693232803 ], [ 131.019888274008196, 34.392445512849761 ], [ 131.020438224048348, 34.392868870903044 ], [ 131.02002269512721, 34.39423173533411 ], [ 131.020051533342269, 34.395779898930449 ], [ 131.019857102118863, 34.396722813157396 ], [ 131.019397188592563, 34.397034028473513 ], [ 131.018866068841362, 34.396903689196918 ], [ 131.018717120791422, 34.39721513911406 ], [ 131.018261519055216, 34.39729115819943 ], [ 131.018071662239834, 34.397810411397046 ], [ 131.018183952279287, 34.39827305654746 ], [ 131.018043201305744, 34.398543874481895 ], [ 131.0219764452589, 34.399712204881425 ], [ 131.024485700780218, 34.400100879670632 ], [ 131.027689710626248, 34.400882765795963 ], [ 131.028258410916209, 34.400995529654409 ], [ 131.033883762293954, 34.401004738728822 ] ] ] } },
{ "type": "Feature", "properties": { "CITY_NAME": "長門市", "S_NAME": "油谷角山", "JINKO": 0, "medical_area": "35_長門医療圏", "町丁目名": "長門市油谷角山" }, "geometry": { "type": "Polygon", "coordinates": [ [ [ 131.015629091933675, 34.392566848668906 ], [ 131.015460717020289, 34.392788950256602 ], [ 131.015572611255692, 34.392875643989136 ], [ 131.015681179905926, 34.392814404016001 ], [ 131.015629091933675, 34.392566848668906 ] ] ] } },
{ "type": "Feature", "properties": { "CITY_NAME": "長門市", "S_NAME": "油谷向津具上", "JINKO": 0, "medical_area": "35_長門医療圏", "町丁目名": "長門市油谷向津具上" }, "geometry": { "type": "Polygon", "coordinates": [ [ [ 130.982299441430456, 34.407260619980718 ], [ 130.9827134981293, 34.407303926637859 ], [ 130.982618367389477, 34.407108202191608 ], [ 130.982932344158058, 34.407228573624188 ], [ 130.983115282473335, 34.407005960091375 ], [ 130.982297349423987, 34.406920714359394 ], [ 130.982281578241242, 34.407062967576181 ], [ 130.982428632546515, 34.407083406167324 ], [ 130.982299441430456, 34.407260619980718 ] ] ] } },
{ "type": "Feature", "properties": { "CITY_NAME": "長門市", "S_NAME": "油谷向津具上", "JINKO": 0, "medical_area": "35_長門医療圏", "町丁目名": "長門市油谷向津具上" }, "geometry": { "type": "Polygon", "coordinates": [ [ [ 131.004120553858087, 34.398513518331676 ], [ 131.004113146783794, 34.398262861659887 ], [ 131.003954935373599, 34.398300095793957 ], [ 131.003736811117648, 34.398031239888304 ], [ 131.003480990119613, 34.397969228255036 ], [ 131.004120553858087, 34.398513518331676 ] ] ] } },
{ "type": "Feature", "properties": { "CITY_NAME": "長門市", "S_NAME": "油谷向津具上", "JINKO": 322, "medical_area": "35_長門医療圏", "町丁目名": "長門市油谷向津具上" }, "geometry": { "type": "Polygon", "coordinates": [ [ [ 130.985342441817437, 34.434965303466285 ], [ 130.985658612034172, 34.434998079569326 ], [ 130.985895044234809, 34.434820067077609 ], [ 130.987057409653886, 34.434949466610881 ], [ 130.986815836688976, 34.434411598814755 ], [ 130.986905542802958, 34.4339139732147 ], [ 130.988068281226873, 34.432927219770384 ], [ 130.989977158344203, 34.432658120333912 ], [ 130.990480221537837, 34.432782829825562 ], [ 130.99110834074915, 34.432530117836514 ], [ 130.991853967421406, 34.432577852202186 ], [ 130.994981396542471, 34.4315279185168 ], [ 130.995258310758203, 34.431254634565931 ], [ 130.995864106132728, 34.43111352372447 ], [ 130.996936034874551, 34.430545005331723 ], [ 130.999881522026556, 34.429971972587524 ], [ 131.003395509029048, 34.427866122619974 ], [ 131.003414553806095, 34.427749111189129 ], [ 131.001268438551165, 34.426677181129719 ], [ 130.999114017213429, 34.426010942463606 ], [ 130.998919275412305, 34.425768218232811 ], [ 130.998691872240073, 34.424122250917065 ], [ 130.998728088718707, 34.422019890331761 ], [ 130.998426142364195, 34.421554292171685 ], [ 130.998834662914561, 34.420859123103334 ], [ 130.998722278498803, 34.420433648821962 ], [ 130.998937729427979, 34.41994425770892 ], [ 130.998898866053054, 34.419573152529779 ], [ 130.999872981917804, 34.419536390860429 ], [ 130.999809928499303, 34.419071103848133 ], [ 130.999546086224314, 34.418707430178351 ], [ 130.99964122539177, 34.418539451804975 ], [ 131.000935980140525, 34.418753647462225 ], [ 131.001566175278299, 34.418378073184847 ], [ 131.001817859992229, 34.417314889942134 ], [ 131.001699746464936, 34.417068815817544 ], [ 131.002289746102889, 34.416428324231426 ], [ 131.002349414213484, 34.415918850766531 ], [ 131.002813218089869, 34.41547350894168 ], [ 131.003014784401159, 34.415535713442218 ], [ 131.003098884135909, 34.416194455364788 ], [ 131.003616480476694, 34.415957668148017 ], [ 131.004185769665412, 34.415350634751995 ], [ 131.004811879590221, 34.415451803006661 ], [ 131.005543056909119, 34.415120689666651 ], [ 131.006224105007959, 34.415114476304844 ], [ 131.006856062732879, 34.415672206651884 ], [ 131.007229639419648, 34.415081754879267 ], [ 131.007143265291575, 34.414640898670747 ], [ 131.007936832536927, 34.414048930866578 ], [ 131.012327725919789, 34.412652561746164 ], [ 131.012278116963557, 34.412051336415608 ], [ 131.01334725002684, 34.410547475622657 ], [ 131.013561853032115, 34.40995704870285 ], [ 131.013482245311138, 34.408810841752768 ], [ 131.012825571897366, 34.406309779010265 ], [ 131.012871495046284, 34.404766548989009 ], [ 131.012315484732028, 34.404682429403856 ], [ 131.011669175536582, 34.404225591094686 ], [ 131.011287743560302, 34.403013996686894 ], [ 131.010696418889893, 34.40227370272936 ], [ 131.010787137302685, 34.402004111506805 ], [ 131.010642895937707, 34.401816113514478 ], [ 131.008836534175884, 34.401489023379781 ], [ 131.007906220164898, 34.400262225742921 ], [ 131.007221929931802, 34.400511829613208 ], [ 131.005662440385038, 34.400111247283469 ], [ 131.005319341196184, 34.399828532264905 ], [ 131.005049760042709, 34.399267895939317 ], [ 131.004658754749414, 34.399076704966042 ], [ 131.004335948553006, 34.39913942262438 ], [ 131.003508949249976, 34.399723879298008 ], [ 131.002980390024788, 34.399562929307912 ], [ 131.002556062926857, 34.399182946546787 ], [ 131.003065306798106, 34.39869548759922 ], [ 131.002415829079268, 34.399020190380583 ], [ 131.001800226484846, 34.398635710887639 ], [ 131.002486017327357, 34.398118521396711 ], [ 131.002752331400472, 34.397576495464158 ], [ 131.002442139812842, 34.398065846568535 ], [ 131.001392520810128, 34.398859036505776 ], [ 131.001039243487611, 34.398766371493195 ], [ 131.00031644026177, 34.398974157960183 ], [ 130.999769300393922, 34.39889767171428 ], [ 130.998941508633976, 34.399066418623789 ], [ 130.998623914490224, 34.398833510094214 ], [ 130.998256072697984, 34.398853524256147 ], [ 130.9976727649466, 34.39942843424803 ], [ 130.997059370802958, 34.399662451814805 ], [ 130.995031232294821, 34.398950727173585 ], [ 130.9939799635724, 34.399230819964544 ], [ 130.992510744040061, 34.399304197741003 ], [ 130.991596946898795, 34.399012441207631 ], [ 130.990277897861006, 34.399234993831442 ], [ 130.989062295687205, 34.399914763840009 ], [ 130.987349476841757, 34.399599786612384 ], [ 130.986943015498241, 34.399732074960149 ], [ 130.986261113357216, 34.400274414987244 ], [ 130.985523536106626, 34.400213205649379 ], [ 130.984791496133028, 34.400531653630402 ], [ 130.984191402748536, 34.400125540631109 ], [ 130.98375303222349, 34.400055522660082 ], [ 130.983111643211402, 34.400500905559497 ], [ 130.982170368475892, 34.400538700115334 ], [ 130.981454685056207, 34.400003556685931 ], [ 130.980518644555218, 34.399821371897893 ], [ 130.979976736680499, 34.399538488226135 ], [ 130.979443405328396, 34.399875876643712 ], [ 130.978496198799945, 34.400027116237155 ], [ 130.978283219342615, 34.400475788376873 ], [ 130.97732209383696, 34.401532027626907 ], [ 130.97646683589835, 34.402172776640811 ], [ 130.976522714911738, 34.402606876537604 ], [ 130.97513181581607, 34.403438052982551 ], [ 130.975456041743541, 34.403439097578534 ], [ 130.975704936343504, 34.403689427367048 ], [ 130.975856989061384, 34.403614423258453 ], [ 130.976695761826505, 34.404331372121298 ], [ 130.977357179580792, 34.404582611035806 ], [ 130.979670451582592, 34.404873830907192 ], [ 130.981521231027983, 34.40536490952762 ], [ 130.98206882820736, 34.405638966332575 ], [ 130.982446807161011, 34.40628816913717 ], [ 130.982942066547793, 34.406586646323291 ], [ 130.983415548213998, 34.407146622298598 ], [ 130.983392735356688, 34.407686583591804 ], [ 130.983062984679577, 34.408016236258227 ], [ 130.982863335525622, 34.408616604366813 ], [ 130.982625164603945, 34.411269010074399 ], [ 130.982845501098268, 34.411920910270368 ], [ 130.984133309706152, 34.414168042554408 ], [ 130.984334543560863, 34.414819896160303 ], [ 130.984549600503044, 34.415836276808434 ], [ 130.984436286471009, 34.417776596058538 ], [ 130.984076306108079, 34.418898412310845 ], [ 130.982986177896294, 34.420250928931381 ], [ 130.981416766352567, 34.421693730952391 ], [ 130.980889706835399, 34.422449384911523 ], [ 130.980318347201859, 34.424306239918607 ], [ 130.980783140395658, 34.425245748734703 ], [ 130.981460142179259, 34.426060683434237 ], [ 130.982409699237536, 34.428581908537474 ], [ 130.982794244656844, 34.42979009671668 ], [ 130.982971785447603, 34.432121724993593 ], [ 130.983898668179989, 34.43353334318931 ], [ 130.98404605894811, 34.433930998253409 ], [ 130.984014942246887, 34.434745129746972 ], [ 130.98470538880926, 34.434697716911273 ], [ 130.985163817129234, 34.435136689904233 ], [ 130.985342441817437, 34.434965303466285 ] ] ] } },
{ "type": "Feature", "properties": { "CITY_NAME": "長門市", "S_NAME": "油谷向津具下", "JINKO": 0, "medical_area": "35_長門医療圏", "町丁目名": "長門市油谷向津具下" }, "geometry": { "type": "Polygon", "coordinates": [ [ [ 130.969107131210222, 34.399733577939855 ], [ 130.968111789779726, 34.4000538564664 ], [ 130.968812335074347, 34.400959523345854 ], [ 130.969151245287577, 34.400758176458488 ], [ 130.969387345487974, 34.400371865010214 ], [ 130.969340779506581, 34.399900948693855 ], [ 130.969107131210222, 34.399733577939855 ] ] ] } },
{ "type": "Feature", "properties": { "CITY_NAME": "長門市", "S_NAME": "油谷向津具下", "JINKO": 0, "medical_area": "35_長門医療圏", "町丁目名": "長門市油谷向津具下" }, "geometry": { "type": "Polygon", "coordinates": [ [ [ 130.961215059841322, 34.428661061010764 ], [ 130.960859510792034, 34.428343024849504 ], [ 130.960620587178994, 34.428544346925037 ], [ 130.960789884530584, 34.428799416293096 ], [ 130.960532537483175, 34.429141130622945 ], [ 130.960679046781166, 34.429396819475805 ], [ 130.961155868701155, 34.429071635424648 ], [ 130.961215059841322, 34.428661061010764 ] ] ] } },
{ "type": "Feature", "properties": { "CITY_NAME": "長門市", "S_NAME": "油谷向津具下", "JINKO": 868, "medical_area": "35_長門医療圏", "町丁目名": "長門市油谷向津具下" }, "geometry": { "type": "Polygon", "coordinates": [ [ [ 130.973702981330945, 34.442232728015945 ], [ 130.974062541072868, 34.442348075917053 ], [ 130.974408608694148, 34.44219270613597 ], [ 130.97482032304336, 34.441628789741834 ], [ 130.974931091160613, 34.440724871358711 ], [ 130.974370232583794, 34.440376841933428 ], [ 130.974412765444072, 34.439985958636306 ], [ 130.974840045674341, 34.440084779540335 ], [ 130.974653395778233, 34.439592500464798 ], [ 130.975166355574743, 34.439865266792658 ], [ 130.975126176355161, 34.439552034917064 ], [ 130.975415165622962, 34.439739653778815 ], [ 130.975656049777655, 34.439321967697659 ], [ 130.975706229982165, 34.439697415396836 ], [ 130.976105299196462, 34.4397176412132 ], [ 130.976404730073142, 34.43946898733315 ], [ 130.976337330704979, 34.43916267443506 ], [ 130.976610702598435, 34.438605573540002 ], [ 130.976736323068337, 34.438570737026694 ], [ 130.976745490150137, 34.439153125169412 ], [ 130.976896256874966, 34.438723713522776 ], [ 130.977223654929787, 34.438960438041555 ], [ 130.977269933817752, 34.438382111185689 ], [ 130.97714031995551, 34.43808702533358 ], [ 130.977620336675955, 34.437997039081608 ], [ 130.977752443328569, 34.438272288000661 ], [ 130.978046827208118, 34.438229231082765 ], [ 130.978311816327079, 34.437956855945302 ], [ 130.978277008459315, 34.437725655237955 ], [ 130.978736887376527, 34.437442636405926 ], [ 130.978753841270787, 34.437704229855264 ], [ 130.97905398405959, 34.437332046476371 ], [ 130.978966329078844, 34.437837853567693 ], [ 130.979376310002607, 34.437314470361052 ], [ 130.979383099027586, 34.437832041285496 ], [ 130.979731870844859, 34.43732693719091 ], [ 130.979636344909011, 34.437157405739924 ], [ 130.979980636822603, 34.436662257556328 ], [ 130.979909405406829, 34.436548036249313 ], [ 130.980119859149028, 34.436362599292835 ], [ 130.979961410688048, 34.436098645479525 ], [ 130.980836493388267, 34.435384119525111 ], [ 130.98171218160806, 34.435088922276329 ], [ 130.982403186754397, 34.435158720488829 ], [ 130.982581816802252, 34.435300180079508 ], [ 130.982466252884649, 34.435472032703764 ], [ 130.982617675217625, 34.435535757115318 ], [ 130.982536474522419, 34.435814430054222 ], [ 130.982822846286666, 34.435567464437881 ], [ 130.982786127818315, 34.435007345204234 ], [ 130.984014942246887, 34.434745129746972 ], [ 130.98404605894811, 34.433930998253409 ], [ 130.983898668179989, 34.43353334318931 ], [ 130.982971785447603, 34.432121724993593 ], [ 130.982794244656844, 34.42979009671668 ], [ 130.982409699237536, 34.428581908537474 ], [ 130.981460142179259, 34.426060683434237 ], [ 130.980783140395658, 34.425245748734703 ], [ 130.980318347201859, 34.424306239918607 ], [ 130.980889706835399, 34.422449384911523 ], [ 130.981416766352567, 34.421693730952391 ], [ 130.982986177896294, 34.420250928931381 ], [ 130.984076306108079, 34.418898412310845 ], [ 130.984436286471009, 34.417776596058538 ], [ 130.984549600503044, 34.415836276808434 ], [ 130.984334543560863, 34.414819896160303 ], [ 130.984133309706152, 34.414168042554408 ], [ 130.982845501098268, 34.411920910270368 ], [ 130.982625164603945, 34.411269010074399 ], [ 130.982863335525622, 34.408616604366813 ], [ 130.983062984679577, 34.408016236258227 ], [ 130.983392735356688, 34.407686583591804 ], [ 130.983313925948579, 34.406977315965953 ], [ 130.982446807161011, 34.40628816913717 ], [ 130.98206882820736, 34.405638966332575 ], [ 130.981521231027983, 34.40536490952762 ], [ 130.979670451582592, 34.404873830907192 ], [ 130.977357179580792, 34.404582611035806 ], [ 130.976695761826505, 34.404331372121298 ], [ 130.975856989061384, 34.403614423258453 ], [ 130.975704936343504, 34.403689427367048 ], [ 130.975456041743541, 34.403439097578534 ], [ 130.974969273525147, 34.403395903234987 ], [ 130.973762920585557, 34.403716848538892 ], [ 130.972654576488026, 34.404644418044363 ], [ 130.972657313505863, 34.405215982075816 ], [ 130.972038633949609, 34.405739108335723 ], [ 130.972320523453078, 34.405572383450874 ], [ 130.973053918769693, 34.406295823798523 ], [ 130.972487908309716, 34.406650410615427 ], [ 130.973242946287911, 34.406251128273148 ], [ 130.973817627328572, 34.406836496018215 ], [ 130.972970661916406, 34.407198685197926 ], [ 130.972811949343622, 34.407042054114676 ], [ 130.972939593687755, 34.407244301620111 ], [ 130.97221711525566, 34.407719539357238 ], [ 130.971977391617742, 34.407523380293625 ], [ 130.97169854123004, 34.407706444468268 ], [ 130.971459325526354, 34.407468737470197 ], [ 130.971588531846407, 34.407333932742645 ], [ 130.971257352025674, 34.407062084234113 ], [ 130.971685876770124, 34.406684975509926 ], [ 130.971973583233307, 34.406261274477252 ], [ 130.971033559139642, 34.407197794585151 ], [ 130.968114616382536, 34.405575443327379 ], [ 130.966945908175745, 34.405237623220565 ], [ 130.965798215053013, 34.405332706896239 ], [ 130.964971134795405, 34.405669821530182 ], [ 130.964585472900183, 34.405561516611641 ], [ 130.962415328030772, 34.406266702463448 ], [ 130.961355059797569, 34.406254568508309 ], [ 130.960838489745555, 34.405871702472169 ], [ 130.960000199964554, 34.405401852870369 ], [ 130.960697791132873, 34.405823410505413 ], [ 130.960835846820402, 34.406363825386428 ], [ 130.959720529296931, 34.406545796945984 ], [ 130.959831042567259, 34.406879587780203 ], [ 130.959344612007527, 34.407273127273179 ], [ 130.958275887617248, 34.407020163902594 ], [ 130.957545608130175, 34.406519814453084 ], [ 130.95693589993644, 34.405506812451499 ], [ 130.957486743812694, 34.406530078549302 ], [ 130.958228582637418, 34.407053924505007 ], [ 130.958928235474332, 34.407261833577778 ], [ 130.958548855886761, 34.407927855302738 ], [ 130.957247911289954, 34.407478772893377 ], [ 130.957334864085254, 34.407335396579072 ], [ 130.957219180838848, 34.407284671990887 ], [ 130.957129167636225, 34.407416327530655 ], [ 130.956281530570607, 34.407064398047424 ], [ 130.956574213506229, 34.406530916153834 ], [ 130.956226348717394, 34.407043146380204 ], [ 130.955242431298871, 34.406637604943306 ], [ 130.955651519352301, 34.405727643918517 ], [ 130.956805439644825, 34.406181628039782 ], [ 130.954696802674789, 34.405254775651905 ], [ 130.953425471414278, 34.406231120675542 ], [ 130.952236272873961, 34.405732525618944 ], [ 130.9508833634967, 34.404593090257386 ], [ 130.949953608373846, 34.403009926149622 ], [ 130.949970471329692, 34.402743313322418 ], [ 130.950213352342018, 34.402646566056887 ], [ 130.950006417772187, 34.402590419585302 ], [ 130.950519686359115, 34.401242319449004 ], [ 130.950501663947819, 34.401060999535744 ], [ 130.950174884680621, 34.401019860397327 ], [ 130.950342913219146, 34.400230061415591 ], [ 130.950668028044248, 34.400163006694775 ], [ 130.950522896003918, 34.399893796325564 ], [ 130.950898108405369, 34.39996964381244 ], [ 130.95104599430428, 34.399819693689366 ], [ 130.951673152792068, 34.400070167413823 ], [ 130.952647279445813, 34.399717415156168 ], [ 130.953796279908175, 34.399527809829898 ], [ 130.954665030415015, 34.399092863504428 ], [ 130.95547540623798, 34.398174196569151 ], [ 130.956029763149502, 34.397816415393024 ], [ 130.956274864382777, 34.397333873356843 ], [ 130.956671428940467, 34.396982556224344 ], [ 130.956552453631247, 34.396482889577335 ], [ 130.95641828852564, 34.396436488536068 ], [ 130.956485141869365, 34.396100926703447 ], [ 130.955604357677885, 34.395563859446739 ], [ 130.954505637477581, 34.394002431980887 ], [ 130.954536527479036, 34.393067027879525 ], [ 130.954886256775808, 34.392946115617825 ], [ 130.955356265077228, 34.392478336425079 ], [ 130.954881699433201, 34.391150289596297 ], [ 130.955364316433929, 34.389953419886105 ], [ 130.955304648581034, 34.389040500503484 ], [ 130.954461671832945, 34.388525491542829 ], [ 130.95282801357618, 34.388024328735028 ], [ 130.952708859994516, 34.387839188622856 ], [ 130.95208886699794, 34.388304624608601 ], [ 130.949773402825315, 34.388031882445453 ], [ 130.947363140062322, 34.38731910270446 ], [ 130.946161131689593, 34.387722784317624 ], [ 130.94522913694243, 34.387579105022397 ], [ 130.944530554250093, 34.387760594544829 ], [ 130.944009714521513, 34.387683271781093 ], [ 130.943285814527769, 34.388332283989165 ], [ 130.942521894218828, 34.388519305695766 ], [ 130.941781900396649, 34.38915194987365 ], [ 130.940125874399229, 34.389295793501198 ], [ 130.939422230727018, 34.389671020113504 ], [ 130.938638129386987, 34.390342924552471 ], [ 130.93876970330453, 34.390717372966577 ], [ 130.938465522187983, 34.391295774071224 ], [ 130.937747966734548, 34.391801566302661 ], [ 130.93597053721075, 34.39146451773486 ], [ 130.935445933655416, 34.391718837576661 ], [ 130.934874086365909, 34.39229819646328 ], [ 130.934464092927158, 34.392377875888222 ], [ 130.933637283932455, 34.392098253946813 ], [ 130.933364066137983, 34.392190154475955 ], [ 130.933281931805197, 34.392009030292115 ], [ 130.932671559104506, 34.392028086617707 ], [ 130.932594104320259, 34.392194078806419 ], [ 130.932959206151224, 34.392360028564006 ], [ 130.932522806531125, 34.392386332865449 ], [ 130.932187853511209, 34.392609166859479 ], [ 130.932649817686126, 34.392768911536336 ], [ 130.932514145617716, 34.392826138700855 ], [ 130.932912351446305, 34.392814803040601 ], [ 130.932698318717513, 34.393024491394648 ], [ 130.93323026547796, 34.393087608917973 ], [ 130.933710273545273, 34.392683120375324 ], [ 130.934885906435341, 34.392535376494386 ], [ 130.935924617316886, 34.393413083111959 ], [ 130.936230966861103, 34.393884934178054 ], [ 130.936329893791225, 34.394556686798893 ], [ 130.935540747939626, 34.395045405507339 ], [ 130.93516327403492, 34.39601886496412 ], [ 130.935219021971818, 34.396371847074427 ], [ 130.935341386268192, 34.396631831076277 ], [ 130.936094073871175, 34.397143247065181 ], [ 130.937084212722795, 34.397331808579601 ], [ 130.937365412838432, 34.397589724169158 ], [ 130.937408362432336, 34.398522199662978 ], [ 130.938127097583902, 34.399347087717778 ], [ 130.938345041271617, 34.400730367868888 ], [ 130.938260581765746, 34.40130012669114 ], [ 130.937920930403948, 34.401546452791933 ], [ 130.938060069851645, 34.401700256871436 ], [ 130.936300555586911, 34.402877029226815 ], [ 130.936377572089384, 34.403037252565952 ], [ 130.937031437338533, 34.40324496904109 ], [ 130.936948524920354, 34.403632614434287 ], [ 130.937055173119802, 34.403777077933889 ], [ 130.937245481248084, 34.403633768213687 ], [ 130.937592314380339, 34.404087991083664 ], [ 130.937998764738808, 34.403957839549491 ], [ 130.938899625092319, 34.404161546484445 ], [ 130.939724262092483, 34.404668308140714 ], [ 130.940396083977504, 34.404095424441081 ], [ 130.9425211367315, 34.40321438894091 ], [ 130.943469720654605, 34.402976816337009 ], [ 130.944816432954184, 34.402957879080311 ], [ 130.947144363275356, 34.403753561976522 ], [ 130.94888803877825, 34.404936652357122 ], [ 130.951228605490712, 34.40599028516899 ], [ 130.953573891486599, 34.407321545504303 ], [ 130.954464485492224, 34.408317487039291 ], [ 130.954797863866986, 34.409258322678568 ], [ 130.956438908207673, 34.410030958833545 ], [ 130.956563627835948, 34.410286436700581 ], [ 130.956309921570465, 34.410531832461281 ], [ 130.956837682013798, 34.410516205518576 ], [ 130.958085319831952, 34.411194780358827 ], [ 130.959089934914516, 34.412506481015768 ], [ 130.959100894995174, 34.413257485474787 ], [ 130.960107054794946, 34.413488271074385 ], [ 130.960513632074395, 34.413805121182925 ], [ 130.959690252416266, 34.413427396584666 ], [ 130.958996447554995, 34.413642255895169 ], [ 130.958989654625697, 34.414037991296084 ], [ 130.95921172446441, 34.413948204080512 ], [ 130.959363472571738, 34.414062385169913 ], [ 130.958694734791067, 34.416847667810508 ], [ 130.958719569428638, 34.417460912627583 ], [ 130.957016468577905, 34.420081738432593 ], [ 130.957557126062028, 34.421062512669025 ], [ 130.957731211449044, 34.4215852609655 ], [ 130.957662598083687, 34.421817137244744 ], [ 130.958632439994545, 34.422988782771959 ], [ 130.959785609997851, 34.425709119398853 ], [ 130.960277858725192, 34.426656025036202 ], [ 130.960858099525979, 34.427306306941119 ], [ 130.961046314266582, 34.427835529414573 ], [ 130.961502610939959, 34.427577610868546 ], [ 130.961886256645244, 34.427602237088365 ], [ 130.962056426454922, 34.427725613121176 ], [ 130.961998362222687, 34.427980976965273 ], [ 130.962293024699079, 34.427839641617481 ], [ 130.962407157952498, 34.42800035571085 ], [ 130.962301591639402, 34.428225532303287 ], [ 130.962515936357391, 34.428149326418009 ], [ 130.962739276516146, 34.428281252825769 ], [ 130.962739283954221, 34.42850577733639 ], [ 130.963062761892928, 34.428026669294553 ], [ 130.963663992171519, 34.42805145859186 ], [ 130.964080424921832, 34.428297122393531 ], [ 130.964377757697662, 34.427969314896913 ], [ 130.965069030985546, 34.42771284684963 ], [ 130.968640237831238, 34.427894789586936 ], [ 130.968912423154109, 34.42810662593844 ], [ 130.968759448379075, 34.428534175910528 ], [ 130.96897637601856, 34.428276701882865 ], [ 130.968901874155449, 34.428541909176822 ], [ 130.969022054013863, 34.428661124107229 ], [ 130.969386874107869, 34.428254521800767 ], [ 130.970105473340453, 34.428363533404109 ], [ 130.97180564517609, 34.429835059335382 ], [ 130.971872385818045, 34.430191796518443 ], [ 130.972220761113249, 34.430635094550475 ], [ 130.972260072717887, 34.431234963708583 ], [ 130.973278571806844, 34.432138359691855 ], [ 130.973128869809585, 34.432796811745689 ], [ 130.972689478528366, 34.433014229601433 ], [ 130.972548634232311, 34.433276960189175 ], [ 130.972803610492065, 34.433863582179661 ], [ 130.972512751214538, 34.434042023775483 ], [ 130.972376191164614, 34.434541012245056 ], [ 130.97248295035962, 34.434761932269268 ], [ 130.973035506645971, 34.434692532067849 ], [ 130.973171415070055, 34.434854294743957 ], [ 130.973034801784593, 34.435201862048395 ], [ 130.972843642510156, 34.435255071235368 ], [ 130.97296423028024, 34.43549598561107 ], [ 130.972426122271344, 34.436000913708298 ], [ 130.972461831576823, 34.43654947551493 ], [ 130.972523295446933, 34.43643555900158 ], [ 130.972843087270462, 34.436440513374379 ], [ 130.972812861639056, 34.436575440287932 ], [ 130.973205908138539, 34.4364801144851 ], [ 130.972872085495567, 34.436851813766388 ], [ 130.972989381625183, 34.437324403492767 ], [ 130.97271684401457, 34.438048418418809 ], [ 130.973224795845994, 34.438211980543947 ], [ 130.973517775137736, 34.438118353604885 ], [ 130.972998139575765, 34.438620785900667 ], [ 130.973201325199824, 34.438487547744749 ], [ 130.973262841391602, 34.438752393737623 ], [ 130.973774919030546, 34.438470608258491 ], [ 130.973901529296427, 34.438982163634606 ], [ 130.973729466643022, 34.439371642211015 ], [ 130.973156728295265, 34.439788056832356 ], [ 130.972869489223541, 34.439782435494152 ], [ 130.972576769848843, 34.440400750571897 ], [ 130.972320374431973, 34.440372047776705 ], [ 130.971905041475367, 34.440729566362805 ], [ 130.971690160647086, 34.441074535098679 ], [ 130.971708896183515, 34.441513766128374 ], [ 130.971823106863781, 34.441749266215396 ], [ 130.972292926884592, 34.441917812521531 ], [ 130.972317181742341, 34.442351743723968 ], [ 130.972990814283548, 34.44135219010667 ], [ 130.97316514155159, 34.441335862423685 ], [ 130.973539675620401, 34.441701094184879 ], [ 130.973189372509921, 34.442387304988976 ], [ 130.973702981330945, 34.442232728015945 ] ], [ [ 130.9827134981293, 34.407303926637859 ], [ 130.982299441430456, 34.407260619980718 ], [ 130.982428632546515, 34.407083406167324 ], [ 130.982281578241242, 34.407062967576181 ], [ 130.982297349423987, 34.406920714359394 ], [ 130.983115282473335, 34.407005960091375 ], [ 130.982932344158058, 34.407228573624188 ], [ 130.982618367389477, 34.407108202191608 ], [ 130.9827134981293, 34.407303926637859 ] ] ] } },
{ "type": "Feature", "properties": { "CITY_NAME": "長門市", "S_NAME": "油谷川尻", "JINKO": 329, "medical_area": "35_長門医療圏", "町丁目名": "長門市油谷川尻" }, "geometry": { "type": "Polygon", "coordinates": [ [ [ 131.004197927632674, 34.42279122561704 ], [ 131.003460513082587, 34.422702234566827 ], [ 131.004060874366246, 34.422322138309418 ], [ 131.004014922408004, 34.42210534560845 ], [ 131.004693755226185, 34.421317506801735 ], [ 131.005163303535625, 34.421030816961085 ], [ 131.005037273226009, 34.420861944224953 ], [ 131.004874921693386, 34.420959564961485 ], [ 131.004957551853039, 34.421041540109535 ], [ 131.003995636791586, 34.422000505203876 ], [ 131.003768464798327, 34.420889521440117 ], [ 131.003692515091018, 34.421660553309351 ], [ 131.003853172627799, 34.422075776565187 ], [ 131.003542509752947, 34.422439753507582 ], [ 131.003239642564267, 34.422388136453343 ], [ 131.003021756091101, 34.422018286010292 ], [ 131.003147551666785, 34.420790790515696 ], [ 131.00347872920733, 34.420761544722886 ], [ 131.003157190907899, 34.420726933859129 ], [ 131.003123669360434, 34.419613283809248 ], [ 131.003875641902653, 34.41974748866383 ], [ 131.00336734379465, 34.419611939285645 ], [ 131.003772614915675, 34.41862599376465 ], [ 131.004192975771787, 34.418747183127209 ], [ 131.003808302733461, 34.418565060990481 ], [ 131.004208234442046, 34.417644842779772 ], [ 131.004599326621729, 34.417762089549242 ], [ 131.004249523577045, 34.417572130006469 ], [ 131.004613720097296, 34.416721858390432 ], [ 131.004898561418315, 34.416815698250154 ], [ 131.005025372669678, 34.416531949883684 ], [ 131.005666886189289, 34.416785949343591 ], [ 131.004311252671698, 34.419712894437247 ], [ 131.004308019558437, 34.420891975075008 ], [ 131.004441363750772, 34.419743851882799 ], [ 131.00591513479003, 34.416459263863942 ], [ 131.004408789997626, 34.415969002832675 ], [ 131.004811879590221, 34.415451803006661 ], [ 131.004185769665412, 34.415350634751995 ], [ 131.003616480476694, 34.415957668148017 ], [ 131.003098884135909, 34.416194455364788 ], [ 131.003014784401159, 34.415535713442218 ], [ 131.002813218089869, 34.41547350894168 ], [ 131.002349414213484, 34.415918850766531 ], [ 131.002289746102889, 34.416428324231426 ], [ 131.001699746464936, 34.417068815817544 ], [ 131.001817859992229, 34.417314889942134 ], [ 131.001566175278299, 34.418378073184847 ], [ 131.000935980140525, 34.418753647462225 ], [ 130.99964122539177, 34.418539451804975 ], [ 130.999546086224314, 34.418707430178351 ], [ 130.999809928499303, 34.419071103848133 ], [ 130.999872981917804, 34.419536390860429 ], [ 130.998898866053054, 34.419573152529779 ], [ 130.998937729427979, 34.41994425770892 ], [ 130.998722278498803, 34.420433648821962 ], [ 130.998834662914561, 34.420859123103334 ], [ 130.998426142364195, 34.421554292171685 ], [ 130.998728088718707, 34.422019890331761 ], [ 130.998691872240073, 34.424122250917065 ], [ 130.998996269399754, 34.425903330593286 ], [ 131.001268438551165, 34.426677181129719 ], [ 131.003414553806095, 34.427749111189129 ], [ 131.003843407424284, 34.427180749415569 ], [ 131.004002612012755, 34.426682926363299 ], [ 131.003752238555023, 34.422846570737399 ], [ 131.004197927632674, 34.42279122561704 ] ] ] } }
]
}
