{
"type": "FeatureCollection",
"name": "geo_35_訪問介護",
"crs": { "type": "name", "properties": { "name": "urn:ogc:def:crs:OGC:1.3:CRS84" } },
"features": [
{ "type": "Feature", "properties": { "内容": "ヘルパーセンター山風【訪問介護】山口県下関市大字永田郷４４０－３", "url": "https://www.kaigokensaku.mhlw.go.jp/35/index.php?action_kouhyou_detail_004_kani=true&JigyosyoCd=3570101240-00&ServiceCd=110&Type=search", "url2": "http://www.yamamou.com/syunkouen/" }, "geometry": { "type": "Point", "coordinates": [ 130.894258600000057, 34.0954609 ] } },
{ "type": "Feature", "properties": { "内容": "ティーワスヘルパーステーション【訪問介護】下関市秋根本町2-9-20", "url": "https://www.kaigokensaku.mhlw.go.jp/35/index.php?action_kouhyou_detail_004_kani=true&JigyosyoCd=3570101281-00&ServiceCd=110&Type=search", "url2": "www.twas.jp" }, "geometry": { "type": "Point", "coordinates": [ 130.951782, 34.009576242592942 ] } },
{ "type": "Feature", "properties": { "内容": "菊川ヘルパーステーションひかり【訪問介護】下関市菊川町下岡枝389-1", "url": "https://www.kaigokensaku.mhlw.go.jp/35/index.php?action_kouhyou_detail_004_kani=true&JigyosyoCd=3570102461-00&ServiceCd=110&Type=search", "url2": "http://r.goope.jp/kaien" }, "geometry": { "type": "Point", "coordinates": [ 131.036821771938946, 34.126670118247155 ] } },
{ "type": "Feature", "properties": { "内容": "林田クリニックヘルパーステーションそよ風【訪問介護】下関市山の口町１－３０", "url": "https://www.kaigokensaku.mhlw.go.jp/35/index.php?action_kouhyou_detail_004_kani=true&JigyosyoCd=3570104186-00&ServiceCd=110&Type=search", "url2": null }, "geometry": { "type": "Point", "coordinates": [ 130.935520600000018, 33.9685407 ] } },
{ "type": "Feature", "properties": { "内容": "ヘルパーステーション木蘭【訪問介護】山口県下関市豊浦町黒井１５３６－１", "url": "https://www.kaigokensaku.mhlw.go.jp/35/index.php?action_kouhyou_detail_004_kani=true&JigyosyoCd=3570105217-00&ServiceCd=110&Type=search", "url2": "http://takurousho-ajisai.com" }, "geometry": { "type": "Point", "coordinates": [ 130.913156699999945, 34.1257049 ] } },
{ "type": "Feature", "properties": { "内容": "ニチイケアセンターえげ町【訪問介護】山口県下関市長府江下町1番46号ELCIA-Ⅱ3階　311号室", "url": "https://www.kaigokensaku.mhlw.go.jp/35/index.php?action_kouhyou_detail_004_kani=true&JigyosyoCd=3570106355-00&ServiceCd=110&Type=search", "url2": null }, "geometry": { "type": "Point", "coordinates": [ 130.997477935581969, 34.013292113569605 ] } },
{ "type": "Feature", "properties": { "内容": "こころハウス　ヘルパーステーション【訪問介護】山口県下関市菊川町大字久野94‐1", "url": "https://www.kaigokensaku.mhlw.go.jp/35/index.php?action_kouhyou_detail_004_kani=true&JigyosyoCd=3570106595-00&ServiceCd=110&Type=search", "url2": "https://shiennomori.com/" }, "geometry": { "type": "Point", "coordinates": [ 130.9783069, 34.1450163 ] } },
{ "type": "Feature", "properties": { "内容": "夢ステーションすいれん花【訪問介護】下関市一の宮町4丁目11－27", "url": "https://www.kaigokensaku.mhlw.go.jp/35/index.php?action_kouhyou_detail_004_kani=true&JigyosyoCd=3570104624-00&ServiceCd=110&Type=search", "url2": "http://kabu-kousei.com/" }, "geometry": { "type": "Point", "coordinates": [ 130.950316894031488, 33.994547993695903 ] } },
{ "type": "Feature", "properties": { "内容": "ヘルパーステーション　夢叶【訪問介護】山口県下関市山の田中央町1-18", "url": "https://www.kaigokensaku.mhlw.go.jp/35/index.php?action_kouhyou_detail_004_kani=true&JigyosyoCd=3570105464-00&ServiceCd=110&Type=search", "url2": null }, "geometry": { "type": "Point", "coordinates": [ 130.92781530000002, 33.986247399999982 ] } },
{ "type": "Feature", "properties": { "内容": "ほっとステーション心桜【訪問介護】山口県下関市長府新松原町10番3号", "url": "https://www.kaigokensaku.mhlw.go.jp/35/index.php?action_kouhyou_detail_004_kani=true&JigyosyoCd=3570106249-00&ServiceCd=110&Type=search", "url2": null }, "geometry": { "type": "Point", "coordinates": [ 130.987881537972953, 33.99092986753805 ] } },
{ "type": "Feature", "properties": { "内容": "愛グループ　シャングリラ【訪問介護】下関市みもすそ川町23番1号", "url": "https://www.kaigokensaku.mhlw.go.jp/35/index.php?action_kouhyou_detail_004_kani=true&JigyosyoCd=3570100879-00&ServiceCd=110&Type=search", "url2": "http://www.aigroup.co.jp" }, "geometry": { "type": "Point", "coordinates": [ 130.954868900000065, 33.9672936 ] } },
{ "type": "Feature", "properties": { "内容": "はまゆう苑あやらぎ【訪問介護】下関市綾羅木新町三丁目11番40号", "url": "https://www.kaigokensaku.mhlw.go.jp/35/index.php?action_kouhyou_detail_004_kani=true&JigyosyoCd=3570100036-00&ServiceCd=110&Type=search", "url2": "https://www.syoutoukai.or.jp/facilities/hamayu_ayaragi/" }, "geometry": { "type": "Point", "coordinates": [ 130.923039900000049, 34.0112477 ] } },
{ "type": "Feature", "properties": { "内容": "ヘルパーステーションひまわり安岡【訪問介護】山口県下関市大字安岡1478-1", "url": "https://www.kaigokensaku.mhlw.go.jp/35/index.php?action_kouhyou_detail_004_kani=true&JigyosyoCd=3570106728-00&ServiceCd=110&Type=search", "url2": null }, "geometry": { "type": "Point", "coordinates": [ 130.923025499336234, 34.025481449312039 ] } },
{ "type": "Feature", "properties": { "内容": "三伶ヘルパーステーション【訪問介護】下関市一の宮町4丁目10番19号", "url": "https://www.kaigokensaku.mhlw.go.jp/35/index.php?action_kouhyou_detail_004_kani=true&JigyosyoCd=3570101513-00&ServiceCd=110&Type=search", "url2": null }, "geometry": { "type": "Point", "coordinates": [ 130.948779800000011, 33.9950688 ] } },
{ "type": "Feature", "properties": { "内容": "ＩＭＬヘルパーステーション【訪問介護】下関市一の宮本町一丁目7-17", "url": "https://www.kaigokensaku.mhlw.go.jp/35/index.php?action_kouhyou_detail_004_kani=true&JigyosyoCd=3570104814-00&ServiceCd=110&Type=search", "url2": "http://www.inmailife.com/" }, "geometry": { "type": "Point", "coordinates": [ 130.951244288503631, 34.002204888508139 ] } },
{ "type": "Feature", "properties": { "内容": "ホームヘルパーステーション員光【訪問介護】下関市員光1544", "url": "https://www.kaigokensaku.mhlw.go.jp/35/index.php?action_kouhyou_detail_004_kani=true&JigyosyoCd=3570100697-00&ServiceCd=110&Type=search", "url2": "http://care-net.biz/35/yamabatokai/index.php" }, "geometry": { "type": "Point", "coordinates": [ 130.984031499999986, 34.0510493 ] } },
{ "type": "Feature", "properties": { "内容": "王喜の郷ホームヘルパーステーションいるか【訪問介護】下関市王喜本町6丁目1-12", "url": "https://www.kaigokensaku.mhlw.go.jp/35/index.php?action_kouhyou_detail_004_kani=true&JigyosyoCd=3570100903-00&ServiceCd=110&Type=search", "url2": "http://www.ryokujukai.jp" }, "geometry": { "type": "Point", "coordinates": [ 131.052084, 34.0636432 ] } },
{ "type": "Feature", "properties": { "内容": "済生会貴船福祉ケアセンター　貴船園ヘルパーステーション【訪問介護】下関市貴船町3丁目4-1", "url": "https://www.kaigokensaku.mhlw.go.jp/35/index.php?action_kouhyou_detail_004_kani=true&JigyosyoCd=3570102578-00&ServiceCd=110&Type=search", "url2": "http://www.saiseikai.or.jp" }, "geometry": { "type": "Point", "coordinates": [ 130.942592200000036, 33.9692601 ] } },
{ "type": "Feature", "properties": { "内容": "あいサービス下関【訪問介護】山口県下関市幸町１３番２５号増田ビル２階", "url": "https://www.kaigokensaku.mhlw.go.jp/35/index.php?action_kouhyou_detail_004_kani=true&JigyosyoCd=3570103923-00&ServiceCd=110&Type=search", "url2": null }, "geometry": { "type": "Point", "coordinates": [ 130.944113300000026, 33.962781200000023 ] } },
{ "type": "Feature", "properties": { "内容": "訪問介護ステーションエクラ【訪問介護】山の田中央町1-13武嶋ビル2-B", "url": "https://www.kaigokensaku.mhlw.go.jp/35/index.php?action_kouhyou_detail_004_kani=true&JigyosyoCd=3570106637-00&ServiceCd=110&Type=search", "url2": "https://ekura.jp/" }, "geometry": { "type": "Point", "coordinates": [ 130.928158, 33.9866458 ] } },
{ "type": "Feature", "properties": { "内容": "訪問介護ステーションアドバンス山の田【訪問介護】山口県下関市山の田東町1-20", "url": "https://www.kaigokensaku.mhlw.go.jp/35/index.php?action_kouhyou_detail_004_kani=true&JigyosyoCd=3570106629-00&ServiceCd=110&Type=search", "url2": "https://advannce-siva.co.jp" }, "geometry": { "type": "Point", "coordinates": [ 130.9300871, 33.9876728 ] } },
{ "type": "Feature", "properties": { "内容": "医療法人　茜会　勝山ホームヘルパーステーション【訪問介護】下関市秋根南町2－3－7", "url": "https://www.kaigokensaku.mhlw.go.jp/35/index.php?action_kouhyou_detail_004_kani=true&JigyosyoCd=3570100184-00&ServiceCd=110&Type=search", "url2": null }, "geometry": { "type": "Point", "coordinates": [ 130.954659499999906, 34.0078981 ] } },
{ "type": "Feature", "properties": { "内容": "訪問介護　ハビリス【訪問介護】山口県下関市勝谷新町1-3-7　船津ビル203号", "url": "https://www.kaigokensaku.mhlw.go.jp/35/index.php?action_kouhyou_detail_004_kani=true&JigyosyoCd=3570106140-00&ServiceCd=110&Type=search", "url2": "https://www.habilis2025.com" }, "geometry": { "type": "Point", "coordinates": [ 130.972458, 34.0035375 ] } },
{ "type": "Feature", "properties": { "内容": "株式会社　セービング【訪問介護】下関市小月宮の町7-3", "url": "https://www.kaigokensaku.mhlw.go.jp/35/index.php?action_kouhyou_detail_004_kani=true&JigyosyoCd=3570100838-00&ServiceCd=110&Type=search", "url2": "http://www.e-saving.jp/" }, "geometry": { "type": "Point", "coordinates": [ 131.038065299999971, 34.0743782 ] } },
{ "type": "Feature", "properties": { "内容": "タイヘイヘルパーステーション【訪問介護】山口県下関市上新地町2-2-7", "url": "https://www.kaigokensaku.mhlw.go.jp/35/index.php?action_kouhyou_detail_004_kani=true&JigyosyoCd=3570106587-00&ServiceCd=110&Type=search", "url2": "https://taihei-hd.jp/" }, "geometry": { "type": "Point", "coordinates": [ 130.921033148925744, 33.957977596987128 ] } },
{ "type": "Feature", "properties": { "内容": "医療法人茜会桜山ホームヘルパーステーション【訪問介護】下関市上新地町２丁目６－２６", "url": "https://www.kaigokensaku.mhlw.go.jp/35/index.php?action_kouhyou_detail_004_kani=true&JigyosyoCd=3570100176-00&ServiceCd=110&Type=search", "url2": null }, "geometry": { "type": "Point", "coordinates": [ 130.921192532601793, 33.960908225718953 ] } },
{ "type": "Feature", "properties": { "内容": "サンキ・ウエルビィ介護センター下関【訪問介護】山口県下関市生野町一丁目４－１０－２", "url": "https://www.kaigokensaku.mhlw.go.jp/35/index.php?action_kouhyou_detail_004_kani=true&JigyosyoCd=3570104137-00&ServiceCd=110&Type=search", "url2": null }, "geometry": { "type": "Point", "coordinates": [ 130.934631399999944, 33.9815117 ] } },
{ "type": "Feature", "properties": { "内容": "豊関介護サービス株式会社【訪問介護】下関市生野町2-19-6", "url": "https://www.kaigokensaku.mhlw.go.jp/35/index.php?action_kouhyou_detail_004_kani=true&JigyosyoCd=3570100390-00&ServiceCd=110&Type=search", "url2": null }, "geometry": { "type": "Point", "coordinates": [ 130.93372039999997, 33.982869899999976 ] } },
{ "type": "Feature", "properties": { "内容": "武久興産指定訪問介護事業所【訪問介護】下関市西大坪町１８番１３号シニアウエルス下関　弐番館", "url": "https://www.kaigokensaku.mhlw.go.jp/35/index.php?action_kouhyou_detail_004_kani=true&JigyosyoCd=3570103436-00&ServiceCd=110&Type=search", "url2": null }, "geometry": { "type": "Point", "coordinates": [ 130.914750499999968, 33.9619855 ] } },
{ "type": "Feature", "properties": { "内容": "ヘルパーステーション　ここしあ【訪問介護】山口県下関市壇之浦町４番２８号", "url": "https://www.kaigokensaku.mhlw.go.jp/35/index.php?action_kouhyou_detail_004_kani=true&JigyosyoCd=3570106041-00&ServiceCd=110&Type=search", "url2": "http://reiwakai.com" }, "geometry": { "type": "Point", "coordinates": [ 130.9521747, 33.9616304 ] } },
{ "type": "Feature", "properties": { "内容": "みどり園訪問介護事業所【訪問介護】山口県下関市長府才川二丁目21番1号", "url": "https://www.kaigokensaku.mhlw.go.jp/35/index.php?action_kouhyou_detail_004_kani=true&JigyosyoCd=3570100432-00&ServiceCd=110&Type=search", "url2": "http://care-net.biz/35/houaikai/" }, "geometry": { "type": "Point", "coordinates": [ 130.9995583, 34.0252383 ] } },
{ "type": "Feature", "properties": { "内容": "安夢住ケアセンター下関【訪問介護】下関市長府松小田北町15番18号", "url": "https://www.kaigokensaku.mhlw.go.jp/35/index.php?action_kouhyou_detail_004_kani=true&JigyosyoCd=3570101174-00&ServiceCd=110&Type=search", "url2": null }, "geometry": { "type": "Point", "coordinates": [ 130.996286400000031, 34.0217914 ] } },
{ "type": "Feature", "properties": { "内容": "アイユウ長府ホームヘルプサービス事業部【訪問介護】山口県下関市長府南之町1-1アイユウ城下町長府", "url": "https://www.kaigokensaku.mhlw.go.jp/35/index.php?action_kouhyou_detail_004_kani=true&JigyosyoCd=3570100416-00&ServiceCd=110&Type=search", "url2": "http://shoueikai-aiyuu.com" }, "geometry": { "type": "Point", "coordinates": [ 130.99086297221379, 33.997714959843023 ] } },
{ "type": "Feature", "properties": { "内容": "しゃくなげ園ヘルパーステーション【訪問介護】山口県下関市大字田倉80番地2", "url": "https://www.kaigokensaku.mhlw.go.jp/35/index.php?action_kouhyou_detail_004_kani=true&JigyosyoCd=3570101216-00&ServiceCd=110&Type=search", "url2": "http://care-net.biz/35/syakunag/" }, "geometry": { "type": "Point", "coordinates": [ 130.969726486508193, 34.018011734277145 ] } },
{ "type": "Feature", "properties": { "内容": "第一あんしんサービス下関【訪問介護】幡生宮の下町24番１１号", "url": "https://www.kaigokensaku.mhlw.go.jp/35/index.php?action_kouhyou_detail_004_kani=true&JigyosyoCd=3570105647-00&ServiceCd=110&Type=search", "url2": null }, "geometry": { "type": "Point", "coordinates": [ 130.9311362, 33.984543500000015 ] } },
{ "type": "Feature", "properties": { "内容": "みらいヘルパーステーション【訪問介護】山口県下関市幡生宮の下町8-12", "url": "https://www.kaigokensaku.mhlw.go.jp/35/index.php?action_kouhyou_detail_004_kani=true&JigyosyoCd=3570105415-00&ServiceCd=110&Type=search", "url2": null }, "geometry": { "type": "Point", "coordinates": [ 130.928246088325864, 33.967151237730313 ] } },
{ "type": "Feature", "properties": { "内容": "ケアーズヘルパーステーション【訪問介護】山口県下関市稗田町9-23", "url": "https://www.kaigokensaku.mhlw.go.jp/35/index.php?action_kouhyou_detail_004_kani=true&JigyosyoCd=3570105811-00&ServiceCd=110&Type=search", "url2": null }, "geometry": { "type": "Point", "coordinates": [ 130.930594331566311, 33.992940395297296 ] } },
{ "type": "Feature", "properties": { "内容": "ホームヘルプサービス　ほがらか【訪問介護】下関市彦島向井町二丁目１０－３６", "url": "https://www.kaigokensaku.mhlw.go.jp/35/index.php?action_kouhyou_detail_004_kani=true&JigyosyoCd=3570103170-00&ServiceCd=110&Type=search", "url2": null }, "geometry": { "type": "Point", "coordinates": [ 130.91812, 33.9197121 ] } },
{ "type": "Feature", "properties": { "内容": "彦島ホームヘルパーステーション【訪問介護】下関市彦島江の浦町９丁目4番5号", "url": "https://www.kaigokensaku.mhlw.go.jp/35/index.php?action_kouhyou_detail_004_kani=true&JigyosyoCd=3570100309-00&ServiceCd=110&Type=search", "url2": "http://www.syoutoukai.or.jp/" }, "geometry": { "type": "Point", "coordinates": [ 130.917858600000045, 33.9299053 ] } },
{ "type": "Feature", "properties": { "内容": "アイユウの苑　ホームヘルプサービス【訪問介護】山口県下関市彦島迫町三丁目17番2号", "url": "https://www.kaigokensaku.mhlw.go.jp/35/index.php?action_kouhyou_detail_004_kani=true&JigyosyoCd=3570100556-00&ServiceCd=110&Type=search", "url2": "http://www.shoubikai.or.jp" }, "geometry": { "type": "Point", "coordinates": [ 130.9002994, 33.9383705 ] } },
{ "type": "Feature", "properties": { "内容": "ファインヘルパーケアルーム【訪問介護】山口県下関市大字冨任131番地ﾙﾅﾚｰｳﾞ", "url": "https://www.kaigokensaku.mhlw.go.jp/35/index.php?action_kouhyou_detail_004_kani=true&JigyosyoCd=3570105662-00&ServiceCd=110&Type=search", "url2": "http://lunar.care/" }, "geometry": { "type": "Point", "coordinates": [ 130.9279563, 34.0247287 ] } },
{ "type": "Feature", "properties": { "内容": "有限会社ゴールデン・エイジ・サービス【訪問介護】下関市武久町1丁目39番6号", "url": "https://www.kaigokensaku.mhlw.go.jp/35/index.php?action_kouhyou_detail_004_kani=true&JigyosyoCd=3570100325-00&ServiceCd=110&Type=search", "url2": "golden-age@crux.ocn.ne.jp" }, "geometry": { "type": "Point", "coordinates": [ 130.922538199999963, 33.9795952 ] } },
{ "type": "Feature", "properties": { "内容": "ホームヘルプサービスセンターSUN【訪問介護】山口県下関市豊浦町吉永1815-1", "url": "https://www.kaigokensaku.mhlw.go.jp/35/index.php?action_kouhyou_detail_004_kani=true&JigyosyoCd=3570102149-00&ServiceCd=110&Type=search", "url2": "https://hibikikai3901.com" }, "geometry": { "type": "Point", "coordinates": [ 130.923744400000032, 34.1393564 ] } },
{ "type": "Feature", "properties": { "内容": "豊寿苑ホームヘルパーステーション【訪問介護】山口県下関市豊浦町大字厚母郷１０４４２番地", "url": "https://www.kaigokensaku.mhlw.go.jp/35/index.php?action_kouhyou_detail_004_kani=true&JigyosyoCd=3570102917-00&ServiceCd=110&Type=search", "url2": "http://care-net.biz/35/houjyu/" }, "geometry": { "type": "Point", "coordinates": [ 130.905625351529949, 34.118600945537665 ] } },
{ "type": "Feature", "properties": { "内容": "ケアライフくろいヘルパーステーション【訪問介護】下関市豊浦町黒井10634-5", "url": "https://www.kaigokensaku.mhlw.go.jp/35/index.php?action_kouhyou_detail_004_kani=true&JigyosyoCd=3570103584-00&ServiceCd=110&Type=search", "url2": "http://carelife1165.web.fc2.com/index.html" }, "geometry": { "type": "Point", "coordinates": [ 130.909293199999979, 34.1263353 ] } },
{ "type": "Feature", "properties": { "内容": "ヘルパーステーション　華園【訪問介護】山口県下関市豊浦町大字川棚4040番地の1コンフォールⅡ号館103号", "url": "https://www.kaigokensaku.mhlw.go.jp/35/index.php?action_kouhyou_detail_004_kani=true&JigyosyoCd=3570105357-00&ServiceCd=110&Type=search", "url2": null }, "geometry": { "type": "Point", "coordinates": [ 130.925379505182747, 34.156265011098711 ] } },
{ "type": "Feature", "properties": { "内容": "下関市社協豊浦ホームヘルパーステーション【訪問介護】下関市豊浦町大字川棚6895番地1", "url": "https://www.kaigokensaku.mhlw.go.jp/35/index.php?action_kouhyou_detail_004_kani=true&JigyosyoCd=3570102115-00&ServiceCd=110&Type=search", "url2": "https://www.shimoshakyo.or.jp" }, "geometry": { "type": "Point", "coordinates": [ 130.923480416367397, 34.145740572733125 ] } },
{ "type": "Feature", "properties": { "内容": "豊前田ホームヘルパーステーション【訪問介護】下関市豊前田町2-4-10　弘仁ビル2階", "url": "https://www.kaigokensaku.mhlw.go.jp/35/index.php?action_kouhyou_detail_004_kani=true&JigyosyoCd=3570100192-00&ServiceCd=110&Type=search", "url2": null }, "geometry": { "type": "Point", "coordinates": [ 130.926594900000026, 33.9521466 ] } },
{ "type": "Feature", "properties": { "内容": "ハートケアセンター下関【訪問介護】下関市豊前田町3-2-7第一ビル１F", "url": "https://www.kaigokensaku.mhlw.go.jp/35/index.php?action_kouhyou_detail_004_kani=true&JigyosyoCd=3570101299-00&ServiceCd=110&Type=search", "url2": "heartcaregroup.net" }, "geometry": { "type": "Point", "coordinates": [ 130.9277935, 33.9507229 ] } },
{ "type": "Feature", "properties": { "内容": "下関市社協豊田ホームヘルパーステーション【訪問介護】下関市豊田町大字矢田194番地", "url": "https://www.kaigokensaku.mhlw.go.jp/35/index.php?action_kouhyou_detail_004_kani=true&JigyosyoCd=3570102099-00&ServiceCd=110&Type=search", "url2": null }, "geometry": { "type": "Point", "coordinates": [ 131.072323200000028, 34.2032236 ] } },
{ "type": "Feature", "properties": { "内容": "梨花の里ホームヘルパーステーション【訪問介護】下関市豊北町大字滝部字東11042番地１", "url": "https://www.kaigokensaku.mhlw.go.jp/35/index.php?action_kouhyou_detail_004_kani=true&JigyosyoCd=3577800463-00&ServiceCd=110&Type=search", "url2": "http://houhokufukushikai.jp/" }, "geometry": { "type": "Point", "coordinates": [ 130.948993800000039, 34.2940337 ] } },
{ "type": "Feature", "properties": { "内容": "下関市社協豊北ホームヘルパーステーション【訪問介護】下関市豊北町大字滝部3140番地1", "url": "https://www.kaigokensaku.mhlw.go.jp/35/index.php?action_kouhyou_detail_004_kani=true&JigyosyoCd=3570102032-00&ServiceCd=110&Type=search", "url2": "http://www.shimoshakyo.or.jp" }, "geometry": { "type": "Point", "coordinates": [ 130.948874499999988, 34.2894924 ] } },
{ "type": "Feature", "properties": { "内容": "もりの灯台在宅介護サービス２４【訪問介護】下関市川中本町2丁目3-1-1", "url": "https://www.kaigokensaku.mhlw.go.jp/35/index.php?action_kouhyou_detail_004_kani=true&JigyosyoCd=3570106900-00&ServiceCd=110&Type=search", "url2": null }, "geometry": { "type": "Point", "coordinates": [ 130.9296459, 34.0022219 ] } },
{ "type": "Feature", "properties": { "内容": "訪問介護よろず【訪問介護】山口県下関市長府川端1-1-7", "url": "https://www.kaigokensaku.mhlw.go.jp/35/index.php?action_kouhyou_detail_004_kani=true&JigyosyoCd=3570106934-00&ServiceCd=110&Type=search", "url2": "https://www.yolosk.online/" }, "geometry": { "type": "Point", "coordinates": [ 130.9835238, 33.9960799 ] } },
{ "type": "Feature", "properties": { "内容": "ヘルパーステーションオクトサービス【訪問介護】山口県下関市綾羅木新町１丁目13-11", "url": "https://www.kaigokensaku.mhlw.go.jp/35/index.php?action_kouhyou_detail_004_kani=true&JigyosyoCd=3570106389-00&ServiceCd=110&Type=search", "url2": null }, "geometry": { "type": "Point", "coordinates": [ 130.9203202, 34.0111669 ] } },
{ "type": "Feature", "properties": { "内容": "あさお。ヘルパーステーション【訪問介護】山口県下関市栄町1-13レジデンス新和201号", "url": "https://www.kaigokensaku.mhlw.go.jp/35/index.php?action_kouhyou_detail_004_kani=true&JigyosyoCd=3570106439-00&ServiceCd=110&Type=search", "url2": null }, "geometry": { "type": "Point", "coordinates": [ 130.926922600000012, 33.9637394 ] } },
{ "type": "Feature", "properties": { "内容": "下関市社協　下関ホームヘルパーステーション【訪問介護】山口県下関市上田中町一丁目１６番３号福祉プラザしものせき", "url": "https://www.kaigokensaku.mhlw.go.jp/35/index.php?action_kouhyou_detail_004_kani=true&JigyosyoCd=3570102040-00&ServiceCd=110&Type=search", "url2": "http://www.shimoshakyo.or.jp" }, "geometry": { "type": "Point", "coordinates": [ 130.939850982386815, 33.967925415669434 ] } },
{ "type": "Feature", "properties": { "内容": "アビイヘルパーステーション【訪問介護】山口県下関市清末鞍馬2丁目4-15", "url": "https://www.kaigokensaku.mhlw.go.jp/35/index.php?action_kouhyou_detail_004_kani=true&JigyosyoCd=3570103121-00&ServiceCd=110&Type=search", "url2": null }, "geometry": { "type": "Point", "coordinates": [ 131.025916300000063, 34.0635432 ] } },
{ "type": "Feature", "properties": { "内容": "長府ケアハウスホームヘルプサービスセンター【訪問介護】下関市長府黒門南町６番５３号昇陽弐番館", "url": "https://www.kaigokensaku.mhlw.go.jp/35/index.php?action_kouhyou_detail_004_kani=true&JigyosyoCd=3570100283-00&ServiceCd=110&Type=search", "url2": "htpp:/www.shinsetu.net" }, "geometry": { "type": "Point", "coordinates": [ 130.985579078018162, 33.983997112360171 ] } },
{ "type": "Feature", "properties": { "内容": "ニチイケアセンター下関【訪問介護】山口県下関市細江町2丁目2-1　原弘産ビル３F", "url": "https://www.kaigokensaku.mhlw.go.jp/35/index.php?action_kouhyou_detail_004_kani=true&JigyosyoCd=3570100382-00&ServiceCd=110&Type=search", "url2": "http://www.nichiigakkan.co.jp" }, "geometry": { "type": "Point", "coordinates": [ 130.931744500000036, 33.951802 ] } },
{ "type": "Feature", "properties": { "内容": "ピア　ヘルパーステーション　どりーむ【訪問介護】新地町４番２２号みんなの家", "url": "https://www.kaigokensaku.mhlw.go.jp/35/index.php?action_kouhyou_detail_004_kani=true&JigyosyoCd=3570101075-00&ServiceCd=110&Type=search", "url2": "https://h-n-peer.org/index.html" }, "geometry": { "type": "Point", "coordinates": [ 130.921346, 33.9554076 ] } },
{ "type": "Feature", "properties": { "内容": "ふくしサービスセンターあゆむ【訪問介護】下関市東神田町1番10号ｺｰｸｽしものせき２F", "url": "https://www.kaigokensaku.mhlw.go.jp/35/index.php?action_kouhyou_detail_004_kani=true&JigyosyoCd=3570103253-00&ServiceCd=110&Type=search", "url2": "b1wela@greencoop.or.jp" }, "geometry": { "type": "Point", "coordinates": [ 130.9276463, 33.9603748 ] } },
{ "type": "Feature", "properties": { "内容": "神田福祉介護サービス【訪問介護】山口県下関市豊北町大字阿川３６４６－２", "url": "https://www.kaigokensaku.mhlw.go.jp/35/index.php?action_kouhyou_detail_004_kani=true&JigyosyoCd=3570102537-00&ServiceCd=110&Type=search", "url2": null }, "geometry": { "type": "Point", "coordinates": [ 130.926389300000011, 34.335721200000023 ] } },
{ "type": "Feature", "properties": { "内容": "医療法人　社団季朋会　王司病院訪問介護事業所【訪問介護】王司本町1丁目18-27", "url": "https://www.kaigokensaku.mhlw.go.jp/35/index.php?action_kouhyou_detail_004_kani=true&JigyosyoCd=3570106827-00&ServiceCd=110&Type=search", "url2": "http://www.kihoukai.or.jp" }, "geometry": { "type": "Point", "coordinates": [ 131.0153895, 34.0411882 ] } },
{ "type": "Feature", "properties": { "内容": "きわなみヘルパーステーション【訪問介護】宇部市大字際波726番地3", "url": "https://www.kaigokensaku.mhlw.go.jp/35/index.php?action_kouhyou_detail_004_kani=true&JigyosyoCd=3570201842-00&ServiceCd=110&Type=search", "url2": "https://kiwanami-kaigo.com" }, "geometry": { "type": "Point", "coordinates": [ 131.222752043597382, 33.994705100729043 ] } },
{ "type": "Feature", "properties": { "内容": "ケアサービスオクト【訪問介護】山口県宇部市大字西岐波５２２５番地５", "url": "https://www.kaigokensaku.mhlw.go.jp/35/index.php?action_kouhyou_detail_004_kani=true&JigyosyoCd=3570204556-00&ServiceCd=110&Type=search", "url2": null }, "geometry": { "type": "Point", "coordinates": [ 131.305224399999986, 33.9682389 ] } },
{ "type": "Feature", "properties": { "内容": "助さん訪問介護事業所【訪問介護】山口県宇部市文京町2-9", "url": "https://www.kaigokensaku.mhlw.go.jp/35/index.php?action_kouhyou_detail_004_kani=true&JigyosyoCd=3570204572-00&ServiceCd=110&Type=search", "url2": "https://suke3.co.jp" }, "geometry": { "type": "Point", "coordinates": [ 131.2321119, 33.9712766 ] } },
{ "type": "Feature", "properties": { "内容": "ヘルパーステーションアポロ【訪問介護】宇部市大字中宇部１８５８－３０", "url": "https://www.kaigokensaku.mhlw.go.jp/35/index.php?action_kouhyou_detail_004_kani=true&JigyosyoCd=3570202709-00&ServiceCd=110&Type=search", "url2": "dl@y-apl.com" }, "geometry": { "type": "Point", "coordinates": [ 131.253337500000043, 33.9720426 ] } },
{ "type": "Feature", "properties": { "内容": "奏音　ヘルパーステーション【訪問介護】宇部市中村２丁目７番５号", "url": "https://www.kaigokensaku.mhlw.go.jp/35/index.php?action_kouhyou_detail_004_kani=true&JigyosyoCd=3570203277-00&ServiceCd=110&Type=search", "url2": null }, "geometry": { "type": "Point", "coordinates": [ 131.262003800260914, 33.964018122785198 ] } },
{ "type": "Feature", "properties": { "内容": "ヘルパーステーション　柚【訪問介護】山口県宇部市川添一丁目３番３７号サランハイツA-102", "url": "https://www.kaigokensaku.mhlw.go.jp/35/index.php?action_kouhyou_detail_004_kani=true&JigyosyoCd=3570204689-00&ServiceCd=110&Type=search", "url2": null }, "geometry": { "type": "Point", "coordinates": [ 131.2688298, 33.9721025 ] } },
{ "type": "Feature", "properties": { "内容": "シルバーサポートアスワン【訪問介護】山口県宇部市あすとぴあ七丁目１番２号シルバーサポートアスワン", "url": "https://www.kaigokensaku.mhlw.go.jp/35/index.php?action_kouhyou_detail_004_kani=true&JigyosyoCd=3570204119-00&ServiceCd=110&Type=search", "url2": "https://www.asuwansansou.jp" }, "geometry": { "type": "Point", "coordinates": [ 131.2962278, 33.9803445 ] } },
{ "type": "Feature", "properties": { "内容": "ヘルパーステーション　宇部あいおい苑【訪問介護】宇部市恩田町３－８－１", "url": "https://www.kaigokensaku.mhlw.go.jp/35/index.php?action_kouhyou_detail_004_kani=true&JigyosyoCd=3570201750-00&ServiceCd=110&Type=search", "url2": "http：//hitotsunokai.jp/" }, "geometry": { "type": "Point", "coordinates": [ 131.265868100000034, 33.9468762 ] } },
{ "type": "Feature", "properties": { "内容": "訪問介護ステーションりんく【訪問介護】山口県宇部市海南町2番58-1オックスビル２Ｆ", "url": "https://www.kaigokensaku.mhlw.go.jp/35/index.php?action_kouhyou_detail_004_kani=true&JigyosyoCd=3570204044-00&ServiceCd=110&Type=search", "url2": null }, "geometry": { "type": "Point", "coordinates": [ 131.2609722, 33.9587002 ] } },
{ "type": "Feature", "properties": { "内容": "ヘルパーステーションりんご【訪問介護】宇部市開四丁目9番7号", "url": "https://www.kaigokensaku.mhlw.go.jp/35/index.php?action_kouhyou_detail_004_kani=true&JigyosyoCd=3570202972-00&ServiceCd=110&Type=search", "url2": "kisakikaigo@gmail.com" }, "geometry": { "type": "Point", "coordinates": [ 131.280361873941047, 33.960303842089637 ] } },
{ "type": "Feature", "properties": { "内容": "神原苑上宇部ホームヘルパーステーション【訪問介護】山口県宇部市宮地町5番40号", "url": "https://www.kaigokensaku.mhlw.go.jp/35/index.php?action_kouhyou_detail_004_kani=true&JigyosyoCd=3570200844-00&ServiceCd=110&Type=search", "url2": "http://www.kamiharaen.com" }, "geometry": { "type": "Point", "coordinates": [ 131.257440299999985, 33.9652795 ] } },
{ "type": "Feature", "properties": { "内容": "ヘルパーステーションずっと【訪問介護】山口県宇部市錦町9-4", "url": "https://www.kaigokensaku.mhlw.go.jp/35/index.php?action_kouhyou_detail_004_kani=true&JigyosyoCd=3570204390-00&ServiceCd=110&Type=search", "url2": null }, "geometry": { "type": "Point", "coordinates": [ 131.2531847, 33.9450228 ] } },
{ "type": "Feature", "properties": { "内容": "ヘルパーステーションはばたき【訪問介護】宇部市五十目山町16-41-1シティハイムＦ１－Ｃ", "url": "https://www.kaigokensaku.mhlw.go.jp/35/index.php?action_kouhyou_detail_004_kani=true&JigyosyoCd=3570200562-00&ServiceCd=110&Type=search", "url2": null }, "geometry": { "type": "Point", "coordinates": [ 131.266000862704459, 33.937372637865039 ] } },
{ "type": "Feature", "properties": { "内容": "ヘルパーステーション幸【訪問介護】山口県宇部市今村北４丁目5-17ビバライフTOWA103号", "url": "https://www.kaigokensaku.mhlw.go.jp/35/index.php?action_kouhyou_detail_004_kani=true&JigyosyoCd=3570204093-00&ServiceCd=110&Type=search", "url2": null }, "geometry": { "type": "Point", "coordinates": [ 131.306231647542489, 33.961926748017326 ] } },
{ "type": "Feature", "properties": { "内容": "セントヒルヘルパーこうなん【訪問介護】山口県宇部市大字妻崎開作108番地", "url": "https://www.kaigokensaku.mhlw.go.jp/35/index.php?action_kouhyou_detail_004_kani=true&JigyosyoCd=3570203384-00&ServiceCd=110&Type=search", "url2": "http://www.sthill-hp.or.jp/k_st/" }, "geometry": { "type": "Point", "coordinates": [ 131.217891933868344, 33.978467793729124 ] } },
{ "type": "Feature", "properties": { "内容": "ニチイケアセンター厚南【訪問介護】山口県宇部市大字妻崎開作113-3", "url": "https://www.kaigokensaku.mhlw.go.jp/35/index.php?action_kouhyou_detail_004_kani=true&JigyosyoCd=3570201362-00&ServiceCd=110&Type=search", "url2": "http://www.nitiigakkan.co.jp" }, "geometry": { "type": "Point", "coordinates": [ 131.216453600000023, 33.9780611 ] } },
{ "type": "Feature", "properties": { "内容": "ヘルパーステーションみのり【訪問介護】宇部市大字際波1704-1住宅型有料老人ホームみのり内", "url": "https://www.kaigokensaku.mhlw.go.jp/35/index.php?action_kouhyou_detail_004_kani=true&JigyosyoCd=3570203459-00&ServiceCd=110&Type=search", "url2": "http://www.minori-ube.jp" }, "geometry": { "type": "Point", "coordinates": [ 131.220251694759327, 34.006517953122689 ] } },
{ "type": "Feature", "properties": { "内容": "宇部西ヘルパーステーション【訪問介護】山口県宇部市大字際波字東河田287-1", "url": "https://www.kaigokensaku.mhlw.go.jp/35/index.php?action_kouhyou_detail_004_kani=true&JigyosyoCd=3570200810-00&ServiceCd=110&Type=search", "url2": "http://www.h5.dion.ne.jp/~ube-west/jigyou/jigyou" }, "geometry": { "type": "Point", "coordinates": [ 131.2467858, 33.9515087 ] } },
{ "type": "Feature", "properties": { "内容": "介護ステーションすまいる【訪問介護】大字小串17-1", "url": "https://www.kaigokensaku.mhlw.go.jp/35/index.php?action_kouhyou_detail_004_kani=true&JigyosyoCd=3570203962-00&ServiceCd=110&Type=search", "url2": null }, "geometry": { "type": "Point", "coordinates": [ 131.2550817, 33.966568 ] } },
{ "type": "Feature", "properties": { "内容": "へるぱーすてーしょんきゅあ【訪問介護】宇部市大字小野8265番地の1ケアビレッジおの", "url": "https://www.kaigokensaku.mhlw.go.jp/35/index.php?action_kouhyou_detail_004_kani=true&JigyosyoCd=3570201990-00&ServiceCd=110&Type=search", "url2": null }, "geometry": { "type": "Point", "coordinates": [ 131.321104600000012, 34.1176683 ] } },
{ "type": "Feature", "properties": { "内容": "福祉生活協同組合　さんコープ　宇部　訪問介護事業所【訪問介護】宇部市上宇部75", "url": "https://www.kaigokensaku.mhlw.go.jp/35/index.php?action_kouhyou_detail_004_kani=true&JigyosyoCd=3570202113-00&ServiceCd=110&Type=search", "url2": "www.san-coop.jp" }, "geometry": { "type": "Point", "coordinates": [ 131.286507900000061, 33.9658802 ] } },
{ "type": "Feature", "properties": { "内容": "神原苑ホームヘルパーステーション【訪問介護】宇部市神原町2丁目4番40号", "url": "https://www.kaigokensaku.mhlw.go.jp/35/index.php?action_kouhyou_detail_004_kani=true&JigyosyoCd=3570200307-00&ServiceCd=110&Type=search", "url2": "http://www.kamiharaen.com" }, "geometry": { "type": "Point", "coordinates": [ 131.260262799999964, 33.9487592 ] } },
{ "type": "Feature", "properties": { "内容": "ヘルパーステーションみなみかぜ【訪問介護】山口県宇部市西梶返1丁目2-9-1", "url": "https://www.kaigokensaku.mhlw.go.jp/35/index.php?action_kouhyou_detail_004_kani=true&JigyosyoCd=3570204440-00&ServiceCd=110&Type=search", "url2": null }, "geometry": { "type": "Point", "coordinates": [ 131.260717199999988, 33.9574834 ] } },
{ "type": "Feature", "properties": { "内容": "ヘルパーステーション夢【訪問介護】山口県宇部市西岐波1522-23", "url": "https://www.kaigokensaku.mhlw.go.jp/35/index.php?action_kouhyou_detail_004_kani=true&JigyosyoCd=3570203228-00&ServiceCd=110&Type=search", "url2": null }, "geometry": { "type": "Point", "coordinates": [ 131.319461934383895, 33.964968169501937 ] } },
{ "type": "Feature", "properties": { "内容": "ヘルパーステーション　フィットケア【訪問介護】山口県宇部市大字西岐波３１５番地５０", "url": "https://www.kaigokensaku.mhlw.go.jp/35/index.php?action_kouhyou_detail_004_kani=true&JigyosyoCd=3570201933-00&ServiceCd=110&Type=search", "url2": "https://go-fitcare.com" }, "geometry": { "type": "Point", "coordinates": [ 131.293779248548901, 33.97088206058104 ] } },
{ "type": "Feature", "properties": { "内容": "宇部あかり園訪問介護事業所【訪問介護】宇部市大字西岐波229-105", "url": "https://www.kaigokensaku.mhlw.go.jp/35/index.php?action_kouhyou_detail_004_kani=true&JigyosyoCd=3570200216-00&ServiceCd=110&Type=search", "url2": "http://www.hakuaikai-yamaguchi.jp" }, "geometry": { "type": "Point", "coordinates": [ 131.301498700000025, 33.9665968 ] } },
{ "type": "Feature", "properties": { "内容": "ニチイケアセンター西岐波【訪問介護】山口県宇部市大字西岐波字浜田1545-1", "url": "https://www.kaigokensaku.mhlw.go.jp/35/index.php?action_kouhyou_detail_004_kani=true&JigyosyoCd=3570200190-00&ServiceCd=110&Type=search", "url2": "http://www.nichiigakkan.cp.jp" }, "geometry": { "type": "Point", "coordinates": [ 131.315846, 33.9618525 ] } },
{ "type": "Feature", "properties": { "内容": "株式会社　河村福祉サービス【訪問介護】山口県宇部市大字川上720番地9", "url": "https://www.kaigokensaku.mhlw.go.jp/35/index.php?action_kouhyou_detail_004_kani=true&JigyosyoCd=3570200166-00&ServiceCd=110&Type=search", "url2": "http://homepage2.nifty.com/kawamura_fukushi/" }, "geometry": { "type": "Point", "coordinates": [ 131.27645395901331, 33.993041722234999 ] } },
{ "type": "Feature", "properties": { "内容": "ヘルパーステーション未来【訪問介護】山口県宇部市大字船木1016番地1株式会社　愛優会", "url": "https://www.kaigokensaku.mhlw.go.jp/35/index.php?action_kouhyou_detail_004_kani=true&JigyosyoCd=3570201891-00&ServiceCd=110&Type=search", "url2": "https://aiyuukai-mirai.jp/" }, "geometry": { "type": "Point", "coordinates": [ 131.222023701852436, 34.041142357029919 ] } },
{ "type": "Feature", "properties": { "内容": "ヘルパーステーションケアヒルズ扶老会【訪問介護】山口県宇部市大字船木字向ヒ833番3", "url": "https://www.kaigokensaku.mhlw.go.jp/35/index.php?action_kouhyou_detail_004_kani=true&JigyosyoCd=3570203566-00&ServiceCd=110&Type=search", "url2": "http://ｗｗｗ.furoukai.jp" }, "geometry": { "type": "Point", "coordinates": [ 131.222876300000053, 34.0449709 ] } },
{ "type": "Feature", "properties": { "内容": "なごみヘルパーステーション【訪問介護】山口県宇部市草江2丁目5-6-1", "url": "https://www.kaigokensaku.mhlw.go.jp/35/index.php?action_kouhyou_detail_004_kani=true&JigyosyoCd=3570203160-00&ServiceCd=110&Type=search", "url2": "http://www.nagominokai.com/" }, "geometry": { "type": "Point", "coordinates": [ 131.275206700000012, 33.9389382 ] } },
{ "type": "Feature", "properties": { "内容": "ケアセンター共生【訪問介護】宇部市中央町３丁目２番７号", "url": "https://www.kaigokensaku.mhlw.go.jp/35/index.php?action_kouhyou_detail_004_kani=true&JigyosyoCd=3570200935-00&ServiceCd=110&Type=search", "url2": null }, "geometry": { "type": "Point", "coordinates": [ 131.241763699999979, 33.954675 ] } },
{ "type": "Feature", "properties": { "内容": "むべの里在宅福祉サービスセンター上宇部【訪問介護】山口県宇部市中村２丁目７－15", "url": "https://www.kaigokensaku.mhlw.go.jp/35/index.php?action_kouhyou_detail_004_kani=true&JigyosyoCd=3570200513-00&ServiceCd=110&Type=search", "url2": "http://www.mubenosato.com" }, "geometry": { "type": "Point", "coordinates": [ 131.262308786928401, 33.963627650759847 ] } },
{ "type": "Feature", "properties": { "内容": "訪問介護セレクト【訪問介護】山口県宇部市中村3丁目10番18-2号アーバンみどり102号", "url": "https://www.kaigokensaku.mhlw.go.jp/35/index.php?action_kouhyou_detail_004_kani=true&JigyosyoCd=3570204374-00&ServiceCd=110&Type=search", "url2": null }, "geometry": { "type": "Point", "coordinates": [ 131.2580888, 33.9611927 ] } },
{ "type": "Feature", "properties": { "内容": "介護センターうさまま【訪問介護】東岐波4207-1", "url": "https://www.kaigokensaku.mhlw.go.jp/35/index.php?action_kouhyou_detail_004_kani=true&JigyosyoCd=3570204580-00&ServiceCd=110&Type=search", "url2": null }, "geometry": { "type": "Point", "coordinates": [ 131.352819872216998, 33.967880768601844 ] } },
{ "type": "Feature", "properties": { "内容": "シンプルケア宇部【訪問介護】山口県宇部市東岐波大字水落1464-1", "url": "https://www.kaigokensaku.mhlw.go.jp/35/index.php?action_kouhyou_detail_004_kani=true&JigyosyoCd=3570203137-00&ServiceCd=110&Type=search", "url2": null }, "geometry": { "type": "Point", "coordinates": [ 131.348793961275334, 33.983991090232315 ] } },
{ "type": "Feature", "properties": { "内容": "ろしゅうケアセンター集いの家【訪問介護】南小羽山１丁目９－１６", "url": "https://www.kaigokensaku.mhlw.go.jp/35/index.php?action_kouhyou_detail_004_kani=true&JigyosyoCd=3570201636-00&ServiceCd=110&Type=search", "url2": "https://itp.ne.jp/info/354483027177050200/shop/" }, "geometry": { "type": "Point", "coordinates": [ 131.255714505946941, 33.973008691203646 ] } },
{ "type": "Feature", "properties": { "内容": "サンキ・ウエルビィ介護センター宇部【訪問介護】山口県宇部市南浜町２丁目９番１５号田坂ビル1F", "url": "https://www.kaigokensaku.mhlw.go.jp/35/index.php?action_kouhyou_detail_004_kani=true&JigyosyoCd=3570202410-00&ServiceCd=110&Type=search", "url2": null }, "geometry": { "type": "Point", "coordinates": [ 131.232091800000035, 33.9660237 ] } },
{ "type": "Feature", "properties": { "内容": "さるびあヘルパーステーション【訪問介護】山口県宇部市浜町2丁目1番3", "url": "https://www.kaigokensaku.mhlw.go.jp/35/index.php?action_kouhyou_detail_004_kani=true&JigyosyoCd=3570200323-00&ServiceCd=110&Type=search", "url2": "https://familand.jp/" }, "geometry": { "type": "Point", "coordinates": [ 131.237383099999988, 33.9649627 ] } },
{ "type": "Feature", "properties": { "内容": "ニチイケアセンター琴芝【訪問介護】山口県宇部市北琴芝2丁目7-6松井ビル1階101号室", "url": "https://www.kaigokensaku.mhlw.go.jp/35/index.php?action_kouhyou_detail_004_kani=true&JigyosyoCd=3570204010-00&ServiceCd=110&Type=search", "url2": "ｗｗｗ.ｎｉｃｈｉｉｇａｋｋａｎ．ｃｏ．ｊｐ" }, "geometry": { "type": "Point", "coordinates": [ 131.260403399999973, 33.9590942 ] } },
{ "type": "Feature", "properties": { "内容": "フレンドサービス【訪問介護】山口県宇部市大字中宇部1964番地1", "url": "https://www.kaigokensaku.mhlw.go.jp/35/index.php?action_kouhyou_detail_004_kani=true&JigyosyoCd=3570200968-00&ServiceCd=110&Type=search", "url2": null }, "geometry": { "type": "Point", "coordinates": [ 131.251262499999939, 33.9762283 ] } },
{ "type": "Feature", "properties": { "内容": "ケアビレッジ桜　訪問介護事業所【訪問介護】大字西岐波2066番ケアビレッジ桜　弐番館", "url": "https://www.kaigokensaku.mhlw.go.jp/35/index.php?action_kouhyou_detail_004_kani=true&JigyosyoCd=3570204739-00&ServiceCd=110&Type=search", "url2": "https://keahouse-sakura.jp/" }, "geometry": { "type": "Point", "coordinates": [ 131.3131797, 33.9703936 ] } },
{ "type": "Feature", "properties": { "内容": "訪問介護事業所ここれ【訪問介護】山口県山口市楠木町8-18パレス楠木町105号", "url": "https://www.kaigokensaku.mhlw.go.jp/35/index.php?action_kouhyou_detail_004_kani=true&JigyosyoCd=3570303838-00&ServiceCd=110&Type=search", "url2": "https://kokore0414.com" }, "geometry": { "type": "Point", "coordinates": [ 131.4536738, 34.1719876 ] } },
{ "type": "Feature", "properties": { "内容": "月之國【訪問介護】山口市下小鯖2098-2", "url": "https://www.kaigokensaku.mhlw.go.jp/35/index.php?action_kouhyou_detail_004_kani=true&JigyosyoCd=3570303861-00&ServiceCd=110&Type=search", "url2": null }, "geometry": { "type": "Point", "coordinates": [ 131.5239747, 34.1383851 ] } },
{ "type": "Feature", "properties": { "内容": "佐々木在宅ケアセンター【訪問介護】山口市泉都町９－７", "url": "https://www.kaigokensaku.mhlw.go.jp/35/index.php?action_kouhyou_detail_004_kani=true&JigyosyoCd=3570300073-00&ServiceCd=110&Type=search", "url2": "https://sasaki-geka.jp/care.html" }, "geometry": { "type": "Point", "coordinates": [ 131.461353799999983, 34.1670272 ] } },
{ "type": "Feature", "properties": { "内容": "サクラ介護事業所【訪問介護】山口市桜畠6丁目7-15", "url": "https://www.kaigokensaku.mhlw.go.jp/35/index.php?action_kouhyou_detail_004_kani=true&JigyosyoCd=3570301246-00&ServiceCd=110&Type=search", "url2": "http://sakura-kj.jp/" }, "geometry": { "type": "Point", "coordinates": [ 131.498493026172611, 34.197221674014919 ] } },
{ "type": "Feature", "properties": { "内容": "ライフケアステーション【訪問介護】黒川81－2ライフケアステーション", "url": "https://www.kaigokensaku.mhlw.go.jp/35/index.php?action_kouhyou_detail_004_kani=true&JigyosyoCd=3570302103-00&ServiceCd=110&Type=search", "url2": "http://www.yumesannyo.jp" }, "geometry": { "type": "Point", "coordinates": [ 131.432921220237745, 34.1375105632589 ] } },
{ "type": "Feature", "properties": { "内容": "介護西京【訪問介護】山口県山口市泉都町3-1", "url": "https://www.kaigokensaku.mhlw.go.jp/35/index.php?action_kouhyou_detail_004_kani=true&JigyosyoCd=3570303754-00&ServiceCd=110&Type=search", "url2": null }, "geometry": { "type": "Point", "coordinates": [ 131.4650004, 34.1678404 ] } },
{ "type": "Feature", "properties": { "内容": "特定非営利活動法人介護派遣センターライフライン山口【訪問介護】山口県山口市吉田2804番地", "url": "https://www.kaigokensaku.mhlw.go.jp/35/index.php?action_kouhyou_detail_004_kani=true&JigyosyoCd=3570303341-00&ServiceCd=110&Type=search", "url2": null }, "geometry": { "type": "Point", "coordinates": [ 131.4669547, 34.1403722 ] } },
{ "type": "Feature", "properties": { "内容": "ヘルパーステーションほーゆう【訪問介護】山口市秋穂東1822番地", "url": "https://www.kaigokensaku.mhlw.go.jp/35/index.php?action_kouhyou_detail_004_kani=true&JigyosyoCd=3577600376-00&ServiceCd=110&Type=search", "url2": null }, "geometry": { "type": "Point", "coordinates": [ 131.4642877, 34.0255718 ] } },
{ "type": "Feature", "properties": { "内容": "ケア２１山口湯田【訪問介護】山口県山口市楠木町８番８号カンファー２１　１０２号", "url": "https://www.kaigokensaku.mhlw.go.jp/35/index.php?action_kouhyou_detail_004_kani=true&JigyosyoCd=3570303929-00&ServiceCd=110&Type=search", "url2": null }, "geometry": { "type": "Point", "coordinates": [ 131.454079900000011, 34.171798 ] } },
{ "type": "Feature", "properties": { "内容": "ヘルパーステーションすこやか【訪問介護】山口県山口市阿知須４７２４番地１", "url": "https://www.kaigokensaku.mhlw.go.jp/35/index.php?action_kouhyou_detail_004_kani=true&JigyosyoCd=3570301964-00&ServiceCd=110&Type=search", "url2": null }, "geometry": { "type": "Point", "coordinates": [ 131.357264027786186, 34.008534150821546 ] } },
{ "type": "Feature", "properties": { "内容": "ライフケアステーションあじす【訪問介護】山口市阿知須4869-1　ピーチガーデン102ゆめの里あじす", "url": "https://www.kaigokensaku.mhlw.go.jp/35/index.php?action_kouhyou_detail_004_kani=true&JigyosyoCd=3570302442-00&ServiceCd=110&Type=search", "url2": "http://www.yumesanyo.jp" }, "geometry": { "type": "Point", "coordinates": [ 131.357082012232837, 34.012491530803409 ] } },
{ "type": "Feature", "properties": { "内容": "阿東園ヘルパーステーション【訪問介護】山口県山口市阿東地福下１０２８６番地１", "url": "https://www.kaigokensaku.mhlw.go.jp/35/index.php?action_kouhyou_detail_004_kani=true&JigyosyoCd=3570303911-00&ServiceCd=110&Type=search", "url2": null }, "geometry": { "type": "Point", "coordinates": [ 131.63088769999996, 34.3431822 ] } },
{ "type": "Feature", "properties": { "内容": "山口市社会福祉協議会　あとう訪問介護事業所【訪問介護】山口県山口市阿東地福上１６９７番地山口市阿東老人福祉センター(内）", "url": "https://www.kaigokensaku.mhlw.go.jp/35/index.php?action_kouhyou_detail_004_kani=true&JigyosyoCd=3570301758-00&ServiceCd=110&Type=search", "url2": null }, "geometry": { "type": "Point", "coordinates": [ 131.668682600000011, 34.3618826 ] } },
{ "type": "Feature", "properties": { "内容": "サンキ・ウエルビィ介護センター山口【訪問介護】山口県山口市維新公園三丁目12-15", "url": "https://www.kaigokensaku.mhlw.go.jp/35/index.php?action_kouhyou_detail_004_kani=true&JigyosyoCd=3570301501-00&ServiceCd=110&Type=search", "url2": null }, "geometry": { "type": "Point", "coordinates": [ 131.437610100000029, 34.152477800000021 ] } },
{ "type": "Feature", "properties": { "内容": "ケアライフ小鯖ヘルパーステーション【訪問介護】山口県山口市下小鯖520", "url": "https://www.kaigokensaku.mhlw.go.jp/35/index.php?action_kouhyou_detail_004_kani=true&JigyosyoCd=3570302319-00&ServiceCd=110&Type=search", "url2": "http://carelife1165.web.fc2.com/index.html" }, "geometry": { "type": "Point", "coordinates": [ 131.524389599999949, 34.1476625 ] } },
{ "type": "Feature", "properties": { "内容": "はるかぜヘルパーステーション【訪問介護】山口市嘉川４４７１", "url": "https://www.kaigokensaku.mhlw.go.jp/35/index.php?action_kouhyou_detail_004_kani=true&JigyosyoCd=3570302236-00&ServiceCd=110&Type=search", "url2": "http://www.shinjin-kai.org/" }, "geometry": { "type": "Point", "coordinates": [ 131.370518299999958, 34.0644829 ] } },
{ "type": "Feature", "properties": { "内容": "ニチイケアセンター山口【訪問介護】山口市宮島町3-24山口印刷ビル1F", "url": "https://www.kaigokensaku.mhlw.go.jp/35/index.php?action_kouhyou_detail_004_kani=true&JigyosyoCd=3570300081-00&ServiceCd=110&Type=search", "url2": "http://www.nichiigakkan.co.jp" }, "geometry": { "type": "Point", "coordinates": [ 131.478991200000024, 34.167318399999985 ] } },
{ "type": "Feature", "properties": { "内容": "あやめケアサポート【訪問介護】山口県山口市宮野下2987番地17", "url": "https://www.kaigokensaku.mhlw.go.jp/35/index.php?action_kouhyou_detail_004_kani=true&JigyosyoCd=3570303440-00&ServiceCd=110&Type=search", "url2": null }, "geometry": { "type": "Point", "coordinates": [ 131.503109, 34.2013349 ] } },
{ "type": "Feature", "properties": { "内容": "医療法人　真人会　まごろんヘルパーステーション【訪問介護】山口県山口市江崎2471-8", "url": "https://www.kaigokensaku.mhlw.go.jp/35/index.php?action_kouhyou_detail_004_kani=true&JigyosyoCd=3570303143-00&ServiceCd=110&Type=search", "url2": "http://www.shinjin-kai.org/" }, "geometry": { "type": "Point", "coordinates": [ 131.366086727737411, 34.063395190728329 ] } },
{ "type": "Feature", "properties": { "内容": "山口あかり園訪問介護事業所【訪問介護】山口市黒川3363番地", "url": "https://www.kaigokensaku.mhlw.go.jp/35/index.php?action_kouhyou_detail_004_kani=true&JigyosyoCd=3570300313-00&ServiceCd=110&Type=search", "url2": "http://www.hakuaikai-yamaguchi.jp/" }, "geometry": { "type": "Point", "coordinates": [ 131.438716399999947, 34.1310547 ] } },
{ "type": "Feature", "properties": { "内容": "さんコープ訪問介護　宮野【訪問介護】山口市桜畠２丁目２３１２番８", "url": "https://www.kaigokensaku.mhlw.go.jp/35/index.php?action_kouhyou_detail_004_kani=true&JigyosyoCd=3570300636-00&ServiceCd=110&Type=search", "url2": "http://www.yamaguti-coop.or.jp/active./welfare/suncoop.html" }, "geometry": { "type": "Point", "coordinates": [ 131.501306800000066, 34.1947922 ] } },
{ "type": "Feature", "properties": { "内容": "瀬戸内ヘルパーステーションあいお【訪問介護】山口県山口市秋穂東2260-7", "url": "https://www.kaigokensaku.mhlw.go.jp/35/index.php?action_kouhyou_detail_004_kani=true&JigyosyoCd=3570303515-00&ServiceCd=110&Type=search", "url2": "https://www.lcraft-kabushikigaisya.com/" }, "geometry": { "type": "Point", "coordinates": [ 131.4620335, 34.0203833 ] } },
{ "type": "Feature", "properties": { "内容": "サンキ・ウエルビィ介護センター小郡【訪問介護】山口県山口市小郡下郷217-1", "url": "https://www.kaigokensaku.mhlw.go.jp/35/index.php?action_kouhyou_detail_004_kani=true&JigyosyoCd=3570302129-00&ServiceCd=110&Type=search", "url2": null }, "geometry": { "type": "Point", "coordinates": [ 131.402142599999934, 34.1079646 ] } },
{ "type": "Feature", "properties": { "内容": "ニチイケアセンター郷【訪問介護】山口県山口市小郡下郷2203-1", "url": "https://www.kaigokensaku.mhlw.go.jp/35/index.php?action_kouhyou_detail_004_kani=true&JigyosyoCd=3570302566-00&ServiceCd=110&Type=search", "url2": null }, "geometry": { "type": "Point", "coordinates": [ 131.390321699999959, 34.0988434 ] } },
{ "type": "Feature", "properties": { "内容": "みんなのふるさと訪問介護事業所【訪問介護】山口市小郡下郷251-9", "url": "https://www.kaigokensaku.mhlw.go.jp/35/index.php?action_kouhyou_detail_004_kani=true&JigyosyoCd=3570303465-00&ServiceCd=110&Type=search", "url2": "https://www.minfuru555.jp/" }, "geometry": { "type": "Point", "coordinates": [ 131.401477766466428, 34.10647459214745 ] } },
{ "type": "Feature", "properties": { "内容": "ケアホーム小郡ヘルパーステーション【訪問介護】山口県山口市小郡新町2丁目10－21ケアホーム小郡", "url": "https://www.kaigokensaku.mhlw.go.jp/35/index.php?action_kouhyou_detail_004_kani=true&JigyosyoCd=3570303333-00&ServiceCd=110&Type=search", "url2": "https://care-net.biz/35/carehomeogoori/" }, "geometry": { "type": "Point", "coordinates": [ 131.395870699999932, 34.1144694 ] } },
{ "type": "Feature", "properties": { "内容": "済生会山口地域ケアセンター居宅介護サービス複合施設にほ苑訪問介護事業所【訪問介護】山口市仁保中郷988-1", "url": "https://www.kaigokensaku.mhlw.go.jp/35/index.php?action_kouhyou_detail_004_kani=true&JigyosyoCd=3570301477-00&ServiceCd=110&Type=search", "url2": "//saiseikai-care-y.jp" }, "geometry": { "type": "Point", "coordinates": [ 131.55953169999998, 34.2128332 ] } },
{ "type": "Feature", "properties": { "内容": "アス・ヘルパーステーション【訪問介護】山口県山口市大市町3－12社会福祉法人　アス・ライフ", "url": "https://www.kaigokensaku.mhlw.go.jp/35/index.php?action_kouhyou_detail_004_kani=true&JigyosyoCd=3570301808-00&ServiceCd=110&Type=search", "url2": "us-life" }, "geometry": { "type": "Point", "coordinates": [ 131.480373137573224, 34.179530440957279 ] } },
{ "type": "Feature", "properties": { "内容": "たみちゃんヘルパーステーション【訪問介護】山口市大内御堀3616-1", "url": "https://www.kaigokensaku.mhlw.go.jp/35/index.php?action_kouhyou_detail_004_kani=true&JigyosyoCd=3570302384-00&ServiceCd=110&Type=search", "url2": "http://tami-home.com/" }, "geometry": { "type": "Point", "coordinates": [ 131.499295748262739, 34.141502942439594 ] } },
{ "type": "Feature", "properties": { "内容": "ツクイ山口【訪問介護】大内御堀六丁目2番5号", "url": "https://www.kaigokensaku.mhlw.go.jp/35/index.php?action_kouhyou_detail_004_kani=true&JigyosyoCd=3570303614-00&ServiceCd=110&Type=search", "url2": "https://corp.tsukui.net/" }, "geometry": { "type": "Point", "coordinates": [ 131.4856727, 34.1650776 ] } },
{ "type": "Feature", "properties": { "内容": "ヘルパーステーションおおうち【訪問介護】山口県山口市大内千坊六丁目１１番２号", "url": "https://www.kaigokensaku.mhlw.go.jp/35/index.php?action_kouhyou_detail_004_kani=true&JigyosyoCd=3570303002-00&ServiceCd=110&Type=search", "url2": null }, "geometry": { "type": "Point", "coordinates": [ 131.493441118385391, 34.157939381318336 ] } },
{ "type": "Feature", "properties": { "内容": "24時間介護サービスまごころ【訪問介護】山口県山口市大内長野字鍛冶屋208番地", "url": "https://www.kaigokensaku.mhlw.go.jp/35/index.php?action_kouhyou_detail_004_kani=true&JigyosyoCd=3570301550-00&ServiceCd=110&Type=search", "url2": "magocoro@wind.ocn.ne.jp" }, "geometry": { "type": "Point", "coordinates": [ 131.518898012750242, 34.163307784734599 ] } },
{ "type": "Feature", "properties": { "内容": "訪問介護センターながさわ【訪問介護】山口県山口市鋳銭司３３８１番地", "url": "https://www.kaigokensaku.mhlw.go.jp/35/index.php?action_kouhyou_detail_004_kani=true&JigyosyoCd=3570303853-00&ServiceCd=110&Type=search", "url2": "www.kitunan.jp" }, "geometry": { "type": "Point", "coordinates": [ 131.4615413, 34.0763473 ] } },
{ "type": "Feature", "properties": { "内容": "相川医院ヘルパーステーション【訪問介護】山口市鋳銭司5963番地1", "url": "https://www.kaigokensaku.mhlw.go.jp/35/index.php?action_kouhyou_detail_004_kani=true&JigyosyoCd=3570301717-00&ServiceCd=110&Type=search", "url2": "http://www.aikawaiin.or.jp" }, "geometry": { "type": "Point", "coordinates": [ 131.444157189024395, 34.083758397486754 ] } },
{ "type": "Feature", "properties": { "内容": "済生会山口地域ケアセンター在宅複合型施設やすらぎヘルパーステーション【訪問介護】山口市朝倉町４－５５－６", "url": "https://www.kaigokensaku.mhlw.go.jp/35/index.php?action_kouhyou_detail_004_kani=true&JigyosyoCd=3570300263-00&ServiceCd=110&Type=search", "url2": "http://www.c-able.ne.jp/~saiyama/top2hml" }, "geometry": { "type": "Point", "coordinates": [ 131.453462700000046, 34.1763789 ] } },
{ "type": "Feature", "properties": { "内容": "マザーベル湯田温泉【訪問介護】山口県山口市湯田温泉4丁目3-15", "url": "https://www.kaigokensaku.mhlw.go.jp/35/index.php?action_kouhyou_detail_004_kani=true&JigyosyoCd=3570302418-00&ServiceCd=110&Type=search", "url2": null }, "geometry": { "type": "Point", "coordinates": [ 131.45520190000002, 34.1654216 ] } },
{ "type": "Feature", "properties": { "内容": "日吉台ホームヘルパーステーション【訪問介護】山口市陶３９６８", "url": "https://www.kaigokensaku.mhlw.go.jp/35/index.php?action_kouhyou_detail_004_kani=true&JigyosyoCd=3570300099-00&ServiceCd=110&Type=search", "url2": "https://www.hiyoshidai.or.jp" }, "geometry": { "type": "Point", "coordinates": [ 131.420666100000062, 34.0983351 ] } },
{ "type": "Feature", "properties": { "内容": "訪問介護　むっちゃん方【訪問介護】山口市徳地島地590-2", "url": "https://www.kaigokensaku.mhlw.go.jp/35/index.php?action_kouhyou_detail_004_kani=true&JigyosyoCd=3570302327-00&ServiceCd=110&Type=search", "url2": "http://www.mucchankata.com/" }, "geometry": { "type": "Point", "coordinates": [ 131.69549470000004, 34.1646048 ] } },
{ "type": "Feature", "properties": { "内容": "光山医院山口ヘルパ－ステ－ション【訪問介護】山口県山口市矢原町7番18号", "url": "https://www.kaigokensaku.mhlw.go.jp/35/index.php?action_kouhyou_detail_004_kani=true&JigyosyoCd=3570302913-00&ServiceCd=110&Type=search", "url2": "www.mitsuyama-c.com/index.php" }, "geometry": { "type": "Point", "coordinates": [ 131.452638799999932, 34.1565723 ] } },
{ "type": "Feature", "properties": { "内容": "訪問介護ステーションアドバンス湯田【訪問介護】湯田温泉1-1-7", "url": "https://www.kaigokensaku.mhlw.go.jp/35/index.php?action_kouhyou_detail_004_kani=true&JigyosyoCd=3570303796-00&ServiceCd=110&Type=search", "url2": null }, "geometry": { "type": "Point", "coordinates": [ 131.4604273, 34.1658627 ] } },
{ "type": "Feature", "properties": { "内容": "福祉サービスリズム【訪問介護】山口県山口市吉田２４７７番地１８", "url": "https://www.kaigokensaku.mhlw.go.jp/35/index.php?action_kouhyou_detail_004_kani=true&JigyosyoCd=3570303713-00&ServiceCd=110&Type=search", "url2": "https://rhythm-taxi.com" }, "geometry": { "type": "Point", "coordinates": [ 131.474057699999946, 34.1364201 ] } },
{ "type": "Feature", "properties": { "内容": "らしく【訪問介護】山口県山口市熊野町4-39", "url": "https://www.kaigokensaku.mhlw.go.jp/35/index.php?action_kouhyou_detail_004_kani=true&JigyosyoCd=3570302806-00&ServiceCd=110&Type=search", "url2": null }, "geometry": { "type": "Point", "coordinates": [ 131.460298400000056, 34.1674827 ] } },
{ "type": "Feature", "properties": { "内容": "訪問介護事業所きんもくせい【訪問介護】山口市大内御堀4331番地23", "url": "https://www.kaigokensaku.mhlw.go.jp/35/index.php?action_kouhyou_detail_004_kani=true&JigyosyoCd=3570302368-00&ServiceCd=110&Type=search", "url2": null }, "geometry": { "type": "Point", "coordinates": [ 131.497398699999962, 34.1338217 ] } },
{ "type": "Feature", "properties": { "内容": "青藍会在宅医療支援センター新山口ヘルパーステーション【訪問介護】山口県山口市小郡平成町１-18", "url": "https://www.kaigokensaku.mhlw.go.jp/35/index.php?action_kouhyou_detail_004_kani=true&JigyosyoCd=3570300792-00&ServiceCd=110&Type=search", "url2": "http://www.seirankai.or.jp" }, "geometry": { "type": "Point", "coordinates": [ 131.400471, 34.0878253 ] } },
{ "type": "Feature", "properties": { "内容": "ヘルパーステーションアーユス【訪問介護】山口市湯田温泉一丁目1番3号ReLife湯田温泉内", "url": "https://www.kaigokensaku.mhlw.go.jp/35/index.php?action_kouhyou_detail_004_kani=true&JigyosyoCd=3570300404-00&ServiceCd=110&Type=search", "url2": "http://www.suiseikai.org/" }, "geometry": { "type": "Point", "coordinates": [ 131.460232551609806, 34.166130815731336 ] } },
{ "type": "Feature", "properties": { "内容": "アネシス【訪問介護】山口県山口市朝田337-11", "url": "https://www.kaigokensaku.mhlw.go.jp/35/index.php?action_kouhyou_detail_004_kani=true&JigyosyoCd=3570303820-00&ServiceCd=110&Type=search", "url2": null }, "geometry": { "type": "Point", "coordinates": [ 131.4416727, 34.1460252 ] } },
{ "type": "Feature", "properties": { "内容": "萩市大字下田万字袴田２４１７－１【訪問介護】2417-1", "url": "https://www.kaigokensaku.mhlw.go.jp/35/index.php?action_kouhyou_detail_004_kani=true&JigyosyoCd=3570400881-00&ServiceCd=110&Type=search", "url2": "http://www.care-iwami.jp/" }, "geometry": { "type": "Point", "coordinates": [ 136.3991667, 34.8297222 ] } },
{ "type": "Feature", "properties": { "内容": "萩市ヘルパーステーションかがやき【訪問介護】萩市大字椿2398番地1", "url": "https://www.kaigokensaku.mhlw.go.jp/35/index.php?action_kouhyou_detail_004_kani=true&JigyosyoCd=3570400261-00&ServiceCd=110&Type=search", "url2": "http://hagi-kagayaki.or.jp/" }, "geometry": { "type": "Point", "coordinates": [ 131.402797077276546, 34.393805586044024 ] } },
{ "type": "Feature", "properties": { "内容": "JA訪問介護ふれあい萩【訪問介護】山口県萩市大字椿３０３２番地", "url": "https://www.kaigokensaku.mhlw.go.jp/35/index.php?action_kouhyou_detail_004_kani=true&JigyosyoCd=3570400931-00&ServiceCd=110&Type=search", "url2": "https://ja-kyodo-support.jp" }, "geometry": { "type": "Point", "coordinates": [ 131.4010854, 34.3980496 ] } },
{ "type": "Feature", "properties": { "内容": "椿の郷　ヘルパーステーション【訪問介護】山口県萩市大字椿東6030番地13有料老人ホーム椿の郷内", "url": "https://www.kaigokensaku.mhlw.go.jp/35/index.php?action_kouhyou_detail_004_kani=true&JigyosyoCd=3570400717-00&ServiceCd=110&Type=search", "url2": null }, "geometry": { "type": "Point", "coordinates": [ 131.421931200000017, 34.4397522 ] } },
{ "type": "Feature", "properties": { "内容": "フォーユー　ヘルパーステーション【訪問介護】山口県萩市土原217-1", "url": "https://www.kaigokensaku.mhlw.go.jp/35/index.php?action_kouhyou_detail_004_kani=true&JigyosyoCd=3570400790-00&ServiceCd=110&Type=search", "url2": null }, "geometry": { "type": "Point", "coordinates": [ 131.408285560440305, 34.409071778063151 ] } },
{ "type": "Feature", "properties": { "内容": "ヘルパーステーションみらい【訪問介護】山口県萩市土原521番地1", "url": "https://www.kaigokensaku.mhlw.go.jp/35/index.php?action_kouhyou_detail_004_kani=true&JigyosyoCd=3570400808-00&ServiceCd=110&Type=search", "url2": "http://www.futaba-hagi.jp/flatmirai/mirai.html" }, "geometry": { "type": "Point", "coordinates": [ 131.4047568, 34.4098181 ] } },
{ "type": "Feature", "properties": { "内容": "萩社協訪問介護事業所【訪問介護】萩市大字福井下３９９９番地６ふくえ～る内", "url": "https://www.kaigokensaku.mhlw.go.jp/35/index.php?action_kouhyou_detail_004_kani=true&JigyosyoCd=3570400337-00&ServiceCd=110&Type=search", "url2": null }, "geometry": { "type": "Point", "coordinates": [ 131.483437691391146, 34.433626707286926 ] } },
{ "type": "Feature", "properties": { "内容": "ライフケアステーションはぎ【訪問介護】萩市川島385-1アートハビテーション川島C105", "url": "https://www.kaigokensaku.mhlw.go.jp/35/index.php?action_kouhyou_detail_004_kani=true&JigyosyoCd=3570400675-00&ServiceCd=110&Type=search", "url2": "http://www.yumesanyo.jp/" }, "geometry": { "type": "Point", "coordinates": [ 131.408145500764363, 34.404040327772741 ] } },
{ "type": "Feature", "properties": { "内容": "ヘルパーステーションあ・す・も【訪問介護】山口県防府市酢貝６番７号", "url": "https://www.kaigokensaku.mhlw.go.jp/35/index.php?action_kouhyou_detail_004_kani=true&JigyosyoCd=3570602577-00&ServiceCd=110&Type=search", "url2": null }, "geometry": { "type": "Point", "coordinates": [ 131.5979369, 34.0574025 ] } },
{ "type": "Feature", "properties": { "内容": "ヘルパーステーションえがおの森【訪問介護】防府市大字仁井令668-2", "url": "https://www.kaigokensaku.mhlw.go.jp/35/index.php?action_kouhyou_detail_004_kani=true&JigyosyoCd=3570601363-00&ServiceCd=110&Type=search", "url2": null }, "geometry": { "type": "Point", "coordinates": [ 131.5583686, 34.034568 ] } },
{ "type": "Feature", "properties": { "内容": "社会福祉法人防府市社会福祉事業団ホームヘルパーセンター【訪問介護】山口県防府市天神１丁目６番２０号", "url": "https://www.kaigokensaku.mhlw.go.jp/35/index.php?action_kouhyou_detail_004_kani=true&JigyosyoCd=3570600100-00&ServiceCd=110&Type=search", "url2": "http://www.c-able.ne.jp/~jigyodan/" }, "geometry": { "type": "Point", "coordinates": [ 131.573649387696832, 34.054878267931961 ] } },
{ "type": "Feature", "properties": { "内容": "グリーンライフ防府沖今宿訪問介護ステーション【訪問介護】山口県防府市沖今宿一丁目18番20号", "url": "https://www.kaigokensaku.mhlw.go.jp/35/index.php?action_kouhyou_detail_004_kani=true&JigyosyoCd=3570602619-00&ServiceCd=110&Type=search", "url2": "https://www.greenlife-inc.co.jp/" }, "geometry": { "type": "Point", "coordinates": [ 131.59945110000001, 34.0487465 ] } },
{ "type": "Feature", "properties": { "内容": "訪問介護ステーションひかり【訪問介護】駅南町8番35号尾中ビルⅡ2階北側", "url": "https://www.kaigokensaku.mhlw.go.jp/35/index.php?action_kouhyou_detail_004_kani=true&JigyosyoCd=3570602668-00&ServiceCd=110&Type=search", "url2": "https://www.itsuki070304.com" }, "geometry": { "type": "Point", "coordinates": [ 131.5650853, 34.0515754 ] } },
{ "type": "Feature", "properties": { "内容": "ヘスティア華城ヘルパーステーション【訪問介護】山口県防府市大字伊佐江１０３９番地の１", "url": "https://www.kaigokensaku.mhlw.go.jp/35/index.php?action_kouhyou_detail_004_kani=true&JigyosyoCd=3570600415-00&ServiceCd=110&Type=search", "url2": "http://kaseikai.com" }, "geometry": { "type": "Point", "coordinates": [ 131.5441558, 34.0395198 ] } },
{ "type": "Feature", "properties": { "内容": "ヘルパーステーション　天満【訪問介護】山口県防府市大字下右田363有料老人ホーム初梅", "url": "https://www.kaigokensaku.mhlw.go.jp/35/index.php?action_kouhyou_detail_004_kani=true&JigyosyoCd=3570602320-00&ServiceCd=110&Type=search", "url2": "https://www.anshin-cls.net/" }, "geometry": { "type": "Point", "coordinates": [ 131.55667870000002, 34.07334860000001 ] } },
{ "type": "Feature", "properties": { "内容": "ヘルパーステーション　さやかの森【訪問介護】防府市岸津1-22-26　A101", "url": "https://www.kaigokensaku.mhlw.go.jp/35/index.php?action_kouhyou_detail_004_kani=true&JigyosyoCd=3570601462-00&ServiceCd=110&Type=search", "url2": "imazumidesign.sakura.ne.jp" }, "geometry": { "type": "Point", "coordinates": [ 131.596073199999978, 34.0552626 ] } },
{ "type": "Feature", "properties": { "内容": "エルスマイル訪問介護事業所【訪問介護】山口県防府市岸津２丁目14-50", "url": "https://www.kaigokensaku.mhlw.go.jp/35/index.php?action_kouhyou_detail_004_kani=true&JigyosyoCd=3570601496-00&ServiceCd=110&Type=search", "url2": null }, "geometry": { "type": "Point", "coordinates": [ 131.593193, 34.0598229 ] } },
{ "type": "Feature", "properties": { "内容": "岸津苑ホームヘルパーステーション【訪問介護】山口県防府市岸津二丁目２４番２０号", "url": "https://www.kaigokensaku.mhlw.go.jp/35/index.php?action_kouhyou_detail_004_kani=true&JigyosyoCd=3570602338-00&ServiceCd=110&Type=search", "url2": "http://www.shuyou.jp/" }, "geometry": { "type": "Point", "coordinates": [ 131.593259699999976, 34.0498688 ] } },
{ "type": "Feature", "properties": { "内容": "株式会社ピーエー　　ヘルパーステーションゆうの風三田尻【訪問介護】山口県防府市警固町1丁目6番39号", "url": "https://www.kaigokensaku.mhlw.go.jp/35/index.php?action_kouhyou_detail_004_kani=true&JigyosyoCd=3570601181-00&ServiceCd=110&Type=search", "url2": "http://care-net.biz/35/younokaze/" }, "geometry": { "type": "Point", "coordinates": [ 131.579405400000013, 34.0504823 ] } },
{ "type": "Feature", "properties": { "内容": "有限会社　防府ケア・サービス【訪問介護】山口県防府市緑町２丁目４－２８", "url": "https://www.kaigokensaku.mhlw.go.jp/35/index.php?action_kouhyou_detail_004_kani=true&JigyosyoCd=3570600126-00&ServiceCd=110&Type=search", "url2": "https://hofucare.jp/" }, "geometry": { "type": "Point", "coordinates": [ 131.580146, 34.0541214 ] } },
{ "type": "Feature", "properties": { "内容": "訪問介護ステーション　ふうき【訪問介護】防府市国分寺町5番29号", "url": "https://www.kaigokensaku.mhlw.go.jp/35/index.php?action_kouhyou_detail_004_kani=true&JigyosyoCd=3570601710-00&ServiceCd=110&Type=search", "url2": "http://hp.kaipoke.biz/0a3" }, "geometry": { "type": "Point", "coordinates": [ 131.579539746953628, 34.066201683439992 ] } },
{ "type": "Feature", "properties": { "内容": "光山医院ヘルパーステーション【訪問介護】防府市今市町21-15", "url": "https://www.kaigokensaku.mhlw.go.jp/35/index.php?action_kouhyou_detail_004_kani=true&JigyosyoCd=3570601413-00&ServiceCd=110&Type=search", "url2": "//www.mitsuyama‐c.com/" }, "geometry": { "type": "Point", "coordinates": [ 131.564950580340565, 34.062757593029616 ] } },
{ "type": "Feature", "properties": { "内容": "ヘルパーステーションスマイルネット防府【訪問介護】山口県防府市大字佐野152-1", "url": "https://www.kaigokensaku.mhlw.go.jp/35/index.php?action_kouhyou_detail_004_kani=true&JigyosyoCd=3570600886-00&ServiceCd=110&Type=search", "url2": "http://hitotsunokai.jp/" }, "geometry": { "type": "Point", "coordinates": [ 131.529056699999956, 34.0574838 ] } },
{ "type": "Feature", "properties": { "内容": "ニチイケアセンター周防【訪問介護】山口県防府市三田尻３丁目6-35", "url": "https://www.kaigokensaku.mhlw.go.jp/35/index.php?action_kouhyou_detail_004_kani=true&JigyosyoCd=3570601454-00&ServiceCd=110&Type=search", "url2": null }, "geometry": { "type": "Point", "coordinates": [ 131.578511099999986, 34.0442222 ] } },
{ "type": "Feature", "properties": { "内容": "ライフケア高砂訪問介護事業所【訪問介護】山口県防府市上右田334", "url": "https://www.kaigokensaku.mhlw.go.jp/35/index.php?action_kouhyou_detail_004_kani=true&JigyosyoCd=3570602296-00&ServiceCd=110&Type=search", "url2": "http://life-care-takasago.jp/" }, "geometry": { "type": "Point", "coordinates": [ 131.580606581121856, 34.095048649537311 ] } },
{ "type": "Feature", "properties": { "内容": "ふくしサービスセンターわかば【訪問介護】防府市植松1894-2", "url": "https://www.kaigokensaku.mhlw.go.jp/35/index.php?action_kouhyou_detail_004_kani=true&JigyosyoCd=3570601264-00&ServiceCd=110&Type=search", "url2": null }, "geometry": { "type": "Point", "coordinates": [ 131.524338572352548, 34.047342298213124 ] } },
{ "type": "Feature", "properties": { "内容": "サンキ・ウエルビィ介護センター防府【訪問介護】山口県防府市新田600－5", "url": "https://www.kaigokensaku.mhlw.go.jp/35/index.php?action_kouhyou_detail_004_kani=true&JigyosyoCd=3570600407-00&ServiceCd=110&Type=search", "url2": null }, "geometry": { "type": "Point", "coordinates": [ 131.567442799999981, 34.0341402 ] } },
{ "type": "Feature", "properties": { "内容": "まめ舎ヘルパーステーション【訪問介護】防府市大字新田６７２番地", "url": "https://www.kaigokensaku.mhlw.go.jp/35/index.php?action_kouhyou_detail_004_kani=true&JigyosyoCd=3570600696-00&ServiceCd=110&Type=search", "url2": null }, "geometry": { "type": "Point", "coordinates": [ 131.566815, 34.0377648 ] } },
{ "type": "Feature", "properties": { "内容": "娑羅樹ヘルパーステーション【訪問介護】防府市大字新田７７６番地の５", "url": "https://www.kaigokensaku.mhlw.go.jp/35/index.php?action_kouhyou_detail_004_kani=true&JigyosyoCd=3570601173-00&ServiceCd=110&Type=search", "url2": null }, "geometry": { "type": "Point", "coordinates": [ 131.563782100000026, 34.0319238 ] } },
{ "type": "Feature", "properties": { "内容": "にじいろヘルパーステーション【訪問介護】山口県防府市大字真尾314番地の3", "url": "https://www.kaigokensaku.mhlw.go.jp/35/index.php?action_kouhyou_detail_004_kani=true&JigyosyoCd=3570602585-00&ServiceCd=110&Type=search", "url2": "https://www.cs-improving-lab.com/" }, "geometry": { "type": "Point", "coordinates": [ 131.5921157, 34.0999928 ] } },
{ "type": "Feature", "properties": { "内容": "ヘルパーステーション丸山【訪問介護】山口県防府市西浦1865-1", "url": "https://www.kaigokensaku.mhlw.go.jp/35/index.php?action_kouhyou_detail_004_kani=true&JigyosyoCd=3570602593-00&ServiceCd=110&Type=search", "url2": "https://www.lcraft-kabushikigaisya.com/" }, "geometry": { "type": "Point", "coordinates": [ 131.522409944180311, 34.023169237481085 ] } },
{ "type": "Feature", "properties": { "内容": "さんコープ訪問介護防府【訪問介護】防府市西仁井令1丁目２１－６５", "url": "https://www.kaigokensaku.mhlw.go.jp/35/index.php?action_kouhyou_detail_004_kani=true&JigyosyoCd=3570601231-00&ServiceCd=110&Type=search", "url2": "http://www.san-coop.jp/" }, "geometry": { "type": "Point", "coordinates": [ 131.542432462156768, 34.050013695951385 ] } },
{ "type": "Feature", "properties": { "内容": "特定非営利活動法人さわやか防府【訪問介護】山口県防府市中西２９－７－２階", "url": "https://www.kaigokensaku.mhlw.go.jp/35/index.php?action_kouhyou_detail_004_kani=true&JigyosyoCd=3570600753-00&ServiceCd=110&Type=search", "url2": "https://www.sawayakahofu.com" }, "geometry": { "type": "Point", "coordinates": [ 131.604251022283449, 34.061622161155363 ] } },
{ "type": "Feature", "properties": { "内容": "はぴね防府【訪問介護】防府市大字田島1460-4", "url": "https://www.kaigokensaku.mhlw.go.jp/35/index.php?action_kouhyou_detail_004_kani=true&JigyosyoCd=3570601835-00&ServiceCd=110&Type=search", "url2": "http://www.greenlife-inc.co.jp/‎" }, "geometry": { "type": "Point", "coordinates": [ 131.54722270000002, 34.0226077 ] } },
{ "type": "Feature", "properties": { "内容": "ヘルパーステーション　ホットライフサポート【訪問介護】防府市大字田島3379番地1", "url": "https://www.kaigokensaku.mhlw.go.jp/35/index.php?action_kouhyou_detail_004_kani=true&JigyosyoCd=3570601132-00&ServiceCd=110&Type=search", "url2": "http://www" }, "geometry": { "type": "Point", "coordinates": [ 131.527133400000025, 34.0066279 ] } },
{ "type": "Feature", "properties": { "内容": "きんこうホームヘルパーステーション【訪問介護】防府市大字田島433番地", "url": "https://www.kaigokensaku.mhlw.go.jp/35/index.php?action_kouhyou_detail_004_kani=true&JigyosyoCd=3570600928-00&ServiceCd=110&Type=search", "url2": null }, "geometry": { "type": "Point", "coordinates": [ 131.55198340000004, 34.0241688 ] } },
{ "type": "Feature", "properties": { "内容": "医療法人康淳会ナーシングホーム緑町訪問介護【訪問介護】山口県防府市緑町一丁目7番61号", "url": "https://www.kaigokensaku.mhlw.go.jp/35/index.php?action_kouhyou_detail_004_kani=true&JigyosyoCd=3570601546-00&ServiceCd=110&Type=search", "url2": "https://nursing-home.jp/" }, "geometry": { "type": "Point", "coordinates": [ 131.577977700000019, 34.0546595 ] } },
{ "type": "Feature", "properties": { "内容": "コミュニティケア防府　ヘルパー部【訪問介護】防府市栄町1丁目10-20エンゼルビル2Ｆ", "url": "https://www.kaigokensaku.mhlw.go.jp/35/index.php?action_kouhyou_detail_004_kani=true&JigyosyoCd=3570600613-00&ServiceCd=110&Type=search", "url2": null }, "geometry": { "type": "Point", "coordinates": [ 131.571389299999964, 34.0563065 ] } },
{ "type": "Feature", "properties": { "内容": "社会福祉法人　博愛会　防府あかり園訪問介護事業所【訪問介護】山口県防府市大字台道1655番地", "url": "https://www.kaigokensaku.mhlw.go.jp/35/index.php?action_kouhyou_detail_004_kani=true&JigyosyoCd=3570602304-00&ServiceCd=110&Type=search", "url2": null }, "geometry": { "type": "Point", "coordinates": [ 131.492689042353277, 34.069844863931536 ] } },
{ "type": "Feature", "properties": { "内容": "あんず訪問介護事業所【訪問介護】防府市大字新田問屋口1969", "url": "https://www.kaigokensaku.mhlw.go.jp/35/index.php?action_kouhyou_detail_004_kani=true&JigyosyoCd=3570602031-00&ServiceCd=110&Type=search", "url2": "https://www.anzu-kaogo.com/" }, "geometry": { "type": "Point", "coordinates": [ 131.580971917088306, 34.021850319540057 ] } },
{ "type": "Feature", "properties": { "内容": "訪問介護ステーション　きょうとも【訪問介護】山口県下松市望町１丁目１０番１号", "url": "https://www.kaigokensaku.mhlw.go.jp/35/index.php?action_kouhyou_detail_004_kani=true&JigyosyoCd=3570701189-00&ServiceCd=110&Type=search", "url2": null }, "geometry": { "type": "Point", "coordinates": [ 131.861277249073765, 34.027910095748489 ] } },
{ "type": "Feature", "properties": { "内容": "グレイシア下松ヘルパーステーション【訪問介護】山口県下松市中島町二丁目１番５０号", "url": "https://www.kaigokensaku.mhlw.go.jp/35/index.php?action_kouhyou_detail_004_kani=true&JigyosyoCd=3570701262-00&ServiceCd=110&Type=search", "url2": null }, "geometry": { "type": "Point", "coordinates": [ 131.8603872, 34.0113553 ] } },
{ "type": "Feature", "properties": { "内容": "訪問介護事業所であい【訪問介護】下松市大字河内1048-1", "url": "https://www.kaigokensaku.mhlw.go.jp/35/index.php?action_kouhyou_detail_004_kani=true&JigyosyoCd=3570700900-00&ServiceCd=110&Type=search", "url2": null }, "geometry": { "type": "Point", "coordinates": [ 131.895659, 34.024166 ] } },
{ "type": "Feature", "properties": { "内容": "ＪＡ訪問介護ふれあい下松【訪問介護】山口県下松市大字河内１９３３−１", "url": "https://www.kaigokensaku.mhlw.go.jp/35/index.php?action_kouhyou_detail_004_kani=true&JigyosyoCd=3570700991-00&ServiceCd=110&Type=search", "url2": "htpps://www.ja‐ymg.or.jp" }, "geometry": { "type": "Point", "coordinates": [ 131.885727523371429, 34.021326616454139 ] } },
{ "type": "Feature", "properties": { "内容": "えむ訪問介護事業所【訪問介護】山口県下松市古川町4－4－12ゆうきビル３F", "url": "https://www.kaigokensaku.mhlw.go.jp/35/index.php?action_kouhyou_detail_004_kani=true&JigyosyoCd=3571501893-00&ServiceCd=110&Type=search", "url2": null }, "geometry": { "type": "Point", "coordinates": [ 131.8708342, 34.0058913 ] } },
{ "type": "Feature", "properties": { "内容": "指定訪問介護事業所げんき【訪問介護】山口県下松市西豊井1655-3", "url": "https://www.kaigokensaku.mhlw.go.jp/35/index.php?action_kouhyou_detail_004_kani=true&JigyosyoCd=3570701072-00&ServiceCd=110&Type=search", "url2": null }, "geometry": { "type": "Point", "coordinates": [ 131.877238600000027, 34.0180854 ] } },
{ "type": "Feature", "properties": { "内容": "サンキ・ウエルビィ介護センター下松【訪問介護】山口県下松市西豊井915-1", "url": "https://www.kaigokensaku.mhlw.go.jp/35/index.php?action_kouhyou_detail_004_kani=true&JigyosyoCd=3570700330-00&ServiceCd=110&Type=search", "url2": null }, "geometry": { "type": "Point", "coordinates": [ 131.869817199999943, 34.013785599999984 ] } },
{ "type": "Feature", "properties": { "内容": "ヘルパーステーションねがい星【訪問介護】下松市東陽6丁目1－3", "url": "https://www.kaigokensaku.mhlw.go.jp/35/index.php?action_kouhyou_detail_004_kani=true&JigyosyoCd=3570700843-00&ServiceCd=110&Type=search", "url2": "http://www.negaiboshi.net/" }, "geometry": { "type": "Point", "coordinates": [ 131.914021, 34.032343600000033 ] } },
{ "type": "Feature", "properties": { "内容": "訪問介護ステーション　ブリスケア【訪問介護】下松市望町一丁目11番28号", "url": "https://www.kaigokensaku.mhlw.go.jp/35/index.php?action_kouhyou_detail_004_kani=true&JigyosyoCd=3570700652-00&ServiceCd=110&Type=search", "url2": "http://www.blisshomes.co.jp" }, "geometry": { "type": "Point", "coordinates": [ 131.861020300000064, 34.0280701 ] } },
{ "type": "Feature", "properties": { "内容": "松寿苑ホームヘルパーステーション【訪問介護】山口県下松市大字来巻944番地の1", "url": "https://www.kaigokensaku.mhlw.go.jp/35/index.php?action_kouhyou_detail_004_kani=true&JigyosyoCd=3570701205-00&ServiceCd=110&Type=search", "url2": "https://www.syojuen.com" }, "geometry": { "type": "Point", "coordinates": [ 131.929995299999973, 34.023756 ] } },
{ "type": "Feature", "properties": { "内容": "指定訪問介護事業所あらなほーむ【訪問介護】山口県下松市大字西豊井617番地1号", "url": "https://www.kaigokensaku.mhlw.go.jp/35/index.php?action_kouhyou_detail_004_kani=true&JigyosyoCd=3570701304-00&ServiceCd=110&Type=search", "url2": "aranahome.jp" }, "geometry": { "type": "Point", "coordinates": [ 131.875783399999989, 34.0148507 ] } },
{ "type": "Feature", "properties": { "内容": "訪問介護　友遊【訪問介護】下松市河内中戸原1897番地", "url": "https://www.kaigokensaku.mhlw.go.jp/35/index.php?action_kouhyou_detail_004_kani=true&JigyosyoCd=3570700637-00&ServiceCd=110&Type=search", "url2": null }, "geometry": { "type": "Point", "coordinates": [ 131.8965617, 34.0236522 ] } },
{ "type": "Feature", "properties": { "内容": "下松市社会福祉協議会指定訪問介護事業所【訪問介護】山口県下松市西市二丁目１０番１６号", "url": "https://www.kaigokensaku.mhlw.go.jp/35/index.php?action_kouhyou_detail_004_kani=true&JigyosyoCd=3570700074-00&ServiceCd=110&Type=search", "url2": null }, "geometry": { "type": "Point", "coordinates": [ 131.85862659999998, 34.0120826 ] } },
{ "type": "Feature", "properties": { "内容": "ニチイケアセンター下松【訪問介護】せせらぎ町１丁目２番３１号", "url": "https://www.kaigokensaku.mhlw.go.jp/35/index.php?action_kouhyou_detail_004_kani=true&JigyosyoCd=3570700454-00&ServiceCd=110&Type=search", "url2": "http://www.nichiigakkan.so.jp" }, "geometry": { "type": "Point", "coordinates": [ 131.860723499999949, 34.0162379 ] } },
{ "type": "Feature", "properties": { "内容": "株式会社一期一会【訪問介護】山口県岩国市周東町下久原４４１番地１レジデンスニューパストラル　D201", "url": "https://www.kaigokensaku.mhlw.go.jp/35/index.php?action_kouhyou_detail_004_kani=true&JigyosyoCd=3570802458-00&ServiceCd=110&Type=search", "url2": "https://www.ichigoichie-iwakuni.com/" }, "geometry": { "type": "Point", "coordinates": [ 132.062100728224578, 34.089445040069094 ] } },
{ "type": "Feature", "properties": { "内容": "ふくろうの会【訪問介護】山口県岩国市元町4丁目9番16号", "url": "https://www.kaigokensaku.mhlw.go.jp/35/index.php?action_kouhyou_detail_004_kani=true&JigyosyoCd=3570802466-00&ServiceCd=110&Type=search", "url2": null }, "geometry": { "type": "Point", "coordinates": [ 132.2310125, 34.1708061 ] } },
{ "type": "Feature", "properties": { "内容": "訪問介護事業所　にじいろ【訪問介護】山口県岩国市御庄3丁目102－8", "url": "https://www.kaigokensaku.mhlw.go.jp/35/index.php?action_kouhyou_detail_004_kani=true&JigyosyoCd=3570802474-00&ServiceCd=110&Type=search", "url2": "https://wakuwaku-company.jimdosite.com/" }, "geometry": { "type": "Point", "coordinates": [ 132.1542794, 34.1680113 ] } },
{ "type": "Feature", "properties": { "内容": "ふれんず在宅介護支援センター　ヘルパーチーム【訪問介護】山口県岩国市今津町1丁目11-23", "url": "https://www.kaigokensaku.mhlw.go.jp/35/index.php?action_kouhyou_detail_004_kani=true&JigyosyoCd=3570800312-00&ServiceCd=110&Type=search", "url2": "http://marifukai.com" }, "geometry": { "type": "Point", "coordinates": [ 132.220681099999979, 34.1667755 ] } },
{ "type": "Feature", "properties": { "内容": "ヘルパーステーションあおぞら【訪問介護】山口県岩国市多田３丁目１０４－４－２０１", "url": "https://www.kaigokensaku.mhlw.go.jp/35/index.php?action_kouhyou_detail_004_kani=true&JigyosyoCd=3570800726-00&ServiceCd=110&Type=search", "url2": null }, "geometry": { "type": "Point", "coordinates": [ 132.1687624, 34.1802957 ] } },
{ "type": "Feature", "properties": { "内容": "ヘルパーステーションなでしこ【訪問介護】岩国市玖珂町1011‐4有料老人ホームなでしこ", "url": "https://www.kaigokensaku.mhlw.go.jp/35/index.php?action_kouhyou_detail_004_kani=true&JigyosyoCd=3570801815-00&ServiceCd=110&Type=search", "url2": null }, "geometry": { "type": "Point", "coordinates": [ 132.086978700000031, 34.0965753 ] } },
{ "type": "Feature", "properties": { "内容": "ヘルパーステーション千樹の杜【訪問介護】周東町下久原2580-2サービス付き高齢者向け住宅　千樹の杜", "url": "https://www.kaigokensaku.mhlw.go.jp/35/index.php?action_kouhyou_detail_004_kani=true&JigyosyoCd=3570802300-00&ServiceCd=110&Type=search", "url2": "https://www.kiyotoki.co.jp/" }, "geometry": { "type": "Point", "coordinates": [ 132.0542921, 34.1008835 ] } },
{ "type": "Feature", "properties": { "内容": "コパン【訪問介護】岩国市横山3-4-10ヴィラ吉香内", "url": "https://www.kaigokensaku.mhlw.go.jp/35/index.php?action_kouhyou_detail_004_kani=true&JigyosyoCd=3570801914-00&ServiceCd=110&Type=search", "url2": "https://copan.smafo.biz" }, "geometry": { "type": "Point", "coordinates": [ 132.177611800000022, 34.1733327 ] } },
{ "type": "Feature", "properties": { "内容": "ヘルパーステーション　さくらんぼ【訪問介護】山口県岩国市室の木町1-1-50", "url": "https://www.kaigokensaku.mhlw.go.jp/35/index.php?action_kouhyou_detail_004_kani=true&JigyosyoCd=3570801955-00&ServiceCd=110&Type=search", "url2": "http://i-shinseikai.or.jp/" }, "geometry": { "type": "Point", "coordinates": [ 132.213764239754966, 34.172061756365416 ] } },
{ "type": "Feature", "properties": { "内容": "訪問介護ステーション無花果（Mukaka）【訪問介護】山口県岩国市牛野谷町1-5-25", "url": "https://www.kaigokensaku.mhlw.go.jp/35/index.php?action_kouhyou_detail_004_kani=true&JigyosyoCd=3570802268-00&ServiceCd=110&Type=search", "url2": "https://care‾net.biz/35/mukaka" }, "geometry": { "type": "Point", "coordinates": [ 132.193349551806705, 34.157329673513104 ] } },
{ "type": "Feature", "properties": { "内容": "サンキ・ウエルビィ介護センター岩国【訪問介護】山口県岩国市牛野谷町二丁目16番32号", "url": "https://www.kaigokensaku.mhlw.go.jp/35/index.php?action_kouhyou_detail_004_kani=true&JigyosyoCd=3570801401-00&ServiceCd=110&Type=search", "url2": null }, "geometry": { "type": "Point", "coordinates": [ 132.196691200000032, 34.1560906 ] } },
{ "type": "Feature", "properties": { "内容": "医療法人錦病院指定居宅介護サービス事業ヘルパーセンターあいりす【訪問介護】山口県岩国市錦見７丁目１６番１号", "url": "https://www.kaigokensaku.mhlw.go.jp/35/index.php?action_kouhyou_detail_004_kani=true&JigyosyoCd=3570800155-00&ServiceCd=110&Type=search", "url2": "http://www.ymg.urban.ne.jp/home/ryuchan2/index.html" }, "geometry": { "type": "Point", "coordinates": [ 132.187214, 34.1597679 ] } },
{ "type": "Feature", "properties": { "内容": "錦苑ヘルパーステーション【訪問介護】山口県岩国市錦町広瀬７58番地", "url": "https://www.kaigokensaku.mhlw.go.jp/35/index.php?action_kouhyou_detail_004_kani=true&JigyosyoCd=3577200441-00&ServiceCd=110&Type=search", "url2": "http://nishiki-f.com" }, "geometry": { "type": "Point", "coordinates": [ 131.950292200000035, 34.2569949 ] } },
{ "type": "Feature", "properties": { "内容": "株式会社　メディス玖珂営業所【訪問介護】山口県岩国市玖珂町11361-101号", "url": "https://www.kaigokensaku.mhlw.go.jp/35/index.php?action_kouhyou_detail_004_kani=true&JigyosyoCd=3570802201-00&ServiceCd=110&Type=search", "url2": null }, "geometry": { "type": "Point", "coordinates": [ 132.0595088, 34.1026996 ] } },
{ "type": "Feature", "properties": { "内容": "訪問介護ステーション　あゆみ【訪問介護】岩国市玖4999番地1", "url": "https://www.kaigokensaku.mhlw.go.jp/35/index.php?action_kouhyou_detail_004_kani=true&JigyosyoCd=3570801682-00&ServiceCd=110&Type=search", "url2": "http://forest-ayumi.jp" }, "geometry": { "type": "Point", "coordinates": [ 132.085404553810008, 34.093209750269445 ] } },
{ "type": "Feature", "properties": { "内容": "ニチイケアセンター玖珂【訪問介護】山口県岩国市玖珂町505番地1桃園マンション１Ｆ", "url": "https://www.kaigokensaku.mhlw.go.jp/35/index.php?action_kouhyou_detail_004_kani=true&JigyosyoCd=3570802334-00&ServiceCd=110&Type=search", "url2": "hstAB9@nichiigakkan.co.jp" }, "geometry": { "type": "Point", "coordinates": [ 132.078682, 34.0965279 ] } },
{ "type": "Feature", "properties": { "内容": "玖西ヘルパーステーション【訪問介護】岩国市玖珂町581－6", "url": "https://www.kaigokensaku.mhlw.go.jp/35/index.php?action_kouhyou_detail_004_kani=true&JigyosyoCd=3570801898-00&ServiceCd=110&Type=search", "url2": null }, "geometry": { "type": "Point", "coordinates": [ 132.0829291, 34.0976141 ] } },
{ "type": "Feature", "properties": { "内容": "訪問介護事業所笑顔【訪問介護】御庄1丁目107番6", "url": "https://www.kaigokensaku.mhlw.go.jp/35/index.php?action_kouhyou_detail_004_kani=true&JigyosyoCd=3570802250-00&ServiceCd=110&Type=search", "url2": null }, "geometry": { "type": "Point", "coordinates": [ 132.148953500000061, 34.1659213 ] } },
{ "type": "Feature", "properties": { "内容": "訪問ステーションてとてと岩国【訪問介護】山口県岩国市御庄4丁目106-7", "url": "https://www.kaigokensaku.mhlw.go.jp/35/index.php?action_kouhyou_detail_004_kani=true&JigyosyoCd=3560890109-00&ServiceCd=110&Type=search", "url2": "http://tetote.to/office/iwakuni/" }, "geometry": { "type": "Point", "coordinates": [ 132.156743370675713, 34.169570488171203 ] } },
{ "type": "Feature", "properties": { "内容": "平成ホームヘルパーステーション黒磯【訪問介護】山口県岩国市黒磯町2-50-14", "url": "https://www.kaigokensaku.mhlw.go.jp/35/index.php?action_kouhyou_detail_004_kani=true&JigyosyoCd=3570800429-00&ServiceCd=110&Type=search", "url2": null }, "geometry": { "type": "Point", "coordinates": [ 132.194534699999963, 34.1035295 ] } },
{ "type": "Feature", "properties": { "内容": "株式会社睦【訪問介護】山口県岩国市三笠町三丁目８番４号", "url": "https://www.kaigokensaku.mhlw.go.jp/35/index.php?action_kouhyou_detail_004_kani=true&JigyosyoCd=3570802508-00&ServiceCd=110&Type=search", "url2": null }, "geometry": { "type": "Point", "coordinates": [ 132.2303389, 34.1684802 ] } },
{ "type": "Feature", "properties": { "内容": "訪問介護のびのび【訪問介護】山口県岩国市周東町下久原１２６０番地", "url": "https://www.kaigokensaku.mhlw.go.jp/35/index.php?action_kouhyou_detail_004_kani=true&JigyosyoCd=3570802177-00&ServiceCd=110&Type=search", "url2": "http://blog.canpan/nobinobiday/" }, "geometry": { "type": "Point", "coordinates": [ 132.05116309999994, 34.0894844 ] } },
{ "type": "Feature", "properties": { "内容": "社会福祉法人　岩国市社会福祉協議会　社協ヘルパーセンター周東【訪問介護】岩国市周東町下久原626番地8", "url": "https://www.kaigokensaku.mhlw.go.jp/35/index.php?action_kouhyou_detail_004_kani=true&JigyosyoCd=3570801070-00&ServiceCd=110&Type=search", "url2": "http://www.iwasha.jp" }, "geometry": { "type": "Point", "coordinates": [ 132.057128990768433, 34.090472607635554 ] } },
{ "type": "Feature", "properties": { "内容": "ニチイケアセンター岩国【訪問介護】山口県岩国市川西三丁目5-40", "url": "https://www.kaigokensaku.mhlw.go.jp/35/index.php?action_kouhyou_detail_004_kani=true&JigyosyoCd=3570800015-00&ServiceCd=110&Type=search", "url2": "http://www.nichiigakkann.co.jp" }, "geometry": { "type": "Point", "coordinates": [ 132.176013731282865, 34.156038554272918 ] } },
{ "type": "Feature", "properties": { "内容": "ヘルパーステーションあいあい【訪問介護】山口県岩国市通津１９６７－１フランメゾンＢ１０４", "url": "https://www.kaigokensaku.mhlw.go.jp/35/index.php?action_kouhyou_detail_004_kani=true&JigyosyoCd=3570800890-00&ServiceCd=110&Type=search", "url2": null }, "geometry": { "type": "Point", "coordinates": [ 132.2043483, 34.0758948 ] } },
{ "type": "Feature", "properties": { "内容": "社会福祉法人岩国市社会福祉協議会　社協ヘルパーセンター岩国【訪問介護】山口県岩国市南岩国町3-3-14", "url": "https://www.kaigokensaku.mhlw.go.jp/35/index.php?action_kouhyou_detail_004_kani=true&JigyosyoCd=3570801062-00&ServiceCd=110&Type=search", "url2": "http://www.iwasha.jp" }, "geometry": { "type": "Point", "coordinates": [ 132.20152218380656, 34.132567954405005 ] } },
{ "type": "Feature", "properties": { "内容": "第一あんしんサービス岩国【訪問介護】岩国市南岩国町４－６５－２８第一交通株式会社", "url": "https://www.kaigokensaku.mhlw.go.jp/35/index.php?action_kouhyou_detail_004_kani=true&JigyosyoCd=3570800742-00&ServiceCd=110&Type=search", "url2": "ansininoue@yahoo.co.jp" }, "geometry": { "type": "Point", "coordinates": [ 132.198689, 34.1278466 ] } },
{ "type": "Feature", "properties": { "内容": "縁介護支援事業所ヘルパーチーム【訪問介護】岩国市平田５丁目５０番１４号１０１号室", "url": "https://www.kaigokensaku.mhlw.go.jp/35/index.php?action_kouhyou_detail_004_kani=true&JigyosyoCd=3570801468-00&ServiceCd=110&Type=search", "url2": null }, "geometry": { "type": "Point", "coordinates": [ 132.1931641, 34.1413869 ] } },
{ "type": "Feature", "properties": { "内容": "訪問介護サービスことり【訪問介護】山口県岩国市麻里布町5-15-27", "url": "https://www.kaigokensaku.mhlw.go.jp/35/index.php?action_kouhyou_detail_004_kani=true&JigyosyoCd=3570801971-00&ServiceCd=110&Type=search", "url2": "http://hp.kaipoke.biz/8zx/index.html" }, "geometry": { "type": "Point", "coordinates": [ 132.222627284914182, 34.17540930334787 ] } },
{ "type": "Feature", "properties": { "内容": "ヘルパーステーション　わたなべ【訪問介護】山口県岩国市麻里布町５－３－８", "url": "https://www.kaigokensaku.mhlw.go.jp/35/index.php?action_kouhyou_detail_004_kani=true&JigyosyoCd=3570801948-00&ServiceCd=110&Type=search", "url2": "http://iwayaku.com/watanabe/" }, "geometry": { "type": "Point", "coordinates": [ 132.223944599999982, 34.173947 ] } },
{ "type": "Feature", "properties": { "内容": "社会福祉法人　岩国市社会福祉協議会　社協ヘルパーセンター由宇【訪問介護】岩国市由宇町中央1丁目8番35号", "url": "https://www.kaigokensaku.mhlw.go.jp/35/index.php?action_kouhyou_detail_004_kani=true&JigyosyoCd=3570801104-00&ServiceCd=110&Type=search", "url2": "http://www.iwasha.jp" }, "geometry": { "type": "Point", "coordinates": [ 132.211601299999984, 34.0463316 ] } },
{ "type": "Feature", "properties": { "内容": "訪問介護事業所　なでしこ岩国【訪問介護】山口県岩国市柱野832-1", "url": "https://www.kaigokensaku.mhlw.go.jp/35/index.php?action_kouhyou_detail_004_kani=true&JigyosyoCd=3570802227-00&ServiceCd=110&Type=search", "url2": "https://heart-lc.com/" }, "geometry": { "type": "Point", "coordinates": [ 132.1486892, 34.1349932 ] } },
{ "type": "Feature", "properties": { "内容": "ふくしサービスセンターいろは【訪問介護】山口県岩国市錦見８丁目２３－１", "url": "https://www.kaigokensaku.mhlw.go.jp/35/index.php?action_kouhyou_detail_004_kani=true&JigyosyoCd=3570801856-00&ServiceCd=110&Type=search", "url2": "www.fukushi-greencoop.or.jp" }, "geometry": { "type": "Point", "coordinates": [ 132.201744409787011, 34.162268556652869 ] } },
{ "type": "Feature", "properties": { "内容": "ヘルパーステーションすずらん【訪問介護】山口県岩国市元町１丁目８－４藤井ビル３００号", "url": "https://www.kaigokensaku.mhlw.go.jp/35/index.php?action_kouhyou_detail_004_kani=true&JigyosyoCd=3570802540-00&ServiceCd=110&Type=search", "url2": "https://www.hs-suzuran.com" }, "geometry": { "type": "Point", "coordinates": [ 132.2257153, 34.16924760000002 ] } },
{ "type": "Feature", "properties": { "内容": "社会福祉法人　光市社会福祉協議会訪問介護事業所【訪問介護】山口県光市光井２丁目２－１光市総合福祉センターあいぱーく光", "url": "https://www.kaigokensaku.mhlw.go.jp/35/index.php?action_kouhyou_detail_004_kani=true&JigyosyoCd=3571000367-00&ServiceCd=110&Type=search", "url2": "http://www.hikari-shakyo.or.jp" }, "geometry": { "type": "Point", "coordinates": [ 131.953444799999943, 33.9533455 ] } },
{ "type": "Feature", "properties": { "内容": "土屋訪問介護事業所　光センター【訪問介護】光井4丁目27-27", "url": "https://www.kaigokensaku.mhlw.go.jp/35/index.php?action_kouhyou_detail_004_kani=true&JigyosyoCd=3571000938-00&ServiceCd=110&Type=search", "url2": "http://hp.kaipoke.biz/rz6/170961/base_0003.html" }, "geometry": { "type": "Point", "coordinates": [ 131.953080423446238, 33.95515915063946 ] } },
{ "type": "Feature", "properties": { "内容": "訪問介護事業所　ひだまりの家【訪問介護】山口県光市三井8丁目6-14", "url": "https://www.kaigokensaku.mhlw.go.jp/35/index.php?action_kouhyou_detail_004_kani=true&JigyosyoCd=3571000664-00&ServiceCd=110&Type=search", "url2": "http://tsuru-wagaya.jp/hidamari/" }, "geometry": { "type": "Point", "coordinates": [ 131.958262091401707, 33.989492220247506 ] } },
{ "type": "Feature", "properties": { "内容": "やまびこヘルパーステーション【訪問介護】山口県光市三輪780-2", "url": "https://www.kaigokensaku.mhlw.go.jp/35/index.php?action_kouhyou_detail_004_kani=true&JigyosyoCd=3571000656-00&ServiceCd=110&Type=search", "url2": "http://godoyamabiko.web.fc2.com/" }, "geometry": { "type": "Point", "coordinates": [ 132.0030534, 33.9804378 ] } },
{ "type": "Feature", "properties": { "内容": "訪問介護ステーション幸せます山口【訪問介護】光市島田2-8-1", "url": "https://www.kaigokensaku.mhlw.go.jp/35/index.php?action_kouhyou_detail_004_kani=true&JigyosyoCd=3571000730-00&ServiceCd=110&Type=search", "url2": "http://hp.kaipoke.biz/zwr/privacy.html" }, "geometry": { "type": "Point", "coordinates": [ 131.9330933, 33.9731281 ] } },
{ "type": "Feature", "properties": { "内容": "指定訪問介護事業所　ほっとはーと【訪問介護】山口県光市虹ケ浜1-1-10", "url": "https://www.kaigokensaku.mhlw.go.jp/35/index.php?action_kouhyou_detail_004_kani=true&JigyosyoCd=3571000854-00&ServiceCd=110&Type=search", "url2": "https://hot-heart.co.jp" }, "geometry": { "type": "Point", "coordinates": [ 131.919554260327118, 33.974274733367686 ] } },
{ "type": "Feature", "properties": { "内容": "光富士白苑訪問介護事業所【訪問介護】光市虹ヶ浜2丁目5番12号", "url": "https://www.kaigokensaku.mhlw.go.jp/35/index.php?action_kouhyou_detail_004_kani=true&JigyosyoCd=3571000201-00&ServiceCd=110&Type=search", "url2": "http://www.h-fuji.com" }, "geometry": { "type": "Point", "coordinates": [ 131.918386400000031, 33.968867 ] } },
{ "type": "Feature", "properties": { "内容": "ニチイケアセンター光【訪問介護】木園1-5-32", "url": "https://www.kaigokensaku.mhlw.go.jp/35/index.php?action_kouhyou_detail_004_kani=true&JigyosyoCd=3571000177-00&ServiceCd=110&Type=search", "url2": null }, "geometry": { "type": "Point", "coordinates": [ 131.930283330830633, 33.97830439988082 ] } },
{ "type": "Feature", "properties": { "内容": "ヘルパーステーションおりづる【訪問介護】光市三井６丁目15-5", "url": "https://www.kaigokensaku.mhlw.go.jp/35/index.php?action_kouhyou_detail_004_kani=true&JigyosyoCd=3571000326-00&ServiceCd=110&Type=search", "url2": "http://orizuru-supporter.jp/" }, "geometry": { "type": "Point", "coordinates": [ 131.981243506234989, 34.02208542115131 ] } },
{ "type": "Feature", "properties": { "内容": "美来ヘルパーステーション【訪問介護】山口県光市島田2-11-6", "url": "https://www.kaigokensaku.mhlw.go.jp/35/index.php?action_kouhyou_detail_004_kani=true&JigyosyoCd=3571001019-00&ServiceCd=110&Type=search", "url2": null }, "geometry": { "type": "Point", "coordinates": [ 131.934892499999989, 33.9723845 ] } },
{ "type": "Feature", "properties": { "内容": "ヘルパーステーションつむぎ【訪問介護】山口県長門市日置上2087-1", "url": "https://www.kaigokensaku.mhlw.go.jp/35/index.php?action_kouhyou_detail_004_kani=true&JigyosyoCd=3571100613-00&ServiceCd=110&Type=search", "url2": null }, "geometry": { "type": "Point", "coordinates": [ 131.1387747, 34.3872701 ] } },
{ "type": "Feature", "properties": { "内容": "ヘルパーステーション生き活きネットみすみ【訪問介護】山口県長門市三隅下字住吉1394番5", "url": "https://www.kaigokensaku.mhlw.go.jp/35/index.php?action_kouhyou_detail_004_kani=true&JigyosyoCd=3571100399-00&ServiceCd=110&Type=search", "url2": null }, "geometry": { "type": "Point", "coordinates": [ 131.259654500000011, 34.35918370000001 ] } },
{ "type": "Feature", "properties": { "内容": "ゆもと苑指定訪問介護事業所【訪問介護】長門市深川湯本10600-1", "url": "https://www.kaigokensaku.mhlw.go.jp/35/index.php?action_kouhyou_detail_004_kani=true&JigyosyoCd=3571100035-00&ServiceCd=110&Type=search", "url2": "https://www.fukushoukai.or.jp" }, "geometry": { "type": "Point", "coordinates": [ 131.178624600000035, 34.339081899999982 ] } },
{ "type": "Feature", "properties": { "内容": "訪問介護ステーション寿樹【訪問介護】山口県長門市西深川338番地1", "url": "https://www.kaigokensaku.mhlw.go.jp/35/index.php?action_kouhyou_detail_004_kani=true&JigyosyoCd=3571100605-00&ServiceCd=110&Type=search", "url2": null }, "geometry": { "type": "Point", "coordinates": [ 131.16769284072268, 34.371302267988199 ] } },
{ "type": "Feature", "properties": { "内容": "ヘルパーステーションしあわせ長門【訪問介護】山口県長門市東深川1321番地1", "url": "https://www.kaigokensaku.mhlw.go.jp/35/index.php?action_kouhyou_detail_004_kani=true&JigyosyoCd=3571100340-00&ServiceCd=110&Type=search", "url2": "http://www.nagatoshakyo.jp" }, "geometry": { "type": "Point", "coordinates": [ 131.181189754264778, 34.370986079278154 ] } },
{ "type": "Feature", "properties": { "内容": "長門中央介護事業所はればれ長門【訪問介護】長門市東深川６３０－１１", "url": "https://www.kaigokensaku.mhlw.go.jp/35/index.php?action_kouhyou_detail_004_kani=true&JigyosyoCd=3571100290-00&ServiceCd=110&Type=search", "url2": null }, "geometry": { "type": "Point", "coordinates": [ 131.186432479562427, 34.379802949890319 ] } },
{ "type": "Feature", "properties": { "内容": "ヘルパーステーションひまわり長州【訪問介護】山口県長門市日置上字反所１５４０番地の1", "url": "https://www.kaigokensaku.mhlw.go.jp/35/index.php?action_kouhyou_detail_004_kani=true&JigyosyoCd=3571100498-00&ServiceCd=110&Type=search", "url2": null }, "geometry": { "type": "Point", "coordinates": [ 131.106247471997108, 34.384552238406982 ] } },
{ "type": "Feature", "properties": { "内容": "長門市社協ゆや訪問介護事業所【訪問介護】山口県長門市油谷新別名964番地YYふれあいセンター内", "url": "https://www.kaigokensaku.mhlw.go.jp/35/index.php?action_kouhyou_detail_004_kani=true&JigyosyoCd=3571100209-00&ServiceCd=110&Type=search", "url2": "http://www.nagatoshakyo.jp" }, "geometry": { "type": "Point", "coordinates": [ 131.058960652257241, 34.373425421730083 ] } },
{ "type": "Feature", "properties": { "内容": "株式会社やないきたヘルパーステーション【訪問介護】山口県柳井市柳井１１０５３－１０", "url": "https://www.kaigokensaku.mhlw.go.jp/35/index.php?action_kouhyou_detail_004_kani=true&JigyosyoCd=3571200777-00&ServiceCd=110&Type=search", "url2": null }, "geometry": { "type": "Point", "coordinates": [ 132.092182061240578, 33.994667491043984 ] } },
{ "type": "Feature", "properties": { "内容": "ニチイケアセンター大畠【訪問介護】山口県柳井市神代2983-2", "url": "https://www.kaigokensaku.mhlw.go.jp/35/index.php?action_kouhyou_detail_004_kani=true&JigyosyoCd=3577200730-00&ServiceCd=110&Type=search", "url2": "http://www.nichiigakkan.co.jp" }, "geometry": { "type": "Point", "coordinates": [ 132.1896564, 33.9731515 ] } },
{ "type": "Feature", "properties": { "内容": "ニチイケアセンター　柳井【訪問介護】山口県柳井市南町１丁目９番１号　重村ビル３階", "url": "https://www.kaigokensaku.mhlw.go.jp/35/index.php?action_kouhyou_detail_004_kani=true&JigyosyoCd=3571200090-00&ServiceCd=110&Type=search", "url2": null }, "geometry": { "type": "Point", "coordinates": [ 132.10207749999995, 33.9651901 ] } },
{ "type": "Feature", "properties": { "内容": "サンキ・ウエルビィ介護センター柳井【訪問介護】山口県柳井市柳井1010-1", "url": "https://www.kaigokensaku.mhlw.go.jp/35/index.php?action_kouhyou_detail_004_kani=true&JigyosyoCd=3571200579-00&ServiceCd=110&Type=search", "url2": null }, "geometry": { "type": "Point", "coordinates": [ 132.129861000074698, 33.959696484797803 ] } },
{ "type": "Feature", "properties": { "内容": "わたぼうしヘルパーステーション【訪問介護】柳井市柳井４９２０番地の２", "url": "https://www.kaigokensaku.mhlw.go.jp/35/index.php?action_kouhyou_detail_004_kani=true&JigyosyoCd=3571200595-00&ServiceCd=110&Type=search", "url2": "http://watabosi.web.fc2.com" }, "geometry": { "type": "Point", "coordinates": [ 132.0972749, 33.9734516 ] } },
{ "type": "Feature", "properties": { "内容": "社会福祉法人　柳井市社会福祉協議会　指定訪問介護事業所【訪問介護】山口県柳井市南町三丁目9番2号", "url": "https://www.kaigokensaku.mhlw.go.jp/35/index.php?action_kouhyou_detail_004_kani=true&JigyosyoCd=3571200454-00&ServiceCd=110&Type=search", "url2": "http://yanaicityswc.wordpress.com/" }, "geometry": { "type": "Point", "coordinates": [ 132.102608, 33.9631751 ] } },
{ "type": "Feature", "properties": { "内容": "訪問介護縁むすび【訪問介護】山口県柳井市南町２丁目7-30奥原第一ビル１階北", "url": "https://www.kaigokensaku.mhlw.go.jp/35/index.php?action_kouhyou_detail_004_kani=true&JigyosyoCd=3571200801-00&ServiceCd=110&Type=search", "url2": null }, "geometry": { "type": "Point", "coordinates": [ 132.105824500000011, 33.9643386 ] } },
{ "type": "Feature", "properties": { "内容": "株式会社エス・エス・ケイ【訪問介護】山口県美祢市美東町真名11521番地4", "url": "https://www.kaigokensaku.mhlw.go.jp/35/index.php?action_kouhyou_detail_004_kani=true&JigyosyoCd=3571300502-00&ServiceCd=110&Type=search", "url2": "http//mitounomori.jp" }, "geometry": { "type": "Point", "coordinates": [ 131.32904910000002, 34.1743493 ] } },
{ "type": "Feature", "properties": { "内容": "介護サービス　ひまわり【訪問介護】美祢市大嶺町東分349-5", "url": "https://www.kaigokensaku.mhlw.go.jp/35/index.php?action_kouhyou_detail_004_kani=true&JigyosyoCd=3571300189-00&ServiceCd=110&Type=search", "url2": null }, "geometry": { "type": "Point", "coordinates": [ 131.206192, 34.1686186 ] } },
{ "type": "Feature", "properties": { "内容": "介護サポート　なでしこ【訪問介護】山口県美祢市大嶺町東分来福台４丁目９番地５", "url": "https://www.kaigokensaku.mhlw.go.jp/35/index.php?action_kouhyou_detail_004_kani=true&JigyosyoCd=3571300395-00&ServiceCd=110&Type=search", "url2": null }, "geometry": { "type": "Point", "coordinates": [ 131.197167499999978, 34.1847863 ] } },
{ "type": "Feature", "properties": { "内容": "社会福祉法人　美祢市社会福祉協議会　美祢東事業所【訪問介護】山口県美祢市美東町大田５８７０番地１", "url": "https://www.kaigokensaku.mhlw.go.jp/35/index.php?action_kouhyou_detail_004_kani=true&JigyosyoCd=3571300346-00&ServiceCd=110&Type=search", "url2": "http://www.mine-shakyo.jp" }, "geometry": { "type": "Point", "coordinates": [ 131.34038529999998, 34.2235605 ] } },
{ "type": "Feature", "properties": { "内容": "社会福祉法人　美祢市社会福祉協議会　美祢事業所【訪問介護】美祢市大嶺町東分320番地1", "url": "https://www.kaigokensaku.mhlw.go.jp/35/index.php?action_kouhyou_detail_004_kani=true&JigyosyoCd=3571300338-00&ServiceCd=110&Type=search", "url2": "http://www.mine-shakyo.jp" }, "geometry": { "type": "Point", "coordinates": [ 131.2076544, 34.1680521 ] } },
{ "type": "Feature", "properties": { "内容": "ライフサポートケア悠【訪問介護】山口県美祢市伊佐町伊佐5632-2", "url": "https://www.kaigokensaku.mhlw.go.jp/35/index.php?action_kouhyou_detail_004_kani=true&JigyosyoCd=3571300551-00&ServiceCd=110&Type=search", "url2": null }, "geometry": { "type": "Point", "coordinates": [ 131.1986617, 34.1627159 ] } },
{ "type": "Feature", "properties": { "内容": "徳山医師会訪問介護事業所【訪問介護】周南市東山町6－28", "url": "https://www.kaigokensaku.mhlw.go.jp/35/index.php?action_kouhyou_detail_004_kani=true&JigyosyoCd=3570500169-00&ServiceCd=110&Type=search", "url2": "http://www.tokuyamaishikai.com" }, "geometry": { "type": "Point", "coordinates": [ 131.8161990330658, 34.04981844005156 ] } },
{ "type": "Feature", "properties": { "内容": "ニチイケアセンター湯野【訪問介護】周南市大字湯野字古野3848番地3", "url": "https://www.kaigokensaku.mhlw.go.jp/35/index.php?action_kouhyou_detail_004_kani=true&JigyosyoCd=3571501844-00&ServiceCd=110&Type=search", "url2": null }, "geometry": { "type": "Point", "coordinates": [ 131.671004900000071, 34.1165852 ] } },
{ "type": "Feature", "properties": { "内容": "ニチイケアセンター徳山【訪問介護】山口県周南市城ヶ丘3丁目15-11パープルI　1F", "url": "https://www.kaigokensaku.mhlw.go.jp/35/index.php?action_kouhyou_detail_004_kani=true&JigyosyoCd=3570500243-00&ServiceCd=110&Type=search", "url2": "http://www.nichiigakkan.co.jp" }, "geometry": { "type": "Point", "coordinates": [ 131.839630199999988, 34.0461623 ] } },
{ "type": "Feature", "properties": { "内容": "周南訪問介護事業所【訪問介護】山口県周南市西桝町１６－１１", "url": "https://www.kaigokensaku.mhlw.go.jp/35/index.php?action_kouhyou_detail_004_kani=true&JigyosyoCd=3571502016-00&ServiceCd=110&Type=search", "url2": null }, "geometry": { "type": "Point", "coordinates": [ 131.735187400000029, 34.0697518 ] } },
{ "type": "Feature", "properties": { "内容": "訪問介護事業所ひまわり三丘【訪問介護】山口県周南市大字安田１０１番地", "url": "https://www.kaigokensaku.mhlw.go.jp/35/index.php?action_kouhyou_detail_004_kani=true&JigyosyoCd=3571501877-00&ServiceCd=110&Type=search", "url2": null }, "geometry": { "type": "Point", "coordinates": [ 131.9717365, 34.0452576 ] } },
{ "type": "Feature", "properties": { "内容": "さわやか　訪問介護【訪問介護】周南市下上１３３-１８", "url": "https://www.kaigokensaku.mhlw.go.jp/35/index.php?action_kouhyou_detail_004_kani=true&JigyosyoCd=3571501372-00&ServiceCd=110&Type=search", "url2": null }, "geometry": { "type": "Point", "coordinates": [ 131.786153900000045, 34.090242899999986 ] } },
{ "type": "Feature", "properties": { "内容": "ニチイケアセンター菊川【訪問介護】山口県周南市大字下上字向土井644-1", "url": "https://www.kaigokensaku.mhlw.go.jp/35/index.php?action_kouhyou_detail_004_kani=true&JigyosyoCd=3570500441-00&ServiceCd=110&Type=search", "url2": null }, "geometry": { "type": "Point", "coordinates": [ 131.776313100000039, 34.0797991 ] } },
{ "type": "Feature", "properties": { "内容": "ニチイケアセンター周南【訪問介護】周南市河東町9-20グランデリバーサイドBｸﾞﾗﾝﾃﾞﾘﾊﾞｰｻｲﾄﾞB", "url": "https://www.kaigokensaku.mhlw.go.jp/35/index.php?action_kouhyou_detail_004_kani=true&JigyosyoCd=3570500417-00&ServiceCd=110&Type=search", "url2": "http://www.nichiigakkan.co.jp" }, "geometry": { "type": "Point", "coordinates": [ 131.812886171783447, 34.046181302510121 ] } },
{ "type": "Feature", "properties": { "内容": "訪問介護事業所きさんの里【訪問介護】山口県周南市五月町１２番１号", "url": "https://www.kaigokensaku.mhlw.go.jp/35/index.php?action_kouhyou_detail_004_kani=true&JigyosyoCd=3571501901-00&ServiceCd=110&Type=search", "url2": null }, "geometry": { "type": "Point", "coordinates": [ 131.8316647, 34.0369438 ] } },
{ "type": "Feature", "properties": { "内容": "サンキ・ウエルビィ介護センター徳山【訪問介護】山口県周南市五月町７－１０", "url": "https://www.kaigokensaku.mhlw.go.jp/35/index.php?action_kouhyou_detail_004_kani=true&JigyosyoCd=3570500367-00&ServiceCd=110&Type=search", "url2": null }, "geometry": { "type": "Point", "coordinates": [ 131.828978499999948, 34.0376878 ] } },
{ "type": "Feature", "properties": { "内容": "訪問介護ステーション鹿野博愛【訪問介護】大字鹿野下１１６１番地１", "url": "https://www.kaigokensaku.mhlw.go.jp/35/index.php?action_kouhyou_detail_004_kani=true&JigyosyoCd=3571501596-00&ServiceCd=110&Type=search", "url2": "http://ryokuzankai.jp" }, "geometry": { "type": "Point", "coordinates": [ 131.816073299999971, 34.2240959 ] } },
{ "type": "Feature", "properties": { "内容": "やまなみ荘在宅介護支援センター【訪問介護】山口県周南市大字鹿野上2755番地の1", "url": "https://www.kaigokensaku.mhlw.go.jp/35/index.php?action_kouhyou_detail_004_kani=true&JigyosyoCd=3577400041-00&ServiceCd=110&Type=search", "url2": "https://www.kanofukushikai.or.jp/" }, "geometry": { "type": "Point", "coordinates": [ 131.809668099999953, 34.2296147 ] } },
{ "type": "Feature", "properties": { "内容": "あい・周南ケアセンター【訪問介護】周南市秋月1丁目1番10号", "url": "https://www.kaigokensaku.mhlw.go.jp/35/index.php?action_kouhyou_detail_004_kani=true&JigyosyoCd=3570500565-00&ServiceCd=110&Type=search", "url2": "https://ai-syunan.jimdofree.com/" }, "geometry": { "type": "Point", "coordinates": [ 131.824792300000013, 34.0538445 ] } },
{ "type": "Feature", "properties": { "内容": "ヘルパーステーションこもれび【訪問介護】山口県周南市城ケ丘4丁目3536－1", "url": "https://www.kaigokensaku.mhlw.go.jp/35/index.php?action_kouhyou_detail_004_kani=true&JigyosyoCd=3571500929-00&ServiceCd=110&Type=search", "url2": "http://komorebinomori.jp" }, "geometry": { "type": "Point", "coordinates": [ 131.846244032603209, 34.047441726054686 ] } },
{ "type": "Feature", "properties": { "内容": "友愛園訪問介護事業所【訪問介護】周南市大字須々万本郷２９番地の２", "url": "https://www.kaigokensaku.mhlw.go.jp/35/index.php?action_kouhyou_detail_004_kani=true&JigyosyoCd=3571500085-00&ServiceCd=110&Type=search", "url2": "http://ryokuzankai.jp" }, "geometry": { "type": "Point", "coordinates": [ 131.858032733729488, 34.12400801285505 ] } },
{ "type": "Feature", "properties": { "内容": "ニチイケアセンター須々万【訪問介護】山口県周南市大字須々万本郷353番地12", "url": "https://www.kaigokensaku.mhlw.go.jp/35/index.php?action_kouhyou_detail_004_kani=true&JigyosyoCd=3571501851-00&ServiceCd=110&Type=search", "url2": "http://www.nichiigakkan.co.jp" }, "geometry": { "type": "Point", "coordinates": [ 131.864614299999971, 34.1177307 ] } },
{ "type": "Feature", "properties": { "内容": "サンキ・ウエルビィ介護センター新南陽【訪問介護】山口県周南市政所２丁目７－２０", "url": "https://www.kaigokensaku.mhlw.go.jp/35/index.php?action_kouhyou_detail_004_kani=true&JigyosyoCd=3571501034-00&ServiceCd=110&Type=search", "url2": null }, "geometry": { "type": "Point", "coordinates": [ 131.76801660000001, 34.0735299 ] } },
{ "type": "Feature", "properties": { "内容": "JＡ訪問介護ふれあい新南陽【訪問介護】山口県周南市清水１丁目１２番7号", "url": "https://www.kaigokensaku.mhlw.go.jp/35/index.php?action_kouhyou_detail_004_kani=true&JigyosyoCd=3571501422-00&ServiceCd=110&Type=search", "url2": "http://www.ja-ｙｍｇ.or.jp" }, "geometry": { "type": "Point", "coordinates": [ 131.767630599999961, 34.0708579 ] } },
{ "type": "Feature", "properties": { "内容": "やすらぎ苑訪問介護事業所【訪問介護】山口県周南市大字湯野１５８番地", "url": "https://www.kaigokensaku.mhlw.go.jp/35/index.php?action_kouhyou_detail_004_kani=true&JigyosyoCd=3570500235-00&ServiceCd=110&Type=search", "url2": "http://www.yasuragi-en.jp/" }, "geometry": { "type": "Point", "coordinates": [ 131.678154247221414, 34.092254695625194 ] } },
{ "type": "Feature", "properties": { "内容": "訪問介護事業所元気村【訪問介護】周南市大字湯野27番地", "url": "https://www.kaigokensaku.mhlw.go.jp/35/index.php?action_kouhyou_detail_004_kani=true&JigyosyoCd=3571500838-00&ServiceCd=110&Type=search", "url2": "http://www.genkimura-sa.jp/" }, "geometry": { "type": "Point", "coordinates": [ 131.679951122641398, 34.084284778493618 ] } },
{ "type": "Feature", "properties": { "内容": "JA訪問介護ふれあい徳山【訪問介護】山口県周南市大字徳山字三田川5825-8", "url": "https://www.kaigokensaku.mhlw.go.jp/35/index.php?action_kouhyou_detail_004_kani=true&JigyosyoCd=3571501430-00&ServiceCd=110&Type=search", "url2": "https://www.ja-ymg.or.jp" }, "geometry": { "type": "Point", "coordinates": [ 131.7689388, 34.0707969 ] } },
{ "type": "Feature", "properties": { "内容": "訪問介護ステーションつるの恩がえし【訪問介護】山口県周南市大字八代1029番地", "url": "https://www.kaigokensaku.mhlw.go.jp/35/index.php?action_kouhyou_detail_004_kani=true&JigyosyoCd=3571500788-00&ServiceCd=110&Type=search", "url2": "http://www.tsuru-wagaya.jp" }, "geometry": { "type": "Point", "coordinates": [ 131.928903339269482, 34.093926643942879 ] } },
{ "type": "Feature", "properties": { "内容": "合同会社　ほっこり【訪問介護】山口県周南市孝田町５－６サニーシックスセンター４号室", "url": "https://www.kaigokensaku.mhlw.go.jp/35/index.php?action_kouhyou_detail_004_kani=true&JigyosyoCd=3571501687-00&ServiceCd=110&Type=search", "url2": null }, "geometry": { "type": "Point", "coordinates": [ 131.836755399999987, 34.047576 ] } },
{ "type": "Feature", "properties": { "内容": "訪問介護事業所　なごやか熊毛【訪問介護】山口県周南市高水原2丁目7番27号", "url": "https://www.kaigokensaku.mhlw.go.jp/35/index.php?action_kouhyou_detail_004_kani=true&JigyosyoCd=3571500937-00&ServiceCd=110&Type=search", "url2": "http://www.kumage-rk.jp" }, "geometry": { "type": "Point", "coordinates": [ 131.973093799999987, 34.0536427 ] } },
{ "type": "Feature", "properties": { "内容": "ヘルパーステーショクローネ中須【訪問介護】大字中須南1967-12有料老人ホームクローネ中須", "url": "https://www.kaigokensaku.mhlw.go.jp/35/index.php?action_kouhyou_detail_004_kani=true&JigyosyoCd=3571501869-00&ServiceCd=110&Type=search", "url2": "https://krone-shunan.net" }, "geometry": { "type": "Point", "coordinates": [ 131.91552577771219, 34.114109565354873 ] } },
{ "type": "Feature", "properties": { "内容": "訪問介護事業所きらきら星【訪問介護】周南市川崎3丁目19-24", "url": "https://www.kaigokensaku.mhlw.go.jp/35/index.php?action_kouhyou_detail_004_kani=true&JigyosyoCd=3571501182-00&ServiceCd=110&Type=search", "url2": null }, "geometry": { "type": "Point", "coordinates": [ 131.781767101867985, 34.070406571283925 ] } },
{ "type": "Feature", "properties": { "内容": "訪問介護　湯野温泉【訪問介護】山口県周南市大字湯野4203番地の6サービス付き高齢者向け住宅　湯野温泉", "url": "https://www.kaigokensaku.mhlw.go.jp/35/index.php?action_kouhyou_detail_004_kani=true&JigyosyoCd=3571501547-00&ServiceCd=110&Type=search", "url2": "http://www.chitokukai.com" }, "geometry": { "type": "Point", "coordinates": [ 131.674936500000058, 34.0940568 ] } },
{ "type": "Feature", "properties": { "内容": "訪問介護事業所エガオ【訪問介護】山口県山陽小野田市大字小野田4839-1", "url": "https://www.kaigokensaku.mhlw.go.jp/35/index.php?action_kouhyou_detail_004_kani=true&JigyosyoCd=3571600877-00&ServiceCd=110&Type=search", "url2": null }, "geometry": { "type": "Point", "coordinates": [ 131.171587899999963, 33.9461435 ] } },
{ "type": "Feature", "properties": { "内容": "株式会社　凛と　ヘルパーステーションいちえ【訪問介護】山口県山陽小野田市住吉本町1丁目5-1", "url": "https://www.kaigokensaku.mhlw.go.jp/35/index.php?action_kouhyou_detail_004_kani=true&JigyosyoCd=3571601123-00&ServiceCd=110&Type=search", "url2": null }, "geometry": { "type": "Point", "coordinates": [ 131.1791399, 33.980431 ] } },
{ "type": "Feature", "properties": { "内容": "訪問介護事業所小さき花【訪問介護】大字小野田１０３２５番地８", "url": "https://www.kaigokensaku.mhlw.go.jp/35/index.php?action_kouhyou_detail_004_kani=true&JigyosyoCd=3571601131-00&ServiceCd=110&Type=search", "url2": null }, "geometry": { "type": "Point", "coordinates": [ 131.183823999211484, 33.974897509670434 ] } },
{ "type": "Feature", "properties": { "内容": "訪問介護ステーション　あさ紫苑【訪問介護】山陽小野田市大字桜一丁目3番2号", "url": "https://www.kaigokensaku.mhlw.go.jp/35/index.php?action_kouhyou_detail_004_kani=true&JigyosyoCd=3571600141-00&ServiceCd=110&Type=search", "url2": "http://41kaigo.com/" }, "geometry": { "type": "Point", "coordinates": [ 131.155578053967247, 34.053581705010458 ] } },
{ "type": "Feature", "properties": { "内容": "ヘルパーステーションわけん【訪問介護】山口県山陽小野田市新生2丁目8-10", "url": "https://www.kaigokensaku.mhlw.go.jp/35/index.php?action_kouhyou_detail_004_kani=true&JigyosyoCd=3571601081-00&ServiceCd=110&Type=search", "url2": "https://onodawaken.com/" }, "geometry": { "type": "Point", "coordinates": [ 131.17721457420501, 34.000668049974266 ] } },
{ "type": "Feature", "properties": { "内容": "ヘルパーステーションゆう【訪問介護】山口県山陽小野田市大字西高泊７５８－１", "url": "https://www.kaigokensaku.mhlw.go.jp/35/index.php?action_kouhyou_detail_004_kani=true&JigyosyoCd=3571601024-00&ServiceCd=110&Type=search", "url2": "https://www.yuyukai-llc.com" }, "geometry": { "type": "Point", "coordinates": [ 131.168290699955691, 34.008794431089164 ] } },
{ "type": "Feature", "properties": { "内容": "訪問介護ステーションネスレ【訪問介護】山口県山陽小野田市厚狭688-5", "url": "https://www.kaigokensaku.mhlw.go.jp/35/index.php?action_kouhyou_detail_004_kani=true&JigyosyoCd=3571601180-00&ServiceCd=110&Type=search", "url2": null }, "geometry": { "type": "Point", "coordinates": [ 131.1772943, 34.0541814 ] } },
{ "type": "Feature", "properties": { "内容": "株式会社　福祉の郷　訪問介護事業所　いこい【訪問介護】山陽小野田市大字有帆1493", "url": "https://www.kaigokensaku.mhlw.go.jp/35/index.php?action_kouhyou_detail_004_kani=true&JigyosyoCd=3571600471-00&ServiceCd=110&Type=search", "url2": "tanabe.satoshi@rose.plala.or.jp" }, "geometry": { "type": "Point", "coordinates": [ 131.208483399999977, 34.0269252 ] } },
{ "type": "Feature", "properties": { "内容": "むべの里訪問介護事業所住吉【訪問介護】山口県山陽小野田市住吉本町2-5-12", "url": "https://www.kaigokensaku.mhlw.go.jp/35/index.php?action_kouhyou_detail_004_kani=true&JigyosyoCd=3571600976-00&ServiceCd=110&Type=search", "url2": "ｈｔｔｐ//ｗｗｗ.mubenosato.com" }, "geometry": { "type": "Point", "coordinates": [ 131.1797881, 33.9810189 ] } },
{ "type": "Feature", "properties": { "内容": "有限会社　ケア・サービス優【訪問介護】山陽小野田市新生二丁目６番２５号", "url": "https://www.kaigokensaku.mhlw.go.jp/35/index.php?action_kouhyou_detail_004_kani=true&JigyosyoCd=3570900203-00&ServiceCd=110&Type=search", "url2": "http://care-service-you.com/day.service.haru/houmon.html" }, "geometry": { "type": "Point", "coordinates": [ 131.177843400000029, 34.001479 ] } },
{ "type": "Feature", "properties": { "内容": "訪問介護ステーション翔陽【訪問介護】山口県山陽小野田市新生2-8-8", "url": "https://www.kaigokensaku.mhlw.go.jp/35/index.php?action_kouhyou_detail_004_kani=true&JigyosyoCd=3571601040-00&ServiceCd=110&Type=search", "url2": null }, "geometry": { "type": "Point", "coordinates": [ 131.177309, 34.0009268 ] } },
{ "type": "Feature", "properties": { "内容": "訪問介護　S.L.C「ゆとり」【訪問介護】山口県山陽小野田市須恵3丁目10-3", "url": "https://www.kaigokensaku.mhlw.go.jp/35/index.php?action_kouhyou_detail_004_kani=true&JigyosyoCd=3571600810-00&ServiceCd=110&Type=search", "url2": null }, "geometry": { "type": "Point", "coordinates": [ 131.17573757896281, 33.962486248913144 ] } },
{ "type": "Feature", "properties": { "内容": "サンキ・ウエルビィ介護センター小野田【訪問介護】山口県山陽小野田市日の出三丁目15番28号", "url": "https://www.kaigokensaku.mhlw.go.jp/35/index.php?action_kouhyou_detail_004_kani=true&JigyosyoCd=3571600257-00&ServiceCd=110&Type=search", "url2": null }, "geometry": { "type": "Point", "coordinates": [ 131.179969699999987, 34.0072269 ] } },
{ "type": "Feature", "properties": { "内容": "ニチイケアセンター小野田【訪問介護】山陽小野田市日の出３丁目９番９号　平成ビル２Ｆ", "url": "https://www.kaigokensaku.mhlw.go.jp/35/index.php?action_kouhyou_detail_004_kani=true&JigyosyoCd=3570900013-00&ServiceCd=110&Type=search", "url2": null }, "geometry": { "type": "Point", "coordinates": [ 131.1823809, 34.0065328 ] } },
{ "type": "Feature", "properties": { "内容": "ヘルパーステーションミント【訪問介護】山陽小野田市中川3－12－1山下ビル202号", "url": "https://www.kaigokensaku.mhlw.go.jp/35/index.php?action_kouhyou_detail_004_kani=true&JigyosyoCd=3571600612-00&ServiceCd=110&Type=search", "url2": null }, "geometry": { "type": "Point", "coordinates": [ 131.173634122260324, 33.987595092669942 ] } },
{ "type": "Feature", "properties": { "内容": "ヘルパーステーションきずな【訪問介護】山口県山陽小野田市日の出1丁目4-12松本ビル2階", "url": "https://www.kaigokensaku.mhlw.go.jp/35/index.php?action_kouhyou_detail_004_kani=true&JigyosyoCd=3571601214-00&ServiceCd=110&Type=search", "url2": "https://www.tokusa-f.com/" }, "geometry": { "type": "Point", "coordinates": [ 131.183142100000026, 34.0040986 ] } },
{ "type": "Feature", "properties": { "内容": "周防大島町社協　訪問介護西部事業所【訪問介護】大島郡周防大島町大字小松125-2", "url": "https://www.kaigokensaku.mhlw.go.jp/35/index.php?action_kouhyou_detail_004_kani=true&JigyosyoCd=3577100450-00&ServiceCd=110&Type=search", "url2": "https//soshayo.jp" }, "geometry": { "type": "Point", "coordinates": [ 132.195882251307125, 33.92720405005327 ] } },
{ "type": "Feature", "properties": { "内容": "訪問介護ステーション　なないろ【訪問介護】大島郡周防大島町小松91番地4おげんきハグニティ", "url": "https://www.kaigokensaku.mhlw.go.jp/35/index.php?action_kouhyou_detail_004_kani=true&JigyosyoCd=3577100732-00&ServiceCd=110&Type=search", "url2": "okaharakai.com/" }, "geometry": { "type": "Point", "coordinates": [ 132.190608624606284, 33.927753978581457 ] } },
{ "type": "Feature", "properties": { "内容": "ヘルパーステーション松福【訪問介護】山口県大島郡周防大島町小松開作1202-7", "url": "https://www.kaigokensaku.mhlw.go.jp/35/index.php?action_kouhyou_detail_004_kani=true&JigyosyoCd=3577100807-00&ServiceCd=110&Type=search", "url2": null }, "geometry": { "type": "Point", "coordinates": [ 132.182089400756723, 33.927338278182951 ] } },
{ "type": "Feature", "properties": { "内容": "有限会社　しらき【訪問介護】山口県大島郡周防大島町西方14番地", "url": "https://www.kaigokensaku.mhlw.go.jp/35/index.php?action_kouhyou_detail_004_kani=true&JigyosyoCd=3577100310-00&ServiceCd=110&Type=search", "url2": "https://kaigonoshiraki.localinfo.jp" }, "geometry": { "type": "Point", "coordinates": [ 132.3274609, 33.9038443 ] } },
{ "type": "Feature", "properties": { "内容": "周防大島町社協　訪問介護東部事業所【訪問介護】大島郡周防大島町大字日前１９３２－３２", "url": "https://www.kaigokensaku.mhlw.go.jp/35/index.php?action_kouhyou_detail_004_kani=true&JigyosyoCd=3577100443-00&ServiceCd=110&Type=search", "url2": "https://soshakyo.jp/" }, "geometry": { "type": "Point", "coordinates": [ 132.30102450000004, 33.921655800000011 ] } },
{ "type": "Feature", "properties": { "内容": "わきあいあい苑ホームヘルパーステーション【訪問介護】玖珂郡和木町瀬田４丁目１－１", "url": "https://www.kaigokensaku.mhlw.go.jp/35/index.php?action_kouhyou_detail_004_kani=true&JigyosyoCd=3577200201-00&ServiceCd=110&Type=search", "url2": "https://wakiaiaien.tkc.best-hp.jp" }, "geometry": { "type": "Point", "coordinates": [ 132.2245524, 34.1919204 ] } },
{ "type": "Feature", "properties": { "内容": "上関町ヘルパーステーション【訪問介護】山口県熊毛郡上関町大字長島1561-1", "url": "https://www.kaigokensaku.mhlw.go.jp/35/index.php?action_kouhyou_detail_004_kani=true&JigyosyoCd=3577300233-00&ServiceCd=110&Type=search", "url2": "https://kaminoseki-fukushikai.com/" }, "geometry": { "type": "Point", "coordinates": [ 132.073751099999981, 33.8152633 ] } },
{ "type": "Feature", "properties": { "内容": "ニチイケアセンター田布施【訪問介護】山口県熊毛郡田布施町大字下田布施3543-8", "url": "https://www.kaigokensaku.mhlw.go.jp/35/index.php?action_kouhyou_detail_004_kani=true&JigyosyoCd=3577300845-00&ServiceCd=110&Type=search", "url2": null }, "geometry": { "type": "Point", "coordinates": [ 132.041064099999971, 33.9517302 ] } },
{ "type": "Feature", "properties": { "内容": "たぶせ苑指定訪問介護事業所【訪問介護】熊毛郡田布施町大字宿井４０６番地", "url": "https://www.kaigokensaku.mhlw.go.jp/35/index.php?action_kouhyou_detail_004_kani=true&JigyosyoCd=3577300225-00&ServiceCd=110&Type=search", "url2": "http://care-net.biz/35/shifuku/company.php" }, "geometry": { "type": "Point", "coordinates": [ 132.028290500000026, 33.9655012 ] } },
{ "type": "Feature", "properties": { "内容": "訪問介護ステーション　ブリスケア田布施【訪問介護】熊毛郡田布施町大字波野４３３－１", "url": "https://www.kaigokensaku.mhlw.go.jp/35/index.php?action_kouhyou_detail_004_kani=true&JigyosyoCd=3577300704-00&ServiceCd=110&Type=search", "url2": null }, "geometry": { "type": "Point", "coordinates": [ 132.047616655217098, 33.95872221224662 ] } },
{ "type": "Feature", "properties": { "内容": "社会福祉法人　幸寿会　ヘルパーステーション　サンガーデン【訪問介護】山口県熊毛郡平生町大字平生町5番17", "url": "https://www.kaigokensaku.mhlw.go.jp/35/index.php?action_kouhyou_detail_004_kani=true&JigyosyoCd=3577300548-00&ServiceCd=110&Type=search", "url2": "http://kouju-kai.com/" }, "geometry": { "type": "Point", "coordinates": [ 132.0684132, 33.9329776 ] } },
{ "type": "Feature", "properties": { "内容": "平生町社会福祉協議会【訪問介護】熊毛郡平生町大字平生村618-2ケアセンターあいあむ", "url": "https://www.kaigokensaku.mhlw.go.jp/35/index.php?action_kouhyou_detail_004_kani=true&JigyosyoCd=3577300027-00&ServiceCd=110&Type=search", "url2": "http://www.hirao-shakyo.or.jp" }, "geometry": { "type": "Point", "coordinates": [ 132.075379429360993, 33.940924840627645 ] } },
{ "type": "Feature", "properties": { "内容": "ながやす介護ステーション【訪問介護】山口県熊毛郡平生町大字平生村862-2", "url": "https://www.kaigokensaku.mhlw.go.jp/35/index.php?action_kouhyou_detail_004_kani=true&JigyosyoCd=3577300043-00&ServiceCd=110&Type=search", "url2": null }, "geometry": { "type": "Point", "coordinates": [ 132.072943399999986, 33.9438433 ] } },
{ "type": "Feature", "properties": { "内容": "清ヶ浜ヘルパーステーション【訪問介護】山口県阿武郡阿武町大字木与10037番地3", "url": "https://www.kaigokensaku.mhlw.go.jp/35/index.php?action_kouhyou_detail_004_kani=true&JigyosyoCd=3578100459-00&ServiceCd=110&Type=search", "url2": null }, "geometry": { "type": "Point", "coordinates": [ 131.5058371, 34.536138 ] } }
]
}
