{
  "type": "FeatureCollection",
  "features": [
    {
      "type": "Feature",
      "geometry": {
        "type": "Point",
        "coordinates": [
          131.9045367,
          34.1420829
        ]
      },
      "properties": {
        "内容": "バス停: 菅野",
        "name": "菅野",
        "operator": "事業者不明",
        "ref": "",
        "url": "",
        "url2": ""
      }
    },
    {
      "type": "Feature",
      "geometry": {
        "type": "Point",
        "coordinates": [
          131.3404328,
          34.220178
        ]
      },
      "properties": {
        "内容": "バス停: 紅葉橋 (中国ジェイアールバス)",
        "name": "紅葉橋",
        "operator": "中国ジェイアールバス",
        "ref": "",
        "url": "",
        "url2": ""
      }
    },
    {
      "type": "Feature",
      "geometry": {
        "type": "Point",
        "coordinates": [
          131.2048752,
          34.1687936
        ]
      },
      "properties": {
        "内容": "バス停: 美祢駅 (サンデン交通;ブルーライン交通)",
        "name": "美祢駅",
        "operator": "サンデン交通;ブルーライン交通",
        "ref": "",
        "url": "",
        "url2": ""
      }
    },
    {
      "type": "Feature",
      "geometry": {
        "type": "Point",
        "coordinates": [
          131.20458,
          34.1691495
        ]
      },
      "properties": {
        "内容": "バス停: 美祢駅 (中国ジェイアールバス)",
        "name": "美祢駅",
        "operator": "中国ジェイアールバス",
        "ref": "",
        "url": "",
        "url2": ""
      }
    },
    {
      "type": "Feature",
      "geometry": {
        "type": "Point",
        "coordinates": [
          131.0323893,
          34.0685845
        ]
      },
      "properties": {
        "内容": "バス停: 小月駅 (サンデン交通)",
        "name": "小月駅",
        "operator": "サンデン交通",
        "ref": "",
        "url": "",
        "url2": ""
      }
    },
    {
      "type": "Feature",
      "geometry": {
        "type": "Point",
        "coordinates": [
          131.2436206,
          34.1722135
        ]
      },
      "properties": {
        "内容": "バス停: 美祢インターチェンジ",
        "name": "美祢インターチェンジ",
        "operator": "事業者不明",
        "ref": "",
        "url": "",
        "url2": ""
      }
    },
    {
      "type": "Feature",
      "geometry": {
        "type": "Point",
        "coordinates": [
          132.2058001,
          34.0681231
        ]
      },
      "properties": {
        "内容": "バス停: 通津駅 (防長バス)",
        "name": "通津駅",
        "operator": "防長バス",
        "ref": "",
        "url": "",
        "url2": ""
      }
    },
    {
      "type": "Feature",
      "geometry": {
        "type": "Point",
        "coordinates": [
          132.2058621,
          34.0679987
        ]
      },
      "properties": {
        "内容": "バス停: 通津駅 (防長バス)",
        "name": "通津駅",
        "operator": "防長バス",
        "ref": "",
        "url": "",
        "url2": ""
      }
    },
    {
      "type": "Feature",
      "geometry": {
        "type": "Point",
        "coordinates": [
          132.2001006,
          33.9846408
        ]
      },
      "properties": {
        "内容": "バス停: 相地降車場 (防長バス)",
        "name": "相地降車場",
        "operator": "防長バス",
        "ref": "",
        "url": "",
        "url2": ""
      }
    },
    {
      "type": "Feature",
      "geometry": {
        "type": "Point",
        "coordinates": [
          132.1999995,
          33.9845493
        ]
      },
      "properties": {
        "内容": "バス停: 相地 (防長バス)",
        "name": "相地",
        "operator": "防長バス",
        "ref": "",
        "url": "",
        "url2": ""
      }
    },
    {
      "type": "Feature",
      "geometry": {
        "type": "Point",
        "coordinates": [
          132.1803102,
          33.9636818
        ]
      },
      "properties": {
        "内容": "バス停: 大畠駅 (防長バス)",
        "name": "大畠駅",
        "operator": "防長バス",
        "ref": "",
        "url": "",
        "url2": ""
      }
    },
    {
      "type": "Feature",
      "geometry": {
        "type": "Point",
        "coordinates": [
          132.1738993,
          33.962284
        ]
      },
      "properties": {
        "内容": "バス停: 住吉町 (防長バス)",
        "name": "住吉町",
        "operator": "防長バス",
        "ref": "",
        "url": "",
        "url2": ""
      }
    },
    {
      "type": "Feature",
      "geometry": {
        "type": "Point",
        "coordinates": [
          132.1442201,
          33.9566471
        ]
      },
      "properties": {
        "内容": "バス停: 遠崎 (防長バス)",
        "name": "遠崎",
        "operator": "防長バス",
        "ref": "",
        "url": "",
        "url2": ""
      }
    },
    {
      "type": "Feature",
      "geometry": {
        "type": "Point",
        "coordinates": [
          132.1479153,
          33.9566114
        ]
      },
      "properties": {
        "内容": "バス停: 遠崎東 (防長バス)",
        "name": "遠崎東",
        "operator": "防長バス",
        "ref": "",
        "url": "",
        "url2": ""
      }
    },
    {
      "type": "Feature",
      "geometry": {
        "type": "Point",
        "coordinates": [
          132.1482437,
          33.9566873
        ]
      },
      "properties": {
        "内容": "バス停: 遠崎東 (防長バス)",
        "name": "遠崎東",
        "operator": "防長バス",
        "ref": "",
        "url": "",
        "url2": ""
      }
    },
    {
      "type": "Feature",
      "geometry": {
        "type": "Point",
        "coordinates": [
          132.1334533,
          33.9575458
        ]
      },
      "properties": {
        "内容": "バス停: 柳井港 (防長バス)",
        "name": "柳井港",
        "operator": "防長バス",
        "ref": "",
        "url": "",
        "url2": ""
      }
    },
    {
      "type": "Feature",
      "geometry": {
        "type": "Point",
        "coordinates": [
          132.1329927,
          33.9578317
        ]
      },
      "properties": {
        "内容": "バス停: 柳井港 (防長バス)",
        "name": "柳井港",
        "operator": "防長バス",
        "ref": "",
        "url": "",
        "url2": ""
      }
    },
    {
      "type": "Feature",
      "geometry": {
        "type": "Point",
        "coordinates": [
          132.2175812,
          34.0296175
        ]
      },
      "properties": {
        "内容": "バス停: 有家 (防長バス)",
        "name": "有家",
        "operator": "防長バス",
        "ref": "",
        "url": "",
        "url2": ""
      }
    },
    {
      "type": "Feature",
      "geometry": {
        "type": "Point",
        "coordinates": [
          132.2174624,
          34.0296637
        ]
      },
      "properties": {
        "内容": "バス停: 有家 (防長バス)",
        "name": "有家",
        "operator": "防長バス",
        "ref": "",
        "url": "",
        "url2": ""
      }
    },
    {
      "type": "Feature",
      "geometry": {
        "type": "Point",
        "coordinates": [
          132.1989751,
          34.1163647
        ]
      },
      "properties": {
        "内容": "バス停: 丸子",
        "name": "丸子",
        "operator": "事業者不明",
        "ref": "",
        "url": "",
        "url2": ""
      }
    },
    {
      "type": "Feature",
      "geometry": {
        "type": "Point",
        "coordinates": [
          132.1991006,
          34.1163572
        ]
      },
      "properties": {
        "内容": "バス停: 丸子",
        "name": "丸子",
        "operator": "事業者不明",
        "ref": "",
        "url": "",
        "url2": ""
      }
    },
    {
      "type": "Feature",
      "geometry": {
        "type": "Point",
        "coordinates": [
          130.9332626,
          33.9522028
        ]
      },
      "properties": {
        "内容": "バス停: 入江口",
        "name": "入江口",
        "operator": "事業者不明",
        "ref": "",
        "url": "",
        "url2": ""
      }
    },
    {
      "type": "Feature",
      "geometry": {
        "type": "Point",
        "coordinates": [
          130.9302645,
          33.9515974
        ]
      },
      "properties": {
        "内容": "バス停: 細江町",
        "name": "細江町",
        "operator": "事業者不明",
        "ref": "",
        "url": "",
        "url2": ""
      }
    },
    {
      "type": "Feature",
      "geometry": {
        "type": "Point",
        "coordinates": [
          132.1750055,
          34.0007907
        ]
      },
      "properties": {
        "内容": "バス停: 名称不明バス停",
        "name": "名称不明バス停",
        "operator": "事業者不明",
        "ref": "",
        "url": "",
        "url2": ""
      }
    },
    {
      "type": "Feature",
      "geometry": {
        "type": "Point",
        "coordinates": [
          132.1722798,
          34.0043896
        ]
      },
      "properties": {
        "内容": "バス停: 名称不明バス停",
        "name": "名称不明バス停",
        "operator": "事業者不明",
        "ref": "",
        "url": "",
        "url2": ""
      }
    },
    {
      "type": "Feature",
      "geometry": {
        "type": "Point",
        "coordinates": [
          132.1728746,
          34.0038492
        ]
      },
      "properties": {
        "内容": "バス停: 中山",
        "name": "中山",
        "operator": "事業者不明",
        "ref": "",
        "url": "",
        "url2": ""
      }
    },
    {
      "type": "Feature",
      "geometry": {
        "type": "Point",
        "coordinates": [
          132.1743415,
          34.0015336
        ]
      },
      "properties": {
        "内容": "バス停: 倉庫前",
        "name": "倉庫前",
        "operator": "事業者不明",
        "ref": "",
        "url": "",
        "url2": ""
      }
    },
    {
      "type": "Feature",
      "geometry": {
        "type": "Point",
        "coordinates": [
          130.9238068,
          33.9505246
        ]
      },
      "properties": {
        "内容": "バス停: 下関駅",
        "name": "下関駅",
        "operator": "事業者不明",
        "ref": "",
        "url": "",
        "url2": ""
      }
    },
    {
      "type": "Feature",
      "geometry": {
        "type": "Point",
        "coordinates": [
          130.942349,
          33.9577505
        ]
      },
      "properties": {
        "内容": "バス停: 唐戸 (サンデン交通)",
        "name": "唐戸",
        "operator": "サンデン交通",
        "ref": "",
        "url": "",
        "url2": ""
      }
    },
    {
      "type": "Feature",
      "geometry": {
        "type": "Point",
        "coordinates": [
          131.184637,
          34.3754037
        ]
      },
      "properties": {
        "内容": "バス停: 長門市駅 (防長交通;サンデン交通;ブルーライン交通)",
        "name": "長門市駅",
        "operator": "防長交通;サンデン交通;ブルーライン交通",
        "ref": "",
        "url": "",
        "url2": ""
      }
    },
    {
      "type": "Feature",
      "geometry": {
        "type": "Point",
        "coordinates": [
          131.032735,
          34.0685331
        ]
      },
      "properties": {
        "内容": "バス停: 小月駅 (サンデン交通)",
        "name": "小月駅",
        "operator": "サンデン交通",
        "ref": "",
        "url": "",
        "url2": ""
      }
    },
    {
      "type": "Feature",
      "geometry": {
        "type": "Point",
        "coordinates": [
          131.0326845,
          34.0685532
        ]
      },
      "properties": {
        "内容": "バス停: 小月駅 (サンデン交通)",
        "name": "小月駅",
        "operator": "サンデン交通",
        "ref": "",
        "url": "",
        "url2": ""
      }
    },
    {
      "type": "Feature",
      "geometry": {
        "type": "Point",
        "coordinates": [
          130.9235553,
          33.9504881
        ]
      },
      "properties": {
        "内容": "バス停: 下関駅 (サンデン交通)",
        "name": "下関駅",
        "operator": "サンデン交通",
        "ref": "",
        "url": "",
        "url2": ""
      }
    },
    {
      "type": "Feature",
      "geometry": {
        "type": "Point",
        "coordinates": [
          130.924009,
          33.9503431
        ]
      },
      "properties": {
        "内容": "バス停: 下関駅 (サンデン交通)",
        "name": "下関駅",
        "operator": "サンデン交通",
        "ref": "",
        "url": "",
        "url2": ""
      }
    },
    {
      "type": "Feature",
      "geometry": {
        "type": "Point",
        "coordinates": [
          130.9238205,
          33.9503496
        ]
      },
      "properties": {
        "内容": "バス停: 下関駅 (サンデン交通)",
        "name": "下関駅",
        "operator": "サンデン交通",
        "ref": "",
        "url": "",
        "url2": ""
      }
    },
    {
      "type": "Feature",
      "geometry": {
        "type": "Point",
        "coordinates": [
          130.9400156,
          33.9534216
        ]
      },
      "properties": {
        "内容": "バス停: 海響館前 (サンデン交通)",
        "name": "海響館前",
        "operator": "サンデン交通",
        "ref": "",
        "url": "",
        "url2": ""
      }
    },
    {
      "type": "Feature",
      "geometry": {
        "type": "Point",
        "coordinates": [
          130.9427097,
          33.9568571
        ]
      },
      "properties": {
        "内容": "バス停: 唐戸 (サンデン交通)",
        "name": "唐戸",
        "operator": "サンデン交通",
        "ref": "",
        "url": "",
        "url2": ""
      }
    },
    {
      "type": "Feature",
      "geometry": {
        "type": "Point",
        "coordinates": [
          130.9478334,
          33.9581215
        ]
      },
      "properties": {
        "内容": "バス停: 赤間神宮前",
        "name": "赤間神宮前",
        "operator": "事業者不明",
        "ref": "",
        "url": "",
        "url2": ""
      }
    },
    {
      "type": "Feature",
      "geometry": {
        "type": "Point",
        "coordinates": [
          130.9517299,
          33.9604691
        ]
      },
      "properties": {
        "内容": "バス停: 壇の浦",
        "name": "壇の浦",
        "operator": "事業者不明",
        "ref": "",
        "url": "",
        "url2": ""
      }
    },
    {
      "type": "Feature",
      "geometry": {
        "type": "Point",
        "coordinates": [
          130.9567112,
          33.9655092
        ]
      },
      "properties": {
        "内容": "バス停: 御裳川 (サンデン交通)",
        "name": "御裳川",
        "operator": "サンデン交通",
        "ref": "",
        "url": "",
        "url2": ""
      }
    },
    {
      "type": "Feature",
      "geometry": {
        "type": "Point",
        "coordinates": [
          131.0470944,
          34.0672009
        ]
      },
      "properties": {
        "内容": "バス停: 小月営業所 (サンデン交通)",
        "name": "小月営業所",
        "operator": "サンデン交通",
        "ref": "",
        "url": "",
        "url2": ""
      }
    },
    {
      "type": "Feature",
      "geometry": {
        "type": "Point",
        "coordinates": [
          131.0136029,
          34.0295638
        ]
      },
      "properties": {
        "内容": "バス停: ゆめタウン長府 (サンデン交通)",
        "name": "ゆめタウン長府",
        "operator": "サンデン交通",
        "ref": "",
        "url": "",
        "url2": ""
      }
    },
    {
      "type": "Feature",
      "geometry": {
        "type": "Point",
        "coordinates": [
          130.9230385,
          33.9507641
        ]
      },
      "properties": {
        "内容": "バス停: 下関駅 (サンデン交通)",
        "name": "下関駅",
        "operator": "サンデン交通",
        "ref": "",
        "url": "",
        "url2": ""
      }
    },
    {
      "type": "Feature",
      "geometry": {
        "type": "Point",
        "coordinates": [
          131.0471689,
          34.0669708
        ]
      },
      "properties": {
        "内容": "バス停: 小月営業所 (サンデン交通)",
        "name": "小月営業所",
        "operator": "サンデン交通",
        "ref": "",
        "url": "",
        "url2": ""
      }
    },
    {
      "type": "Feature",
      "geometry": {
        "type": "Point",
        "coordinates": [
          130.9236222,
          33.9503502
        ]
      },
      "properties": {
        "内容": "バス停: 下関駅 (サンデン交通)",
        "name": "下関駅",
        "operator": "サンデン交通",
        "ref": "",
        "url": "",
        "url2": ""
      }
    },
    {
      "type": "Feature",
      "geometry": {
        "type": "Point",
        "coordinates": [
          130.9229804,
          33.9506104
        ]
      },
      "properties": {
        "内容": "バス停: 下関駅 (サンデン交通)",
        "name": "下関駅",
        "operator": "サンデン交通",
        "ref": "",
        "url": "",
        "url2": ""
      }
    },
    {
      "type": "Feature",
      "geometry": {
        "type": "Point",
        "coordinates": [
          130.9233986,
          33.9508319
        ]
      },
      "properties": {
        "内容": "バス停: 下関駅 (サンデン交通)",
        "name": "下関駅",
        "operator": "サンデン交通",
        "ref": "",
        "url": "",
        "url2": ""
      }
    },
    {
      "type": "Feature",
      "geometry": {
        "type": "Point",
        "coordinates": [
          130.923364,
          33.9503645
        ]
      },
      "properties": {
        "内容": "バス停: 下関駅 (サンデン交通)",
        "name": "下関駅",
        "operator": "サンデン交通",
        "ref": "",
        "url": "",
        "url2": ""
      }
    },
    {
      "type": "Feature",
      "geometry": {
        "type": "Point",
        "coordinates": [
          130.9231223,
          33.9503753
        ]
      },
      "properties": {
        "内容": "バス停: 下関駅 (サンデン交通)",
        "name": "下関駅",
        "operator": "サンデン交通",
        "ref": "",
        "url": "",
        "url2": ""
      }
    },
    {
      "type": "Feature",
      "geometry": {
        "type": "Point",
        "coordinates": [
          130.9922014,
          33.9889509
        ]
      },
      "properties": {
        "内容": "バス停: 関門医療センター (サンデン交通)",
        "name": "関門医療センター",
        "operator": "サンデン交通",
        "ref": "",
        "url": "",
        "url2": ""
      }
    },
    {
      "type": "Feature",
      "geometry": {
        "type": "Point",
        "coordinates": [
          131.8035271,
          34.0517459
        ]
      },
      "properties": {
        "内容": "バス停: 徳山駅前3",
        "name": "徳山駅前3",
        "operator": "事業者不明",
        "ref": "",
        "url": "",
        "url2": ""
      }
    },
    {
      "type": "Feature",
      "geometry": {
        "type": "Point",
        "coordinates": [
          131.8033232,
          34.0517624
        ]
      },
      "properties": {
        "内容": "バス停: 徳山駅前5",
        "name": "徳山駅前5",
        "operator": "事業者不明",
        "ref": "",
        "url": "",
        "url2": ""
      }
    },
    {
      "type": "Feature",
      "geometry": {
        "type": "Point",
        "coordinates": [
          131.8033918,
          34.0519927
        ]
      },
      "properties": {
        "内容": "バス停: 徳山駅前1",
        "name": "徳山駅前1",
        "operator": "事業者不明",
        "ref": "",
        "url": "",
        "url2": ""
      }
    },
    {
      "type": "Feature",
      "geometry": {
        "type": "Point",
        "coordinates": [
          131.8034471,
          34.0518664
        ]
      },
      "properties": {
        "内容": "バス停: 徳山駅前2",
        "name": "徳山駅前2",
        "operator": "事業者不明",
        "ref": "",
        "url": "",
        "url2": ""
      }
    },
    {
      "type": "Feature",
      "geometry": {
        "type": "Point",
        "coordinates": [
          131.8032384,
          34.0518919
        ]
      },
      "properties": {
        "内容": "バス停: 徳山駅前4",
        "name": "徳山駅前4",
        "operator": "事業者不明",
        "ref": "",
        "url": "",
        "url2": ""
      }
    },
    {
      "type": "Feature",
      "geometry": {
        "type": "Point",
        "coordinates": [
          131.8034,
          34.0516629
        ]
      },
      "properties": {
        "内容": "バス停: 徳山駅前6",
        "name": "徳山駅前6",
        "operator": "事業者不明",
        "ref": "",
        "url": "",
        "url2": ""
      }
    },
    {
      "type": "Feature",
      "geometry": {
        "type": "Point",
        "coordinates": [
          131.8041866,
          34.0520907
        ]
      },
      "properties": {
        "内容": "バス停: 徳山駅前降車口",
        "name": "徳山駅前降車口",
        "operator": "事業者不明",
        "ref": "",
        "url": "",
        "url2": ""
      }
    },
    {
      "type": "Feature",
      "geometry": {
        "type": "Point",
        "coordinates": [
          131.8069006,
          34.0541444
        ]
      },
      "properties": {
        "内容": "バス停: 市役所前",
        "name": "市役所前",
        "operator": "事業者不明",
        "ref": "",
        "url": "",
        "url2": ""
      }
    },
    {
      "type": "Feature",
      "geometry": {
        "type": "Point",
        "coordinates": [
          131.8055121,
          34.0544779
        ]
      },
      "properties": {
        "内容": "バス停: 市役所前",
        "name": "市役所前",
        "operator": "事業者不明",
        "ref": "",
        "url": "",
        "url2": ""
      }
    },
    {
      "type": "Feature",
      "geometry": {
        "type": "Point",
        "coordinates": [
          131.805273,
          34.0547657
        ]
      },
      "properties": {
        "内容": "バス停: 市役所前",
        "name": "市役所前",
        "operator": "事業者不明",
        "ref": "",
        "url": "",
        "url2": ""
      }
    },
    {
      "type": "Feature",
      "geometry": {
        "type": "Point",
        "coordinates": [
          131.8066336,
          34.0549517
        ]
      },
      "properties": {
        "内容": "バス停: 市役所前",
        "name": "市役所前",
        "operator": "事業者不明",
        "ref": "",
        "url": "",
        "url2": ""
      }
    },
    {
      "type": "Feature",
      "geometry": {
        "type": "Point",
        "coordinates": [
          131.8070888,
          34.0550842
        ]
      },
      "properties": {
        "内容": "バス停: 市役所前",
        "name": "市役所前",
        "operator": "事業者不明",
        "ref": "",
        "url": "",
        "url2": ""
      }
    },
    {
      "type": "Feature",
      "geometry": {
        "type": "Point",
        "coordinates": [
          131.8062651,
          34.0536245
        ]
      },
      "properties": {
        "内容": "バス停: 市役所前",
        "name": "市役所前",
        "operator": "事業者不明",
        "ref": "",
        "url": "",
        "url2": ""
      }
    },
    {
      "type": "Feature",
      "geometry": {
        "type": "Point",
        "coordinates": [
          131.9352197,
          33.9686375
        ]
      },
      "properties": {
        "内容": "バス停: 光製鐵前 (防長バス;バスネットサービス)",
        "name": "光製鐵前",
        "operator": "防長バス;バスネットサービス",
        "ref": "",
        "url": "",
        "url2": ""
      }
    },
    {
      "type": "Feature",
      "geometry": {
        "type": "Point",
        "coordinates": [
          131.9346994,
          33.9691204
        ]
      },
      "properties": {
        "内容": "バス停: 光製鐵前 (防長バス;バスネットサービス)",
        "name": "光製鐵前",
        "operator": "防長バス;バスネットサービス",
        "ref": "",
        "url": "",
        "url2": ""
      }
    },
    {
      "type": "Feature",
      "geometry": {
        "type": "Point",
        "coordinates": [
          131.9420575,
          33.9611837
        ]
      },
      "properties": {
        "内容": "バス停: 光市役所前 (防長バス;バスネットサービス)",
        "name": "光市役所前",
        "operator": "防長バス;バスネットサービス",
        "ref": "",
        "url": "",
        "url2": ""
      }
    },
    {
      "type": "Feature",
      "geometry": {
        "type": "Point",
        "coordinates": [
          131.9429832,
          33.9609314
        ]
      },
      "properties": {
        "内容": "バス停: 光市役所前 (防長バス;バスネットサービス)",
        "name": "光市役所前",
        "operator": "防長バス;バスネットサービス",
        "ref": "",
        "url": "",
        "url2": ""
      }
    },
    {
      "type": "Feature",
      "geometry": {
        "type": "Point",
        "coordinates": [
          131.9292921,
          33.9702848
        ]
      },
      "properties": {
        "内容": "バス停: 千歳橋 (防長バス)",
        "name": "千歳橋",
        "operator": "防長バス",
        "ref": "",
        "url": "",
        "url2": ""
      }
    },
    {
      "type": "Feature",
      "geometry": {
        "type": "Point",
        "coordinates": [
          131.9296762,
          33.970389
        ]
      },
      "properties": {
        "内容": "バス停: 千歳橋 (防長バス)",
        "name": "千歳橋",
        "operator": "防長バス",
        "ref": "",
        "url": "",
        "url2": ""
      }
    },
    {
      "type": "Feature",
      "geometry": {
        "type": "Point",
        "coordinates": [
          131.1986298,
          34.3882124
        ]
      },
      "properties": {
        "内容": "バス停: 仙崎駅前 (防長交通;サンデン交通;ブルーライン交通)",
        "name": "仙崎駅前",
        "operator": "防長交通;サンデン交通;ブルーライン交通",
        "ref": "",
        "url": "",
        "url2": ""
      }
    },
    {
      "type": "Feature",
      "geometry": {
        "type": "Point",
        "coordinates": [
          131.0997982,
          34.2902224
        ]
      },
      "properties": {
        "内容": "バス停: 俵山温泉 (サンデン交通)",
        "name": "俵山温泉",
        "operator": "サンデン交通",
        "ref": "",
        "url": "",
        "url2": ""
      }
    },
    {
      "type": "Feature",
      "geometry": {
        "type": "Point",
        "coordinates": [
          131.0966852,
          34.2892258
        ]
      },
      "properties": {
        "内容": "バス停: 俵山病院前 (サンデン交通)",
        "name": "俵山病院前",
        "operator": "サンデン交通",
        "ref": "",
        "url": "",
        "url2": ""
      }
    },
    {
      "type": "Feature",
      "geometry": {
        "type": "Point",
        "coordinates": [
          130.9426324,
          33.9565245
        ]
      },
      "properties": {
        "内容": "バス停: 唐戸 (サンデン交通)",
        "name": "唐戸",
        "operator": "サンデン交通",
        "ref": "",
        "url": "",
        "url2": ""
      }
    },
    {
      "type": "Feature",
      "geometry": {
        "type": "Point",
        "coordinates": [
          130.9426485,
          33.9569425
        ]
      },
      "properties": {
        "内容": "バス停: 唐戸 (サンデン交通)",
        "name": "唐戸",
        "operator": "サンデン交通",
        "ref": "",
        "url": "",
        "url2": ""
      }
    },
    {
      "type": "Feature",
      "geometry": {
        "type": "Point",
        "coordinates": [
          130.9424138,
          33.9573321
        ]
      },
      "properties": {
        "内容": "バス停: 唐戸 (サンデン交通)",
        "name": "唐戸",
        "operator": "サンデン交通",
        "ref": "",
        "url": "",
        "url2": ""
      }
    },
    {
      "type": "Feature",
      "geometry": {
        "type": "Point",
        "coordinates": [
          130.9423882,
          33.9576052
        ]
      },
      "properties": {
        "内容": "バス停: 唐戸 (サンデン交通)",
        "name": "唐戸",
        "operator": "サンデン交通",
        "ref": "",
        "url": "",
        "url2": ""
      }
    },
    {
      "type": "Feature",
      "geometry": {
        "type": "Point",
        "coordinates": [
          131.1981331,
          34.4023582
        ]
      },
      "properties": {
        "内容": "バス停: 大泊 (サンデン交通)",
        "name": "大泊",
        "operator": "サンデン交通",
        "ref": "",
        "url": "",
        "url2": ""
      }
    },
    {
      "type": "Feature",
      "geometry": {
        "type": "Point",
        "coordinates": [
          131.0354446,
          34.0700201
        ]
      },
      "properties": {
        "内容": "バス停: 小月局前 (サンデン交通)",
        "name": "小月局前",
        "operator": "サンデン交通",
        "ref": "",
        "url": "",
        "url2": ""
      }
    },
    {
      "type": "Feature",
      "geometry": {
        "type": "Point",
        "coordinates": [
          131.0351533,
          34.0702133
        ]
      },
      "properties": {
        "内容": "バス停: 小月局前 (サンデン交通)",
        "name": "小月局前",
        "operator": "サンデン交通",
        "ref": "",
        "url": "",
        "url2": ""
      }
    },
    {
      "type": "Feature",
      "geometry": {
        "type": "Point",
        "coordinates": [
          131.03451,
          34.0711711
        ]
      },
      "properties": {
        "内容": "バス停: 小月局前 (サンデン交通)",
        "name": "小月局前",
        "operator": "サンデン交通",
        "ref": "2",
        "url": "",
        "url2": ""
      }
    },
    {
      "type": "Feature",
      "geometry": {
        "type": "Point",
        "coordinates": [
          131.0344591,
          34.0713952
        ]
      },
      "properties": {
        "内容": "バス停: 小月局前 (サンデン交通)",
        "name": "小月局前",
        "operator": "サンデン交通",
        "ref": "",
        "url": "",
        "url2": ""
      }
    },
    {
      "type": "Feature",
      "geometry": {
        "type": "Point",
        "coordinates": [
          130.9912612,
          33.9917727
        ]
      },
      "properties": {
        "内容": "バス停: 松原 (サンデン交通)",
        "name": "松原",
        "operator": "サンデン交通",
        "ref": "",
        "url": "",
        "url2": ""
      }
    },
    {
      "type": "Feature",
      "geometry": {
        "type": "Point",
        "coordinates": [
          130.9909547,
          33.9920881
        ]
      },
      "properties": {
        "内容": "バス停: 松原 (サンデン交通)",
        "name": "松原",
        "operator": "サンデン交通",
        "ref": "",
        "url": "",
        "url2": ""
      }
    },
    {
      "type": "Feature",
      "geometry": {
        "type": "Point",
        "coordinates": [
          130.9565752,
          33.9656246
        ]
      },
      "properties": {
        "内容": "バス停: 御裳川 (サンデン交通)",
        "name": "御裳川",
        "operator": "サンデン交通",
        "ref": "",
        "url": "",
        "url2": ""
      }
    },
    {
      "type": "Feature",
      "geometry": {
        "type": "Point",
        "coordinates": [
          131.2021217,
          34.3884456
        ]
      },
      "properties": {
        "内容": "バス停: センザキッチン (防長交通;サンデン交通;ブルーライン交通)",
        "name": "センザキッチン",
        "operator": "防長交通;サンデン交通;ブルーライン交通",
        "ref": "",
        "url": "",
        "url2": ""
      }
    },
    {
      "type": "Feature",
      "geometry": {
        "type": "Point",
        "coordinates": [
          131.2570677,
          33.9314428
        ]
      },
      "properties": {
        "内容": "バス停: フジグラン宇部 (サンデン交通)",
        "name": "フジグラン宇部",
        "operator": "サンデン交通",
        "ref": "",
        "url": "",
        "url2": ""
      }
    },
    {
      "type": "Feature",
      "geometry": {
        "type": "Point",
        "coordinates": [
          131.1115248,
          34.030334
        ]
      },
      "properties": {
        "内容": "バス停: 周防灘PA (サンデン交通)",
        "name": "周防灘PA",
        "operator": "サンデン交通",
        "ref": "",
        "url": "",
        "url2": ""
      }
    },
    {
      "type": "Feature",
      "geometry": {
        "type": "Point",
        "coordinates": [
          131.1120074,
          34.0306539
        ]
      },
      "properties": {
        "内容": "バス停: 周防灘PA (サンデン交通)",
        "name": "周防灘PA",
        "operator": "サンデン交通",
        "ref": "",
        "url": "",
        "url2": ""
      }
    },
    {
      "type": "Feature",
      "geometry": {
        "type": "Point",
        "coordinates": [
          130.9911894,
          33.9973351
        ]
      },
      "properties": {
        "内容": "バス停: 城下町長府 (サンデン交通)",
        "name": "城下町長府",
        "operator": "サンデン交通",
        "ref": "",
        "url": "",
        "url2": ""
      }
    },
    {
      "type": "Feature",
      "geometry": {
        "type": "Point",
        "coordinates": [
          130.9909913,
          33.9978603
        ]
      },
      "properties": {
        "内容": "バス停: 城下町長府 (サンデン交通)",
        "name": "城下町長府",
        "operator": "サンデン交通",
        "ref": "",
        "url": "",
        "url2": ""
      }
    },
    {
      "type": "Feature",
      "geometry": {
        "type": "Point",
        "coordinates": [
          131.2841854,
          33.9922235
        ]
      },
      "properties": {
        "内容": "バス停: 宇部IC (サンデン交通)",
        "name": "宇部IC",
        "operator": "サンデン交通",
        "ref": "",
        "url": "",
        "url2": ""
      }
    },
    {
      "type": "Feature",
      "geometry": {
        "type": "Point",
        "coordinates": [
          131.283607,
          33.9928004
        ]
      },
      "properties": {
        "内容": "バス停: 宇部IC (サンデン交通)",
        "name": "宇部IC",
        "operator": "サンデン交通",
        "ref": "",
        "url": "",
        "url2": ""
      }
    },
    {
      "type": "Feature",
      "geometry": {
        "type": "Point",
        "coordinates": [
          131.2438315,
          33.9539216
        ]
      },
      "properties": {
        "内容": "バス停: 宇部中央 (船木鉄道;サンデン交通)",
        "name": "宇部中央",
        "operator": "船木鉄道;サンデン交通",
        "ref": "",
        "url": "",
        "url2": ""
      }
    },
    {
      "type": "Feature",
      "geometry": {
        "type": "Point",
        "coordinates": [
          131.2439621,
          33.9542394
        ]
      },
      "properties": {
        "内容": "バス停: 宇部中央 (船木鉄道;サンデン交通)",
        "name": "宇部中央",
        "operator": "船木鉄道;サンデン交通",
        "ref": "",
        "url": "",
        "url2": ""
      }
    },
    {
      "type": "Feature",
      "geometry": {
        "type": "Point",
        "coordinates": [
          131.1860336,
          34.0229175
        ]
      },
      "properties": {
        "内容": "バス停: 小野田IC (サンデン交通)",
        "name": "小野田IC",
        "operator": "サンデン交通",
        "ref": "",
        "url": "",
        "url2": ""
      }
    },
    {
      "type": "Feature",
      "geometry": {
        "type": "Point",
        "coordinates": [
          131.1848815,
          34.0231454
        ]
      },
      "properties": {
        "内容": "バス停: 小野田IC (サンデン交通)",
        "name": "小野田IC",
        "operator": "サンデン交通",
        "ref": "",
        "url": "",
        "url2": ""
      }
    },
    {
      "type": "Feature",
      "geometry": {
        "type": "Point",
        "coordinates": [
          131.1853087,
          34.007282
        ]
      },
      "properties": {
        "内容": "バス停: 小野田駅 (サンデン交通;船木鉄道)",
        "name": "小野田駅",
        "operator": "サンデン交通;船木鉄道",
        "ref": "",
        "url": "",
        "url2": ""
      }
    },
    {
      "type": "Feature",
      "geometry": {
        "type": "Point",
        "coordinates": [
          131.273887,
          33.9330217
        ]
      },
      "properties": {
        "内容": "バス停: 山口宇部空港 (中国ジェイアールバス;防長交通)",
        "name": "山口宇部空港",
        "operator": "中国ジェイアールバス;防長交通",
        "ref": "",
        "url": "",
        "url2": ""
      }
    },
    {
      "type": "Feature",
      "geometry": {
        "type": "Point",
        "coordinates": [
          131.2740623,
          33.9330999
        ]
      },
      "properties": {
        "内容": "バス停: 山口宇部空港 (サンデン交通)",
        "name": "山口宇部空港",
        "operator": "サンデン交通",
        "ref": "",
        "url": "",
        "url2": ""
      }
    },
    {
      "type": "Feature",
      "geometry": {
        "type": "Point",
        "coordinates": [
          131.2742694,
          33.9331945
        ]
      },
      "properties": {
        "内容": "バス停: 山口宇部空港 (宇部市交通局)",
        "name": "山口宇部空港",
        "operator": "宇部市交通局",
        "ref": "",
        "url": "",
        "url2": ""
      }
    },
    {
      "type": "Feature",
      "geometry": {
        "type": "Point",
        "coordinates": [
          131.2744693,
          33.9332815
        ]
      },
      "properties": {
        "内容": "バス停: 山口宇部空港 (宇部市交通局)",
        "name": "山口宇部空港",
        "operator": "宇部市交通局",
        "ref": "",
        "url": "",
        "url2": ""
      }
    },
    {
      "type": "Feature",
      "geometry": {
        "type": "Point",
        "coordinates": [
          131.1772092,
          33.99824
        ]
      },
      "properties": {
        "内容": "バス停: 山陽小野田市民病院 (サンデン交通)",
        "name": "山陽小野田市民病院",
        "operator": "サンデン交通",
        "ref": "",
        "url": "",
        "url2": ""
      }
    },
    {
      "type": "Feature",
      "geometry": {
        "type": "Point",
        "coordinates": [
          131.0020474,
          34.0194457
        ]
      },
      "properties": {
        "内容": "バス停: 長府駅前 (サンデン交通)",
        "name": "長府駅前",
        "operator": "サンデン交通",
        "ref": "",
        "url": "",
        "url2": ""
      }
    },
    {
      "type": "Feature",
      "geometry": {
        "type": "Point",
        "coordinates": [
          131.0018156,
          34.0196378
        ]
      },
      "properties": {
        "内容": "バス停: 長府駅前 (サンデン交通)",
        "name": "長府駅前",
        "operator": "サンデン交通",
        "ref": "",
        "url": "",
        "url2": ""
      }
    },
    {
      "type": "Feature",
      "geometry": {
        "type": "Point",
        "coordinates": [
          131.0391512,
          34.0808163
        ]
      },
      "properties": {
        "内容": "バス停: 高速小月 (サンデン交通)",
        "name": "高速小月",
        "operator": "サンデン交通",
        "ref": "",
        "url": "",
        "url2": ""
      }
    },
    {
      "type": "Feature",
      "geometry": {
        "type": "Point",
        "coordinates": [
          131.0389003,
          34.0810039
        ]
      },
      "properties": {
        "内容": "バス停: 高速小月 (サンデン交通)",
        "name": "高速小月",
        "operator": "サンデン交通",
        "ref": "",
        "url": "",
        "url2": ""
      }
    },
    {
      "type": "Feature",
      "geometry": {
        "type": "Point",
        "coordinates": [
          131.0283345,
          34.0654606
        ]
      },
      "properties": {
        "内容": "バス停: 材木町 (サンデン交通)",
        "name": "材木町",
        "operator": "サンデン交通",
        "ref": "",
        "url": "",
        "url2": ""
      }
    },
    {
      "type": "Feature",
      "geometry": {
        "type": "Point",
        "coordinates": [
          131.0281927,
          34.0655277
        ]
      },
      "properties": {
        "内容": "バス停: 材木町 (サンデン交通)",
        "name": "材木町",
        "operator": "サンデン交通",
        "ref": "",
        "url": "",
        "url2": ""
      }
    },
    {
      "type": "Feature",
      "geometry": {
        "type": "Point",
        "coordinates": [
          130.9119917,
          33.9364871
        ]
      },
      "properties": {
        "内容": "バス停: ロータリー (サンデン交通)",
        "name": "ロータリー",
        "operator": "サンデン交通",
        "ref": "",
        "url": "",
        "url2": ""
      }
    },
    {
      "type": "Feature",
      "geometry": {
        "type": "Point",
        "coordinates": [
          130.9120163,
          33.9366641
        ]
      },
      "properties": {
        "内容": "バス停: ロータリー (サンデン交通)",
        "name": "ロータリー",
        "operator": "サンデン交通",
        "ref": "",
        "url": "",
        "url2": ""
      }
    },
    {
      "type": "Feature",
      "geometry": {
        "type": "Point",
        "coordinates": [
          130.913537,
          33.9380483
        ]
      },
      "properties": {
        "内容": "バス停: ロータリー (サンデン交通)",
        "name": "ロータリー",
        "operator": "サンデン交通",
        "ref": "",
        "url": "",
        "url2": ""
      }
    },
    {
      "type": "Feature",
      "geometry": {
        "type": "Point",
        "coordinates": [
          130.9133866,
          33.938071
        ]
      },
      "properties": {
        "内容": "バス停: ロータリー (サンデン交通)",
        "name": "ロータリー",
        "operator": "サンデン交通",
        "ref": "",
        "url": "",
        "url2": ""
      }
    },
    {
      "type": "Feature",
      "geometry": {
        "type": "Point",
        "coordinates": [
          130.9224162,
          33.9493008
        ]
      },
      "properties": {
        "内容": "バス停: 下関駅 (サンデン交通;西鉄高速バス)",
        "name": "下関駅",
        "operator": "サンデン交通;西鉄高速バス",
        "ref": "",
        "url": "",
        "url2": ""
      }
    },
    {
      "type": "Feature",
      "geometry": {
        "type": "Point",
        "coordinates": [
          130.9099184,
          33.9213267
        ]
      },
      "properties": {
        "内容": "バス停: 彦島営業所 (サンデン交通)",
        "name": "彦島営業所",
        "operator": "サンデン交通",
        "ref": "",
        "url": "",
        "url2": ""
      }
    },
    {
      "type": "Feature",
      "geometry": {
        "type": "Point",
        "coordinates": [
          130.9098082,
          33.9221731
        ]
      },
      "properties": {
        "内容": "バス停: 彦島営業所 (サンデン交通)",
        "name": "彦島営業所",
        "operator": "サンデン交通",
        "ref": "",
        "url": "",
        "url2": ""
      }
    },
    {
      "type": "Feature",
      "geometry": {
        "type": "Point",
        "coordinates": [
          131.0555705,
          34.2585175
        ]
      },
      "properties": {
        "内容": "バス停: 一の俣温泉 (ブルーライン交通)",
        "name": "一の俣温泉",
        "operator": "ブルーライン交通",
        "ref": "",
        "url": "",
        "url2": ""
      }
    },
    {
      "type": "Feature",
      "geometry": {
        "type": "Point",
        "coordinates": [
          130.9508352,
          33.9602141
        ]
      },
      "properties": {
        "内容": "バス停: 壇の浦",
        "name": "壇の浦",
        "operator": "事業者不明",
        "ref": "",
        "url": "",
        "url2": ""
      }
    },
    {
      "type": "Feature",
      "geometry": {
        "type": "Point",
        "coordinates": [
          130.9306857,
          33.9656115
        ]
      },
      "properties": {
        "内容": "バス停: 市民病院 (サンデン交通)",
        "name": "市民病院",
        "operator": "サンデン交通",
        "ref": "",
        "url": "",
        "url2": ""
      }
    },
    {
      "type": "Feature",
      "geometry": {
        "type": "Point",
        "coordinates": [
          131.1332423,
          34.1955549
        ]
      },
      "properties": {
        "内容": "バス停: 御注連 (ブルーライン交通)",
        "name": "御注連",
        "operator": "ブルーライン交通",
        "ref": "",
        "url": "",
        "url2": ""
      }
    },
    {
      "type": "Feature",
      "geometry": {
        "type": "Point",
        "coordinates": [
          131.1327874,
          34.1959427
        ]
      },
      "properties": {
        "内容": "バス停: 御注連 (サンデン交通)",
        "name": "御注連",
        "operator": "サンデン交通",
        "ref": "",
        "url": "",
        "url2": ""
      }
    },
    {
      "type": "Feature",
      "geometry": {
        "type": "Point",
        "coordinates": [
          130.9309375,
          33.9669516
        ]
      },
      "properties": {
        "内容": "バス停: 東駅 (サンデン交通)",
        "name": "東駅",
        "operator": "サンデン交通",
        "ref": "",
        "url": "",
        "url2": ""
      }
    },
    {
      "type": "Feature",
      "geometry": {
        "type": "Point",
        "coordinates": [
          130.931109,
          33.967954
        ]
      },
      "properties": {
        "内容": "バス停: 東駅 (サンデン交通)",
        "name": "東駅",
        "operator": "サンデン交通",
        "ref": "",
        "url": "",
        "url2": ""
      }
    },
    {
      "type": "Feature",
      "geometry": {
        "type": "Point",
        "coordinates": [
          130.9299856,
          33.9679719
        ]
      },
      "properties": {
        "内容": "バス停: 東駅 (サンデン交通)",
        "name": "東駅",
        "operator": "サンデン交通",
        "ref": "",
        "url": "",
        "url2": ""
      }
    },
    {
      "type": "Feature",
      "geometry": {
        "type": "Point",
        "coordinates": [
          130.9306483,
          33.9682083
        ]
      },
      "properties": {
        "内容": "バス停: 東駅 (サンデン交通)",
        "name": "東駅",
        "operator": "サンデン交通",
        "ref": "",
        "url": "",
        "url2": ""
      }
    },
    {
      "type": "Feature",
      "geometry": {
        "type": "Point",
        "coordinates": [
          130.9300214,
          33.9684345
        ]
      },
      "properties": {
        "内容": "バス停: 東駅 (サンデン交通)",
        "name": "東駅",
        "operator": "サンデン交通",
        "ref": "",
        "url": "",
        "url2": ""
      }
    },
    {
      "type": "Feature",
      "geometry": {
        "type": "Point",
        "coordinates": [
          130.9300003,
          33.968565
        ]
      },
      "properties": {
        "内容": "バス停: 東駅 (サンデン交通)",
        "name": "東駅",
        "operator": "サンデン交通",
        "ref": "",
        "url": "",
        "url2": ""
      }
    },
    {
      "type": "Feature",
      "geometry": {
        "type": "Point",
        "coordinates": [
          130.9302374,
          33.9686806
        ]
      },
      "properties": {
        "内容": "バス停: 東駅 (サンデン交通)",
        "name": "東駅",
        "operator": "サンデン交通",
        "ref": "",
        "url": "",
        "url2": ""
      }
    },
    {
      "type": "Feature",
      "geometry": {
        "type": "Point",
        "coordinates": [
          130.9398266,
          33.9536176
        ]
      },
      "properties": {
        "内容": "バス停: 海響館前 (サンデン交通)",
        "name": "海響館前",
        "operator": "サンデン交通",
        "ref": "",
        "url": "",
        "url2": ""
      }
    },
    {
      "type": "Feature",
      "geometry": {
        "type": "Point",
        "coordinates": [
          131.0747912,
          34.1996193
        ]
      },
      "properties": {
        "内容": "バス停: 豊田町西市 (サンデン交通)",
        "name": "豊田町西市",
        "operator": "サンデン交通",
        "ref": "",
        "url": "",
        "url2": ""
      }
    },
    {
      "type": "Feature",
      "geometry": {
        "type": "Point",
        "coordinates": [
          131.0748813,
          34.2000564
        ]
      },
      "properties": {
        "内容": "バス停: 豊田町西市 (サンデン交通)",
        "name": "豊田町西市",
        "operator": "サンデン交通",
        "ref": "",
        "url": "",
        "url2": ""
      }
    },
    {
      "type": "Feature",
      "geometry": {
        "type": "Point",
        "coordinates": [
          130.9488689,
          33.958948
        ]
      },
      "properties": {
        "内容": "バス停: 赤間神宮前",
        "name": "赤間神宮前",
        "operator": "事業者不明",
        "ref": "",
        "url": "",
        "url2": ""
      }
    },
    {
      "type": "Feature",
      "geometry": {
        "type": "Point",
        "coordinates": [
          130.9921683,
          33.9887662
        ]
      },
      "properties": {
        "内容": "バス停: 関門医療センター (サンデン交通)",
        "name": "関門医療センター",
        "operator": "サンデン交通",
        "ref": "",
        "url": "",
        "url2": ""
      }
    },
    {
      "type": "Feature",
      "geometry": {
        "type": "Point",
        "coordinates": [
          131.1103441,
          34.1164509
        ]
      },
      "properties": {
        "内容": "バス停: ニュージーランド村 (サンデン交通)",
        "name": "ニュージーランド村",
        "operator": "サンデン交通",
        "ref": "",
        "url": "",
        "url2": ""
      }
    },
    {
      "type": "Feature",
      "geometry": {
        "type": "Point",
        "coordinates": [
          131.1109144,
          34.1167537
        ]
      },
      "properties": {
        "内容": "バス停: ニュージーランド村 (サンデン交通)",
        "name": "ニュージーランド村",
        "operator": "サンデン交通",
        "ref": "",
        "url": "",
        "url2": ""
      }
    },
    {
      "type": "Feature",
      "geometry": {
        "type": "Point",
        "coordinates": [
          131.7695318,
          34.0700222
        ]
      },
      "properties": {
        "内容": "バス停: 新南陽駅前降車口",
        "name": "新南陽駅前降車口",
        "operator": "事業者不明",
        "ref": "",
        "url": "",
        "url2": ""
      }
    },
    {
      "type": "Feature",
      "geometry": {
        "type": "Point",
        "coordinates": [
          131.7690133,
          34.0702149
        ]
      },
      "properties": {
        "内容": "バス停: 新南陽駅前",
        "name": "新南陽駅前",
        "operator": "事業者不明",
        "ref": "",
        "url": "",
        "url2": ""
      }
    },
    {
      "type": "Feature",
      "geometry": {
        "type": "Point",
        "coordinates": [
          131.7701671,
          34.0728754
        ]
      },
      "properties": {
        "内容": "バス停: 政所",
        "name": "政所",
        "operator": "事業者不明",
        "ref": "",
        "url": "",
        "url2": ""
      }
    },
    {
      "type": "Feature",
      "geometry": {
        "type": "Point",
        "coordinates": [
          131.7703909,
          34.0731177
        ]
      },
      "properties": {
        "内容": "バス停: 政所",
        "name": "政所",
        "operator": "事業者不明",
        "ref": "",
        "url": "",
        "url2": ""
      }
    },
    {
      "type": "Feature",
      "geometry": {
        "type": "Point",
        "coordinates": [
          131.7726258,
          34.0710554
        ]
      },
      "properties": {
        "内容": "バス停: ゆめタウン新南陽店前",
        "name": "ゆめタウン新南陽店前",
        "operator": "事業者不明",
        "ref": "",
        "url": "",
        "url2": ""
      }
    },
    {
      "type": "Feature",
      "geometry": {
        "type": "Point",
        "coordinates": [
          131.7738981,
          34.0709091
        ]
      },
      "properties": {
        "内容": "バス停: ゆめタウン新南陽店前",
        "name": "ゆめタウン新南陽店前",
        "operator": "事業者不明",
        "ref": "",
        "url": "",
        "url2": ""
      }
    },
    {
      "type": "Feature",
      "geometry": {
        "type": "Point",
        "coordinates": [
          131.7831543,
          34.069542
        ]
      },
      "properties": {
        "内容": "バス停: 川崎",
        "name": "川崎",
        "operator": "事業者不明",
        "ref": "",
        "url": "",
        "url2": ""
      }
    },
    {
      "type": "Feature",
      "geometry": {
        "type": "Point",
        "coordinates": [
          131.7834531,
          34.0694872
        ]
      },
      "properties": {
        "内容": "バス停: 川崎",
        "name": "川崎",
        "operator": "事業者不明",
        "ref": "",
        "url": "",
        "url2": ""
      }
    },
    {
      "type": "Feature",
      "geometry": {
        "type": "Point",
        "coordinates": [
          131.7779688,
          34.0699001
        ]
      },
      "properties": {
        "内容": "バス停: 古川",
        "name": "古川",
        "operator": "事業者不明",
        "ref": "",
        "url": "",
        "url2": ""
      }
    },
    {
      "type": "Feature",
      "geometry": {
        "type": "Point",
        "coordinates": [
          131.7771428,
          34.0699801
        ]
      },
      "properties": {
        "内容": "バス停: 古川",
        "name": "古川",
        "operator": "事業者不明",
        "ref": "",
        "url": "",
        "url2": ""
      }
    },
    {
      "type": "Feature",
      "geometry": {
        "type": "Point",
        "coordinates": [
          131.2440446,
          33.9535078
        ]
      },
      "properties": {
        "内容": "バス停: 宇部中央 (宇部市交通局)",
        "name": "宇部中央",
        "operator": "宇部市交通局",
        "ref": "",
        "url": "",
        "url2": ""
      }
    },
    {
      "type": "Feature",
      "geometry": {
        "type": "Point",
        "coordinates": [
          131.2438853,
          33.9538034
        ]
      },
      "properties": {
        "内容": "バス停: 宇部中央 (宇部市交通局)",
        "name": "宇部中央",
        "operator": "宇部市交通局",
        "ref": "",
        "url": "",
        "url2": ""
      }
    },
    {
      "type": "Feature",
      "geometry": {
        "type": "Point",
        "coordinates": [
          131.2441607,
          33.9538459
        ]
      },
      "properties": {
        "内容": "バス停: 宇部中央 (宇部市交通局)",
        "name": "宇部中央",
        "operator": "宇部市交通局",
        "ref": "",
        "url": "",
        "url2": ""
      }
    },
    {
      "type": "Feature",
      "geometry": {
        "type": "Point",
        "coordinates": [
          131.2441067,
          33.9540072
        ]
      },
      "properties": {
        "内容": "バス停: 宇部中央 (宇部市交通局)",
        "name": "宇部中央",
        "operator": "宇部市交通局",
        "ref": "",
        "url": "",
        "url2": ""
      }
    },
    {
      "type": "Feature",
      "geometry": {
        "type": "Point",
        "coordinates": [
          131.2437854,
          33.9540609
        ]
      },
      "properties": {
        "内容": "バス停: 宇部中央 (船木鉄道;宇部市交通局)",
        "name": "宇部中央",
        "operator": "船木鉄道;宇部市交通局",
        "ref": "",
        "url": "",
        "url2": ""
      }
    },
    {
      "type": "Feature",
      "geometry": {
        "type": "Point",
        "coordinates": [
          131.2440392,
          33.9541258
        ]
      },
      "properties": {
        "内容": "バス停: 宇部中央 (宇部市交通局)",
        "name": "宇部中央",
        "operator": "宇部市交通局",
        "ref": "",
        "url": "",
        "url2": ""
      }
    },
    {
      "type": "Feature",
      "geometry": {
        "type": "Point",
        "coordinates": [
          131.2441823,
          33.9548692
        ]
      },
      "properties": {
        "内容": "バス停: 宇部中央 (宇部市交通局)",
        "name": "宇部中央",
        "operator": "宇部市交通局",
        "ref": "",
        "url": "",
        "url2": ""
      }
    },
    {
      "type": "Feature",
      "geometry": {
        "type": "Point",
        "coordinates": [
          131.2441931,
          33.9551312
        ]
      },
      "properties": {
        "内容": "バス停: 宇部中央 (宇部市交通局)",
        "name": "宇部中央",
        "operator": "宇部市交通局",
        "ref": "",
        "url": "",
        "url2": ""
      }
    },
    {
      "type": "Feature",
      "geometry": {
        "type": "Point",
        "coordinates": [
          131.2424448,
          33.9576051
        ]
      },
      "properties": {
        "内容": "バス停: 宇部新川駅 (宇部市交通局)",
        "name": "宇部新川駅",
        "operator": "宇部市交通局",
        "ref": "",
        "url": "",
        "url2": ""
      }
    },
    {
      "type": "Feature",
      "geometry": {
        "type": "Point",
        "coordinates": [
          131.2423766,
          33.9576847
        ]
      },
      "properties": {
        "内容": "バス停: 宇部新川駅 (宇部市交通局)",
        "name": "宇部新川駅",
        "operator": "宇部市交通局",
        "ref": "",
        "url": "",
        "url2": ""
      }
    },
    {
      "type": "Feature",
      "geometry": {
        "type": "Point",
        "coordinates": [
          131.2423084,
          33.9577642
        ]
      },
      "properties": {
        "内容": "バス停: 宇部新川駅 (宇部市交通局)",
        "name": "宇部新川駅",
        "operator": "宇部市交通局",
        "ref": "",
        "url": "",
        "url2": ""
      }
    },
    {
      "type": "Feature",
      "geometry": {
        "type": "Point",
        "coordinates": [
          131.2422401,
          33.9578438
        ]
      },
      "properties": {
        "内容": "バス停: 宇部新川駅 (宇部市交通局)",
        "name": "宇部新川駅",
        "operator": "宇部市交通局",
        "ref": "",
        "url": "",
        "url2": ""
      }
    },
    {
      "type": "Feature",
      "geometry": {
        "type": "Point",
        "coordinates": [
          131.2421719,
          33.9579234
        ]
      },
      "properties": {
        "内容": "バス停: 宇部新川駅 (宇部市交通局;船木鉄道;サンデン交通)",
        "name": "宇部新川駅",
        "operator": "宇部市交通局;船木鉄道;サンデン交通",
        "ref": "",
        "url": "",
        "url2": ""
      }
    },
    {
      "type": "Feature",
      "geometry": {
        "type": "Point",
        "coordinates": [
          131.2420574,
          33.9580057
        ]
      },
      "properties": {
        "内容": "バス停: 宇部新川駅 (宇部市交通局)",
        "name": "宇部新川駅",
        "operator": "宇部市交通局",
        "ref": "",
        "url": "",
        "url2": ""
      }
    },
    {
      "type": "Feature",
      "geometry": {
        "type": "Point",
        "coordinates": [
          131.246559,
          33.951003
        ]
      },
      "properties": {
        "内容": "バス停: 市役所前 (宇部市交通局)",
        "name": "市役所前",
        "operator": "宇部市交通局",
        "ref": "",
        "url": "",
        "url2": ""
      }
    },
    {
      "type": "Feature",
      "geometry": {
        "type": "Point",
        "coordinates": [
          131.2465022,
          33.9513704
        ]
      },
      "properties": {
        "内容": "バス停: 市役所前 (宇部市交通局)",
        "name": "市役所前",
        "operator": "宇部市交通局",
        "ref": "",
        "url": "",
        "url2": ""
      }
    },
    {
      "type": "Feature",
      "geometry": {
        "type": "Point",
        "coordinates": [
          131.0601864,
          34.2664305
        ]
      },
      "properties": {
        "内容": "バス停: 一の俣 (ブルーライン交通)",
        "name": "一の俣",
        "operator": "ブルーライン交通",
        "ref": "",
        "url": "",
        "url2": ""
      }
    },
    {
      "type": "Feature",
      "geometry": {
        "type": "Point",
        "coordinates": [
          130.8504446,
          34.3517692
        ]
      },
      "properties": {
        "内容": "バス停: 大浜海水浴場 (ブルーライン交通)",
        "name": "大浜海水浴場",
        "operator": "ブルーライン交通",
        "ref": "",
        "url": "",
        "url2": ""
      }
    },
    {
      "type": "Feature",
      "geometry": {
        "type": "Point",
        "coordinates": [
          130.8587531,
          34.3543023
        ]
      },
      "properties": {
        "内容": "バス停: 学校横 (ブルーライン交通)",
        "name": "学校横",
        "operator": "ブルーライン交通",
        "ref": "",
        "url": "",
        "url2": ""
      }
    },
    {
      "type": "Feature",
      "geometry": {
        "type": "Point",
        "coordinates": [
          130.857996,
          34.3545279
        ]
      },
      "properties": {
        "内容": "バス停: 学校横 (ブルーライン交通)",
        "name": "学校横",
        "operator": "ブルーライン交通",
        "ref": "",
        "url": "",
        "url2": ""
      }
    },
    {
      "type": "Feature",
      "geometry": {
        "type": "Point",
        "coordinates": [
          130.85096,
          34.3478922
        ]
      },
      "properties": {
        "内容": "バス停: 尾山憩の家 (ブルーライン交通)",
        "name": "尾山憩の家",
        "operator": "ブルーライン交通",
        "ref": "",
        "url": "",
        "url2": ""
      }
    },
    {
      "type": "Feature",
      "geometry": {
        "type": "Point",
        "coordinates": [
          130.8704304,
          34.3577869
        ]
      },
      "properties": {
        "内容": "バス停: 岡ノ辻 (ブルーライン交通)",
        "name": "岡ノ辻",
        "operator": "ブルーライン交通",
        "ref": "",
        "url": "",
        "url2": ""
      }
    },
    {
      "type": "Feature",
      "geometry": {
        "type": "Point",
        "coordinates": [
          130.9023787,
          34.3538702
        ]
      },
      "properties": {
        "内容": "バス停: 島戸 (ブルーライン交通)",
        "name": "島戸",
        "operator": "ブルーライン交通",
        "ref": "",
        "url": "",
        "url2": ""
      }
    },
    {
      "type": "Feature",
      "geometry": {
        "type": "Point",
        "coordinates": [
          130.8677969,
          34.3556506
        ]
      },
      "properties": {
        "内容": "バス停: 役場支所前 (ブルーライン交通)",
        "name": "役場支所前",
        "operator": "ブルーライン交通",
        "ref": "",
        "url": "",
        "url2": ""
      }
    },
    {
      "type": "Feature",
      "geometry": {
        "type": "Point",
        "coordinates": [
          130.8642411,
          34.3568884
        ]
      },
      "properties": {
        "内容": "バス停: 後方 (ブルーライン交通)",
        "name": "後方",
        "operator": "ブルーライン交通",
        "ref": "",
        "url": "",
        "url2": ""
      }
    },
    {
      "type": "Feature",
      "geometry": {
        "type": "Point",
        "coordinates": [
          130.9461333,
          34.283556
        ]
      },
      "properties": {
        "内容": "バス停: 滝部駅 (ブルーライン交通)",
        "name": "滝部駅",
        "operator": "ブルーライン交通",
        "ref": "",
        "url": "",
        "url2": ""
      }
    },
    {
      "type": "Feature",
      "geometry": {
        "type": "Point",
        "coordinates": [
          130.9459339,
          34.2837822
        ]
      },
      "properties": {
        "内容": "バス停: 滝部駅 (ブルーライン交通)",
        "name": "滝部駅",
        "operator": "ブルーライン交通",
        "ref": "",
        "url": "",
        "url2": ""
      }
    },
    {
      "type": "Feature",
      "geometry": {
        "type": "Point",
        "coordinates": [
          130.8769639,
          34.3557183
        ]
      },
      "properties": {
        "内容": "バス停: 瀬崎公園 (ブルーライン交通)",
        "name": "瀬崎公園",
        "operator": "ブルーライン交通",
        "ref": "",
        "url": "",
        "url2": ""
      }
    },
    {
      "type": "Feature",
      "geometry": {
        "type": "Point",
        "coordinates": [
          130.8453549,
          34.350188
        ]
      },
      "properties": {
        "内容": "バス停: 灯台公園前 (ブルーライン交通)",
        "name": "灯台公園前",
        "operator": "ブルーライン交通",
        "ref": "",
        "url": "",
        "url2": ""
      }
    },
    {
      "type": "Feature",
      "geometry": {
        "type": "Point",
        "coordinates": [
          130.8720929,
          34.3598289
        ]
      },
      "properties": {
        "内容": "バス停: 牧崎公園口 (ブルーライン交通)",
        "name": "牧崎公園口",
        "operator": "ブルーライン交通",
        "ref": "",
        "url": "",
        "url2": ""
      }
    },
    {
      "type": "Feature",
      "geometry": {
        "type": "Point",
        "coordinates": [
          130.8719073,
          34.3599408
        ]
      },
      "properties": {
        "内容": "バス停: 牧崎公園口 (ブルーライン交通)",
        "name": "牧崎公園口",
        "operator": "ブルーライン交通",
        "ref": "",
        "url": "",
        "url2": ""
      }
    },
    {
      "type": "Feature",
      "geometry": {
        "type": "Point",
        "coordinates": [
          130.9185209,
          34.305797
        ]
      },
      "properties": {
        "内容": "バス停: 特牛駅 (ブルーライン交通)",
        "name": "特牛駅",
        "operator": "ブルーライン交通",
        "ref": "",
        "url": "",
        "url2": ""
      }
    },
    {
      "type": "Feature",
      "geometry": {
        "type": "Point",
        "coordinates": [
          131.0724568,
          34.200904
        ]
      },
      "properties": {
        "内容": "バス停: 豊田中央病院 (ブルーライン交通)",
        "name": "豊田中央病院",
        "operator": "ブルーライン交通",
        "ref": "",
        "url": "",
        "url2": ""
      }
    },
    {
      "type": "Feature",
      "geometry": {
        "type": "Point",
        "coordinates": [
          131.0754367,
          34.2005286
        ]
      },
      "properties": {
        "内容": "バス停: 豊田町西市 (ブルーライン交通)",
        "name": "豊田町西市",
        "operator": "ブルーライン交通",
        "ref": "",
        "url": "",
        "url2": ""
      }
    },
    {
      "type": "Feature",
      "geometry": {
        "type": "Point",
        "coordinates": [
          131.0258463,
          34.0592409
        ]
      },
      "properties": {
        "内容": "バス停: 清末 (サンデン交通)",
        "name": "清末",
        "operator": "サンデン交通",
        "ref": "",
        "url": "",
        "url2": ""
      }
    },
    {
      "type": "Feature",
      "geometry": {
        "type": "Point",
        "coordinates": [
          131.0262831,
          34.0597288
        ]
      },
      "properties": {
        "内容": "バス停: 清末 (サンデン交通)",
        "name": "清末",
        "operator": "サンデン交通",
        "ref": "",
        "url": "",
        "url2": ""
      }
    },
    {
      "type": "Feature",
      "geometry": {
        "type": "Point",
        "coordinates": [
          130.9491357,
          34.2975924
        ]
      },
      "properties": {
        "内容": "バス停: 豊北中学校 (ブルーライン交通)",
        "name": "豊北中学校",
        "operator": "ブルーライン交通",
        "ref": "",
        "url": "",
        "url2": ""
      }
    },
    {
      "type": "Feature",
      "geometry": {
        "type": "Point",
        "coordinates": [
          130.9410102,
          33.9568207
        ]
      },
      "properties": {
        "内容": "バス停: 市役所前 (サンデン交通)",
        "name": "市役所前",
        "operator": "サンデン交通",
        "ref": "",
        "url": "",
        "url2": ""
      }
    },
    {
      "type": "Feature",
      "geometry": {
        "type": "Point",
        "coordinates": [
          131.0568571,
          34.0740289
        ]
      },
      "properties": {
        "内容": "バス停: 木屋川中学校前 (サンデン交通)",
        "name": "木屋川中学校前",
        "operator": "サンデン交通",
        "ref": "",
        "url": "",
        "url2": ""
      }
    },
    {
      "type": "Feature",
      "geometry": {
        "type": "Point",
        "coordinates": [
          131.0714437,
          34.0888459
        ]
      },
      "properties": {
        "内容": "バス停: 東行庵入口 (サンデン交通)",
        "name": "東行庵入口",
        "operator": "サンデン交通",
        "ref": "",
        "url": "",
        "url2": ""
      }
    },
    {
      "type": "Feature",
      "geometry": {
        "type": "Point",
        "coordinates": [
          131.0706389,
          34.0898225
        ]
      },
      "properties": {
        "内容": "バス停: 東行庵入口 (サンデン交通)",
        "name": "東行庵入口",
        "operator": "サンデン交通",
        "ref": "",
        "url": "",
        "url2": ""
      }
    },
    {
      "type": "Feature",
      "geometry": {
        "type": "Point",
        "coordinates": [
          131.0696996,
          34.0910102
        ]
      },
      "properties": {
        "内容": "バス停: 東行庵入口 (サンデン交通)",
        "name": "東行庵入口",
        "operator": "サンデン交通",
        "ref": "",
        "url": "",
        "url2": ""
      }
    },
    {
      "type": "Feature",
      "geometry": {
        "type": "Point",
        "coordinates": [
          131.0692432,
          34.0911428
        ]
      },
      "properties": {
        "内容": "バス停: 東行庵入口 (サンデン交通)",
        "name": "東行庵入口",
        "operator": "サンデン交通",
        "ref": "",
        "url": "",
        "url2": ""
      }
    },
    {
      "type": "Feature",
      "geometry": {
        "type": "Point",
        "coordinates": [
          131.0981201,
          34.1081173
        ]
      },
      "properties": {
        "内容": "バス停: 湯谷温泉 (サンデン交通)",
        "name": "湯谷温泉",
        "operator": "サンデン交通",
        "ref": "",
        "url": "",
        "url2": ""
      }
    },
    {
      "type": "Feature",
      "geometry": {
        "type": "Point",
        "coordinates": [
          131.0983233,
          34.1083372
        ]
      },
      "properties": {
        "内容": "バス停: 湯谷温泉 (サンデン交通)",
        "name": "湯谷温泉",
        "operator": "サンデン交通",
        "ref": "",
        "url": "",
        "url2": ""
      }
    },
    {
      "type": "Feature",
      "geometry": {
        "type": "Point",
        "coordinates": [
          130.8935156,
          34.3093054
        ]
      },
      "properties": {
        "内容": "バス停: 荒田 (ブルーライン交通)",
        "name": "荒田",
        "operator": "ブルーライン交通",
        "ref": "",
        "url": "",
        "url2": ""
      }
    },
    {
      "type": "Feature",
      "geometry": {
        "type": "Point",
        "coordinates": [
          130.892662,
          34.3090944
        ]
      },
      "properties": {
        "内容": "バス停: 荒田 (ブルーライン交通)",
        "name": "荒田",
        "operator": "ブルーライン交通",
        "ref": "",
        "url": "",
        "url2": ""
      }
    },
    {
      "type": "Feature",
      "geometry": {
        "type": "Point",
        "coordinates": [
          130.9880162,
          33.9859989
        ]
      },
      "properties": {
        "内容": "バス停: マリンランド (サンデン交通)",
        "name": "マリンランド",
        "operator": "サンデン交通",
        "ref": "",
        "url": "",
        "url2": ""
      }
    },
    {
      "type": "Feature",
      "geometry": {
        "type": "Point",
        "coordinates": [
          131.0475457,
          34.0671981
        ]
      },
      "properties": {
        "内容": "バス停: 小月営業所 (サンデン交通)",
        "name": "小月営業所",
        "operator": "サンデン交通",
        "ref": "",
        "url": "",
        "url2": ""
      }
    },
    {
      "type": "Feature",
      "geometry": {
        "type": "Point",
        "coordinates": [
          131.0150845,
          34.0443954
        ]
      },
      "properties": {
        "内容": "バス停: 高磯 (サンデン交通)",
        "name": "高磯",
        "operator": "サンデン交通",
        "ref": "",
        "url": "",
        "url2": ""
      }
    },
    {
      "type": "Feature",
      "geometry": {
        "type": "Point",
        "coordinates": [
          131.0151038,
          34.0447423
        ]
      },
      "properties": {
        "内容": "バス停: 高磯 (サンデン交通)",
        "name": "高磯",
        "operator": "サンデン交通",
        "ref": "",
        "url": "",
        "url2": ""
      }
    },
    {
      "type": "Feature",
      "geometry": {
        "type": "Point",
        "coordinates": [
          131.801904,
          34.0573724
        ]
      },
      "properties": {
        "内容": "バス停: 新宿1",
        "name": "新宿1",
        "operator": "事業者不明",
        "ref": "",
        "url": "",
        "url2": ""
      }
    },
    {
      "type": "Feature",
      "geometry": {
        "type": "Point",
        "coordinates": [
          131.8016285,
          34.0572906
        ]
      },
      "properties": {
        "内容": "バス停: 新宿1",
        "name": "新宿1",
        "operator": "事業者不明",
        "ref": "",
        "url": "",
        "url2": ""
      }
    },
    {
      "type": "Feature",
      "geometry": {
        "type": "Point",
        "coordinates": [
          131.7996088,
          34.0616158
        ]
      },
      "properties": {
        "内容": "バス停: 新宿3",
        "name": "新宿3",
        "operator": "事業者不明",
        "ref": "",
        "url": "",
        "url2": ""
      }
    },
    {
      "type": "Feature",
      "geometry": {
        "type": "Point",
        "coordinates": [
          131.7999055,
          34.0616591
        ]
      },
      "properties": {
        "内容": "バス停: 新宿3",
        "name": "新宿3",
        "operator": "事業者不明",
        "ref": "",
        "url": "",
        "url2": ""
      }
    },
    {
      "type": "Feature",
      "geometry": {
        "type": "Point",
        "coordinates": [
          131.221465,
          34.0029468
        ]
      },
      "properties": {
        "内容": "バス停: 宇部駅 (宇部市交通局)",
        "name": "宇部駅",
        "operator": "宇部市交通局",
        "ref": "",
        "url": "",
        "url2": ""
      }
    },
    {
      "type": "Feature",
      "geometry": {
        "type": "Point",
        "coordinates": [
          131.396786,
          34.092752
        ]
      },
      "properties": {
        "内容": "バス停: 名称不明バス停",
        "name": "名称不明バス停",
        "operator": "事業者不明",
        "ref": "",
        "url": "",
        "url2": ""
      }
    },
    {
      "type": "Feature",
      "geometry": {
        "type": "Point",
        "coordinates": [
          131.247687,
          33.951629
        ]
      },
      "properties": {
        "内容": "バス停: 市役所東口",
        "name": "市役所東口",
        "operator": "事業者不明",
        "ref": "",
        "url": "",
        "url2": ""
      }
    },
    {
      "type": "Feature",
      "geometry": {
        "type": "Point",
        "coordinates": [
          130.8947778,
          34.0809491
        ]
      },
      "properties": {
        "内容": "バス停: 永田中村 (サンデン交通)",
        "name": "永田中村",
        "operator": "サンデン交通",
        "ref": "",
        "url": "",
        "url2": ""
      }
    },
    {
      "type": "Feature",
      "geometry": {
        "type": "Point",
        "coordinates": [
          130.8948905,
          34.0810246
        ]
      },
      "properties": {
        "内容": "バス停: 永田中村 (サンデン交通)",
        "name": "永田中村",
        "operator": "サンデン交通",
        "ref": "",
        "url": "",
        "url2": ""
      }
    },
    {
      "type": "Feature",
      "geometry": {
        "type": "Point",
        "coordinates": [
          130.9363188,
          33.9764101
        ]
      },
      "properties": {
        "内容": "バス停: 旭 (サンデン交通)",
        "name": "旭",
        "operator": "サンデン交通",
        "ref": "",
        "url": "",
        "url2": ""
      }
    },
    {
      "type": "Feature",
      "geometry": {
        "type": "Point",
        "coordinates": [
          131.4027299,
          34.4105289
        ]
      },
      "properties": {
        "内容": "バス停: 防長バス萩バスターミナル",
        "name": "防長バス萩バスターミナル",
        "operator": "事業者不明",
        "ref": "",
        "url": "",
        "url2": ""
      }
    },
    {
      "type": "Feature",
      "geometry": {
        "type": "Point",
        "coordinates": [
          131.1940899,
          33.9606489
        ]
      },
      "properties": {
        "内容": "バス停: 馬渡橋 (宇部市交通局)",
        "name": "馬渡橋",
        "operator": "宇部市交通局",
        "ref": "",
        "url": "",
        "url2": ""
      }
    },
    {
      "type": "Feature",
      "geometry": {
        "type": "Point",
        "coordinates": [
          130.9213947,
          33.9503711
        ]
      },
      "properties": {
        "内容": "バス停: 下関駅西口 (サンデン交通)",
        "name": "下関駅西口",
        "operator": "サンデン交通",
        "ref": "",
        "url": "",
        "url2": ""
      }
    },
    {
      "type": "Feature",
      "geometry": {
        "type": "Point",
        "coordinates": [
          130.9287071,
          33.987225
        ]
      },
      "properties": {
        "内容": "バス停: 山の田 (サンデン交通)",
        "name": "山の田",
        "operator": "サンデン交通",
        "ref": "",
        "url": "",
        "url2": ""
      }
    },
    {
      "type": "Feature",
      "geometry": {
        "type": "Point",
        "coordinates": [
          130.9291175,
          33.9874073
        ]
      },
      "properties": {
        "内容": "バス停: 山の田 (サンデン交通)",
        "name": "山の田",
        "operator": "サンデン交通",
        "ref": "",
        "url": "",
        "url2": ""
      }
    },
    {
      "type": "Feature",
      "geometry": {
        "type": "Point",
        "coordinates": [
          130.9306625,
          33.9874807
        ]
      },
      "properties": {
        "内容": "バス停: 山の田 (サンデン交通)",
        "name": "山の田",
        "operator": "サンデン交通",
        "ref": "",
        "url": "",
        "url2": ""
      }
    },
    {
      "type": "Feature",
      "geometry": {
        "type": "Point",
        "coordinates": [
          130.9307376,
          33.9877498
        ]
      },
      "properties": {
        "内容": "バス停: 山の田 (サンデン交通)",
        "name": "山の田",
        "operator": "サンデン交通",
        "ref": "",
        "url": "",
        "url2": ""
      }
    },
    {
      "type": "Feature",
      "geometry": {
        "type": "Point",
        "coordinates": [
          130.9305485,
          33.9878744
        ]
      },
      "properties": {
        "内容": "バス停: 山の田 (サンデン交通)",
        "name": "山の田",
        "operator": "サンデン交通",
        "ref": "",
        "url": "",
        "url2": ""
      }
    },
    {
      "type": "Feature",
      "geometry": {
        "type": "Point",
        "coordinates": [
          130.935872,
          34.140679
        ]
      },
      "properties": {
        "内容": "バス停: 川棚温泉 (サンデン交通;ブルーライン交通)",
        "name": "川棚温泉",
        "operator": "サンデン交通;ブルーライン交通",
        "ref": "",
        "url": "",
        "url2": ""
      }
    },
    {
      "type": "Feature",
      "geometry": {
        "type": "Point",
        "coordinates": [
          130.9242097,
          34.1463319
        ]
      },
      "properties": {
        "内容": "バス停: 川棚駅 (サンデン交通;ブルーライン交通)",
        "name": "川棚駅",
        "operator": "サンデン交通;ブルーライン交通",
        "ref": "",
        "url": "",
        "url2": ""
      }
    },
    {
      "type": "Feature",
      "geometry": {
        "type": "Point",
        "coordinates": [
          130.9234453,
          34.1465883
        ]
      },
      "properties": {
        "内容": "バス停: 川棚駅 (サンデン交通;ブルーライン交通)",
        "name": "川棚駅",
        "operator": "サンデン交通;ブルーライン交通",
        "ref": "",
        "url": "",
        "url2": ""
      }
    },
    {
      "type": "Feature",
      "geometry": {
        "type": "Point",
        "coordinates": [
          130.911773,
          34.030326
        ]
      },
      "properties": {
        "内容": "バス停: 横野 (サンデン交通)",
        "name": "横野",
        "operator": "サンデン交通",
        "ref": "",
        "url": "",
        "url2": ""
      }
    },
    {
      "type": "Feature",
      "geometry": {
        "type": "Point",
        "coordinates": [
          130.9118803,
          34.0308084
        ]
      },
      "properties": {
        "内容": "バス停: 横野 (サンデン交通)",
        "name": "横野",
        "operator": "サンデン交通",
        "ref": "",
        "url": "",
        "url2": ""
      }
    },
    {
      "type": "Feature",
      "geometry": {
        "type": "Point",
        "coordinates": [
          131.1994146,
          34.3883394
        ]
      },
      "properties": {
        "内容": "バス停: 仙崎駅前 (防長交通;サンデン交通;ブルーライン交通)",
        "name": "仙崎駅前",
        "operator": "防長交通;サンデン交通;ブルーライン交通",
        "ref": "",
        "url": "",
        "url2": ""
      }
    },
    {
      "type": "Feature",
      "geometry": {
        "type": "Point",
        "coordinates": [
          130.9610078,
          33.9688134
        ]
      },
      "properties": {
        "内容": "バス停: 国民宿舎前 (サンデン交通)",
        "name": "国民宿舎前",
        "operator": "サンデン交通",
        "ref": "",
        "url": "",
        "url2": ""
      }
    },
    {
      "type": "Feature",
      "geometry": {
        "type": "Point",
        "coordinates": [
          130.9575625,
          33.9675822
        ]
      },
      "properties": {
        "内容": "バス停: 火の山公園山麓 (サンデン交通)",
        "name": "火の山公園山麓",
        "operator": "サンデン交通",
        "ref": "",
        "url": "",
        "url2": ""
      }
    },
    {
      "type": "Feature",
      "geometry": {
        "type": "Point",
        "coordinates": [
          131.1735632,
          34.3291574
        ]
      },
      "properties": {
        "内容": "バス停: 長門湯本温泉 (サンデン交通)",
        "name": "長門湯本温泉",
        "operator": "サンデン交通",
        "ref": "",
        "url": "",
        "url2": ""
      }
    },
    {
      "type": "Feature",
      "geometry": {
        "type": "Point",
        "coordinates": [
          131.1721047,
          34.3342302
        ]
      },
      "properties": {
        "内容": "バス停: 湯本温泉駅 (サンデン交通)",
        "name": "湯本温泉駅",
        "operator": "サンデン交通",
        "ref": "",
        "url": "",
        "url2": ""
      }
    },
    {
      "type": "Feature",
      "geometry": {
        "type": "Point",
        "coordinates": [
          131.1719813,
          34.3342391
        ]
      },
      "properties": {
        "内容": "バス停: 湯本温泉駅 (サンデン交通)",
        "name": "湯本温泉駅",
        "operator": "サンデン交通",
        "ref": "",
        "url": "",
        "url2": ""
      }
    },
    {
      "type": "Feature",
      "geometry": {
        "type": "Point",
        "coordinates": [
          131.2559418,
          34.4176011
        ]
      },
      "properties": {
        "内容": "バス停: 通 (サンデン交通)",
        "name": "通",
        "operator": "サンデン交通",
        "ref": "",
        "url": "",
        "url2": ""
      }
    },
    {
      "type": "Feature",
      "geometry": {
        "type": "Point",
        "coordinates": [
          131.1862459,
          34.4108865
        ]
      },
      "properties": {
        "内容": "バス停: 青海 (サンデン交通;ブルーライン交通)",
        "name": "青海",
        "operator": "サンデン交通;ブルーライン交通",
        "ref": "",
        "url": "",
        "url2": ""
      }
    },
    {
      "type": "Feature",
      "geometry": {
        "type": "Point",
        "coordinates": [
          131.1128661,
          34.2828718
        ]
      },
      "properties": {
        "内容": "バス停: 俵山公民館前 (サンデン交通)",
        "name": "俵山公民館前",
        "operator": "サンデン交通",
        "ref": "",
        "url": "",
        "url2": ""
      }
    },
    {
      "type": "Feature",
      "geometry": {
        "type": "Point",
        "coordinates": [
          131.1129841,
          34.2829915
        ]
      },
      "properties": {
        "内容": "バス停: 俵山公民館前 (サンデン交通)",
        "name": "俵山公民館前",
        "operator": "サンデン交通",
        "ref": "",
        "url": "",
        "url2": ""
      }
    },
    {
      "type": "Feature",
      "geometry": {
        "type": "Point",
        "coordinates": [
          131.176877,
          34.3581596
        ]
      },
      "properties": {
        "内容": "バス停: 板持まるわ前 (サンデン交通;ブルーライン交通)",
        "name": "板持まるわ前",
        "operator": "サンデン交通;ブルーライン交通",
        "ref": "",
        "url": "",
        "url2": ""
      }
    },
    {
      "type": "Feature",
      "geometry": {
        "type": "Point",
        "coordinates": [
          131.1767027,
          34.3582902
        ]
      },
      "properties": {
        "内容": "バス停: 板持まるわ前 (サンデン交通;ブルーライン交通)",
        "name": "板持まるわ前",
        "operator": "サンデン交通;ブルーライン交通",
        "ref": "",
        "url": "",
        "url2": ""
      }
    },
    {
      "type": "Feature",
      "geometry": {
        "type": "Point",
        "coordinates": [
          131.1099291,
          34.2851567
        ]
      },
      "properties": {
        "内容": "バス停: 清山荘前 (サンデン交通)",
        "name": "清山荘前",
        "operator": "サンデン交通",
        "ref": "",
        "url": "",
        "url2": ""
      }
    },
    {
      "type": "Feature",
      "geometry": {
        "type": "Point",
        "coordinates": [
          131.1097521,
          34.2853606
        ]
      },
      "properties": {
        "内容": "バス停: 清山荘前 (サンデン交通)",
        "name": "清山荘前",
        "operator": "サンデン交通",
        "ref": "",
        "url": "",
        "url2": ""
      }
    },
    {
      "type": "Feature",
      "geometry": {
        "type": "Point",
        "coordinates": [
          131.224214,
          34.4264375
        ]
      },
      "properties": {
        "内容": "バス停: 静ヶ浦 (サンデン交通)",
        "name": "静ヶ浦",
        "operator": "サンデン交通",
        "ref": "",
        "url": "",
        "url2": ""
      }
    },
    {
      "type": "Feature",
      "geometry": {
        "type": "Point",
        "coordinates": [
          131.2241858,
          34.4268667
        ]
      },
      "properties": {
        "内容": "バス停: 静ヶ浦 (サンデン交通)",
        "name": "静ヶ浦",
        "operator": "サンデン交通",
        "ref": "",
        "url": "",
        "url2": ""
      }
    },
    {
      "type": "Feature",
      "geometry": {
        "type": "Point",
        "coordinates": [
          132.1796946,
          34.1674202
        ]
      },
      "properties": {
        "内容": "バス停: 名称不明バス停",
        "name": "名称不明バス停",
        "operator": "事業者不明",
        "ref": "",
        "url": "",
        "url2": ""
      }
    },
    {
      "type": "Feature",
      "geometry": {
        "type": "Point",
        "coordinates": [
          132.1796571,
          34.1677249
        ]
      },
      "properties": {
        "内容": "バス停: 名称不明バス停",
        "name": "名称不明バス停",
        "operator": "事業者不明",
        "ref": "",
        "url": "",
        "url2": ""
      }
    },
    {
      "type": "Feature",
      "geometry": {
        "type": "Point",
        "coordinates": [
          132.1797774,
          34.1676462
        ]
      },
      "properties": {
        "内容": "バス停: 名称不明バス停",
        "name": "名称不明バス停",
        "operator": "事業者不明",
        "ref": "",
        "url": "",
        "url2": ""
      }
    },
    {
      "type": "Feature",
      "geometry": {
        "type": "Point",
        "coordinates": [
          132.1799573,
          34.1675781
        ]
      },
      "properties": {
        "内容": "バス停: 名称不明バス停",
        "name": "名称不明バス停",
        "operator": "事業者不明",
        "ref": "",
        "url": "",
        "url2": ""
      }
    },
    {
      "type": "Feature",
      "geometry": {
        "type": "Point",
        "coordinates": [
          131.0435944,
          34.2530928
        ]
      },
      "properties": {
        "内容": "バス停: ほたるホーム (ブルーライン交通)",
        "name": "ほたるホーム",
        "operator": "ブルーライン交通",
        "ref": "",
        "url": "",
        "url2": ""
      }
    },
    {
      "type": "Feature",
      "geometry": {
        "type": "Point",
        "coordinates": [
          131.0395469,
          34.0860246
        ]
      },
      "properties": {
        "内容": "バス停: 上小月 (サンデン交通)",
        "name": "上小月",
        "operator": "サンデン交通",
        "ref": "",
        "url": "",
        "url2": ""
      }
    },
    {
      "type": "Feature",
      "geometry": {
        "type": "Point",
        "coordinates": [
          131.039842,
          34.0861934
        ]
      },
      "properties": {
        "内容": "バス停: 上小月 (サンデン交通)",
        "name": "上小月",
        "operator": "サンデン交通",
        "ref": "",
        "url": "",
        "url2": ""
      }
    },
    {
      "type": "Feature",
      "geometry": {
        "type": "Point",
        "coordinates": [
          131.0320046,
          34.1181
        ]
      },
      "properties": {
        "内容": "バス停: 田部 (サンデン交通)",
        "name": "田部",
        "operator": "サンデン交通",
        "ref": "",
        "url": "",
        "url2": ""
      }
    },
    {
      "type": "Feature",
      "geometry": {
        "type": "Point",
        "coordinates": [
          131.0318463,
          34.1185219
        ]
      },
      "properties": {
        "内容": "バス停: 田部 (サンデン交通)",
        "name": "田部",
        "operator": "サンデン交通",
        "ref": "",
        "url": "",
        "url2": ""
      }
    },
    {
      "type": "Feature",
      "geometry": {
        "type": "Point",
        "coordinates": [
          131.0342549,
          34.1311469
        ]
      },
      "properties": {
        "内容": "バス停: 菊川温泉 (サンデン交通)",
        "name": "菊川温泉",
        "operator": "サンデン交通",
        "ref": "",
        "url": "",
        "url2": ""
      }
    },
    {
      "type": "Feature",
      "geometry": {
        "type": "Point",
        "coordinates": [
          131.0341557,
          34.13138
        ]
      },
      "properties": {
        "内容": "バス停: 菊川温泉 (サンデン交通)",
        "name": "菊川温泉",
        "operator": "サンデン交通",
        "ref": "",
        "url": "",
        "url2": ""
      }
    },
    {
      "type": "Feature",
      "geometry": {
        "type": "Point",
        "coordinates": [
          130.9495901,
          34.0070734
        ]
      },
      "properties": {
        "内容": "バス停: 新下関駅 (サンデン交通)",
        "name": "新下関駅",
        "operator": "サンデン交通",
        "ref": "2",
        "url": "",
        "url2": ""
      }
    },
    {
      "type": "Feature",
      "geometry": {
        "type": "Point",
        "coordinates": [
          130.9497684,
          34.0070678
        ]
      },
      "properties": {
        "内容": "バス停: 新下関駅 (サンデン交通)",
        "name": "新下関駅",
        "operator": "サンデン交通",
        "ref": "3",
        "url": "",
        "url2": ""
      }
    },
    {
      "type": "Feature",
      "geometry": {
        "type": "Point",
        "coordinates": [
          130.9499388,
          34.007065
        ]
      },
      "properties": {
        "内容": "バス停: 新下関駅 (サンデン交通)",
        "name": "新下関駅",
        "operator": "サンデン交通",
        "ref": "4",
        "url": "",
        "url2": ""
      }
    },
    {
      "type": "Feature",
      "geometry": {
        "type": "Point",
        "coordinates": [
          130.9493929,
          34.0071573
        ]
      },
      "properties": {
        "内容": "バス停: 新下関駅 (サンデン交通)",
        "name": "新下関駅",
        "operator": "サンデン交通",
        "ref": "1",
        "url": "",
        "url2": ""
      }
    },
    {
      "type": "Feature",
      "geometry": {
        "type": "Point",
        "coordinates": [
          132.2249899,
          34.1719963
        ]
      },
      "properties": {
        "内容": "バス停: 岩国駅前",
        "name": "岩国駅前",
        "operator": "事業者不明",
        "ref": "",
        "url": "",
        "url2": ""
      }
    },
    {
      "type": "Feature",
      "geometry": {
        "type": "Point",
        "coordinates": [
          130.9373437,
          34.0195746
        ]
      },
      "properties": {
        "内容": "バス停: 名称不明バス停",
        "name": "名称不明バス停",
        "operator": "事業者不明",
        "ref": "",
        "url": "",
        "url2": ""
      }
    },
    {
      "type": "Feature",
      "geometry": {
        "type": "Point",
        "coordinates": [
          130.9356968,
          34.0200637
        ]
      },
      "properties": {
        "内容": "バス停: 名称不明バス停",
        "name": "名称不明バス停",
        "operator": "事業者不明",
        "ref": "",
        "url": "",
        "url2": ""
      }
    },
    {
      "type": "Feature",
      "geometry": {
        "type": "Point",
        "coordinates": [
          131.5216356,
          34.1514708
        ]
      },
      "properties": {
        "内容": "バス停: 名称不明バス停",
        "name": "名称不明バス停",
        "operator": "事業者不明",
        "ref": "",
        "url": "",
        "url2": ""
      }
    },
    {
      "type": "Feature",
      "geometry": {
        "type": "Point",
        "coordinates": [
          131.5217912,
          34.1512755
        ]
      },
      "properties": {
        "内容": "バス停: 名称不明バス停",
        "name": "名称不明バス停",
        "operator": "事業者不明",
        "ref": "",
        "url": "",
        "url2": ""
      }
    },
    {
      "type": "Feature",
      "geometry": {
        "type": "Point",
        "coordinates": [
          131.1882481,
          33.9564681
        ]
      },
      "properties": {
        "内容": "バス停: 理科大前 (宇部市交通局)",
        "name": "理科大前",
        "operator": "宇部市交通局",
        "ref": "",
        "url": "",
        "url2": ""
      }
    },
    {
      "type": "Feature",
      "geometry": {
        "type": "Point",
        "coordinates": [
          131.1879168,
          33.9558106
        ]
      },
      "properties": {
        "内容": "バス停: 理科大前 (宇部市交通局)",
        "name": "理科大前",
        "operator": "宇部市交通局",
        "ref": "",
        "url": "",
        "url2": ""
      }
    },
    {
      "type": "Feature",
      "geometry": {
        "type": "Point",
        "coordinates": [
          131.1843668,
          33.9547176
        ]
      },
      "properties": {
        "内容": "バス停: 日赤前 (宇部市交通局)",
        "name": "日赤前",
        "operator": "宇部市交通局",
        "ref": "",
        "url": "",
        "url2": ""
      }
    },
    {
      "type": "Feature",
      "geometry": {
        "type": "Point",
        "coordinates": [
          131.4352588,
          34.1575341
        ]
      },
      "properties": {
        "内容": "バス停: 児童センター前",
        "name": "児童センター前",
        "operator": "事業者不明",
        "ref": "",
        "url": "",
        "url2": ""
      }
    },
    {
      "type": "Feature",
      "geometry": {
        "type": "Point",
        "coordinates": [
          131.4348123,
          34.1576411
        ]
      },
      "properties": {
        "内容": "バス停: 名称不明バス停",
        "name": "名称不明バス停",
        "operator": "事業者不明",
        "ref": "",
        "url": "",
        "url2": ""
      }
    },
    {
      "type": "Feature",
      "geometry": {
        "type": "Point",
        "coordinates": [
          131.4393689,
          34.1604806
        ]
      },
      "properties": {
        "内容": "バス停: 中村",
        "name": "中村",
        "operator": "事業者不明",
        "ref": "",
        "url": "",
        "url2": ""
      }
    },
    {
      "type": "Feature",
      "geometry": {
        "type": "Point",
        "coordinates": [
          131.4391499,
          34.1607893
        ]
      },
      "properties": {
        "内容": "バス停: 中村",
        "name": "中村",
        "operator": "事業者不明",
        "ref": "",
        "url": "",
        "url2": ""
      }
    },
    {
      "type": "Feature",
      "geometry": {
        "type": "Point",
        "coordinates": [
          131.4380574,
          34.1531629
        ]
      },
      "properties": {
        "内容": "バス停: 陸上競技場前",
        "name": "陸上競技場前",
        "operator": "事業者不明",
        "ref": "",
        "url": "",
        "url2": ""
      }
    },
    {
      "type": "Feature",
      "geometry": {
        "type": "Point",
        "coordinates": [
          131.4382585,
          34.1531787
        ]
      },
      "properties": {
        "内容": "バス停: 陸上競技場前",
        "name": "陸上競技場前",
        "operator": "事業者不明",
        "ref": "",
        "url": "",
        "url2": ""
      }
    },
    {
      "type": "Feature",
      "geometry": {
        "type": "Point",
        "coordinates": [
          131.4394709,
          34.1542453
        ]
      },
      "properties": {
        "内容": "バス停: 維新公園前（新山口方面）",
        "name": "維新公園前（新山口方面）",
        "operator": "事業者不明",
        "ref": "",
        "url": "",
        "url2": ""
      }
    },
    {
      "type": "Feature",
      "geometry": {
        "type": "Point",
        "coordinates": [
          131.4409476,
          34.1556674
        ]
      },
      "properties": {
        "内容": "バス停: 維新公園前（湯田温泉方面）",
        "name": "維新公園前（湯田温泉方面）",
        "operator": "事業者不明",
        "ref": "",
        "url": "",
        "url2": ""
      }
    },
    {
      "type": "Feature",
      "geometry": {
        "type": "Point",
        "coordinates": [
          131.1940312,
          33.960721
        ]
      },
      "properties": {
        "内容": "バス停: 馬渡橋 (宇部市交通局)",
        "name": "馬渡橋",
        "operator": "宇部市交通局",
        "ref": "",
        "url": "",
        "url2": ""
      }
    },
    {
      "type": "Feature",
      "geometry": {
        "type": "Point",
        "coordinates": [
          131.1979106,
          33.9681987
        ]
      },
      "properties": {
        "内容": "バス停: 長沢 (宇部市交通局)",
        "name": "長沢",
        "operator": "宇部市交通局",
        "ref": "",
        "url": "",
        "url2": ""
      }
    },
    {
      "type": "Feature",
      "geometry": {
        "type": "Point",
        "coordinates": [
          131.2006108,
          33.9712903
        ]
      },
      "properties": {
        "内容": "バス停: 中原 (宇部市交通局)",
        "name": "中原",
        "operator": "宇部市交通局",
        "ref": "",
        "url": "",
        "url2": ""
      }
    },
    {
      "type": "Feature",
      "geometry": {
        "type": "Point",
        "coordinates": [
          131.2059144,
          33.9843612
        ]
      },
      "properties": {
        "内容": "バス停: ゆめタウン宇部 (宇部市交通局)",
        "name": "ゆめタウン宇部",
        "operator": "宇部市交通局",
        "ref": "",
        "url": "",
        "url2": ""
      }
    },
    {
      "type": "Feature",
      "geometry": {
        "type": "Point",
        "coordinates": [
          131.208727,
          33.9771535
        ]
      },
      "properties": {
        "内容": "バス停: 西割 (宇部市交通局)",
        "name": "西割",
        "operator": "宇部市交通局",
        "ref": "",
        "url": "",
        "url2": ""
      }
    },
    {
      "type": "Feature",
      "geometry": {
        "type": "Point",
        "coordinates": [
          131.2087249,
          33.9769681
        ]
      },
      "properties": {
        "内容": "バス停: 西割 (宇部市交通局)",
        "name": "西割",
        "operator": "宇部市交通局",
        "ref": "",
        "url": "",
        "url2": ""
      }
    },
    {
      "type": "Feature",
      "geometry": {
        "type": "Point",
        "coordinates": [
          131.2165556,
          33.9780953
        ]
      },
      "properties": {
        "内容": "バス停: 東割 (宇部市交通局)",
        "name": "東割",
        "operator": "宇部市交通局",
        "ref": "",
        "url": "",
        "url2": ""
      }
    },
    {
      "type": "Feature",
      "geometry": {
        "type": "Point",
        "coordinates": [
          131.1984538,
          33.969084
        ]
      },
      "properties": {
        "内容": "バス停: 長沢 (宇部市交通局)",
        "name": "長沢",
        "operator": "宇部市交通局",
        "ref": "",
        "url": "",
        "url2": ""
      }
    },
    {
      "type": "Feature",
      "geometry": {
        "type": "Point",
        "coordinates": [
          131.2009596,
          33.9716698
        ]
      },
      "properties": {
        "内容": "バス停: 中原 (宇部市交通局)",
        "name": "中原",
        "operator": "宇部市交通局",
        "ref": "",
        "url": "",
        "url2": ""
      }
    },
    {
      "type": "Feature",
      "geometry": {
        "type": "Point",
        "coordinates": [
          131.2023714,
          33.9774767
        ]
      },
      "properties": {
        "内容": "バス停: 流川 (宇部市交通局)",
        "name": "流川",
        "operator": "宇部市交通局",
        "ref": "",
        "url": "",
        "url2": ""
      }
    },
    {
      "type": "Feature",
      "geometry": {
        "type": "Point",
        "coordinates": [
          131.201233,
          33.9771605
        ]
      },
      "properties": {
        "内容": "バス停: 流川 (宇部市交通局)",
        "name": "流川",
        "operator": "宇部市交通局",
        "ref": "",
        "url": "",
        "url2": ""
      }
    },
    {
      "type": "Feature",
      "geometry": {
        "type": "Point",
        "coordinates": [
          131.2027615,
          33.982382
        ]
      },
      "properties": {
        "内容": "バス停: 黒石 (宇部市交通局)",
        "name": "黒石",
        "operator": "宇部市交通局",
        "ref": "",
        "url": "",
        "url2": ""
      }
    },
    {
      "type": "Feature",
      "geometry": {
        "type": "Point",
        "coordinates": [
          131.1995216,
          33.9751857
        ]
      },
      "properties": {
        "内容": "バス停: 流川 (宇部市交通局)",
        "name": "流川",
        "operator": "宇部市交通局",
        "ref": "",
        "url": "",
        "url2": ""
      }
    },
    {
      "type": "Feature",
      "geometry": {
        "type": "Point",
        "coordinates": [
          131.1994773,
          33.9754448
        ]
      },
      "properties": {
        "内容": "バス停: 流川 (宇部市交通局)",
        "name": "流川",
        "operator": "宇部市交通局",
        "ref": "",
        "url": "",
        "url2": ""
      }
    },
    {
      "type": "Feature",
      "geometry": {
        "type": "Point",
        "coordinates": [
          131.2160066,
          33.976694
        ]
      },
      "properties": {
        "内容": "バス停: 東割 (宇部市交通局)",
        "name": "東割",
        "operator": "宇部市交通局",
        "ref": "",
        "url": "",
        "url2": ""
      }
    },
    {
      "type": "Feature",
      "geometry": {
        "type": "Point",
        "coordinates": [
          131.2174384,
          33.9771126
        ]
      },
      "properties": {
        "内容": "バス停: 東割 (宇部市交通局)",
        "name": "東割",
        "operator": "宇部市交通局",
        "ref": "",
        "url": "",
        "url2": ""
      }
    },
    {
      "type": "Feature",
      "geometry": {
        "type": "Point",
        "coordinates": [
          131.2028158,
          33.9816195
        ]
      },
      "properties": {
        "内容": "バス停: 黒石 (宇部市交通局)",
        "name": "黒石",
        "operator": "宇部市交通局",
        "ref": "",
        "url": "",
        "url2": ""
      }
    },
    {
      "type": "Feature",
      "geometry": {
        "type": "Point",
        "coordinates": [
          131.205717,
          33.9873518
        ]
      },
      "properties": {
        "内容": "バス停: 厚南泉町 (宇部市交通局)",
        "name": "厚南泉町",
        "operator": "宇部市交通局",
        "ref": "",
        "url": "",
        "url2": ""
      }
    },
    {
      "type": "Feature",
      "geometry": {
        "type": "Point",
        "coordinates": [
          131.2063702,
          33.9881035
        ]
      },
      "properties": {
        "内容": "バス停: 厚南泉町 (宇部市交通局)",
        "name": "厚南泉町",
        "operator": "宇部市交通局",
        "ref": "",
        "url": "",
        "url2": ""
      }
    },
    {
      "type": "Feature",
      "geometry": {
        "type": "Point",
        "coordinates": [
          131.2093179,
          33.9919732
        ]
      },
      "properties": {
        "内容": "バス停: 中野 (宇部市交通局)",
        "name": "中野",
        "operator": "宇部市交通局",
        "ref": "",
        "url": "",
        "url2": ""
      }
    },
    {
      "type": "Feature",
      "geometry": {
        "type": "Point",
        "coordinates": [
          131.2091194,
          33.991942
        ]
      },
      "properties": {
        "内容": "バス停: 中野 (宇部市交通局)",
        "name": "中野",
        "operator": "宇部市交通局",
        "ref": "",
        "url": "",
        "url2": ""
      }
    },
    {
      "type": "Feature",
      "geometry": {
        "type": "Point",
        "coordinates": [
          131.2110622,
          33.9943573
        ]
      },
      "properties": {
        "内容": "バス停: 厚南校前 (宇部市交通局)",
        "name": "厚南校前",
        "operator": "宇部市交通局",
        "ref": "",
        "url": "",
        "url2": ""
      }
    },
    {
      "type": "Feature",
      "geometry": {
        "type": "Point",
        "coordinates": [
          131.2117159,
          33.9950893
        ]
      },
      "properties": {
        "内容": "バス停: 厚南校前 (宇部市交通局)",
        "name": "厚南校前",
        "operator": "宇部市交通局",
        "ref": "",
        "url": "",
        "url2": ""
      }
    },
    {
      "type": "Feature",
      "geometry": {
        "type": "Point",
        "coordinates": [
          131.2152256,
          33.9969816
        ]
      },
      "properties": {
        "内容": "バス停: 上中野 (宇部市交通局)",
        "name": "上中野",
        "operator": "宇部市交通局",
        "ref": "",
        "url": "",
        "url2": ""
      }
    },
    {
      "type": "Feature",
      "geometry": {
        "type": "Point",
        "coordinates": [
          131.2167506,
          33.9975506
        ]
      },
      "properties": {
        "内容": "バス停: 上中野 (宇部市交通局)",
        "name": "上中野",
        "operator": "宇部市交通局",
        "ref": "",
        "url": "",
        "url2": ""
      }
    },
    {
      "type": "Feature",
      "geometry": {
        "type": "Point",
        "coordinates": [
          131.2200397,
          33.9974384
        ]
      },
      "properties": {
        "内容": "バス停: 厚南鍋倉 (宇部市交通局)",
        "name": "厚南鍋倉",
        "operator": "宇部市交通局",
        "ref": "",
        "url": "",
        "url2": ""
      }
    },
    {
      "type": "Feature",
      "geometry": {
        "type": "Point",
        "coordinates": [
          131.2203193,
          33.9978991
        ]
      },
      "properties": {
        "内容": "バス停: 厚南鍋倉 (宇部市交通局)",
        "name": "厚南鍋倉",
        "operator": "宇部市交通局",
        "ref": "",
        "url": "",
        "url2": ""
      }
    },
    {
      "type": "Feature",
      "geometry": {
        "type": "Point",
        "coordinates": [
          131.2189126,
          33.9930662
        ]
      },
      "properties": {
        "内容": "バス停: 厚南市民センター (宇部市交通局)",
        "name": "厚南市民センター",
        "operator": "宇部市交通局",
        "ref": "",
        "url": "",
        "url2": ""
      }
    },
    {
      "type": "Feature",
      "geometry": {
        "type": "Point",
        "coordinates": [
          131.218741,
          33.9931169
        ]
      },
      "properties": {
        "内容": "バス停: 厚南市民センター (宇部市交通局)",
        "name": "厚南市民センター",
        "operator": "宇部市交通局",
        "ref": "",
        "url": "",
        "url2": ""
      }
    },
    {
      "type": "Feature",
      "geometry": {
        "type": "Point",
        "coordinates": [
          131.2178903,
          33.9912515
        ]
      },
      "properties": {
        "内容": "バス停: 中州郷 (宇部市交通局)",
        "name": "中州郷",
        "operator": "宇部市交通局",
        "ref": "",
        "url": "",
        "url2": ""
      }
    },
    {
      "type": "Feature",
      "geometry": {
        "type": "Point",
        "coordinates": [
          131.2174014,
          33.9907651
        ]
      },
      "properties": {
        "内容": "バス停: 中州郷 (宇部市交通局)",
        "name": "中州郷",
        "operator": "宇部市交通局",
        "ref": "",
        "url": "",
        "url2": ""
      }
    },
    {
      "type": "Feature",
      "geometry": {
        "type": "Point",
        "coordinates": [
          131.2164922,
          33.9821165
        ]
      },
      "properties": {
        "内容": "バス停: 新地 (宇部市交通局)",
        "name": "新地",
        "operator": "宇部市交通局",
        "ref": "",
        "url": "",
        "url2": ""
      }
    },
    {
      "type": "Feature",
      "geometry": {
        "type": "Point",
        "coordinates": [
          131.2166236,
          33.9814993
        ]
      },
      "properties": {
        "内容": "バス停: 新地 (宇部市交通局)",
        "name": "新地",
        "operator": "宇部市交通局",
        "ref": "",
        "url": "",
        "url2": ""
      }
    },
    {
      "type": "Feature",
      "geometry": {
        "type": "Point",
        "coordinates": [
          131.3429378,
          34.2201948
        ]
      },
      "properties": {
        "内容": "バス停: 名称不明バス停",
        "name": "名称不明バス停",
        "operator": "事業者不明",
        "ref": "",
        "url": "",
        "url2": ""
      }
    },
    {
      "type": "Feature",
      "geometry": {
        "type": "Point",
        "coordinates": [
          131.4488296,
          34.1673074
        ]
      },
      "properties": {
        "内容": "バス停: 稲葉団地入口",
        "name": "稲葉団地入口",
        "operator": "事業者不明",
        "ref": "",
        "url": "",
        "url2": ""
      }
    },
    {
      "type": "Feature",
      "geometry": {
        "type": "Point",
        "coordinates": [
          131.4496526,
          34.1682872
        ]
      },
      "properties": {
        "内容": "バス停: 稲葉団地入口",
        "name": "稲葉団地入口",
        "operator": "事業者不明",
        "ref": "",
        "url": "",
        "url2": ""
      }
    },
    {
      "type": "Feature",
      "geometry": {
        "type": "Point",
        "coordinates": [
          131.797751,
          34.0577477
        ]
      },
      "properties": {
        "内容": "バス停: 自得寺前",
        "name": "自得寺前",
        "operator": "事業者不明",
        "ref": "",
        "url": "",
        "url2": ""
      }
    },
    {
      "type": "Feature",
      "geometry": {
        "type": "Point",
        "coordinates": [
          131.7976024,
          34.0576138
        ]
      },
      "properties": {
        "内容": "バス停: 自得寺前",
        "name": "自得寺前",
        "operator": "事業者不明",
        "ref": "",
        "url": "",
        "url2": ""
      }
    },
    {
      "type": "Feature",
      "geometry": {
        "type": "Point",
        "coordinates": [
          131.7963079,
          34.0615228
        ]
      },
      "properties": {
        "内容": "バス停: トクヤマ通用門",
        "name": "トクヤマ通用門",
        "operator": "事業者不明",
        "ref": "",
        "url": "",
        "url2": ""
      }
    },
    {
      "type": "Feature",
      "geometry": {
        "type": "Point",
        "coordinates": [
          131.7962829,
          34.061677
        ]
      },
      "properties": {
        "内容": "バス停: トクヤマ通用門",
        "name": "トクヤマ通用門",
        "operator": "事業者不明",
        "ref": "",
        "url": "",
        "url2": ""
      }
    },
    {
      "type": "Feature",
      "geometry": {
        "type": "Point",
        "coordinates": [
          131.7935897,
          34.0623185
        ]
      },
      "properties": {
        "内容": "バス停: トクヤマ正門",
        "name": "トクヤマ正門",
        "operator": "事業者不明",
        "ref": "",
        "url": "",
        "url2": ""
      }
    },
    {
      "type": "Feature",
      "geometry": {
        "type": "Point",
        "coordinates": [
          131.7898578,
          34.063028
        ]
      },
      "properties": {
        "内容": "バス停: トクヤマ西門",
        "name": "トクヤマ西門",
        "operator": "事業者不明",
        "ref": "",
        "url": "",
        "url2": ""
      }
    },
    {
      "type": "Feature",
      "geometry": {
        "type": "Point",
        "coordinates": [
          131.7838559,
          34.0635226
        ]
      },
      "properties": {
        "内容": "バス停: 道源開作",
        "name": "道源開作",
        "operator": "事業者不明",
        "ref": "",
        "url": "",
        "url2": ""
      }
    },
    {
      "type": "Feature",
      "geometry": {
        "type": "Point",
        "coordinates": [
          131.7784301,
          34.065431
        ]
      },
      "properties": {
        "内容": "バス停: トライアル周南店前",
        "name": "トライアル周南店前",
        "operator": "事業者不明",
        "ref": "",
        "url": "",
        "url2": ""
      }
    },
    {
      "type": "Feature",
      "geometry": {
        "type": "Point",
        "coordinates": [
          131.7764659,
          34.0660271
        ]
      },
      "properties": {
        "内容": "バス停: 東野村開作",
        "name": "東野村開作",
        "operator": "事業者不明",
        "ref": "",
        "url": "",
        "url2": ""
      }
    },
    {
      "type": "Feature",
      "geometry": {
        "type": "Point",
        "coordinates": [
          131.7765216,
          34.0631819
        ]
      },
      "properties": {
        "内容": "バス停: 周南工場",
        "name": "周南工場",
        "operator": "事業者不明",
        "ref": "",
        "url": "",
        "url2": ""
      }
    },
    {
      "type": "Feature",
      "geometry": {
        "type": "Point",
        "coordinates": [
          131.7763637,
          34.063145
        ]
      },
      "properties": {
        "内容": "バス停: 周南工場",
        "name": "周南工場",
        "operator": "事業者不明",
        "ref": "",
        "url": "",
        "url2": ""
      }
    },
    {
      "type": "Feature",
      "geometry": {
        "type": "Point",
        "coordinates": [
          131.7763074,
          34.0655522
        ]
      },
      "properties": {
        "内容": "バス停: 東野村開作",
        "name": "東野村開作",
        "operator": "事業者不明",
        "ref": "",
        "url": "",
        "url2": ""
      }
    },
    {
      "type": "Feature",
      "geometry": {
        "type": "Point",
        "coordinates": [
          131.7747657,
          34.0668283
        ]
      },
      "properties": {
        "内容": "バス停: 花園町",
        "name": "花園町",
        "operator": "事業者不明",
        "ref": "",
        "url": "",
        "url2": ""
      }
    },
    {
      "type": "Feature",
      "geometry": {
        "type": "Point",
        "coordinates": [
          131.7711767,
          34.0670668
        ]
      },
      "properties": {
        "内容": "バス停: 古泉二丁目",
        "name": "古泉二丁目",
        "operator": "事業者不明",
        "ref": "",
        "url": "",
        "url2": ""
      }
    },
    {
      "type": "Feature",
      "geometry": {
        "type": "Point",
        "coordinates": [
          131.7706388,
          34.0669619
        ]
      },
      "properties": {
        "内容": "バス停: 古泉二丁目",
        "name": "古泉二丁目",
        "operator": "事業者不明",
        "ref": "",
        "url": "",
        "url2": ""
      }
    },
    {
      "type": "Feature",
      "geometry": {
        "type": "Point",
        "coordinates": [
          131.7655295,
          34.0673465
        ]
      },
      "properties": {
        "内容": "バス停: 古泉一丁目",
        "name": "古泉一丁目",
        "operator": "事業者不明",
        "ref": "",
        "url": "",
        "url2": ""
      }
    },
    {
      "type": "Feature",
      "geometry": {
        "type": "Point",
        "coordinates": [
          131.7624,
          34.0685501
        ]
      },
      "properties": {
        "内容": "バス停: 東ソー入口",
        "name": "東ソー入口",
        "operator": "事業者不明",
        "ref": "",
        "url": "",
        "url2": ""
      }
    },
    {
      "type": "Feature",
      "geometry": {
        "type": "Point",
        "coordinates": [
          131.7589428,
          34.0681938
        ]
      },
      "properties": {
        "内容": "バス停: イオンタウン周南",
        "name": "イオンタウン周南",
        "operator": "事業者不明",
        "ref": "",
        "url": "",
        "url2": ""
      }
    },
    {
      "type": "Feature",
      "geometry": {
        "type": "Point",
        "coordinates": [
          131.7524229,
          34.0709962
        ]
      },
      "properties": {
        "内容": "バス停: 平野港前",
        "name": "平野港前",
        "operator": "事業者不明",
        "ref": "",
        "url": "",
        "url2": ""
      }
    },
    {
      "type": "Feature",
      "geometry": {
        "type": "Point",
        "coordinates": [
          131.7519427,
          34.0711045
        ]
      },
      "properties": {
        "内容": "バス停: 平野港前",
        "name": "平野港前",
        "operator": "事業者不明",
        "ref": "",
        "url": "",
        "url2": ""
      }
    },
    {
      "type": "Feature",
      "geometry": {
        "type": "Point",
        "coordinates": [
          131.7467116,
          34.0713956
        ]
      },
      "properties": {
        "内容": "バス停: 鉄工団地入口",
        "name": "鉄工団地入口",
        "operator": "事業者不明",
        "ref": "",
        "url": "",
        "url2": ""
      }
    },
    {
      "type": "Feature",
      "geometry": {
        "type": "Point",
        "coordinates": [
          131.7467924,
          34.0713084
        ]
      },
      "properties": {
        "内容": "バス停: 鉄工団地入口",
        "name": "鉄工団地入口",
        "operator": "事業者不明",
        "ref": "",
        "url": "",
        "url2": ""
      }
    },
    {
      "type": "Feature",
      "geometry": {
        "type": "Point",
        "coordinates": [
          131.7372965,
          34.0715075
        ]
      },
      "properties": {
        "内容": "バス停: ふれあいセンター前",
        "name": "ふれあいセンター前",
        "operator": "事業者不明",
        "ref": "",
        "url": "",
        "url2": ""
      }
    },
    {
      "type": "Feature",
      "geometry": {
        "type": "Point",
        "coordinates": [
          131.7345875,
          34.0714019
        ]
      },
      "properties": {
        "内容": "バス停: 新地町",
        "name": "新地町",
        "operator": "事業者不明",
        "ref": "",
        "url": "",
        "url2": ""
      }
    },
    {
      "type": "Feature",
      "geometry": {
        "type": "Point",
        "coordinates": [
          131.7308233,
          34.0638597
        ]
      },
      "properties": {
        "内容": "バス停: 室尾二丁目",
        "name": "室尾二丁目",
        "operator": "事業者不明",
        "ref": "",
        "url": "",
        "url2": ""
      }
    },
    {
      "type": "Feature",
      "geometry": {
        "type": "Point",
        "coordinates": [
          131.7230812,
          34.0616587
        ]
      },
      "properties": {
        "内容": "バス停: 長田海浜公園",
        "name": "長田海浜公園",
        "operator": "事業者不明",
        "ref": "",
        "url": "",
        "url2": ""
      }
    },
    {
      "type": "Feature",
      "geometry": {
        "type": "Point",
        "coordinates": [
          131.7300136,
          34.0708013
        ]
      },
      "properties": {
        "内容": "バス停: 常盤橋",
        "name": "常盤橋",
        "operator": "事業者不明",
        "ref": "",
        "url": "",
        "url2": ""
      }
    },
    {
      "type": "Feature",
      "geometry": {
        "type": "Point",
        "coordinates": [
          131.7286365,
          34.0729245
        ]
      },
      "properties": {
        "内容": "バス停: 御姫橋",
        "name": "御姫橋",
        "operator": "事業者不明",
        "ref": "",
        "url": "",
        "url2": ""
      }
    },
    {
      "type": "Feature",
      "geometry": {
        "type": "Point",
        "coordinates": [
          131.7984694,
          34.0550134
        ]
      },
      "properties": {
        "内容": "バス停: 熊野神社前",
        "name": "熊野神社前",
        "operator": "事業者不明",
        "ref": "",
        "url": "",
        "url2": ""
      }
    },
    {
      "type": "Feature",
      "geometry": {
        "type": "Point",
        "coordinates": [
          131.7982813,
          34.0550733
        ]
      },
      "properties": {
        "内容": "バス停: 熊野神社前",
        "name": "熊野神社前",
        "operator": "事業者不明",
        "ref": "",
        "url": "",
        "url2": ""
      }
    },
    {
      "type": "Feature",
      "geometry": {
        "type": "Point",
        "coordinates": [
          131.7793547,
          34.0651601
        ]
      },
      "properties": {
        "内容": "バス停: トライアル周南店前",
        "name": "トライアル周南店前",
        "operator": "事業者不明",
        "ref": "",
        "url": "",
        "url2": ""
      }
    },
    {
      "type": "Feature",
      "geometry": {
        "type": "Point",
        "coordinates": [
          131.7751895,
          34.0666033
        ]
      },
      "properties": {
        "内容": "バス停: 花園町",
        "name": "花園町",
        "operator": "事業者不明",
        "ref": "",
        "url": "",
        "url2": ""
      }
    },
    {
      "type": "Feature",
      "geometry": {
        "type": "Point",
        "coordinates": [
          131.7554416,
          34.0706168
        ]
      },
      "properties": {
        "内容": "バス停: 浜田",
        "name": "浜田",
        "operator": "事業者不明",
        "ref": "",
        "url": "",
        "url2": ""
      }
    },
    {
      "type": "Feature",
      "geometry": {
        "type": "Point",
        "coordinates": [
          131.7340239,
          34.0712341
        ]
      },
      "properties": {
        "内容": "バス停: 新地町",
        "name": "新地町",
        "operator": "事業者不明",
        "ref": "",
        "url": "",
        "url2": ""
      }
    },
    {
      "type": "Feature",
      "geometry": {
        "type": "Point",
        "coordinates": [
          131.7261059,
          34.0627731
        ]
      },
      "properties": {
        "内容": "バス停: 長田町",
        "name": "長田町",
        "operator": "事業者不明",
        "ref": "",
        "url": "",
        "url2": ""
      }
    },
    {
      "type": "Feature",
      "geometry": {
        "type": "Point",
        "coordinates": [
          131.8039269,
          34.0514644
        ]
      },
      "properties": {
        "内容": "バス停: 徳山駅前",
        "name": "徳山駅前",
        "operator": "事業者不明",
        "ref": "",
        "url": "",
        "url2": ""
      }
    },
    {
      "type": "Feature",
      "geometry": {
        "type": "Point",
        "coordinates": [
          131.8041306,
          34.0515491
        ]
      },
      "properties": {
        "内容": "バス停: 徳山駅前",
        "name": "徳山駅前",
        "operator": "事業者不明",
        "ref": "",
        "url": "",
        "url2": ""
      }
    },
    {
      "type": "Feature",
      "geometry": {
        "type": "Point",
        "coordinates": [
          131.8030346,
          34.0530035
        ]
      },
      "properties": {
        "内容": "バス停: 徳山駅前",
        "name": "徳山駅前",
        "operator": "事業者不明",
        "ref": "",
        "url": "",
        "url2": ""
      }
    },
    {
      "type": "Feature",
      "geometry": {
        "type": "Point",
        "coordinates": [
          131.7994594,
          34.0530237
        ]
      },
      "properties": {
        "内容": "バス停: 港通り",
        "name": "港通り",
        "operator": "事業者不明",
        "ref": "",
        "url": "",
        "url2": ""
      }
    },
    {
      "type": "Feature",
      "geometry": {
        "type": "Point",
        "coordinates": [
          131.7993133,
          34.0529729
        ]
      },
      "properties": {
        "内容": "バス停: 港通り",
        "name": "港通り",
        "operator": "事業者不明",
        "ref": "",
        "url": "",
        "url2": ""
      }
    },
    {
      "type": "Feature",
      "geometry": {
        "type": "Point",
        "coordinates": [
          131.7942854,
          34.0623121
        ]
      },
      "properties": {
        "内容": "バス停: トクヤマ正門",
        "name": "トクヤマ正門",
        "operator": "事業者不明",
        "ref": "",
        "url": "",
        "url2": ""
      }
    },
    {
      "type": "Feature",
      "geometry": {
        "type": "Point",
        "coordinates": [
          131.7871959,
          34.0632861
        ]
      },
      "properties": {
        "内容": "バス停: 新開橋",
        "name": "新開橋",
        "operator": "事業者不明",
        "ref": "",
        "url": "",
        "url2": ""
      }
    },
    {
      "type": "Feature",
      "geometry": {
        "type": "Point",
        "coordinates": [
          131.7868654,
          34.0631787
        ]
      },
      "properties": {
        "内容": "バス停: 新開橋",
        "name": "新開橋",
        "operator": "事業者不明",
        "ref": "",
        "url": "",
        "url2": ""
      }
    },
    {
      "type": "Feature",
      "geometry": {
        "type": "Point",
        "coordinates": [
          131.7822248,
          34.0637425
        ]
      },
      "properties": {
        "内容": "バス停: 道源開作",
        "name": "道源開作",
        "operator": "事業者不明",
        "ref": "",
        "url": "",
        "url2": ""
      }
    },
    {
      "type": "Feature",
      "geometry": {
        "type": "Point",
        "coordinates": [
          131.7641052,
          34.0676443
        ]
      },
      "properties": {
        "内容": "バス停: 東ソー入口",
        "name": "東ソー入口",
        "operator": "事業者不明",
        "ref": "",
        "url": "",
        "url2": ""
      }
    },
    {
      "type": "Feature",
      "geometry": {
        "type": "Point",
        "coordinates": [
          131.7569911,
          34.0702679
        ]
      },
      "properties": {
        "内容": "バス停: 浜田",
        "name": "浜田",
        "operator": "事業者不明",
        "ref": "",
        "url": "",
        "url2": ""
      }
    },
    {
      "type": "Feature",
      "geometry": {
        "type": "Point",
        "coordinates": [
          131.7384859,
          34.0717668
        ]
      },
      "properties": {
        "内容": "バス停: ふれあいセンター前",
        "name": "ふれあいセンター前",
        "operator": "事業者不明",
        "ref": "",
        "url": "",
        "url2": ""
      }
    },
    {
      "type": "Feature",
      "geometry": {
        "type": "Point",
        "coordinates": [
          131.7259564,
          34.0627771
        ]
      },
      "properties": {
        "内容": "バス停: 長田町",
        "name": "長田町",
        "operator": "事業者不明",
        "ref": "",
        "url": "",
        "url2": ""
      }
    },
    {
      "type": "Feature",
      "geometry": {
        "type": "Point",
        "coordinates": [
          131.7229094,
          34.0617756
        ]
      },
      "properties": {
        "内容": "バス停: 長田海浜公園",
        "name": "長田海浜公園",
        "operator": "事業者不明",
        "ref": "",
        "url": "",
        "url2": ""
      }
    },
    {
      "type": "Feature",
      "geometry": {
        "type": "Point",
        "coordinates": [
          131.7300115,
          34.0705327
        ]
      },
      "properties": {
        "内容": "バス停: 常盤橋",
        "name": "常盤橋",
        "operator": "事業者不明",
        "ref": "",
        "url": "",
        "url2": ""
      }
    },
    {
      "type": "Feature",
      "geometry": {
        "type": "Point",
        "coordinates": [
          131.7286764,
          34.0731191
        ]
      },
      "properties": {
        "内容": "バス停: 御姫橋",
        "name": "御姫橋",
        "operator": "事業者不明",
        "ref": "",
        "url": "",
        "url2": ""
      }
    },
    {
      "type": "Feature",
      "geometry": {
        "type": "Point",
        "coordinates": [
          131.7900041,
          34.0628888
        ]
      },
      "properties": {
        "内容": "バス停: トクヤマ西門",
        "name": "トクヤマ西門",
        "operator": "事業者不明",
        "ref": "",
        "url": "",
        "url2": ""
      }
    },
    {
      "type": "Feature",
      "geometry": {
        "type": "Point",
        "coordinates": [
          131.7630576,
          34.0636396
        ]
      },
      "properties": {
        "内容": "バス停: 東ソー前",
        "name": "東ソー前",
        "operator": "事業者不明",
        "ref": "",
        "url": "",
        "url2": ""
      }
    },
    {
      "type": "Feature",
      "geometry": {
        "type": "Point",
        "coordinates": [
          131.7214289,
          34.075118
        ]
      },
      "properties": {
        "内容": "バス停: 羽島口",
        "name": "羽島口",
        "operator": "事業者不明",
        "ref": "",
        "url": "",
        "url2": ""
      }
    },
    {
      "type": "Feature",
      "geometry": {
        "type": "Point",
        "coordinates": [
          131.7660157,
          34.0671744
        ]
      },
      "properties": {
        "内容": "バス停: 古泉一丁目",
        "name": "古泉一丁目",
        "operator": "事業者不明",
        "ref": "",
        "url": "",
        "url2": ""
      }
    },
    {
      "type": "Feature",
      "geometry": {
        "type": "Point",
        "coordinates": [
          131.7221276,
          34.0760885
        ]
      },
      "properties": {
        "内容": "バス停: 瀬ノ上",
        "name": "瀬ノ上",
        "operator": "事業者不明",
        "ref": "",
        "url": "",
        "url2": ""
      }
    },
    {
      "type": "Feature",
      "geometry": {
        "type": "Point",
        "coordinates": [
          132.2254412,
          34.17511
        ]
      },
      "properties": {
        "内容": "バス停: 室の木口",
        "name": "室の木口",
        "operator": "事業者不明",
        "ref": "",
        "url": "",
        "url2": ""
      }
    },
    {
      "type": "Feature",
      "geometry": {
        "type": "Point",
        "coordinates": [
          132.2256686,
          34.1752312
        ]
      },
      "properties": {
        "内容": "バス停: 室の木口",
        "name": "室の木口",
        "operator": "事業者不明",
        "ref": "",
        "url": "",
        "url2": ""
      }
    },
    {
      "type": "Feature",
      "geometry": {
        "type": "Point",
        "coordinates": [
          132.2265842,
          34.1773434
        ]
      },
      "properties": {
        "内容": "バス停: 立石口",
        "name": "立石口",
        "operator": "事業者不明",
        "ref": "",
        "url": "",
        "url2": ""
      }
    },
    {
      "type": "Feature",
      "geometry": {
        "type": "Point",
        "coordinates": [
          132.2268745,
          34.1774621
        ]
      },
      "properties": {
        "内容": "バス停: 立石口",
        "name": "立石口",
        "operator": "事業者不明",
        "ref": "",
        "url": "",
        "url2": ""
      }
    },
    {
      "type": "Feature",
      "geometry": {
        "type": "Point",
        "coordinates": [
          132.2282626,
          34.1797551
        ]
      },
      "properties": {
        "内容": "バス停: 立石二丁目",
        "name": "立石二丁目",
        "operator": "事業者不明",
        "ref": "",
        "url": "",
        "url2": ""
      }
    },
    {
      "type": "Feature",
      "geometry": {
        "type": "Point",
        "coordinates": [
          132.2301022,
          34.1782577
        ]
      },
      "properties": {
        "内容": "バス停: 昭和橋",
        "name": "昭和橋",
        "operator": "事業者不明",
        "ref": "",
        "url": "",
        "url2": ""
      }
    },
    {
      "type": "Feature",
      "geometry": {
        "type": "Point",
        "coordinates": [
          132.2301135,
          34.1779149
        ]
      },
      "properties": {
        "内容": "バス停: 昭和橋",
        "name": "昭和橋",
        "operator": "事業者不明",
        "ref": "",
        "url": "",
        "url2": ""
      }
    },
    {
      "type": "Feature",
      "geometry": {
        "type": "Point",
        "coordinates": [
          132.230532,
          34.175056
        ]
      },
      "properties": {
        "内容": "バス停: 昭和町",
        "name": "昭和町",
        "operator": "事業者不明",
        "ref": "",
        "url": "",
        "url2": ""
      }
    },
    {
      "type": "Feature",
      "geometry": {
        "type": "Point",
        "coordinates": [
          132.2315221,
          34.1721043
        ]
      },
      "properties": {
        "内容": "バス停: 元町四丁目",
        "name": "元町四丁目",
        "operator": "事業者不明",
        "ref": "",
        "url": "",
        "url2": ""
      }
    },
    {
      "type": "Feature",
      "geometry": {
        "type": "Point",
        "coordinates": [
          132.2339415,
          34.1714046
        ]
      },
      "properties": {
        "内容": "バス停: アメニティ桂",
        "name": "アメニティ桂",
        "operator": "事業者不明",
        "ref": "",
        "url": "",
        "url2": ""
      }
    },
    {
      "type": "Feature",
      "geometry": {
        "type": "Point",
        "coordinates": [
          132.2360004,
          34.169471
        ]
      },
      "properties": {
        "内容": "バス停: いわくにバス日の出町車庫",
        "name": "いわくにバス日の出町車庫",
        "operator": "事業者不明",
        "ref": "",
        "url": "",
        "url2": ""
      }
    },
    {
      "type": "Feature",
      "geometry": {
        "type": "Point",
        "coordinates": [
          132.2320217,
          34.1701039
        ]
      },
      "properties": {
        "内容": "バス停: 帝人正門",
        "name": "帝人正門",
        "operator": "事業者不明",
        "ref": "",
        "url": "",
        "url2": ""
      }
    },
    {
      "type": "Feature",
      "geometry": {
        "type": "Point",
        "coordinates": [
          132.2292372,
          34.1691323
        ]
      },
      "properties": {
        "内容": "バス停: 恵美須神社",
        "name": "恵美須神社",
        "operator": "事業者不明",
        "ref": "",
        "url": "",
        "url2": ""
      }
    },
    {
      "type": "Feature",
      "geometry": {
        "type": "Point",
        "coordinates": [
          132.2269791,
          34.1689357
        ]
      },
      "properties": {
        "内容": "バス停: 東中学校",
        "name": "東中学校",
        "operator": "事業者不明",
        "ref": "",
        "url": "",
        "url2": ""
      }
    },
    {
      "type": "Feature",
      "geometry": {
        "type": "Point",
        "coordinates": [
          132.2284403,
          34.179767
        ]
      },
      "properties": {
        "内容": "バス停: 立石二丁目",
        "name": "立石二丁目",
        "operator": "事業者不明",
        "ref": "",
        "url": "",
        "url2": ""
      }
    },
    {
      "type": "Feature",
      "geometry": {
        "type": "Point",
        "coordinates": [
          132.2307729,
          34.1812894
        ]
      },
      "properties": {
        "内容": "バス停: 立石",
        "name": "立石",
        "operator": "事業者不明",
        "ref": "",
        "url": "",
        "url2": ""
      }
    },
    {
      "type": "Feature",
      "geometry": {
        "type": "Point",
        "coordinates": [
          132.2310177,
          34.1825914
        ]
      },
      "properties": {
        "内容": "バス停: 立石",
        "name": "立石",
        "operator": "事業者不明",
        "ref": "",
        "url": "",
        "url2": ""
      }
    },
    {
      "type": "Feature",
      "geometry": {
        "type": "Point",
        "coordinates": [
          132.2300685,
          34.1694445
        ]
      },
      "properties": {
        "内容": "バス停: 恵美須神社",
        "name": "恵美須神社",
        "operator": "事業者不明",
        "ref": "",
        "url": "",
        "url2": ""
      }
    },
    {
      "type": "Feature",
      "geometry": {
        "type": "Point",
        "coordinates": [
          132.2301615,
          34.1756444
        ]
      },
      "properties": {
        "内容": "バス停: 昭和町",
        "name": "昭和町",
        "operator": "事業者不明",
        "ref": "",
        "url": "",
        "url2": ""
      }
    },
    {
      "type": "Feature",
      "geometry": {
        "type": "Point",
        "coordinates": [
          132.2313849,
          34.1721033
        ]
      },
      "properties": {
        "内容": "バス停: 元町四丁目",
        "name": "元町四丁目",
        "operator": "事業者不明",
        "ref": "",
        "url": "",
        "url2": ""
      }
    },
    {
      "type": "Feature",
      "geometry": {
        "type": "Point",
        "coordinates": [
          132.2341711,
          34.1713277
        ]
      },
      "properties": {
        "内容": "バス停: アメニティ桂",
        "name": "アメニティ桂",
        "operator": "事業者不明",
        "ref": "",
        "url": "",
        "url2": ""
      }
    },
    {
      "type": "Feature",
      "geometry": {
        "type": "Point",
        "coordinates": [
          132.2321856,
          34.1700827
        ]
      },
      "properties": {
        "内容": "バス停: 帝人正門",
        "name": "帝人正門",
        "operator": "事業者不明",
        "ref": "",
        "url": "",
        "url2": ""
      }
    },
    {
      "type": "Feature",
      "geometry": {
        "type": "Point",
        "coordinates": [
          132.2268864,
          34.1687099
        ]
      },
      "properties": {
        "内容": "バス停: 東中学校",
        "name": "東中学校",
        "operator": "事業者不明",
        "ref": "",
        "url": "",
        "url2": ""
      }
    },
    {
      "type": "Feature",
      "geometry": {
        "type": "Point",
        "coordinates": [
          131.1754204,
          33.9413826
        ]
      },
      "properties": {
        "内容": "バス停: 本山口",
        "name": "本山口",
        "operator": "事業者不明",
        "ref": "",
        "url": "",
        "url2": ""
      }
    },
    {
      "type": "Feature",
      "geometry": {
        "type": "Point",
        "coordinates": [
          131.1808853,
          33.9336719
        ]
      },
      "properties": {
        "内容": "バス停: 本山岬",
        "name": "本山岬",
        "operator": "事業者不明",
        "ref": "",
        "url": "",
        "url2": ""
      }
    },
    {
      "type": "Feature",
      "geometry": {
        "type": "Point",
        "coordinates": [
          131.1787817,
          33.9360929
        ]
      },
      "properties": {
        "内容": "バス停: 本山",
        "name": "本山",
        "operator": "事業者不明",
        "ref": "",
        "url": "",
        "url2": ""
      }
    },
    {
      "type": "Feature",
      "geometry": {
        "type": "Point",
        "coordinates": [
          131.1787522,
          33.9362075
        ]
      },
      "properties": {
        "内容": "バス停: 本山",
        "name": "本山",
        "operator": "事業者不明",
        "ref": "",
        "url": "",
        "url2": ""
      }
    },
    {
      "type": "Feature",
      "geometry": {
        "type": "Point",
        "coordinates": [
          131.1778778,
          33.937477
        ]
      },
      "properties": {
        "内容": "バス停: 神明町",
        "name": "神明町",
        "operator": "事業者不明",
        "ref": "",
        "url": "",
        "url2": ""
      }
    },
    {
      "type": "Feature",
      "geometry": {
        "type": "Point",
        "coordinates": [
          131.1778871,
          33.9375115
        ]
      },
      "properties": {
        "内容": "バス停: 神明町",
        "name": "神明町",
        "operator": "事業者不明",
        "ref": "",
        "url": "",
        "url2": ""
      }
    },
    {
      "type": "Feature",
      "geometry": {
        "type": "Point",
        "coordinates": [
          131.1753105,
          33.9414399
        ]
      },
      "properties": {
        "内容": "バス停: 本山口",
        "name": "本山口",
        "operator": "事業者不明",
        "ref": "",
        "url": "",
        "url2": ""
      }
    },
    {
      "type": "Feature",
      "geometry": {
        "type": "Point",
        "coordinates": [
          131.1732684,
          33.9425006
        ]
      },
      "properties": {
        "内容": "バス停: 本山駅",
        "name": "本山駅",
        "operator": "事業者不明",
        "ref": "",
        "url": "",
        "url2": ""
      }
    },
    {
      "type": "Feature",
      "geometry": {
        "type": "Point",
        "coordinates": [
          131.1730842,
          33.9426081
        ]
      },
      "properties": {
        "内容": "バス停: 本山駅",
        "name": "本山駅",
        "operator": "事業者不明",
        "ref": "",
        "url": "",
        "url2": ""
      }
    },
    {
      "type": "Feature",
      "geometry": {
        "type": "Point",
        "coordinates": [
          131.1700455,
          33.9439961
        ]
      },
      "properties": {
        "内容": "バス停: 焼野",
        "name": "焼野",
        "operator": "事業者不明",
        "ref": "",
        "url": "",
        "url2": ""
      }
    },
    {
      "type": "Feature",
      "geometry": {
        "type": "Point",
        "coordinates": [
          131.169697,
          33.94412
        ]
      },
      "properties": {
        "内容": "バス停: 焼野",
        "name": "焼野",
        "operator": "事業者不明",
        "ref": "",
        "url": "",
        "url2": ""
      }
    },
    {
      "type": "Feature",
      "geometry": {
        "type": "Point",
        "coordinates": [
          131.1681094,
          33.9453935
        ]
      },
      "properties": {
        "内容": "バス停: きらら交流館前",
        "name": "きらら交流館前",
        "operator": "事業者不明",
        "ref": "",
        "url": "",
        "url2": ""
      }
    },
    {
      "type": "Feature",
      "geometry": {
        "type": "Point",
        "coordinates": [
          131.1673454,
          33.9463767
        ]
      },
      "properties": {
        "内容": "バス停: きらら交流館前",
        "name": "きらら交流館前",
        "operator": "事業者不明",
        "ref": "",
        "url": "",
        "url2": ""
      }
    },
    {
      "type": "Feature",
      "geometry": {
        "type": "Point",
        "coordinates": [
          131.162197,
          33.950803
        ]
      },
      "properties": {
        "内容": "バス停: 大浜",
        "name": "大浜",
        "operator": "事業者不明",
        "ref": "",
        "url": "",
        "url2": ""
      }
    },
    {
      "type": "Feature",
      "geometry": {
        "type": "Point",
        "coordinates": [
          131.1633535,
          33.9505489
        ]
      },
      "properties": {
        "内容": "バス停: 大浜",
        "name": "大浜",
        "operator": "事業者不明",
        "ref": "",
        "url": "",
        "url2": ""
      }
    },
    {
      "type": "Feature",
      "geometry": {
        "type": "Point",
        "coordinates": [
          131.1613201,
          33.9520351
        ]
      },
      "properties": {
        "内容": "バス停: 南大浜",
        "name": "南大浜",
        "operator": "事業者不明",
        "ref": "",
        "url": "",
        "url2": ""
      }
    },
    {
      "type": "Feature",
      "geometry": {
        "type": "Point",
        "coordinates": [
          131.1608339,
          33.952965
        ]
      },
      "properties": {
        "内容": "バス停: 南大浜",
        "name": "南大浜",
        "operator": "事業者不明",
        "ref": "",
        "url": "",
        "url2": ""
      }
    },
    {
      "type": "Feature",
      "geometry": {
        "type": "Point",
        "coordinates": [
          131.1604115,
          33.9570441
        ]
      },
      "properties": {
        "内容": "バス停: 大浜西口",
        "name": "大浜西口",
        "operator": "事業者不明",
        "ref": "",
        "url": "",
        "url2": ""
      }
    },
    {
      "type": "Feature",
      "geometry": {
        "type": "Point",
        "coordinates": [
          131.1603446,
          33.9572962
        ]
      },
      "properties": {
        "内容": "バス停: 大浜西口",
        "name": "大浜西口",
        "operator": "事業者不明",
        "ref": "",
        "url": "",
        "url2": ""
      }
    },
    {
      "type": "Feature",
      "geometry": {
        "type": "Point",
        "coordinates": [
          131.1627957,
          33.9613582
        ]
      },
      "properties": {
        "内容": "バス停: 刈屋",
        "name": "刈屋",
        "operator": "事業者不明",
        "ref": "",
        "url": "",
        "url2": ""
      }
    },
    {
      "type": "Feature",
      "geometry": {
        "type": "Point",
        "coordinates": [
          131.1653779,
          33.9624994
        ]
      },
      "properties": {
        "内容": "バス停: 刈屋上条",
        "name": "刈屋上条",
        "operator": "事業者不明",
        "ref": "",
        "url": "",
        "url2": ""
      }
    },
    {
      "type": "Feature",
      "geometry": {
        "type": "Point",
        "coordinates": [
          131.1652664,
          33.9623171
        ]
      },
      "properties": {
        "内容": "バス停: 刈屋上条",
        "name": "刈屋上条",
        "operator": "事業者不明",
        "ref": "",
        "url": "",
        "url2": ""
      }
    },
    {
      "type": "Feature",
      "geometry": {
        "type": "Point",
        "coordinates": [
          131.1710498,
          33.9636877
        ]
      },
      "properties": {
        "内容": "バス停: 水神町",
        "name": "水神町",
        "operator": "事業者不明",
        "ref": "",
        "url": "",
        "url2": ""
      }
    },
    {
      "type": "Feature",
      "geometry": {
        "type": "Point",
        "coordinates": [
          131.1744464,
          33.9641517
        ]
      },
      "properties": {
        "内容": "バス停: 西の浜",
        "name": "西の浜",
        "operator": "事業者不明",
        "ref": "",
        "url": "",
        "url2": ""
      }
    },
    {
      "type": "Feature",
      "geometry": {
        "type": "Point",
        "coordinates": [
          131.1748645,
          33.9640841
        ]
      },
      "properties": {
        "内容": "バス停: 西の浜",
        "name": "西の浜",
        "operator": "事業者不明",
        "ref": "",
        "url": "",
        "url2": ""
      }
    },
    {
      "type": "Feature",
      "geometry": {
        "type": "Point",
        "coordinates": [
          131.1720381,
          33.9636653
        ]
      },
      "properties": {
        "内容": "バス停: 水神町",
        "name": "水神町",
        "operator": "事業者不明",
        "ref": "",
        "url": "",
        "url2": ""
      }
    },
    {
      "type": "Feature",
      "geometry": {
        "type": "Point",
        "coordinates": [
          131.1672105,
          33.9630489
        ]
      },
      "properties": {
        "内容": "バス停: 木戸",
        "name": "木戸",
        "operator": "事業者不明",
        "ref": "",
        "url": "",
        "url2": ""
      }
    },
    {
      "type": "Feature",
      "geometry": {
        "type": "Point",
        "coordinates": [
          131.1679022,
          33.9632137
        ]
      },
      "properties": {
        "内容": "バス停: 木戸",
        "name": "木戸",
        "operator": "事業者不明",
        "ref": "",
        "url": "",
        "url2": ""
      }
    },
    {
      "type": "Feature",
      "geometry": {
        "type": "Point",
        "coordinates": [
          131.1761398,
          33.9664629
        ]
      },
      "properties": {
        "内容": "バス停: 竜王町",
        "name": "竜王町",
        "operator": "事業者不明",
        "ref": "",
        "url": "",
        "url2": ""
      }
    },
    {
      "type": "Feature",
      "geometry": {
        "type": "Point",
        "coordinates": [
          131.1761223,
          33.9667587
        ]
      },
      "properties": {
        "内容": "バス停: 竜王町",
        "name": "竜王町",
        "operator": "事業者不明",
        "ref": "",
        "url": "",
        "url2": ""
      }
    },
    {
      "type": "Feature",
      "geometry": {
        "type": "Point",
        "coordinates": [
          131.1770246,
          33.972499
        ]
      },
      "properties": {
        "内容": "バス停: 小野田港",
        "name": "小野田港",
        "operator": "事業者不明",
        "ref": "",
        "url": "",
        "url2": ""
      }
    },
    {
      "type": "Feature",
      "geometry": {
        "type": "Point",
        "coordinates": [
          131.1768662,
          33.972515
        ]
      },
      "properties": {
        "内容": "バス停: 小野田港",
        "name": "小野田港",
        "operator": "事業者不明",
        "ref": "",
        "url": "",
        "url2": ""
      }
    },
    {
      "type": "Feature",
      "geometry": {
        "type": "Point",
        "coordinates": [
          131.1825814,
          33.9567961
        ]
      },
      "properties": {
        "内容": "バス停: 竜中正門前",
        "name": "竜中正門前",
        "operator": "事業者不明",
        "ref": "",
        "url": "",
        "url2": ""
      }
    },
    {
      "type": "Feature",
      "geometry": {
        "type": "Point",
        "coordinates": [
          131.1811588,
          33.9576592
        ]
      },
      "properties": {
        "内容": "バス停: 竜中正門前",
        "name": "竜中正門前",
        "operator": "事業者不明",
        "ref": "",
        "url": "",
        "url2": ""
      }
    },
    {
      "type": "Feature",
      "geometry": {
        "type": "Point",
        "coordinates": [
          131.1801141,
          33.9585215
        ]
      },
      "properties": {
        "内容": "バス停: 竜中北口",
        "name": "竜中北口",
        "operator": "事業者不明",
        "ref": "",
        "url": "",
        "url2": ""
      }
    },
    {
      "type": "Feature",
      "geometry": {
        "type": "Point",
        "coordinates": [
          131.1801182,
          33.9586383
        ]
      },
      "properties": {
        "内容": "バス停: 竜中北口",
        "name": "竜中北口",
        "operator": "事業者不明",
        "ref": "",
        "url": "",
        "url2": ""
      }
    },
    {
      "type": "Feature",
      "geometry": {
        "type": "Point",
        "coordinates": [
          131.1780346,
          33.9598141
        ]
      },
      "properties": {
        "内容": "バス停: 赤崎神社",
        "name": "赤崎神社",
        "operator": "事業者不明",
        "ref": "",
        "url": "",
        "url2": ""
      }
    },
    {
      "type": "Feature",
      "geometry": {
        "type": "Point",
        "coordinates": [
          131.1778763,
          33.96013
        ]
      },
      "properties": {
        "内容": "バス停: 赤崎神社",
        "name": "赤崎神社",
        "operator": "事業者不明",
        "ref": "",
        "url": "",
        "url2": ""
      }
    },
    {
      "type": "Feature",
      "geometry": {
        "type": "Point",
        "coordinates": [
          131.1767546,
          33.9599669
        ]
      },
      "properties": {
        "内容": "バス停: 赤崎神社",
        "name": "赤崎神社",
        "operator": "事業者不明",
        "ref": "",
        "url": "",
        "url2": ""
      }
    },
    {
      "type": "Feature",
      "geometry": {
        "type": "Point",
        "coordinates": [
          131.1760298,
          33.959621
        ]
      },
      "properties": {
        "内容": "バス停: 赤崎神社",
        "name": "赤崎神社",
        "operator": "事業者不明",
        "ref": "",
        "url": "",
        "url2": ""
      }
    },
    {
      "type": "Feature",
      "geometry": {
        "type": "Point",
        "coordinates": [
          131.174175,
          33.9582668
        ]
      },
      "properties": {
        "内容": "バス停: 波瀬の崎",
        "name": "波瀬の崎",
        "operator": "事業者不明",
        "ref": "",
        "url": "",
        "url2": ""
      }
    },
    {
      "type": "Feature",
      "geometry": {
        "type": "Point",
        "coordinates": [
          131.1754044,
          33.9556489
        ]
      },
      "properties": {
        "内容": "バス停: 万福寺",
        "name": "万福寺",
        "operator": "事業者不明",
        "ref": "",
        "url": "",
        "url2": ""
      }
    },
    {
      "type": "Feature",
      "geometry": {
        "type": "Point",
        "coordinates": [
          131.1769052,
          33.9510553
        ]
      },
      "properties": {
        "内容": "バス停: 南浜河内",
        "name": "南浜河内",
        "operator": "事業者不明",
        "ref": "",
        "url": "",
        "url2": ""
      }
    },
    {
      "type": "Feature",
      "geometry": {
        "type": "Point",
        "coordinates": [
          131.1770541,
          33.9504677
        ]
      },
      "properties": {
        "内容": "バス停: 南浜河内",
        "name": "南浜河内",
        "operator": "事業者不明",
        "ref": "",
        "url": "",
        "url2": ""
      }
    },
    {
      "type": "Feature",
      "geometry": {
        "type": "Point",
        "coordinates": [
          131.1738993,
          33.9479667
        ]
      },
      "properties": {
        "内容": "バス停: 本山小前",
        "name": "本山小前",
        "operator": "事業者不明",
        "ref": "",
        "url": "",
        "url2": ""
      }
    },
    {
      "type": "Feature",
      "geometry": {
        "type": "Point",
        "coordinates": [
          131.1727635,
          33.9468489
        ]
      },
      "properties": {
        "内容": "バス停: 本山小前",
        "name": "本山小前",
        "operator": "事業者不明",
        "ref": "",
        "url": "",
        "url2": ""
      }
    },
    {
      "type": "Feature",
      "geometry": {
        "type": "Point",
        "coordinates": [
          131.1704605,
          33.9456595
        ]
      },
      "properties": {
        "内容": "バス停: 松浜町",
        "name": "松浜町",
        "operator": "事業者不明",
        "ref": "",
        "url": "",
        "url2": ""
      }
    },
    {
      "type": "Feature",
      "geometry": {
        "type": "Point",
        "coordinates": [
          131.1690057,
          33.9449917
        ]
      },
      "properties": {
        "内容": "バス停: 松浜町",
        "name": "松浜町",
        "operator": "事業者不明",
        "ref": "",
        "url": "",
        "url2": ""
      }
    },
    {
      "type": "Feature",
      "geometry": {
        "type": "Point",
        "coordinates": [
          131.1774582,
          33.9791755
        ]
      },
      "properties": {
        "内容": "バス停: 公園通",
        "name": "公園通",
        "operator": "事業者不明",
        "ref": "",
        "url": "",
        "url2": ""
      }
    },
    {
      "type": "Feature",
      "geometry": {
        "type": "Point",
        "coordinates": [
          131.1775482,
          33.9790382
        ]
      },
      "properties": {
        "内容": "バス停: 公園通",
        "name": "公園通",
        "operator": "事業者不明",
        "ref": "",
        "url": "",
        "url2": ""
      }
    },
    {
      "type": "Feature",
      "geometry": {
        "type": "Point",
        "coordinates": [
          131.1776131,
          33.9813293
        ]
      },
      "properties": {
        "内容": "バス停: 本町",
        "name": "本町",
        "operator": "事業者不明",
        "ref": "",
        "url": "",
        "url2": ""
      }
    },
    {
      "type": "Feature",
      "geometry": {
        "type": "Point",
        "coordinates": [
          131.17774,
          33.9830488
        ]
      },
      "properties": {
        "内容": "バス停: 千代町",
        "name": "千代町",
        "operator": "事業者不明",
        "ref": "",
        "url": "",
        "url2": ""
      }
    },
    {
      "type": "Feature",
      "geometry": {
        "type": "Point",
        "coordinates": [
          131.1773367,
          33.9884566
        ]
      },
      "properties": {
        "内容": "バス停: 中川通り",
        "name": "中川通り",
        "operator": "事業者不明",
        "ref": "",
        "url": "",
        "url2": ""
      }
    },
    {
      "type": "Feature",
      "geometry": {
        "type": "Point",
        "coordinates": [
          131.1774294,
          33.9885854
        ]
      },
      "properties": {
        "内容": "バス停: 中川通り",
        "name": "中川通り",
        "operator": "事業者不明",
        "ref": "",
        "url": "",
        "url2": ""
      }
    },
    {
      "type": "Feature",
      "geometry": {
        "type": "Point",
        "coordinates": [
          131.1838669,
          33.9865572
        ]
      },
      "properties": {
        "内容": "バス停: 労災病院",
        "name": "労災病院",
        "operator": "事業者不明",
        "ref": "",
        "url": "",
        "url2": ""
      }
    },
    {
      "type": "Feature",
      "geometry": {
        "type": "Point",
        "coordinates": [
          131.1722795,
          33.9854622
        ]
      },
      "properties": {
        "内容": "バス停: サンパークおのだ (サンデン交通;船木鉄道)",
        "name": "サンパークおのだ",
        "operator": "サンデン交通;船木鉄道",
        "ref": "",
        "url": "",
        "url2": ""
      }
    },
    {
      "type": "Feature",
      "geometry": {
        "type": "Point",
        "coordinates": [
          131.1727531,
          33.9892045
        ]
      },
      "properties": {
        "内容": "バス停: スポーツセンター前",
        "name": "スポーツセンター前",
        "operator": "事業者不明",
        "ref": "",
        "url": "",
        "url2": ""
      }
    },
    {
      "type": "Feature",
      "geometry": {
        "type": "Point",
        "coordinates": [
          131.1731987,
          33.9901853
        ]
      },
      "properties": {
        "内容": "バス停: スポーツセンター前",
        "name": "スポーツセンター前",
        "operator": "事業者不明",
        "ref": "",
        "url": "",
        "url2": ""
      }
    },
    {
      "type": "Feature",
      "geometry": {
        "type": "Point",
        "coordinates": [
          131.1776996,
          33.9908697
        ]
      },
      "properties": {
        "内容": "バス停: 硫酸町",
        "name": "硫酸町",
        "operator": "事業者不明",
        "ref": "",
        "url": "",
        "url2": ""
      }
    },
    {
      "type": "Feature",
      "geometry": {
        "type": "Point",
        "coordinates": [
          131.1778261,
          33.9912118
        ]
      },
      "properties": {
        "内容": "バス停: 硫酸町",
        "name": "硫酸町",
        "operator": "事業者不明",
        "ref": "",
        "url": "",
        "url2": ""
      }
    },
    {
      "type": "Feature",
      "geometry": {
        "type": "Point",
        "coordinates": [
          131.1797684,
          33.9945352
        ]
      },
      "properties": {
        "内容": "バス停: 目出",
        "name": "目出",
        "operator": "事業者不明",
        "ref": "",
        "url": "",
        "url2": ""
      }
    },
    {
      "type": "Feature",
      "geometry": {
        "type": "Point",
        "coordinates": [
          131.179983,
          33.9946378
        ]
      },
      "properties": {
        "内容": "バス停: 目出",
        "name": "目出",
        "operator": "事業者不明",
        "ref": "",
        "url": "",
        "url2": ""
      }
    },
    {
      "type": "Feature",
      "geometry": {
        "type": "Point",
        "coordinates": [
          131.1804342,
          33.9982553
        ]
      },
      "properties": {
        "内容": "バス停: 市民病院入口",
        "name": "市民病院入口",
        "operator": "事業者不明",
        "ref": "",
        "url": "",
        "url2": ""
      }
    },
    {
      "type": "Feature",
      "geometry": {
        "type": "Point",
        "coordinates": [
          131.1802471,
          33.9989884
        ]
      },
      "properties": {
        "内容": "バス停: 市民病院入口",
        "name": "市民病院入口",
        "operator": "事業者不明",
        "ref": "",
        "url": "",
        "url2": ""
      }
    },
    {
      "type": "Feature",
      "geometry": {
        "type": "Point",
        "coordinates": [
          131.1839701,
          33.970648
        ]
      },
      "properties": {
        "内容": "バス停: 西叶松",
        "name": "西叶松",
        "operator": "事業者不明",
        "ref": "",
        "url": "",
        "url2": ""
      }
    },
    {
      "type": "Feature",
      "geometry": {
        "type": "Point",
        "coordinates": [
          131.1860323,
          33.9691583
        ]
      },
      "properties": {
        "内容": "バス停: 叶松団地",
        "name": "叶松団地",
        "operator": "事業者不明",
        "ref": "",
        "url": "",
        "url2": ""
      }
    },
    {
      "type": "Feature",
      "geometry": {
        "type": "Point",
        "coordinates": [
          131.1864448,
          33.9709996
        ]
      },
      "properties": {
        "内容": "バス停: 北叶松",
        "name": "北叶松",
        "operator": "事業者不明",
        "ref": "",
        "url": "",
        "url2": ""
      }
    },
    {
      "type": "Feature",
      "geometry": {
        "type": "Point",
        "coordinates": [
          131.1800129,
          33.9716714
        ]
      },
      "properties": {
        "内容": "バス停: 須恵小前",
        "name": "須恵小前",
        "operator": "事業者不明",
        "ref": "",
        "url": "",
        "url2": ""
      }
    },
    {
      "type": "Feature",
      "geometry": {
        "type": "Point",
        "coordinates": [
          131.180127,
          33.9715844
        ]
      },
      "properties": {
        "内容": "バス停: 須恵小前",
        "name": "須恵小前",
        "operator": "事業者不明",
        "ref": "",
        "url": "",
        "url2": ""
      }
    },
    {
      "type": "Feature",
      "geometry": {
        "type": "Point",
        "coordinates": [
          131.1850645,
          33.9779128
        ]
      },
      "properties": {
        "内容": "バス停: 丸河内",
        "name": "丸河内",
        "operator": "事業者不明",
        "ref": "",
        "url": "",
        "url2": ""
      }
    },
    {
      "type": "Feature",
      "geometry": {
        "type": "Point",
        "coordinates": [
          131.1855663,
          33.977824
        ]
      },
      "properties": {
        "内容": "バス停: 丸河内",
        "name": "丸河内",
        "operator": "事業者不明",
        "ref": "",
        "url": "",
        "url2": ""
      }
    },
    {
      "type": "Feature",
      "geometry": {
        "type": "Point",
        "coordinates": [
          131.1911826,
          33.9757177
        ]
      },
      "properties": {
        "内容": "バス停: 上梅田",
        "name": "上梅田",
        "operator": "事業者不明",
        "ref": "",
        "url": "",
        "url2": ""
      }
    },
    {
      "type": "Feature",
      "geometry": {
        "type": "Point",
        "coordinates": [
          131.1913309,
          33.9755057
        ]
      },
      "properties": {
        "内容": "バス停: 上梅田",
        "name": "上梅田",
        "operator": "事業者不明",
        "ref": "",
        "url": "",
        "url2": ""
      }
    },
    {
      "type": "Feature",
      "geometry": {
        "type": "Point",
        "coordinates": [
          131.1793537,
          33.9991677
        ]
      },
      "properties": {
        "内容": "バス停: 市民病院入口",
        "name": "市民病院入口",
        "operator": "事業者不明",
        "ref": "",
        "url": "",
        "url2": ""
      }
    },
    {
      "type": "Feature",
      "geometry": {
        "type": "Point",
        "coordinates": [
          131.1741772,
          33.9996967
        ]
      },
      "properties": {
        "内容": "バス停: 新生町",
        "name": "新生町",
        "operator": "事業者不明",
        "ref": "",
        "url": "",
        "url2": ""
      }
    },
    {
      "type": "Feature",
      "geometry": {
        "type": "Point",
        "coordinates": [
          131.1741212,
          33.9995873
        ]
      },
      "properties": {
        "内容": "バス停: 新生町",
        "name": "新生町",
        "operator": "事業者不明",
        "ref": "",
        "url": "",
        "url2": ""
      }
    },
    {
      "type": "Feature",
      "geometry": {
        "type": "Point",
        "coordinates": [
          131.1698967,
          34.000197
        ]
      },
      "properties": {
        "内容": "バス停: 雇用能力開発センター前",
        "name": "雇用能力開発センター前",
        "operator": "事業者不明",
        "ref": "",
        "url": "",
        "url2": ""
      }
    },
    {
      "type": "Feature",
      "geometry": {
        "type": "Point",
        "coordinates": [
          131.169577,
          34.0000943
        ]
      },
      "properties": {
        "内容": "バス停: 雇用能力開発センター前",
        "name": "雇用能力開発センター前",
        "operator": "事業者不明",
        "ref": "",
        "url": "",
        "url2": ""
      }
    },
    {
      "type": "Feature",
      "geometry": {
        "type": "Point",
        "coordinates": [
          131.1659789,
          33.9976637
        ]
      },
      "properties": {
        "内容": "バス停: 浜",
        "name": "浜",
        "operator": "事業者不明",
        "ref": "",
        "url": "",
        "url2": ""
      }
    },
    {
      "type": "Feature",
      "geometry": {
        "type": "Point",
        "coordinates": [
          131.1648048,
          33.9973466
        ]
      },
      "properties": {
        "内容": "バス停: 縄地口",
        "name": "縄地口",
        "operator": "事業者不明",
        "ref": "",
        "url": "",
        "url2": ""
      }
    },
    {
      "type": "Feature",
      "geometry": {
        "type": "Point",
        "coordinates": [
          131.1614889,
          34.0002903
        ]
      },
      "properties": {
        "内容": "バス停: 郷",
        "name": "郷",
        "operator": "事業者不明",
        "ref": "",
        "url": "",
        "url2": ""
      }
    },
    {
      "type": "Feature",
      "geometry": {
        "type": "Point",
        "coordinates": [
          131.1583462,
          33.9998217
        ]
      },
      "properties": {
        "内容": "バス停: 高泊",
        "name": "高泊",
        "operator": "事業者不明",
        "ref": "",
        "url": "",
        "url2": ""
      }
    },
    {
      "type": "Feature",
      "geometry": {
        "type": "Point",
        "coordinates": [
          131.155874,
          34.0006756
        ]
      },
      "properties": {
        "内容": "バス停: 西高泊",
        "name": "西高泊",
        "operator": "事業者不明",
        "ref": "",
        "url": "",
        "url2": ""
      }
    },
    {
      "type": "Feature",
      "geometry": {
        "type": "Point",
        "coordinates": [
          131.1545792,
          34.0049037
        ]
      },
      "properties": {
        "内容": "バス停: 高浜",
        "name": "高浜",
        "operator": "事業者不明",
        "ref": "",
        "url": "",
        "url2": ""
      }
    },
    {
      "type": "Feature",
      "geometry": {
        "type": "Point",
        "coordinates": [
          131.1535912,
          34.0066304
        ]
      },
      "properties": {
        "内容": "バス停: 高泊公民館",
        "name": "高泊公民館",
        "operator": "事業者不明",
        "ref": "",
        "url": "",
        "url2": ""
      }
    },
    {
      "type": "Feature",
      "geometry": {
        "type": "Point",
        "coordinates": [
          131.1824842,
          34.002986
        ]
      },
      "properties": {
        "内容": "バス停: 山陽小野田市役所前",
        "name": "山陽小野田市役所前",
        "operator": "事業者不明",
        "ref": "",
        "url": "",
        "url2": ""
      }
    },
    {
      "type": "Feature",
      "geometry": {
        "type": "Point",
        "coordinates": [
          131.1828572,
          34.0036101
        ]
      },
      "properties": {
        "内容": "バス停: 山陽小野田市役所前",
        "name": "山陽小野田市役所前",
        "operator": "事業者不明",
        "ref": "",
        "url": "",
        "url2": ""
      }
    },
    {
      "type": "Feature",
      "geometry": {
        "type": "Point",
        "coordinates": [
          131.1847829,
          34.0071279
        ]
      },
      "properties": {
        "内容": "バス停: 小野田駅",
        "name": "小野田駅",
        "operator": "事業者不明",
        "ref": "",
        "url": "",
        "url2": ""
      }
    },
    {
      "type": "Feature",
      "geometry": {
        "type": "Point",
        "coordinates": [
          131.1805591,
          34.0092083
        ]
      },
      "properties": {
        "内容": "バス停: 揥山西",
        "name": "揥山西",
        "operator": "事業者不明",
        "ref": "",
        "url": "",
        "url2": ""
      }
    },
    {
      "type": "Feature",
      "geometry": {
        "type": "Point",
        "coordinates": [
          131.1805726,
          34.009914
        ]
      },
      "properties": {
        "内容": "バス停: 揥山西",
        "name": "揥山西",
        "operator": "事業者不明",
        "ref": "",
        "url": "",
        "url2": ""
      }
    },
    {
      "type": "Feature",
      "geometry": {
        "type": "Point",
        "coordinates": [
          131.1970773,
          34.0048928
        ]
      },
      "properties": {
        "内容": "バス停: 浜田町",
        "name": "浜田町",
        "operator": "事業者不明",
        "ref": "",
        "url": "",
        "url2": ""
      }
    },
    {
      "type": "Feature",
      "geometry": {
        "type": "Point",
        "coordinates": [
          131.1980807,
          34.0044271
        ]
      },
      "properties": {
        "内容": "バス停: 浜田町",
        "name": "浜田町",
        "operator": "事業者不明",
        "ref": "",
        "url": "",
        "url2": ""
      }
    },
    {
      "type": "Feature",
      "geometry": {
        "type": "Point",
        "coordinates": [
          131.2102354,
          34.0050884
        ]
      },
      "properties": {
        "内容": "バス停: 明石被服",
        "name": "明石被服",
        "operator": "事業者不明",
        "ref": "",
        "url": "",
        "url2": ""
      }
    },
    {
      "type": "Feature",
      "geometry": {
        "type": "Point",
        "coordinates": [
          131.2104193,
          34.0049833
        ]
      },
      "properties": {
        "内容": "バス停: 明石被服",
        "name": "明石被服",
        "operator": "事業者不明",
        "ref": "",
        "url": "",
        "url2": ""
      }
    },
    {
      "type": "Feature",
      "geometry": {
        "type": "Point",
        "coordinates": [
          131.2134439,
          34.0059542
        ]
      },
      "properties": {
        "内容": "バス停: 迫条",
        "name": "迫条",
        "operator": "事業者不明",
        "ref": "",
        "url": "",
        "url2": ""
      }
    },
    {
      "type": "Feature",
      "geometry": {
        "type": "Point",
        "coordinates": [
          131.2134227,
          34.0058595
        ]
      },
      "properties": {
        "内容": "バス停: 迫条",
        "name": "迫条",
        "operator": "事業者不明",
        "ref": "",
        "url": "",
        "url2": ""
      }
    },
    {
      "type": "Feature",
      "geometry": {
        "type": "Point",
        "coordinates": [
          131.2074539,
          34.0088118
        ]
      },
      "properties": {
        "内容": "バス停: 大和団地前",
        "name": "大和団地前",
        "operator": "事業者不明",
        "ref": "",
        "url": "",
        "url2": ""
      }
    },
    {
      "type": "Feature",
      "geometry": {
        "type": "Point",
        "coordinates": [
          131.2041524,
          34.0115263
        ]
      },
      "properties": {
        "内容": "バス停: 蔵本",
        "name": "蔵本",
        "operator": "事業者不明",
        "ref": "",
        "url": "",
        "url2": ""
      }
    },
    {
      "type": "Feature",
      "geometry": {
        "type": "Point",
        "coordinates": [
          131.2040415,
          34.011417
        ]
      },
      "properties": {
        "内容": "バス停: 蔵本",
        "name": "蔵本",
        "operator": "事業者不明",
        "ref": "",
        "url": "",
        "url2": ""
      }
    },
    {
      "type": "Feature",
      "geometry": {
        "type": "Point",
        "coordinates": [
          131.2042405,
          34.0201939
        ]
      },
      "properties": {
        "内容": "バス停: 有帆",
        "name": "有帆",
        "operator": "事業者不明",
        "ref": "",
        "url": "",
        "url2": ""
      }
    },
    {
      "type": "Feature",
      "geometry": {
        "type": "Point",
        "coordinates": [
          131.204063,
          34.0201445
        ]
      },
      "properties": {
        "内容": "バス停: 有帆",
        "name": "有帆",
        "operator": "事業者不明",
        "ref": "",
        "url": "",
        "url2": ""
      }
    },
    {
      "type": "Feature",
      "geometry": {
        "type": "Point",
        "coordinates": [
          131.2053435,
          34.0238436
        ]
      },
      "properties": {
        "内容": "バス停: 田尻",
        "name": "田尻",
        "operator": "事業者不明",
        "ref": "",
        "url": "",
        "url2": ""
      }
    },
    {
      "type": "Feature",
      "geometry": {
        "type": "Point",
        "coordinates": [
          131.2046678,
          34.0224423
        ]
      },
      "properties": {
        "内容": "バス停: 田尻",
        "name": "田尻",
        "operator": "事業者不明",
        "ref": "",
        "url": "",
        "url2": ""
      }
    },
    {
      "type": "Feature",
      "geometry": {
        "type": "Point",
        "coordinates": [
          131.2067115,
          34.0296563
        ]
      },
      "properties": {
        "内容": "バス停: 中村",
        "name": "中村",
        "operator": "事業者不明",
        "ref": "",
        "url": "",
        "url2": ""
      }
    },
    {
      "type": "Feature",
      "geometry": {
        "type": "Point",
        "coordinates": [
          131.2070601,
          34.0305523
        ]
      },
      "properties": {
        "内容": "バス停: 中村",
        "name": "中村",
        "operator": "事業者不明",
        "ref": "",
        "url": "",
        "url2": ""
      }
    },
    {
      "type": "Feature",
      "geometry": {
        "type": "Point",
        "coordinates": [
          131.2084596,
          34.0373175
        ]
      },
      "properties": {
        "内容": "バス停: 下田橋",
        "name": "下田橋",
        "operator": "事業者不明",
        "ref": "",
        "url": "",
        "url2": ""
      }
    },
    {
      "type": "Feature",
      "geometry": {
        "type": "Point",
        "coordinates": [
          131.2090447,
          34.03869
        ]
      },
      "properties": {
        "内容": "バス停: 下田橋",
        "name": "下田橋",
        "operator": "事業者不明",
        "ref": "",
        "url": "",
        "url2": ""
      }
    },
    {
      "type": "Feature",
      "geometry": {
        "type": "Point",
        "coordinates": [
          131.2119729,
          34.0408749
        ]
      },
      "properties": {
        "内容": "バス停: 大野",
        "name": "大野",
        "operator": "事業者不明",
        "ref": "",
        "url": "",
        "url2": ""
      }
    },
    {
      "type": "Feature",
      "geometry": {
        "type": "Point",
        "coordinates": [
          131.2121077,
          34.0407383
        ]
      },
      "properties": {
        "内容": "バス停: 大野",
        "name": "大野",
        "operator": "事業者不明",
        "ref": "",
        "url": "",
        "url2": ""
      }
    },
    {
      "type": "Feature",
      "geometry": {
        "type": "Point",
        "coordinates": [
          131.2183272,
          34.04495
        ]
      },
      "properties": {
        "内容": "バス停: 茶屋",
        "name": "茶屋",
        "operator": "事業者不明",
        "ref": "",
        "url": "",
        "url2": ""
      }
    },
    {
      "type": "Feature",
      "geometry": {
        "type": "Point",
        "coordinates": [
          131.2185055,
          34.0449191
        ]
      },
      "properties": {
        "内容": "バス停: 茶屋",
        "name": "茶屋",
        "operator": "事業者不明",
        "ref": "",
        "url": "",
        "url2": ""
      }
    },
    {
      "type": "Feature",
      "geometry": {
        "type": "Point",
        "coordinates": [
          131.2201678,
          34.043435
        ]
      },
      "properties": {
        "内容": "バス停: 中野医院前",
        "name": "中野医院前",
        "operator": "事業者不明",
        "ref": "",
        "url": "",
        "url2": ""
      }
    },
    {
      "type": "Feature",
      "geometry": {
        "type": "Point",
        "coordinates": [
          131.22024,
          34.0432726
        ]
      },
      "properties": {
        "内容": "バス停: 中野医院前",
        "name": "中野医院前",
        "operator": "事業者不明",
        "ref": "",
        "url": "",
        "url2": ""
      }
    },
    {
      "type": "Feature",
      "geometry": {
        "type": "Point",
        "coordinates": [
          131.2230859,
          34.0421756
        ]
      },
      "properties": {
        "内容": "バス停: 船木",
        "name": "船木",
        "operator": "事業者不明",
        "ref": "",
        "url": "",
        "url2": ""
      }
    },
    {
      "type": "Feature",
      "geometry": {
        "type": "Point",
        "coordinates": [
          131.2023149,
          34.0183303
        ]
      },
      "properties": {
        "内容": "バス停: 有帆小学校前",
        "name": "有帆小学校前",
        "operator": "事業者不明",
        "ref": "",
        "url": "",
        "url2": ""
      }
    },
    {
      "type": "Feature",
      "geometry": {
        "type": "Point",
        "coordinates": [
          131.2024167,
          34.0182199
        ]
      },
      "properties": {
        "内容": "バス停: 有帆小学校前",
        "name": "有帆小学校前",
        "operator": "事業者不明",
        "ref": "",
        "url": "",
        "url2": ""
      }
    },
    {
      "type": "Feature",
      "geometry": {
        "type": "Point",
        "coordinates": [
          131.189228,
          34.0096428
        ]
      },
      "properties": {
        "内容": "バス停: 楴山",
        "name": "楴山",
        "operator": "事業者不明",
        "ref": "",
        "url": "",
        "url2": ""
      }
    },
    {
      "type": "Feature",
      "geometry": {
        "type": "Point",
        "coordinates": [
          131.1895959,
          34.0098282
        ]
      },
      "properties": {
        "内容": "バス停: 楴山",
        "name": "楴山",
        "operator": "事業者不明",
        "ref": "",
        "url": "",
        "url2": ""
      }
    },
    {
      "type": "Feature",
      "geometry": {
        "type": "Point",
        "coordinates": [
          131.1935075,
          34.0120092
        ]
      },
      "properties": {
        "内容": "バス停: 石井出",
        "name": "石井出",
        "operator": "事業者不明",
        "ref": "",
        "url": "",
        "url2": ""
      }
    },
    {
      "type": "Feature",
      "geometry": {
        "type": "Point",
        "coordinates": [
          131.1940636,
          34.0125301
        ]
      },
      "properties": {
        "内容": "バス停: 石井手",
        "name": "石井手",
        "operator": "事業者不明",
        "ref": "",
        "url": "",
        "url2": ""
      }
    },
    {
      "type": "Feature",
      "geometry": {
        "type": "Point",
        "coordinates": [
          131.196187,
          34.0140844
        ]
      },
      "properties": {
        "内容": "バス停: 萩森口",
        "name": "萩森口",
        "operator": "事業者不明",
        "ref": "",
        "url": "",
        "url2": ""
      }
    },
    {
      "type": "Feature",
      "geometry": {
        "type": "Point",
        "coordinates": [
          131.1964334,
          34.014151
        ]
      },
      "properties": {
        "内容": "バス停: 萩森口",
        "name": "萩森口",
        "operator": "事業者不明",
        "ref": "",
        "url": "",
        "url2": ""
      }
    },
    {
      "type": "Feature",
      "geometry": {
        "type": "Point",
        "coordinates": [
          131.180058,
          34.0109704
        ]
      },
      "properties": {
        "内容": "バス停: 平原口",
        "name": "平原口",
        "operator": "事業者不明",
        "ref": "",
        "url": "",
        "url2": ""
      }
    },
    {
      "type": "Feature",
      "geometry": {
        "type": "Point",
        "coordinates": [
          131.180296,
          34.0121859
        ]
      },
      "properties": {
        "内容": "バス停: 南地産団地",
        "name": "南地産団地",
        "operator": "事業者不明",
        "ref": "",
        "url": "",
        "url2": ""
      }
    },
    {
      "type": "Feature",
      "geometry": {
        "type": "Point",
        "coordinates": [
          131.1783385,
          34.0167239
        ]
      },
      "properties": {
        "内容": "バス停: ひばりヶ丘",
        "name": "ひばりヶ丘",
        "operator": "事業者不明",
        "ref": "",
        "url": "",
        "url2": ""
      }
    },
    {
      "type": "Feature",
      "geometry": {
        "type": "Point",
        "coordinates": [
          131.1803062,
          34.0161085
        ]
      },
      "properties": {
        "内容": "バス停: 児童公園口",
        "name": "児童公園口",
        "operator": "事業者不明",
        "ref": "",
        "url": "",
        "url2": ""
      }
    },
    {
      "type": "Feature",
      "geometry": {
        "type": "Point",
        "coordinates": [
          131.1800684,
          34.0178924
        ]
      },
      "properties": {
        "内容": "バス停: ひばりヶ丘中央",
        "name": "ひばりヶ丘中央",
        "operator": "事業者不明",
        "ref": "",
        "url": "",
        "url2": ""
      }
    },
    {
      "type": "Feature",
      "geometry": {
        "type": "Point",
        "coordinates": [
          131.1832682,
          34.0135537
        ]
      },
      "properties": {
        "内容": "バス停: イオン小野田ショッピングセンター",
        "name": "イオン小野田ショッピングセンター",
        "operator": "事業者不明",
        "ref": "",
        "url": "",
        "url2": ""
      }
    },
    {
      "type": "Feature",
      "geometry": {
        "type": "Point",
        "coordinates": [
          131.179111,
          34.0072377
        ]
      },
      "properties": {
        "内容": "バス停: 東高須",
        "name": "東高須",
        "operator": "事業者不明",
        "ref": "",
        "url": "",
        "url2": ""
      }
    },
    {
      "type": "Feature",
      "geometry": {
        "type": "Point",
        "coordinates": [
          131.1790695,
          34.0071291
        ]
      },
      "properties": {
        "内容": "バス停: 東高須",
        "name": "東高須",
        "operator": "事業者不明",
        "ref": "",
        "url": "",
        "url2": ""
      }
    },
    {
      "type": "Feature",
      "geometry": {
        "type": "Point",
        "coordinates": [
          131.1764257,
          34.007751
        ]
      },
      "properties": {
        "内容": "バス停: 高須",
        "name": "高須",
        "operator": "事業者不明",
        "ref": "",
        "url": "",
        "url2": ""
      }
    },
    {
      "type": "Feature",
      "geometry": {
        "type": "Point",
        "coordinates": [
          131.1758741,
          34.0079686
        ]
      },
      "properties": {
        "内容": "バス停: 高須",
        "name": "高須",
        "operator": "事業者不明",
        "ref": "",
        "url": "",
        "url2": ""
      }
    },
    {
      "type": "Feature",
      "geometry": {
        "type": "Point",
        "coordinates": [
          131.1707329,
          34.0106766
        ]
      },
      "properties": {
        "内容": "バス停: 神田",
        "name": "神田",
        "operator": "事業者不明",
        "ref": "",
        "url": "",
        "url2": ""
      }
    },
    {
      "type": "Feature",
      "geometry": {
        "type": "Point",
        "coordinates": [
          131.1706403,
          34.0108902
        ]
      },
      "properties": {
        "内容": "バス停: 神田",
        "name": "神田",
        "operator": "事業者不明",
        "ref": "",
        "url": "",
        "url2": ""
      }
    },
    {
      "type": "Feature",
      "geometry": {
        "type": "Point",
        "coordinates": [
          131.1628028,
          34.012964
        ]
      },
      "properties": {
        "内容": "バス停: 船越",
        "name": "船越",
        "operator": "事業者不明",
        "ref": "",
        "url": "",
        "url2": ""
      }
    },
    {
      "type": "Feature",
      "geometry": {
        "type": "Point",
        "coordinates": [
          131.162741,
          34.0131327
        ]
      },
      "properties": {
        "内容": "バス停: 船越",
        "name": "船越",
        "operator": "事業者不明",
        "ref": "",
        "url": "",
        "url2": ""
      }
    },
    {
      "type": "Feature",
      "geometry": {
        "type": "Point",
        "coordinates": [
          131.1587944,
          34.0168675
        ]
      },
      "properties": {
        "内容": "バス停: 後潟",
        "name": "後潟",
        "operator": "事業者不明",
        "ref": "",
        "url": "",
        "url2": ""
      }
    },
    {
      "type": "Feature",
      "geometry": {
        "type": "Point",
        "coordinates": [
          131.1580416,
          34.0171217
        ]
      },
      "properties": {
        "内容": "バス停: 後潟",
        "name": "後潟",
        "operator": "事業者不明",
        "ref": "",
        "url": "",
        "url2": ""
      }
    },
    {
      "type": "Feature",
      "geometry": {
        "type": "Point",
        "coordinates": [
          131.1548917,
          34.0188614
        ]
      },
      "properties": {
        "内容": "バス停: 上後潟",
        "name": "上後潟",
        "operator": "事業者不明",
        "ref": "",
        "url": "",
        "url2": ""
      }
    },
    {
      "type": "Feature",
      "geometry": {
        "type": "Point",
        "coordinates": [
          131.1539133,
          34.0199683
        ]
      },
      "properties": {
        "内容": "バス停: 上後潟",
        "name": "上後潟",
        "operator": "事業者不明",
        "ref": "",
        "url": "",
        "url2": ""
      }
    },
    {
      "type": "Feature",
      "geometry": {
        "type": "Point",
        "coordinates": [
          131.1488604,
          34.0234633
        ]
      },
      "properties": {
        "内容": "バス停: 渡場",
        "name": "渡場",
        "operator": "事業者不明",
        "ref": "",
        "url": "",
        "url2": ""
      }
    },
    {
      "type": "Feature",
      "geometry": {
        "type": "Point",
        "coordinates": [
          131.1487689,
          34.0233141
        ]
      },
      "properties": {
        "内容": "バス停: 渡場",
        "name": "渡場",
        "operator": "事業者不明",
        "ref": "",
        "url": "",
        "url2": ""
      }
    },
    {
      "type": "Feature",
      "geometry": {
        "type": "Point",
        "coordinates": [
          131.1459471,
          34.0208105
        ]
      },
      "properties": {
        "内容": "バス停: 厚陽中前",
        "name": "厚陽中前",
        "operator": "事業者不明",
        "ref": "",
        "url": "",
        "url2": ""
      }
    },
    {
      "type": "Feature",
      "geometry": {
        "type": "Point",
        "coordinates": [
          131.1408215,
          34.0181684
        ]
      },
      "properties": {
        "内容": "バス停: 厚陽小前",
        "name": "厚陽小前",
        "operator": "事業者不明",
        "ref": "",
        "url": "",
        "url2": ""
      }
    },
    {
      "type": "Feature",
      "geometry": {
        "type": "Point",
        "coordinates": [
          131.1367809,
          34.019787
        ]
      },
      "properties": {
        "内容": "バス停: 沖部",
        "name": "沖部",
        "operator": "事業者不明",
        "ref": "",
        "url": "",
        "url2": ""
      }
    },
    {
      "type": "Feature",
      "geometry": {
        "type": "Point",
        "coordinates": [
          131.1377107,
          34.0198306
        ]
      },
      "properties": {
        "内容": "バス停: 厚陽団地",
        "name": "厚陽団地",
        "operator": "事業者不明",
        "ref": "",
        "url": "",
        "url2": ""
      }
    },
    {
      "type": "Feature",
      "geometry": {
        "type": "Point",
        "coordinates": [
          131.1398082,
          34.0165088
        ]
      },
      "properties": {
        "内容": "バス停: 古開作",
        "name": "古開作",
        "operator": "事業者不明",
        "ref": "",
        "url": "",
        "url2": ""
      }
    },
    {
      "type": "Feature",
      "geometry": {
        "type": "Point",
        "coordinates": [
          131.1347576,
          34.0098699
        ]
      },
      "properties": {
        "内容": "バス停: 梶上",
        "name": "梶上",
        "operator": "事業者不明",
        "ref": "",
        "url": "",
        "url2": ""
      }
    },
    {
      "type": "Feature",
      "geometry": {
        "type": "Point",
        "coordinates": [
          131.1341628,
          34.0047471
        ]
      },
      "properties": {
        "内容": "バス停: 梶浦",
        "name": "梶浦",
        "operator": "事業者不明",
        "ref": "",
        "url": "",
        "url2": ""
      }
    },
    {
      "type": "Feature",
      "geometry": {
        "type": "Point",
        "coordinates": [
          131.133344,
          34.0024913
        ]
      },
      "properties": {
        "内容": "バス停: 梶下",
        "name": "梶下",
        "operator": "事業者不明",
        "ref": "",
        "url": "",
        "url2": ""
      }
    },
    {
      "type": "Feature",
      "geometry": {
        "type": "Point",
        "coordinates": [
          131.1333337,
          33.9987871
        ]
      },
      "properties": {
        "内容": "バス停: 梶汐湯",
        "name": "梶汐湯",
        "operator": "事業者不明",
        "ref": "",
        "url": "",
        "url2": ""
      }
    },
    {
      "type": "Feature",
      "geometry": {
        "type": "Point",
        "coordinates": [
          131.1152261,
          34.015189
        ]
      },
      "properties": {
        "内容": "バス停: 平松小正寺公会堂",
        "name": "平松小正寺公会堂",
        "operator": "事業者不明",
        "ref": "",
        "url": "",
        "url2": ""
      }
    },
    {
      "type": "Feature",
      "geometry": {
        "type": "Point",
        "coordinates": [
          131.1166649,
          34.013651
        ]
      },
      "properties": {
        "内容": "バス停: 生田公会堂",
        "name": "生田公会堂",
        "operator": "事業者不明",
        "ref": "",
        "url": "",
        "url2": ""
      }
    },
    {
      "type": "Feature",
      "geometry": {
        "type": "Point",
        "coordinates": [
          131.1123222,
          34.0192247
        ]
      },
      "properties": {
        "内容": "バス停: 津布田八幡宮前",
        "name": "津布田八幡宮前",
        "operator": "事業者不明",
        "ref": "",
        "url": "",
        "url2": ""
      }
    },
    {
      "type": "Feature",
      "geometry": {
        "type": "Point",
        "coordinates": [
          131.1111837,
          34.0210295
        ]
      },
      "properties": {
        "内容": "バス停: 津布田小学校前",
        "name": "津布田小学校前",
        "operator": "事業者不明",
        "ref": "",
        "url": "",
        "url2": ""
      }
    },
    {
      "type": "Feature",
      "geometry": {
        "type": "Point",
        "coordinates": [
          131.1482851,
          34.0241396
        ]
      },
      "properties": {
        "内容": "バス停: 渡場",
        "name": "渡場",
        "operator": "事業者不明",
        "ref": "",
        "url": "",
        "url2": ""
      }
    },
    {
      "type": "Feature",
      "geometry": {
        "type": "Point",
        "coordinates": [
          131.1497066,
          34.0299628
        ]
      },
      "properties": {
        "内容": "バス停: 鳥越",
        "name": "鳥越",
        "operator": "事業者不明",
        "ref": "",
        "url": "",
        "url2": ""
      }
    },
    {
      "type": "Feature",
      "geometry": {
        "type": "Point",
        "coordinates": [
          131.1497369,
          34.0298964
        ]
      },
      "properties": {
        "内容": "バス停: 鳥越",
        "name": "鳥越",
        "operator": "事業者不明",
        "ref": "",
        "url": "",
        "url2": ""
      }
    },
    {
      "type": "Feature",
      "geometry": {
        "type": "Point",
        "coordinates": [
          131.1517086,
          34.0341631
        ]
      },
      "properties": {
        "内容": "バス停: 石鞘",
        "name": "石鞘",
        "operator": "事業者不明",
        "ref": "",
        "url": "",
        "url2": ""
      }
    },
    {
      "type": "Feature",
      "geometry": {
        "type": "Point",
        "coordinates": [
          131.153167,
          34.0369957
        ]
      },
      "properties": {
        "内容": "バス停: 日本化薬前",
        "name": "日本化薬前",
        "operator": "事業者不明",
        "ref": "",
        "url": "",
        "url2": ""
      }
    },
    {
      "type": "Feature",
      "geometry": {
        "type": "Point",
        "coordinates": [
          131.1531716,
          34.0381435
        ]
      },
      "properties": {
        "内容": "バス停: 日本化薬前",
        "name": "日本化薬前",
        "operator": "事業者不明",
        "ref": "",
        "url": "",
        "url2": ""
      }
    },
    {
      "type": "Feature",
      "geometry": {
        "type": "Point",
        "coordinates": [
          131.1533753,
          34.0396848
        ]
      },
      "properties": {
        "内容": "バス停: 火薬町",
        "name": "火薬町",
        "operator": "事業者不明",
        "ref": "",
        "url": "",
        "url2": ""
      }
    },
    {
      "type": "Feature",
      "geometry": {
        "type": "Point",
        "coordinates": [
          131.1537541,
          34.0445747
        ]
      },
      "properties": {
        "内容": "バス停: 下津",
        "name": "下津",
        "operator": "事業者不明",
        "ref": "",
        "url": "",
        "url2": ""
      }
    },
    {
      "type": "Feature",
      "geometry": {
        "type": "Point",
        "coordinates": [
          131.1539305,
          34.0450688
        ]
      },
      "properties": {
        "内容": "バス停: 下津",
        "name": "下津",
        "operator": "事業者不明",
        "ref": "",
        "url": "",
        "url2": ""
      }
    },
    {
      "type": "Feature",
      "geometry": {
        "type": "Point",
        "coordinates": [
          131.1528584,
          34.0510608
        ]
      },
      "properties": {
        "内容": "バス停: 桜川橋",
        "name": "桜川橋",
        "operator": "事業者不明",
        "ref": "",
        "url": "",
        "url2": ""
      }
    },
    {
      "type": "Feature",
      "geometry": {
        "type": "Point",
        "coordinates": [
          131.1575316,
          34.0516615
        ]
      },
      "properties": {
        "内容": "バス停: 文化会館前",
        "name": "文化会館前",
        "operator": "事業者不明",
        "ref": "",
        "url": "",
        "url2": ""
      }
    },
    {
      "type": "Feature",
      "geometry": {
        "type": "Point",
        "coordinates": [
          131.1597652,
          34.0531408
        ]
      },
      "properties": {
        "内容": "バス停: 厚狭駅新幹線口",
        "name": "厚狭駅新幹線口",
        "operator": "事業者不明",
        "ref": "",
        "url": "",
        "url2": ""
      }
    },
    {
      "type": "Feature",
      "geometry": {
        "type": "Point",
        "coordinates": [
          131.1813633,
          34.0110364
        ]
      },
      "properties": {
        "内容": "バス停: 揥山西",
        "name": "揥山西",
        "operator": "事業者不明",
        "ref": "",
        "url": "",
        "url2": ""
      }
    },
    {
      "type": "Feature",
      "geometry": {
        "type": "Point",
        "coordinates": [
          131.181493,
          34.0110341
        ]
      },
      "properties": {
        "内容": "バス停: 揥山西",
        "name": "揥山西",
        "operator": "事業者不明",
        "ref": "",
        "url": "",
        "url2": ""
      }
    },
    {
      "type": "Feature",
      "geometry": {
        "type": "Point",
        "coordinates": [
          131.1843635,
          34.0154453
        ]
      },
      "properties": {
        "内容": "バス停: 江の内",
        "name": "江の内",
        "operator": "事業者不明",
        "ref": "",
        "url": "",
        "url2": ""
      }
    },
    {
      "type": "Feature",
      "geometry": {
        "type": "Point",
        "coordinates": [
          131.1844524,
          34.0144614
        ]
      },
      "properties": {
        "内容": "バス停: 江の内",
        "name": "江の内",
        "operator": "事業者不明",
        "ref": "",
        "url": "",
        "url2": ""
      }
    },
    {
      "type": "Feature",
      "geometry": {
        "type": "Point",
        "coordinates": [
          131.1815537,
          34.0227407
        ]
      },
      "properties": {
        "内容": "バス停: 千崎",
        "name": "千崎",
        "operator": "事業者不明",
        "ref": "",
        "url": "",
        "url2": ""
      }
    },
    {
      "type": "Feature",
      "geometry": {
        "type": "Point",
        "coordinates": [
          131.1802693,
          34.0237177
        ]
      },
      "properties": {
        "内容": "バス停: 千崎",
        "name": "千崎",
        "operator": "事業者不明",
        "ref": "",
        "url": "",
        "url2": ""
      }
    },
    {
      "type": "Feature",
      "geometry": {
        "type": "Point",
        "coordinates": [
          131.1843217,
          34.0173953
        ]
      },
      "properties": {
        "内容": "バス停: 千崎東",
        "name": "千崎東",
        "operator": "事業者不明",
        "ref": "",
        "url": "",
        "url2": ""
      }
    },
    {
      "type": "Feature",
      "geometry": {
        "type": "Point",
        "coordinates": [
          131.1841308,
          34.0171911
        ]
      },
      "properties": {
        "内容": "バス停: 千崎東",
        "name": "千崎東",
        "operator": "事業者不明",
        "ref": "",
        "url": "",
        "url2": ""
      }
    },
    {
      "type": "Feature",
      "geometry": {
        "type": "Point",
        "coordinates": [
          131.1756103,
          34.0358858
        ]
      },
      "properties": {
        "内容": "バス停: ゴルフセンター前",
        "name": "ゴルフセンター前",
        "operator": "事業者不明",
        "ref": "",
        "url": "",
        "url2": ""
      }
    },
    {
      "type": "Feature",
      "geometry": {
        "type": "Point",
        "coordinates": [
          131.1747067,
          34.0369028
        ]
      },
      "properties": {
        "内容": "バス停: ゴルフセンター前",
        "name": "ゴルフセンター前",
        "operator": "事業者不明",
        "ref": "",
        "url": "",
        "url2": ""
      }
    },
    {
      "type": "Feature",
      "geometry": {
        "type": "Point",
        "coordinates": [
          131.1726254,
          34.0417614
        ]
      },
      "properties": {
        "内容": "バス停: 杣尻",
        "name": "杣尻",
        "operator": "事業者不明",
        "ref": "",
        "url": "",
        "url2": ""
      }
    },
    {
      "type": "Feature",
      "geometry": {
        "type": "Point",
        "coordinates": [
          131.1723934,
          34.0418055
        ]
      },
      "properties": {
        "内容": "バス停: 杣尻",
        "name": "杣尻",
        "operator": "事業者不明",
        "ref": "",
        "url": "",
        "url2": ""
      }
    },
    {
      "type": "Feature",
      "geometry": {
        "type": "Point",
        "coordinates": [
          131.1711564,
          34.0463058
        ]
      },
      "properties": {
        "内容": "バス停: 岡崎",
        "name": "岡崎",
        "operator": "事業者不明",
        "ref": "",
        "url": "",
        "url2": ""
      }
    },
    {
      "type": "Feature",
      "geometry": {
        "type": "Point",
        "coordinates": [
          131.1706346,
          34.0472767
        ]
      },
      "properties": {
        "内容": "バス停: 岡崎",
        "name": "岡崎",
        "operator": "事業者不明",
        "ref": "",
        "url": "",
        "url2": ""
      }
    },
    {
      "type": "Feature",
      "geometry": {
        "type": "Point",
        "coordinates": [
          131.1883931,
          34.0273879
        ]
      },
      "properties": {
        "内容": "バス停: 西高畑",
        "name": "西高畑",
        "operator": "事業者不明",
        "ref": "",
        "url": "",
        "url2": ""
      }
    },
    {
      "type": "Feature",
      "geometry": {
        "type": "Point",
        "coordinates": [
          131.1845581,
          34.026798
        ]
      },
      "properties": {
        "内容": "バス停: 上千崎",
        "name": "上千崎",
        "operator": "事業者不明",
        "ref": "",
        "url": "",
        "url2": ""
      }
    },
    {
      "type": "Feature",
      "geometry": {
        "type": "Point",
        "coordinates": [
          131.1846862,
          34.0267401
        ]
      },
      "properties": {
        "内容": "バス停: 上千崎",
        "name": "上千崎",
        "operator": "事業者不明",
        "ref": "",
        "url": "",
        "url2": ""
      }
    },
    {
      "type": "Feature",
      "geometry": {
        "type": "Point",
        "coordinates": [
          131.1834406,
          34.0220979
        ]
      },
      "properties": {
        "内容": "バス停: 千崎中",
        "name": "千崎中",
        "operator": "事業者不明",
        "ref": "",
        "url": "",
        "url2": ""
      }
    },
    {
      "type": "Feature",
      "geometry": {
        "type": "Point",
        "coordinates": [
          131.1835437,
          34.0220979
        ]
      },
      "properties": {
        "内容": "バス停: 千崎中",
        "name": "千崎中",
        "operator": "事業者不明",
        "ref": "",
        "url": "",
        "url2": ""
      }
    },
    {
      "type": "Feature",
      "geometry": {
        "type": "Point",
        "coordinates": [
          131.1894558,
          34.0275889
        ]
      },
      "properties": {
        "内容": "バス停: 西高畑",
        "name": "西高畑",
        "operator": "事業者不明",
        "ref": "",
        "url": "",
        "url2": ""
      }
    },
    {
      "type": "Feature",
      "geometry": {
        "type": "Point",
        "coordinates": [
          131.1935329,
          34.0300093
        ]
      },
      "properties": {
        "内容": "バス停: 江汐公園口",
        "name": "江汐公園口",
        "operator": "事業者不明",
        "ref": "",
        "url": "",
        "url2": ""
      }
    },
    {
      "type": "Feature",
      "geometry": {
        "type": "Point",
        "coordinates": [
          131.1967601,
          34.0281853
        ]
      },
      "properties": {
        "内容": "バス停: 東高畑",
        "name": "東高畑",
        "operator": "事業者不明",
        "ref": "",
        "url": "",
        "url2": ""
      }
    },
    {
      "type": "Feature",
      "geometry": {
        "type": "Point",
        "coordinates": [
          131.1854444,
          34.0335249
        ]
      },
      "properties": {
        "内容": "バス停: ナチュラルグリーンパークホテル",
        "name": "ナチュラルグリーンパークホテル",
        "operator": "事業者不明",
        "ref": "",
        "url": "",
        "url2": ""
      }
    },
    {
      "type": "Feature",
      "geometry": {
        "type": "Point",
        "coordinates": [
          131.2098301,
          34.0453863
        ]
      },
      "properties": {
        "内容": "バス停: 新川",
        "name": "新川",
        "operator": "事業者不明",
        "ref": "",
        "url": "",
        "url2": ""
      }
    },
    {
      "type": "Feature",
      "geometry": {
        "type": "Point",
        "coordinates": [
          131.2096557,
          34.0453016
        ]
      },
      "properties": {
        "内容": "バス停: 新川",
        "name": "新川",
        "operator": "事業者不明",
        "ref": "",
        "url": "",
        "url2": ""
      }
    },
    {
      "type": "Feature",
      "geometry": {
        "type": "Point",
        "coordinates": [
          131.2042938,
          34.0473545
        ]
      },
      "properties": {
        "内容": "バス停: 銭ヶ原",
        "name": "銭ヶ原",
        "operator": "事業者不明",
        "ref": "",
        "url": "",
        "url2": ""
      }
    },
    {
      "type": "Feature",
      "geometry": {
        "type": "Point",
        "coordinates": [
          131.2035601,
          34.0476468
        ]
      },
      "properties": {
        "内容": "バス停: 銭ヶ原",
        "name": "銭ヶ原",
        "operator": "事業者不明",
        "ref": "",
        "url": "",
        "url2": ""
      }
    },
    {
      "type": "Feature",
      "geometry": {
        "type": "Point",
        "coordinates": [
          131.1950091,
          34.0514949
        ]
      },
      "properties": {
        "内容": "バス停: 逢坂",
        "name": "逢坂",
        "operator": "事業者不明",
        "ref": "",
        "url": "",
        "url2": ""
      }
    },
    {
      "type": "Feature",
      "geometry": {
        "type": "Point",
        "coordinates": [
          131.1944438,
          34.0515497
        ]
      },
      "properties": {
        "内容": "バス停: 逢坂",
        "name": "逢坂",
        "operator": "事業者不明",
        "ref": "",
        "url": "",
        "url2": ""
      }
    },
    {
      "type": "Feature",
      "geometry": {
        "type": "Point",
        "coordinates": [
          131.1765579,
          34.0539511
        ]
      },
      "properties": {
        "内容": "バス停: 富士電化前",
        "name": "富士電化前",
        "operator": "事業者不明",
        "ref": "",
        "url": "",
        "url2": ""
      }
    },
    {
      "type": "Feature",
      "geometry": {
        "type": "Point",
        "coordinates": [
          131.1765679,
          34.0538548
        ]
      },
      "properties": {
        "内容": "バス停: 富士電化前",
        "name": "富士電化前",
        "operator": "事業者不明",
        "ref": "",
        "url": "",
        "url2": ""
      }
    },
    {
      "type": "Feature",
      "geometry": {
        "type": "Point",
        "coordinates": [
          131.1727569,
          34.057197
        ]
      },
      "properties": {
        "内容": "バス停: 厚狭警察署前",
        "name": "厚狭警察署前",
        "operator": "事業者不明",
        "ref": "",
        "url": "",
        "url2": ""
      }
    },
    {
      "type": "Feature",
      "geometry": {
        "type": "Point",
        "coordinates": [
          131.1732854,
          34.0579743
        ]
      },
      "properties": {
        "内容": "バス停: 厚狭警察署前",
        "name": "厚狭警察署前",
        "operator": "事業者不明",
        "ref": "",
        "url": "",
        "url2": ""
      }
    },
    {
      "type": "Feature",
      "geometry": {
        "type": "Point",
        "coordinates": [
          131.1750684,
          34.0609998
        ]
      },
      "properties": {
        "内容": "バス停: 不動寺原",
        "name": "不動寺原",
        "operator": "事業者不明",
        "ref": "",
        "url": "",
        "url2": ""
      }
    },
    {
      "type": "Feature",
      "geometry": {
        "type": "Point",
        "coordinates": [
          131.1771782,
          34.0631857
        ]
      },
      "properties": {
        "内容": "バス停: 清安寺",
        "name": "清安寺",
        "operator": "事業者不明",
        "ref": "",
        "url": "",
        "url2": ""
      }
    },
    {
      "type": "Feature",
      "geometry": {
        "type": "Point",
        "coordinates": [
          131.181857,
          34.0679353
        ]
      },
      "properties": {
        "内容": "バス停: 石束",
        "name": "石束",
        "operator": "事業者不明",
        "ref": "",
        "url": "",
        "url2": ""
      }
    },
    {
      "type": "Feature",
      "geometry": {
        "type": "Point",
        "coordinates": [
          131.1968801,
          34.0796609
        ]
      },
      "properties": {
        "内容": "バス停: 高の巣",
        "name": "高の巣",
        "operator": "事業者不明",
        "ref": "",
        "url": "",
        "url2": ""
      }
    },
    {
      "type": "Feature",
      "geometry": {
        "type": "Point",
        "coordinates": [
          131.1990268,
          34.0872659
        ]
      },
      "properties": {
        "内容": "バス停: 森広",
        "name": "森広",
        "operator": "事業者不明",
        "ref": "",
        "url": "",
        "url2": ""
      }
    },
    {
      "type": "Feature",
      "geometry": {
        "type": "Point",
        "coordinates": [
          131.2026179,
          34.0869501
        ]
      },
      "properties": {
        "内容": "バス停: 上森広",
        "name": "上森広",
        "operator": "事業者不明",
        "ref": "",
        "url": "",
        "url2": ""
      }
    },
    {
      "type": "Feature",
      "geometry": {
        "type": "Point",
        "coordinates": [
          131.2089016,
          34.0920203
        ]
      },
      "properties": {
        "内容": "バス停: 下平沼田",
        "name": "下平沼田",
        "operator": "事業者不明",
        "ref": "",
        "url": "",
        "url2": ""
      }
    },
    {
      "type": "Feature",
      "geometry": {
        "type": "Point",
        "coordinates": [
          131.2075838,
          34.0946804
        ]
      },
      "properties": {
        "内容": "バス停: 平沼田",
        "name": "平沼田",
        "operator": "事業者不明",
        "ref": "",
        "url": "",
        "url2": ""
      }
    },
    {
      "type": "Feature",
      "geometry": {
        "type": "Point",
        "coordinates": [
          131.1746902,
          34.0743755
        ]
      },
      "properties": {
        "内容": "バス停: 柳瀬",
        "name": "柳瀬",
        "operator": "事業者不明",
        "ref": "",
        "url": "",
        "url2": ""
      }
    },
    {
      "type": "Feature",
      "geometry": {
        "type": "Point",
        "coordinates": [
          131.1749579,
          34.0750072
        ]
      },
      "properties": {
        "内容": "バス停: 柳瀬",
        "name": "柳瀬",
        "operator": "事業者不明",
        "ref": "",
        "url": "",
        "url2": ""
      }
    },
    {
      "type": "Feature",
      "geometry": {
        "type": "Point",
        "coordinates": [
          131.1807482,
          34.0957147
        ]
      },
      "properties": {
        "内容": "バス停: 松ヶ瀬下",
        "name": "松ヶ瀬下",
        "operator": "事業者不明",
        "ref": "",
        "url": "",
        "url2": ""
      }
    },
    {
      "type": "Feature",
      "geometry": {
        "type": "Point",
        "coordinates": [
          131.1803876,
          34.0965791
        ]
      },
      "properties": {
        "内容": "バス停: 松ヶ瀬下",
        "name": "松ヶ瀬下",
        "operator": "事業者不明",
        "ref": "",
        "url": "",
        "url2": ""
      }
    },
    {
      "type": "Feature",
      "geometry": {
        "type": "Point",
        "coordinates": [
          131.1797783,
          34.1013602
        ]
      },
      "properties": {
        "内容": "バス停: 松ヶ瀬",
        "name": "松ヶ瀬",
        "operator": "事業者不明",
        "ref": "",
        "url": "",
        "url2": ""
      }
    },
    {
      "type": "Feature",
      "geometry": {
        "type": "Point",
        "coordinates": [
          131.1802231,
          34.1025872
        ]
      },
      "properties": {
        "内容": "バス停: 松ヶ瀬",
        "name": "松ヶ瀬",
        "operator": "事業者不明",
        "ref": "",
        "url": "",
        "url2": ""
      }
    },
    {
      "type": "Feature",
      "geometry": {
        "type": "Point",
        "coordinates": [
          131.180706,
          34.1020358
        ]
      },
      "properties": {
        "内容": "バス停: 松ヶ瀬",
        "name": "松ヶ瀬",
        "operator": "事業者不明",
        "ref": "",
        "url": "",
        "url2": ""
      }
    },
    {
      "type": "Feature",
      "geometry": {
        "type": "Point",
        "coordinates": [
          131.1996095,
          34.10329
        ]
      },
      "properties": {
        "内容": "バス停: 新開",
        "name": "新開",
        "operator": "事業者不明",
        "ref": "",
        "url": "",
        "url2": ""
      }
    },
    {
      "type": "Feature",
      "geometry": {
        "type": "Point",
        "coordinates": [
          131.1930848,
          34.1038098
        ]
      },
      "properties": {
        "内容": "バス停: 宗末",
        "name": "宗末",
        "operator": "事業者不明",
        "ref": "",
        "url": "",
        "url2": ""
      }
    },
    {
      "type": "Feature",
      "geometry": {
        "type": "Point",
        "coordinates": [
          131.1864839,
          34.1050684
        ]
      },
      "properties": {
        "内容": "バス停: 奥の浴",
        "name": "奥の浴",
        "operator": "事業者不明",
        "ref": "",
        "url": "",
        "url2": ""
      }
    },
    {
      "type": "Feature",
      "geometry": {
        "type": "Point",
        "coordinates": [
          131.1828332,
          34.1161706
        ]
      },
      "properties": {
        "内容": "バス停: 上随光",
        "name": "上随光",
        "operator": "事業者不明",
        "ref": "",
        "url": "",
        "url2": ""
      }
    },
    {
      "type": "Feature",
      "geometry": {
        "type": "Point",
        "coordinates": [
          131.1829772,
          34.1172987
        ]
      },
      "properties": {
        "内容": "バス停: 上随光",
        "name": "上随光",
        "operator": "事業者不明",
        "ref": "",
        "url": "",
        "url2": ""
      }
    },
    {
      "type": "Feature",
      "geometry": {
        "type": "Point",
        "coordinates": [
          131.1845745,
          34.1204419
        ]
      },
      "properties": {
        "内容": "バス停: 横坂",
        "name": "横坂",
        "operator": "事業者不明",
        "ref": "",
        "url": "",
        "url2": ""
      }
    },
    {
      "type": "Feature",
      "geometry": {
        "type": "Point",
        "coordinates": [
          131.1849649,
          34.1207349
        ]
      },
      "properties": {
        "内容": "バス停: 横坂",
        "name": "横坂",
        "operator": "事業者不明",
        "ref": "",
        "url": "",
        "url2": ""
      }
    },
    {
      "type": "Feature",
      "geometry": {
        "type": "Point",
        "coordinates": [
          131.1715413,
          34.0536283
        ]
      },
      "properties": {
        "内容": "バス停: 中央病院",
        "name": "中央病院",
        "operator": "事業者不明",
        "ref": "",
        "url": "",
        "url2": ""
      }
    },
    {
      "type": "Feature",
      "geometry": {
        "type": "Point",
        "coordinates": [
          131.1721298,
          34.0522689
        ]
      },
      "properties": {
        "内容": "バス停: 中央病院",
        "name": "中央病院",
        "operator": "事業者不明",
        "ref": "",
        "url": "",
        "url2": ""
      }
    },
    {
      "type": "Feature",
      "geometry": {
        "type": "Point",
        "coordinates": [
          131.1726695,
          34.0537942
        ]
      },
      "properties": {
        "内容": "バス停: 中央病院",
        "name": "中央病院",
        "operator": "事業者不明",
        "ref": "",
        "url": "",
        "url2": ""
      }
    },
    {
      "type": "Feature",
      "geometry": {
        "type": "Point",
        "coordinates": [
          131.1691491,
          34.0537199
        ]
      },
      "properties": {
        "内容": "バス停: 厚狭本町",
        "name": "厚狭本町",
        "operator": "事業者不明",
        "ref": "",
        "url": "",
        "url2": ""
      }
    },
    {
      "type": "Feature",
      "geometry": {
        "type": "Point",
        "coordinates": [
          131.1683231,
          34.0539108
        ]
      },
      "properties": {
        "内容": "バス停: 厚狭本町",
        "name": "厚狭本町",
        "operator": "事業者不明",
        "ref": "",
        "url": "",
        "url2": ""
      }
    },
    {
      "type": "Feature",
      "geometry": {
        "type": "Point",
        "coordinates": [
          131.1628308,
          34.0549367
        ]
      },
      "properties": {
        "内容": "バス停: 厚狭郵便局前",
        "name": "厚狭郵便局前",
        "operator": "事業者不明",
        "ref": "",
        "url": "",
        "url2": ""
      }
    },
    {
      "type": "Feature",
      "geometry": {
        "type": "Point",
        "coordinates": [
          131.1626314,
          34.054841
        ]
      },
      "properties": {
        "内容": "バス停: 厚狭郵便局前",
        "name": "厚狭郵便局前",
        "operator": "事業者不明",
        "ref": "",
        "url": "",
        "url2": ""
      }
    },
    {
      "type": "Feature",
      "geometry": {
        "type": "Point",
        "coordinates": [
          131.1604529,
          34.0544136
        ]
      },
      "properties": {
        "内容": "バス停: 厚狭駅（在来線口）",
        "name": "厚狭駅（在来線口）",
        "operator": "事業者不明",
        "ref": "",
        "url": "",
        "url2": ""
      }
    },
    {
      "type": "Feature",
      "geometry": {
        "type": "Point",
        "coordinates": [
          131.1591012,
          34.0557427
        ]
      },
      "properties": {
        "内容": "バス停: 厚狭農協前",
        "name": "厚狭農協前",
        "operator": "事業者不明",
        "ref": "",
        "url": "",
        "url2": ""
      }
    },
    {
      "type": "Feature",
      "geometry": {
        "type": "Point",
        "coordinates": [
          131.1580053,
          34.0562017
        ]
      },
      "properties": {
        "内容": "バス停: 厚狭農協前",
        "name": "厚狭農協前",
        "operator": "事業者不明",
        "ref": "",
        "url": "",
        "url2": ""
      }
    },
    {
      "type": "Feature",
      "geometry": {
        "type": "Point",
        "coordinates": [
          131.1538155,
          34.0572793
        ]
      },
      "properties": {
        "内容": "バス停: 山川口",
        "name": "山川口",
        "operator": "事業者不明",
        "ref": "",
        "url": "",
        "url2": ""
      }
    },
    {
      "type": "Feature",
      "geometry": {
        "type": "Point",
        "coordinates": [
          131.1531508,
          34.0575436
        ]
      },
      "properties": {
        "内容": "バス停: 山川口",
        "name": "山川口",
        "operator": "事業者不明",
        "ref": "",
        "url": "",
        "url2": ""
      }
    },
    {
      "type": "Feature",
      "geometry": {
        "type": "Point",
        "coordinates": [
          131.1445139,
          34.0568026
        ]
      },
      "properties": {
        "内容": "バス停: 栗田",
        "name": "栗田",
        "operator": "事業者不明",
        "ref": "",
        "url": "",
        "url2": ""
      }
    },
    {
      "type": "Feature",
      "geometry": {
        "type": "Point",
        "coordinates": [
          131.1437703,
          34.0566994
        ]
      },
      "properties": {
        "内容": "バス停: 栗田",
        "name": "栗田",
        "operator": "事業者不明",
        "ref": "",
        "url": "",
        "url2": ""
      }
    },
    {
      "type": "Feature",
      "geometry": {
        "type": "Point",
        "coordinates": [
          131.1364781,
          34.0573838
        ]
      },
      "properties": {
        "内容": "バス停: 片尾畑",
        "name": "片尾畑",
        "operator": "事業者不明",
        "ref": "",
        "url": "",
        "url2": ""
      }
    },
    {
      "type": "Feature",
      "geometry": {
        "type": "Point",
        "coordinates": [
          131.135225,
          34.0567583
        ]
      },
      "properties": {
        "内容": "バス停: 片尾畑",
        "name": "片尾畑",
        "operator": "事業者不明",
        "ref": "",
        "url": "",
        "url2": ""
      }
    },
    {
      "type": "Feature",
      "geometry": {
        "type": "Point",
        "coordinates": [
          131.1330721,
          34.055099
        ]
      },
      "properties": {
        "内容": "バス停: 長友",
        "name": "長友",
        "operator": "事業者不明",
        "ref": "",
        "url": "",
        "url2": ""
      }
    },
    {
      "type": "Feature",
      "geometry": {
        "type": "Point",
        "coordinates": [
          131.1331687,
          34.0550105
        ]
      },
      "properties": {
        "内容": "バス停: 長友",
        "name": "長友",
        "operator": "事業者不明",
        "ref": "",
        "url": "",
        "url2": ""
      }
    },
    {
      "type": "Feature",
      "geometry": {
        "type": "Point",
        "coordinates": [
          131.1306226,
          34.053589
        ]
      },
      "properties": {
        "内容": "バス停: 山の井",
        "name": "山の井",
        "operator": "事業者不明",
        "ref": "",
        "url": "",
        "url2": ""
      }
    },
    {
      "type": "Feature",
      "geometry": {
        "type": "Point",
        "coordinates": [
          131.1269719,
          34.0506545
        ]
      },
      "properties": {
        "内容": "バス停: 大道畑",
        "name": "大道畑",
        "operator": "事業者不明",
        "ref": "",
        "url": "",
        "url2": ""
      }
    },
    {
      "type": "Feature",
      "geometry": {
        "type": "Point",
        "coordinates": [
          131.1260516,
          34.0500664
        ]
      },
      "properties": {
        "内容": "バス停: 大道畑",
        "name": "大道畑",
        "operator": "事業者不明",
        "ref": "",
        "url": "",
        "url2": ""
      }
    },
    {
      "type": "Feature",
      "geometry": {
        "type": "Point",
        "coordinates": [
          131.1623945,
          34.0567464
        ]
      },
      "properties": {
        "内容": "バス停: 厚狭税務署前",
        "name": "厚狭税務署前",
        "operator": "事業者不明",
        "ref": "",
        "url": "",
        "url2": ""
      }
    },
    {
      "type": "Feature",
      "geometry": {
        "type": "Point",
        "coordinates": [
          131.1638457,
          34.0586122
        ]
      },
      "properties": {
        "内容": "バス停: 一丁田",
        "name": "一丁田",
        "operator": "事業者不明",
        "ref": "",
        "url": "",
        "url2": ""
      }
    },
    {
      "type": "Feature",
      "geometry": {
        "type": "Point",
        "coordinates": [
          131.1660478,
          34.0619144
        ]
      },
      "properties": {
        "内容": "バス停: 鴨の庄",
        "name": "鴨の庄",
        "operator": "事業者不明",
        "ref": "",
        "url": "",
        "url2": ""
      }
    },
    {
      "type": "Feature",
      "geometry": {
        "type": "Point",
        "coordinates": [
          131.1710151,
          34.0660546
        ]
      },
      "properties": {
        "内容": "バス停: 印行",
        "name": "印行",
        "operator": "事業者不明",
        "ref": "",
        "url": "",
        "url2": ""
      }
    },
    {
      "type": "Feature",
      "geometry": {
        "type": "Point",
        "coordinates": [
          131.1711864,
          34.0710568
        ]
      },
      "properties": {
        "内容": "バス停: 沓",
        "name": "沓",
        "operator": "事業者不明",
        "ref": "",
        "url": "",
        "url2": ""
      }
    },
    {
      "type": "Feature",
      "geometry": {
        "type": "Point",
        "coordinates": [
          131.1675473,
          34.0769772
        ]
      },
      "properties": {
        "内容": "バス停: 福正寺",
        "name": "福正寺",
        "operator": "事業者不明",
        "ref": "",
        "url": "",
        "url2": ""
      }
    },
    {
      "type": "Feature",
      "geometry": {
        "type": "Point",
        "coordinates": [
          131.1717351,
          34.0832218
        ]
      },
      "properties": {
        "内容": "バス停: 湯の峠温泉前",
        "name": "湯の峠温泉前",
        "operator": "事業者不明",
        "ref": "",
        "url": "",
        "url2": ""
      }
    },
    {
      "type": "Feature",
      "geometry": {
        "type": "Point",
        "coordinates": [
          131.1725479,
          34.0856972
        ]
      },
      "properties": {
        "内容": "バス停: 湯の峠駅",
        "name": "湯の峠駅",
        "operator": "事業者不明",
        "ref": "",
        "url": "",
        "url2": ""
      }
    },
    {
      "type": "Feature",
      "geometry": {
        "type": "Point",
        "coordinates": [
          131.1313381,
          34.024274
        ]
      },
      "properties": {
        "内容": "バス停: 沖部",
        "name": "沖部",
        "operator": "事業者不明",
        "ref": "",
        "url": "",
        "url2": ""
      }
    },
    {
      "type": "Feature",
      "geometry": {
        "type": "Point",
        "coordinates": [
          131.1310324,
          34.0242231
        ]
      },
      "properties": {
        "内容": "バス停: 沖部",
        "name": "沖部",
        "operator": "事業者不明",
        "ref": "",
        "url": "",
        "url2": ""
      }
    },
    {
      "type": "Feature",
      "geometry": {
        "type": "Point",
        "coordinates": [
          131.11614,
          34.022348
        ]
      },
      "properties": {
        "内容": "バス停: 東郷",
        "name": "東郷",
        "operator": "事業者不明",
        "ref": "",
        "url": "",
        "url2": ""
      }
    },
    {
      "type": "Feature",
      "geometry": {
        "type": "Point",
        "coordinates": [
          131.1158802,
          34.0219594
        ]
      },
      "properties": {
        "内容": "バス停: 東郷",
        "name": "東郷",
        "operator": "事業者不明",
        "ref": "",
        "url": "",
        "url2": ""
      }
    },
    {
      "type": "Feature",
      "geometry": {
        "type": "Point",
        "coordinates": [
          131.1111582,
          34.021442
        ]
      },
      "properties": {
        "内容": "バス停: 津布田",
        "name": "津布田",
        "operator": "事業者不明",
        "ref": "",
        "url": "",
        "url2": ""
      }
    },
    {
      "type": "Feature",
      "geometry": {
        "type": "Point",
        "coordinates": [
          131.1104193,
          34.02191
        ]
      },
      "properties": {
        "内容": "バス停: 津布田",
        "name": "津布田",
        "operator": "事業者不明",
        "ref": "",
        "url": "",
        "url2": ""
      }
    },
    {
      "type": "Feature",
      "geometry": {
        "type": "Point",
        "coordinates": [
          131.1061287,
          34.0276997
        ]
      },
      "properties": {
        "内容": "バス停: 森本",
        "name": "森本",
        "operator": "事業者不明",
        "ref": "",
        "url": "",
        "url2": ""
      }
    },
    {
      "type": "Feature",
      "geometry": {
        "type": "Point",
        "coordinates": [
          131.1055678,
          34.0284669
        ]
      },
      "properties": {
        "内容": "バス停: 森本",
        "name": "森本",
        "operator": "事業者不明",
        "ref": "",
        "url": "",
        "url2": ""
      }
    },
    {
      "type": "Feature",
      "geometry": {
        "type": "Point",
        "coordinates": [
          131.1824,
          34.1113695
        ]
      },
      "properties": {
        "内容": "バス停: 随光",
        "name": "随光",
        "operator": "事業者不明",
        "ref": "",
        "url": "",
        "url2": ""
      }
    },
    {
      "type": "Feature",
      "geometry": {
        "type": "Point",
        "coordinates": [
          131.1820842,
          34.1110569
        ]
      },
      "properties": {
        "内容": "バス停: 随光",
        "name": "随光",
        "operator": "事業者不明",
        "ref": "",
        "url": "",
        "url2": ""
      }
    },
    {
      "type": "Feature",
      "geometry": {
        "type": "Point",
        "coordinates": [
          131.1923853,
          34.1270377
        ]
      },
      "properties": {
        "内容": "バス停: 山中",
        "name": "山中",
        "operator": "事業者不明",
        "ref": "",
        "url": "",
        "url2": ""
      }
    },
    {
      "type": "Feature",
      "geometry": {
        "type": "Point",
        "coordinates": [
          131.1917465,
          34.1266419
        ]
      },
      "properties": {
        "内容": "バス停: 山中",
        "name": "山中",
        "operator": "事業者不明",
        "ref": "",
        "url": "",
        "url2": ""
      }
    },
    {
      "type": "Feature",
      "geometry": {
        "type": "Point",
        "coordinates": [
          131.1871577,
          34.0184215
        ]
      },
      "properties": {
        "内容": "バス停: 高千帆台",
        "name": "高千帆台",
        "operator": "事業者不明",
        "ref": "",
        "url": "",
        "url2": ""
      }
    },
    {
      "type": "Feature",
      "geometry": {
        "type": "Point",
        "coordinates": [
          131.1910512,
          34.0197206
        ]
      },
      "properties": {
        "内容": "バス停: 高千帆台",
        "name": "高千帆台",
        "operator": "事業者不明",
        "ref": "",
        "url": "",
        "url2": ""
      }
    },
    {
      "type": "Feature",
      "geometry": {
        "type": "Point",
        "coordinates": [
          131.1948923,
          34.0261426
        ]
      },
      "properties": {
        "内容": "バス停: 高千帆苑",
        "name": "高千帆苑",
        "operator": "事業者不明",
        "ref": "",
        "url": "",
        "url2": ""
      }
    },
    {
      "type": "Feature",
      "geometry": {
        "type": "Point",
        "coordinates": [
          131.0982708,
          34.0364161
        ]
      },
      "properties": {
        "内容": "バス停: 埴生東口",
        "name": "埴生東口",
        "operator": "事業者不明",
        "ref": "",
        "url": "",
        "url2": ""
      }
    },
    {
      "type": "Feature",
      "geometry": {
        "type": "Point",
        "coordinates": [
          131.0959649,
          34.0380518
        ]
      },
      "properties": {
        "内容": "バス停: 埴生上市",
        "name": "埴生上市",
        "operator": "事業者不明",
        "ref": "",
        "url": "",
        "url2": ""
      }
    },
    {
      "type": "Feature",
      "geometry": {
        "type": "Point",
        "coordinates": [
          131.0949914,
          34.0384456
        ]
      },
      "properties": {
        "内容": "バス停: 埴生上市",
        "name": "埴生上市",
        "operator": "事業者不明",
        "ref": "",
        "url": "",
        "url2": ""
      }
    },
    {
      "type": "Feature",
      "geometry": {
        "type": "Point",
        "coordinates": [
          131.0909831,
          34.0400822
        ]
      },
      "properties": {
        "内容": "バス停: 埴生",
        "name": "埴生",
        "operator": "事業者不明",
        "ref": "",
        "url": "",
        "url2": ""
      }
    },
    {
      "type": "Feature",
      "geometry": {
        "type": "Point",
        "coordinates": [
          131.0893792,
          34.0402107
        ]
      },
      "properties": {
        "内容": "バス停: 埴生",
        "name": "埴生",
        "operator": "事業者不明",
        "ref": "",
        "url": "",
        "url2": ""
      }
    },
    {
      "type": "Feature",
      "geometry": {
        "type": "Point",
        "coordinates": [
          131.0831665,
          34.0406522
        ]
      },
      "properties": {
        "内容": "バス停: 青年の家前",
        "name": "青年の家前",
        "operator": "事業者不明",
        "ref": "",
        "url": "",
        "url2": ""
      }
    },
    {
      "type": "Feature",
      "geometry": {
        "type": "Point",
        "coordinates": [
          131.080934,
          34.0412404
        ]
      },
      "properties": {
        "内容": "バス停: 青年の家前",
        "name": "青年の家前",
        "operator": "事業者不明",
        "ref": "",
        "url": "",
        "url2": ""
      }
    },
    {
      "type": "Feature",
      "geometry": {
        "type": "Point",
        "coordinates": [
          131.0784024,
          34.0422604
        ]
      },
      "properties": {
        "内容": "バス停: 東糸根",
        "name": "東糸根",
        "operator": "事業者不明",
        "ref": "",
        "url": "",
        "url2": ""
      }
    },
    {
      "type": "Feature",
      "geometry": {
        "type": "Point",
        "coordinates": [
          131.0779481,
          34.0422688
        ]
      },
      "properties": {
        "内容": "バス停: 東糸根",
        "name": "東糸根",
        "operator": "事業者不明",
        "ref": "",
        "url": "",
        "url2": ""
      }
    },
    {
      "type": "Feature",
      "geometry": {
        "type": "Point",
        "coordinates": [
          131.073511,
          34.0428022
        ]
      },
      "properties": {
        "内容": "バス停: 西糸根",
        "name": "西糸根",
        "operator": "事業者不明",
        "ref": "",
        "url": "",
        "url2": ""
      }
    },
    {
      "type": "Feature",
      "geometry": {
        "type": "Point",
        "coordinates": [
          131.0714106,
          34.0432233
        ]
      },
      "properties": {
        "内容": "バス停: 西糸根",
        "name": "西糸根",
        "operator": "事業者不明",
        "ref": "",
        "url": "",
        "url2": ""
      }
    },
    {
      "type": "Feature",
      "geometry": {
        "type": "Point",
        "coordinates": [
          131.0899533,
          34.0407395
        ]
      },
      "properties": {
        "内容": "バス停: 埴生",
        "name": "埴生",
        "operator": "事業者不明",
        "ref": "",
        "url": "",
        "url2": ""
      }
    },
    {
      "type": "Feature",
      "geometry": {
        "type": "Point",
        "coordinates": [
          131.0900725,
          34.0434638
        ]
      },
      "properties": {
        "内容": "バス停: 中村",
        "name": "中村",
        "operator": "事業者不明",
        "ref": "",
        "url": "",
        "url2": ""
      }
    },
    {
      "type": "Feature",
      "geometry": {
        "type": "Point",
        "coordinates": [
          131.0902485,
          34.0473098
        ]
      },
      "properties": {
        "内容": "バス停: 正寺",
        "name": "正寺",
        "operator": "事業者不明",
        "ref": "",
        "url": "",
        "url2": ""
      }
    },
    {
      "type": "Feature",
      "geometry": {
        "type": "Point",
        "coordinates": [
          131.0903185,
          34.0472414
        ]
      },
      "properties": {
        "内容": "バス停: 正寺",
        "name": "正寺",
        "operator": "事業者不明",
        "ref": "",
        "url": "",
        "url2": ""
      }
    },
    {
      "type": "Feature",
      "geometry": {
        "type": "Point",
        "coordinates": [
          131.0921997,
          34.0502746
        ]
      },
      "properties": {
        "内容": "バス停: 大持口",
        "name": "大持口",
        "operator": "事業者不明",
        "ref": "",
        "url": "",
        "url2": ""
      }
    },
    {
      "type": "Feature",
      "geometry": {
        "type": "Point",
        "coordinates": [
          131.0921669,
          34.0503799
        ]
      },
      "properties": {
        "内容": "バス停: 大持口",
        "name": "大持口",
        "operator": "事業者不明",
        "ref": "",
        "url": "",
        "url2": ""
      }
    },
    {
      "type": "Feature",
      "geometry": {
        "type": "Point",
        "coordinates": [
          131.1007534,
          34.0610043
        ]
      },
      "properties": {
        "内容": "バス停: 下福田",
        "name": "下福田",
        "operator": "事業者不明",
        "ref": "",
        "url": "",
        "url2": ""
      }
    },
    {
      "type": "Feature",
      "geometry": {
        "type": "Point",
        "coordinates": [
          131.1029467,
          34.0642942
        ]
      },
      "properties": {
        "内容": "バス停: 福田",
        "name": "福田",
        "operator": "事業者不明",
        "ref": "",
        "url": "",
        "url2": ""
      }
    },
    {
      "type": "Feature",
      "geometry": {
        "type": "Point",
        "coordinates": [
          131.1062971,
          34.0647923
        ]
      },
      "properties": {
        "内容": "バス停: 宮の下",
        "name": "宮の下",
        "operator": "事業者不明",
        "ref": "",
        "url": "",
        "url2": ""
      }
    },
    {
      "type": "Feature",
      "geometry": {
        "type": "Point",
        "coordinates": [
          131.1111725,
          34.069777
        ]
      },
      "properties": {
        "内容": "バス停: 上福田",
        "name": "上福田",
        "operator": "事業者不明",
        "ref": "",
        "url": "",
        "url2": ""
      }
    },
    {
      "type": "Feature",
      "geometry": {
        "type": "Point",
        "coordinates": [
          131.0769705,
          34.0445746
        ]
      },
      "properties": {
        "内容": "バス停: 老人センター",
        "name": "老人センター",
        "operator": "事業者不明",
        "ref": "",
        "url": "",
        "url2": ""
      }
    },
    {
      "type": "Feature",
      "geometry": {
        "type": "Point",
        "coordinates": [
          131.2512119,
          33.9482907
        ]
      },
      "properties": {
        "内容": "バス停: 常盤町二丁目",
        "name": "常盤町二丁目",
        "operator": "事業者不明",
        "ref": "",
        "url": "",
        "url2": ""
      }
    },
    {
      "type": "Feature",
      "geometry": {
        "type": "Point",
        "coordinates": [
          131.250941,
          33.9481494
        ]
      },
      "properties": {
        "内容": "バス停: 常盤町二丁目",
        "name": "常盤町二丁目",
        "operator": "事業者不明",
        "ref": "",
        "url": "",
        "url2": ""
      }
    },
    {
      "type": "Feature",
      "geometry": {
        "type": "Point",
        "coordinates": [
          132.0819411,
          34.0835454
        ]
      },
      "properties": {
        "内容": "バス停: 玖珂インター",
        "name": "玖珂インター",
        "operator": "事業者不明",
        "ref": "",
        "url": "",
        "url2": ""
      }
    },
    {
      "type": "Feature",
      "geometry": {
        "type": "Point",
        "coordinates": [
          131.9744639,
          34.0394252
        ]
      },
      "properties": {
        "内容": "バス停: 熊毛インター",
        "name": "熊毛インター",
        "operator": "事業者不明",
        "ref": "",
        "url": "",
        "url2": ""
      }
    },
    {
      "type": "Feature",
      "geometry": {
        "type": "Point",
        "coordinates": [
          131.8474896,
          34.0404461
        ]
      },
      "properties": {
        "内容": "バス停: 徳山東インター",
        "name": "徳山東インター",
        "operator": "事業者不明",
        "ref": "",
        "url": "",
        "url2": ""
      }
    },
    {
      "type": "Feature",
      "geometry": {
        "type": "Point",
        "coordinates": [
          131.5437273,
          34.060487
        ]
      },
      "properties": {
        "内容": "バス停: 防府西インター",
        "name": "防府西インター",
        "operator": "事業者不明",
        "ref": "",
        "url": "",
        "url2": ""
      }
    },
    {
      "type": "Feature",
      "geometry": {
        "type": "Point",
        "coordinates": [
          131.543457,
          34.0592477
        ]
      },
      "properties": {
        "内容": "バス停: 防府西インター",
        "name": "防府西インター",
        "operator": "事業者不明",
        "ref": "",
        "url": "",
        "url2": ""
      }
    },
    {
      "type": "Feature",
      "geometry": {
        "type": "Point",
        "coordinates": [
          131.2655604,
          33.9395471
        ]
      },
      "properties": {
        "内容": "バス停: 笹山",
        "name": "笹山",
        "operator": "事業者不明",
        "ref": "",
        "url": "",
        "url2": ""
      }
    },
    {
      "type": "Feature",
      "geometry": {
        "type": "Point",
        "coordinates": [
          131.2654947,
          33.9393301
        ]
      },
      "properties": {
        "内容": "バス停: 笹山",
        "name": "笹山",
        "operator": "事業者不明",
        "ref": "",
        "url": "",
        "url2": ""
      }
    },
    {
      "type": "Feature",
      "geometry": {
        "type": "Point",
        "coordinates": [
          131.2657092,
          33.9373574
        ]
      },
      "properties": {
        "内容": "バス停: 宇部協立病院",
        "name": "宇部協立病院",
        "operator": "事業者不明",
        "ref": "",
        "url": "",
        "url2": ""
      }
    },
    {
      "type": "Feature",
      "geometry": {
        "type": "Point",
        "coordinates": [
          131.2658326,
          33.9372295
        ]
      },
      "properties": {
        "内容": "バス停: 宇部協立病院",
        "name": "宇部協立病院",
        "operator": "事業者不明",
        "ref": "",
        "url": "",
        "url2": ""
      }
    },
    {
      "type": "Feature",
      "geometry": {
        "type": "Point",
        "coordinates": [
          131.2659198,
          33.9354459
        ]
      },
      "properties": {
        "内容": "バス停: 五十目山",
        "name": "五十目山",
        "operator": "事業者不明",
        "ref": "",
        "url": "",
        "url2": ""
      }
    },
    {
      "type": "Feature",
      "geometry": {
        "type": "Point",
        "coordinates": [
          131.2660204,
          33.935151
        ]
      },
      "properties": {
        "内容": "バス停: 五十目山",
        "name": "五十目山",
        "operator": "事業者不明",
        "ref": "",
        "url": "",
        "url2": ""
      }
    },
    {
      "type": "Feature",
      "geometry": {
        "type": "Point",
        "coordinates": [
          131.2579188,
          33.9371093
        ]
      },
      "properties": {
        "内容": "バス停: 松山四丁目",
        "name": "松山四丁目",
        "operator": "事業者不明",
        "ref": "",
        "url": "",
        "url2": ""
      }
    },
    {
      "type": "Feature",
      "geometry": {
        "type": "Point",
        "coordinates": [
          131.2577417,
          33.9373007
        ]
      },
      "properties": {
        "内容": "バス停: 松山四丁目",
        "name": "松山四丁目",
        "operator": "事業者不明",
        "ref": "",
        "url": "",
        "url2": ""
      }
    },
    {
      "type": "Feature",
      "geometry": {
        "type": "Point",
        "coordinates": [
          131.2555625,
          33.941794
        ]
      },
      "properties": {
        "内容": "バス停: 松山二丁目",
        "name": "松山二丁目",
        "operator": "事業者不明",
        "ref": "",
        "url": "",
        "url2": ""
      }
    },
    {
      "type": "Feature",
      "geometry": {
        "type": "Point",
        "coordinates": [
          131.2553036,
          33.9416499
        ]
      },
      "properties": {
        "内容": "バス停: 松山二丁目",
        "name": "松山二丁目",
        "operator": "事業者不明",
        "ref": "",
        "url": "",
        "url2": ""
      }
    },
    {
      "type": "Feature",
      "geometry": {
        "type": "Point",
        "coordinates": [
          131.2712292,
          33.9402314
        ]
      },
      "properties": {
        "内容": "バス停: 恩田ふれあいセンター",
        "name": "恩田ふれあいセンター",
        "operator": "事業者不明",
        "ref": "",
        "url": "",
        "url2": ""
      }
    },
    {
      "type": "Feature",
      "geometry": {
        "type": "Point",
        "coordinates": [
          131.2715498,
          33.9401001
        ]
      },
      "properties": {
        "内容": "バス停: 恩田ふれあいセンター",
        "name": "恩田ふれあいセンター",
        "operator": "事業者不明",
        "ref": "",
        "url": "",
        "url2": ""
      }
    },
    {
      "type": "Feature",
      "geometry": {
        "type": "Point",
        "coordinates": [
          131.2741354,
          33.9373819
        ]
      },
      "properties": {
        "内容": "バス停: 草江駅前",
        "name": "草江駅前",
        "operator": "事業者不明",
        "ref": "",
        "url": "",
        "url2": ""
      }
    },
    {
      "type": "Feature",
      "geometry": {
        "type": "Point",
        "coordinates": [
          131.2743057,
          33.9371127
        ]
      },
      "properties": {
        "内容": "バス停: 草江駅前",
        "name": "草江駅前",
        "operator": "事業者不明",
        "ref": "",
        "url": "",
        "url2": ""
      }
    },
    {
      "type": "Feature",
      "geometry": {
        "type": "Point",
        "coordinates": [
          131.2749079,
          33.9359188
        ]
      },
      "properties": {
        "内容": "バス停: 草江",
        "name": "草江",
        "operator": "事業者不明",
        "ref": "",
        "url": "",
        "url2": ""
      }
    },
    {
      "type": "Feature",
      "geometry": {
        "type": "Point",
        "coordinates": [
          131.2756978,
          33.9366809
        ]
      },
      "properties": {
        "内容": "バス停: 草江",
        "name": "草江",
        "operator": "事業者不明",
        "ref": "",
        "url": "",
        "url2": ""
      }
    },
    {
      "type": "Feature",
      "geometry": {
        "type": "Point",
        "coordinates": [
          131.28195,
          33.9376901
        ]
      },
      "properties": {
        "内容": "バス停: 丸山公園",
        "name": "丸山公園",
        "operator": "事業者不明",
        "ref": "",
        "url": "",
        "url2": ""
      }
    },
    {
      "type": "Feature",
      "geometry": {
        "type": "Point",
        "coordinates": [
          131.2816402,
          33.9375466
        ]
      },
      "properties": {
        "内容": "バス停: 丸山公園",
        "name": "丸山公園",
        "operator": "事業者不明",
        "ref": "",
        "url": "",
        "url2": ""
      }
    },
    {
      "type": "Feature",
      "geometry": {
        "type": "Point",
        "coordinates": [
          131.2868088,
          33.9384233
        ]
      },
      "properties": {
        "内容": "バス停: 亀浦四丁目",
        "name": "亀浦四丁目",
        "operator": "事業者不明",
        "ref": "",
        "url": "",
        "url2": ""
      }
    },
    {
      "type": "Feature",
      "geometry": {
        "type": "Point",
        "coordinates": [
          131.2869483,
          33.9383566
        ]
      },
      "properties": {
        "内容": "バス停: 亀浦四丁目",
        "name": "亀浦四丁目",
        "operator": "事業者不明",
        "ref": "",
        "url": "",
        "url2": ""
      }
    },
    {
      "type": "Feature",
      "geometry": {
        "type": "Point",
        "coordinates": [
          131.2900127,
          33.9414485
        ]
      },
      "properties": {
        "内容": "バス停: 常盤駅入口",
        "name": "常盤駅入口",
        "operator": "事業者不明",
        "ref": "",
        "url": "",
        "url2": ""
      }
    },
    {
      "type": "Feature",
      "geometry": {
        "type": "Point",
        "coordinates": [
          131.2915577,
          33.9435435
        ]
      },
      "properties": {
        "内容": "バス停: 常盤駅入口",
        "name": "常盤駅入口",
        "operator": "事業者不明",
        "ref": "",
        "url": "",
        "url2": ""
      }
    },
    {
      "type": "Feature",
      "geometry": {
        "type": "Point",
        "coordinates": [
          131.2890083,
          33.9424443
        ]
      },
      "properties": {
        "内容": "バス停: 常盤駅入口",
        "name": "常盤駅入口",
        "operator": "事業者不明",
        "ref": "",
        "url": "",
        "url2": ""
      }
    },
    {
      "type": "Feature",
      "geometry": {
        "type": "Point",
        "coordinates": [
          131.2808959,
          33.9433188
        ]
      },
      "properties": {
        "内容": "バス停: ときわ公園入口",
        "name": "ときわ公園入口",
        "operator": "事業者不明",
        "ref": "",
        "url": "",
        "url2": ""
      }
    },
    {
      "type": "Feature",
      "geometry": {
        "type": "Point",
        "coordinates": [
          131.2807833,
          33.9435268
        ]
      },
      "properties": {
        "内容": "バス停: ときわ公園入口",
        "name": "ときわ公園入口",
        "operator": "事業者不明",
        "ref": "",
        "url": "",
        "url2": ""
      }
    },
    {
      "type": "Feature",
      "geometry": {
        "type": "Point",
        "coordinates": [
          131.2745109,
          33.9420994
        ]
      },
      "properties": {
        "内容": "バス停: 則貞",
        "name": "則貞",
        "operator": "事業者不明",
        "ref": "",
        "url": "",
        "url2": ""
      }
    },
    {
      "type": "Feature",
      "geometry": {
        "type": "Point",
        "coordinates": [
          131.2750581,
          33.942382
        ]
      },
      "properties": {
        "内容": "バス停: 則貞",
        "name": "則貞",
        "operator": "事業者不明",
        "ref": "",
        "url": "",
        "url2": ""
      }
    },
    {
      "type": "Feature",
      "geometry": {
        "type": "Point",
        "coordinates": [
          131.26653,
          33.9428426
        ]
      },
      "properties": {
        "内容": "バス停: 恩田",
        "name": "恩田",
        "operator": "事業者不明",
        "ref": "",
        "url": "",
        "url2": ""
      }
    },
    {
      "type": "Feature",
      "geometry": {
        "type": "Point",
        "coordinates": [
          131.266821,
          33.9430184
        ]
      },
      "properties": {
        "内容": "バス停: 恩田",
        "name": "恩田",
        "operator": "事業者不明",
        "ref": "",
        "url": "",
        "url2": ""
      }
    },
    {
      "type": "Feature",
      "geometry": {
        "type": "Point",
        "coordinates": [
          131.2598044,
          33.9330547
        ]
      },
      "properties": {
        "内容": "バス停: 松山五丁目",
        "name": "松山五丁目",
        "operator": "事業者不明",
        "ref": "",
        "url": "",
        "url2": ""
      }
    },
    {
      "type": "Feature",
      "geometry": {
        "type": "Point",
        "coordinates": [
          131.2594342,
          33.9336089
        ]
      },
      "properties": {
        "内容": "バス停: 松山五丁目",
        "name": "松山五丁目",
        "operator": "事業者不明",
        "ref": "",
        "url": "",
        "url2": ""
      }
    },
    {
      "type": "Feature",
      "geometry": {
        "type": "Point",
        "coordinates": [
          131.0438293,
          34.0692416
        ]
      },
      "properties": {
        "内容": "バス停: 小月大橋",
        "name": "小月大橋",
        "operator": "事業者不明",
        "ref": "",
        "url": "",
        "url2": ""
      }
    },
    {
      "type": "Feature",
      "geometry": {
        "type": "Point",
        "coordinates": [
          131.0437498,
          34.0690955
        ]
      },
      "properties": {
        "内容": "バス停: 小月大橋",
        "name": "小月大橋",
        "operator": "事業者不明",
        "ref": "",
        "url": "",
        "url2": ""
      }
    },
    {
      "type": "Feature",
      "geometry": {
        "type": "Point",
        "coordinates": [
          131.0437582,
          34.0692542
        ]
      },
      "properties": {
        "内容": "バス停: 小月大橋",
        "name": "小月大橋",
        "operator": "事業者不明",
        "ref": "",
        "url": "",
        "url2": ""
      }
    },
    {
      "type": "Feature",
      "geometry": {
        "type": "Point",
        "coordinates": [
          131.0437164,
          34.0691343
        ]
      },
      "properties": {
        "内容": "バス停: 小月大橋",
        "name": "小月大橋",
        "operator": "事業者不明",
        "ref": "",
        "url": "",
        "url2": ""
      }
    },
    {
      "type": "Feature",
      "geometry": {
        "type": "Point",
        "coordinates": [
          132.2248808,
          34.1720141
        ]
      },
      "properties": {
        "内容": "バス停: 岩国駅 (いわくにバス)",
        "name": "岩国駅",
        "operator": "いわくにバス",
        "ref": "",
        "url": "",
        "url2": ""
      }
    },
    {
      "type": "Feature",
      "geometry": {
        "type": "Point",
        "coordinates": [
          131.3958567,
          34.0942624
        ]
      },
      "properties": {
        "内容": "バス停: バス案内所",
        "name": "バス案内所",
        "operator": "事業者不明",
        "ref": "",
        "url": "",
        "url2": ""
      }
    },
    {
      "type": "Feature",
      "geometry": {
        "type": "Point",
        "coordinates": [
          131.1808938,
          33.999575
        ]
      },
      "properties": {
        "内容": "バス停: 市民病院入口",
        "name": "市民病院入口",
        "operator": "事業者不明",
        "ref": "",
        "url": "",
        "url2": ""
      }
    },
    {
      "type": "Feature",
      "geometry": {
        "type": "Point",
        "coordinates": [
          131.0000029,
          34.0194122
        ]
      },
      "properties": {
        "内容": "バス停: 長府駅 (サンデン交通)",
        "name": "長府駅",
        "operator": "サンデン交通",
        "ref": "",
        "url": "",
        "url2": ""
      }
    },
    {
      "type": "Feature",
      "geometry": {
        "type": "Point",
        "coordinates": [
          130.99996,
          34.0196523
        ]
      },
      "properties": {
        "内容": "バス停: 長府駅 (サンデン交通)",
        "name": "長府駅",
        "operator": "サンデン交通",
        "ref": "",
        "url": "",
        "url2": ""
      }
    },
    {
      "type": "Feature",
      "geometry": {
        "type": "Point",
        "coordinates": [
          131.9886328,
          34.313754
        ]
      },
      "properties": {
        "内容": "バス停: 名称不明バス停",
        "name": "名称不明バス停",
        "operator": "事業者不明",
        "ref": "",
        "url": "",
        "url2": ""
      }
    },
    {
      "type": "Feature",
      "geometry": {
        "type": "Point",
        "coordinates": [
          131.9879997,
          34.3133245
        ]
      },
      "properties": {
        "内容": "バス停: 名称不明バス停",
        "name": "名称不明バス停",
        "operator": "事業者不明",
        "ref": "",
        "url": "",
        "url2": ""
      }
    },
    {
      "type": "Feature",
      "geometry": {
        "type": "Point",
        "coordinates": [
          132.1490768,
          34.1649022
        ]
      },
      "properties": {
        "内容": "バス停: 名称不明バス停",
        "name": "名称不明バス停",
        "operator": "事業者不明",
        "ref": "",
        "url": "",
        "url2": ""
      }
    },
    {
      "type": "Feature",
      "geometry": {
        "type": "Point",
        "coordinates": [
          130.9419309,
          33.9590878
        ]
      },
      "properties": {
        "内容": "バス停: 西の端 (サンデン交通)",
        "name": "西の端",
        "operator": "サンデン交通",
        "ref": "",
        "url": "",
        "url2": ""
      }
    },
    {
      "type": "Feature",
      "geometry": {
        "type": "Point",
        "coordinates": [
          130.942124,
          33.9595283
        ]
      },
      "properties": {
        "内容": "バス停: 西の端 (サンデン交通)",
        "name": "西の端",
        "operator": "サンデン交通",
        "ref": "",
        "url": "",
        "url2": ""
      }
    },
    {
      "type": "Feature",
      "geometry": {
        "type": "Point",
        "coordinates": [
          131.3066011,
          34.223125
        ]
      },
      "properties": {
        "内容": "バス停: 秋芳洞 (中国ジェイアールバス)",
        "name": "秋芳洞",
        "operator": "中国ジェイアールバス",
        "ref": "",
        "url": "",
        "url2": ""
      }
    },
    {
      "type": "Feature",
      "geometry": {
        "type": "Point",
        "coordinates": [
          131.3067491,
          34.223235
        ]
      },
      "properties": {
        "内容": "バス停: 秋芳洞 (中国ジェイアールバス)",
        "name": "秋芳洞",
        "operator": "中国ジェイアールバス",
        "ref": "",
        "url": "",
        "url2": ""
      }
    },
    {
      "type": "Feature",
      "geometry": {
        "type": "Point",
        "coordinates": [
          131.3068814,
          34.2233354
        ]
      },
      "properties": {
        "内容": "バス停: 秋芳洞 (中国ジェイアールバス)",
        "name": "秋芳洞",
        "operator": "中国ジェイアールバス",
        "ref": "",
        "url": "",
        "url2": ""
      }
    },
    {
      "type": "Feature",
      "geometry": {
        "type": "Point",
        "coordinates": [
          131.9295869,
          33.9704063
        ]
      },
      "properties": {
        "内容": "バス停: 浅江千歳橋 (中国ジェイアールバス)",
        "name": "浅江千歳橋",
        "operator": "中国ジェイアールバス",
        "ref": "",
        "url": "",
        "url2": ""
      }
    },
    {
      "type": "Feature",
      "geometry": {
        "type": "Point",
        "coordinates": [
          131.9293035,
          33.970323
        ]
      },
      "properties": {
        "内容": "バス停: 浅江千歳橋 (中国ジェイアールバス)",
        "name": "浅江千歳橋",
        "operator": "中国ジェイアールバス",
        "ref": "",
        "url": "",
        "url2": ""
      }
    },
    {
      "type": "Feature",
      "geometry": {
        "type": "Point",
        "coordinates": [
          131.9346865,
          33.9690066
        ]
      },
      "properties": {
        "内容": "バス停: 島田市 (中国ジェイアールバス)",
        "name": "島田市",
        "operator": "中国ジェイアールバス",
        "ref": "",
        "url": "",
        "url2": ""
      }
    },
    {
      "type": "Feature",
      "geometry": {
        "type": "Point",
        "coordinates": [
          131.9429695,
          33.9608242
        ]
      },
      "properties": {
        "内容": "バス停: 光市役所前 (中国ジェイアールバス)",
        "name": "光市役所前",
        "operator": "中国ジェイアールバス",
        "ref": "",
        "url": "",
        "url2": ""
      }
    },
    {
      "type": "Feature",
      "geometry": {
        "type": "Point",
        "coordinates": [
          131.9420196,
          33.9612408
        ]
      },
      "properties": {
        "内容": "バス停: 光市役所前 (中国ジェイアールバス)",
        "name": "光市役所前",
        "operator": "中国ジェイアールバス",
        "ref": "",
        "url": "",
        "url2": ""
      }
    },
    {
      "type": "Feature",
      "geometry": {
        "type": "Point",
        "coordinates": [
          131.9192205,
          33.9827048
        ]
      },
      "properties": {
        "内容": "バス停: 光総合病院 (中国ジェイアールバス)",
        "name": "光総合病院",
        "operator": "中国ジェイアールバス",
        "ref": "",
        "url": "",
        "url2": ""
      }
    },
    {
      "type": "Feature",
      "geometry": {
        "type": "Point",
        "coordinates": [
          131.9191372,
          33.9826548
        ]
      },
      "properties": {
        "内容": "バス停: 光総合病院 (中国ジェイアールバス)",
        "name": "光総合病院",
        "operator": "中国ジェイアールバス",
        "ref": "",
        "url": "",
        "url2": ""
      }
    },
    {
      "type": "Feature",
      "geometry": {
        "type": "Point",
        "coordinates": [
          131.9163377,
          33.9748389
        ]
      },
      "properties": {
        "内容": "バス停: 光駅北口 (中国ジェイアールバス)",
        "name": "光駅北口",
        "operator": "中国ジェイアールバス",
        "ref": "",
        "url": "",
        "url2": ""
      }
    },
    {
      "type": "Feature",
      "geometry": {
        "type": "Point",
        "coordinates": [
          131.9167711,
          33.9747056
        ]
      },
      "properties": {
        "内容": "バス停: 光駅北口 (中国ジェイアールバス)",
        "name": "光駅北口",
        "operator": "中国ジェイアールバス",
        "ref": "",
        "url": "",
        "url2": ""
      }
    },
    {
      "type": "Feature",
      "geometry": {
        "type": "Point",
        "coordinates": [
          131.9246204,
          33.9747558
        ]
      },
      "properties": {
        "内容": "バス停: 木園 (中国ジェイアールバス)",
        "name": "木園",
        "operator": "中国ジェイアールバス",
        "ref": "",
        "url": "",
        "url2": ""
      }
    },
    {
      "type": "Feature",
      "geometry": {
        "type": "Point",
        "coordinates": [
          131.9245871,
          33.9746391
        ]
      },
      "properties": {
        "内容": "バス停: 木園 (中国ジェイアールバス)",
        "name": "木園",
        "operator": "中国ジェイアールバス",
        "ref": "",
        "url": "",
        "url2": ""
      }
    },
    {
      "type": "Feature",
      "geometry": {
        "type": "Point",
        "coordinates": [
          131.9275036,
          33.9728893
        ]
      },
      "properties": {
        "内容": "バス停: 浅江神社下 (中国ジェイアールバス)",
        "name": "浅江神社下",
        "operator": "中国ジェイアールバス",
        "ref": "",
        "url": "",
        "url2": ""
      }
    },
    {
      "type": "Feature",
      "geometry": {
        "type": "Point",
        "coordinates": [
          131.9273536,
          33.9727894
        ]
      },
      "properties": {
        "内容": "バス停: 浅江神社下 (中国ジェイアールバス)",
        "name": "浅江神社下",
        "operator": "中国ジェイアールバス",
        "ref": "",
        "url": "",
        "url2": ""
      }
    },
    {
      "type": "Feature",
      "geometry": {
        "type": "Point",
        "coordinates": [
          131.9823505,
          33.9312448
        ]
      },
      "properties": {
        "内容": "バス停: 亀の井ホテル前 (中国ジェイアールバス)",
        "name": "亀の井ホテル前",
        "operator": "中国ジェイアールバス",
        "ref": "",
        "url": "",
        "url2": ""
      }
    },
    {
      "type": "Feature",
      "geometry": {
        "type": "Point",
        "coordinates": [
          131.9705679,
          33.9454264
        ]
      },
      "properties": {
        "内容": "バス停: 千坊台上 (中国ジェイアールバス)",
        "name": "千坊台上",
        "operator": "中国ジェイアールバス",
        "ref": "",
        "url": "",
        "url2": ""
      }
    },
    {
      "type": "Feature",
      "geometry": {
        "type": "Point",
        "coordinates": [
          131.9702512,
          33.9477261
        ]
      },
      "properties": {
        "内容": "バス停: 千坊台中 (中国ジェイアールバス)",
        "name": "千坊台中",
        "operator": "中国ジェイアールバス",
        "ref": "",
        "url": "",
        "url2": ""
      }
    },
    {
      "type": "Feature",
      "geometry": {
        "type": "Point",
        "coordinates": [
          131.9684513,
          33.9476428
        ]
      },
      "properties": {
        "内容": "バス停: 千坊台 (中国ジェイアールバス)",
        "name": "千坊台",
        "operator": "中国ジェイアールバス",
        "ref": "",
        "url": "",
        "url2": ""
      }
    },
    {
      "type": "Feature",
      "geometry": {
        "type": "Point",
        "coordinates": [
          131.9671516,
          33.9452263
        ]
      },
      "properties": {
        "内容": "バス停: 千坊台口 (中国ジェイアールバス)",
        "name": "千坊台口",
        "operator": "中国ジェイアールバス",
        "ref": "",
        "url": "",
        "url2": ""
      }
    },
    {
      "type": "Feature",
      "geometry": {
        "type": "Point",
        "coordinates": [
          131.9671682,
          33.9452263
        ]
      },
      "properties": {
        "内容": "バス停: 千坊台口 (中国ジェイアールバス)",
        "name": "千坊台口",
        "operator": "中国ジェイアールバス",
        "ref": "",
        "url": "",
        "url2": ""
      }
    },
    {
      "type": "Feature",
      "geometry": {
        "type": "Point",
        "coordinates": [
          131.8635068,
          34.0191999
        ]
      },
      "properties": {
        "内容": "バス停: 下松タウンセンター前 (中国ジェイアールバス)",
        "name": "下松タウンセンター前",
        "operator": "中国ジェイアールバス",
        "ref": "",
        "url": "",
        "url2": ""
      }
    },
    {
      "type": "Feature",
      "geometry": {
        "type": "Point",
        "coordinates": [
          131.8635568,
          34.0191833
        ]
      },
      "properties": {
        "内容": "バス停: 下松タウンセンター前 (中国ジェイアールバス)",
        "name": "下松タウンセンター前",
        "operator": "中国ジェイアールバス",
        "ref": "",
        "url": "",
        "url2": ""
      }
    },
    {
      "type": "Feature",
      "geometry": {
        "type": "Point",
        "coordinates": [
          131.9773347,
          33.9307114
        ]
      },
      "properties": {
        "内容": "バス停: 江の浦 (中国ジェイアールバス)",
        "name": "江の浦",
        "operator": "中国ジェイアールバス",
        "ref": "",
        "url": "",
        "url2": ""
      }
    },
    {
      "type": "Feature",
      "geometry": {
        "type": "Point",
        "coordinates": [
          131.9768014,
          33.9306447
        ]
      },
      "properties": {
        "内容": "バス停: 江の浦 (中国ジェイアールバス)",
        "name": "江の浦",
        "operator": "中国ジェイアールバス",
        "ref": "",
        "url": "",
        "url2": ""
      }
    },
    {
      "type": "Feature",
      "geometry": {
        "type": "Point",
        "coordinates": [
          131.9142714,
          33.9726225
        ]
      },
      "properties": {
        "内容": "バス停: 光駅前 (中国ジェイアールバス)",
        "name": "光駅前",
        "operator": "中国ジェイアールバス",
        "ref": "",
        "url": "",
        "url2": ""
      }
    },
    {
      "type": "Feature",
      "geometry": {
        "type": "Point",
        "coordinates": [
          131.9685008,
          33.9228813
        ]
      },
      "properties": {
        "内容": "バス停: 室積公園口 (中国ジェイアールバス)",
        "name": "室積公園口",
        "operator": "中国ジェイアールバス",
        "ref": "",
        "url": "",
        "url2": ""
      }
    },
    {
      "type": "Feature",
      "geometry": {
        "type": "Point",
        "coordinates": [
          131.9681691,
          33.9246785
        ]
      },
      "properties": {
        "内容": "バス停: 山根町 (中国ジェイアールバス)",
        "name": "山根町",
        "operator": "中国ジェイアールバス",
        "ref": "",
        "url": "",
        "url2": ""
      }
    },
    {
      "type": "Feature",
      "geometry": {
        "type": "Point",
        "coordinates": [
          131.9680858,
          33.9246619
        ]
      },
      "properties": {
        "内容": "バス停: 山根町 (中国ジェイアールバス)",
        "name": "山根町",
        "operator": "中国ジェイアールバス",
        "ref": "",
        "url": "",
        "url2": ""
      }
    },
    {
      "type": "Feature",
      "geometry": {
        "type": "Point",
        "coordinates": [
          131.9694855,
          33.9272116
        ]
      },
      "properties": {
        "内容": "バス停: 室積小学校前 (中国ジェイアールバス)",
        "name": "室積小学校前",
        "operator": "中国ジェイアールバス",
        "ref": "",
        "url": "",
        "url2": ""
      }
    },
    {
      "type": "Feature",
      "geometry": {
        "type": "Point",
        "coordinates": [
          131.9695689,
          33.927195
        ]
      },
      "properties": {
        "内容": "バス停: 室積小学校前 (中国ジェイアールバス)",
        "name": "室積小学校前",
        "operator": "中国ジェイアールバス",
        "ref": "",
        "url": "",
        "url2": ""
      }
    },
    {
      "type": "Feature",
      "geometry": {
        "type": "Point",
        "coordinates": [
          131.9717685,
          33.9299447
        ]
      },
      "properties": {
        "内容": "バス停: 室積 (中国ジェイアールバス)",
        "name": "室積",
        "operator": "中国ジェイアールバス",
        "ref": "",
        "url": "",
        "url2": ""
      }
    },
    {
      "type": "Feature",
      "geometry": {
        "type": "Point",
        "coordinates": [
          131.9728914,
          33.9302721
        ]
      },
      "properties": {
        "内容": "バス停: 室積 (中国ジェイアールバス)",
        "name": "室積",
        "operator": "中国ジェイアールバス",
        "ref": "",
        "url": "",
        "url2": ""
      }
    },
    {
      "type": "Feature",
      "geometry": {
        "type": "Point",
        "coordinates": [
          131.9713351,
          33.9323778
        ]
      },
      "properties": {
        "内容": "バス停: 西の浜 (中国ジェイアールバス)",
        "name": "西の浜",
        "operator": "中国ジェイアールバス",
        "ref": "",
        "url": "",
        "url2": ""
      }
    },
    {
      "type": "Feature",
      "geometry": {
        "type": "Point",
        "coordinates": [
          131.9711852,
          33.9323444
        ]
      },
      "properties": {
        "内容": "バス停: 西の浜 (中国ジェイアールバス)",
        "name": "西の浜",
        "operator": "中国ジェイアールバス",
        "ref": "",
        "url": "",
        "url2": ""
      }
    },
    {
      "type": "Feature",
      "geometry": {
        "type": "Point",
        "coordinates": [
          131.9705018,
          33.9349775
        ]
      },
      "properties": {
        "内容": "バス停: 中松原 (中国ジェイアールバス)",
        "name": "中松原",
        "operator": "中国ジェイアールバス",
        "ref": "",
        "url": "",
        "url2": ""
      }
    },
    {
      "type": "Feature",
      "geometry": {
        "type": "Point",
        "coordinates": [
          131.9701518,
          33.9355108
        ]
      },
      "properties": {
        "内容": "バス停: 中松原 (中国ジェイアールバス)",
        "name": "中松原",
        "operator": "中国ジェイアールバス",
        "ref": "",
        "url": "",
        "url2": ""
      }
    },
    {
      "type": "Feature",
      "geometry": {
        "type": "Point",
        "coordinates": [
          131.9691755,
          33.9382742
        ]
      },
      "properties": {
        "内容": "バス停: 松原口 (中国ジェイアールバス)",
        "name": "松原口",
        "operator": "中国ジェイアールバス",
        "ref": "",
        "url": "",
        "url2": ""
      }
    },
    {
      "type": "Feature",
      "geometry": {
        "type": "Point",
        "coordinates": [
          131.9690184,
          33.9381605
        ]
      },
      "properties": {
        "内容": "バス停: 松原口 (中国ジェイアールバス)",
        "name": "松原口",
        "operator": "中国ジェイアールバス",
        "ref": "",
        "url": "",
        "url2": ""
      }
    },
    {
      "type": "Feature",
      "geometry": {
        "type": "Point",
        "coordinates": [
          131.9682542,
          33.9396732
        ]
      },
      "properties": {
        "内容": "バス停: 東部いこいの家前 (中国ジェイアールバス)",
        "name": "東部いこいの家前",
        "operator": "中国ジェイアールバス",
        "ref": "",
        "url": "",
        "url2": ""
      }
    },
    {
      "type": "Feature",
      "geometry": {
        "type": "Point",
        "coordinates": [
          131.9676017,
          33.9403435
        ]
      },
      "properties": {
        "内容": "バス停: 東部いこいの家前 (中国ジェイアールバス)",
        "name": "東部いこいの家前",
        "operator": "中国ジェイアールバス",
        "ref": "",
        "url": "",
        "url2": ""
      }
    },
    {
      "type": "Feature",
      "geometry": {
        "type": "Point",
        "coordinates": [
          131.9667142,
          33.9420084
        ]
      },
      "properties": {
        "内容": "バス停: 室積新開 (中国ジェイアールバス)",
        "name": "室積新開",
        "operator": "中国ジェイアールバス",
        "ref": "",
        "url": "",
        "url2": ""
      }
    },
    {
      "type": "Feature",
      "geometry": {
        "type": "Point",
        "coordinates": [
          131.9661518,
          33.9425266
        ]
      },
      "properties": {
        "内容": "バス停: 室積新開 (中国ジェイアールバス)",
        "name": "室積新開",
        "operator": "中国ジェイアールバス",
        "ref": "",
        "url": "",
        "url2": ""
      }
    },
    {
      "type": "Feature",
      "geometry": {
        "type": "Point",
        "coordinates": [
          131.9640389,
          33.9456902
        ]
      },
      "properties": {
        "内容": "バス停: 西新開 (中国ジェイアールバス)",
        "name": "西新開",
        "operator": "中国ジェイアールバス",
        "ref": "",
        "url": "",
        "url2": ""
      }
    },
    {
      "type": "Feature",
      "geometry": {
        "type": "Point",
        "coordinates": [
          131.9631685,
          33.9463761
        ]
      },
      "properties": {
        "内容": "バス停: 西新開 (中国ジェイアールバス)",
        "name": "西新開",
        "operator": "中国ジェイアールバス",
        "ref": "",
        "url": "",
        "url2": ""
      }
    },
    {
      "type": "Feature",
      "geometry": {
        "type": "Point",
        "coordinates": [
          131.9616852,
          33.9482759
        ]
      },
      "properties": {
        "内容": "バス停: 新宮 (中国ジェイアールバス)",
        "name": "新宮",
        "operator": "中国ジェイアールバス",
        "ref": "",
        "url": "",
        "url2": ""
      }
    },
    {
      "type": "Feature",
      "geometry": {
        "type": "Point",
        "coordinates": [
          131.9603186,
          33.9493424
        ]
      },
      "properties": {
        "内容": "バス停: 新宮 (中国ジェイアールバス)",
        "name": "新宮",
        "operator": "中国ジェイアールバス",
        "ref": "",
        "url": "",
        "url2": ""
      }
    },
    {
      "type": "Feature",
      "geometry": {
        "type": "Point",
        "coordinates": [
          131.9568354,
          33.9518088
        ]
      },
      "properties": {
        "内容": "バス停: 戸仲 (中国ジェイアールバス)",
        "name": "戸仲",
        "operator": "中国ジェイアールバス",
        "ref": "",
        "url": "",
        "url2": ""
      }
    },
    {
      "type": "Feature",
      "geometry": {
        "type": "Point",
        "coordinates": [
          131.9560355,
          33.9521254
        ]
      },
      "properties": {
        "内容": "バス停: 戸仲 (中国ジェイアールバス)",
        "name": "戸仲",
        "operator": "中国ジェイアールバス",
        "ref": "",
        "url": "",
        "url2": ""
      }
    },
    {
      "type": "Feature",
      "geometry": {
        "type": "Point",
        "coordinates": [
          131.9528523,
          33.9544084
        ]
      },
      "properties": {
        "内容": "バス停: 北河畑 (中国ジェイアールバス)",
        "name": "北河畑",
        "operator": "中国ジェイアールバス",
        "ref": "",
        "url": "",
        "url2": ""
      }
    },
    {
      "type": "Feature",
      "geometry": {
        "type": "Point",
        "coordinates": [
          131.9515691,
          33.955075
        ]
      },
      "properties": {
        "内容": "バス停: 北河畑 (中国ジェイアールバス)",
        "name": "北河畑",
        "operator": "中国ジェイアールバス",
        "ref": "",
        "url": "",
        "url2": ""
      }
    },
    {
      "type": "Feature",
      "geometry": {
        "type": "Point",
        "coordinates": [
          131.9493025,
          33.9567581
        ]
      },
      "properties": {
        "内容": "バス停: 光警察署前 (中国ジェイアールバス)",
        "name": "光警察署前",
        "operator": "中国ジェイアールバス",
        "ref": "",
        "url": "",
        "url2": ""
      }
    },
    {
      "type": "Feature",
      "geometry": {
        "type": "Point",
        "coordinates": [
          131.9483859,
          33.9571414
        ]
      },
      "properties": {
        "内容": "バス停: 光警察署前 (中国ジェイアールバス)",
        "name": "光警察署前",
        "operator": "中国ジェイアールバス",
        "ref": "",
        "url": "",
        "url2": ""
      }
    },
    {
      "type": "Feature",
      "geometry": {
        "type": "Point",
        "coordinates": [
          131.945736,
          33.9590411
        ]
      },
      "properties": {
        "内容": "バス停: 光郵便局前 (中国ジェイアールバス)",
        "name": "光郵便局前",
        "operator": "中国ジェイアールバス",
        "ref": "",
        "url": "",
        "url2": ""
      }
    },
    {
      "type": "Feature",
      "geometry": {
        "type": "Point",
        "coordinates": [
          131.9450527,
          33.9593078
        ]
      },
      "properties": {
        "内容": "バス停: 光郵便局前 (中国ジェイアールバス)",
        "name": "光郵便局前",
        "operator": "中国ジェイアールバス",
        "ref": "",
        "url": "",
        "url2": ""
      }
    },
    {
      "type": "Feature",
      "geometry": {
        "type": "Point",
        "coordinates": [
          131.9326366,
          33.9694065
        ]
      },
      "properties": {
        "内容": "バス停: 島田市 (中国ジェイアールバス)",
        "name": "島田市",
        "operator": "中国ジェイアールバス",
        "ref": "",
        "url": "",
        "url2": ""
      }
    },
    {
      "type": "Feature",
      "geometry": {
        "type": "Point",
        "coordinates": [
          131.9276037,
          33.9709562
        ]
      },
      "properties": {
        "内容": "バス停: 浅江町 (中国ジェイアールバス)",
        "name": "浅江町",
        "operator": "中国ジェイアールバス",
        "ref": "",
        "url": "",
        "url2": ""
      }
    },
    {
      "type": "Feature",
      "geometry": {
        "type": "Point",
        "coordinates": [
          131.9264371,
          33.9711062
        ]
      },
      "properties": {
        "内容": "バス停: 浅江町 (中国ジェイアールバス)",
        "name": "浅江町",
        "operator": "中国ジェイアールバス",
        "ref": "",
        "url": "",
        "url2": ""
      }
    },
    {
      "type": "Feature",
      "geometry": {
        "type": "Point",
        "coordinates": [
          131.9244039,
          33.9718394
        ]
      },
      "properties": {
        "内容": "バス停: 筒井 (中国ジェイアールバス)",
        "name": "筒井",
        "operator": "中国ジェイアールバス",
        "ref": "",
        "url": "",
        "url2": ""
      }
    },
    {
      "type": "Feature",
      "geometry": {
        "type": "Point",
        "coordinates": [
          131.9248205,
          33.9715561
        ]
      },
      "properties": {
        "内容": "バス停: 筒井 (中国ジェイアールバス)",
        "name": "筒井",
        "operator": "中国ジェイアールバス",
        "ref": "",
        "url": "",
        "url2": ""
      }
    },
    {
      "type": "Feature",
      "geometry": {
        "type": "Point",
        "coordinates": [
          131.9220541,
          33.9724726
        ]
      },
      "properties": {
        "内容": "バス停: 西河原 (中国ジェイアールバス)",
        "name": "西河原",
        "operator": "中国ジェイアールバス",
        "ref": "",
        "url": "",
        "url2": ""
      }
    },
    {
      "type": "Feature",
      "geometry": {
        "type": "Point",
        "coordinates": [
          131.9205208,
          33.9725893
        ]
      },
      "properties": {
        "内容": "バス停: 西河原 (中国ジェイアールバス)",
        "name": "西河原",
        "operator": "中国ジェイアールバス",
        "ref": "",
        "url": "",
        "url2": ""
      }
    },
    {
      "type": "Feature",
      "geometry": {
        "type": "Point",
        "coordinates": [
          131.918321,
          33.9729558
        ]
      },
      "properties": {
        "内容": "バス停: 虹ヶ浜１丁目 (中国ジェイアールバス)",
        "name": "虹ヶ浜１丁目",
        "operator": "中国ジェイアールバス",
        "ref": "",
        "url": "",
        "url2": ""
      }
    },
    {
      "type": "Feature",
      "geometry": {
        "type": "Point",
        "coordinates": [
          131.9184377,
          33.9728059
        ]
      },
      "properties": {
        "内容": "バス停: 虹ヶ浜１丁目 (中国ジェイアールバス)",
        "name": "虹ヶ浜１丁目",
        "operator": "中国ジェイアールバス",
        "ref": "",
        "url": "",
        "url2": ""
      }
    },
    {
      "type": "Feature",
      "geometry": {
        "type": "Point",
        "coordinates": [
          131.9147546,
          33.9735391
        ]
      },
      "properties": {
        "内容": "バス停: 光駅 (中国ジェイアールバス)",
        "name": "光駅",
        "operator": "中国ジェイアールバス",
        "ref": "",
        "url": "",
        "url2": ""
      }
    },
    {
      "type": "Feature",
      "geometry": {
        "type": "Point",
        "coordinates": [
          131.9114549,
          33.9723225
        ]
      },
      "properties": {
        "内容": "バス停: 虹ヶ浜 (中国ジェイアールバス)",
        "name": "虹ヶ浜",
        "operator": "中国ジェイアールバス",
        "ref": "",
        "url": "",
        "url2": ""
      }
    },
    {
      "type": "Feature",
      "geometry": {
        "type": "Point",
        "coordinates": [
          131.9117696,
          33.9721189
        ]
      },
      "properties": {
        "内容": "バス停: 虹ヶ浜 (中国ジェイアールバス)",
        "name": "虹ヶ浜",
        "operator": "中国ジェイアールバス",
        "ref": "",
        "url": "",
        "url2": ""
      }
    },
    {
      "type": "Feature",
      "geometry": {
        "type": "Point",
        "coordinates": [
          131.8978558,
          33.9783382
        ]
      },
      "properties": {
        "内容": "バス停: 魚ヶ辺 (中国ジェイアールバス)",
        "name": "魚ヶ辺",
        "operator": "中国ジェイアールバス",
        "ref": "",
        "url": "",
        "url2": ""
      }
    },
    {
      "type": "Feature",
      "geometry": {
        "type": "Point",
        "coordinates": [
          131.8985225,
          33.9771384
        ]
      },
      "properties": {
        "内容": "バス停: 魚ヶ辺 (中国ジェイアールバス)",
        "name": "魚ヶ辺",
        "operator": "中国ジェイアールバス",
        "ref": "",
        "url": "",
        "url2": ""
      }
    },
    {
      "type": "Feature",
      "geometry": {
        "type": "Point",
        "coordinates": [
          131.8868069,
          33.989509
        ]
      },
      "properties": {
        "内容": "バス停: 東海岸通 (中国ジェイアールバス)",
        "name": "東海岸通",
        "operator": "中国ジェイアールバス",
        "ref": "",
        "url": "",
        "url2": ""
      }
    },
    {
      "type": "Feature",
      "geometry": {
        "type": "Point",
        "coordinates": [
          131.8864062,
          33.9896868
        ]
      },
      "properties": {
        "内容": "バス停: 東海岸通 (中国ジェイアールバス)",
        "name": "東海岸通",
        "operator": "中国ジェイアールバス",
        "ref": "",
        "url": "",
        "url2": ""
      }
    },
    {
      "type": "Feature",
      "geometry": {
        "type": "Point",
        "coordinates": [
          131.8791733,
          33.9941696
        ]
      },
      "properties": {
        "内容": "バス停: 恋ヶ浜 (中国ジェイアールバス)",
        "name": "恋ヶ浜",
        "operator": "中国ジェイアールバス",
        "ref": "",
        "url": "",
        "url2": ""
      }
    },
    {
      "type": "Feature",
      "geometry": {
        "type": "Point",
        "coordinates": [
          131.8782233,
          33.9945695
        ]
      },
      "properties": {
        "内容": "バス停: 恋ヶ浜 (中国ジェイアールバス)",
        "name": "恋ヶ浜",
        "operator": "中国ジェイアールバス",
        "ref": "",
        "url": "",
        "url2": ""
      }
    },
    {
      "type": "Feature",
      "geometry": {
        "type": "Point",
        "coordinates": [
          131.8744068,
          33.9977858
        ]
      },
      "properties": {
        "内容": "バス停: 豊井東 (中国ジェイアールバス)",
        "name": "豊井東",
        "operator": "中国ジェイアールバス",
        "ref": "",
        "url": "",
        "url2": ""
      }
    },
    {
      "type": "Feature",
      "geometry": {
        "type": "Point",
        "coordinates": [
          131.8737902,
          33.998219
        ]
      },
      "properties": {
        "内容": "バス停: 豊井東 (中国ジェイアールバス)",
        "name": "豊井東",
        "operator": "中国ジェイアールバス",
        "ref": "",
        "url": "",
        "url2": ""
      }
    },
    {
      "type": "Feature",
      "geometry": {
        "type": "Point",
        "coordinates": [
          131.8720902,
          34.0013187
        ]
      },
      "properties": {
        "内容": "バス停: 豊井 (中国ジェイアールバス)",
        "name": "豊井",
        "operator": "中国ジェイアールバス",
        "ref": "",
        "url": "",
        "url2": ""
      }
    },
    {
      "type": "Feature",
      "geometry": {
        "type": "Point",
        "coordinates": [
          131.8713569,
          34.0022685
        ]
      },
      "properties": {
        "内容": "バス停: 豊井 (中国ジェイアールバス)",
        "name": "豊井",
        "operator": "中国ジェイアールバス",
        "ref": "",
        "url": "",
        "url2": ""
      }
    },
    {
      "type": "Feature",
      "geometry": {
        "type": "Point",
        "coordinates": [
          131.8674402,
          34.0091178
        ]
      },
      "properties": {
        "内容": "バス停: 下松駅 (中国ジェイアールバス)",
        "name": "下松駅",
        "operator": "中国ジェイアールバス",
        "ref": "",
        "url": "",
        "url2": ""
      }
    },
    {
      "type": "Feature",
      "geometry": {
        "type": "Point",
        "coordinates": [
          131.8674402,
          34.0091011
        ]
      },
      "properties": {
        "内容": "バス停: 下松駅 (中国ジェイアールバス)",
        "name": "下松駅",
        "operator": "中国ジェイアールバス",
        "ref": "",
        "url": "",
        "url2": ""
      }
    },
    {
      "type": "Feature",
      "geometry": {
        "type": "Point",
        "coordinates": [
          131.4594613,
          34.286481
        ]
      },
      "properties": {
        "内容": "バス停: 道の駅あさひ (中国ジェイアールバス)",
        "name": "道の駅あさひ",
        "operator": "中国ジェイアールバス",
        "ref": "",
        "url": "",
        "url2": ""
      }
    },
    {
      "type": "Feature",
      "geometry": {
        "type": "Point",
        "coordinates": [
          131.3402672,
          34.2205773
        ]
      },
      "properties": {
        "内容": "バス停: 美東病院 (中国ジェイアールバス)",
        "name": "美東病院",
        "operator": "中国ジェイアールバス",
        "ref": "",
        "url": "",
        "url2": ""
      }
    },
    {
      "type": "Feature",
      "geometry": {
        "type": "Point",
        "coordinates": [
          131.5418016,
          34.0654438
        ]
      },
      "properties": {
        "内容": "バス停: 総合医療センター (中国ジェイアールバス)",
        "name": "総合医療センター",
        "operator": "中国ジェイアールバス",
        "ref": "",
        "url": "",
        "url2": ""
      }
    },
    {
      "type": "Feature",
      "geometry": {
        "type": "Point",
        "coordinates": [
          131.5417113,
          34.0655538
        ]
      },
      "properties": {
        "内容": "バス停: 総合医療センター (中国ジェイアールバス)",
        "name": "総合医療センター",
        "operator": "中国ジェイアールバス",
        "ref": "",
        "url": "",
        "url2": ""
      }
    },
    {
      "type": "Feature",
      "geometry": {
        "type": "Point",
        "coordinates": [
          131.5481807,
          34.0683725
        ]
      },
      "properties": {
        "内容": "バス停: 高井県営住宅前 (中国ジェイアールバス)",
        "name": "高井県営住宅前",
        "operator": "中国ジェイアールバス",
        "ref": "",
        "url": "",
        "url2": ""
      }
    },
    {
      "type": "Feature",
      "geometry": {
        "type": "Point",
        "coordinates": [
          131.5489806,
          34.0688725
        ]
      },
      "properties": {
        "内容": "バス停: 高井県営住宅前 (中国ジェイアールバス)",
        "name": "高井県営住宅前",
        "operator": "中国ジェイアールバス",
        "ref": "",
        "url": "",
        "url2": ""
      }
    },
    {
      "type": "Feature",
      "geometry": {
        "type": "Point",
        "coordinates": [
          131.5517636,
          34.0714389
        ]
      },
      "properties": {
        "内容": "バス停: 高井 (中国ジェイアールバス)",
        "name": "高井",
        "operator": "中国ジェイアールバス",
        "ref": "",
        "url": "",
        "url2": ""
      }
    },
    {
      "type": "Feature",
      "geometry": {
        "type": "Point",
        "coordinates": [
          131.5518302,
          34.0713723
        ]
      },
      "properties": {
        "内容": "バス停: 高井 (中国ジェイアールバス)",
        "name": "高井",
        "operator": "中国ジェイアールバス",
        "ref": "",
        "url": "",
        "url2": ""
      }
    },
    {
      "type": "Feature",
      "geometry": {
        "type": "Point",
        "coordinates": [
          131.3986941,
          34.4093834
        ]
      },
      "properties": {
        "内容": "バス停: 萩・明倫センター (中国ジェイアールバス)",
        "name": "萩・明倫センター",
        "operator": "中国ジェイアールバス",
        "ref": "",
        "url": "",
        "url2": ""
      }
    },
    {
      "type": "Feature",
      "geometry": {
        "type": "Point",
        "coordinates": [
          131.457551,
          34.1649103
        ]
      },
      "properties": {
        "内容": "バス停: 湯田温泉通 (中国ジェイアールバス)",
        "name": "湯田温泉通",
        "operator": "中国ジェイアールバス",
        "ref": "",
        "url": "",
        "url2": ""
      }
    },
    {
      "type": "Feature",
      "geometry": {
        "type": "Point",
        "coordinates": [
          131.4913146,
          34.1586119
        ]
      },
      "properties": {
        "内容": "バス停: 千坊 (中国ジェイアールバス)",
        "name": "千坊",
        "operator": "中国ジェイアールバス",
        "ref": "",
        "url": "",
        "url2": ""
      }
    },
    {
      "type": "Feature",
      "geometry": {
        "type": "Point",
        "coordinates": [
          131.3060432,
          34.2341672
        ]
      },
      "properties": {
        "内容": "バス停: 秋吉台 (中国ジェイアールバス)",
        "name": "秋吉台",
        "operator": "中国ジェイアールバス",
        "ref": "",
        "url": "",
        "url2": ""
      }
    },
    {
      "type": "Feature",
      "geometry": {
        "type": "Point",
        "coordinates": [
          131.2993438,
          34.2332839
        ]
      },
      "properties": {
        "内容": "バス停: 黒谷口 (中国ジェイアールバス)",
        "name": "黒谷口",
        "operator": "中国ジェイアールバス",
        "ref": "",
        "url": "",
        "url2": ""
      }
    },
    {
      "type": "Feature",
      "geometry": {
        "type": "Point",
        "coordinates": [
          131.415519,
          34.1983896
        ]
      },
      "properties": {
        "内容": "バス停: 吉敷畑 (中国ジェイアールバス)",
        "name": "吉敷畑",
        "operator": "中国ジェイアールバス",
        "ref": "",
        "url": "",
        "url2": ""
      }
    },
    {
      "type": "Feature",
      "geometry": {
        "type": "Point",
        "coordinates": [
          131.4140025,
          34.1985396
        ]
      },
      "properties": {
        "内容": "バス停: 吉敷畑 (中国ジェイアールバス)",
        "name": "吉敷畑",
        "operator": "中国ジェイアールバス",
        "ref": "",
        "url": "",
        "url2": ""
      }
    },
    {
      "type": "Feature",
      "geometry": {
        "type": "Point",
        "coordinates": [
          131.3879379,
          34.2001723
        ]
      },
      "properties": {
        "内容": "バス停: 長門大石 (中国ジェイアールバス)",
        "name": "長門大石",
        "operator": "中国ジェイアールバス",
        "ref": "",
        "url": "",
        "url2": ""
      }
    },
    {
      "type": "Feature",
      "geometry": {
        "type": "Point",
        "coordinates": [
          131.3895045,
          34.1995224
        ]
      },
      "properties": {
        "内容": "バス停: 長門大石 (中国ジェイアールバス)",
        "name": "長門大石",
        "operator": "中国ジェイアールバス",
        "ref": "",
        "url": "",
        "url2": ""
      }
    },
    {
      "type": "Feature",
      "geometry": {
        "type": "Point",
        "coordinates": [
          131.38489,
          34.202893
        ]
      },
      "properties": {
        "内容": "バス停: 下大石 (中国ジェイアールバス)",
        "name": "下大石",
        "operator": "中国ジェイアールバス",
        "ref": "",
        "url": "",
        "url2": ""
      }
    },
    {
      "type": "Feature",
      "geometry": {
        "type": "Point",
        "coordinates": [
          131.3848995,
          34.2032459
        ]
      },
      "properties": {
        "内容": "バス停: 下大石 (中国ジェイアールバス)",
        "name": "下大石",
        "operator": "中国ジェイアールバス",
        "ref": "",
        "url": "",
        "url2": ""
      }
    },
    {
      "type": "Feature",
      "geometry": {
        "type": "Point",
        "coordinates": [
          131.379055,
          34.207438
        ]
      },
      "properties": {
        "内容": "バス停: 景平 (中国ジェイアールバス)",
        "name": "景平",
        "operator": "中国ジェイアールバス",
        "ref": "",
        "url": "",
        "url2": ""
      }
    },
    {
      "type": "Feature",
      "geometry": {
        "type": "Point",
        "coordinates": [
          131.3791716,
          34.2075213
        ]
      },
      "properties": {
        "内容": "バス停: 景平 (中国ジェイアールバス)",
        "name": "景平",
        "operator": "中国ジェイアールバス",
        "ref": "",
        "url": "",
        "url2": ""
      }
    },
    {
      "type": "Feature",
      "geometry": {
        "type": "Point",
        "coordinates": [
          131.3744542,
          34.2123088
        ]
      },
      "properties": {
        "内容": "バス停: 薬王寺 (中国ジェイアールバス)",
        "name": "薬王寺",
        "operator": "中国ジェイアールバス",
        "ref": "",
        "url": "",
        "url2": ""
      }
    },
    {
      "type": "Feature",
      "geometry": {
        "type": "Point",
        "coordinates": [
          131.3745702,
          34.2124503
        ]
      },
      "properties": {
        "内容": "バス停: 薬王寺 (中国ジェイアールバス)",
        "name": "薬王寺",
        "operator": "中国ジェイアールバス",
        "ref": "",
        "url": "",
        "url2": ""
      }
    },
    {
      "type": "Feature",
      "geometry": {
        "type": "Point",
        "coordinates": [
          131.3646971,
          34.2029454
        ]
      },
      "properties": {
        "内容": "バス停: 四ノ瀬 (中国ジェイアールバス)",
        "name": "四ノ瀬",
        "operator": "中国ジェイアールバス",
        "ref": "",
        "url": "",
        "url2": ""
      }
    },
    {
      "type": "Feature",
      "geometry": {
        "type": "Point",
        "coordinates": [
          131.3642919,
          34.2023004
        ]
      },
      "properties": {
        "内容": "バス停: 四ノ瀬 (中国ジェイアールバス)",
        "name": "四ノ瀬",
        "operator": "中国ジェイアールバス",
        "ref": "",
        "url": "",
        "url2": ""
      }
    },
    {
      "type": "Feature",
      "geometry": {
        "type": "Point",
        "coordinates": [
          131.3490798,
          34.1985
        ]
      },
      "properties": {
        "内容": "バス停: 綾木 (中国ジェイアールバス)",
        "name": "綾木",
        "operator": "中国ジェイアールバス",
        "ref": "",
        "url": "",
        "url2": ""
      }
    },
    {
      "type": "Feature",
      "geometry": {
        "type": "Point",
        "coordinates": [
          131.3489286,
          34.1980157
        ]
      },
      "properties": {
        "内容": "バス停: 綾木 (中国ジェイアールバス)",
        "name": "綾木",
        "operator": "中国ジェイアールバス",
        "ref": "",
        "url": "",
        "url2": ""
      }
    },
    {
      "type": "Feature",
      "geometry": {
        "type": "Point",
        "coordinates": [
          131.3516287,
          34.201808
        ]
      },
      "properties": {
        "内容": "バス停: 長門高山 (中国ジェイアールバス)",
        "name": "長門高山",
        "operator": "中国ジェイアールバス",
        "ref": "",
        "url": "",
        "url2": ""
      }
    },
    {
      "type": "Feature",
      "geometry": {
        "type": "Point",
        "coordinates": [
          131.3517409,
          34.2016881
        ]
      },
      "properties": {
        "内容": "バス停: 長門高山 (中国ジェイアールバス)",
        "name": "長門高山",
        "operator": "中国ジェイアールバス",
        "ref": "",
        "url": "",
        "url2": ""
      }
    },
    {
      "type": "Feature",
      "geometry": {
        "type": "Point",
        "coordinates": [
          131.3478098,
          34.2157928
        ]
      },
      "properties": {
        "内容": "バス停: 温湯 (中国ジェイアールバス)",
        "name": "温湯",
        "operator": "中国ジェイアールバス",
        "ref": "",
        "url": "",
        "url2": ""
      }
    },
    {
      "type": "Feature",
      "geometry": {
        "type": "Point",
        "coordinates": [
          131.3489974,
          34.2151715
        ]
      },
      "properties": {
        "内容": "バス停: 温湯 (中国ジェイアールバス)",
        "name": "温湯",
        "operator": "中国ジェイアールバス",
        "ref": "",
        "url": "",
        "url2": ""
      }
    },
    {
      "type": "Feature",
      "geometry": {
        "type": "Point",
        "coordinates": [
          131.3418731,
          34.2215685
        ]
      },
      "properties": {
        "内容": "バス停: 大田中央 (中国ジェイアールバス)",
        "name": "大田中央",
        "operator": "中国ジェイアールバス",
        "ref": "",
        "url": "",
        "url2": ""
      }
    },
    {
      "type": "Feature",
      "geometry": {
        "type": "Point",
        "coordinates": [
          131.3404854,
          34.2200969
        ]
      },
      "properties": {
        "内容": "バス停: 紅葉橋 (中国ジェイアールバス)",
        "name": "紅葉橋",
        "operator": "中国ジェイアールバス",
        "ref": "",
        "url": "",
        "url2": ""
      }
    },
    {
      "type": "Feature",
      "geometry": {
        "type": "Point",
        "coordinates": [
          131.3406965,
          34.2203663
        ]
      },
      "properties": {
        "内容": "バス停: 紅葉橋 (中国ジェイアールバス)",
        "name": "紅葉橋",
        "operator": "中国ジェイアールバス",
        "ref": "",
        "url": "",
        "url2": ""
      }
    },
    {
      "type": "Feature",
      "geometry": {
        "type": "Point",
        "coordinates": [
          131.3307464,
          34.2174011
        ]
      },
      "properties": {
        "内容": "バス停: 平ヶ谷 (中国ジェイアールバス)",
        "name": "平ヶ谷",
        "operator": "中国ジェイアールバス",
        "ref": "",
        "url": "",
        "url2": ""
      }
    },
    {
      "type": "Feature",
      "geometry": {
        "type": "Point",
        "coordinates": [
          131.3307894,
          34.2177164
        ]
      },
      "properties": {
        "内容": "バス停: 平ヶ谷 (中国ジェイアールバス)",
        "name": "平ヶ谷",
        "operator": "中国ジェイアールバス",
        "ref": "",
        "url": "",
        "url2": ""
      }
    },
    {
      "type": "Feature",
      "geometry": {
        "type": "Point",
        "coordinates": [
          131.3227788,
          34.2138074
        ]
      },
      "properties": {
        "内容": "バス停: 八重ヶ原 (中国ジェイアールバス)",
        "name": "八重ヶ原",
        "operator": "中国ジェイアールバス",
        "ref": "",
        "url": "",
        "url2": ""
      }
    },
    {
      "type": "Feature",
      "geometry": {
        "type": "Point",
        "coordinates": [
          131.3232942,
          34.2138393
        ]
      },
      "properties": {
        "内容": "バス停: 八重ヶ原 (中国ジェイアールバス)",
        "name": "八重ヶ原",
        "operator": "中国ジェイアールバス",
        "ref": "",
        "url": "",
        "url2": ""
      }
    },
    {
      "type": "Feature",
      "geometry": {
        "type": "Point",
        "coordinates": [
          131.3137279,
          34.2146087
        ]
      },
      "properties": {
        "内容": "バス停: 上八重 (中国ジェイアールバス)",
        "name": "上八重",
        "operator": "中国ジェイアールバス",
        "ref": "",
        "url": "",
        "url2": ""
      }
    },
    {
      "type": "Feature",
      "geometry": {
        "type": "Point",
        "coordinates": [
          131.3147713,
          34.2150271
        ]
      },
      "properties": {
        "内容": "バス停: 上八重 (中国ジェイアールバス)",
        "name": "上八重",
        "operator": "中国ジェイアールバス",
        "ref": "",
        "url": "",
        "url2": ""
      }
    },
    {
      "type": "Feature",
      "geometry": {
        "type": "Point",
        "coordinates": [
          131.3098271,
          34.2131529
        ]
      },
      "properties": {
        "内容": "バス停: 下八重 (中国ジェイアールバス)",
        "name": "下八重",
        "operator": "中国ジェイアールバス",
        "ref": "",
        "url": "",
        "url2": ""
      }
    },
    {
      "type": "Feature",
      "geometry": {
        "type": "Point",
        "coordinates": [
          131.3103604,
          34.2133195
        ]
      },
      "properties": {
        "内容": "バス停: 下八重 (中国ジェイアールバス)",
        "name": "下八重",
        "operator": "中国ジェイアールバス",
        "ref": "",
        "url": "",
        "url2": ""
      }
    },
    {
      "type": "Feature",
      "geometry": {
        "type": "Point",
        "coordinates": [
          131.3071532,
          34.2131662
        ]
      },
      "properties": {
        "内容": "バス停: 秋吉小学校前 (中国ジェイアールバス)",
        "name": "秋吉小学校前",
        "operator": "中国ジェイアールバス",
        "ref": "",
        "url": "",
        "url2": ""
      }
    },
    {
      "type": "Feature",
      "geometry": {
        "type": "Point",
        "coordinates": [
          131.3072031,
          34.2133041
        ]
      },
      "properties": {
        "内容": "バス停: 秋吉小学校前 (中国ジェイアールバス)",
        "name": "秋吉小学校前",
        "operator": "中国ジェイアールバス",
        "ref": "",
        "url": "",
        "url2": ""
      }
    },
    {
      "type": "Feature",
      "geometry": {
        "type": "Point",
        "coordinates": [
          131.2988295,
          34.2193831
        ]
      },
      "properties": {
        "内容": "バス停: 随徳 (中国ジェイアールバス)",
        "name": "随徳",
        "operator": "中国ジェイアールバス",
        "ref": "",
        "url": "",
        "url2": ""
      }
    },
    {
      "type": "Feature",
      "geometry": {
        "type": "Point",
        "coordinates": [
          131.2987278,
          34.2194187
        ]
      },
      "properties": {
        "内容": "バス停: 随徳 (中国ジェイアールバス)",
        "name": "随徳",
        "operator": "中国ジェイアールバス",
        "ref": "",
        "url": "",
        "url2": ""
      }
    },
    {
      "type": "Feature",
      "geometry": {
        "type": "Point",
        "coordinates": [
          131.2914977,
          34.215403
        ]
      },
      "properties": {
        "内容": "バス停: 秋吉 (中国ジェイアールバス)",
        "name": "秋吉",
        "operator": "中国ジェイアールバス",
        "ref": "",
        "url": "",
        "url2": ""
      }
    },
    {
      "type": "Feature",
      "geometry": {
        "type": "Point",
        "coordinates": [
          131.4302211,
          34.1857245
        ]
      },
      "properties": {
        "内容": "バス停: 中尾口 (中国ジェイアールバス)",
        "name": "中尾口",
        "operator": "中国ジェイアールバス",
        "ref": "",
        "url": "",
        "url2": ""
      }
    },
    {
      "type": "Feature",
      "geometry": {
        "type": "Point",
        "coordinates": [
          131.4303811,
          34.1856984
        ]
      },
      "properties": {
        "内容": "バス停: 中尾口 (中国ジェイアールバス)",
        "name": "中尾口",
        "operator": "中国ジェイアールバス",
        "ref": "",
        "url": "",
        "url2": ""
      }
    },
    {
      "type": "Feature",
      "geometry": {
        "type": "Point",
        "coordinates": [
          131.430452,
          34.1802418
        ]
      },
      "properties": {
        "内容": "バス停: 四ノ宮前 (中国ジェイアールバス)",
        "name": "四ノ宮前",
        "operator": "中国ジェイアールバス",
        "ref": "",
        "url": "",
        "url2": ""
      }
    },
    {
      "type": "Feature",
      "geometry": {
        "type": "Point",
        "coordinates": [
          131.4305853,
          34.1802085
        ]
      },
      "properties": {
        "内容": "バス停: 四ノ宮前 (中国ジェイアールバス)",
        "name": "四ノ宮前",
        "operator": "中国ジェイアールバス",
        "ref": "",
        "url": "",
        "url2": ""
      }
    },
    {
      "type": "Feature",
      "geometry": {
        "type": "Point",
        "coordinates": [
          131.4292189,
          34.1767422
        ]
      },
      "properties": {
        "内容": "バス停: 赤田公民館前 (中国ジェイアールバス)",
        "name": "赤田公民館前",
        "operator": "中国ジェイアールバス",
        "ref": "",
        "url": "",
        "url2": ""
      }
    },
    {
      "type": "Feature",
      "geometry": {
        "type": "Point",
        "coordinates": [
          131.4293189,
          34.1767422
        ]
      },
      "properties": {
        "内容": "バス停: 赤田公民館前 (中国ジェイアールバス)",
        "name": "赤田公民館前",
        "operator": "中国ジェイアールバス",
        "ref": "",
        "url": "",
        "url2": ""
      }
    },
    {
      "type": "Feature",
      "geometry": {
        "type": "Point",
        "coordinates": [
          131.4310856,
          34.1720427
        ]
      },
      "properties": {
        "内容": "バス停: 赤田 (中国ジェイアールバス)",
        "name": "赤田",
        "operator": "中国ジェイアールバス",
        "ref": "",
        "url": "",
        "url2": ""
      }
    },
    {
      "type": "Feature",
      "geometry": {
        "type": "Point",
        "coordinates": [
          131.431169,
          34.1720594
        ]
      },
      "properties": {
        "内容": "バス停: 赤田 (中国ジェイアールバス)",
        "name": "赤田",
        "operator": "中国ジェイアールバス",
        "ref": "",
        "url": "",
        "url2": ""
      }
    },
    {
      "type": "Feature",
      "geometry": {
        "type": "Point",
        "coordinates": [
          131.433319,
          34.1676266
        ]
      },
      "properties": {
        "内容": "バス停: 吉敷 (中国ジェイアールバス)",
        "name": "吉敷",
        "operator": "中国ジェイアールバス",
        "ref": "",
        "url": "",
        "url2": ""
      }
    },
    {
      "type": "Feature",
      "geometry": {
        "type": "Point",
        "coordinates": [
          131.433712,
          34.1675331
        ]
      },
      "properties": {
        "内容": "バス停: 吉敷 (中国ジェイアールバス)",
        "name": "吉敷",
        "operator": "中国ジェイアールバス",
        "ref": "",
        "url": "",
        "url2": ""
      }
    },
    {
      "type": "Feature",
      "geometry": {
        "type": "Point",
        "coordinates": [
          131.4407518,
          34.1644336
        ]
      },
      "properties": {
        "内容": "バス停: 吉敷郵便局前 (中国ジェイアールバス)",
        "name": "吉敷郵便局前",
        "operator": "中国ジェイアールバス",
        "ref": "",
        "url": "",
        "url2": ""
      }
    },
    {
      "type": "Feature",
      "geometry": {
        "type": "Point",
        "coordinates": [
          131.4403901,
          34.1646441
        ]
      },
      "properties": {
        "内容": "バス停: 吉敷郵便局前 (中国ジェイアールバス)",
        "name": "吉敷郵便局前",
        "operator": "中国ジェイアールバス",
        "ref": "",
        "url": "",
        "url2": ""
      }
    },
    {
      "type": "Feature",
      "geometry": {
        "type": "Point",
        "coordinates": [
          131.4465014,
          34.1646771
        ]
      },
      "properties": {
        "内容": "バス停: 松ヶ鼻 (中国ジェイアールバス)",
        "name": "松ヶ鼻",
        "operator": "中国ジェイアールバス",
        "ref": "",
        "url": "",
        "url2": ""
      }
    },
    {
      "type": "Feature",
      "geometry": {
        "type": "Point",
        "coordinates": [
          131.4464347,
          34.1647604
        ]
      },
      "properties": {
        "内容": "バス停: 松ヶ鼻 (中国ジェイアールバス)",
        "name": "松ヶ鼻",
        "operator": "中国ジェイアールバス",
        "ref": "",
        "url": "",
        "url2": ""
      }
    },
    {
      "type": "Feature",
      "geometry": {
        "type": "Point",
        "coordinates": [
          131.4021274,
          34.404084
        ]
      },
      "properties": {
        "内容": "バス停: 橋本町 (中国ジェイアールバス)",
        "name": "橋本町",
        "operator": "中国ジェイアールバス",
        "ref": "",
        "url": "",
        "url2": ""
      }
    },
    {
      "type": "Feature",
      "geometry": {
        "type": "Point",
        "coordinates": [
          131.4022107,
          34.4037008
        ]
      },
      "properties": {
        "内容": "バス停: 橋本町 (中国ジェイアールバス)",
        "name": "橋本町",
        "operator": "中国ジェイアールバス",
        "ref": "",
        "url": "",
        "url2": ""
      }
    },
    {
      "type": "Feature",
      "geometry": {
        "type": "Point",
        "coordinates": [
          131.4011112,
          34.3939851
        ]
      },
      "properties": {
        "内容": "バス停: 萩駅 (中国ジェイアールバス)",
        "name": "萩駅",
        "operator": "中国ジェイアールバス",
        "ref": "",
        "url": "",
        "url2": ""
      }
    },
    {
      "type": "Feature",
      "geometry": {
        "type": "Point",
        "coordinates": [
          131.4122437,
          34.3924021
        ]
      },
      "properties": {
        "内容": "バス停: 沖原 (中国ジェイアールバス)",
        "name": "沖原",
        "operator": "中国ジェイアールバス",
        "ref": "",
        "url": "",
        "url2": ""
      }
    },
    {
      "type": "Feature",
      "geometry": {
        "type": "Point",
        "coordinates": [
          131.4125937,
          34.3923688
        ]
      },
      "properties": {
        "内容": "バス停: 沖原 (中国ジェイアールバス)",
        "name": "沖原",
        "operator": "中国ジェイアールバス",
        "ref": "",
        "url": "",
        "url2": ""
      }
    },
    {
      "type": "Feature",
      "geometry": {
        "type": "Point",
        "coordinates": [
          131.424028,
          34.3876967
        ]
      },
      "properties": {
        "内容": "バス停: 霧口 (中国ジェイアールバス)",
        "name": "霧口",
        "operator": "中国ジェイアールバス",
        "ref": "",
        "url": "",
        "url2": ""
      }
    },
    {
      "type": "Feature",
      "geometry": {
        "type": "Point",
        "coordinates": [
          131.4241596,
          34.3877695
        ]
      },
      "properties": {
        "内容": "バス停: 霧口 (中国ジェイアールバス)",
        "name": "霧口",
        "operator": "中国ジェイアールバス",
        "ref": "",
        "url": "",
        "url2": ""
      }
    },
    {
      "type": "Feature",
      "geometry": {
        "type": "Point",
        "coordinates": [
          131.4379546,
          34.373704
        ]
      },
      "properties": {
        "内容": "バス停: 立野渡 (中国ジェイアールバス)",
        "name": "立野渡",
        "operator": "中国ジェイアールバス",
        "ref": "",
        "url": "",
        "url2": ""
      }
    },
    {
      "type": "Feature",
      "geometry": {
        "type": "Point",
        "coordinates": [
          131.4381046,
          34.3736873
        ]
      },
      "properties": {
        "内容": "バス停: 立野渡 (中国ジェイアールバス)",
        "name": "立野渡",
        "operator": "中国ジェイアールバス",
        "ref": "",
        "url": "",
        "url2": ""
      }
    },
    {
      "type": "Feature",
      "geometry": {
        "type": "Point",
        "coordinates": [
          131.4405594,
          34.3629558
        ]
      },
      "properties": {
        "内容": "バス停: 長門峡北口 (中国ジェイアールバス)",
        "name": "長門峡北口",
        "operator": "中国ジェイアールバス",
        "ref": "",
        "url": "",
        "url2": ""
      }
    },
    {
      "type": "Feature",
      "geometry": {
        "type": "Point",
        "coordinates": [
          131.4403784,
          34.3623283
        ]
      },
      "properties": {
        "内容": "バス停: 長門峡北口 (中国ジェイアールバス)",
        "name": "長門峡北口",
        "operator": "中国ジェイアールバス",
        "ref": "",
        "url": "",
        "url2": ""
      }
    },
    {
      "type": "Feature",
      "geometry": {
        "type": "Point",
        "coordinates": [
          131.4311935,
          34.3633889
        ]
      },
      "properties": {
        "内容": "バス停: 佐古 (中国ジェイアールバス)",
        "name": "佐古",
        "operator": "中国ジェイアールバス",
        "ref": "",
        "url": "",
        "url2": ""
      }
    },
    {
      "type": "Feature",
      "geometry": {
        "type": "Point",
        "coordinates": [
          131.4312102,
          34.3633056
        ]
      },
      "properties": {
        "内容": "バス停: 佐古 (中国ジェイアールバス)",
        "name": "佐古",
        "operator": "中国ジェイアールバス",
        "ref": "",
        "url": "",
        "url2": ""
      }
    },
    {
      "type": "Feature",
      "geometry": {
        "type": "Point",
        "coordinates": [
          131.420145,
          34.358021
        ]
      },
      "properties": {
        "内容": "バス停: 瓜作 (中国ジェイアールバス)",
        "name": "瓜作",
        "operator": "中国ジェイアールバス",
        "ref": "",
        "url": "",
        "url2": ""
      }
    },
    {
      "type": "Feature",
      "geometry": {
        "type": "Point",
        "coordinates": [
          131.4202743,
          34.3578827
        ]
      },
      "properties": {
        "内容": "バス停: 瓜作 (中国ジェイアールバス)",
        "name": "瓜作",
        "operator": "中国ジェイアールバス",
        "ref": "",
        "url": "",
        "url2": ""
      }
    },
    {
      "type": "Feature",
      "geometry": {
        "type": "Point",
        "coordinates": [
          131.4196411,
          34.3478788
        ]
      },
      "properties": {
        "内容": "バス停: 蔵屋 (中国ジェイアールバス)",
        "name": "蔵屋",
        "operator": "中国ジェイアールバス",
        "ref": "",
        "url": "",
        "url2": ""
      }
    },
    {
      "type": "Feature",
      "geometry": {
        "type": "Point",
        "coordinates": [
          131.4198285,
          34.347907
        ]
      },
      "properties": {
        "内容": "バス停: 蔵屋 (中国ジェイアールバス)",
        "name": "蔵屋",
        "operator": "中国ジェイアールバス",
        "ref": "",
        "url": "",
        "url2": ""
      }
    },
    {
      "type": "Feature",
      "geometry": {
        "type": "Point",
        "coordinates": [
          131.4123294,
          34.3420242
        ]
      },
      "properties": {
        "内容": "バス停: 牛地 (中国ジェイアールバス)",
        "name": "牛地",
        "operator": "中国ジェイアールバス",
        "ref": "",
        "url": "",
        "url2": ""
      }
    },
    {
      "type": "Feature",
      "geometry": {
        "type": "Point",
        "coordinates": [
          131.4125793,
          34.3422742
        ]
      },
      "properties": {
        "内容": "バス停: 牛地 (中国ジェイアールバス)",
        "name": "牛地",
        "operator": "中国ジェイアールバス",
        "ref": "",
        "url": "",
        "url2": ""
      }
    },
    {
      "type": "Feature",
      "geometry": {
        "type": "Point",
        "coordinates": [
          131.4100262,
          34.3351365
        ]
      },
      "properties": {
        "内容": "バス停: 下菅蓋 (中国ジェイアールバス)",
        "name": "下菅蓋",
        "operator": "中国ジェイアールバス",
        "ref": "",
        "url": "",
        "url2": ""
      }
    },
    {
      "type": "Feature",
      "geometry": {
        "type": "Point",
        "coordinates": [
          131.410139,
          34.3350191
        ]
      },
      "properties": {
        "内容": "バス停: 下菅蓋 (中国ジェイアールバス)",
        "name": "下菅蓋",
        "operator": "中国ジェイアールバス",
        "ref": "",
        "url": "",
        "url2": ""
      }
    },
    {
      "type": "Feature",
      "geometry": {
        "type": "Point",
        "coordinates": [
          131.4080636,
          34.3311753
        ]
      },
      "properties": {
        "内容": "バス停: 菅蓋 (中国ジェイアールバス)",
        "name": "菅蓋",
        "operator": "中国ジェイアールバス",
        "ref": "",
        "url": "",
        "url2": ""
      }
    },
    {
      "type": "Feature",
      "geometry": {
        "type": "Point",
        "coordinates": [
          131.4081863,
          34.3311156
        ]
      },
      "properties": {
        "内容": "バス停: 菅蓋 (中国ジェイアールバス)",
        "name": "菅蓋",
        "operator": "中国ジェイアールバス",
        "ref": "",
        "url": "",
        "url2": ""
      }
    },
    {
      "type": "Feature",
      "geometry": {
        "type": "Point",
        "coordinates": [
          131.4019643,
          34.3265923
        ]
      },
      "properties": {
        "内容": "バス停: 角力場 (中国ジェイアールバス)",
        "name": "角力場",
        "operator": "中国ジェイアールバス",
        "ref": "",
        "url": "",
        "url2": ""
      }
    },
    {
      "type": "Feature",
      "geometry": {
        "type": "Point",
        "coordinates": [
          131.4019309,
          34.3263924
        ]
      },
      "properties": {
        "内容": "バス停: 角力場 (中国ジェイアールバス)",
        "name": "角力場",
        "operator": "中国ジェイアールバス",
        "ref": "",
        "url": "",
        "url2": ""
      }
    },
    {
      "type": "Feature",
      "geometry": {
        "type": "Point",
        "coordinates": [
          131.4027965,
          34.3198639
        ]
      },
      "properties": {
        "内容": "バス停: 小野山 (中国ジェイアールバス)",
        "name": "小野山",
        "operator": "中国ジェイアールバス",
        "ref": "",
        "url": "",
        "url2": ""
      }
    },
    {
      "type": "Feature",
      "geometry": {
        "type": "Point",
        "coordinates": [
          131.4034145,
          34.3191765
        ]
      },
      "properties": {
        "内容": "バス停: 小野山 (中国ジェイアールバス)",
        "name": "小野山",
        "operator": "中国ジェイアールバス",
        "ref": "",
        "url": "",
        "url2": ""
      }
    },
    {
      "type": "Feature",
      "geometry": {
        "type": "Point",
        "coordinates": [
          131.4153138,
          34.3129274
        ]
      },
      "properties": {
        "内容": "バス停: 同前 (中国ジェイアールバス)",
        "name": "同前",
        "operator": "中国ジェイアールバス",
        "ref": "",
        "url": "",
        "url2": ""
      }
    },
    {
      "type": "Feature",
      "geometry": {
        "type": "Point",
        "coordinates": [
          131.4163207,
          34.3126569
        ]
      },
      "properties": {
        "内容": "バス停: 同前 (中国ジェイアールバス)",
        "name": "同前",
        "operator": "中国ジェイアールバス",
        "ref": "",
        "url": "",
        "url2": ""
      }
    },
    {
      "type": "Feature",
      "geometry": {
        "type": "Point",
        "coordinates": [
          131.4225898,
          34.3124809
        ]
      },
      "properties": {
        "内容": "バス停: 古戦場 (中国ジェイアールバス)",
        "name": "古戦場",
        "operator": "中国ジェイアールバス",
        "ref": "",
        "url": "",
        "url2": ""
      }
    },
    {
      "type": "Feature",
      "geometry": {
        "type": "Point",
        "coordinates": [
          131.4231798,
          34.3132275
        ]
      },
      "properties": {
        "内容": "バス停: 古戦場 (中国ジェイアールバス)",
        "name": "古戦場",
        "operator": "中国ジェイアールバス",
        "ref": "",
        "url": "",
        "url2": ""
      }
    },
    {
      "type": "Feature",
      "geometry": {
        "type": "Point",
        "coordinates": [
          131.4378986,
          34.3183693
        ]
      },
      "properties": {
        "内容": "バス停: 釿切 (中国ジェイアールバス)",
        "name": "釿切",
        "operator": "中国ジェイアールバス",
        "ref": "",
        "url": "",
        "url2": ""
      }
    },
    {
      "type": "Feature",
      "geometry": {
        "type": "Point",
        "coordinates": [
          131.4381709,
          34.3190548
        ]
      },
      "properties": {
        "内容": "バス停: 釿切 (中国ジェイアールバス)",
        "name": "釿切",
        "operator": "中国ジェイアールバス",
        "ref": "",
        "url": "",
        "url2": ""
      }
    },
    {
      "type": "Feature",
      "geometry": {
        "type": "Point",
        "coordinates": [
          131.4442285,
          34.3161685
        ]
      },
      "properties": {
        "内容": "バス停: 中の峠 (中国ジェイアールバス)",
        "name": "中の峠",
        "operator": "中国ジェイアールバス",
        "ref": "",
        "url": "",
        "url2": ""
      }
    },
    {
      "type": "Feature",
      "geometry": {
        "type": "Point",
        "coordinates": [
          131.4449279,
          34.3161275
        ]
      },
      "properties": {
        "内容": "バス停: 中の峠 (中国ジェイアールバス)",
        "name": "中の峠",
        "operator": "中国ジェイアールバス",
        "ref": "",
        "url": "",
        "url2": ""
      }
    },
    {
      "type": "Feature",
      "geometry": {
        "type": "Point",
        "coordinates": [
          131.4526275,
          34.3094284
        ]
      },
      "properties": {
        "内容": "バス停: 新茶屋 (中国ジェイアールバス)",
        "name": "新茶屋",
        "operator": "中国ジェイアールバス",
        "ref": "",
        "url": "",
        "url2": ""
      }
    },
    {
      "type": "Feature",
      "geometry": {
        "type": "Point",
        "coordinates": [
          131.4527442,
          34.3094617
        ]
      },
      "properties": {
        "内容": "バス停: 新茶屋 (中国ジェイアールバス)",
        "name": "新茶屋",
        "operator": "中国ジェイアールバス",
        "ref": "",
        "url": "",
        "url2": ""
      }
    },
    {
      "type": "Feature",
      "geometry": {
        "type": "Point",
        "coordinates": [
          131.4600605,
          34.3035958
        ]
      },
      "properties": {
        "内容": "バス停: 根引 (中国ジェイアールバス)",
        "name": "根引",
        "operator": "中国ジェイアールバス",
        "ref": "",
        "url": "",
        "url2": ""
      }
    },
    {
      "type": "Feature",
      "geometry": {
        "type": "Point",
        "coordinates": [
          131.4601772,
          34.3036291
        ]
      },
      "properties": {
        "内容": "バス停: 根引 (中国ジェイアールバス)",
        "name": "根引",
        "operator": "中国ジェイアールバス",
        "ref": "",
        "url": "",
        "url2": ""
      }
    },
    {
      "type": "Feature",
      "geometry": {
        "type": "Point",
        "coordinates": [
          131.4575777,
          34.2973464
        ]
      },
      "properties": {
        "内容": "バス停: 与三原 (中国ジェイアールバス)",
        "name": "与三原",
        "operator": "中国ジェイアールバス",
        "ref": "",
        "url": "",
        "url2": ""
      }
    },
    {
      "type": "Feature",
      "geometry": {
        "type": "Point",
        "coordinates": [
          131.4583109,
          34.2977297
        ]
      },
      "properties": {
        "内容": "バス停: 与三原 (中国ジェイアールバス)",
        "name": "与三原",
        "operator": "中国ジェイアールバス",
        "ref": "",
        "url": "",
        "url2": ""
      }
    },
    {
      "type": "Feature",
      "geometry": {
        "type": "Point",
        "coordinates": [
          131.4579641,
          34.2881783
        ]
      },
      "properties": {
        "内容": "バス停: 小松ヶ谷 (中国ジェイアールバス)",
        "name": "小松ヶ谷",
        "operator": "中国ジェイアールバス",
        "ref": "",
        "url": "",
        "url2": ""
      }
    },
    {
      "type": "Feature",
      "geometry": {
        "type": "Point",
        "coordinates": [
          131.4580947,
          34.2882307
        ]
      },
      "properties": {
        "内容": "バス停: 小松ヶ谷 (中国ジェイアールバス)",
        "name": "小松ヶ谷",
        "operator": "中国ジェイアールバス",
        "ref": "",
        "url": "",
        "url2": ""
      }
    },
    {
      "type": "Feature",
      "geometry": {
        "type": "Point",
        "coordinates": [
          131.4694941,
          34.2809484
        ]
      },
      "properties": {
        "内容": "バス停: 板橋口 (中国ジェイアールバス)",
        "name": "板橋口",
        "operator": "中国ジェイアールバス",
        "ref": "",
        "url": "",
        "url2": ""
      }
    },
    {
      "type": "Feature",
      "geometry": {
        "type": "Point",
        "coordinates": [
          131.4695441,
          34.2810151
        ]
      },
      "properties": {
        "内容": "バス停: 板橋口 (中国ジェイアールバス)",
        "name": "板橋口",
        "operator": "中国ジェイアールバス",
        "ref": "",
        "url": "",
        "url2": ""
      }
    },
    {
      "type": "Feature",
      "geometry": {
        "type": "Point",
        "coordinates": [
          131.4737275,
          34.2722661
        ]
      },
      "properties": {
        "内容": "バス停: 大迫口 (中国ジェイアールバス)",
        "name": "大迫口",
        "operator": "中国ジェイアールバス",
        "ref": "",
        "url": "",
        "url2": ""
      }
    },
    {
      "type": "Feature",
      "geometry": {
        "type": "Point",
        "coordinates": [
          131.4738775,
          34.2722327
        ]
      },
      "properties": {
        "内容": "バス停: 大迫口 (中国ジェイアールバス)",
        "name": "大迫口",
        "operator": "中国ジェイアールバス",
        "ref": "",
        "url": "",
        "url2": ""
      }
    },
    {
      "type": "Feature",
      "geometry": {
        "type": "Point",
        "coordinates": [
          131.4733778,
          34.2649168
        ]
      },
      "properties": {
        "内容": "バス停: 中作 (中国ジェイアールバス)",
        "name": "中作",
        "operator": "中国ジェイアールバス",
        "ref": "",
        "url": "",
        "url2": ""
      }
    },
    {
      "type": "Feature",
      "geometry": {
        "type": "Point",
        "coordinates": [
          131.4733778,
          34.2650335
        ]
      },
      "properties": {
        "内容": "バス停: 中作 (中国ジェイアールバス)",
        "name": "中作",
        "operator": "中国ジェイアールバス",
        "ref": "",
        "url": "",
        "url2": ""
      }
    },
    {
      "type": "Feature",
      "geometry": {
        "type": "Point",
        "coordinates": [
          131.4780642,
          34.2620049
        ]
      },
      "properties": {
        "内容": "バス停: 日南瀬 (中国ジェイアールバス)",
        "name": "日南瀬",
        "operator": "中国ジェイアールバス",
        "ref": "",
        "url": "",
        "url2": ""
      }
    },
    {
      "type": "Feature",
      "geometry": {
        "type": "Point",
        "coordinates": [
          131.4781776,
          34.2620506
        ]
      },
      "properties": {
        "内容": "バス停: 日南瀬 (中国ジェイアールバス)",
        "name": "日南瀬",
        "operator": "中国ジェイアールバス",
        "ref": "",
        "url": "",
        "url2": ""
      }
    },
    {
      "type": "Feature",
      "geometry": {
        "type": "Point",
        "coordinates": [
          131.4874464,
          34.2519182
        ]
      },
      "properties": {
        "内容": "バス停: 下小木原 (中国ジェイアールバス)",
        "name": "下小木原",
        "operator": "中国ジェイアールバス",
        "ref": "",
        "url": "",
        "url2": ""
      }
    },
    {
      "type": "Feature",
      "geometry": {
        "type": "Point",
        "coordinates": [
          131.4880273,
          34.2512352
        ]
      },
      "properties": {
        "内容": "バス停: 下小木原 (中国ジェイアールバス)",
        "name": "下小木原",
        "operator": "中国ジェイアールバス",
        "ref": "",
        "url": "",
        "url2": ""
      }
    },
    {
      "type": "Feature",
      "geometry": {
        "type": "Point",
        "coordinates": [
          131.4909165,
          34.2461405
        ]
      },
      "properties": {
        "内容": "バス停: 上小木原 (中国ジェイアールバス)",
        "name": "上小木原",
        "operator": "中国ジェイアールバス",
        "ref": "",
        "url": "",
        "url2": ""
      }
    },
    {
      "type": "Feature",
      "geometry": {
        "type": "Point",
        "coordinates": [
          131.4910606,
          34.2461858
        ]
      },
      "properties": {
        "内容": "バス停: 上小木原 (中国ジェイアールバス)",
        "name": "上小木原",
        "operator": "中国ジェイアールバス",
        "ref": "",
        "url": "",
        "url2": ""
      }
    },
    {
      "type": "Feature",
      "geometry": {
        "type": "Point",
        "coordinates": [
          131.5226077,
          34.2508359
        ]
      },
      "properties": {
        "内容": "バス停: 宮野大峠 (中国ジェイアールバス)",
        "name": "宮野大峠",
        "operator": "中国ジェイアールバス",
        "ref": "",
        "url": "",
        "url2": ""
      }
    },
    {
      "type": "Feature",
      "geometry": {
        "type": "Point",
        "coordinates": [
          131.5204417,
          34.2413869
        ]
      },
      "properties": {
        "内容": "バス停: 向田橋 (中国ジェイアールバス)",
        "name": "向田橋",
        "operator": "中国ジェイアールバス",
        "ref": "",
        "url": "",
        "url2": ""
      }
    },
    {
      "type": "Feature",
      "geometry": {
        "type": "Point",
        "coordinates": [
          131.520575,
          34.2413702
        ]
      },
      "properties": {
        "内容": "バス停: 向田橋 (中国ジェイアールバス)",
        "name": "向田橋",
        "operator": "中国ジェイアールバス",
        "ref": "",
        "url": "",
        "url2": ""
      }
    },
    {
      "type": "Feature",
      "geometry": {
        "type": "Point",
        "coordinates": [
          131.515143,
          34.2223388
        ]
      },
      "properties": {
        "内容": "バス停: 奥湯田温泉口 (中国ジェイアールバス)",
        "name": "奥湯田温泉口",
        "operator": "中国ジェイアールバス",
        "ref": "",
        "url": "",
        "url2": ""
      }
    },
    {
      "type": "Feature",
      "geometry": {
        "type": "Point",
        "coordinates": [
          131.5152097,
          34.2224054
        ]
      },
      "properties": {
        "内容": "バス停: 奥湯田温泉口 (中国ジェイアールバス)",
        "name": "奥湯田温泉口",
        "operator": "中国ジェイアールバス",
        "ref": "",
        "url": "",
        "url2": ""
      }
    },
    {
      "type": "Feature",
      "geometry": {
        "type": "Point",
        "coordinates": [
          131.5175766,
          34.2131232
        ]
      },
      "properties": {
        "内容": "バス停: 七房 (中国ジェイアールバス)",
        "name": "七房",
        "operator": "中国ジェイアールバス",
        "ref": "",
        "url": "",
        "url2": ""
      }
    },
    {
      "type": "Feature",
      "geometry": {
        "type": "Point",
        "coordinates": [
          131.5167933,
          34.2123066
        ]
      },
      "properties": {
        "内容": "バス停: 七房 (中国ジェイアールバス)",
        "name": "七房",
        "operator": "中国ジェイアールバス",
        "ref": "",
        "url": "",
        "url2": ""
      }
    },
    {
      "type": "Feature",
      "geometry": {
        "type": "Point",
        "coordinates": [
          131.5068113,
          34.2016242
        ]
      },
      "properties": {
        "内容": "バス停: 本宮野 (中国ジェイアールバス)",
        "name": "本宮野",
        "operator": "中国ジェイアールバス",
        "ref": "",
        "url": "",
        "url2": ""
      }
    },
    {
      "type": "Feature",
      "geometry": {
        "type": "Point",
        "coordinates": [
          131.5063281,
          34.2010243
        ]
      },
      "properties": {
        "内容": "バス停: 本宮野 (中国ジェイアールバス)",
        "name": "本宮野",
        "operator": "中国ジェイアールバス",
        "ref": "",
        "url": "",
        "url2": ""
      }
    },
    {
      "type": "Feature",
      "geometry": {
        "type": "Point",
        "coordinates": [
          131.501762,
          34.196358
        ]
      },
      "properties": {
        "内容": "バス停: 宮野中学校前 (中国ジェイアールバス)",
        "name": "宮野中学校前",
        "operator": "中国ジェイアールバス",
        "ref": "",
        "url": "",
        "url2": ""
      }
    },
    {
      "type": "Feature",
      "geometry": {
        "type": "Point",
        "coordinates": [
          131.5019453,
          34.1959081
        ]
      },
      "properties": {
        "内容": "バス停: 宮野中学校前 (中国ジェイアールバス)",
        "name": "宮野中学校前",
        "operator": "中国ジェイアールバス",
        "ref": "",
        "url": "",
        "url2": ""
      }
    },
    {
      "type": "Feature",
      "geometry": {
        "type": "Point",
        "coordinates": [
          131.499479,
          34.1932416
        ]
      },
      "properties": {
        "内容": "バス停: 県立大学前 (中国ジェイアールバス)",
        "name": "県立大学前",
        "operator": "中国ジェイアールバス",
        "ref": "",
        "url": "",
        "url2": ""
      }
    },
    {
      "type": "Feature",
      "geometry": {
        "type": "Point",
        "coordinates": [
          131.4998123,
          34.1933416
        ]
      },
      "properties": {
        "内容": "バス停: 県立大学前 (中国ジェイアールバス)",
        "name": "県立大学前",
        "operator": "中国ジェイアールバス",
        "ref": "",
        "url": "",
        "url2": ""
      }
    },
    {
      "type": "Feature",
      "geometry": {
        "type": "Point",
        "coordinates": [
          131.4978792,
          34.192225
        ]
      },
      "properties": {
        "内容": "バス停: 宮野駅前 (中国ジェイアールバス)",
        "name": "宮野駅前",
        "operator": "中国ジェイアールバス",
        "ref": "",
        "url": "",
        "url2": ""
      }
    },
    {
      "type": "Feature",
      "geometry": {
        "type": "Point",
        "coordinates": [
          131.4971959,
          34.1917084
        ]
      },
      "properties": {
        "内容": "バス停: 宮野駅前 (中国ジェイアールバス)",
        "name": "宮野駅前",
        "operator": "中国ジェイアールバス",
        "ref": "",
        "url": "",
        "url2": ""
      }
    },
    {
      "type": "Feature",
      "geometry": {
        "type": "Point",
        "coordinates": [
          131.4954646,
          34.1896063
        ]
      },
      "properties": {
        "内容": "バス停: 折本 (中国ジェイアールバス)",
        "name": "折本",
        "operator": "中国ジェイアールバス",
        "ref": "",
        "url": "",
        "url2": ""
      }
    },
    {
      "type": "Feature",
      "geometry": {
        "type": "Point",
        "coordinates": [
          131.4948454,
          34.1889391
        ]
      },
      "properties": {
        "内容": "バス停: 折本 (中国ジェイアールバス)",
        "name": "折本",
        "operator": "中国ジェイアールバス",
        "ref": "",
        "url": "",
        "url2": ""
      }
    },
    {
      "type": "Feature",
      "geometry": {
        "type": "Point",
        "coordinates": [
          131.4925298,
          34.1878254
        ]
      },
      "properties": {
        "内容": "バス停: 三の宮 (中国ジェイアールバス)",
        "name": "三の宮",
        "operator": "中国ジェイアールバス",
        "ref": "",
        "url": "",
        "url2": ""
      }
    },
    {
      "type": "Feature",
      "geometry": {
        "type": "Point",
        "coordinates": [
          131.4909477,
          34.1868085
        ]
      },
      "properties": {
        "内容": "バス停: 三の宮 (中国ジェイアールバス)",
        "name": "三の宮",
        "operator": "中国ジェイアールバス",
        "ref": "",
        "url": "",
        "url2": ""
      }
    },
    {
      "type": "Feature",
      "geometry": {
        "type": "Point",
        "coordinates": [
          131.4838807,
          34.1847589
        ]
      },
      "properties": {
        "内容": "バス停: 日赤前 (中国ジェイアールバス)",
        "name": "日赤前",
        "operator": "中国ジェイアールバス",
        "ref": "",
        "url": "",
        "url2": ""
      }
    },
    {
      "type": "Feature",
      "geometry": {
        "type": "Point",
        "coordinates": [
          131.483714,
          34.1847923
        ]
      },
      "properties": {
        "内容": "バス停: 日赤前 (中国ジェイアールバス)",
        "name": "日赤前",
        "operator": "中国ジェイアールバス",
        "ref": "",
        "url": "",
        "url2": ""
      }
    },
    {
      "type": "Feature",
      "geometry": {
        "type": "Point",
        "coordinates": [
          131.4824156,
          34.1863166
        ]
      },
      "properties": {
        "内容": "バス停: 山口自衛隊前 (中国ジェイアールバス)",
        "name": "山口自衛隊前",
        "operator": "中国ジェイアールバス",
        "ref": "",
        "url": "",
        "url2": ""
      }
    },
    {
      "type": "Feature",
      "geometry": {
        "type": "Point",
        "coordinates": [
          131.4824641,
          34.1860921
        ]
      },
      "properties": {
        "内容": "バス停: 山口自衛隊前 (中国ジェイアールバス)",
        "name": "山口自衛隊前",
        "operator": "中国ジェイアールバス",
        "ref": "",
        "url": "",
        "url2": ""
      }
    },
    {
      "type": "Feature",
      "geometry": {
        "type": "Point",
        "coordinates": [
          131.4789976,
          34.186892
        ]
      },
      "properties": {
        "内容": "バス停: 野田学園前 (中国ジェイアールバス)",
        "name": "野田学園前",
        "operator": "中国ジェイアールバス",
        "ref": "",
        "url": "",
        "url2": ""
      }
    },
    {
      "type": "Feature",
      "geometry": {
        "type": "Point",
        "coordinates": [
          131.478881,
          34.186742
        ]
      },
      "properties": {
        "内容": "バス停: 野田学園前 (中国ジェイアールバス)",
        "name": "野田学園前",
        "operator": "中国ジェイアールバス",
        "ref": "",
        "url": "",
        "url2": ""
      }
    },
    {
      "type": "Feature",
      "geometry": {
        "type": "Point",
        "coordinates": [
          131.4102261,
          34.4170161
        ]
      },
      "properties": {
        "内容": "バス停: 東萩駅 (中国ジェイアールバス)",
        "name": "東萩駅",
        "operator": "中国ジェイアールバス",
        "ref": "",
        "url": "",
        "url2": ""
      }
    },
    {
      "type": "Feature",
      "geometry": {
        "type": "Point",
        "coordinates": [
          131.4028103,
          34.41065
        ]
      },
      "properties": {
        "内容": "バス停: 萩バスセンター (中国ジェイアールバス)",
        "name": "萩バスセンター",
        "operator": "中国ジェイアールバス",
        "ref": "",
        "url": "",
        "url2": ""
      }
    },
    {
      "type": "Feature",
      "geometry": {
        "type": "Point",
        "coordinates": [
          131.4026602,
          34.410641
        ]
      },
      "properties": {
        "内容": "バス停: 萩バスセンター (中国ジェイアールバス)",
        "name": "萩バスセンター",
        "operator": "中国ジェイアールバス",
        "ref": "",
        "url": "",
        "url2": ""
      }
    },
    {
      "type": "Feature",
      "geometry": {
        "type": "Point",
        "coordinates": [
          131.4143791,
          34.3445406
        ]
      },
      "properties": {
        "内容": "バス停: 明木 (中国ジェイアールバス)",
        "name": "明木",
        "operator": "中国ジェイアールバス",
        "ref": "",
        "url": "",
        "url2": ""
      }
    },
    {
      "type": "Feature",
      "geometry": {
        "type": "Point",
        "coordinates": [
          131.4144624,
          34.3445073
        ]
      },
      "properties": {
        "内容": "バス停: 明木 (中国ジェイアールバス)",
        "name": "明木",
        "operator": "中国ジェイアールバス",
        "ref": "",
        "url": "",
        "url2": ""
      }
    },
    {
      "type": "Feature",
      "geometry": {
        "type": "Point",
        "coordinates": [
          131.4611612,
          34.2854811
        ]
      },
      "properties": {
        "内容": "バス停: 佐々並 (中国ジェイアールバス)",
        "name": "佐々並",
        "operator": "中国ジェイアールバス",
        "ref": "",
        "url": "",
        "url2": ""
      }
    },
    {
      "type": "Feature",
      "geometry": {
        "type": "Point",
        "coordinates": [
          131.4613279,
          34.2855144
        ]
      },
      "properties": {
        "内容": "バス停: 佐々並 (中国ジェイアールバス)",
        "name": "佐々並",
        "operator": "中国ジェイアールバス",
        "ref": "",
        "url": "",
        "url2": ""
      }
    },
    {
      "type": "Feature",
      "geometry": {
        "type": "Point",
        "coordinates": [
          131.512144,
          34.2057239
        ]
      },
      "properties": {
        "内容": "バス停: 宮野新橋 (中国ジェイアールバス)",
        "name": "宮野新橋",
        "operator": "中国ジェイアールバス",
        "ref": "",
        "url": "",
        "url2": ""
      }
    },
    {
      "type": "Feature",
      "geometry": {
        "type": "Point",
        "coordinates": [
          131.512334,
          34.2056011
        ]
      },
      "properties": {
        "内容": "バス停: 宮野新橋 (中国ジェイアールバス)",
        "name": "宮野新橋",
        "operator": "中国ジェイアールバス",
        "ref": "",
        "url": "",
        "url2": ""
      }
    },
    {
      "type": "Feature",
      "geometry": {
        "type": "Point",
        "coordinates": [
          131.5090574,
          34.2033971
        ]
      },
      "properties": {
        "内容": "バス停: スポーツの森前 (中国ジェイアールバス)",
        "name": "スポーツの森前",
        "operator": "中国ジェイアールバス",
        "ref": "",
        "url": "",
        "url2": ""
      }
    },
    {
      "type": "Feature",
      "geometry": {
        "type": "Point",
        "coordinates": [
          131.5093415,
          34.2032889
        ]
      },
      "properties": {
        "内容": "バス停: スポーツの森前 (中国ジェイアールバス)",
        "name": "スポーツの森前",
        "operator": "中国ジェイアールバス",
        "ref": "",
        "url": "",
        "url2": ""
      }
    },
    {
      "type": "Feature",
      "geometry": {
        "type": "Point",
        "coordinates": [
          131.3965087,
          34.0944171
        ]
      },
      "properties": {
        "内容": "バス停: 新山口駅 (中国ジェイアールバス)",
        "name": "新山口駅",
        "operator": "中国ジェイアールバス",
        "ref": "",
        "url": "",
        "url2": ""
      }
    },
    {
      "type": "Feature",
      "geometry": {
        "type": "Point",
        "coordinates": [
          131.3961921,
          34.0942171
        ]
      },
      "properties": {
        "内容": "バス停: 新山口駅 (中国ジェイアールバス)",
        "name": "新山口駅",
        "operator": "中国ジェイアールバス",
        "ref": "",
        "url": "",
        "url2": ""
      }
    },
    {
      "type": "Feature",
      "geometry": {
        "type": "Point",
        "coordinates": [
          131.4743318,
          34.176793
        ]
      },
      "properties": {
        "内容": "バス停: 山口市民会館前 (中国ジェイアールバス)",
        "name": "山口市民会館前",
        "operator": "中国ジェイアールバス",
        "ref": "",
        "url": "",
        "url2": ""
      }
    },
    {
      "type": "Feature",
      "geometry": {
        "type": "Point",
        "coordinates": [
          131.4660837,
          34.1506123
        ]
      },
      "properties": {
        "内容": "バス停: 山口大学前 (中国ジェイアールバス)",
        "name": "山口大学前",
        "operator": "中国ジェイアールバス",
        "ref": "",
        "url": "",
        "url2": ""
      }
    },
    {
      "type": "Feature",
      "geometry": {
        "type": "Point",
        "coordinates": [
          131.4664838,
          34.1489791
        ]
      },
      "properties": {
        "内容": "バス停: 山口大学 (中国ジェイアールバス)",
        "name": "山口大学",
        "operator": "中国ジェイアールバス",
        "ref": "",
        "url": "",
        "url2": ""
      }
    },
    {
      "type": "Feature",
      "geometry": {
        "type": "Point",
        "coordinates": [
          131.4654671,
          34.1516122
        ]
      },
      "properties": {
        "内容": "バス停: 台 (中国ジェイアールバス)",
        "name": "台",
        "operator": "中国ジェイアールバス",
        "ref": "",
        "url": "",
        "url2": ""
      }
    },
    {
      "type": "Feature",
      "geometry": {
        "type": "Point",
        "coordinates": [
          131.4645671,
          34.152562
        ]
      },
      "properties": {
        "内容": "バス停: 台 (中国ジェイアールバス)",
        "name": "台",
        "operator": "中国ジェイアールバス",
        "ref": "",
        "url": "",
        "url2": ""
      }
    },
    {
      "type": "Feature",
      "geometry": {
        "type": "Point",
        "coordinates": [
          131.4613505,
          34.1561783
        ]
      },
      "properties": {
        "内容": "バス停: あいわたせ (中国ジェイアールバス)",
        "name": "あいわたせ",
        "operator": "中国ジェイアールバス",
        "ref": "",
        "url": "",
        "url2": ""
      }
    },
    {
      "type": "Feature",
      "geometry": {
        "type": "Point",
        "coordinates": [
          131.4614672,
          34.1559283
        ]
      },
      "properties": {
        "内容": "バス停: あいわたせ (中国ジェイアールバス)",
        "name": "あいわたせ",
        "operator": "中国ジェイアールバス",
        "ref": "",
        "url": "",
        "url2": ""
      }
    },
    {
      "type": "Feature",
      "geometry": {
        "type": "Point",
        "coordinates": [
          131.4598839,
          34.1576781
        ]
      },
      "properties": {
        "内容": "バス停: 湯田温泉駅入口 (中国ジェイアールバス)",
        "name": "湯田温泉駅入口",
        "operator": "中国ジェイアールバス",
        "ref": "",
        "url": "",
        "url2": ""
      }
    },
    {
      "type": "Feature",
      "geometry": {
        "type": "Point",
        "coordinates": [
          131.4593173,
          34.1580947
        ]
      },
      "properties": {
        "内容": "バス停: 湯田温泉駅入口 (中国ジェイアールバス)",
        "name": "湯田温泉駅入口",
        "operator": "中国ジェイアールバス",
        "ref": "",
        "url": "",
        "url2": ""
      }
    },
    {
      "type": "Feature",
      "geometry": {
        "type": "Point",
        "coordinates": [
          131.4553841,
          34.1622108
        ]
      },
      "properties": {
        "内容": "バス停: 下湯田 (中国ジェイアールバス)",
        "name": "下湯田",
        "operator": "中国ジェイアールバス",
        "ref": "",
        "url": "",
        "url2": ""
      }
    },
    {
      "type": "Feature",
      "geometry": {
        "type": "Point",
        "coordinates": [
          131.4537841,
          34.1634774
        ]
      },
      "properties": {
        "内容": "バス停: 下湯田 (中国ジェイアールバス)",
        "name": "下湯田",
        "operator": "中国ジェイアールバス",
        "ref": "",
        "url": "",
        "url2": ""
      }
    },
    {
      "type": "Feature",
      "geometry": {
        "type": "Point",
        "coordinates": [
          131.4554673,
          34.1637607
        ]
      },
      "properties": {
        "内容": "バス停: 下湯田 (中国ジェイアールバス)",
        "name": "下湯田",
        "operator": "中国ジェイアールバス",
        "ref": "",
        "url": "",
        "url2": ""
      }
    },
    {
      "type": "Feature",
      "geometry": {
        "type": "Point",
        "coordinates": [
          131.4579368,
          34.165105
        ]
      },
      "properties": {
        "内容": "バス停: 湯田温泉通 (中国ジェイアールバス)",
        "name": "湯田温泉通",
        "operator": "中国ジェイアールバス",
        "ref": "",
        "url": "",
        "url2": ""
      }
    },
    {
      "type": "Feature",
      "geometry": {
        "type": "Point",
        "coordinates": [
          131.4579004,
          34.1652439
        ]
      },
      "properties": {
        "内容": "バス停: 湯田温泉通 (中国ジェイアールバス)",
        "name": "湯田温泉通",
        "operator": "中国ジェイアールバス",
        "ref": "",
        "url": "",
        "url2": ""
      }
    },
    {
      "type": "Feature",
      "geometry": {
        "type": "Point",
        "coordinates": [
          131.4615667,
          34.1673104
        ]
      },
      "properties": {
        "内容": "バス停: ＮＴＴ山口前 (中国ジェイアールバス)",
        "name": "ＮＴＴ山口前",
        "operator": "中国ジェイアールバス",
        "ref": "",
        "url": "",
        "url2": ""
      }
    },
    {
      "type": "Feature",
      "geometry": {
        "type": "Point",
        "coordinates": [
          131.4622166,
          34.1678937
        ]
      },
      "properties": {
        "内容": "バス停: ＮＴＴ山口前 (中国ジェイアールバス)",
        "name": "ＮＴＴ山口前",
        "operator": "中国ジェイアールバス",
        "ref": "",
        "url": "",
        "url2": ""
      }
    },
    {
      "type": "Feature",
      "geometry": {
        "type": "Point",
        "coordinates": [
          131.4656168,
          34.1697327
        ]
      },
      "properties": {
        "内容": "バス停: 情報芸術センター前 (中国ジェイアールバス)",
        "name": "情報芸術センター前",
        "operator": "中国ジェイアールバス",
        "ref": "",
        "url": "",
        "url2": ""
      }
    },
    {
      "type": "Feature",
      "geometry": {
        "type": "Point",
        "coordinates": [
          131.4661995,
          34.1703268
        ]
      },
      "properties": {
        "内容": "バス停: 情報芸術センター前 (中国ジェイアールバス)",
        "name": "情報芸術センター前",
        "operator": "中国ジェイアールバス",
        "ref": "",
        "url": "",
        "url2": ""
      }
    },
    {
      "type": "Feature",
      "geometry": {
        "type": "Point",
        "coordinates": [
          131.4688992,
          34.1718101
        ]
      },
      "properties": {
        "内容": "バス停: 商工会館前 (中国ジェイアールバス)",
        "name": "商工会館前",
        "operator": "中国ジェイアールバス",
        "ref": "",
        "url": "",
        "url2": ""
      }
    },
    {
      "type": "Feature",
      "geometry": {
        "type": "Point",
        "coordinates": [
          131.4691825,
          34.1721934
        ]
      },
      "properties": {
        "内容": "バス停: 商工会館前 (中国ジェイアールバス)",
        "name": "商工会館前",
        "operator": "中国ジェイアールバス",
        "ref": "",
        "url": "",
        "url2": ""
      }
    },
    {
      "type": "Feature",
      "geometry": {
        "type": "Point",
        "coordinates": [
          131.4726654,
          34.1754264
        ]
      },
      "properties": {
        "内容": "バス停: 中国電力・ｙａｂ前 (中国ジェイアールバス)",
        "name": "中国電力・ｙａｂ前",
        "operator": "中国ジェイアールバス",
        "ref": "",
        "url": "",
        "url2": ""
      }
    },
    {
      "type": "Feature",
      "geometry": {
        "type": "Point",
        "coordinates": [
          131.4733653,
          34.1762263
        ]
      },
      "properties": {
        "内容": "バス停: 中国電力・ｙａｂ前 (中国ジェイアールバス)",
        "name": "中国電力・ｙａｂ前",
        "operator": "中国ジェイアールバス",
        "ref": "",
        "url": "",
        "url2": ""
      }
    },
    {
      "type": "Feature",
      "geometry": {
        "type": "Point",
        "coordinates": [
          131.4773319,
          34.1704104
        ]
      },
      "properties": {
        "内容": "バス停: 昭和町 (中国ジェイアールバス)",
        "name": "昭和町",
        "operator": "中国ジェイアールバス",
        "ref": "",
        "url": "",
        "url2": ""
      }
    },
    {
      "type": "Feature",
      "geometry": {
        "type": "Point",
        "coordinates": [
          131.4774152,
          34.1703604
        ]
      },
      "properties": {
        "内容": "バス停: 昭和町 (中国ジェイアールバス)",
        "name": "昭和町",
        "operator": "中国ジェイアールバス",
        "ref": "",
        "url": "",
        "url2": ""
      }
    },
    {
      "type": "Feature",
      "geometry": {
        "type": "Point",
        "coordinates": [
          131.4918478,
          34.1593785
        ]
      },
      "properties": {
        "内容": "バス停: ゆめタウン山口 (中国ジェイアールバス)",
        "name": "ゆめタウン山口",
        "operator": "中国ジェイアールバス",
        "ref": "",
        "url": "",
        "url2": ""
      }
    },
    {
      "type": "Feature",
      "geometry": {
        "type": "Point",
        "coordinates": [
          131.4804482,
          34.1726268
        ]
      },
      "properties": {
        "内容": "バス停: 山口駅 (中国ジェイアールバス)",
        "name": "山口駅",
        "operator": "中国ジェイアールバス",
        "ref": "",
        "url": "",
        "url2": ""
      }
    },
    {
      "type": "Feature",
      "geometry": {
        "type": "Point",
        "coordinates": [
          131.4803815,
          34.1725435
        ]
      },
      "properties": {
        "内容": "バス停: 山口駅 (中国ジェイアールバス)",
        "name": "山口駅",
        "operator": "中国ジェイアールバス",
        "ref": "",
        "url": "",
        "url2": ""
      }
    },
    {
      "type": "Feature",
      "geometry": {
        "type": "Point",
        "coordinates": [
          131.4789816,
          34.17416
        ]
      },
      "properties": {
        "内容": "バス停: 今市通 (中国ジェイアールバス)",
        "name": "今市通",
        "operator": "中国ジェイアールバス",
        "ref": "",
        "url": "",
        "url2": ""
      }
    },
    {
      "type": "Feature",
      "geometry": {
        "type": "Point",
        "coordinates": [
          131.4787816,
          34.1744933
        ]
      },
      "properties": {
        "内容": "バス停: 今市通 (中国ジェイアールバス)",
        "name": "今市通",
        "operator": "中国ジェイアールバス",
        "ref": "",
        "url": "",
        "url2": ""
      }
    },
    {
      "type": "Feature",
      "geometry": {
        "type": "Point",
        "coordinates": [
          131.476315,
          34.1768263
        ]
      },
      "properties": {
        "内容": "バス停: 米屋町 (中国ジェイアールバス)",
        "name": "米屋町",
        "operator": "中国ジェイアールバス",
        "ref": "",
        "url": "",
        "url2": ""
      }
    },
    {
      "type": "Feature",
      "geometry": {
        "type": "Point",
        "coordinates": [
          131.476565,
          34.176543
        ]
      },
      "properties": {
        "内容": "バス停: 米屋町 (中国ジェイアールバス)",
        "name": "米屋町",
        "operator": "中国ジェイアールバス",
        "ref": "",
        "url": "",
        "url2": ""
      }
    },
    {
      "type": "Feature",
      "geometry": {
        "type": "Point",
        "coordinates": [
          131.4745316,
          34.1812925
        ]
      },
      "properties": {
        "内容": "バス停: 美術館前 (中国ジェイアールバス)",
        "name": "美術館前",
        "operator": "中国ジェイアールバス",
        "ref": "",
        "url": "",
        "url2": ""
      }
    },
    {
      "type": "Feature",
      "geometry": {
        "type": "Point",
        "coordinates": [
          131.4753149,
          34.179776
        ]
      },
      "properties": {
        "内容": "バス停: 美術館前 (中国ジェイアールバス)",
        "name": "美術館前",
        "operator": "中国ジェイアールバス",
        "ref": "",
        "url": "",
        "url2": ""
      }
    },
    {
      "type": "Feature",
      "geometry": {
        "type": "Point",
        "coordinates": [
          131.4716984,
          34.1837255
        ]
      },
      "properties": {
        "内容": "バス停: 山口県庁前 (中国ジェイアールバス)",
        "name": "山口県庁前",
        "operator": "中国ジェイアールバス",
        "ref": "",
        "url": "",
        "url2": ""
      }
    },
    {
      "type": "Feature",
      "geometry": {
        "type": "Point",
        "coordinates": [
          131.4715984,
          34.1836255
        ]
      },
      "properties": {
        "内容": "バス停: 山口県庁前 (中国ジェイアールバス)",
        "name": "山口県庁前",
        "operator": "中国ジェイアールバス",
        "ref": "",
        "url": "",
        "url2": ""
      }
    },
    {
      "type": "Feature",
      "geometry": {
        "type": "Point",
        "coordinates": [
          131.4717984,
          34.1836088
        ]
      },
      "properties": {
        "内容": "バス停: 山口県庁前 (中国ジェイアールバス)",
        "name": "山口県庁前",
        "operator": "中国ジェイアールバス",
        "ref": "",
        "url": "",
        "url2": ""
      }
    },
    {
      "type": "Feature",
      "geometry": {
        "type": "Point",
        "coordinates": [
          131.4711653,
          34.1798759
        ]
      },
      "properties": {
        "内容": "バス停: 白石 (中国ジェイアールバス)",
        "name": "白石",
        "operator": "中国ジェイアールバス",
        "ref": "",
        "url": "",
        "url2": ""
      }
    },
    {
      "type": "Feature",
      "geometry": {
        "type": "Point",
        "coordinates": [
          131.4715969,
          34.1789824
        ]
      },
      "properties": {
        "内容": "バス停: 白石 (中国ジェイアールバス)",
        "name": "白石",
        "operator": "中国ジェイアールバス",
        "ref": "",
        "url": "",
        "url2": ""
      }
    },
    {
      "type": "Feature",
      "geometry": {
        "type": "Point",
        "coordinates": [
          131.4730488,
          34.1721434
        ]
      },
      "properties": {
        "内容": "バス停: 荒高 (中国ジェイアールバス)",
        "name": "荒高",
        "operator": "中国ジェイアールバス",
        "ref": "",
        "url": "",
        "url2": ""
      }
    },
    {
      "type": "Feature",
      "geometry": {
        "type": "Point",
        "coordinates": [
          131.4784319,
          34.1673274
        ]
      },
      "properties": {
        "内容": "バス停: 宮島町 (中国ジェイアールバス)",
        "name": "宮島町",
        "operator": "中国ジェイアールバス",
        "ref": "",
        "url": "",
        "url2": ""
      }
    },
    {
      "type": "Feature",
      "geometry": {
        "type": "Point",
        "coordinates": [
          131.4797485,
          34.1671108
        ]
      },
      "properties": {
        "内容": "バス停: 宮島町 (中国ジェイアールバス)",
        "name": "宮島町",
        "operator": "中国ジェイアールバス",
        "ref": "",
        "url": "",
        "url2": ""
      }
    },
    {
      "type": "Feature",
      "geometry": {
        "type": "Point",
        "coordinates": [
          131.4860481,
          34.1648778
        ]
      },
      "properties": {
        "内容": "バス停: 御堀橋 (中国ジェイアールバス)",
        "name": "御堀橋",
        "operator": "中国ジェイアールバス",
        "ref": "",
        "url": "",
        "url2": ""
      }
    },
    {
      "type": "Feature",
      "geometry": {
        "type": "Point",
        "coordinates": [
          131.4857647,
          34.165411
        ]
      },
      "properties": {
        "内容": "バス停: 御堀橋 (中国ジェイアールバス)",
        "name": "御堀橋",
        "operator": "中国ジェイアールバス",
        "ref": "",
        "url": "",
        "url2": ""
      }
    },
    {
      "type": "Feature",
      "geometry": {
        "type": "Point",
        "coordinates": [
          131.4981475,
          34.1564122
        ]
      },
      "properties": {
        "内容": "バス停: 農業試験場前 (中国ジェイアールバス)",
        "name": "農業試験場前",
        "operator": "中国ジェイアールバス",
        "ref": "",
        "url": "",
        "url2": ""
      }
    },
    {
      "type": "Feature",
      "geometry": {
        "type": "Point",
        "coordinates": [
          131.4993307,
          34.1562956
        ]
      },
      "properties": {
        "内容": "バス停: 農業試験場前 (中国ジェイアールバス)",
        "name": "農業試験場前",
        "operator": "中国ジェイアールバス",
        "ref": "",
        "url": "",
        "url2": ""
      }
    },
    {
      "type": "Feature",
      "geometry": {
        "type": "Point",
        "coordinates": [
          131.5016139,
          34.1555957
        ]
      },
      "properties": {
        "内容": "バス停: 光円寺前 (中国ジェイアールバス)",
        "name": "光円寺前",
        "operator": "中国ジェイアールバス",
        "ref": "",
        "url": "",
        "url2": ""
      }
    },
    {
      "type": "Feature",
      "geometry": {
        "type": "Point",
        "coordinates": [
          131.5016472,
          34.1557124
        ]
      },
      "properties": {
        "内容": "バス停: 光円寺前 (中国ジェイアールバス)",
        "name": "光円寺前",
        "operator": "中国ジェイアールバス",
        "ref": "",
        "url": "",
        "url2": ""
      }
    },
    {
      "type": "Feature",
      "geometry": {
        "type": "Point",
        "coordinates": [
          131.5091633,
          34.153796
        ]
      },
      "properties": {
        "内容": "バス停: 矢田 (中国ジェイアールバス)",
        "name": "矢田",
        "operator": "中国ジェイアールバス",
        "ref": "",
        "url": "",
        "url2": ""
      }
    },
    {
      "type": "Feature",
      "geometry": {
        "type": "Point",
        "coordinates": [
          131.5094633,
          34.153846
        ]
      },
      "properties": {
        "内容": "バス停: 矢田 (中国ジェイアールバス)",
        "name": "矢田",
        "operator": "中国ジェイアールバス",
        "ref": "",
        "url": "",
        "url2": ""
      }
    },
    {
      "type": "Feature",
      "geometry": {
        "type": "Point",
        "coordinates": [
          131.5162128,
          34.1523463
        ]
      },
      "properties": {
        "内容": "バス停: 大内中学校前 (中国ジェイアールバス)",
        "name": "大内中学校前",
        "operator": "中国ジェイアールバス",
        "ref": "",
        "url": "",
        "url2": ""
      }
    },
    {
      "type": "Feature",
      "geometry": {
        "type": "Point",
        "coordinates": [
          131.5160961,
          34.1524796
        ]
      },
      "properties": {
        "内容": "バス停: 大内中学校前 (中国ジェイアールバス)",
        "name": "大内中学校前",
        "operator": "中国ジェイアールバス",
        "ref": "",
        "url": "",
        "url2": ""
      }
    },
    {
      "type": "Feature",
      "geometry": {
        "type": "Point",
        "coordinates": [
          131.5199794,
          34.1479468
        ]
      },
      "properties": {
        "内容": "バス停: 柊 (中国ジェイアールバス)",
        "name": "柊",
        "operator": "中国ジェイアールバス",
        "ref": "",
        "url": "",
        "url2": ""
      }
    },
    {
      "type": "Feature",
      "geometry": {
        "type": "Point",
        "coordinates": [
          131.5205127,
          34.1477135
        ]
      },
      "properties": {
        "内容": "バス停: 柊 (中国ジェイアールバス)",
        "name": "柊",
        "operator": "中国ジェイアールバス",
        "ref": "",
        "url": "",
        "url2": ""
      }
    },
    {
      "type": "Feature",
      "geometry": {
        "type": "Point",
        "coordinates": [
          131.5227795,
          34.1401477
        ]
      },
      "properties": {
        "内容": "バス停: 鯖地 (中国ジェイアールバス)",
        "name": "鯖地",
        "operator": "中国ジェイアールバス",
        "ref": "",
        "url": "",
        "url2": ""
      }
    },
    {
      "type": "Feature",
      "geometry": {
        "type": "Point",
        "coordinates": [
          131.5230128,
          34.1401644
        ]
      },
      "properties": {
        "内容": "バス停: 鯖地 (中国ジェイアールバス)",
        "name": "鯖地",
        "operator": "中国ジェイアールバス",
        "ref": "",
        "url": "",
        "url2": ""
      }
    },
    {
      "type": "Feature",
      "geometry": {
        "type": "Point",
        "coordinates": [
          131.5257963,
          34.1319486
        ]
      },
      "properties": {
        "内容": "バス停: 鳴滝 (中国ジェイアールバス)",
        "name": "鳴滝",
        "operator": "中国ジェイアールバス",
        "ref": "",
        "url": "",
        "url2": ""
      }
    },
    {
      "type": "Feature",
      "geometry": {
        "type": "Point",
        "coordinates": [
          131.5260296,
          34.1319153
        ]
      },
      "properties": {
        "内容": "バス停: 鳴滝 (中国ジェイアールバス)",
        "name": "鳴滝",
        "operator": "中国ジェイアールバス",
        "ref": "",
        "url": "",
        "url2": ""
      }
    },
    {
      "type": "Feature",
      "geometry": {
        "type": "Point",
        "coordinates": [
          131.5268797,
          34.1288323
        ]
      },
      "properties": {
        "内容": "バス停: 八反田 (中国ジェイアールバス)",
        "name": "八反田",
        "operator": "中国ジェイアールバス",
        "ref": "",
        "url": "",
        "url2": ""
      }
    },
    {
      "type": "Feature",
      "geometry": {
        "type": "Point",
        "coordinates": [
          131.527763,
          34.1270325
        ]
      },
      "properties": {
        "内容": "バス停: 八反田 (中国ジェイアールバス)",
        "name": "八反田",
        "operator": "中国ジェイアールバス",
        "ref": "",
        "url": "",
        "url2": ""
      }
    },
    {
      "type": "Feature",
      "geometry": {
        "type": "Point",
        "coordinates": [
          131.5307964,
          34.1195501
        ]
      },
      "properties": {
        "内容": "バス停: 下鯖山 (中国ジェイアールバス)",
        "name": "下鯖山",
        "operator": "中国ジェイアールバス",
        "ref": "",
        "url": "",
        "url2": ""
      }
    },
    {
      "type": "Feature",
      "geometry": {
        "type": "Point",
        "coordinates": [
          131.5308964,
          34.1198834
        ]
      },
      "properties": {
        "内容": "バス停: 下鯖山 (中国ジェイアールバス)",
        "name": "下鯖山",
        "operator": "中国ジェイアールバス",
        "ref": "",
        "url": "",
        "url2": ""
      }
    },
    {
      "type": "Feature",
      "geometry": {
        "type": "Point",
        "coordinates": [
          131.5320798,
          34.117017
        ]
      },
      "properties": {
        "内容": "バス停: 禅昌寺前 (中国ジェイアールバス)",
        "name": "禅昌寺前",
        "operator": "中国ジェイアールバス",
        "ref": "",
        "url": "",
        "url2": ""
      }
    },
    {
      "type": "Feature",
      "geometry": {
        "type": "Point",
        "coordinates": [
          131.5327464,
          34.1162005
        ]
      },
      "properties": {
        "内容": "バス停: 禅昌寺前 (中国ジェイアールバス)",
        "name": "禅昌寺前",
        "operator": "中国ジェイアールバス",
        "ref": "",
        "url": "",
        "url2": ""
      }
    },
    {
      "type": "Feature",
      "geometry": {
        "type": "Point",
        "coordinates": [
          131.5357465,
          34.1094679
        ]
      },
      "properties": {
        "内容": "バス停: 上鯖山 (中国ジェイアールバス)",
        "name": "上鯖山",
        "operator": "中国ジェイアールバス",
        "ref": "",
        "url": "",
        "url2": ""
      }
    },
    {
      "type": "Feature",
      "geometry": {
        "type": "Point",
        "coordinates": [
          131.5361131,
          34.1092179
        ]
      },
      "properties": {
        "内容": "バス停: 上鯖山 (中国ジェイアールバス)",
        "name": "上鯖山",
        "operator": "中国ジェイアールバス",
        "ref": "",
        "url": "",
        "url2": ""
      }
    },
    {
      "type": "Feature",
      "geometry": {
        "type": "Point",
        "coordinates": [
          131.5398798,
          34.1019688
        ]
      },
      "properties": {
        "内容": "バス停: 洞道北口 (中国ジェイアールバス)",
        "name": "洞道北口",
        "operator": "中国ジェイアールバス",
        "ref": "",
        "url": "",
        "url2": ""
      }
    },
    {
      "type": "Feature",
      "geometry": {
        "type": "Point",
        "coordinates": [
          131.5398798,
          34.1022354
        ]
      },
      "properties": {
        "内容": "バス停: 洞道北口 (中国ジェイアールバス)",
        "name": "洞道北口",
        "operator": "中国ジェイアールバス",
        "ref": "",
        "url": "",
        "url2": ""
      }
    },
    {
      "type": "Feature",
      "geometry": {
        "type": "Point",
        "coordinates": [
          131.5475466,
          34.0866539
        ]
      },
      "properties": {
        "内容": "バス停: 上勝坂 (中国ジェイアールバス)",
        "name": "上勝坂",
        "operator": "中国ジェイアールバス",
        "ref": "",
        "url": "",
        "url2": ""
      }
    },
    {
      "type": "Feature",
      "geometry": {
        "type": "Point",
        "coordinates": [
          131.5477799,
          34.0866872
        ]
      },
      "properties": {
        "内容": "バス停: 上勝坂 (中国ジェイアールバス)",
        "name": "上勝坂",
        "operator": "中国ジェイアールバス",
        "ref": "",
        "url": "",
        "url2": ""
      }
    },
    {
      "type": "Feature",
      "geometry": {
        "type": "Point",
        "coordinates": [
          131.5499966,
          34.0815878
        ]
      },
      "properties": {
        "内容": "バス停: 勝坂 (中国ジェイアールバス)",
        "name": "勝坂",
        "operator": "中国ジェイアールバス",
        "ref": "",
        "url": "",
        "url2": ""
      }
    },
    {
      "type": "Feature",
      "geometry": {
        "type": "Point",
        "coordinates": [
          131.5508799,
          34.0805212
        ]
      },
      "properties": {
        "内容": "バス停: 勝坂 (中国ジェイアールバス)",
        "name": "勝坂",
        "operator": "中国ジェイアールバス",
        "ref": "",
        "url": "",
        "url2": ""
      }
    },
    {
      "type": "Feature",
      "geometry": {
        "type": "Point",
        "coordinates": [
          131.5545134,
          34.0710557
        ]
      },
      "properties": {
        "内容": "バス停: 右田 (中国ジェイアールバス)",
        "name": "右田",
        "operator": "中国ジェイアールバス",
        "ref": "",
        "url": "",
        "url2": ""
      }
    },
    {
      "type": "Feature",
      "geometry": {
        "type": "Point",
        "coordinates": [
          131.5549967,
          34.0703891
        ]
      },
      "properties": {
        "内容": "バス停: 右田 (中国ジェイアールバス)",
        "name": "右田",
        "operator": "中国ジェイアールバス",
        "ref": "",
        "url": "",
        "url2": ""
      }
    },
    {
      "type": "Feature",
      "geometry": {
        "type": "Point",
        "coordinates": [
          131.5582801,
          34.0628399
        ]
      },
      "properties": {
        "内容": "バス停: 新橋 (中国ジェイアールバス)",
        "name": "新橋",
        "operator": "中国ジェイアールバス",
        "ref": "",
        "url": "",
        "url2": ""
      }
    },
    {
      "type": "Feature",
      "geometry": {
        "type": "Point",
        "coordinates": [
          131.5590801,
          34.0622067
        ]
      },
      "properties": {
        "内容": "バス停: 新橋 (中国ジェイアールバス)",
        "name": "新橋",
        "operator": "中国ジェイアールバス",
        "ref": "",
        "url": "",
        "url2": ""
      }
    },
    {
      "type": "Feature",
      "geometry": {
        "type": "Point",
        "coordinates": [
          131.5609467,
          34.0598903
        ]
      },
      "properties": {
        "内容": "バス停: 千日町 (中国ジェイアールバス)",
        "name": "千日町",
        "operator": "中国ジェイアールバス",
        "ref": "",
        "url": "",
        "url2": ""
      }
    },
    {
      "type": "Feature",
      "geometry": {
        "type": "Point",
        "coordinates": [
          131.5610133,
          34.060057
        ]
      },
      "properties": {
        "内容": "バス停: 千日町 (中国ジェイアールバス)",
        "name": "千日町",
        "operator": "中国ジェイアールバス",
        "ref": "",
        "url": "",
        "url2": ""
      }
    },
    {
      "type": "Feature",
      "geometry": {
        "type": "Point",
        "coordinates": [
          131.5672296,
          34.0571074
        ]
      },
      "properties": {
        "内容": "バス停: 八王子 (中国ジェイアールバス)",
        "name": "八王子",
        "operator": "中国ジェイアールバス",
        "ref": "",
        "url": "",
        "url2": ""
      }
    },
    {
      "type": "Feature",
      "geometry": {
        "type": "Point",
        "coordinates": [
          131.5667463,
          34.057274
        ]
      },
      "properties": {
        "内容": "バス停: 八王子 (中国ジェイアールバス)",
        "name": "八王子",
        "operator": "中国ジェイアールバス",
        "ref": "",
        "url": "",
        "url2": ""
      }
    },
    {
      "type": "Feature",
      "geometry": {
        "type": "Point",
        "coordinates": [
          131.5685356,
          34.0535163
        ]
      },
      "properties": {
        "内容": "バス停: 防府駅 (中国ジェイアールバス)",
        "name": "防府駅",
        "operator": "中国ジェイアールバス",
        "ref": "",
        "url": "",
        "url2": ""
      }
    },
    {
      "type": "Feature",
      "geometry": {
        "type": "Point",
        "coordinates": [
          131.5687475,
          34.0535095
        ]
      },
      "properties": {
        "内容": "バス停: 防府駅 (中国ジェイアールバス)",
        "name": "防府駅",
        "operator": "中国ジェイアールバス",
        "ref": "",
        "url": "",
        "url2": ""
      }
    },
    {
      "type": "Feature",
      "geometry": {
        "type": "Point",
        "coordinates": [
          131.9716656,
          33.9308619
        ]
      },
      "properties": {
        "内容": "バス停: 室積 (中国ジェイアールバス)",
        "name": "室積",
        "operator": "中国ジェイアールバス",
        "ref": "",
        "url": "",
        "url2": ""
      }
    },
    {
      "type": "Feature",
      "geometry": {
        "type": "Point",
        "coordinates": [
          132.0145334,
          34.386131
        ]
      },
      "properties": {
        "内容": "バス停: 深谷PAバス停待合所",
        "name": "深谷PAバス停待合所",
        "operator": "事業者不明",
        "ref": "",
        "url": "",
        "url2": ""
      }
    },
    {
      "type": "Feature",
      "geometry": {
        "type": "Point",
        "coordinates": [
          131.2600216,
          33.9780881
        ]
      },
      "properties": {
        "内容": "バス停: 名称不明バス停",
        "name": "名称不明バス停",
        "operator": "事業者不明",
        "ref": "",
        "url": "",
        "url2": ""
      }
    },
    {
      "type": "Feature",
      "geometry": {
        "type": "Point",
        "coordinates": [
          131.2597882,
          33.9779859
        ]
      },
      "properties": {
        "内容": "バス停: 名称不明バス停",
        "name": "名称不明バス停",
        "operator": "事業者不明",
        "ref": "",
        "url": "",
        "url2": ""
      }
    },
    {
      "type": "Feature",
      "geometry": {
        "type": "Point",
        "coordinates": [
          131.2619969,
          33.9847449
        ]
      },
      "properties": {
        "内容": "バス停: 名称不明バス停",
        "name": "名称不明バス停",
        "operator": "事業者不明",
        "ref": "",
        "url": "",
        "url2": ""
      }
    },
    {
      "type": "Feature",
      "geometry": {
        "type": "Point",
        "coordinates": [
          131.2618251,
          33.9847213
        ]
      },
      "properties": {
        "内容": "バス停: 名称不明バス停",
        "name": "名称不明バス停",
        "operator": "事業者不明",
        "ref": "",
        "url": "",
        "url2": ""
      }
    },
    {
      "type": "Feature",
      "geometry": {
        "type": "Point",
        "coordinates": [
          131.2630915,
          33.9827796
        ]
      },
      "properties": {
        "内容": "バス停: 名称不明バス停",
        "name": "名称不明バス停",
        "operator": "事業者不明",
        "ref": "",
        "url": "",
        "url2": ""
      }
    },
    {
      "type": "Feature",
      "geometry": {
        "type": "Point",
        "coordinates": [
          131.2536568,
          33.9708542
        ]
      },
      "properties": {
        "内容": "バス停: 名称不明バス停",
        "name": "名称不明バス停",
        "operator": "事業者不明",
        "ref": "",
        "url": "",
        "url2": ""
      }
    },
    {
      "type": "Feature",
      "geometry": {
        "type": "Point",
        "coordinates": [
          131.2535718,
          33.9709797
        ]
      },
      "properties": {
        "内容": "バス停: 名称不明バス停",
        "name": "名称不明バス停",
        "operator": "事業者不明",
        "ref": "",
        "url": "",
        "url2": ""
      }
    },
    {
      "type": "Feature",
      "geometry": {
        "type": "Point",
        "coordinates": [
          131.2687677,
          33.9712536
        ]
      },
      "properties": {
        "内容": "バス停: 名称不明バス停",
        "name": "名称不明バス停",
        "operator": "事業者不明",
        "ref": "",
        "url": "",
        "url2": ""
      }
    },
    {
      "type": "Feature",
      "geometry": {
        "type": "Point",
        "coordinates": [
          131.2685736,
          33.970301
        ]
      },
      "properties": {
        "内容": "バス停: 名称不明バス停",
        "name": "名称不明バス停",
        "operator": "事業者不明",
        "ref": "",
        "url": "",
        "url2": ""
      }
    },
    {
      "type": "Feature",
      "geometry": {
        "type": "Point",
        "coordinates": [
          131.9431861,
          33.9619741
        ]
      },
      "properties": {
        "内容": "バス停: 光市役所前 (中国ジェイアールバス)",
        "name": "光市役所前",
        "operator": "中国ジェイアールバス",
        "ref": "",
        "url": "",
        "url2": ""
      }
    },
    {
      "type": "Feature",
      "geometry": {
        "type": "Point",
        "coordinates": [
          131.5139105,
          34.2065571
        ]
      },
      "properties": {
        "内容": "バス停: 下田 (中国ジェイアールバス)",
        "name": "下田",
        "operator": "中国ジェイアールバス",
        "ref": "",
        "url": "",
        "url2": ""
      }
    },
    {
      "type": "Feature",
      "geometry": {
        "type": "Point",
        "coordinates": [
          131.5137939,
          34.2063238
        ]
      },
      "properties": {
        "内容": "バス停: 下田 (中国ジェイアールバス)",
        "name": "下田",
        "operator": "中国ジェイアールバス",
        "ref": "",
        "url": "",
        "url2": ""
      }
    },
    {
      "type": "Feature",
      "geometry": {
        "type": "Point",
        "coordinates": [
          131.306576,
          34.223097
        ]
      },
      "properties": {
        "内容": "バス停: 秋芳洞 (中国ジェイアールバス)",
        "name": "秋芳洞",
        "operator": "中国ジェイアールバス",
        "ref": "",
        "url": "",
        "url2": ""
      }
    },
    {
      "type": "Feature",
      "geometry": {
        "type": "Point",
        "coordinates": [
          131.9492356,
          33.9629741
        ]
      },
      "properties": {
        "内容": "バス停: 光高校下 (中国ジェイアールバス)",
        "name": "光高校下",
        "operator": "中国ジェイアールバス",
        "ref": "",
        "url": "",
        "url2": ""
      }
    },
    {
      "type": "Feature",
      "geometry": {
        "type": "Point",
        "coordinates": [
          131.9491523,
          33.9626242
        ]
      },
      "properties": {
        "内容": "バス停: 光高校下 (中国ジェイアールバス)",
        "name": "光高校下",
        "operator": "中国ジェイアールバス",
        "ref": "",
        "url": "",
        "url2": ""
      }
    },
    {
      "type": "Feature",
      "geometry": {
        "type": "Point",
        "coordinates": [
          131.5227364,
          34.2508873
        ]
      },
      "properties": {
        "内容": "バス停: 宮野大峠 (中国ジェイアールバス)",
        "name": "宮野大峠",
        "operator": "中国ジェイアールバス",
        "ref": "",
        "url": "",
        "url2": ""
      }
    },
    {
      "type": "Feature",
      "geometry": {
        "type": "Point",
        "coordinates": [
          130.9924837,
          34.0023006
        ]
      },
      "properties": {
        "内容": "バス停: 金屋浜 (サンデン交通)",
        "name": "金屋浜",
        "operator": "サンデン交通",
        "ref": "",
        "url": "",
        "url2": ""
      }
    },
    {
      "type": "Feature",
      "geometry": {
        "type": "Point",
        "coordinates": [
          130.9917182,
          33.9891254
        ]
      },
      "properties": {
        "内容": "バス停: 市立美術館・関門医療センター前 (サンデン交通)",
        "name": "市立美術館・関門医療センター前",
        "operator": "サンデン交通",
        "ref": "",
        "url": "",
        "url2": ""
      }
    },
    {
      "type": "Feature",
      "geometry": {
        "type": "Point",
        "coordinates": [
          130.9913515,
          33.9899595
        ]
      },
      "properties": {
        "内容": "バス停: 市立美術館・関門医療センター前 (サンデン交通)",
        "name": "市立美術館・関門医療センター前",
        "operator": "サンデン交通",
        "ref": "",
        "url": "",
        "url2": ""
      }
    },
    {
      "type": "Feature",
      "geometry": {
        "type": "Point",
        "coordinates": [
          130.9912243,
          33.9868408
        ]
      },
      "properties": {
        "内容": "バス停: マリンランド (サンデン交通)",
        "name": "マリンランド",
        "operator": "サンデン交通",
        "ref": "",
        "url": "",
        "url2": ""
      }
    },
    {
      "type": "Feature",
      "geometry": {
        "type": "Point",
        "coordinates": [
          130.9880901,
          33.9858018
        ]
      },
      "properties": {
        "内容": "バス停: マリンランド (サンデン交通)",
        "name": "マリンランド",
        "operator": "サンデン交通",
        "ref": "",
        "url": "",
        "url2": ""
      }
    },
    {
      "type": "Feature",
      "geometry": {
        "type": "Point",
        "coordinates": [
          130.9939196,
          34.0063892
        ]
      },
      "properties": {
        "内容": "バス停: 前八幡 (サンデン交通)",
        "name": "前八幡",
        "operator": "サンデン交通",
        "ref": "",
        "url": "",
        "url2": ""
      }
    },
    {
      "type": "Feature",
      "geometry": {
        "type": "Point",
        "coordinates": [
          130.9923482,
          34.002424
        ]
      },
      "properties": {
        "内容": "バス停: 金屋浜 (サンデン交通)",
        "name": "金屋浜",
        "operator": "サンデン交通",
        "ref": "",
        "url": "",
        "url2": ""
      }
    },
    {
      "type": "Feature",
      "geometry": {
        "type": "Point",
        "coordinates": [
          130.9939263,
          34.0058289
        ]
      },
      "properties": {
        "内容": "バス停: 前八幡 (サンデン交通)",
        "name": "前八幡",
        "operator": "サンデン交通",
        "ref": "",
        "url": "",
        "url2": ""
      }
    },
    {
      "type": "Feature",
      "geometry": {
        "type": "Point",
        "coordinates": [
          130.9811175,
          33.9813462
        ]
      },
      "properties": {
        "内容": "バス停: 浜浦台 (サンデン交通)",
        "name": "浜浦台",
        "operator": "サンデン交通",
        "ref": "",
        "url": "",
        "url2": ""
      }
    },
    {
      "type": "Feature",
      "geometry": {
        "type": "Point",
        "coordinates": [
          130.9757706,
          33.9763839
        ]
      },
      "properties": {
        "内容": "バス停: 山陽自動車学校前 (サンデン交通)",
        "name": "山陽自動車学校前",
        "operator": "サンデン交通",
        "ref": "",
        "url": "",
        "url2": ""
      }
    },
    {
      "type": "Feature",
      "geometry": {
        "type": "Point",
        "coordinates": [
          130.9817991,
          33.9822865
        ]
      },
      "properties": {
        "内容": "バス停: 浜浦台 (サンデン交通)",
        "name": "浜浦台",
        "operator": "サンデン交通",
        "ref": "",
        "url": "",
        "url2": ""
      }
    },
    {
      "type": "Feature",
      "geometry": {
        "type": "Point",
        "coordinates": [
          130.9688693,
          33.9727007
        ]
      },
      "properties": {
        "内容": "バス停: 前田 (サンデン交通)",
        "name": "前田",
        "operator": "サンデン交通",
        "ref": "",
        "url": "",
        "url2": ""
      }
    },
    {
      "type": "Feature",
      "geometry": {
        "type": "Point",
        "coordinates": [
          130.9761155,
          33.9763273
        ]
      },
      "properties": {
        "内容": "バス停: 山陽自動車学校前 (サンデン交通)",
        "name": "山陽自動車学校前",
        "operator": "サンデン交通",
        "ref": "",
        "url": "",
        "url2": ""
      }
    },
    {
      "type": "Feature",
      "geometry": {
        "type": "Point",
        "coordinates": [
          130.984843,
          33.9835412
        ]
      },
      "properties": {
        "内容": "バス停: 黒門 (サンデン交通)",
        "name": "黒門",
        "operator": "サンデン交通",
        "ref": "",
        "url": "",
        "url2": ""
      }
    },
    {
      "type": "Feature",
      "geometry": {
        "type": "Point",
        "coordinates": [
          130.9676661,
          33.9722314
        ]
      },
      "properties": {
        "内容": "バス停: 前田 (サンデン交通)",
        "name": "前田",
        "operator": "サンデン交通",
        "ref": "",
        "url": "",
        "url2": ""
      }
    },
    {
      "type": "Feature",
      "geometry": {
        "type": "Point",
        "coordinates": [
          130.9849371,
          33.9834082
        ]
      },
      "properties": {
        "内容": "バス停: 黒門 (サンデン交通)",
        "name": "黒門",
        "operator": "サンデン交通",
        "ref": "",
        "url": "",
        "url2": ""
      }
    },
    {
      "type": "Feature",
      "geometry": {
        "type": "Point",
        "coordinates": [
          131.1599194,
          34.0546116
        ]
      },
      "properties": {
        "内容": "バス停: 名称不明バス停",
        "name": "名称不明バス停",
        "operator": "事業者不明",
        "ref": "",
        "url": "",
        "url2": ""
      }
    },
    {
      "type": "Feature",
      "geometry": {
        "type": "Point",
        "coordinates": [
          132.3409915,
          33.9033139
        ]
      },
      "properties": {
        "内容": "バス停: 名称不明バス停",
        "name": "名称不明バス停",
        "operator": "事業者不明",
        "ref": "",
        "url": "",
        "url2": ""
      }
    },
    {
      "type": "Feature",
      "geometry": {
        "type": "Point",
        "coordinates": [
          132.1910568,
          34.1655894
        ]
      },
      "properties": {
        "内容": "バス停: 名称不明バス停",
        "name": "名称不明バス停",
        "operator": "事業者不明",
        "ref": "",
        "url": "",
        "url2": ""
      }
    },
    {
      "type": "Feature",
      "geometry": {
        "type": "Point",
        "coordinates": [
          132.1961778,
          34.1643718
        ]
      },
      "properties": {
        "内容": "バス停: 名称不明バス停",
        "name": "名称不明バス停",
        "operator": "事業者不明",
        "ref": "",
        "url": "",
        "url2": ""
      }
    },
    {
      "type": "Feature",
      "geometry": {
        "type": "Point",
        "coordinates": [
          132.1835122,
          34.164744
        ]
      },
      "properties": {
        "内容": "バス停: 名称不明バス停",
        "name": "名称不明バス停",
        "operator": "事業者不明",
        "ref": "",
        "url": "",
        "url2": ""
      }
    },
    {
      "type": "Feature",
      "geometry": {
        "type": "Point",
        "coordinates": [
          132.2171823,
          34.1718682
        ]
      },
      "properties": {
        "内容": "バス停: 名称不明バス停",
        "name": "名称不明バス停",
        "operator": "事業者不明",
        "ref": "",
        "url": "",
        "url2": ""
      }
    },
    {
      "type": "Feature",
      "geometry": {
        "type": "Point",
        "coordinates": [
          132.1816764,
          34.1660238
        ]
      },
      "properties": {
        "内容": "バス停: 名称不明バス停",
        "name": "名称不明バス停",
        "operator": "事業者不明",
        "ref": "",
        "url": "",
        "url2": ""
      }
    },
    {
      "type": "Feature",
      "geometry": {
        "type": "Point",
        "coordinates": [
          132.1822885,
          34.1657894
        ]
      },
      "properties": {
        "内容": "バス停: 名称不明バス停",
        "name": "名称不明バス停",
        "operator": "事業者不明",
        "ref": "",
        "url": "",
        "url2": ""
      }
    },
    {
      "type": "Feature",
      "geometry": {
        "type": "Point",
        "coordinates": [
          132.1911315,
          34.1657356
        ]
      },
      "properties": {
        "内容": "バス停: Iwakuni summary court",
        "name": "Iwakuni summary court",
        "operator": "事業者不明",
        "ref": "",
        "url": "",
        "url2": ""
      }
    },
    {
      "type": "Feature",
      "geometry": {
        "type": "Point",
        "coordinates": [
          132.2095226,
          34.1709603
        ]
      },
      "properties": {
        "内容": "バス停: 名称不明バス停",
        "name": "名称不明バス停",
        "operator": "事業者不明",
        "ref": "",
        "url": "",
        "url2": ""
      }
    },
    {
      "type": "Feature",
      "geometry": {
        "type": "Point",
        "coordinates": [
          132.2155682,
          34.1714036
        ]
      },
      "properties": {
        "内容": "バス停: 名称不明バス停",
        "name": "名称不明バス停",
        "operator": "事業者不明",
        "ref": "",
        "url": "",
        "url2": ""
      }
    },
    {
      "type": "Feature",
      "geometry": {
        "type": "Point",
        "coordinates": [
          132.2214024,
          34.1723861
        ]
      },
      "properties": {
        "内容": "バス停: 名称不明バス停",
        "name": "名称不明バス停",
        "operator": "事業者不明",
        "ref": "",
        "url": "",
        "url2": ""
      }
    },
    {
      "type": "Feature",
      "geometry": {
        "type": "Point",
        "coordinates": [
          131.2473569,
          34.4257527
        ]
      },
      "properties": {
        "内容": "バス停: 田の浦 (サンデン交通)",
        "name": "田の浦",
        "operator": "サンデン交通",
        "ref": "",
        "url": "",
        "url2": ""
      }
    },
    {
      "type": "Feature",
      "geometry": {
        "type": "Point",
        "coordinates": [
          132.0641492,
          34.175938
        ]
      },
      "properties": {
        "内容": "バス停: 北河内駅 (岩国市営バス)",
        "name": "北河内駅",
        "operator": "岩国市営バス",
        "ref": "",
        "url": "",
        "url2": ""
      }
    },
    {
      "type": "Feature",
      "geometry": {
        "type": "Point",
        "coordinates": [
          132.2787841,
          33.8997322
        ]
      },
      "properties": {
        "内容": "バス停: 橘郵便局前",
        "name": "橘郵便局前",
        "operator": "事業者不明",
        "ref": "",
        "url": "",
        "url2": ""
      }
    },
    {
      "type": "Feature",
      "geometry": {
        "type": "Point",
        "coordinates": [
          132.2725457,
          33.8952899
        ]
      },
      "properties": {
        "内容": "バス停: 安西",
        "name": "安西",
        "operator": "事業者不明",
        "ref": "",
        "url": "",
        "url2": ""
      }
    },
    {
      "type": "Feature",
      "geometry": {
        "type": "Point",
        "coordinates": [
          132.2751405,
          33.8971551
        ]
      },
      "properties": {
        "内容": "バス停: 安下庄中学校前",
        "name": "安下庄中学校前",
        "operator": "事業者不明",
        "ref": "",
        "url": "",
        "url2": ""
      }
    },
    {
      "type": "Feature",
      "geometry": {
        "type": "Point",
        "coordinates": [
          132.2794926,
          33.8989913
        ]
      },
      "properties": {
        "内容": "バス停: 周防大島町橘庁舎前",
        "name": "周防大島町橘庁舎前",
        "operator": "事業者不明",
        "ref": "",
        "url": "",
        "url2": ""
      }
    }
  ]
}