{
"type": "FeatureCollection",
"name": "geo_35_居宅介護支援",
"crs": { "type": "name", "properties": { "name": "urn:ogc:def:crs:OGC:1.3:CRS84" } },
"features": [
{ "type": "Feature", "properties": { "内容": "ティーワス居宅介護支援センター【居宅介護支援】山口県下関市長府才川2-4-27", "url": "https://www.kaigokensaku.mhlw.go.jp/35/index.php?action_kouhyou_detail_004_kani=true&JigyosyoCd=3570104160-00&ServiceCd=430&Type=search", "url2": null }, "geometry": { "type": "Point", "coordinates": [ 131.004682799999955, 34.023994 ] } },
{ "type": "Feature", "properties": { "内容": "うついケアプランセンター【居宅介護支援】山口県下関市内日下1027-3", "url": "https://www.kaigokensaku.mhlw.go.jp/35/index.php?action_kouhyou_detail_004_kani=true&JigyosyoCd=3570106751-00&ServiceCd=430&Type=search", "url2": null }, "geometry": { "type": "Point", "coordinates": [ 130.9702571, 34.0999448 ] } },
{ "type": "Feature", "properties": { "内容": "ケアプランセンターてんてん【居宅介護支援】山口県下関市形山町4-17", "url": "https://www.kaigokensaku.mhlw.go.jp/35/index.php?action_kouhyou_detail_004_kani=true&JigyosyoCd=3570106702-00&ServiceCd=430&Type=search", "url2": null }, "geometry": { "type": "Point", "coordinates": [ 130.9592131, 34.014061 ] } },
{ "type": "Feature", "properties": { "内容": "株式会社　河村福祉サービス　下関支店【居宅介護支援】山口県下関市上新地町三丁目5番1号", "url": "https://www.kaigokensaku.mhlw.go.jp/35/index.php?action_kouhyou_detail_004_kani=true&JigyosyoCd=3570100648-00&ServiceCd=430&Type=search", "url2": "http://kawamura-fs.com/" }, "geometry": { "type": "Point", "coordinates": [ 130.920230400000037, 33.9587693 ] } },
{ "type": "Feature", "properties": { "内容": "愛グループ　シャングリラ【居宅介護支援】山口県下関市みもすそ川町23-1", "url": "https://www.kaigokensaku.mhlw.go.jp/35/index.php?action_kouhyou_detail_004_kani=true&JigyosyoCd=3570100879-00&ServiceCd=430&Type=search", "url2": "http://www.aigroup.co.jp" }, "geometry": { "type": "Point", "coordinates": [ 130.954868900000065, 33.9672936 ] } },
{ "type": "Feature", "properties": { "内容": "有歩道居宅介護支援事業所【居宅介護支援】下関市三河町15-10", "url": "https://www.kaigokensaku.mhlw.go.jp/35/index.php?action_kouhyou_detail_004_kani=true&JigyosyoCd=3570103261-00&ServiceCd=430&Type=search", "url2": "ｈttp://www.you-hodo.co.jp" }, "geometry": { "type": "Point", "coordinates": [ 130.942730032460986, 33.98617829080348 ] } },
{ "type": "Feature", "properties": { "内容": "あじさい居宅介護支援事業所【居宅介護支援】山口県下関市豊浦町豊大字黒井１５３６－１", "url": "https://www.kaigokensaku.mhlw.go.jp/35/index.php?action_kouhyou_detail_004_kani=true&JigyosyoCd=3570103378-00&ServiceCd=430&Type=search", "url2": "http://takurousho-ajisai.com/" }, "geometry": { "type": "Point", "coordinates": [ 130.912115590629583, 34.122230395925165 ] } },
{ "type": "Feature", "properties": { "内容": "居宅介護支援事業所　花水木【居宅介護支援】下関市大字吉母218番地", "url": "https://www.kaigokensaku.mhlw.go.jp/35/index.php?action_kouhyou_detail_004_kani=true&JigyosyoCd=3570104392-00&ServiceCd=430&Type=search", "url2": null }, "geometry": { "type": "Point", "coordinates": [ 130.882009599999947, 34.0913558 ] } },
{ "type": "Feature", "properties": { "内容": "りあんケアセンター【居宅介護支援】山口県下関市豊浦町大字川棚1469-17", "url": "https://www.kaigokensaku.mhlw.go.jp/35/index.php?action_kouhyou_detail_004_kani=true&JigyosyoCd=3570105118-00&ServiceCd=430&Type=search", "url2": "http://hp.kaipoke.biz/23h/" }, "geometry": { "type": "Point", "coordinates": [ 130.928850624606298, 34.159430382314753 ] } },
{ "type": "Feature", "properties": { "内容": "下関市豊浦地域ケアセンター　居宅介護支援事業所【居宅介護支援】山口県下関市豊浦町大字小串１０００７番地３", "url": "https://www.kaigokensaku.mhlw.go.jp/35/index.php?action_kouhyou_detail_004_kani=true&JigyosyoCd=3577800281-00&ServiceCd=430&Type=search", "url2": null }, "geometry": { "type": "Point", "coordinates": [ 130.926323799999977, 34.1696057 ] } },
{ "type": "Feature", "properties": { "内容": "はらだケアプランセンター【居宅介護支援】員光町4-8-35", "url": "https://www.kaigokensaku.mhlw.go.jp/35/index.php?action_kouhyou_detail_004_kani=true&JigyosyoCd=3570106801-00&ServiceCd=430&Type=search", "url2": null }, "geometry": { "type": "Point", "coordinates": [ 130.9998168, 34.0513652 ] } },
{ "type": "Feature", "properties": { "内容": "山田ケアプランセンター【居宅介護支援】山口県下関市川中本町３番7号", "url": "https://www.kaigokensaku.mhlw.go.jp/35/index.php?action_kouhyou_detail_004_kani=true&JigyosyoCd=3570106819-00&ServiceCd=430&Type=search", "url2": null }, "geometry": { "type": "Point", "coordinates": [ 130.9318431, 34.0018189 ] } },
{ "type": "Feature", "properties": { "内容": "有限会社ゆずりは【居宅介護支援】山口県下関市丸山町三丁目12番22号", "url": "https://www.kaigokensaku.mhlw.go.jp/35/index.php?action_kouhyou_detail_004_kani=true&JigyosyoCd=3570105324-00&ServiceCd=430&Type=search", "url2": null }, "geometry": { "type": "Point", "coordinates": [ 130.93117929999994, 33.9572446 ] } },
{ "type": "Feature", "properties": { "内容": "ケアプラン　たいよう【居宅介護支援】山口県下関市川中豊町1丁目3-17ｼｬﾄﾚｰﾇ豊202", "url": "https://www.kaigokensaku.mhlw.go.jp/35/index.php?action_kouhyou_detail_004_kani=true&JigyosyoCd=3570106421-00&ServiceCd=430&Type=search", "url2": "aozora-2020@outlook.jp" }, "geometry": { "type": "Point", "coordinates": [ 130.9382487, 33.9984094 ] } },
{ "type": "Feature", "properties": { "内容": "あん居宅介護支援事業所【居宅介護支援】山口県下関市長府安養寺１丁目9-5", "url": "https://www.kaigokensaku.mhlw.go.jp/35/index.php?action_kouhyou_detail_004_kani=true&JigyosyoCd=3570102693-00&ServiceCd=430&Type=search", "url2": null }, "geometry": { "type": "Point", "coordinates": [ 130.9827487, 34.0078927 ] } },
{ "type": "Feature", "properties": { "内容": "富士　介護なんでも相談室【居宅介護支援】下関市王司神田６丁目３－４２", "url": "https://www.kaigokensaku.mhlw.go.jp/35/index.php?action_kouhyou_detail_004_kani=true&JigyosyoCd=3570104673-00&ServiceCd=430&Type=search", "url2": null }, "geometry": { "type": "Point", "coordinates": [ 131.01673310000001, 34.0485824 ] } },
{ "type": "Feature", "properties": { "内容": "ケアプランなな【居宅介護支援】山口県下関市綾羅木新町2丁目20番36号A-102", "url": "https://www.kaigokensaku.mhlw.go.jp/35/index.php?action_kouhyou_detail_004_kani=true&JigyosyoCd=3570106694-00&ServiceCd=430&Type=search", "url2": null }, "geometry": { "type": "Point", "coordinates": [ 130.9176583, 34.013126 ] } },
{ "type": "Feature", "properties": { "内容": "はまゆう苑あやらぎ【居宅介護支援】下関市綾羅木新町３丁目１１番４０号", "url": "https://www.kaigokensaku.mhlw.go.jp/35/index.php?action_kouhyou_detail_004_kani=true&JigyosyoCd=3570100036-00&ServiceCd=430&Type=search", "url2": "http://www.syoutoukai.or.jp" }, "geometry": { "type": "Point", "coordinates": [ 130.923039900000049, 34.0112477 ] } },
{ "type": "Feature", "properties": { "内容": "介護支援センターあやらぎ【居宅介護支援】下関市綾羅木本町４丁目８番２８号", "url": "https://www.kaigokensaku.mhlw.go.jp/35/index.php?action_kouhyou_detail_004_kani=true&JigyosyoCd=3570104764-00&ServiceCd=430&Type=search", "url2": "ayaragi-kaigo@akimoto-yakkyoku.jp" }, "geometry": { "type": "Point", "coordinates": [ 130.923742764642157, 34.004291370355254 ] } },
{ "type": "Feature", "properties": { "内容": "IMLケアプラン【居宅介護支援】山口県下関市一の宮本町１丁目7番17号", "url": "https://www.kaigokensaku.mhlw.go.jp/35/index.php?action_kouhyou_detail_004_kani=true&JigyosyoCd=3570105142-00&ServiceCd=430&Type=search", "url2": "https://www.inmylife24.com" }, "geometry": { "type": "Point", "coordinates": [ 130.951316260890962, 34.002212717659127 ] } },
{ "type": "Feature", "properties": { "内容": "員光園居宅介護支援事業所【居宅介護支援】山口県下関市大字員光1544番地", "url": "https://www.kaigokensaku.mhlw.go.jp/35/index.php?action_kouhyou_detail_004_kani=true&JigyosyoCd=3570100200-00&ServiceCd=430&Type=search", "url2": "http://care-net.biz/35/yamabatokai/index.php" }, "geometry": { "type": "Point", "coordinates": [ 130.983982741722144, 34.051125754049991 ] } },
{ "type": "Feature", "properties": { "内容": "社会医療法人松涛会　　安岡居宅介護支援事業所【居宅介護支援】山口県下関市横野町三丁目1番2号", "url": "https://www.kaigokensaku.mhlw.go.jp/35/index.php?action_kouhyou_detail_004_kani=true&JigyosyoCd=3570102990-00&ServiceCd=430&Type=search", "url2": "http://www.syoutoukai.or.jp/" }, "geometry": { "type": "Point", "coordinates": [ 130.913023928427691, 34.034783473345186 ] } },
{ "type": "Feature", "properties": { "内容": "王喜の郷居宅介護支援センター【居宅介護支援】下関市王喜本町六丁目1番12号", "url": "https://www.kaigokensaku.mhlw.go.jp/35/index.php?action_kouhyou_detail_004_kani=true&JigyosyoCd=3570101703-00&ServiceCd=430&Type=search", "url2": "http://www.ryokujukai.jp/" }, "geometry": { "type": "Point", "coordinates": [ 131.052084, 34.0636432 ] } },
{ "type": "Feature", "properties": { "内容": "ぷらんセンターらしさ【居宅介護支援】王司神田1-8-14", "url": "https://www.kaigokensaku.mhlw.go.jp/35/index.php?action_kouhyou_detail_004_kani=true&JigyosyoCd=3570105910-00&ServiceCd=430&Type=search", "url2": "https://rehapis.com/" }, "geometry": { "type": "Point", "coordinates": [ 131.01547509272919, 34.045578611318319 ] } },
{ "type": "Feature", "properties": { "内容": "下関市社協居宅介護支援事業所【居宅介護支援】下関市貴船町三丁目１番２５号", "url": "https://www.kaigokensaku.mhlw.go.jp/35/index.php?action_kouhyou_detail_004_kani=true&JigyosyoCd=3570102008-00&ServiceCd=430&Type=search", "url2": "http://www.shimoshakyo.or.jp/" }, "geometry": { "type": "Point", "coordinates": [ 130.941009454214509, 33.967684533582272 ] } },
{ "type": "Feature", "properties": { "内容": "済生会貴船福祉ケアセンター貴船園居宅介護支援事業所【居宅介護支援】下関市貴船町3丁目4-1", "url": "https://www.kaigokensaku.mhlw.go.jp/35/index.php?action_kouhyou_detail_004_kani=true&JigyosyoCd=3570102602-00&ServiceCd=430&Type=search", "url2": "http://www.kifuneen.saiseikai.or.jp/" }, "geometry": { "type": "Point", "coordinates": [ 130.942592200000036, 33.9692601 ] } },
{ "type": "Feature", "properties": { "内容": "居宅介護支援事業所　にじの丘【居宅介護支援】下関市菊川町大字田部２２３－１", "url": "https://www.kaigokensaku.mhlw.go.jp/35/index.php?action_kouhyou_detail_004_kani=true&JigyosyoCd=3570103964-00&ServiceCd=430&Type=search", "url2": "http://kikusuikai.jp/" }, "geometry": { "type": "Point", "coordinates": [ 131.0398778, 34.1152957 ] } },
{ "type": "Feature", "properties": { "内容": "医療法人元洋会森山病院【居宅介護支援】山口県下関市宮田町2丁目8番20号", "url": "https://www.kaigokensaku.mhlw.go.jp/35/index.php?action_kouhyou_detail_004_kani=true&JigyosyoCd=3510113271-00&ServiceCd=430&Type=search", "url2": "http://www.moriyama-hp.ecnet.jp" }, "geometry": { "type": "Point", "coordinates": [ 130.946355700000026, 33.9634135 ] } },
{ "type": "Feature", "properties": { "内容": "セルネグケアマネジメント【居宅介護支援】山口県下関市宮田町2-9-2-1F", "url": "https://www.kaigokensaku.mhlw.go.jp/35/index.php?action_kouhyou_detail_004_kani=true&JigyosyoCd=3570106660-00&ServiceCd=430&Type=search", "url2": null }, "geometry": { "type": "Point", "coordinates": [ 130.946865010559094, 33.963748057198643 ] } },
{ "type": "Feature", "properties": { "内容": "ケアプランセンターこころ【居宅介護支援】山口県下関市熊野西町4番13号サンヒルズB", "url": "https://www.kaigokensaku.mhlw.go.jp/35/index.php?action_kouhyou_detail_004_kani=true&JigyosyoCd=3570106165-00&ServiceCd=430&Type=search", "url2": null }, "geometry": { "type": "Point", "coordinates": [ 130.943013599999972, 33.9942356 ] } },
{ "type": "Feature", "properties": { "内容": "つくしん坊居宅介護支援事業所【居宅介護支援】下関市古屋町１丁目６番２０号", "url": "https://www.kaigokensaku.mhlw.go.jp/35/index.php?action_kouhyou_detail_004_kani=true&JigyosyoCd=3570103535-00&ServiceCd=430&Type=search", "url2": null }, "geometry": { "type": "Point", "coordinates": [ 130.9227181, 33.998613 ] } },
{ "type": "Feature", "properties": { "内容": "脳神経筋センターよしみず病院【居宅介護支援】下関市後田町1-1-1", "url": "https://www.kaigokensaku.mhlw.go.jp/35/index.php?action_kouhyou_detail_004_kani=true&JigyosyoCd=3510114493-00&ServiceCd=430&Type=search", "url2": "http://www.akn-yoshimizu.com" }, "geometry": { "type": "Point", "coordinates": [ 130.9341169, 33.9687057 ] } },
{ "type": "Feature", "properties": { "内容": "ニチイケアセンター下関【居宅介護支援】山口県下関市細江町2丁目2-1原弘産ビル３F", "url": "https://www.kaigokensaku.mhlw.go.jp/35/index.php?action_kouhyou_detail_004_kani=true&JigyosyoCd=3570100382-00&ServiceCd=430&Type=search", "url2": "http://www.nichiigakkan.co.jp" }, "geometry": { "type": "Point", "coordinates": [ 130.931744500000036, 33.951802 ] } },
{ "type": "Feature", "properties": { "内容": "あみいケアサポート【居宅介護支援】山口県下関市秋根東町6-14甲斐ビル2Ｆ", "url": "https://www.kaigokensaku.mhlw.go.jp/35/index.php?action_kouhyou_detail_004_kani=true&JigyosyoCd=3570102768-00&ServiceCd=430&Type=search", "url2": null }, "geometry": { "type": "Point", "coordinates": [ 130.9543889, 34.009671200000014 ] } },
{ "type": "Feature", "properties": { "内容": "居宅介護支援　ハビリス【居宅介護支援】下関市勝谷新町1-3-7船津ビル　203号", "url": "https://www.kaigokensaku.mhlw.go.jp/35/index.php?action_kouhyou_detail_004_kani=true&JigyosyoCd=3570106108-00&ServiceCd=430&Type=search", "url2": "https://www.habilis2025.com" }, "geometry": { "type": "Point", "coordinates": [ 130.972372169311484, 34.00354957716776 ] } },
{ "type": "Feature", "properties": { "内容": "結　介護支援センター【居宅介護支援】勝谷新町三丁目14番25号", "url": "https://www.kaigokensaku.mhlw.go.jp/35/index.php?action_kouhyou_detail_004_kani=true&JigyosyoCd=3570106488-00&ServiceCd=430&Type=search", "url2": "htt://hp.kaipoke.biz/dxf/" }, "geometry": { "type": "Point", "coordinates": [ 130.97017360000001, 34.0051765 ] } },
{ "type": "Feature", "properties": { "内容": "花咲く居宅介護支援センター【居宅介護支援】山口県下関市小月公園町4-14", "url": "https://www.kaigokensaku.mhlw.go.jp/35/index.php?action_kouhyou_detail_004_kani=true&JigyosyoCd=3570106181-00&ServiceCd=430&Type=search", "url2": null }, "geometry": { "type": "Point", "coordinates": [ 131.032362899999953, 34.071273 ] } },
{ "type": "Feature", "properties": { "内容": "ケアプランセンターといろ【居宅介護支援】下関市小月西の台2-7グリーンドリーミングハイツ101号", "url": "https://www.kaigokensaku.mhlw.go.jp/35/index.php?action_kouhyou_detail_004_kani=true&JigyosyoCd=3570106207-00&ServiceCd=430&Type=search", "url2": null }, "geometry": { "type": "Point", "coordinates": [ 131.04264569999998, 34.0693455 ] } },
{ "type": "Feature", "properties": { "内容": "王喜苑居宅介護支援センター【居宅介護支援】下関市松屋本町2丁目3-38750-1124", "url": "https://www.kaigokensaku.mhlw.go.jp/35/index.php?action_kouhyou_detail_004_kani=true&JigyosyoCd=3570100143-00&ServiceCd=430&Type=search", "url2": "http://www.kihoukai.or.jp/company.html" }, "geometry": { "type": "Point", "coordinates": [ 131.056594799999971, 34.0505278 ] } },
{ "type": "Feature", "properties": { "内容": "医療法人茜会桜山ケアプランセンター【居宅介護支援】下関市上新地町2-6-26", "url": "https://www.kaigokensaku.mhlw.go.jp/35/index.php?action_kouhyou_detail_004_kani=true&JigyosyoCd=3570100150-00&ServiceCd=430&Type=search", "url2": "http://www.akanekai-showa.com/" }, "geometry": { "type": "Point", "coordinates": [ 130.921215975146424, 33.960930434952694 ] } },
{ "type": "Feature", "properties": { "内容": "プランセンター　明日葉【居宅介護支援】山口県下関市新垢田東町２丁目3-4", "url": "https://www.kaigokensaku.mhlw.go.jp/35/index.php?action_kouhyou_detail_004_kani=true&JigyosyoCd=3570106611-00&ServiceCd=430&Type=search", "url2": null }, "geometry": { "type": "Point", "coordinates": [ 130.9152387, 33.9901605 ] } },
{ "type": "Feature", "properties": { "内容": "ツクイ下関生野【居宅介護支援】山口県下関市生野町1-2-18", "url": "https://www.kaigokensaku.mhlw.go.jp/35/index.php?action_kouhyou_detail_004_kani=true&JigyosyoCd=3570106470-00&ServiceCd=430&Type=search", "url2": null }, "geometry": { "type": "Point", "coordinates": [ 130.936323200000032, 33.97964060000001 ] } },
{ "type": "Feature", "properties": { "内容": "豊関介護サービス株式会社【居宅介護支援】下関市生野町2丁目19-6", "url": "https://www.kaigokensaku.mhlw.go.jp/35/index.php?action_kouhyou_detail_004_kani=true&JigyosyoCd=3570100390-00&ServiceCd=430&Type=search", "url2": null }, "geometry": { "type": "Point", "coordinates": [ 130.93372039999997, 33.9828699 ] } },
{ "type": "Feature", "properties": { "内容": "有限会社　ババリィ【居宅介護支援】山口県下関市大字石原147-８サーパス新下関Ⅰ－６０３", "url": "https://www.kaigokensaku.mhlw.go.jp/35/index.php?action_kouhyou_detail_004_kani=true&JigyosyoCd=3570104103-00&ServiceCd=430&Type=search", "url2": null }, "geometry": { "type": "Point", "coordinates": [ 130.948429499999946, 34.0173247 ] } },
{ "type": "Feature", "properties": { "内容": "介護支援センター下関【居宅介護支援】山口県下関市石原65－5", "url": "https://www.kaigokensaku.mhlw.go.jp/35/index.php?action_kouhyou_detail_004_kani=true&JigyosyoCd=3570100085-00&ServiceCd=430&Type=search", "url2": "http://akimoto-yakkyoku.jp/" }, "geometry": { "type": "Point", "coordinates": [ 130.953045800000041, 34.0170637 ] } },
{ "type": "Feature", "properties": { "内容": "あおぞらの里　西の端ケアプランセンター【居宅介護支援】赤間町3番41号アサビル　１階", "url": "https://www.kaigokensaku.mhlw.go.jp/35/index.php?action_kouhyou_detail_004_kani=true&JigyosyoCd=3570106348-00&ServiceCd=430&Type=search", "url2": "http://www.cedar-group.co.jp" }, "geometry": { "type": "Point", "coordinates": [ 130.9420189, 33.9603976 ] } },
{ "type": "Feature", "properties": { "内容": "杉山薬局ケアセンター【居宅介護支援】山口県下関市川中豊町7-11-15リバティビル豊町2F-E", "url": "https://www.kaigokensaku.mhlw.go.jp/35/index.php?action_kouhyou_detail_004_kani=true&JigyosyoCd=3570105506-00&ServiceCd=430&Type=search", "url2": "http://sugiyama-ph.sakura.ne.jp" }, "geometry": { "type": "Point", "coordinates": [ 130.939023143020108, 33.992450236259991 ] } },
{ "type": "Feature", "properties": { "内容": "ケアプランセンター　笑み【居宅介護支援】川中豊町7丁目4番19号プリメーラゆたかＡ－101号", "url": "https://www.kaigokensaku.mhlw.go.jp/35/index.php?action_kouhyou_detail_004_kani=true&JigyosyoCd=3570105829-00&ServiceCd=430&Type=search", "url2": null }, "geometry": { "type": "Point", "coordinates": [ 130.937711400000012, 33.993599 ] } },
{ "type": "Feature", "properties": { "内容": "まごころｄｅケアプラン【居宅介護支援】山口県下関市前田二丁目20番5号", "url": "https://www.kaigokensaku.mhlw.go.jp/35/index.php?action_kouhyou_detail_004_kani=true&JigyosyoCd=3570105126-00&ServiceCd=430&Type=search", "url2": null }, "geometry": { "type": "Point", "coordinates": [ 130.964272536265241, 33.971948902144021 ] } },
{ "type": "Feature", "properties": { "内容": "ここしあ　ケアプランセンター【居宅介護支援】山口県下関市壇之浦町4-28", "url": "https://www.kaigokensaku.mhlw.go.jp/35/index.php?action_kouhyou_detail_004_kani=true&JigyosyoCd=3570106124-00&ServiceCd=430&Type=search", "url2": "ｈｔｔｐ；//reiwakai.com/" }, "geometry": { "type": "Point", "coordinates": [ 130.9521747, 33.9616304 ] } },
{ "type": "Feature", "properties": { "内容": "ﾊｯﾋﾟｰｹｱﾌﾟﾗﾝｾﾝﾀー【居宅介護支援】山口県下関市長府安養寺1丁目10番20号", "url": "https://www.kaigokensaku.mhlw.go.jp/35/index.php?action_kouhyou_detail_004_kani=true&JigyosyoCd=3570104111-00&ServiceCd=430&Type=search", "url2": null }, "geometry": { "type": "Point", "coordinates": [ 130.98228210000002, 34.0086454 ] } },
{ "type": "Feature", "properties": { "内容": "アイユウ長府在宅介護支援センタ－【居宅介護支援】山口県下関市長府金屋浜町1番5号老人保健施設アイユウ", "url": "https://www.kaigokensaku.mhlw.go.jp/35/index.php?action_kouhyou_detail_004_kani=true&JigyosyoCd=3570100119-00&ServiceCd=430&Type=search", "url2": "http://www.shoueikai-aiyuu.com/" }, "geometry": { "type": "Point", "coordinates": [ 130.991981200000026, 34.002732 ] } },
{ "type": "Feature", "properties": { "内容": "長府ケアハウス居宅介護支援センター【居宅介護支援】山口県下関市長府黒門南町６番５５号長府ケアハウス", "url": "https://www.kaigokensaku.mhlw.go.jp/35/index.php?action_kouhyou_detail_004_kani=true&JigyosyoCd=3570100242-00&ServiceCd=430&Type=search", "url2": null }, "geometry": { "type": "Point", "coordinates": [ 130.986156297787147, 33.984898756022432 ] } },
{ "type": "Feature", "properties": { "内容": "みどり園居宅介護支援事業所【居宅介護支援】下関市長府才川二丁目21-1", "url": "https://www.kaigokensaku.mhlw.go.jp/35/index.php?action_kouhyou_detail_004_kani=true&JigyosyoCd=3570100374-00&ServiceCd=430&Type=search", "url2": "http://wwwcare-net.biz/35/houaikai/" }, "geometry": { "type": "Point", "coordinates": [ 130.9995583, 34.0252383 ] } },
{ "type": "Feature", "properties": { "内容": "安夢住ケアセンター下関【居宅介護支援】下関市長府松小田北町15番18号", "url": "https://www.kaigokensaku.mhlw.go.jp/35/index.php?action_kouhyou_detail_004_kani=true&JigyosyoCd=3570101174-00&ServiceCd=430&Type=search", "url2": null }, "geometry": { "type": "Point", "coordinates": [ 130.996286400000031, 34.0217914 ] } },
{ "type": "Feature", "properties": { "内容": "特定非営利活動法人さくらんぼ居宅介護支援センター【居宅介護支援】山口県下関市長府中土居北町６番１８号", "url": "https://www.kaigokensaku.mhlw.go.jp/35/index.php?action_kouhyou_detail_004_kani=true&JigyosyoCd=3570103303-00&ServiceCd=430&Type=search", "url2": "https://www.nposakuranbo.com" }, "geometry": { "type": "Point", "coordinates": [ 130.989150900000027, 34.0082788 ] } },
{ "type": "Feature", "properties": { "内容": "プランセンターはる【居宅介護支援】山口県下関市唐戸町4番１-807号ｶﾗﾄﾋﾟｱ", "url": "https://www.kaigokensaku.mhlw.go.jp/35/index.php?action_kouhyou_detail_004_kani=true&JigyosyoCd=3570106116-00&ServiceCd=430&Type=search", "url2": null }, "geometry": { "type": "Point", "coordinates": [ 130.943772641326916, 33.957247267106041 ] } },
{ "type": "Feature", "properties": { "内容": "セービングケアプラン四季の森【居宅介護支援】山口県下関市幡生宮の下町8-12", "url": "https://www.kaigokensaku.mhlw.go.jp/35/index.php?action_kouhyou_detail_004_kani=true&JigyosyoCd=3570103337-00&ServiceCd=430&Type=search", "url2": "http://www.e-saving.jp/" }, "geometry": { "type": "Point", "coordinates": [ 130.933464340908813, 33.980412716406377 ] } },
{ "type": "Feature", "properties": { "内容": "夢の会ケアプランセンター【居宅介護支援】山口県下関市幡生宮の下町8-12", "url": "https://www.kaigokensaku.mhlw.go.jp/35/index.php?action_kouhyou_detail_004_kani=true&JigyosyoCd=3570106678-00&ServiceCd=430&Type=search", "url2": "https://yume-no-kai.com/" }, "geometry": { "type": "Point", "coordinates": [ 130.9334806, 33.9804263 ] } },
{ "type": "Feature", "properties": { "内容": "居宅介護支援事業所　下関・あおいホームケアサービス【居宅介護支援】山口県下関市稗田中町9-37", "url": "https://www.kaigokensaku.mhlw.go.jp/35/index.php?action_kouhyou_detail_004_kani=true&JigyosyoCd=3570106173-00&ServiceCd=430&Type=search", "url2": null }, "geometry": { "type": "Point", "coordinates": [ 130.926094493231773, 33.995452712123829 ] } },
{ "type": "Feature", "properties": { "内容": "指定居宅介護支援センター藤寿苑【居宅介護支援】山口県下関市稗田北町13－36伊藤内科院内2階", "url": "https://www.kaigokensaku.mhlw.go.jp/35/index.php?action_kouhyou_detail_004_kani=true&JigyosyoCd=3570102313-00&ServiceCd=430&Type=search", "url2": "http://www.tojokai.com" }, "geometry": { "type": "Point", "coordinates": [ 130.932681788597733, 33.995958007976725 ] } },
{ "type": "Feature", "properties": { "内容": "のぞみケアプランセンター【居宅介護支援】山口県下関市彦島塩浜町1丁目6番11号", "url": "https://www.kaigokensaku.mhlw.go.jp/35/index.php?action_kouhyou_detail_004_kani=true&JigyosyoCd=3570106504-00&ServiceCd=430&Type=search", "url2": null }, "geometry": { "type": "Point", "coordinates": [ 130.9104446, 33.9226686 ] } },
{ "type": "Feature", "properties": { "内容": "ケアマネジメントセンターほがらか【居宅介護支援】彦島向井町2-10-36", "url": "https://www.kaigokensaku.mhlw.go.jp/35/index.php?action_kouhyou_detail_004_kani=true&JigyosyoCd=3570105795-00&ServiceCd=430&Type=search", "url2": null }, "geometry": { "type": "Point", "coordinates": [ 130.91812, 33.9197121 ] } },
{ "type": "Feature", "properties": { "内容": "社会医療法人松涛会　彦島居宅介護支援事業所【居宅介護支援】下関市彦島江の浦町九丁目4-5", "url": "https://www.kaigokensaku.mhlw.go.jp/35/index.php?action_kouhyou_detail_004_kani=true&JigyosyoCd=3570100051-00&ServiceCd=430&Type=search", "url2": "http//www.syoutoukai.or.jp.shisetsu/kyotaku.html" }, "geometry": { "type": "Point", "coordinates": [ 130.917858600000045, 33.9299053 ] } },
{ "type": "Feature", "properties": { "内容": "ファイン在宅ケアセンター【居宅介護支援】下関市大字冨任131番地", "url": "https://www.kaigokensaku.mhlw.go.jp/35/index.php?action_kouhyou_detail_004_kani=true&JigyosyoCd=3570104145-00&ServiceCd=430&Type=search", "url2": null }, "geometry": { "type": "Point", "coordinates": [ 130.906292600000029, 34.0660513 ] } },
{ "type": "Feature", "properties": { "内容": "ゴールデンエイジ居宅介護支援事業所【居宅介護支援】山口県下関市武久町１－３９－６", "url": "https://www.kaigokensaku.mhlw.go.jp/35/index.php?action_kouhyou_detail_004_kani=true&JigyosyoCd=3570102172-00&ServiceCd=430&Type=search", "url2": "golden-age@crux.ocn.ne.jp" }, "geometry": { "type": "Point", "coordinates": [ 130.922538199999963, 33.9795952 ] } },
{ "type": "Feature", "properties": { "内容": "武久ケアプランセンター【居宅介護支援】下関市武久町2丁目53－8", "url": "https://www.kaigokensaku.mhlw.go.jp/35/index.php?action_kouhyou_detail_004_kani=true&JigyosyoCd=3570100218-00&ServiceCd=430&Type=search", "url2": "http://seijukai-or.jp/seikaisou/zaitaku.html" }, "geometry": { "type": "Point", "coordinates": [ 130.91664430000003, 33.9817949 ] } },
{ "type": "Feature", "properties": { "内容": "寿海荘居宅介護支援事業所【居宅介護支援】下関市武久町２丁目５３－８", "url": "https://www.kaigokensaku.mhlw.go.jp/35/index.php?action_kouhyou_detail_004_kani=true&JigyosyoCd=3570103279-00&ServiceCd=430&Type=search", "url2": "http://shoujuen.jp/" }, "geometry": { "type": "Point", "coordinates": [ 130.917003716007997, 33.981065382719741 ] } },
{ "type": "Feature", "properties": { "内容": "ベストライフ川棚　ケアプランセンター【居宅介護支援】山口県下関市大字吉永字越藤10165-1ベストライフ川棚ケアプランセンター", "url": "https://www.kaigokensaku.mhlw.go.jp/35/index.php?action_kouhyou_detail_004_kani=true&JigyosyoCd=3577800539-00&ServiceCd=430&Type=search", "url2": "http://www.bestlife1165.com/" }, "geometry": { "type": "Point", "coordinates": [ 130.925936407702096, 34.131580255119765 ] } },
{ "type": "Feature", "properties": { "内容": "ケアプランセンターSUN【居宅介護支援】山口県下関市豊浦町吉永１８１５－１やすらぎホームSUN", "url": "https://www.kaigokensaku.mhlw.go.jp/35/index.php?action_kouhyou_detail_004_kani=true&JigyosyoCd=3570103287-00&ServiceCd=430&Type=search", "url2": "http://hibikikai.byoinnavi.jp" }, "geometry": { "type": "Point", "coordinates": [ 130.923744400000032, 34.1393564 ] } },
{ "type": "Feature", "properties": { "内容": "豊寿苑居宅介護支援事業所【居宅介護支援】山口県下関市豊浦町大字厚母郷１０４４２番地", "url": "https://www.kaigokensaku.mhlw.go.jp/35/index.php?action_kouhyou_detail_004_kani=true&JigyosyoCd=3570102909-00&ServiceCd=430&Type=search", "url2": "http://care-net.biz/35/houjyu/" }, "geometry": { "type": "Point", "coordinates": [ 130.905371400000035, 34.118763800000018 ] } },
{ "type": "Feature", "properties": { "内容": "まーくんケアプランセンター【居宅介護支援】山口県　下関市豊浦町大字川棚4030番地", "url": "https://www.kaigokensaku.mhlw.go.jp/35/index.php?action_kouhyou_detail_004_kani=true&JigyosyoCd=3570105225-00&ServiceCd=430&Type=search", "url2": null }, "geometry": { "type": "Point", "coordinates": [ 130.9269574, 34.156278700000016 ] } },
{ "type": "Feature", "properties": { "内容": "豊前田ケアプランセンター【居宅介護支援】山口県下関市豊前田町２丁目４－１０弘仁ビル2階", "url": "https://www.kaigokensaku.mhlw.go.jp/35/index.php?action_kouhyou_detail_004_kani=true&JigyosyoCd=3570100101-00&ServiceCd=430&Type=search", "url2": "http://" }, "geometry": { "type": "Point", "coordinates": [ 130.926609499999984, 33.952164187162623 ] } },
{ "type": "Feature", "properties": { "内容": "とよた在宅介護支援センター【居宅介護支援】山口県下関市豊田町大字荒木10051番地2", "url": "https://www.kaigokensaku.mhlw.go.jp/35/index.php?action_kouhyou_detail_004_kani=true&JigyosyoCd=3577800059-00&ServiceCd=430&Type=search", "url2": "http://houzyukai.jp/" }, "geometry": { "type": "Point", "coordinates": [ 131.043599105032399, 34.253228489017303 ] } },
{ "type": "Feature", "properties": { "内容": "下関市社協　北部居宅介護支援事業所【居宅介護支援】下関市豊田町大字矢田194番地", "url": "https://www.kaigokensaku.mhlw.go.jp/35/index.php?action_kouhyou_detail_004_kani=true&JigyosyoCd=3570101992-00&ServiceCd=430&Type=search", "url2": "http://www.shimoshakyo.or.jp" }, "geometry": { "type": "Point", "coordinates": [ 131.072323200000028, 34.2032236 ] } },
{ "type": "Feature", "properties": { "内容": "居宅介護支援事業所ポレポレ【居宅介護支援】山口県下関市豊田町大字矢田３８４番地", "url": "https://www.kaigokensaku.mhlw.go.jp/35/index.php?action_kouhyou_detail_004_kani=true&JigyosyoCd=3570106405-00&ServiceCd=430&Type=search", "url2": null }, "geometry": { "type": "Point", "coordinates": [ 131.071627799999987, 34.2002604 ] } },
{ "type": "Feature", "properties": { "内容": "在宅ケアサポート下関【居宅介護支援】山口県下関市豊田町大字矢田423-1", "url": "https://www.kaigokensaku.mhlw.go.jp/35/index.php?action_kouhyou_detail_004_kani=true&JigyosyoCd=3570106546-00&ServiceCd=430&Type=search", "url2": null }, "geometry": { "type": "Point", "coordinates": [ 131.0735986, 34.1984632 ] } },
{ "type": "Feature", "properties": { "内容": "居宅介護支援事業所　向日葵【居宅介護支援】下関市豊北町神田上891－28", "url": "https://www.kaigokensaku.mhlw.go.jp/35/index.php?action_kouhyou_detail_004_kani=true&JigyosyoCd=3570104616-00&ServiceCd=430&Type=search", "url2": null }, "geometry": { "type": "Point", "coordinates": [ 130.887567499999932, 34.3089391 ] } },
{ "type": "Feature", "properties": { "内容": "梨花の里居宅介護支援事業所【居宅介護支援】下関市豊北町大字滝部11042-1", "url": "https://www.kaigokensaku.mhlw.go.jp/35/index.php?action_kouhyou_detail_004_kani=true&JigyosyoCd=3577800455-00&ServiceCd=430&Type=search", "url2": "https://houhokufukushikai.jp/" }, "geometry": { "type": "Point", "coordinates": [ 130.949625129864557, 34.292640458640143 ] } },
{ "type": "Feature", "properties": { "内容": "介護支援センター勝山【居宅介護支援】山口県下関市勝谷新町１丁目１０－１０青山グリーンハイツ２０３号室", "url": "https://www.kaigokensaku.mhlw.go.jp/35/index.php?action_kouhyou_detail_004_kani=true&JigyosyoCd=3570106884-00&ServiceCd=430&Type=search", "url2": "http//akimoto-yakkyoku.jp" }, "geometry": { "type": "Point", "coordinates": [ 130.9685891, 34.0029083 ] } },
{ "type": "Feature", "properties": { "内容": "居宅介護支援事業所ゆとり下関【居宅介護支援】山口県下関市形山みどり町15-13岡田ビル1階1号", "url": "https://www.kaigokensaku.mhlw.go.jp/35/index.php?action_kouhyou_detail_004_kani=true&JigyosyoCd=3570106892-00&ServiceCd=430&Type=search", "url2": null }, "geometry": { "type": "Point", "coordinates": [ 130.9539861, 34.0143127 ] } },
{ "type": "Feature", "properties": { "内容": "アイユウの苑　ケマネジメントセンター【居宅介護支援】山口県下関市彦島迫町三丁目17番2号", "url": "https://www.kaigokensaku.mhlw.go.jp/35/index.php?action_kouhyou_detail_004_kani=true&JigyosyoCd=3570100077-00&ServiceCd=430&Type=search", "url2": "http://www.shoubikai.or.jp" }, "geometry": { "type": "Point", "coordinates": [ 130.9002994, 33.9383705 ] } },
{ "type": "Feature", "properties": { "内容": "医療法人茜会　勝山ケアプランセンター【居宅介護支援】下関市秋根南町２丁目3-7", "url": "https://www.kaigokensaku.mhlw.go.jp/35/index.php?action_kouhyou_detail_004_kani=true&JigyosyoCd=3570100168-00&ServiceCd=430&Type=search", "url2": null }, "geometry": { "type": "Point", "coordinates": [ 130.954659499999906, 34.0078981 ] } },
{ "type": "Feature", "properties": { "内容": "岡病院　居宅介護支援事業所【居宅介護支援】下関市小月本町二丁目１８番９号", "url": "https://www.kaigokensaku.mhlw.go.jp/35/index.php?action_kouhyou_detail_004_kani=true&JigyosyoCd=3570101679-00&ServiceCd=430&Type=search", "url2": null }, "geometry": { "type": "Point", "coordinates": [ 131.036334411045061, 34.070657289099664 ] } },
{ "type": "Feature", "properties": { "内容": "のあケアプランセンター【居宅介護支援】武久町1丁目58-6コーポラスコスモス　B棟　105号", "url": "https://www.kaigokensaku.mhlw.go.jp/35/index.php?action_kouhyou_detail_004_kani=true&JigyosyoCd=3570106777-00&ServiceCd=430&Type=search", "url2": null }, "geometry": { "type": "Point", "coordinates": [ 130.922279640475466, 33.981343103439158 ] } },
{ "type": "Feature", "properties": { "内容": "介護相談所らいふプラン【居宅介護支援】山口県下関市伊倉東町６－４", "url": "https://www.kaigokensaku.mhlw.go.jp/35/index.php?action_kouhyou_detail_004_kani=true&JigyosyoCd=3570105852-00&ServiceCd=430&Type=search", "url2": "https://myhome2870.jp/" }, "geometry": { "type": "Point", "coordinates": [ 130.943407510715048, 34.004328927470191 ] } },
{ "type": "Feature", "properties": { "内容": "フェニックスケアプランセンター【居宅介護支援】下関市大字小野64番地1", "url": "https://www.kaigokensaku.mhlw.go.jp/35/index.php?action_kouhyou_detail_004_kani=true&JigyosyoCd=3570100135-00&ServiceCd=430&Type=search", "url2": "http://www.akatsukikai.com" }, "geometry": { "type": "Point", "coordinates": [ 130.961961699999961, 34.0353505 ] } },
{ "type": "Feature", "properties": { "内容": "ケアプラン彦島【居宅介護支援】山口県市彦島緑町10番14号", "url": "https://www.kaigokensaku.mhlw.go.jp/35/index.php?action_kouhyou_detail_004_kani=true&JigyosyoCd=3570106090-00&ServiceCd=430&Type=search", "url2": null }, "geometry": { "type": "Point", "coordinates": [ 130.909440099999983, 33.932527 ] } },
{ "type": "Feature", "properties": { "内容": "ケアプランみまもーる【居宅介護支援】山口県下関市山の田本町20-1-502", "url": "https://www.kaigokensaku.mhlw.go.jp/35/index.php?action_kouhyou_detail_004_kani=true&JigyosyoCd=3570106942-00&ServiceCd=430&Type=search", "url2": null }, "geometry": { "type": "Point", "coordinates": [ 130.9310362, 33.9881552 ] } },
{ "type": "Feature", "properties": { "内容": "ケアプラン　アイビィ【居宅介護支援】山口県下関市筋川町５－３", "url": "https://www.kaigokensaku.mhlw.go.jp/35/index.php?action_kouhyou_detail_004_kani=true&JigyosyoCd=3570104533-00&ServiceCd=430&Type=search", "url2": null }, "geometry": { "type": "Point", "coordinates": [ 130.915930900000035, 33.9640659 ] } },
{ "type": "Feature", "properties": { "内容": "居宅介護支援事業所そら【居宅介護支援】山口県下関市中之町8-13", "url": "https://www.kaigokensaku.mhlw.go.jp/35/index.php?action_kouhyou_detail_004_kani=true&JigyosyoCd=3570106306-00&ServiceCd=430&Type=search", "url2": "https://www.smart-sora.com/" }, "geometry": { "type": "Point", "coordinates": [ 130.9460224, 33.957634 ] } },
{ "type": "Feature", "properties": { "内容": "あおぞらの里　下関ケアプランセンター【居宅介護支援】下関市伊崎町１丁目１－９サンヒルズビル２F", "url": "https://www.kaigokensaku.mhlw.go.jp/35/index.php?action_kouhyou_detail_004_kani=true&JigyosyoCd=3570100994-00&ServiceCd=430&Type=search", "url2": "http://cedar-group.co.jp" }, "geometry": { "type": "Point", "coordinates": [ 130.919857557008328, 33.954379048184776 ] } },
{ "type": "Feature", "properties": { "内容": "ケアプランセンターくりの木【居宅介護支援】山口県下関市伊倉町二丁目6-10", "url": "https://www.kaigokensaku.mhlw.go.jp/35/index.php?action_kouhyou_detail_004_kani=true&JigyosyoCd=3570106736-00&ServiceCd=430&Type=search", "url2": "https://r.goope.jp/shouken-kurinoki/about" }, "geometry": { "type": "Point", "coordinates": [ 130.9293422, 34.0035046 ] } },
{ "type": "Feature", "properties": { "内容": "下関病院居宅介護支援事業所【居宅介護支援】下関市梶栗町4丁目2番34号", "url": "https://www.kaigokensaku.mhlw.go.jp/35/index.php?action_kouhyou_detail_004_kani=true&JigyosyoCd=3570104434-00&ServiceCd=430&Type=search", "url2": null }, "geometry": { "type": "Point", "coordinates": [ 130.921367125131155, 34.017468010294422 ] } },
{ "type": "Feature", "properties": { "内容": "でいごケアプランセンター【居宅介護支援】山口県下関市綾羅木本町7-5-20サンセットコート２０３", "url": "https://www.kaigokensaku.mhlw.go.jp/35/index.php?action_kouhyou_detail_004_kani=true&JigyosyoCd=3570106991-00&ServiceCd=430&Type=search", "url2": "deigo-simcover.com" }, "geometry": { "type": "Point", "coordinates": [ 130.9165571, 34.0079835 ] } },
{ "type": "Feature", "properties": { "内容": "いまむら居宅介護支援事業所【居宅介護支援】山口県宇部市西岐波５１８９－１", "url": "https://www.kaigokensaku.mhlw.go.jp/35/index.php?action_kouhyou_detail_004_kani=true&JigyosyoCd=3570203210-00&ServiceCd=430&Type=search", "url2": null }, "geometry": { "type": "Point", "coordinates": [ 131.301677946652006, 33.969906011488021 ] } },
{ "type": "Feature", "properties": { "内容": "ケアプランらびっと【居宅介護支援】東岐波4511-51－102号", "url": "https://www.kaigokensaku.mhlw.go.jp/35/index.php?action_kouhyou_detail_004_kani=true&JigyosyoCd=3570204630-00&ServiceCd=430&Type=search", "url2": null }, "geometry": { "type": "Point", "coordinates": [ 131.3426217, 33.9684969 ] } },
{ "type": "Feature", "properties": { "内容": "シーサイド病院　居宅介護支援事業所【居宅介護支援】宇部市大字東岐波丸尾４３２２－１", "url": "https://www.kaigokensaku.mhlw.go.jp/35/index.php?action_kouhyou_detail_004_kani=true&JigyosyoCd=3570201131-00&ServiceCd=430&Type=search", "url2": "http://www.c-able.ne.jp/~seaside" }, "geometry": { "type": "Point", "coordinates": [ 131.348189499999989, 33.967292 ] } },
{ "type": "Feature", "properties": { "内容": "アスワン山荘居宅介護支援事業所【居宅介護支援】山口県宇部市二俣瀬山王坂40-221", "url": "https://www.kaigokensaku.mhlw.go.jp/35/index.php?action_kouhyou_detail_004_kani=true&JigyosyoCd=3570201289-00&ServiceCd=430&Type=search", "url2": "https://www.asuwansansou.jp/" }, "geometry": { "type": "Point", "coordinates": [ 131.281597199999965, 34.0631891 ] } },
{ "type": "Feature", "properties": { "内容": "ざいたくかいごしえんせんたー　なのはなの家【居宅介護支援】山口県宇部市笹山町2丁目8-16-4", "url": "https://www.kaigokensaku.mhlw.go.jp/35/index.php?action_kouhyou_detail_004_kani=true&JigyosyoCd=3570204127-00&ServiceCd=430&Type=search", "url2": null }, "geometry": { "type": "Point", "coordinates": [ 131.262757099999988, 33.9386003 ] } },
{ "type": "Feature", "properties": { "内容": "居宅介護支援事業所みのり【居宅介護支援】山口県宇部市大字際波1704-1", "url": "https://www.kaigokensaku.mhlw.go.jp/35/index.php?action_kouhyou_detail_004_kani=true&JigyosyoCd=3570203533-00&ServiceCd=430&Type=search", "url2": "minori-ube.jp" }, "geometry": { "type": "Point", "coordinates": [ 131.220243648132282, 34.006629127122835 ] } },
{ "type": "Feature", "properties": { "内容": "社会医療法人尾中病院【居宅介護支援】宇部市寿町1目3番28号", "url": "https://www.kaigokensaku.mhlw.go.jp/35/index.php?action_kouhyou_detail_004_kani=true&JigyosyoCd=3510210556-00&ServiceCd=430&Type=search", "url2": "http://www.onaka.or.jp/" }, "geometry": { "type": "Point", "coordinates": [ 131.248561858999636, 33.953755846428869 ] } },
{ "type": "Feature", "properties": { "内容": "むべの里居宅介護支援事業所輝き【居宅介護支援】山口県宇部市厚南北3丁目1-37", "url": "https://www.kaigokensaku.mhlw.go.jp/35/index.php?action_kouhyou_detail_004_kani=true&JigyosyoCd=3570204697-00&ServiceCd=430&Type=search", "url2": "https://www.mubekouei.com" }, "geometry": { "type": "Point", "coordinates": [ 131.214843800000011, 34.0016618 ] } },
{ "type": "Feature", "properties": { "内容": "ひだまりねっと【居宅介護支援】山口県宇部市ひらき台2丁目25-8", "url": "https://www.kaigokensaku.mhlw.go.jp/35/index.php?action_kouhyou_detail_004_kani=true&JigyosyoCd=3570201818-00&ServiceCd=430&Type=search", "url2": null }, "geometry": { "type": "Point", "coordinates": [ 131.279635805390257, 33.973164926519104 ] } },
{ "type": "Feature", "properties": { "内容": "居宅介護支援事業所　宇部あいおい苑【居宅介護支援】宇部市恩田町３丁目８－１", "url": "https://www.kaigokensaku.mhlw.go.jp/35/index.php?action_kouhyou_detail_004_kani=true&JigyosyoCd=3570201743-00&ServiceCd=430&Type=search", "url2": "http://hitotsunokai.jp" }, "geometry": { "type": "Point", "coordinates": [ 131.265610800000019, 33.947073700000011 ] } },
{ "type": "Feature", "properties": { "内容": "ここからサポートセンター【居宅介護支援】山口県宇部市海南町15-15", "url": "https://www.kaigokensaku.mhlw.go.jp/35/index.php?action_kouhyou_detail_004_kani=true&JigyosyoCd=3570204457-00&ServiceCd=430&Type=search", "url2": null }, "geometry": { "type": "Point", "coordinates": [ 131.261541, 33.9573656 ] } },
{ "type": "Feature", "properties": { "内容": "ケアプランセンターみなみかぜ【居宅介護支援】山口県宇部市海南町16-27", "url": "https://www.kaigokensaku.mhlw.go.jp/35/index.php?action_kouhyou_detail_004_kani=true&JigyosyoCd=3570203830-00&ServiceCd=430&Type=search", "url2": null }, "geometry": { "type": "Point", "coordinates": [ 131.2607514, 33.9580554 ] } },
{ "type": "Feature", "properties": { "内容": "ケアマネセンター春【居宅介護支援】山口県宇部市開四丁目9番7号", "url": "https://www.kaigokensaku.mhlw.go.jp/35/index.php?action_kouhyou_detail_004_kani=true&JigyosyoCd=3570203590-00&ServiceCd=430&Type=search", "url2": null }, "geometry": { "type": "Point", "coordinates": [ 131.280389, 33.9602972 ] } },
{ "type": "Feature", "properties": { "内容": "JA山口県介護支援センター宇部【居宅介護支援】山口県宇部市厚南中央一丁目7番10号", "url": "https://www.kaigokensaku.mhlw.go.jp/35/index.php?action_kouhyou_detail_004_kani=true&JigyosyoCd=3570203871-00&ServiceCd=430&Type=search", "url2": null }, "geometry": { "type": "Point", "coordinates": [ 131.22023779999995, 33.9959439 ] } },
{ "type": "Feature", "properties": { "内容": "居宅介護支援事業所　　まどか苑【居宅介護支援】宇部市厚南北二丁目4番14号", "url": "https://www.kaigokensaku.mhlw.go.jp/35/index.php?action_kouhyou_detail_004_kani=true&JigyosyoCd=3570201925-00&ServiceCd=430&Type=search", "url2": null }, "geometry": { "type": "Point", "coordinates": [ 131.216959700000018, 33.998668 ] } },
{ "type": "Feature", "properties": { "内容": "厚南セントヒル病院居宅介護支援事業所【居宅介護支援】山口県宇部市大字妻崎開作１０８番地", "url": "https://www.kaigokensaku.mhlw.go.jp/35/index.php?action_kouhyou_detail_004_kani=true&JigyosyoCd=3570203368-00&ServiceCd=430&Type=search", "url2": null }, "geometry": { "type": "Point", "coordinates": [ 131.217098, 33.97845 ] } },
{ "type": "Feature", "properties": { "内容": "寿光園指定居宅介護支援事業所【居宅介護支援】宇部市妻崎開作４７０番地3", "url": "https://www.kaigokensaku.mhlw.go.jp/35/index.php?action_kouhyou_detail_004_kani=true&JigyosyoCd=3570202923-00&ServiceCd=430&Type=search", "url2": null }, "geometry": { "type": "Point", "coordinates": [ 131.20436441653294, 33.983865493013496 ] } },
{ "type": "Feature", "properties": { "内容": "宇部西在宅総合支援センター【居宅介護支援】宇部市大字際波字東河田287番地の1", "url": "https://www.kaigokensaku.mhlw.go.jp/35/index.php?action_kouhyou_detail_004_kani=true&JigyosyoCd=3570200794-00&ServiceCd=430&Type=search", "url2": "www.wadokai.or.jp/ube-nishi" }, "geometry": { "type": "Point", "coordinates": [ 131.2467858, 33.9515087 ] } },
{ "type": "Feature", "properties": { "内容": "きわなみ居宅介護支援センター【居宅介護支援】山口県宇部市大字際波726番地3有料老人ホームグラディアスきわなみ１階", "url": "https://www.kaigokensaku.mhlw.go.jp/35/index.php?action_kouhyou_detail_004_kani=true&JigyosyoCd=3570203475-00&ServiceCd=430&Type=search", "url2": "http://www.kiwanami-kaigo.com" }, "geometry": { "type": "Point", "coordinates": [ 131.223029927280379, 33.994594909217909 ] } },
{ "type": "Feature", "properties": { "内容": "ろしゅう居宅介護支援センター【居宅介護支援】山口県宇部市大字小串91番地", "url": "https://www.kaigokensaku.mhlw.go.jp/35/index.php?action_kouhyou_detail_004_kani=true&JigyosyoCd=3570203863-00&ServiceCd=430&Type=search", "url2": "https://www.rosyuu-care.com/" }, "geometry": { "type": "Point", "coordinates": [ 131.252514, 33.9685384 ] } },
{ "type": "Feature", "properties": { "内容": "昭和町共生苑在宅介護支援センター【居宅介護支援】宇部市昭和町二丁目１２番１２号", "url": "https://www.kaigokensaku.mhlw.go.jp/35/index.php?action_kouhyou_detail_004_kani=true&JigyosyoCd=3570200026-00&ServiceCd=430&Type=search", "url2": "http://www.jinsinkai.or.jp" }, "geometry": { "type": "Point", "coordinates": [ 131.255146700000068, 33.9393242 ] } },
{ "type": "Feature", "properties": { "内容": "居宅介護支援センター美咲【居宅介護支援】山口県宇部市昭和町4丁目2－1", "url": "https://www.kaigokensaku.mhlw.go.jp/35/index.php?action_kouhyou_detail_004_kani=true&JigyosyoCd=3570202931-00&ServiceCd=430&Type=search", "url2": null }, "geometry": { "type": "Point", "coordinates": [ 131.258318899999949, 33.9356247 ] } },
{ "type": "Feature", "properties": { "内容": "むべの里居宅介護支援事業所東芝中【居宅介護支援】山口県宇部市松山町3丁目4番6号", "url": "https://www.kaigokensaku.mhlw.go.jp/35/index.php?action_kouhyou_detail_004_kani=true&JigyosyoCd=3570202444-00&ServiceCd=430&Type=search", "url2": "http://www.mubenosato.com" }, "geometry": { "type": "Point", "coordinates": [ 131.258132926181048, 33.938971395044106 ] } },
{ "type": "Feature", "properties": { "内容": "さんコープ・宇部　居宅介護支援事業所【居宅介護支援】宇部市上宇部７５番地", "url": "https://www.kaigokensaku.mhlw.go.jp/35/index.php?action_kouhyou_detail_004_kani=true&JigyosyoCd=3570202121-00&ServiceCd=430&Type=search", "url2": "http://www.san-coop.jp/" }, "geometry": { "type": "Point", "coordinates": [ 131.286507900000061, 33.9658802 ] } },
{ "type": "Feature", "properties": { "内容": "プラスワンプラン【居宅介護支援】山口県宇部市常藤町5-25アビリティ常藤町テナントA", "url": "https://www.kaigokensaku.mhlw.go.jp/35/index.php?action_kouhyou_detail_004_kani=true&JigyosyoCd=3570204499-00&ServiceCd=430&Type=search", "url2": "https://lifestyle-suppoorter.jimdofree.com" }, "geometry": { "type": "Point", "coordinates": [ 131.254373969311501, 33.947905700120607 ] } },
{ "type": "Feature", "properties": { "内容": "神原苑在宅介護支援センター【居宅介護支援】山口県宇部市神原町２丁目１番２２号", "url": "https://www.kaigokensaku.mhlw.go.jp/35/index.php?action_kouhyou_detail_004_kani=true&JigyosyoCd=3570200091-00&ServiceCd=430&Type=search", "url2": "http://www.kamiharaen.com/" }, "geometry": { "type": "Point", "coordinates": [ 131.261287700000054, 33.9488954 ] } },
{ "type": "Feature", "properties": { "内容": "むべの里居宅介護支援事業所【居宅介護支援】山口県宇部市西宇部南3丁目5-21", "url": "https://www.kaigokensaku.mhlw.go.jp/35/index.php?action_kouhyou_detail_004_kani=true&JigyosyoCd=3570203996-00&ServiceCd=430&Type=search", "url2": null }, "geometry": { "type": "Point", "coordinates": [ 131.219870513078575, 33.997842156374226 ] } },
{ "type": "Feature", "properties": { "内容": "おひさま居宅介護支援事業所【居宅介護支援】山口県宇部市西宇部北４丁目３番５号", "url": "https://www.kaigokensaku.mhlw.go.jp/35/index.php?action_kouhyou_detail_004_kani=true&JigyosyoCd=3570204531-00&ServiceCd=430&Type=search", "url2": null }, "geometry": { "type": "Point", "coordinates": [ 131.2232409, 34.0105507 ] } },
{ "type": "Feature", "properties": { "内容": "ケアビレッジ桜　居宅介護支援事業所【居宅介護支援】宇部市大字西岐波２０６８番地１", "url": "https://www.kaigokensaku.mhlw.go.jp/35/index.php?action_kouhyou_detail_004_kani=true&JigyosyoCd=3570202378-00&ServiceCd=430&Type=search", "url2": "https://keahouse-sakura.jp/" }, "geometry": { "type": "Point", "coordinates": [ 131.313180142241464, 33.970474476357545 ] } },
{ "type": "Feature", "properties": { "内容": "宇部あかり園在宅介護支援センター【居宅介護支援】宇部市大字西岐波229-105", "url": "https://www.kaigokensaku.mhlw.go.jp/35/index.php?action_kouhyou_detail_004_kani=true&JigyosyoCd=3570200067-00&ServiceCd=430&Type=search", "url2": "http://www.hakuaikai-yamaguchi.jp/" }, "geometry": { "type": "Point", "coordinates": [ 131.301498700000025, 33.9665968 ] } },
{ "type": "Feature", "properties": { "内容": "宇部リハビリテーション病院在宅支援センター【居宅介護支援】宇部市大字西岐波229番地の3", "url": "https://www.kaigokensaku.mhlw.go.jp/35/index.php?action_kouhyou_detail_004_kani=true&JigyosyoCd=3570200083-00&ServiceCd=430&Type=search", "url2": "http://www.ubereha.jp/facility/support.html" }, "geometry": { "type": "Point", "coordinates": [ 131.303293, 33.966558 ] } },
{ "type": "Feature", "properties": { "内容": "喜楽苑居宅介護支援事業所【居宅介護支援】山口県宇部市大字西岐波５２２5－5", "url": "https://www.kaigokensaku.mhlw.go.jp/35/index.php?action_kouhyou_detail_004_kani=true&JigyosyoCd=3570203251-00&ServiceCd=430&Type=search", "url2": "http://m-kirakuen.com" }, "geometry": { "type": "Point", "coordinates": [ 131.304810514155633, 33.968047502143285 ] } },
{ "type": "Feature", "properties": { "内容": "片倉温泉居宅介護支援事業所【居宅介護支援】宇部市大字西岐波字清水崎５３４７番地", "url": "https://www.kaigokensaku.mhlw.go.jp/35/index.php?action_kouhyou_detail_004_kani=true&JigyosyoCd=3570202386-00&ServiceCd=430&Type=search", "url2": "kubota-kyotaku@katakura-spa.co.jp" }, "geometry": { "type": "Point", "coordinates": [ 131.298952679098534, 33.973216912567686 ] } },
{ "type": "Feature", "properties": { "内容": "セービングケアプランセンター宇部【居宅介護支援】山口県宇部市西小串5-5-15-3103号", "url": "https://www.kaigokensaku.mhlw.go.jp/35/index.php?action_kouhyou_detail_004_kani=true&JigyosyoCd=3570204663-00&ServiceCd=430&Type=search", "url2": null }, "geometry": { "type": "Point", "coordinates": [ 131.243592500000034, 33.9649304 ] } },
{ "type": "Feature", "properties": { "内容": "株式会社　河村福祉サービス【居宅介護支援】宇部市大字川上720番地9", "url": "https://www.kaigokensaku.mhlw.go.jp/35/index.php?action_kouhyou_detail_004_kani=true&JigyosyoCd=3570200430-00&ServiceCd=430&Type=search", "url2": "http://kawamura-fs.com/company.html" }, "geometry": { "type": "Point", "coordinates": [ 131.276368128324833, 33.993397534962931 ] } },
{ "type": "Feature", "properties": { "内容": "扶老会総合ケアセンター【居宅介護支援】山口県宇部市大字船木字向ヒ833番3", "url": "https://www.kaigokensaku.mhlw.go.jp/35/index.php?action_kouhyou_detail_004_kani=true&JigyosyoCd=3577700010-00&ServiceCd=430&Type=search", "url2": "http;//www.furoukai.jp" }, "geometry": { "type": "Point", "coordinates": [ 131.2467858, 33.9515087 ] } },
{ "type": "Feature", "properties": { "内容": "なごみ居宅介護支援事業所【居宅介護支援】山口県宇部市草江２丁目５－６－１", "url": "https://www.kaigokensaku.mhlw.go.jp/35/index.php?action_kouhyou_detail_004_kani=true&JigyosyoCd=3570203236-00&ServiceCd=430&Type=search", "url2": "http://www.nagominokai.com/kyotaku" }, "geometry": { "type": "Point", "coordinates": [ 131.275206700000012, 33.9389382 ] } },
{ "type": "Feature", "properties": { "内容": "居宅介護支援事業所希望苑【居宅介護支援】山口県宇部市大字中宇部字西岩田1570-1ＹＩＣ介護ホーム第３希望苑", "url": "https://www.kaigokensaku.mhlw.go.jp/35/index.php?action_kouhyou_detail_004_kani=true&JigyosyoCd=3570203509-00&ServiceCd=430&Type=search", "url2": null }, "geometry": { "type": "Point", "coordinates": [ 131.2590401, 33.9698408 ] } },
{ "type": "Feature", "properties": { "内容": "ドリームライフアポロ居宅介護支援事業所【居宅介護支援】宇部市中宇部１８５８－３０", "url": "https://www.kaigokensaku.mhlw.go.jp/35/index.php?action_kouhyou_detail_004_kani=true&JigyosyoCd=3570202238-00&ServiceCd=430&Type=search", "url2": "http://y-apl.com/" }, "geometry": { "type": "Point", "coordinates": [ 131.25546180953981, 33.981010841878465 ] } },
{ "type": "Feature", "properties": { "内容": "ケアマネセンターＴＯＮＴＯＮ【居宅介護支援】山口県宇部市中央町二丁目３番２号", "url": "https://www.kaigokensaku.mhlw.go.jp/35/index.php?action_kouhyou_detail_004_kani=true&JigyosyoCd=3570204051-00&ServiceCd=430&Type=search", "url2": null }, "geometry": { "type": "Point", "coordinates": [ 131.243424299999987, 33.9527963 ] } },
{ "type": "Feature", "properties": { "内容": "ケアマネセンター共生【居宅介護支援】山口県宇部市中央町３丁目２番７号", "url": "https://www.kaigokensaku.mhlw.go.jp/35/index.php?action_kouhyou_detail_004_kani=true&JigyosyoCd=3570202154-00&ServiceCd=430&Type=search", "url2": null }, "geometry": { "type": "Point", "coordinates": [ 131.241824800000018, 33.9547277 ] } },
{ "type": "Feature", "properties": { "内容": "上宇部居宅介護支援事業所【居宅介護支援】山口県宇部市中村1丁目3番１号", "url": "https://www.kaigokensaku.mhlw.go.jp/35/index.php?action_kouhyou_detail_004_kani=true&JigyosyoCd=3570202840-00&ServiceCd=430&Type=search", "url2": null }, "geometry": { "type": "Point", "coordinates": [ 131.2606872, 33.9677848 ] } },
{ "type": "Feature", "properties": { "内容": "宇部市医師会在宅介護支援センター【居宅介護支援】宇部市中村3丁目12-54", "url": "https://www.kaigokensaku.mhlw.go.jp/35/index.php?action_kouhyou_detail_004_kani=true&JigyosyoCd=3570200034-00&ServiceCd=430&Type=search", "url2": "https://ube-med.com/" }, "geometry": { "type": "Point", "coordinates": [ 131.258446748548863, 33.963346043395845 ] } },
{ "type": "Feature", "properties": { "内容": "社会福祉法人むべの里光栄　オパール光栄在宅介護支援センター【居宅介護支援】山口県宇部市大字東岐波5860番地10-1", "url": "https://www.kaigokensaku.mhlw.go.jp/35/index.php?action_kouhyou_detail_004_kani=true&JigyosyoCd=3570204333-00&ServiceCd=430&Type=search", "url2": null }, "geometry": { "type": "Point", "coordinates": [ 131.336045, 33.9817641 ] } },
{ "type": "Feature", "properties": { "内容": "在宅介護支援センターむすび【居宅介護支援】山口県宇部市大字東須恵3375-1", "url": "https://www.kaigokensaku.mhlw.go.jp/35/index.php?action_kouhyou_detail_004_kani=true&JigyosyoCd=3570204655-00&ServiceCd=430&Type=search", "url2": null }, "geometry": { "type": "Point", "coordinates": [ 131.1969766, 33.9655514 ] } },
{ "type": "Feature", "properties": { "内容": "サンキ・ウエルビィ介護センター宇部【居宅介護支援】山口県宇部市南浜町２丁目９番１５号", "url": "https://www.kaigokensaku.mhlw.go.jp/35/index.php?action_kouhyou_detail_004_kani=true&JigyosyoCd=3570202410-00&ServiceCd=430&Type=search", "url2": null }, "geometry": { "type": "Point", "coordinates": [ 131.232091800000035, 33.9660237 ] } },
{ "type": "Feature", "properties": { "内容": "さるびあ在宅介護支援センター指定居宅介護支援事業所【居宅介護支援】宇部市浜町2丁目1番3", "url": "https://www.kaigokensaku.mhlw.go.jp/35/index.php?action_kouhyou_detail_004_kani=true&JigyosyoCd=3570200133-00&ServiceCd=430&Type=search", "url2": "https://familand.jp/" }, "geometry": { "type": "Point", "coordinates": [ 131.237383099999988, 33.9649627 ] } },
{ "type": "Feature", "properties": { "内容": "立花居宅介護支援事業所【居宅介護支援】山口県宇部市浜田3丁目24-1", "url": "https://www.kaigokensaku.mhlw.go.jp/35/index.php?action_kouhyou_detail_004_kani=true&JigyosyoCd=3570203681-00&ServiceCd=430&Type=search", "url2": "https://rikka-homenurse.com" }, "geometry": { "type": "Point", "coordinates": [ 131.229507900000044, 33.9890489 ] } },
{ "type": "Feature", "properties": { "内容": "協立在宅介護支援センター【居宅介護支援】宇部市末広町1-13", "url": "https://www.kaigokensaku.mhlw.go.jp/35/index.php?action_kouhyou_detail_004_kani=true&JigyosyoCd=3570200042-00&ServiceCd=430&Type=search", "url2": "https://www.kenbunkai-yamaguchi.jp" }, "geometry": { "type": "Point", "coordinates": [ 131.2651962, 33.9374661 ] } },
{ "type": "Feature", "properties": { "内容": "在宅介護支援センター豊生苑【居宅介護支援】山口県宇部市大字木田字中山田40番地20", "url": "https://www.kaigokensaku.mhlw.go.jp/35/index.php?action_kouhyou_detail_004_kani=true&JigyosyoCd=3570200018-00&ServiceCd=430&Type=search", "url2": "http://www.senjinkai.jp" }, "geometry": { "type": "Point", "coordinates": [ 131.281515042324799, 34.062486444290229 ] } },
{ "type": "Feature", "properties": { "内容": "ケアマネステーションFuntoLife【居宅介護支援】山口県宇部市大字西岐波4470-8", "url": "https://www.kaigokensaku.mhlw.go.jp/35/index.php?action_kouhyou_detail_004_kani=true&JigyosyoCd=3570203814-00&ServiceCd=430&Type=search", "url2": "www.funtolife.com/" }, "geometry": { "type": "Point", "coordinates": [ 131.29465529999996, 33.9431228 ] } },
{ "type": "Feature", "properties": { "内容": "フレンドサービス【居宅介護支援】山口県宇部市大字中宇部1964番地1", "url": "https://www.kaigokensaku.mhlw.go.jp/35/index.php?action_kouhyou_detail_004_kani=true&JigyosyoCd=3570200968-00&ServiceCd=430&Type=search", "url2": null }, "geometry": { "type": "Point", "coordinates": [ 131.251262499999939, 33.9762283 ] } },
{ "type": "Feature", "properties": { "内容": "株式会社　河村福祉サービス　宇部南【居宅介護支援】山口県宇部市浜町２丁目１１番地１２", "url": "https://www.kaigokensaku.mhlw.go.jp/35/index.php?action_kouhyou_detail_004_kani=true&JigyosyoCd=3570203889-00&ServiceCd=430&Type=search", "url2": "http://www.kawamura-fs.com/" }, "geometry": { "type": "Point", "coordinates": [ 131.233976200000029, 33.9654719 ] } },
{ "type": "Feature", "properties": { "内容": "ニチイケアセンター　西岐波【居宅介護支援】山口県宇部市大字西岐波字浜田1545-1", "url": "https://www.kaigokensaku.mhlw.go.jp/35/index.php?action_kouhyou_detail_004_kani=true&JigyosyoCd=3570200190-00&ServiceCd=430&Type=search", "url2": null }, "geometry": { "type": "Point", "coordinates": [ 131.315846, 33.9618525 ] } },
{ "type": "Feature", "properties": { "内容": "居宅介護支援事業所　のぞみ【居宅介護支援】宇部市大字西万倉２０７４－２", "url": "https://www.kaigokensaku.mhlw.go.jp/35/index.php?action_kouhyou_detail_004_kani=true&JigyosyoCd=3570201578-00&ServiceCd=430&Type=search", "url2": "https://www.nozomi-ltd.com" }, "geometry": { "type": "Point", "coordinates": [ 131.237525399999981, 34.0646967 ] } },
{ "type": "Feature", "properties": { "内容": "ケアマネセンターいろはに【居宅介護支援】山口県宇部市中村三丁目7-34-3", "url": "https://www.kaigokensaku.mhlw.go.jp/35/index.php?action_kouhyou_detail_004_kani=true&JigyosyoCd=3570204549-00&ServiceCd=430&Type=search", "url2": null }, "geometry": { "type": "Point", "coordinates": [ 131.260990575463097, 33.960319581517389 ] } },
{ "type": "Feature", "properties": { "内容": "ケアマネセンター未来【居宅介護支援】山口県宇部市大字船木1016番地1", "url": "https://www.kaigokensaku.mhlw.go.jp/35/index.php?action_kouhyou_detail_004_kani=true&JigyosyoCd=3570201883-00&ServiceCd=430&Type=search", "url2": "http://aiyuukai-mirai.jp" }, "geometry": { "type": "Point", "coordinates": [ 131.222182376061312, 34.041214805413155 ] } },
{ "type": "Feature", "properties": { "内容": "若菜居宅介護支援事業所【居宅介護支援】山口県宇部市東岐波5436-4", "url": "https://www.kaigokensaku.mhlw.go.jp/35/index.php?action_kouhyou_detail_004_kani=true&JigyosyoCd=3570202956-00&ServiceCd=430&Type=search", "url2": "wakanakyotaku@outlook.com" }, "geometry": { "type": "Point", "coordinates": [ 131.3458331, 33.9719198 ] } },
{ "type": "Feature", "properties": { "内容": "むべの里居宅介護支援事業所博愛園【居宅介護支援】山口県宇部市中村2丁目7-43", "url": "https://www.kaigokensaku.mhlw.go.jp/35/index.php?action_kouhyou_detail_004_kani=true&JigyosyoCd=3570204648-00&ServiceCd=430&Type=search", "url2": "https://mubekouei.com/" }, "geometry": { "type": "Point", "coordinates": [ 131.26143620364212, 33.963001348636944 ] } },
{ "type": "Feature", "properties": { "内容": "アイビーケアサポートセンター【居宅介護支援】山口市嘉川4825-1", "url": "https://www.kaigokensaku.mhlw.go.jp/35/index.php?action_kouhyou_detail_004_kani=true&JigyosyoCd=3570302459-00&ServiceCd=430&Type=search", "url2": "合同会社　大輪" }, "geometry": { "type": "Point", "coordinates": [ 131.374584599999906, 34.0725239 ] } },
{ "type": "Feature", "properties": { "内容": "佐々木在宅ケアセンタ－【居宅介護支援】山口市泉都町9-7", "url": "https://www.kaigokensaku.mhlw.go.jp/35/index.php?action_kouhyou_detail_004_kani=true&JigyosyoCd=3570300073-00&ServiceCd=430&Type=search", "url2": "https://sasaki-geka.jp/care.html" }, "geometry": { "type": "Point", "coordinates": [ 131.461353799999983, 34.1670272 ] } },
{ "type": "Feature", "properties": { "内容": "山口市社会福祉協議会　南部指定居宅介護支援事業所【居宅介護支援】山口県山口市小郡下郷１４３７番地６", "url": "https://www.kaigokensaku.mhlw.go.jp/35/index.php?action_kouhyou_detail_004_kani=true&JigyosyoCd=3570301121-00&ServiceCd=430&Type=search", "url2": null }, "geometry": { "type": "Point", "coordinates": [ 131.401573399999961, 34.1013625 ] } },
{ "type": "Feature", "properties": { "内容": "日吉台居宅介護支援事業所【居宅介護支援】山口市陶３９６８", "url": "https://www.kaigokensaku.mhlw.go.jp/35/index.php?action_kouhyou_detail_004_kani=true&JigyosyoCd=3570300024-00&ServiceCd=430&Type=search", "url2": "www.hiyoshidai.or.jp" }, "geometry": { "type": "Point", "coordinates": [ 131.420666100000062, 34.0983351 ] } },
{ "type": "Feature", "properties": { "内容": "湯田ケアプランセンター【居宅介護支援】山口県山口市泉都町12‐26", "url": "https://www.kaigokensaku.mhlw.go.jp/35/index.php?action_kouhyou_detail_004_kani=true&JigyosyoCd=3570303960-00&ServiceCd=430&Type=search", "url2": null }, "geometry": { "type": "Point", "coordinates": [ 131.462061, 34.1653937 ] } },
{ "type": "Feature", "properties": { "内容": "白松苑居宅介護支援事業所【居宅介護支援】山口市阿知須４１６７番地１", "url": "https://www.kaigokensaku.mhlw.go.jp/35/index.php?action_kouhyou_detail_004_kani=true&JigyosyoCd=3577600038-00&ServiceCd=430&Type=search", "url2": "http://www.hakusyoen.jp/" }, "geometry": { "type": "Point", "coordinates": [ 131.358168811196947, 34.008615413501886 ] } },
{ "type": "Feature", "properties": { "内容": "医療法人社団向陽会　阿知須同仁病院　居宅介護支援事業所【居宅介護支援】山口市阿知須４２４１－４", "url": "https://www.kaigokensaku.mhlw.go.jp/35/index.php?action_kouhyou_detail_004_kani=true&JigyosyoCd=3517610188-00&ServiceCd=430&Type=search", "url2": "http://www.ajisudohjin.com" }, "geometry": { "type": "Point", "coordinates": [ 131.36015939999993, 34.0100216 ] } },
{ "type": "Feature", "properties": { "内容": "あじす陽だまりの家居宅介護支援事業所【居宅介護支援】山口県山口市阿知須4724-1", "url": "https://www.kaigokensaku.mhlw.go.jp/35/index.php?action_kouhyou_detail_004_kani=true&JigyosyoCd=3570302517-00&ServiceCd=430&Type=search", "url2": null }, "geometry": { "type": "Point", "coordinates": [ 131.35743032474511, 34.008396298139154 ] } },
{ "type": "Feature", "properties": { "内容": "阿知須共立病院【居宅介護支援】山口県山口市阿知須4841-1", "url": "https://www.kaigokensaku.mhlw.go.jp/35/index.php?action_kouhyou_detail_004_kani=true&JigyosyoCd=3517610261-00&ServiceCd=430&Type=search", "url2": "http://www.kyoai.or.jp" }, "geometry": { "type": "Point", "coordinates": [ 131.355546317968788, 34.011315396839343 ] } },
{ "type": "Feature", "properties": { "内容": "山口市社会福祉協議会　あとう居宅介護支援事業所【居宅介護支援】山口県山口市阿東地福上１６９７番地山口市阿東老人福祉センター", "url": "https://www.kaigokensaku.mhlw.go.jp/35/index.php?action_kouhyou_detail_004_kani=true&JigyosyoCd=3570301774-00&ServiceCd=430&Type=search", "url2": null }, "geometry": { "type": "Point", "coordinates": [ 131.668682600000011, 34.3618826 ] } },
{ "type": "Feature", "properties": { "内容": "山口病院居宅介護支援事業所【居宅介護支援】山口市駅通り二丁目８番５号サービス付き高齢者向け住宅　安心の家映華　１Ｆ", "url": "https://www.kaigokensaku.mhlw.go.jp/35/index.php?action_kouhyou_detail_004_kani=true&JigyosyoCd=3570300156-00&ServiceCd=430&Type=search", "url2": "http://www.yamaguchibyouin.jp" }, "geometry": { "type": "Point", "coordinates": [ 131.480401818663012, 34.17483734909888 ] } },
{ "type": "Feature", "properties": { "内容": "地域サポートセンターオ・サーバ【居宅介護支援】山口県山口市下小鯖3936-1", "url": "https://www.kaigokensaku.mhlw.go.jp/35/index.php?action_kouhyou_detail_004_kani=true&JigyosyoCd=3570602411-00&ServiceCd=430&Type=search", "url2": null }, "geometry": { "type": "Point", "coordinates": [ 131.5264991, 34.1312328 ] } },
{ "type": "Feature", "properties": { "内容": "ケアライフ小鯖ケアプランセンター【居宅介護支援】山口県山口市下小鯖520番ケアライフ小鯖ケアプランセンター", "url": "https://www.kaigokensaku.mhlw.go.jp/35/index.php?action_kouhyou_detail_004_kani=true&JigyosyoCd=3570302707-00&ServiceCd=430&Type=search", "url2": "bestlife1165.com/company/" }, "geometry": { "type": "Point", "coordinates": [ 131.524389599999949, 34.1476625 ] } },
{ "type": "Feature", "properties": { "内容": "よしき悠々苑居宅介護支援事業所【居宅介護支援】山口市吉敷佐畑四丁目8番1号", "url": "https://www.kaigokensaku.mhlw.go.jp/35/index.php?action_kouhyou_detail_004_kani=true&JigyosyoCd=3570300032-00&ServiceCd=430&Type=search", "url2": "https://care-net.biz/35/yoshiki-yuuyuuen/" }, "geometry": { "type": "Point", "coordinates": [ 131.428243800000018, 34.1687066 ] } },
{ "type": "Feature", "properties": { "内容": "あさがおケアプラン事業所【居宅介護支援】山口県山口市平野三丁目６－２１ガーデンハイツSAP108", "url": "https://www.kaigokensaku.mhlw.go.jp/35/index.php?action_kouhyou_detail_004_kani=true&JigyosyoCd=3570303887-00&ServiceCd=430&Type=search", "url2": null }, "geometry": { "type": "Point", "coordinates": [ 131.493068579442848, 34.196060406201113 ] } },
{ "type": "Feature", "properties": { "内容": "さんコープ・山口　居宅介護支援事業所【居宅介護支援】山口県山口市熊野町5-17", "url": "https://www.kaigokensaku.mhlw.go.jp/35/index.php?action_kouhyou_detail_004_kani=true&JigyosyoCd=3570302863-00&ServiceCd=430&Type=search", "url2": "http://www.san-coop.jp" }, "geometry": { "type": "Point", "coordinates": [ 131.459019146002191, 34.168182440811442 ] } },
{ "type": "Feature", "properties": { "内容": "一の坂居宅介護支援事業所【居宅介護支援】山口県山口市後河原２３－３", "url": "https://www.kaigokensaku.mhlw.go.jp/35/index.php?action_kouhyou_detail_004_kani=true&JigyosyoCd=3570302509-00&ServiceCd=430&Type=search", "url2": "http://kizuna-y.jp/" }, "geometry": { "type": "Point", "coordinates": [ 131.475648699999965, 34.186287 ] } },
{ "type": "Feature", "properties": { "内容": "山口あかり園居宅介護支援事業所【居宅介護支援】山口県山口市黒川３３６３番地", "url": "https://www.kaigokensaku.mhlw.go.jp/35/index.php?action_kouhyou_detail_004_kani=true&JigyosyoCd=3570300040-00&ServiceCd=430&Type=search", "url2": "http://www.hakuaikai-yamaguchi.jp/" }, "geometry": { "type": "Point", "coordinates": [ 131.438716399999947, 34.1310547 ] } },
{ "type": "Feature", "properties": { "内容": "山口リハビリテーション病院【居宅介護支援】山口市黒川3380番地", "url": "https://www.kaigokensaku.mhlw.go.jp/35/index.php?action_kouhyou_detail_004_kani=true&JigyosyoCd=3510311255-00&ServiceCd=430&Type=search", "url2": "http://www.wadokai.or.jp/yamariha/" }, "geometry": { "type": "Point", "coordinates": [ 131.438966299999947, 34.1319796 ] } },
{ "type": "Feature", "properties": { "内容": "居宅介護支援事業所まーぶる【居宅介護支援】山口県山口市桜畠１丁目３番４２号", "url": "https://www.kaigokensaku.mhlw.go.jp/35/index.php?action_kouhyou_detail_004_kani=true&JigyosyoCd=3570303580-00&ServiceCd=430&Type=search", "url2": "http://www.biidama.com" }, "geometry": { "type": "Point", "coordinates": [ 131.4958106, 34.1918317 ] } },
{ "type": "Feature", "properties": { "内容": "ケアプランセンター泉【居宅介護支援】山口県山口市秋穂東1192-7", "url": "https://www.kaigokensaku.mhlw.go.jp/35/index.php?action_kouhyou_detail_004_kani=true&JigyosyoCd=3570303184-00&ServiceCd=430&Type=search", "url2": "https://www.lcraft-kabushikigaisya.com/" }, "geometry": { "type": "Point", "coordinates": [ 131.463919217488808, 34.02722948578851 ] } },
{ "type": "Feature", "properties": { "内容": "みんなのふるさと居宅介護支援事業所【居宅介護支援】山口市小郡下郷251-9", "url": "https://www.kaigokensaku.mhlw.go.jp/35/index.php?action_kouhyou_detail_004_kani=true&JigyosyoCd=3570301980-00&ServiceCd=430&Type=search", "url2": "https://hp.kaipoke.biz/21n/" }, "geometry": { "type": "Point", "coordinates": [ 131.401485006054997, 34.106473363508989 ] } },
{ "type": "Feature", "properties": { "内容": "小郡在宅ケアセンター【居宅介護支援】山口市小郡下郷747番地21", "url": "https://www.kaigokensaku.mhlw.go.jp/35/index.php?action_kouhyou_detail_004_kani=true&JigyosyoCd=3577600012-00&ServiceCd=430&Type=search", "url2": "http://www.hp-hayashi.or.jp/" }, "geometry": { "type": "Point", "coordinates": [ 131.392515988577316, 34.099920302708384 ] } },
{ "type": "Feature", "properties": { "内容": "ゆめのいろケアプランセンター【居宅介護支援】小郡下郷793番地3第一中央ビル301", "url": "https://www.kaigokensaku.mhlw.go.jp/35/index.php?action_kouhyou_detail_004_kani=true&JigyosyoCd=3570303655-00&ServiceCd=430&Type=search", "url2": null }, "geometry": { "type": "Point", "coordinates": [ 131.3949845, 34.1035703 ] } },
{ "type": "Feature", "properties": { "内容": "老人保健施設みのり苑居宅介護支援事業所【居宅介護支援】山口市小郡下郷８６２番地３", "url": "https://www.kaigokensaku.mhlw.go.jp/35/index.php?action_kouhyou_detail_004_kani=true&JigyosyoCd=3557680000-00&ServiceCd=430&Type=search", "url2": "https://ogoridaiichi.jp/pages/198/" }, "geometry": { "type": "Point", "coordinates": [ 131.3971987, 34.1034567 ] } },
{ "type": "Feature", "properties": { "内容": "居宅介護支援事業所　クローバーハート【居宅介護支援】山口県山口市小郡上郷1745番地5", "url": "https://www.kaigokensaku.mhlw.go.jp/35/index.php?action_kouhyou_detail_004_kani=true&JigyosyoCd=3570303770-00&ServiceCd=430&Type=search", "url2": "https://edihiron.jp" }, "geometry": { "type": "Point", "coordinates": [ 131.416552599999989, 34.1299299 ] } },
{ "type": "Feature", "properties": { "内容": "ケアホーム小郡ケアマネセンター【居宅介護支援】山口県山口市小郡新町2丁目10番21号", "url": "https://www.kaigokensaku.mhlw.go.jp/35/index.php?action_kouhyou_detail_004_kani=true&JigyosyoCd=3570303259-00&ServiceCd=430&Type=search", "url2": "https://care-net.biz/35/carehomeogoori/" }, "geometry": { "type": "Point", "coordinates": [ 131.395870699999932, 34.1144694 ] } },
{ "type": "Feature", "properties": { "内容": "済生会山口地域ケアセンター居宅介護サービス複合施設にほ苑居宅介護支援事業所【居宅介護支援】山口市仁保中郷988-1", "url": "https://www.kaigokensaku.mhlw.go.jp/35/index.php?action_kouhyou_detail_004_kani=true&JigyosyoCd=3570301485-00&ServiceCd=430&Type=search", "url2": "nihoen-06＠saiseikai-care-y.jp" }, "geometry": { "type": "Point", "coordinates": [ 131.559498399999939, 34.2098807 ] } },
{ "type": "Feature", "properties": { "内容": "ツクイ山口【居宅介護支援】山口県山口市大内御堀六丁目2番5号", "url": "https://www.kaigokensaku.mhlw.go.jp/35/index.php?action_kouhyou_detail_004_kani=true&JigyosyoCd=3570303598-00&ServiceCd=430&Type=search", "url2": "https://www.tsukui.net/home-care/2019/" }, "geometry": { "type": "Point", "coordinates": [ 131.4856727, 34.1650776 ] } },
{ "type": "Feature", "properties": { "内容": "居宅介護支援事業所おおうち【居宅介護支援】山口県山口市大内千坊六丁目11-2", "url": "https://www.kaigokensaku.mhlw.go.jp/35/index.php?action_kouhyou_detail_004_kani=true&JigyosyoCd=3570302954-00&ServiceCd=430&Type=search", "url2": "http://i-kenshinkai.com/" }, "geometry": { "type": "Point", "coordinates": [ 131.493374473432937, 34.157903696421265 ] } },
{ "type": "Feature", "properties": { "内容": "ウィンズタウン大内　喜郷居宅介護支援事業所【居宅介護支援】山口県山口市大内長野1558番地1", "url": "https://www.kaigokensaku.mhlw.go.jp/35/index.php?action_kouhyou_detail_004_kani=true&JigyosyoCd=3570303671-00&ServiceCd=430&Type=search", "url2": "http://wins-town.com/" }, "geometry": { "type": "Point", "coordinates": [ 131.5172016, 34.1637804 ] } },
{ "type": "Feature", "properties": { "内容": "居宅介護支援事業所　日日【居宅介護支援】山口県山口市大内長野字佐屋715-101", "url": "https://www.kaigokensaku.mhlw.go.jp/35/index.php?action_kouhyou_detail_004_kani=true&JigyosyoCd=3570303242-00&ServiceCd=430&Type=search", "url2": "https://www.tuna-gari.com" }, "geometry": { "type": "Point", "coordinates": [ 131.514681127701948, 34.154540974344094 ] } },
{ "type": "Feature", "properties": { "内容": "花みずき居宅介護支援事業所【居宅介護支援】山口県山口市大内長野字鍛冶屋２０８番地", "url": "https://www.kaigokensaku.mhlw.go.jp/35/index.php?action_kouhyou_detail_004_kani=true&JigyosyoCd=3570303044-00&ServiceCd=430&Type=search", "url2": "magohana.co.jp" }, "geometry": { "type": "Point", "coordinates": [ 131.518945535612488, 34.163407045631033 ] } },
{ "type": "Feature", "properties": { "内容": "居宅介護支援事業所　アーユス【居宅介護支援】山口市大内矢田北五丁目11番1号", "url": "https://www.kaigokensaku.mhlw.go.jp/35/index.php?action_kouhyou_detail_004_kani=true&JigyosyoCd=3570300131-00&ServiceCd=430&Type=search", "url2": "http://park3.wakwak.com/＾suiseikai/" }, "geometry": { "type": "Point", "coordinates": [ 131.509303029144576, 34.155275995793382 ] } },
{ "type": "Feature", "properties": { "内容": "梅光苑地域サポートセンター【居宅介護支援】山口市鋳銭司１２３６１番地の３", "url": "https://www.kaigokensaku.mhlw.go.jp/35/index.php?action_kouhyou_detail_004_kani=true&JigyosyoCd=3570300057-00&ServiceCd=430&Type=search", "url2": "http://www.aikawaiin.or.jp/baikouen/" }, "geometry": { "type": "Point", "coordinates": [ 131.4388367, 34.06665880000002 ] } },
{ "type": "Feature", "properties": { "内容": "介護老人保健施設あいあい山口指定居宅介護支援事業所【居宅介護支援】山口市鋳銭司５９６３-1サービス付き高齢者向け住宅シニアレジデンス　ウィズ・アイ　１階", "url": "https://www.kaigokensaku.mhlw.go.jp/35/index.php?action_kouhyou_detail_004_kani=true&JigyosyoCd=3570300149-00&ServiceCd=430&Type=search", "url2": "http://www.aikawaiin.or.jp/aiai/" }, "geometry": { "type": "Point", "coordinates": [ 131.4434334, 34.0840844 ] } },
{ "type": "Feature", "properties": { "内容": "済生会山口地域ケアセンター在宅複合型施設やすらぎ居宅介護支援事業所【居宅介護支援】山口市朝倉町４－５５－６", "url": "https://www.kaigokensaku.mhlw.go.jp/35/index.php?action_kouhyou_detail_004_kani=true&JigyosyoCd=3570300016-00&ServiceCd=430&Type=search", "url2": "http://www.c-able.ne.jp/~saiyama/top2html" }, "geometry": { "type": "Point", "coordinates": [ 131.453462700000046, 34.1763789 ] } },
{ "type": "Feature", "properties": { "内容": "居宅介護支援事業所むっちゃん方【居宅介護支援】山口市徳地島地590番地2", "url": "https://www.kaigokensaku.mhlw.go.jp/35/index.php?action_kouhyou_detail_004_kani=true&JigyosyoCd=3570301816-00&ServiceCd=430&Type=search", "url2": "http://www.mucchankata.com/" }, "geometry": { "type": "Point", "coordinates": [ 131.695758298811342, 34.164741164031362 ] } },
{ "type": "Feature", "properties": { "内容": "とくぢ苑指定居宅介護支援事業所【居宅介護支援】山口県山口市徳地八坂1330番地", "url": "https://www.kaigokensaku.mhlw.go.jp/35/index.php?action_kouhyou_detail_004_kani=true&JigyosyoCd=3577500014-00&ServiceCd=430&Type=search", "url2": "www.tokudien.jp" }, "geometry": { "type": "Point", "coordinates": [ 131.659968299999946, 34.2341075 ] } },
{ "type": "Feature", "properties": { "内容": "ヨシヤ　徳地【居宅介護支援】山口市徳地堀3939－1サービス付き高齢者向け住宅風の郷", "url": "https://www.kaigokensaku.mhlw.go.jp/35/index.php?action_kouhyou_detail_004_kani=true&JigyosyoCd=3577500022-00&ServiceCd=430&Type=search", "url2": null }, "geometry": { "type": "Point", "coordinates": [ 131.628772500000053, 34.1777519 ] } },
{ "type": "Feature", "properties": { "内容": "夢の湖村　居宅介護支援事業所【居宅介護支援】山口県山口市楠木町4番19-3号", "url": "https://www.kaigokensaku.mhlw.go.jp/35/index.php?action_kouhyou_detail_004_kani=true&JigyosyoCd=3570302087-00&ServiceCd=430&Type=search", "url2": "http://www.yumenomizuumi.com/" }, "geometry": { "type": "Point", "coordinates": [ 131.453938200000039, 34.1689588 ] } },
{ "type": "Feature", "properties": { "内容": "山口市熊野町4-39【居宅介護支援】熊野町4-39", "url": "https://www.kaigokensaku.mhlw.go.jp/35/index.php?action_kouhyou_detail_004_kani=true&JigyosyoCd=3570303903-00&ServiceCd=430&Type=search", "url2": null }, "geometry": { "type": "Point", "coordinates": [ 136.9876228, 34.9963358 ] } },
{ "type": "Feature", "properties": { "内容": "合同会社らいふ居宅支援事業所【居宅介護支援】山口県山口市徳地島地2138番地3", "url": "https://www.kaigokensaku.mhlw.go.jp/35/index.php?action_kouhyou_detail_004_kani=true&JigyosyoCd=3570302731-00&ServiceCd=430&Type=search", "url2": null }, "geometry": { "type": "Point", "coordinates": [ 131.701996799999961, 34.1571809 ] } },
{ "type": "Feature", "properties": { "内容": "青藍会在宅医療支援センター山口在宅マネジメントセンター【居宅介護支援】山口市吉敷中東一丁目1-2ハートホーム山口", "url": "https://www.kaigokensaku.mhlw.go.jp/35/index.php?action_kouhyou_detail_004_kani=true&JigyosyoCd=3570302996-00&ServiceCd=430&Type=search", "url2": "http://www.seirankai.or.jp" }, "geometry": { "type": "Point", "coordinates": [ 131.447319309925888, 34.166879104620541 ] } },
{ "type": "Feature", "properties": { "内容": "居宅介護支援事業所こころのにじ【居宅介護支援】山口県山口市小郡下郷850番地20", "url": "https://www.kaigokensaku.mhlw.go.jp/35/index.php?action_kouhyou_detail_004_kani=true&JigyosyoCd=3570303150-00&ServiceCd=430&Type=search", "url2": "http://hp.kaipoke.biz/nar/" }, "geometry": { "type": "Point", "coordinates": [ 131.39616, 34.1002793 ] } },
{ "type": "Feature", "properties": { "内容": "青藍会在宅医療支援センター新山口指定居宅介護支援事業所【居宅介護支援】山口県山口市小郡平成町1-18", "url": "https://www.kaigokensaku.mhlw.go.jp/35/index.php?action_kouhyou_detail_004_kani=true&JigyosyoCd=3577600418-00&ServiceCd=430&Type=search", "url2": "http://www.seirankai.or.jp" }, "geometry": { "type": "Point", "coordinates": [ 131.400471, 34.0878253 ] } },
{ "type": "Feature", "properties": { "内容": "居宅介護支援事業所おはな【居宅介護支援】山口市徳地堀1701", "url": "https://www.kaigokensaku.mhlw.go.jp/35/index.php?action_kouhyou_detail_004_kani=true&JigyosyoCd=3570301824-00&ServiceCd=430&Type=search", "url2": "おはな.com" }, "geometry": { "type": "Point", "coordinates": [ 131.656545557811, 34.188713727684075 ] } },
{ "type": "Feature", "properties": { "内容": "松井介護支援事務所【居宅介護支援】山口県山口市上竪小路24-1", "url": "https://www.kaigokensaku.mhlw.go.jp/35/index.php?action_kouhyou_detail_004_kani=true&JigyosyoCd=3570301667-00&ServiceCd=430&Type=search", "url2": null }, "geometry": { "type": "Point", "coordinates": [ 131.476562623043918, 34.188401214437242 ] } },
{ "type": "Feature", "properties": { "内容": "ひなた居宅介護支援事業所【居宅介護支援】山口市宮野下1395-7", "url": "https://www.kaigokensaku.mhlw.go.jp/35/index.php?action_kouhyou_detail_004_kani=true&JigyosyoCd=3570303127-00&ServiceCd=430&Type=search", "url2": "http://y-fukushi.com/" }, "geometry": { "type": "Point", "coordinates": [ 131.494122217321745, 34.184581254354029 ] } },
{ "type": "Feature", "properties": { "内容": "居宅介護支援事業所あゆみ【居宅介護支援】山口県萩市大字平安古町107番地13", "url": "https://www.kaigokensaku.mhlw.go.jp/35/index.php?action_kouhyou_detail_004_kani=true&JigyosyoCd=3570400956-00&ServiceCd=430&Type=search", "url2": "https://kyotaku-ayumi.com/" }, "geometry": { "type": "Point", "coordinates": [ 131.385884981010037, 34.40772265466812 ] } },
{ "type": "Feature", "properties": { "内容": "都志見居宅介護支援事業所【居宅介護支援】山口県萩市江向413番地の１", "url": "https://www.kaigokensaku.mhlw.go.jp/35/index.php?action_kouhyou_detail_004_kani=true&JigyosyoCd=3570400105-00&ServiceCd=430&Type=search", "url2": "http://www.tsushimi.jp/" }, "geometry": { "type": "Point", "coordinates": [ 131.401026499999944, 34.4065185 ] } },
{ "type": "Feature", "properties": { "内容": "あさひ居宅介護支援事業所【居宅介護支援】萩市大字佐々並２４９４－１", "url": "https://www.kaigokensaku.mhlw.go.jp/35/index.php?action_kouhyou_detail_004_kani=true&JigyosyoCd=3578100103-00&ServiceCd=430&Type=search", "url2": null }, "geometry": { "type": "Point", "coordinates": [ 131.458092648626661, 34.284400200593232 ] } },
{ "type": "Feature", "properties": { "内容": "すさ苑居宅介護支援事業所【居宅介護支援】萩市大字須佐1378-1", "url": "https://www.kaigokensaku.mhlw.go.jp/35/index.php?action_kouhyou_detail_004_kani=true&JigyosyoCd=3578100061-00&ServiceCd=430&Type=search", "url2": null }, "geometry": { "type": "Point", "coordinates": [ 131.607869, 34.6128762 ] } },
{ "type": "Feature", "properties": { "内容": "オアシスはぎ園居宅介護支援事業所【居宅介護支援】萩市大井1689番地13", "url": "https://www.kaigokensaku.mhlw.go.jp/35/index.php?action_kouhyou_detail_004_kani=true&JigyosyoCd=3570400246-00&ServiceCd=430&Type=search", "url2": "https://jigyodan-yg.jp/hagien/" }, "geometry": { "type": "Point", "coordinates": [ 131.444483, 34.4726458 ] } },
{ "type": "Feature", "properties": { "内容": "萩市指定介護支援事業所かがやき【居宅介護支援】萩市大字椿2398-1", "url": "https://www.kaigokensaku.mhlw.go.jp/35/index.php?action_kouhyou_detail_004_kani=true&JigyosyoCd=3570400287-00&ServiceCd=430&Type=search", "url2": "http://hagi-kagayaki.or.jp" }, "geometry": { "type": "Point", "coordinates": [ 131.402842674829799, 34.393728120834822 ] } },
{ "type": "Feature", "properties": { "内容": "ＪＡ介護支援センター萩【居宅介護支援】山口県萩市大字椿３０３２番地", "url": "https://www.kaigokensaku.mhlw.go.jp/35/index.php?action_kouhyou_detail_004_kani=true&JigyosyoCd=3570400923-00&ServiceCd=430&Type=search", "url2": "http://www.ja-syunan.or.jp" }, "geometry": { "type": "Point", "coordinates": [ 131.4010854, 34.3980496 ] } },
{ "type": "Feature", "properties": { "内容": "指定居宅介護支援事業所さんみ苑【居宅介護支援】山口県萩市土原521番地1", "url": "https://www.kaigokensaku.mhlw.go.jp/35/index.php?action_kouhyou_detail_004_kani=true&JigyosyoCd=3570400030-00&ServiceCd=430&Type=search", "url2": "http://www.futaba-hagi.jp/sanmi_02/menu_01.html" }, "geometry": { "type": "Point", "coordinates": [ 131.404782228054074, 34.409839872384289 ] } },
{ "type": "Feature", "properties": { "内容": "萩社協居宅介護支援事業所【居宅介護支援】萩市大字福井下3999番地6福栄総合事務所ふくえ～る内", "url": "https://www.kaigokensaku.mhlw.go.jp/35/index.php?action_kouhyou_detail_004_kani=true&JigyosyoCd=3570400782-00&ServiceCd=430&Type=search", "url2": null }, "geometry": { "type": "Point", "coordinates": [ 131.483482467984032, 34.433275116236544 ] } },
{ "type": "Feature", "properties": { "内容": "ケアパートナー　いろは【居宅介護支援】山口県萩市弥富下4083-1", "url": "https://www.kaigokensaku.mhlw.go.jp/35/index.php?action_kouhyou_detail_004_kani=true&JigyosyoCd=3570400865-00&ServiceCd=430&Type=search", "url2": null }, "geometry": { "type": "Point", "coordinates": [ 131.639644800000013, 34.5512656 ] } },
{ "type": "Feature", "properties": { "内容": "ケアサポート　四季【居宅介護支援】山口県萩市土原35番地３たなかセンタービル", "url": "https://www.kaigokensaku.mhlw.go.jp/35/index.php?action_kouhyou_detail_004_kani=true&JigyosyoCd=3570400642-00&ServiceCd=430&Type=search", "url2": null }, "geometry": { "type": "Point", "coordinates": [ 131.407391279309621, 34.406050986568317 ] } },
{ "type": "Feature", "properties": { "内容": "田町診療所居宅介護支援事業所【居宅介護支援】萩市大字下五間町50番地", "url": "https://www.kaigokensaku.mhlw.go.jp/35/index.php?action_kouhyou_detail_004_kani=true&JigyosyoCd=3570400477-00&ServiceCd=430&Type=search", "url2": "http://www.tamachi.net/" }, "geometry": { "type": "Point", "coordinates": [ 131.401353742258493, 34.413742427704975 ] } },
{ "type": "Feature", "properties": { "内容": "有限会社　ひまわり【居宅介護支援】山口県萩市大字山田4731番地11階", "url": "https://www.kaigokensaku.mhlw.go.jp/35/index.php?action_kouhyou_detail_004_kani=true&JigyosyoCd=3570400048-00&ServiceCd=430&Type=search", "url2": "https://himawari-hagi.com/" }, "geometry": { "type": "Point", "coordinates": [ 131.381425882068953, 34.404956616092846 ] } },
{ "type": "Feature", "properties": { "内容": "萩ほの花居宅介護支援事業所【居宅介護支援】山口県萩市大字東田町61番地201号室岩崎ビル201号室", "url": "https://www.kaigokensaku.mhlw.go.jp/35/index.php?action_kouhyou_detail_004_kani=true&JigyosyoCd=3570400857-00&ServiceCd=430&Type=search", "url2": null }, "geometry": { "type": "Point", "coordinates": [ 131.401855899999987, 34.4113679 ] } },
{ "type": "Feature", "properties": { "内容": "むれ居宅介護支援事業所【居宅介護支援】防府市大字牟礼字山ノ口836-3", "url": "https://www.kaigokensaku.mhlw.go.jp/35/index.php?action_kouhyou_detail_004_kani=true&JigyosyoCd=3570601504-00&ServiceCd=430&Type=search", "url2": "http://mureen.net/murekyotaku.html" }, "geometry": { "type": "Point", "coordinates": [ 131.611962179603523, 34.065586488329863 ] } },
{ "type": "Feature", "properties": { "内容": "特定非営利活動法人さわやか防府【居宅介護支援】山口県防府市中西２９－７－２階", "url": "https://www.kaigokensaku.mhlw.go.jp/35/index.php?action_kouhyou_detail_004_kani=true&JigyosyoCd=3570600753-00&ServiceCd=430&Type=search", "url2": "https://www.sawayakahofu.com" }, "geometry": { "type": "Point", "coordinates": [ 131.604260223130723, 34.061620624970409 ] } },
{ "type": "Feature", "properties": { "内容": "コミュニティケア防府　福祉相談室【居宅介護支援】防府市栄町１丁目１０－２０エンゼルビル２F", "url": "https://www.kaigokensaku.mhlw.go.jp/35/index.php?action_kouhyou_detail_004_kani=true&JigyosyoCd=3570601520-00&ServiceCd=430&Type=search", "url2": null }, "geometry": { "type": "Point", "coordinates": [ 131.571428435581964, 34.056308938515429 ] } },
{ "type": "Feature", "properties": { "内容": "居宅介護支援事業所　いこい【居宅介護支援】山口県防府市千日1-5-44", "url": "https://www.kaigokensaku.mhlw.go.jp/35/index.php?action_kouhyou_detail_004_kani=true&JigyosyoCd=3570602239-00&ServiceCd=430&Type=search", "url2": null }, "geometry": { "type": "Point", "coordinates": [ 131.561005839881062, 34.057186251947925 ] } },
{ "type": "Feature", "properties": { "内容": "あいおい苑居宅介護支援事業所【居宅介護支援】防府市高井544宇佐川ビル1階", "url": "https://www.kaigokensaku.mhlw.go.jp/35/index.php?action_kouhyou_detail_004_kani=true&JigyosyoCd=3570600878-00&ServiceCd=430&Type=search", "url2": "http://www.hitotsunokai.jp" }, "geometry": { "type": "Point", "coordinates": [ 131.554353349614786, 34.071140631781915 ] } },
{ "type": "Feature", "properties": { "内容": "社会福祉法人　防府市社会福祉事業団　ホームヘルパーセンター【居宅介護支援】防府市天神1丁目6番20号", "url": "https://www.kaigokensaku.mhlw.go.jp/35/index.php?action_kouhyou_detail_004_kani=true&JigyosyoCd=3570600100-00&ServiceCd=430&Type=search", "url2": "http://www.c-able.ne.jp/~jigyodan/" }, "geometry": { "type": "Point", "coordinates": [ 131.5738586, 34.0551316 ] } },
{ "type": "Feature", "properties": { "内容": "居宅介護支援事業所　山吹【居宅介護支援】山口県防府市鋳物師町8番1和光レジデンス110号", "url": "https://www.kaigokensaku.mhlw.go.jp/35/index.php?action_kouhyou_detail_004_kani=true&JigyosyoCd=3570602205-00&ServiceCd=430&Type=search", "url2": "なし" }, "geometry": { "type": "Point", "coordinates": [ 131.575132541936, 34.052629393051923 ] } },
{ "type": "Feature", "properties": { "内容": "ケアプランセンターつばさ【居宅介護支援】山口県防府市富海1018", "url": "https://www.kaigokensaku.mhlw.go.jp/35/index.php?action_kouhyou_detail_004_kani=true&JigyosyoCd=3570602544-00&ServiceCd=430&Type=search", "url2": null }, "geometry": { "type": "Point", "coordinates": [ 131.645448, 34.0531255 ] } },
{ "type": "Feature", "properties": { "内容": "グリーンライフ防府沖今宿ケアプランセンター【居宅介護支援】山口県防府市沖今宿一丁目18番20号", "url": "https://www.kaigokensaku.mhlw.go.jp/35/index.php?action_kouhyou_detail_004_kani=true&JigyosyoCd=3570602601-00&ServiceCd=430&Type=search", "url2": null }, "geometry": { "type": "Point", "coordinates": [ 131.59945110000001, 34.0487465 ] } },
{ "type": "Feature", "properties": { "内容": "むべの里居宅介護支援事業所防府【居宅介護支援】山口県防府市車塚町11-9", "url": "https://www.kaigokensaku.mhlw.go.jp/35/index.php?action_kouhyou_detail_004_kani=true&JigyosyoCd=3570602643-00&ServiceCd=430&Type=search", "url2": "https://mubekouei.com" }, "geometry": { "type": "Point", "coordinates": [ 131.5744585, 34.0505296 ] } },
{ "type": "Feature", "properties": { "内容": "夢のみずうみ村　防府居宅介護支援所【居宅介護支援】山口県防府市西浦2429番地1", "url": "https://www.kaigokensaku.mhlw.go.jp/35/index.php?action_kouhyou_detail_004_kani=true&JigyosyoCd=3570602650-00&ServiceCd=430&Type=search", "url2": "https://yumenomizuumi.com/" }, "geometry": { "type": "Point", "coordinates": [ 131.510405889292883, 34.010016399075809 ] } },
{ "type": "Feature", "properties": { "内容": "ヘスティア華城居宅介護支援事業所【居宅介護支援】防府市伊佐江1039番地の1", "url": "https://www.kaigokensaku.mhlw.go.jp/35/index.php?action_kouhyou_detail_004_kani=true&JigyosyoCd=3570600308-00&ServiceCd=430&Type=search", "url2": "http://kaseikai.com/" }, "geometry": { "type": "Point", "coordinates": [ 131.5441558, 34.0395198 ] } },
{ "type": "Feature", "properties": { "内容": "あんしん防府【居宅介護支援】山口県防府市華城中央１丁目１９番５号", "url": "https://www.kaigokensaku.mhlw.go.jp/35/index.php?action_kouhyou_detail_004_kani=true&JigyosyoCd=3570602072-00&ServiceCd=430&Type=search", "url2": null }, "geometry": { "type": "Point", "coordinates": [ 131.544091500000036, 34.0424396 ] } },
{ "type": "Feature", "properties": { "内容": "岸津苑在宅介護支援センター【居宅介護支援】防府市岸津2丁目24番20号", "url": "https://www.kaigokensaku.mhlw.go.jp/35/index.php?action_kouhyou_detail_004_kani=true&JigyosyoCd=3570600043-00&ServiceCd=430&Type=search", "url2": "http://www.shuyou.jp/" }, "geometry": { "type": "Point", "coordinates": [ 131.593606899999941, 34.0496799 ] } },
{ "type": "Feature", "properties": { "内容": "株式会社ピーエー　ゆうの風三田尻居宅介護支援事業所【居宅介護支援】防府市警固町１丁目６番39号", "url": "https://www.kaigokensaku.mhlw.go.jp/35/index.php?action_kouhyou_detail_004_kani=true&JigyosyoCd=3570601249-00&ServiceCd=430&Type=search", "url2": "care-net.biz/35/younokaze/" }, "geometry": { "type": "Point", "coordinates": [ 131.578858229360947, 34.050108947792886 ] } },
{ "type": "Feature", "properties": { "内容": "やはず居宅介護支援事業所【居宅介護支援】山口県防府市大字江泊１７９０番地", "url": "https://www.kaigokensaku.mhlw.go.jp/35/index.php?action_kouhyou_detail_004_kani=true&JigyosyoCd=3570601082-00&ServiceCd=430&Type=search", "url2": "http://www.akatsukikai.com" }, "geometry": { "type": "Point", "coordinates": [ 131.606226050926239, 34.055021676747309 ] } },
{ "type": "Feature", "properties": { "内容": "ふうき居宅介護支援事業所【居宅介護支援】山口県防府市国分寺町5番29号", "url": "https://www.kaigokensaku.mhlw.go.jp/35/index.php?action_kouhyou_detail_004_kani=true&JigyosyoCd=3570601777-00&ServiceCd=430&Type=search", "url2": "http://hp.kaipoke.biz/0a3/" }, "geometry": { "type": "Point", "coordinates": [ 131.5791777986326, 34.065596873549431 ] } },
{ "type": "Feature", "properties": { "内容": "松本クリニック居宅介護支援事業所【居宅介護支援】山口県防府市国衙四丁目6番20号松本クリニック", "url": "https://www.kaigokensaku.mhlw.go.jp/35/index.php?action_kouhyou_detail_004_kani=true&JigyosyoCd=3570601587-00&ServiceCd=430&Type=search", "url2": "http://matsuclinic.info/" }, "geometry": { "type": "Point", "coordinates": [ 131.592287599999963, 34.0580259 ] } },
{ "type": "Feature", "properties": { "内容": "光山医院居宅介護支援事業所【居宅介護支援】防府市今市町21-15", "url": "https://www.kaigokensaku.mhlw.go.jp/35/index.php?action_kouhyou_detail_004_kani=true&JigyosyoCd=3570601421-00&ServiceCd=430&Type=search", "url2": "//www.mitsuyama-c.com/" }, "geometry": { "type": "Point", "coordinates": [ 131.565066290876757, 34.062888780223744 ] } },
{ "type": "Feature", "properties": { "内容": "在宅介護支援センターはくあい【居宅介護支援】山口県防府市三田尻１丁目１－２４", "url": "https://www.kaigokensaku.mhlw.go.jp/35/index.php?action_kouhyou_detail_004_kani=true&JigyosyoCd=3570600068-00&ServiceCd=430&Type=search", "url2": "https://hakuai.net/" }, "geometry": { "type": "Point", "coordinates": [ 131.572369900000012, 34.0484354 ] } },
{ "type": "Feature", "properties": { "内容": "居宅介護支援事業所　白雲荘【居宅介護支援】防府市三田尻一丁目1-24", "url": "https://www.kaigokensaku.mhlw.go.jp/35/index.php?action_kouhyou_detail_004_kani=true&JigyosyoCd=3570602122-00&ServiceCd=430&Type=search", "url2": "http://hakuai.net/" }, "geometry": { "type": "Point", "coordinates": [ 131.572125701188725, 34.048333256723936 ] } },
{ "type": "Feature", "properties": { "内容": "居宅介護支援事業所　晴【居宅介護支援】山口県防府市自由ヶ丘3丁目2-4", "url": "https://www.kaigokensaku.mhlw.go.jp/35/index.php?action_kouhyou_detail_004_kani=true&JigyosyoCd=3570602395-00&ServiceCd=430&Type=search", "url2": null }, "geometry": { "type": "Point", "coordinates": [ 131.541320399999989, 34.0689891 ] } },
{ "type": "Feature", "properties": { "内容": "ケアプランセンターひなた【居宅介護支援】山口県防府市車塚町6－33シティハイツＫ－101", "url": "https://www.kaigokensaku.mhlw.go.jp/35/index.php?action_kouhyou_detail_004_kani=true&JigyosyoCd=3570602510-00&ServiceCd=430&Type=search", "url2": "http://k-houyuukai.com/" }, "geometry": { "type": "Point", "coordinates": [ 131.5724586, 34.0520011 ] } },
{ "type": "Feature", "properties": { "内容": "好日苑居宅介護支援事業所【居宅介護支援】防府市戎町2丁目5番1号", "url": "https://www.kaigokensaku.mhlw.go.jp/35/index.php?action_kouhyou_detail_004_kani=true&JigyosyoCd=3570600027-00&ServiceCd=430&Type=search", "url2": "https://www.syoujyukai.or.jp" }, "geometry": { "type": "Point", "coordinates": [ 131.5703532, 34.0590505 ] } },
{ "type": "Feature", "properties": { "内容": "ライフケア高砂　居宅介護支援事業所【居宅介護支援】山口県防府市上右田334", "url": "https://www.kaigokensaku.mhlw.go.jp/35/index.php?action_kouhyou_detail_004_kani=true&JigyosyoCd=3570602148-00&ServiceCd=430&Type=search", "url2": "http://life-care-takasago.jp/" }, "geometry": { "type": "Point", "coordinates": [ 131.58086769999997, 34.0951633 ] } },
{ "type": "Feature", "properties": { "内容": "ケアプランセンターあこっと【居宅介護支援】山口県防府市植松234-11", "url": "https://www.kaigokensaku.mhlw.go.jp/35/index.php?action_kouhyou_detail_004_kani=true&JigyosyoCd=3570602429-00&ServiceCd=430&Type=search", "url2": "https://www.lcraft-kabushikigaisya.com" }, "geometry": { "type": "Point", "coordinates": [ 131.5374578, 34.049823500000024 ] } },
{ "type": "Feature", "properties": { "内容": "楽さん家居宅介護支援事業所【居宅介護支援】防府市新田９６６番地の１", "url": "https://www.kaigokensaku.mhlw.go.jp/35/index.php?action_kouhyou_detail_004_kani=true&JigyosyoCd=3570601116-00&ServiceCd=430&Type=search", "url2": "http://www.c-able.ne.jp/~s-raku/" }, "geometry": { "type": "Point", "coordinates": [ 131.577133723294509, 34.022574762624622 ] } },
{ "type": "Feature", "properties": { "内容": "防府在宅介護支援センター尚歯堂【居宅介護支援】防府市新田780-3", "url": "https://www.kaigokensaku.mhlw.go.jp/35/index.php?action_kouhyou_detail_004_kani=true&JigyosyoCd=3570600084-00&ServiceCd=430&Type=search", "url2": "http://www.sokuinkai.com/" }, "geometry": { "type": "Point", "coordinates": [ 131.564116923417714, 34.031864880559986 ] } },
{ "type": "Feature", "properties": { "内容": "ケアプランセンター　プルメリア【居宅介護支援】山口県防府市大字新田818-1", "url": "https://www.kaigokensaku.mhlw.go.jp/35/index.php?action_kouhyou_detail_004_kani=true&JigyosyoCd=3570602270-00&ServiceCd=430&Type=search", "url2": null }, "geometry": { "type": "Point", "coordinates": [ 131.564362699999947, 34.0298684 ] } },
{ "type": "Feature", "properties": { "内容": "一葉居宅介護支援事業所【居宅介護支援】山口県防府市西浦2367-65", "url": "https://www.kaigokensaku.mhlw.go.jp/35/index.php?action_kouhyou_detail_004_kani=true&JigyosyoCd=3570302020-00&ServiceCd=430&Type=search", "url2": null }, "geometry": { "type": "Point", "coordinates": [ 131.516087, 34.0115355 ] } },
{ "type": "Feature", "properties": { "内容": "医療法人和同会　防府リハビリテーション病院【居宅介護支援】防府市大字台道1634番地の1", "url": "https://www.kaigokensaku.mhlw.go.jp/35/index.php?action_kouhyou_detail_004_kani=true&JigyosyoCd=3510611241-00&ServiceCd=430&Type=search", "url2": "http://www.wadokai.or.jp/hofureha" }, "geometry": { "type": "Point", "coordinates": [ 131.493590306220995, 34.069373894168301 ] } },
{ "type": "Feature", "properties": { "内容": "防府あかり園在宅介護支援センター【居宅介護支援】防府市大字台道1684番地", "url": "https://www.kaigokensaku.mhlw.go.jp/35/index.php?action_kouhyou_detail_004_kani=true&JigyosyoCd=3570600019-00&ServiceCd=430&Type=search", "url2": "http://www.hakuaikai-yamaguchi.jp/" }, "geometry": { "type": "Point", "coordinates": [ 131.492418, 34.0690184 ] } },
{ "type": "Feature", "properties": { "内容": "居宅介護支援事業所　はぴね防府【居宅介護支援】防府市大字田島１４６０－４", "url": "https://www.kaigokensaku.mhlw.go.jp/35/index.php?action_kouhyou_detail_004_kani=true&JigyosyoCd=3570601843-00&ServiceCd=430&Type=search", "url2": "http://www.greenlife-inc.co.jp/" }, "geometry": { "type": "Point", "coordinates": [ 131.54722270000002, 34.0226077 ] } },
{ "type": "Feature", "properties": { "内容": "きんこう居宅介護支援センター【居宅介護支援】防府市大字田島433番地", "url": "https://www.kaigokensaku.mhlw.go.jp/35/index.php?action_kouhyou_detail_004_kani=true&JigyosyoCd=3570600936-00&ServiceCd=430&Type=search", "url2": null }, "geometry": { "type": "Point", "coordinates": [ 131.55198340000004, 34.0241688 ] } },
{ "type": "Feature", "properties": { "内容": "とのみ居宅介護支援事業所【居宅介護支援】防府市大字富海2520", "url": "https://www.kaigokensaku.mhlw.go.jp/35/index.php?action_kouhyou_detail_004_kani=true&JigyosyoCd=3570600787-00&ServiceCd=430&Type=search", "url2": "info@yamame-hofu.co.jp" }, "geometry": { "type": "Point", "coordinates": [ 131.641451400000051, 34.0480124 ] } },
{ "type": "Feature", "properties": { "内容": "ケアパートナー防府指定居宅介護支援事業所【居宅介護支援】防府市本橋町17番16号", "url": "https://www.kaigokensaku.mhlw.go.jp/35/index.php?action_kouhyou_detail_004_kani=true&JigyosyoCd=3570601033-00&ServiceCd=430&Type=search", "url2": "http://www.care-partner.com/" }, "geometry": { "type": "Point", "coordinates": [ 131.566186600000037, 34.0674548 ] } },
{ "type": "Feature", "properties": { "内容": "医療法人康淳会　ナーシングホーム緑町居宅介護支援事業所【居宅介護支援】山口県防府市緑町一丁目7番61号", "url": "https://www.kaigokensaku.mhlw.go.jp/35/index.php?action_kouhyou_detail_004_kani=true&JigyosyoCd=3570601561-00&ServiceCd=430&Type=search", "url2": "https://nursing-home.jp/" }, "geometry": { "type": "Point", "coordinates": [ 131.577977700000019, 34.0546595 ] } },
{ "type": "Feature", "properties": { "内容": "有限会社　防府ケア・サービス　ケアプランセンター【居宅介護支援】山口県防府市緑町２丁目４－２８", "url": "https://www.kaigokensaku.mhlw.go.jp/35/index.php?action_kouhyou_detail_004_kani=true&JigyosyoCd=3570600191-00&ServiceCd=430&Type=search", "url2": "https://hofucare.jp/" }, "geometry": { "type": "Point", "coordinates": [ 131.580052801188685, 34.054099054938831 ] } },
{ "type": "Feature", "properties": { "内容": "宅粋庵居宅介護支援事業所【居宅介護支援】山口県防府市勝間２丁目10-30", "url": "https://www.kaigokensaku.mhlw.go.jp/35/index.php?action_kouhyou_detail_004_kani=true&JigyosyoCd=3570601298-00&ServiceCd=430&Type=search", "url2": null }, "geometry": { "type": "Point", "coordinates": [ 131.58518132054715, 34.048351988822581 ] } },
{ "type": "Feature", "properties": { "内容": "ケアプランセンターたかぎ【居宅介護支援】山口県防府市大字江泊1978-12", "url": "https://www.kaigokensaku.mhlw.go.jp/35/index.php?action_kouhyou_detail_004_kani=true&JigyosyoCd=3570601470-00&ServiceCd=430&Type=search", "url2": null }, "geometry": { "type": "Point", "coordinates": [ 131.604583199999979, 34.0464198 ] } },
{ "type": "Feature", "properties": { "内容": "まる居宅介護支援センター【居宅介護支援】山口県　防府市　南松崎町8－32", "url": "https://www.kaigokensaku.mhlw.go.jp/35/index.php?action_kouhyou_detail_004_kani=true&JigyosyoCd=3570602478-00&ServiceCd=430&Type=search", "url2": null }, "geometry": { "type": "Point", "coordinates": [ 131.5763594, 34.0575301 ] } },
{ "type": "Feature", "properties": { "内容": "ケアプランセンターえびすや【居宅介護支援】山口県防府市戎町１丁目７－８", "url": "https://www.kaigokensaku.mhlw.go.jp/35/index.php?action_kouhyou_detail_004_kani=true&JigyosyoCd=3570602197-00&ServiceCd=430&Type=search", "url2": "https://ebisuya-fukushi.com" }, "geometry": { "type": "Point", "coordinates": [ 131.569425398147558, 34.055552099551498 ] } },
{ "type": "Feature", "properties": { "内容": "加賀メディカル　居宅介護支援事業所【居宅介護支援】山口県防府市佐波2丁目10-12", "url": "https://www.kaigokensaku.mhlw.go.jp/35/index.php?action_kouhyou_detail_004_kani=true&JigyosyoCd=3570602346-00&ServiceCd=430&Type=search", "url2": "http://kaga-medical.co.jp" }, "geometry": { "type": "Point", "coordinates": [ 131.563887099999988, 34.0560287 ] } },
{ "type": "Feature", "properties": { "内容": "三田尻ケアサポートセンター【居宅介護支援】防府市東松崎町4番29号", "url": "https://www.kaigokensaku.mhlw.go.jp/35/index.php?action_kouhyou_detail_004_kani=true&JigyosyoCd=3570600522-00&ServiceCd=430&Type=search", "url2": null }, "geometry": { "type": "Point", "coordinates": [ 131.579545126936438, 34.059194030653586 ] } },
{ "type": "Feature", "properties": { "内容": "合同会社レ・ミ・ファス　　プランセンターあしあと【居宅介護支援】泉町17-1", "url": "https://www.kaigokensaku.mhlw.go.jp/35/index.php?action_kouhyou_detail_004_kani=true&JigyosyoCd=3570602684-00&ServiceCd=430&Type=search", "url2": "https://ashiato-e-fukushi.hp.peraici.com" }, "geometry": { "type": "Point", "coordinates": [ 131.555308395251387, 34.059905125283677 ] } },
{ "type": "Feature", "properties": { "内容": "といろケアプランセンター【居宅介護支援】山口県防府市大字真尾314番地の3", "url": "https://www.kaigokensaku.mhlw.go.jp/35/index.php?action_kouhyou_detail_004_kani=true&JigyosyoCd=3570602676-00&ServiceCd=430&Type=search", "url2": "https://www.cs-improving-lab.com/" }, "geometry": { "type": "Point", "coordinates": [ 131.5921157, 34.0999928 ] } },
{ "type": "Feature", "properties": { "内容": "ＪＡ介護支援センター下松【居宅介護支援】山口県下松市大字河内1933-1", "url": "https://www.kaigokensaku.mhlw.go.jp/35/index.php?action_kouhyou_detail_004_kani=true&JigyosyoCd=3570701023-00&ServiceCd=430&Type=search", "url2": "ｈｔｔｐ：//ｗｗｗ.ｊａ-ｓｙｕｎａｎ.ｏｒ.ｊｌ" }, "geometry": { "type": "Point", "coordinates": [ 131.864678700000013, 34.016824 ] } },
{ "type": "Feature", "properties": { "内容": "居宅介護支援事業所星ひろば【居宅介護支援】下松市古川町3丁目１－２", "url": "https://www.kaigokensaku.mhlw.go.jp/35/index.php?action_kouhyou_detail_004_kani=true&JigyosyoCd=3570701114-00&ServiceCd=430&Type=search", "url2": "http://ryokuzankai.jp/grp/iryokaigo/index.html" }, "geometry": { "type": "Point", "coordinates": [ 131.872250500000064, 34.0071474 ] } },
{ "type": "Feature", "properties": { "内容": "さくら苑指定居宅介護支援事業所【居宅介護支援】山口県下松市瑞穂町二丁目２１番１号", "url": "https://www.kaigokensaku.mhlw.go.jp/35/index.php?action_kouhyou_detail_004_kani=true&JigyosyoCd=3570700041-00&ServiceCd=430&Type=search", "url2": "http://abe-medicare.jp" }, "geometry": { "type": "Point", "coordinates": [ 131.851790700000038, 34.0237453 ] } },
{ "type": "Feature", "properties": { "内容": "居宅介護支援事業所きらら【居宅介護支援】下松市生野屋南1丁目10番1号", "url": "https://www.kaigokensaku.mhlw.go.jp/35/index.php?action_kouhyou_detail_004_kani=true&JigyosyoCd=3560790002-00&ServiceCd=430&Type=search", "url2": "http://shunan-kinen.jp/" }, "geometry": { "type": "Point", "coordinates": [ 131.876613200000065, 34.0326424 ] } },
{ "type": "Feature", "properties": { "内容": "ほしのさと居宅介護支援事業所【居宅介護支援】山口県下松市生野屋南1丁目13番1号特別養護老人ホーム　ほしのさと", "url": "https://www.kaigokensaku.mhlw.go.jp/35/index.php?action_kouhyou_detail_004_kani=true&JigyosyoCd=3570700066-00&ServiceCd=430&Type=search", "url2": "http://www.hoshinosato.jp" }, "geometry": { "type": "Point", "coordinates": [ 131.87411910000003, 34.031442500000011 ] } },
{ "type": "Feature", "properties": { "内容": "指定居宅介護支援事業所げんき【居宅介護支援】山口県下松市大字西豊井1655番地3", "url": "https://www.kaigokensaku.mhlw.go.jp/35/index.php?action_kouhyou_detail_004_kani=true&JigyosyoCd=3570701080-00&ServiceCd=430&Type=search", "url2": "https://t-genki.com" }, "geometry": { "type": "Point", "coordinates": [ 131.875441519960106, 34.018347734658335 ] } },
{ "type": "Feature", "properties": { "内容": "エトワール居宅介護支援事業所【居宅介護支援】山口県下松市大字切山165番地", "url": "https://www.kaigokensaku.mhlw.go.jp/35/index.php?action_kouhyou_detail_004_kani=true&JigyosyoCd=3570701130-00&ServiceCd=430&Type=search", "url2": "http://etoile.grupo.jp/" }, "geometry": { "type": "Point", "coordinates": [ 131.918517800000018, 34.0338519 ] } },
{ "type": "Feature", "properties": { "内容": "ケアプランセンターねがい星【居宅介護支援】下松市東陽6丁目1－3", "url": "https://www.kaigokensaku.mhlw.go.jp/35/index.php?action_kouhyou_detail_004_kani=true&JigyosyoCd=3570700850-00&ServiceCd=430&Type=search", "url2": null }, "geometry": { "type": "Point", "coordinates": [ 131.914021, 34.0323436 ] } },
{ "type": "Feature", "properties": { "内容": "ル・モンド下松居宅介護支援事業所【居宅介護支援】山口県下松市望町１丁目１１－２８", "url": "https://www.kaigokensaku.mhlw.go.jp/35/index.php?action_kouhyou_detail_004_kani=true&JigyosyoCd=3570700686-00&ServiceCd=430&Type=search", "url2": "http://www.lemond.jp" }, "geometry": { "type": "Point", "coordinates": [ 131.861020300000064, 34.0280701 ] } },
{ "type": "Feature", "properties": { "内容": "のんびり村花岡居宅介護支援事業所【居宅介護支援】山口県下松市大字末武上久保田1800-1", "url": "https://www.kaigokensaku.mhlw.go.jp/35/index.php?action_kouhyou_detail_004_kani=true&JigyosyoCd=3571500549-00&ServiceCd=430&Type=search", "url2": "hanaoka.kyotaku@homecara-yamaguchi.co.jp" }, "geometry": { "type": "Point", "coordinates": [ 131.870722973680159, 34.036277145285197 ] } },
{ "type": "Feature", "properties": { "内容": "松寿苑指定居宅介護支援事業所【居宅介護支援】山口県下松市大字来巻９４４番地の１", "url": "https://www.kaigokensaku.mhlw.go.jp/35/index.php?action_kouhyou_detail_004_kani=true&JigyosyoCd=3570700033-00&ServiceCd=430&Type=search", "url2": "http://www.syojuen.com" }, "geometry": { "type": "Point", "coordinates": [ 131.930286600000045, 34.0238309 ] } },
{ "type": "Feature", "properties": { "内容": "白石プランニング【居宅介護支援】山口県下松市潮音町3丁目11-27", "url": "https://www.kaigokensaku.mhlw.go.jp/35/index.php?action_kouhyou_detail_004_kani=true&JigyosyoCd=3570701296-00&ServiceCd=430&Type=search", "url2": null }, "geometry": { "type": "Point", "coordinates": [ 131.8500305, 34.0219733 ] } },
{ "type": "Feature", "properties": { "内容": "桜町介護相談室【居宅介護支援】桜町２丁目１７番１４号", "url": "https://www.kaigokensaku.mhlw.go.jp/35/index.php?action_kouhyou_detail_004_kani=true&JigyosyoCd=3570701221-00&ServiceCd=430&Type=search", "url2": null }, "geometry": { "type": "Point", "coordinates": [ 134.0541504, 34.3254634 ] } },
{ "type": "Feature", "properties": { "内容": "居宅介護支援事業所あじさい【居宅介護支援】下松市大字末武中41番地6", "url": "https://www.kaigokensaku.mhlw.go.jp/35/index.php?action_kouhyou_detail_004_kani=true&JigyosyoCd=3570700611-00&ServiceCd=430&Type=search", "url2": null }, "geometry": { "type": "Point", "coordinates": [ 131.8443995, 34.0276836 ] } },
{ "type": "Feature", "properties": { "内容": "美来ケアプランセンター【居宅介護支援】山口県光市上島田4-5-20", "url": "https://www.kaigokensaku.mhlw.go.jp/35/index.php?action_kouhyou_detail_004_kani=true&JigyosyoCd=3571000961-00&ServiceCd=430&Type=search", "url2": null }, "geometry": { "type": "Point", "coordinates": [ 131.9610864, 33.9896643 ] } },
{ "type": "Feature", "properties": { "内容": "指定居宅介護支援事業所あらな【居宅介護支援】山口県下松市大字西豊井６１７番地1", "url": "https://www.kaigokensaku.mhlw.go.jp/35/index.php?action_kouhyou_detail_004_kani=true&JigyosyoCd=3570701312-00&ServiceCd=430&Type=search", "url2": "https://aranahome.jp/" }, "geometry": { "type": "Point", "coordinates": [ 131.875783399999989, 34.0148507 ] } },
{ "type": "Feature", "properties": { "内容": "三志会居宅介護支援センター【居宅介護支援】山口県岩国市尾津町二丁目22番10号", "url": "https://www.kaigokensaku.mhlw.go.jp/35/index.php?action_kouhyou_detail_004_kani=true&JigyosyoCd=3570802359-00&ServiceCd=430&Type=search", "url2": "https://sansikai.com" }, "geometry": { "type": "Point", "coordinates": [ 132.206228425827163, 34.136750353237986 ] } },
{ "type": "Feature", "properties": { "内容": "あすなろ居宅介護支援事業所【居宅介護支援】山口県岩国市美和町渋前６０３番地２", "url": "https://www.kaigokensaku.mhlw.go.jp/35/index.php?action_kouhyou_detail_004_kani=true&JigyosyoCd=3570801443-00&ServiceCd=430&Type=search", "url2": null }, "geometry": { "type": "Point", "coordinates": [ 132.100822599999987, 34.2241679 ] } },
{ "type": "Feature", "properties": { "内容": "いちご在宅支援センター【居宅介護支援】山口県岩国市平田６丁目25-7313号室", "url": "https://www.kaigokensaku.mhlw.go.jp/35/index.php?action_kouhyou_detail_004_kani=true&JigyosyoCd=3570802532-00&ServiceCd=430&Type=search", "url2": null }, "geometry": { "type": "Point", "coordinates": [ 132.1910303, 34.1386698 ] } },
{ "type": "Feature", "properties": { "内容": "居宅介護支援事業所なないろ【居宅介護支援】山口県岩国市御庄3-102-8", "url": "https://www.kaigokensaku.mhlw.go.jp/35/index.php?action_kouhyou_detail_004_kani=true&JigyosyoCd=3570802524-00&ServiceCd=430&Type=search", "url2": null }, "geometry": { "type": "Point", "coordinates": [ 132.1542641, 34.1680064 ] } },
{ "type": "Feature", "properties": { "内容": "居宅介護支援事業所　有限会社にこにこ苑【居宅介護支援】山口県岩国市玖珂町1011-4有料老人ホームなでしこ", "url": "https://www.kaigokensaku.mhlw.go.jp/35/index.php?action_kouhyou_detail_004_kani=true&JigyosyoCd=3570800973-00&ServiceCd=430&Type=search", "url2": null }, "geometry": { "type": "Point", "coordinates": [ 132.086978700000031, 34.0965753 ] } },
{ "type": "Feature", "properties": { "内容": "高森福祉会居宅介護支援事業所【居宅介護支援】山口県岩国市玖珂町3813番地6", "url": "https://www.kaigokensaku.mhlw.go.jp/35/index.php?action_kouhyou_detail_004_kani=true&JigyosyoCd=3577200045-00&ServiceCd=430&Type=search", "url2": "http://takamori-fukushikai.or.jp/" }, "geometry": { "type": "Point", "coordinates": [ 132.098622400000068, 34.0818525 ] } },
{ "type": "Feature", "properties": { "内容": "灘海園居宅介護支援事業所【居宅介護支援】山口県岩国市愛宕町一丁目5番1号", "url": "https://www.kaigokensaku.mhlw.go.jp/35/index.php?action_kouhyou_detail_004_kani=true&JigyosyoCd=3570801708-00&ServiceCd=430&Type=search", "url2": "https://jigyodan-yg.jp/nadami/" }, "geometry": { "type": "Point", "coordinates": [ 132.199605099999985, 34.1461502 ] } },
{ "type": "Feature", "properties": { "内容": "光葉苑介護保険相談室【居宅介護支援】岩国市下３１７番地２", "url": "https://www.kaigokensaku.mhlw.go.jp/35/index.php?action_kouhyou_detail_004_kani=true&JigyosyoCd=3570800445-00&ServiceCd=430&Type=search", "url2": "http://kouyouen-iwakuni.jimdo.com/" }, "geometry": { "type": "Point", "coordinates": [ 132.093511600000056, 34.15983 ] } },
{ "type": "Feature", "properties": { "内容": "新生会介護保険相談室【居宅介護支援】山口県岩国市下342-1", "url": "https://www.kaigokensaku.mhlw.go.jp/35/index.php?action_kouhyou_detail_004_kani=true&JigyosyoCd=3570800502-00&ServiceCd=430&Type=search", "url2": null }, "geometry": { "type": "Point", "coordinates": [ 132.166986519308239, 34.181058483486673 ] } },
{ "type": "Feature", "properties": { "内容": "オリーブ居宅介護支援事業所【居宅介護支援】山口県岩国市関戸1-105-12", "url": "https://www.kaigokensaku.mhlw.go.jp/35/index.php?action_kouhyou_detail_004_kani=true&JigyosyoCd=3570802409-00&ServiceCd=430&Type=search", "url2": null }, "geometry": { "type": "Point", "coordinates": [ 132.1732633, 34.1860686 ] } },
{ "type": "Feature", "properties": { "内容": "居宅介護支援事業所　岩国・みどりの家【居宅介護支援】山口県岩国市岩国1丁目２０番４６２０１号", "url": "https://www.kaigokensaku.mhlw.go.jp/35/index.php?action_kouhyou_detail_004_kani=true&JigyosyoCd=3570802169-00&ServiceCd=430&Type=search", "url2": "midori-no-ie.sakura.ne.jp/" }, "geometry": { "type": "Point", "coordinates": [ 132.180824153379291, 34.166922119749032 ] } },
{ "type": "Feature", "properties": { "内容": "かなえ介護保険相談室【居宅介護支援】山口県岩国市錦見3-7-55", "url": "https://www.kaigokensaku.mhlw.go.jp/35/index.php?action_kouhyou_detail_004_kani=true&JigyosyoCd=3570800569-00&ServiceCd=430&Type=search", "url2": "www.kanaekai.jp/" }, "geometry": { "type": "Point", "coordinates": [ 132.198668600000019, 34.1669171 ] } },
{ "type": "Feature", "properties": { "内容": "錦福祉会居宅介護支援事業所【居宅介護支援】山口県岩国市錦町広瀬７５８", "url": "https://www.kaigokensaku.mhlw.go.jp/35/index.php?action_kouhyou_detail_004_kani=true&JigyosyoCd=3577200029-00&ServiceCd=430&Type=search", "url2": "https://www.nishiki-f.com/" }, "geometry": { "type": "Point", "coordinates": [ 131.950292200000035, 34.2569949 ] } },
{ "type": "Feature", "properties": { "内容": "平成介護支援センター【居宅介護支援】岩国市玖珂町１１３６１番地", "url": "https://www.kaigokensaku.mhlw.go.jp/35/index.php?action_kouhyou_detail_004_kani=true&JigyosyoCd=3517210831-00&ServiceCd=430&Type=search", "url2": "http://yamaguchihp.jp/" }, "geometry": { "type": "Point", "coordinates": [ 132.0595088, 34.1026996 ] } },
{ "type": "Feature", "properties": { "内容": "玖西居宅介護支援事業所【居宅介護支援】岩国市玖珂町581番地6", "url": "https://www.kaigokensaku.mhlw.go.jp/35/index.php?action_kouhyou_detail_004_kani=true&JigyosyoCd=3570801906-00&ServiceCd=430&Type=search", "url2": null }, "geometry": { "type": "Point", "coordinates": [ 132.0829291, 34.0976141 ] } },
{ "type": "Feature", "properties": { "内容": "居宅介護支援事業所すなお【居宅介護支援】山口県岩国市御庄1丁目107番地6正栄福祉会ビル　2階", "url": "https://www.kaigokensaku.mhlw.go.jp/35/index.php?action_kouhyou_detail_004_kani=true&JigyosyoCd=3570802243-00&ServiceCd=430&Type=search", "url2": null }, "geometry": { "type": "Point", "coordinates": [ 132.148886800000014, 34.1659635 ] } },
{ "type": "Feature", "properties": { "内容": "一般社団法人　岩国薬剤師会会営薬局【居宅介護支援】岩国市今津町1丁目10番13号", "url": "https://www.kaigokensaku.mhlw.go.jp/35/index.php?action_kouhyou_detail_004_kani=true&JigyosyoCd=3570802037-00&ServiceCd=430&Type=search", "url2": null }, "geometry": { "type": "Point", "coordinates": [ 132.22042, 34.1668838 ] } },
{ "type": "Feature", "properties": { "内容": "ふれんず在宅介護支援センター【居宅介護支援】山口県岩国市今津町1丁目11-23", "url": "https://www.kaigokensaku.mhlw.go.jp/35/index.php?action_kouhyou_detail_004_kani=true&JigyosyoCd=3570800288-00&ServiceCd=430&Type=search", "url2": "http://marifukai.com" }, "geometry": { "type": "Point", "coordinates": [ 132.220681099999979, 34.1667755 ] } },
{ "type": "Feature", "properties": { "内容": "あくと居宅介護支援事業所【居宅介護支援】山口県岩国市山手町四町目2-61-1", "url": "https://www.kaigokensaku.mhlw.go.jp/35/index.php?action_kouhyou_detail_004_kani=true&JigyosyoCd=3570802318-00&ServiceCd=430&Type=search", "url2": null }, "geometry": { "type": "Point", "coordinates": [ 132.2059676, 34.1601664 ] } },
{ "type": "Feature", "properties": { "内容": "しいのき坂居宅介護支援事業所【居宅介護支援】山口県岩国市車町二丁目１３番３５号", "url": "https://www.kaigokensaku.mhlw.go.jp/35/index.php?action_kouhyou_detail_004_kani=true&JigyosyoCd=3570802094-00&ServiceCd=430&Type=search", "url2": null }, "geometry": { "type": "Point", "coordinates": [ 132.220896349073769, 34.156472288734349 ] } },
{ "type": "Feature", "properties": { "内容": "ニチイケアセンター岩国【居宅介護支援】岩国市川西３－５－４０", "url": "https://www.kaigokensaku.mhlw.go.jp/35/index.php?action_kouhyou_detail_004_kani=true&JigyosyoCd=3570800015-00&ServiceCd=430&Type=search", "url2": "hstg26@.nichigakkan.co.jp" }, "geometry": { "type": "Point", "coordinates": [ 132.176048600000058, 34.1560097 ] } },
{ "type": "Feature", "properties": { "内容": "介護保険相談センターティエラ【居宅介護支援】山口県岩国市多田３丁目１０４－２", "url": "https://www.kaigokensaku.mhlw.go.jp/35/index.php?action_kouhyou_detail_004_kani=true&JigyosyoCd=3570802235-00&ServiceCd=430&Type=search", "url2": null }, "geometry": { "type": "Point", "coordinates": [ 132.168970700000045, 34.1809067 ] } },
{ "type": "Feature", "properties": { "内容": "南和会つづ在宅介護支援センター【居宅介護支援】山口県岩国市通津2594-2", "url": "https://www.kaigokensaku.mhlw.go.jp/35/index.php?action_kouhyou_detail_004_kani=true&JigyosyoCd=3570800379-00&ServiceCd=430&Type=search", "url2": null }, "geometry": { "type": "Point", "coordinates": [ 132.206231699999989, 34.0711314 ] } },
{ "type": "Feature", "properties": { "内容": "シンシアゆうわ居宅介護支援事業所【居宅介護支援】岩国市藤生町3丁目27番8号", "url": "https://www.kaigokensaku.mhlw.go.jp/35/index.php?action_kouhyou_detail_004_kani=true&JigyosyoCd=3570802276-00&ServiceCd=430&Type=search", "url2": "http://www.yuwaen.net" }, "geometry": { "type": "Point", "coordinates": [ 132.191473200000019, 34.1195723 ] } },
{ "type": "Feature", "properties": { "内容": "居宅介護支援事業所　かえで【居宅介護支援】山口県岩国市南岩国町４－５９－５－１", "url": "https://www.kaigokensaku.mhlw.go.jp/35/index.php?action_kouhyou_detail_004_kani=true&JigyosyoCd=3570800940-00&ServiceCd=430&Type=search", "url2": "http://www.sansikai.com/ims/" }, "geometry": { "type": "Point", "coordinates": [ 132.196739100000059, 34.1308991 ] } },
{ "type": "Feature", "properties": { "内容": "なんわ荘在宅介護支援センター【居宅介護支援】山口県岩国市尾津町5-7-30", "url": "https://www.kaigokensaku.mhlw.go.jp/35/index.php?action_kouhyou_detail_004_kani=true&JigyosyoCd=3570800056-00&ServiceCd=430&Type=search", "url2": null }, "geometry": { "type": "Point", "coordinates": [ 132.210462799999959, 34.1321351 ] } },
{ "type": "Feature", "properties": { "内容": "介護相談センターカフナ【居宅介護支援】山口県岩国市美和町佐坂20番地", "url": "https://www.kaigokensaku.mhlw.go.jp/35/index.php?action_kouhyou_detail_004_kani=true&JigyosyoCd=3570802367-00&ServiceCd=430&Type=search", "url2": null }, "geometry": { "type": "Point", "coordinates": [ 132.1192424, 34.2340615 ] } },
{ "type": "Feature", "properties": { "内容": "美和苑居宅介護支援事業所【居宅介護支援】山口県岩国市美和町生見12538", "url": "https://www.kaigokensaku.mhlw.go.jp/35/index.php?action_kouhyou_detail_004_kani=true&JigyosyoCd=3577200060-00&ServiceCd=430&Type=search", "url2": "http://miwafukushikai.ec-net.jp/Index.html" }, "geometry": { "type": "Point", "coordinates": [ 132.068314399999963, 34.227100399999983 ] } },
{ "type": "Feature", "properties": { "内容": "平成在宅介護支援センター平田【居宅介護支援】山口県岩国市平田５丁目３１－７", "url": "https://www.kaigokensaku.mhlw.go.jp/35/index.php?action_kouhyou_detail_004_kani=true&JigyosyoCd=3570800049-00&ServiceCd=430&Type=search", "url2": null }, "geometry": { "type": "Point", "coordinates": [ 132.190267100000028, 34.1403203 ] } },
{ "type": "Feature", "properties": { "内容": "縁介護支援事業所【居宅介護支援】山口県岩国市平田5丁目５０－１４", "url": "https://www.kaigokensaku.mhlw.go.jp/35/index.php?action_kouhyou_detail_004_kani=true&JigyosyoCd=3570801450-00&ServiceCd=430&Type=search", "url2": null }, "geometry": { "type": "Point", "coordinates": [ 132.1931641, 34.1413869 ] } },
{ "type": "Feature", "properties": { "内容": "有限会社　渡辺薬局　在宅ケアサービス【居宅介護支援】山口県岩国市麻里布町5丁目3番8号307", "url": "https://www.kaigokensaku.mhlw.go.jp/35/index.php?action_kouhyou_detail_004_kani=true&JigyosyoCd=3570800148-00&ServiceCd=430&Type=search", "url2": "http://www.watanabe-ph.co.jp/" }, "geometry": { "type": "Point", "coordinates": [ 132.223962950262518, 34.173971380915354 ] } },
{ "type": "Feature", "properties": { "内容": "錦福祉会まりふ居宅介護支援事業所【居宅介護支援】岩国市麻里布町３丁目5-30", "url": "https://www.kaigokensaku.mhlw.go.jp/35/index.php?action_kouhyou_detail_004_kani=true&JigyosyoCd=3570801963-00&ServiceCd=430&Type=search", "url2": "http://www.nishiki-f.com" }, "geometry": { "type": "Point", "coordinates": [ 132.222181, 34.1701806 ] } },
{ "type": "Feature", "properties": { "内容": "いしいケア・クリニック介護保険相談室【居宅介護支援】山口県岩国市麻里布町３丁目5-5", "url": "https://www.kaigokensaku.mhlw.go.jp/35/index.php?action_kouhyou_detail_004_kani=true&JigyosyoCd=3570801237-00&ServiceCd=430&Type=search", "url2": "http://i-shinseikai.or.jp/" }, "geometry": { "type": "Point", "coordinates": [ 132.22237711977391, 34.169980025465954 ] } },
{ "type": "Feature", "properties": { "内容": "医療法人　久米医院居宅介護支援事業所【居宅介護支援】山口県岩国市由宇町中央一丁目１２－５", "url": "https://www.kaigokensaku.mhlw.go.jp/35/index.php?action_kouhyou_detail_004_kani=true&JigyosyoCd=3570802441-00&ServiceCd=430&Type=search", "url2": null }, "geometry": { "type": "Point", "coordinates": [ 132.2103241, 34.0454526 ] } },
{ "type": "Feature", "properties": { "内容": "居宅介護支援事業所　obtr【居宅介護支援】山口県岩国市中津町２丁目２４－１６", "url": "https://www.kaigokensaku.mhlw.go.jp/35/index.php?action_kouhyou_detail_004_kani=true&JigyosyoCd=3570802516-00&ServiceCd=430&Type=search", "url2": "https://muybien1219.com/" }, "geometry": { "type": "Point", "coordinates": [ 132.216815866482364, 34.150441035984755 ] } },
{ "type": "Feature", "properties": { "内容": "居宅介護支援事業所　和【居宅介護支援】山口県岩国市由宇町神東１６９２－１", "url": "https://www.kaigokensaku.mhlw.go.jp/35/index.php?action_kouhyou_detail_004_kani=true&JigyosyoCd=3570802193-00&ServiceCd=430&Type=search", "url2": null }, "geometry": { "type": "Point", "coordinates": [ 132.206437300000061, 33.995721 ] } },
{ "type": "Feature", "properties": { "内容": "大野社会福祉士事務所【居宅介護支援】山口県岩国市由宇町千鳥ヶ丘二丁目８番１２号", "url": "https://www.kaigokensaku.mhlw.go.jp/35/index.php?action_kouhyou_detail_004_kani=true&JigyosyoCd=3570802482-00&ServiceCd=430&Type=search", "url2": null }, "geometry": { "type": "Point", "coordinates": [ 132.211789, 34.032768 ] } },
{ "type": "Feature", "properties": { "内容": "緑風会介護支援センター【居宅介護支援】山口県岩国市由宇町北１丁目5-20", "url": "https://www.kaigokensaku.mhlw.go.jp/35/index.php?action_kouhyou_detail_004_kani=true&JigyosyoCd=3570801211-00&ServiceCd=430&Type=search", "url2": "http://ryokufuukai.net/" }, "geometry": { "type": "Point", "coordinates": [ 132.2112402, 34.0493507 ] } },
{ "type": "Feature", "properties": { "内容": "医療法人錦病院指定居宅介護支援事業所　あいりす【居宅介護支援】岩国市錦見7丁目１６－１", "url": "https://www.kaigokensaku.mhlw.go.jp/35/index.php?action_kouhyou_detail_004_kani=true&JigyosyoCd=3570800031-00&ServiceCd=430&Type=search", "url2": "http://www.ymg.urban.ne.jp/home/ryuchan2/index.html" }, "geometry": { "type": "Point", "coordinates": [ 132.187214, 34.159767899999984 ] } },
{ "type": "Feature", "properties": { "内容": "有限会社酔風企画　やまもとたかひろ社会福祉士事務所【居宅介護支援】岩国市柱野８６６番地", "url": "https://www.kaigokensaku.mhlw.go.jp/35/index.php?action_kouhyou_detail_004_kani=true&JigyosyoCd=3570800478-00&ServiceCd=430&Type=search", "url2": null }, "geometry": { "type": "Point", "coordinates": [ 132.148974800000019, 34.1336896 ] } },
{ "type": "Feature", "properties": { "内容": "あまがき居宅介護支援事業所【居宅介護支援】山口県岩国市由宇町682-1", "url": "https://www.kaigokensaku.mhlw.go.jp/35/index.php?action_kouhyou_detail_004_kani=true&JigyosyoCd=3570802078-00&ServiceCd=430&Type=search", "url2": null }, "geometry": { "type": "Point", "coordinates": [ 132.1680164, 34.0324719 ] } },
{ "type": "Feature", "properties": { "内容": "しまた川苑指定居宅介護支援事業所【居宅介護支援】山口県光市島田５－８－２０", "url": "https://www.kaigokensaku.mhlw.go.jp/35/index.php?action_kouhyou_detail_004_kani=true&JigyosyoCd=3571000011-00&ServiceCd=430&Type=search", "url2": "http://www.aimeikai.jp/index.html" }, "geometry": { "type": "Point", "coordinates": [ 131.940061900000046, 33.9797053 ] } },
{ "type": "Feature", "properties": { "内容": "おりづる居宅介護支援事業所【居宅介護支援】山口県光市三井6丁目15-5山本アパート107", "url": "https://www.kaigokensaku.mhlw.go.jp/35/index.php?action_kouhyou_detail_004_kani=true&JigyosyoCd=3571000631-00&ServiceCd=430&Type=search", "url2": "http://orizuru-supporter.jp/" }, "geometry": { "type": "Point", "coordinates": [ 131.954148261125994, 33.989054593378626 ] } },
{ "type": "Feature", "properties": { "内容": "ケアプランセンター笑和【居宅介護支援】山口県光市中村町９番１３号", "url": "https://www.kaigokensaku.mhlw.go.jp/35/index.php?action_kouhyou_detail_004_kani=true&JigyosyoCd=3571000979-00&ServiceCd=430&Type=search", "url2": null }, "geometry": { "type": "Point", "coordinates": [ 131.9181063, 33.9784709 ] } },
{ "type": "Feature", "properties": { "内容": "やまと苑指定居宅介護支援事業所【居宅介護支援】山口県光市大字岩田２６７番地", "url": "https://www.kaigokensaku.mhlw.go.jp/35/index.php?action_kouhyou_detail_004_kani=true&JigyosyoCd=3577300076-00&ServiceCd=430&Type=search", "url2": "www.yamatofukushikai.jp" }, "geometry": { "type": "Point", "coordinates": [ 131.988627100000031, 33.974638 ] } },
{ "type": "Feature", "properties": { "内容": "ひかり苑居宅介護支援事業所【居宅介護支援】山口県光市光ケ丘5番18号高齢者複合施設ひかり苑", "url": "https://www.kaigokensaku.mhlw.go.jp/35/index.php?action_kouhyou_detail_004_kani=true&JigyosyoCd=3571000607-00&ServiceCd=430&Type=search", "url2": "http:/www.hikari-en.jp" }, "geometry": { "type": "Point", "coordinates": [ 131.918896590737859, 33.981582455099229 ] } },
{ "type": "Feature", "properties": { "内容": "社会福祉法人　光市社会福祉協議会　居宅介護支援事業所【居宅介護支援】光市光井二丁目2番1号　あいぱーく光内", "url": "https://www.kaigokensaku.mhlw.go.jp/35/index.php?action_kouhyou_detail_004_kani=true&JigyosyoCd=3571000359-00&ServiceCd=430&Type=search", "url2": "http://www.hikari-shakyo.or.jp" }, "geometry": { "type": "Point", "coordinates": [ 131.953444799999943, 33.9533455 ] } },
{ "type": "Feature", "properties": { "内容": "河村循環器神経内科居宅介護支援事業所【居宅介護支援】山口県光市三井6丁目18番1号", "url": "https://www.kaigokensaku.mhlw.go.jp/35/index.php?action_kouhyou_detail_004_kani=true&JigyosyoCd=3571000144-00&ServiceCd=430&Type=search", "url2": "yayoi-km.jp" }, "geometry": { "type": "Point", "coordinates": [ 131.952754700000014, 33.988160200000024 ] } },
{ "type": "Feature", "properties": { "内容": "ヒューマン・ライフ・ケアきらら居宅介護支援事業所【居宅介護支援】光市大字小周防1656-8", "url": "https://www.kaigokensaku.mhlw.go.jp/35/index.php?action_kouhyou_detail_004_kani=true&JigyosyoCd=3571000383-00&ServiceCd=430&Type=search", "url2": "http://yu-kikai.org/" }, "geometry": { "type": "Point", "coordinates": [ 131.978196600000047, 34.0182187 ] } },
{ "type": "Feature", "properties": { "内容": "居宅介護支援事業所　市川医院【居宅介護支援】光市中央3丁目2番26号", "url": "https://www.kaigokensaku.mhlw.go.jp/35/index.php?action_kouhyou_detail_004_kani=true&JigyosyoCd=3571000532-00&ServiceCd=430&Type=search", "url2": "http://koujinkai-ichikawaiin.jimdo.com/" }, "geometry": { "type": "Point", "coordinates": [ 131.946206399999937, 33.9591166 ] } },
{ "type": "Feature", "properties": { "内容": "さくら支援ステーション光【居宅介護支援】山口県光市中央三丁目7番18号", "url": "https://www.kaigokensaku.mhlw.go.jp/35/index.php?action_kouhyou_detail_004_kani=true&JigyosyoCd=3571000789-00&ServiceCd=430&Type=search", "url2": null }, "geometry": { "type": "Point", "coordinates": [ 131.945807715344245, 33.957316387143784 ] } },
{ "type": "Feature", "properties": { "内容": "すみれ居宅介護支援事業所【居宅介護支援】山口県光市島田５丁目14-43吉原ビル", "url": "https://www.kaigokensaku.mhlw.go.jp/35/index.php?action_kouhyou_detail_004_kani=true&JigyosyoCd=3571000904-00&ServiceCd=430&Type=search", "url2": null }, "geometry": { "type": "Point", "coordinates": [ 131.9374549, 33.9777748 ] } },
{ "type": "Feature", "properties": { "内容": "指定居宅介護事業所　ほっとはーと【居宅介護支援】山口県光市虹ヶ浜1-1-10", "url": "https://www.kaigokensaku.mhlw.go.jp/35/index.php?action_kouhyou_detail_004_kani=true&JigyosyoCd=3571000847-00&ServiceCd=430&Type=search", "url2": "https://hot-heart.co.jp" }, "geometry": { "type": "Point", "coordinates": [ 131.920042422367828, 33.974203554929723 ] } },
{ "type": "Feature", "properties": { "内容": "光富士白苑　居宅介護支援事業所【居宅介護支援】光市虹ヶ浜2丁目5番30号", "url": "https://www.kaigokensaku.mhlw.go.jp/35/index.php?action_kouhyou_detail_004_kani=true&JigyosyoCd=3571000029-00&ServiceCd=430&Type=search", "url2": "http://www.h-fuji.com" }, "geometry": { "type": "Point", "coordinates": [ 131.918189200000029, 33.9686809 ] } },
{ "type": "Feature", "properties": { "内容": "ニチイケアセンター光【居宅介護支援】光市木園1－5－32", "url": "https://www.kaigokensaku.mhlw.go.jp/35/index.php?action_kouhyou_detail_004_kani=true&JigyosyoCd=3571000177-00&ServiceCd=430&Type=search", "url2": null }, "geometry": { "type": "Point", "coordinates": [ 131.930366784145605, 33.978352746027419 ] } },
{ "type": "Feature", "properties": { "内容": "光正居宅介護支援事業所【居宅介護支援】山口県光市浅江3丁目15番7号", "url": "https://www.kaigokensaku.mhlw.go.jp/35/index.php?action_kouhyou_detail_004_kani=true&JigyosyoCd=3571000987-00&ServiceCd=430&Type=search", "url2": null }, "geometry": { "type": "Point", "coordinates": [ 131.920840799999979, 33.97459340000001 ] } },
{ "type": "Feature", "properties": { "内容": "ケアさぽ折り鶴【居宅介護支援】山口県光市浅江1-4-14アイオイビル", "url": "https://www.kaigokensaku.mhlw.go.jp/35/index.php?action_kouhyou_detail_004_kani=true&JigyosyoCd=3571000995-00&ServiceCd=430&Type=search", "url2": "https://soratoumi.hp.peraichi.com/" }, "geometry": { "type": "Point", "coordinates": [ 131.9300376, 33.9708552 ] } },
{ "type": "Feature", "properties": { "内容": "ケアプランセンター笑和【居宅介護支援】山口県光市中村町９番１３号", "url": "https://www.kaigokensaku.mhlw.go.jp/35/index.php?action_kouhyou_detail_004_kani=true&JigyosyoCd=3571001001-00&ServiceCd=430&Type=search", "url2": null }, "geometry": { "type": "Point", "coordinates": [ 131.9177865, 33.9780021 ] } },
{ "type": "Feature", "properties": { "内容": "光寿苑居宅介護支援事業所【居宅介護支援】山口県光市室積沖田5番1号", "url": "https://www.kaigokensaku.mhlw.go.jp/35/index.php?action_kouhyou_detail_004_kani=true&JigyosyoCd=3571000045-00&ServiceCd=430&Type=search", "url2": "https://koujyuen-top.jimdofree.com/" }, "geometry": { "type": "Point", "coordinates": [ 131.974385282061803, 33.934791781533754 ] } },
{ "type": "Feature", "properties": { "内容": "歩夢ケアプランセンター【居宅介護支援】山口県光市室積正木１４－３", "url": "https://www.kaigokensaku.mhlw.go.jp/35/index.php?action_kouhyou_detail_004_kani=true&JigyosyoCd=3571000540-00&ServiceCd=430&Type=search", "url2": "http://ayumu2008.jp" }, "geometry": { "type": "Point", "coordinates": [ 131.9704171, 33.9378484 ] } },
{ "type": "Feature", "properties": { "内容": "医療法人社団成蹊会　岡田病院居宅介護支援センター【居宅介護支援】山口県長門市東深川895番地2", "url": "https://www.kaigokensaku.mhlw.go.jp/35/index.php?action_kouhyou_detail_004_kani=true&JigyosyoCd=3571100027-00&ServiceCd=430&Type=search", "url2": "htttp://seikeikai-okada.or.jp" }, "geometry": { "type": "Point", "coordinates": [ 131.185505299999932, 34.3765944 ] } },
{ "type": "Feature", "properties": { "内容": "清風ポラリス居宅介護支援センター【居宅介護支援】長門市三隅中326番地", "url": "https://www.kaigokensaku.mhlw.go.jp/35/index.php?action_kouhyou_detail_004_kani=true&JigyosyoCd=3578000196-00&ServiceCd=430&Type=search", "url2": "http://www.seifuu.or.jp" }, "geometry": { "type": "Point", "coordinates": [ 131.260742184655754, 34.356499014215778 ] } },
{ "type": "Feature", "properties": { "内容": "生き活きネットみすみ【居宅介護支援】長門市三隅下字住吉1394番5", "url": "https://www.kaigokensaku.mhlw.go.jp/35/index.php?action_kouhyou_detail_004_kani=true&JigyosyoCd=3578000204-00&ServiceCd=430&Type=search", "url2": null }, "geometry": { "type": "Point", "coordinates": [ 131.237237802333027, 34.364539250945519 ] } },
{ "type": "Feature", "properties": { "内容": "明和苑居宅介護支援【居宅介護支援】山口県長門市三隅中１８１１番地", "url": "https://www.kaigokensaku.mhlw.go.jp/35/index.php?action_kouhyou_detail_004_kani=true&JigyosyoCd=3571100381-00&ServiceCd=430&Type=search", "url2": "ｈｔｔｔｐ：//meiwaen.jp/" }, "geometry": { "type": "Point", "coordinates": [ 131.265298199999961, 34.3619474 ] } },
{ "type": "Feature", "properties": { "内容": "ゆもと苑居宅介護支援事業所【居宅介護支援】長門市深川湯本10600-1", "url": "https://www.kaigokensaku.mhlw.go.jp/35/index.php?action_kouhyou_detail_004_kani=true&JigyosyoCd=3571100068-00&ServiceCd=430&Type=search", "url2": "https://www.fukushoukai.or.jp" }, "geometry": { "type": "Point", "coordinates": [ 131.178624600000035, 34.339081899999982 ] } },
{ "type": "Feature", "properties": { "内容": "居宅介護支援センター寿樹【居宅介護支援】山口県長門市西深川338番地1", "url": "https://www.kaigokensaku.mhlw.go.jp/35/index.php?action_kouhyou_detail_004_kani=true&JigyosyoCd=3571100597-00&ServiceCd=430&Type=search", "url2": null }, "geometry": { "type": "Point", "coordinates": [ 131.167681959007268, 34.371285144162322 ] } },
{ "type": "Feature", "properties": { "内容": "恵光苑指定居宅介護支援事業所【居宅介護支援】山口県長門市東深川堤山10062－27", "url": "https://www.kaigokensaku.mhlw.go.jp/35/index.php?action_kouhyou_detail_004_kani=true&JigyosyoCd=3571100019-00&ServiceCd=430&Type=search", "url2": "http://keikouen.jp/" }, "geometry": { "type": "Point", "coordinates": [ 131.182194699999968, 34.3709562 ] } },
{ "type": "Feature", "properties": { "内容": "居宅介護支援事業所しあわせ長門【居宅介護支援】山口県長門市東深川1321番地1長門市地域福祉センター", "url": "https://www.kaigokensaku.mhlw.go.jp/35/index.php?action_kouhyou_detail_004_kani=true&JigyosyoCd=3571100357-00&ServiceCd=430&Type=search", "url2": "http://www.nagatoshakyo.jp" }, "geometry": { "type": "Point", "coordinates": [ 131.181207948765632, 34.3709989091182 ] } },
{ "type": "Feature", "properties": { "内容": "山口県厚生農業協同組合連合会　長門総合病院【居宅介護支援】山口県長門市東深川85番地", "url": "https://www.kaigokensaku.mhlw.go.jp/35/index.php?action_kouhyou_detail_004_kani=true&JigyosyoCd=3511110011-00&ServiceCd=430&Type=search", "url2": "http://www.nagato-hp.ecnet.jp" }, "geometry": { "type": "Point", "coordinates": [ 131.195501899999982, 34.373994900000049 ] } },
{ "type": "Feature", "properties": { "内容": "居宅介護支援事業所ケアホームありす【居宅介護支援】山口県長門市日置上2087-1", "url": "https://www.kaigokensaku.mhlw.go.jp/35/index.php?action_kouhyou_detail_004_kani=true&JigyosyoCd=3571100514-00&ServiceCd=430&Type=search", "url2": null }, "geometry": { "type": "Point", "coordinates": [ 131.101011800000038, 34.3875803 ] } },
{ "type": "Feature", "properties": { "内容": "へき楽園指定居宅介護支援事業所【居宅介護支援】山口県長門市日置上3114番地", "url": "https://www.kaigokensaku.mhlw.go.jp/35/index.php?action_kouhyou_detail_004_kani=true&JigyosyoCd=3578000014-00&ServiceCd=430&Type=search", "url2": "https://hekirakuen.or.jp" }, "geometry": { "type": "Point", "coordinates": [ 131.133383699999968, 34.3968969 ] } },
{ "type": "Feature", "properties": { "内容": "福寿会居宅介護支援事業所【居宅介護支援】山口県長門市日置中2488番地3老人保健施設　福寿苑内", "url": "https://www.kaigokensaku.mhlw.go.jp/35/index.php?action_kouhyou_detail_004_kani=true&JigyosyoCd=3578000097-00&ServiceCd=430&Type=search", "url2": "http://nagato-fukujyukai.or.jp" }, "geometry": { "type": "Point", "coordinates": [ 131.106217099999952, 34.380470200000019 ] } },
{ "type": "Feature", "properties": { "内容": "養寿苑指定居宅介護支援事業所【居宅介護支援】山口県長門市油谷向津具上10344番地", "url": "https://www.kaigokensaku.mhlw.go.jp/35/index.php?action_kouhyou_detail_004_kani=true&JigyosyoCd=3578000022-00&ServiceCd=430&Type=search", "url2": null }, "geometry": { "type": "Point", "coordinates": [ 130.982666399999971, 34.4070727 ] } },
{ "type": "Feature", "properties": { "内容": "長門市社協ゆや居宅介護支援事業所【居宅介護支援】山口県長門市油谷新別名964番地", "url": "https://www.kaigokensaku.mhlw.go.jp/35/index.php?action_kouhyou_detail_004_kani=true&JigyosyoCd=3571100233-00&ServiceCd=430&Type=search", "url2": "http://www.nagatoshakyo.jp" }, "geometry": { "type": "Point", "coordinates": [ 131.058976668434667, 34.373393865081368 ] } },
{ "type": "Feature", "properties": { "内容": "ありがとうやない居宅介護支援事業所【居宅介護支援】山口県柳井市遠崎7‐1", "url": "https://www.kaigokensaku.mhlw.go.jp/35/index.php?action_kouhyou_detail_004_kani=true&JigyosyoCd=3571200751-00&ServiceCd=430&Type=search", "url2": "qqse4bv9k@aurora.ocn.ne.jp" }, "geometry": { "type": "Point", "coordinates": [ 132.141375352533316, 33.957177216875955 ] } },
{ "type": "Feature", "properties": { "内容": "ひらもと介護保険相談所【居宅介護支援】柳井市山根6-17", "url": "https://www.kaigokensaku.mhlw.go.jp/35/index.php?action_kouhyou_detail_004_kani=true&JigyosyoCd=3571200660-00&ServiceCd=430&Type=search", "url2": null }, "geometry": { "type": "Point", "coordinates": [ 132.117564899999934, 33.9690471 ] } },
{ "type": "Feature", "properties": { "内容": "ゆうわケアプランセンター【居宅介護支援】柳井市伊保庄字近長浜1番4", "url": "https://www.kaigokensaku.mhlw.go.jp/35/index.php?action_kouhyou_detail_004_kani=true&JigyosyoCd=3571200785-00&ServiceCd=430&Type=search", "url2": "https://yuwaen.net/" }, "geometry": { "type": "Point", "coordinates": [ 132.128163532985951, 33.910165489393115 ] } },
{ "type": "Feature", "properties": { "内容": "最勝会支援センター【居宅介護支援】柳井市日積3213", "url": "https://www.kaigokensaku.mhlw.go.jp/35/index.php?action_kouhyou_detail_004_kani=true&JigyosyoCd=3571200058-00&ServiceCd=430&Type=search", "url2": null }, "geometry": { "type": "Point", "coordinates": [ 132.174205300000011, 34.0054633 ] } },
{ "type": "Feature", "properties": { "内容": "サンキ・ウエルビィ介護センター柳井【居宅介護支援】山口県柳井市柳井1010-1", "url": "https://www.kaigokensaku.mhlw.go.jp/35/index.php?action_kouhyou_detail_004_kani=true&JigyosyoCd=3571200579-00&ServiceCd=430&Type=search", "url2": null }, "geometry": { "type": "Point", "coordinates": [ 132.129827532090758, 33.959680498081326 ] } },
{ "type": "Feature", "properties": { "内容": "わたぼうし居宅介護支援事業所【居宅介護支援】柳井市柳井4920番地の2", "url": "https://www.kaigokensaku.mhlw.go.jp/35/index.php?action_kouhyou_detail_004_kani=true&JigyosyoCd=3571200314-00&ServiceCd=430&Type=search", "url2": "http://watabosi.web.fc2.com" }, "geometry": { "type": "Point", "coordinates": [ 132.0972749, 33.973451600000018 ] } },
{ "type": "Feature", "properties": { "内容": "在宅介護支援センターまつかぜ居宅介護支援事業所【居宅介護支援】山口県柳井市余田３７１８番地", "url": "https://www.kaigokensaku.mhlw.go.jp/35/index.php?action_kouhyou_detail_004_kani=true&JigyosyoCd=3571200017-00&ServiceCd=430&Type=search", "url2": null }, "geometry": { "type": "Point", "coordinates": [ 132.067224300000021, 33.9592166 ] } },
{ "type": "Feature", "properties": { "内容": "社会福祉法人　柳井市社会福祉協議会　指定居宅介護支援事業所【居宅介護支援】柳井市南町三丁目９番２号", "url": "https://www.kaigokensaku.mhlw.go.jp/35/index.php?action_kouhyou_detail_004_kani=true&JigyosyoCd=3571200439-00&ServiceCd=430&Type=search", "url2": "http://yanaicityswc.wordpress.com/" }, "geometry": { "type": "Point", "coordinates": [ 132.102608, 33.9631751 ] } },
{ "type": "Feature", "properties": { "内容": "在宅介護支援センター青景園【居宅介護支援】美祢市秋芳町青景1873番地", "url": "https://www.kaigokensaku.mhlw.go.jp/35/index.php?action_kouhyou_detail_004_kani=true&JigyosyoCd=3577900016-00&ServiceCd=430&Type=search", "url2": "https://aokage52.jp" }, "geometry": { "type": "Point", "coordinates": [ 131.278329, 34.2719531 ] } },
{ "type": "Feature", "properties": { "内容": "ケアマネセンターありがとう【居宅介護支援】美祢市大嶺町東分1215番地の１", "url": "https://www.kaigokensaku.mhlw.go.jp/35/index.php?action_kouhyou_detail_004_kani=true&JigyosyoCd=3571300254-00&ServiceCd=430&Type=search", "url2": "http://odakoumu.com" }, "geometry": { "type": "Point", "coordinates": [ 131.211980499999981, 34.1802205 ] } },
{ "type": "Feature", "properties": { "内容": "有限会社ライフサポートどれみ【居宅介護支援】美祢市大嶺町東分3129番地の１", "url": "https://www.kaigokensaku.mhlw.go.jp/35/index.php?action_kouhyou_detail_004_kani=true&JigyosyoCd=3571300239-00&ServiceCd=430&Type=search", "url2": null }, "geometry": { "type": "Point", "coordinates": [ 131.202583900000036, 34.168974 ] } },
{ "type": "Feature", "properties": { "内容": "JA介護支援センター美祢【居宅介護支援】山口県美祢市大嶺町東分来福台4丁目１５−７", "url": "https://www.kaigokensaku.mhlw.go.jp/35/index.php?action_kouhyou_detail_004_kani=true&JigyosyoCd=3571300627-00&ServiceCd=430&Type=search", "url2": "http://www.ja-kyodo-support.jp" }, "geometry": { "type": "Point", "coordinates": [ 131.195971500000013, 34.1853211 ] } },
{ "type": "Feature", "properties": { "内容": "社会福祉法人　美祢市社会福祉協議会　美祢東事業所【居宅介護支援】山口県美祢市美東町大田５８７０番地１", "url": "https://www.kaigokensaku.mhlw.go.jp/35/index.php?action_kouhyou_detail_004_kani=true&JigyosyoCd=3571300346-00&ServiceCd=430&Type=search", "url2": "http://www.mine-shakyo.jp" }, "geometry": { "type": "Point", "coordinates": [ 131.34038529999998, 34.2235605 ] } },
{ "type": "Feature", "properties": { "内容": "みとう悠々苑居宅介護支援事業所【居宅介護支援】山口県美祢市美東町大田5378番1", "url": "https://www.kaigokensaku.mhlw.go.jp/35/index.php?action_kouhyou_detail_004_kani=true&JigyosyoCd=3577900040-00&ServiceCd=430&Type=search", "url2": "https://www.mitou-uu.jp/" }, "geometry": { "type": "Point", "coordinates": [ 131.346586512194762, 34.21663741302288 ] } },
{ "type": "Feature", "properties": { "内容": "介護サービス　ひまわり【居宅介護支援】美祢市大嶺町東分349-5", "url": "https://www.kaigokensaku.mhlw.go.jp/35/index.php?action_kouhyou_detail_004_kani=true&JigyosyoCd=3571300189-00&ServiceCd=430&Type=search", "url2": null }, "geometry": { "type": "Point", "coordinates": [ 131.206192, 34.1686186 ] } },
{ "type": "Feature", "properties": { "内容": "居宅介護支援センターこもれび【居宅介護支援】山口県周南市大字久米2665番7", "url": "https://www.kaigokensaku.mhlw.go.jp/35/index.php?action_kouhyou_detail_004_kani=true&JigyosyoCd=3571500226-00&ServiceCd=430&Type=search", "url2": "http://komorebinomori.jp/" }, "geometry": { "type": "Point", "coordinates": [ 131.848210650845317, 34.046776220188143 ] } },
{ "type": "Feature", "properties": { "内容": "居宅介護支援事業所　呼鶴温泉【居宅介護支援】山口県周南市大字安田1815", "url": "https://www.kaigokensaku.mhlw.go.jp/35/index.php?action_kouhyou_detail_004_kani=true&JigyosyoCd=3571501943-00&ServiceCd=430&Type=search", "url2": null }, "geometry": { "type": "Point", "coordinates": [ 131.968827199999964, 34.0469127 ] } },
{ "type": "Feature", "properties": { "内容": "春の里　居宅介護支援事業所【居宅介護支援】山口県周南市羽島１丁目２－２３", "url": "https://www.kaigokensaku.mhlw.go.jp/35/index.php?action_kouhyou_detail_004_kani=true&JigyosyoCd=3571400039-00&ServiceCd=430&Type=search", "url2": "https://haresato.wixsite.com/website" }, "geometry": { "type": "Point", "coordinates": [ 131.726441166270433, 34.074346013301685 ] } },
{ "type": "Feature", "properties": { "内容": "ニチイケアセンター菊川【居宅介護支援】山口県周南市大字下上字向土井644-1", "url": "https://www.kaigokensaku.mhlw.go.jp/35/index.php?action_kouhyou_detail_004_kani=true&JigyosyoCd=3570500441-00&ServiceCd=430&Type=search", "url2": null }, "geometry": { "type": "Point", "coordinates": [ 131.776313100000039, 34.0797991 ] } },
{ "type": "Feature", "properties": { "内容": "鼓ヶ浦居宅介護支援センター【居宅介護支援】周南市大字久米1533番地3", "url": "https://www.kaigokensaku.mhlw.go.jp/35/index.php?action_kouhyou_detail_004_kani=true&JigyosyoCd=3570500128-00&ServiceCd=430&Type=search", "url2": "http://tsudumi.jp" }, "geometry": { "type": "Point", "coordinates": [ 131.848423626319914, 34.040830267847525 ] } },
{ "type": "Feature", "properties": { "内容": "指定居宅介護支援事業所　ゆめ風車【居宅介護支援】周南市宮の前２丁目６番２７号", "url": "https://www.kaigokensaku.mhlw.go.jp/35/index.php?action_kouhyou_detail_004_kani=true&JigyosyoCd=3571500523-00&ServiceCd=430&Type=search", "url2": "http://www.city-hp.or.jp/kyotaku" }, "geometry": { "type": "Point", "coordinates": [ 131.764141900000027, 34.0726521 ] } },
{ "type": "Feature", "properties": { "内容": "&Lifeケアプランセンター【居宅介護支援】山口県周南市大字櫛ヶ浜227番地1", "url": "https://www.kaigokensaku.mhlw.go.jp/35/index.php?action_kouhyou_detail_004_kani=true&JigyosyoCd=3571501950-00&ServiceCd=430&Type=search", "url2": null }, "geometry": { "type": "Point", "coordinates": [ 131.828638361901852, 34.026758442831913 ] } },
{ "type": "Feature", "properties": { "内容": "くりや苑居宅介護支援センター【居宅介護支援】周南市大字栗屋839番地の1", "url": "https://www.kaigokensaku.mhlw.go.jp/35/index.php?action_kouhyou_detail_004_kani=true&JigyosyoCd=3571501232-00&ServiceCd=430&Type=search", "url2": "https://www.kuriyaen.jp" }, "geometry": { "type": "Point", "coordinates": [ 131.834238097150319, 34.021989969740666 ] } },
{ "type": "Feature", "properties": { "内容": "周南市社会福祉協議会しんなんよう【居宅介護支援】周南市古川町1番17号", "url": "https://www.kaigokensaku.mhlw.go.jp/35/index.php?action_kouhyou_detail_004_kani=true&JigyosyoCd=3571500036-00&ServiceCd=430&Type=search", "url2": "http://www.shunan-shakyo.or.jp" }, "geometry": { "type": "Point", "coordinates": [ 131.776627299999973, 34.0694805 ] } },
{ "type": "Feature", "properties": { "内容": "医療法人真和会松村医院【居宅介護支援】山口県周南市大字呼坂1番地の3", "url": "https://www.kaigokensaku.mhlw.go.jp/35/index.php?action_kouhyou_detail_004_kani=true&JigyosyoCd=3517310599-00&ServiceCd=430&Type=search", "url2": null }, "geometry": { "type": "Point", "coordinates": [ 131.96891370000003, 34.0490736 ] } },
{ "type": "Feature", "properties": { "内容": "居宅介護支援事業所　春風【居宅介護支援】周南市大字呼坂緑ヶ丘850-197", "url": "https://www.kaigokensaku.mhlw.go.jp/35/index.php?action_kouhyou_detail_004_kani=true&JigyosyoCd=3571501398-00&ServiceCd=430&Type=search", "url2": null }, "geometry": { "type": "Point", "coordinates": [ 131.96234691235918, 34.048710398480431 ] } },
{ "type": "Feature", "properties": { "内容": "居宅介護支援事業所　のんた【居宅介護支援】山口県周南市大字戸田2783番地", "url": "https://www.kaigokensaku.mhlw.go.jp/35/index.php?action_kouhyou_detail_004_kani=true&JigyosyoCd=3571500077-00&ServiceCd=430&Type=search", "url2": null }, "geometry": { "type": "Point", "coordinates": [ 131.683869629676451, 34.076905021040155 ] } },
{ "type": "Feature", "properties": { "内容": "サンキ・ウエルビィ介護センター徳山【居宅介護支援】山口県周南市五月町７番１０号", "url": "https://www.kaigokensaku.mhlw.go.jp/35/index.php?action_kouhyou_detail_004_kani=true&JigyosyoCd=3570500367-00&ServiceCd=430&Type=search", "url2": null }, "geometry": { "type": "Point", "coordinates": [ 131.828978499999948, 34.0376878 ] } },
{ "type": "Feature", "properties": { "内容": "居宅介護支援事業所　なごやか熊毛【居宅介護支援】山口県周南市高水原2丁目7番21号", "url": "https://www.kaigokensaku.mhlw.go.jp/35/index.php?action_kouhyou_detail_004_kani=true&JigyosyoCd=3571500820-00&ServiceCd=430&Type=search", "url2": "ｗｗｗ．Ｓｒ－ｈ．ｊｐ" }, "geometry": { "type": "Point", "coordinates": [ 131.973291, 34.0541482 ] } },
{ "type": "Feature", "properties": { "内容": "ケアパートナー周南・ケアプランセンター【居宅介護支援】山口県周南市桜木１丁目１－３２徳山オフィスビル２階北側", "url": "https://www.kaigokensaku.mhlw.go.jp/35/index.php?action_kouhyou_detail_004_kani=true&JigyosyoCd=3571501968-00&ServiceCd=430&Type=search", "url2": "https://www.care-partner.com/place/syunan_cm/" }, "geometry": { "type": "Point", "coordinates": [ 131.837379100000021, 34.0436455 ] } },
{ "type": "Feature", "properties": { "内容": "鹿野博愛居宅介護支援事業所【居宅介護支援】周南市大字鹿野下1161番地1", "url": "https://www.kaigokensaku.mhlw.go.jp/35/index.php?action_kouhyou_detail_004_kani=true&JigyosyoCd=3571500671-00&ServiceCd=430&Type=search", "url2": "http://www.ryokuzankai.jp/grp/hakuai/index.html" }, "geometry": { "type": "Point", "coordinates": [ 131.81602176569325, 34.224385387843483 ] } },
{ "type": "Feature", "properties": { "内容": "やまなみ荘在宅介護支援センター【居宅介護支援】山口県周南市大字鹿野上2755番地の1", "url": "https://www.kaigokensaku.mhlw.go.jp/35/index.php?action_kouhyou_detail_004_kani=true&JigyosyoCd=3577400017-00&ServiceCd=430&Type=search", "url2": "https://www.kanofukushikai.or.jp/" }, "geometry": { "type": "Point", "coordinates": [ 131.809668099999953, 34.2296147 ] } },
{ "type": "Feature", "properties": { "内容": "あい・周南ケアセンター【居宅介護支援】周南市秋月1丁目1番10号", "url": "https://www.kaigokensaku.mhlw.go.jp/35/index.php?action_kouhyou_detail_004_kani=true&JigyosyoCd=3570500565-00&ServiceCd=430&Type=search", "url2": "https://ai-syunan.jimdofree.com/" }, "geometry": { "type": "Point", "coordinates": [ 131.824792300000013, 34.0538445 ] } },
{ "type": "Feature", "properties": { "内容": "内山ケアマネジャー事務所【居宅介護支援】山口県周南市昭和通1丁目9番地2徳山プリンスマンション502", "url": "https://www.kaigokensaku.mhlw.go.jp/35/index.php?action_kouhyou_detail_004_kani=true&JigyosyoCd=3571501885-00&ServiceCd=430&Type=search", "url2": null }, "geometry": { "type": "Point", "coordinates": [ 131.8100545, 34.0511035 ] } },
{ "type": "Feature", "properties": { "内容": "居宅介護支援事業所ひまわり【居宅介護支援】山口県周南市新地3丁目5-1", "url": "https://www.kaigokensaku.mhlw.go.jp/35/index.php?action_kouhyou_detail_004_kani=true&JigyosyoCd=3570500045-00&ServiceCd=430&Type=search", "url2": "http://www.takahashinaika.dr-clinic.jp/" }, "geometry": { "type": "Point", "coordinates": [ 131.788318299999986, 34.0687449 ] } },
{ "type": "Feature", "properties": { "内容": "おにたけ居宅介護支援事業所【居宅介護支援】山口県周南市大字須々万本郷305番地の8", "url": "https://www.kaigokensaku.mhlw.go.jp/35/index.php?action_kouhyou_detail_004_kani=true&JigyosyoCd=3571501612-00&ServiceCd=430&Type=search", "url2": null }, "geometry": { "type": "Point", "coordinates": [ 131.862258239982509, 34.116768077358806 ] } },
{ "type": "Feature", "properties": { "内容": "友愛園指定居宅介護支援事業所【居宅介護支援】山口県周南市大字須々万本郷２９番地の２周南高原医療福祉センター", "url": "https://www.kaigokensaku.mhlw.go.jp/35/index.php?action_kouhyou_detail_004_kani=true&JigyosyoCd=3570500144-00&ServiceCd=430&Type=search", "url2": "http://ryokuzankai.jp" }, "geometry": { "type": "Point", "coordinates": [ 131.858016, 34.1240108 ] } },
{ "type": "Feature", "properties": { "内容": "つづみ園居宅介護支援事業所【居宅介護支援】周南市瀬戸見町１２番３０号", "url": "https://www.kaigokensaku.mhlw.go.jp/35/index.php?action_kouhyou_detail_004_kani=true&JigyosyoCd=3570500029-00&ServiceCd=430&Type=search", "url2": "http://www.shunan-jigyodan.jp" }, "geometry": { "type": "Point", "coordinates": [ 131.832865260296671, 34.050960034739646 ] } },
{ "type": "Feature", "properties": { "内容": "香田整形外科医院居宅介護支援事業所【居宅介護支援】周南市代々木通2-27", "url": "https://www.kaigokensaku.mhlw.go.jp/35/index.php?action_kouhyou_detail_004_kani=true&JigyosyoCd=3571500689-00&ServiceCd=430&Type=search", "url2": "http://www.kouda-seikei.or.jp/" }, "geometry": { "type": "Point", "coordinates": [ 131.802677470608472, 34.054892134466854 ] } },
{ "type": "Feature", "properties": { "内容": "天王園在宅介護支援センター【居宅介護支援】山口県周南市大字大河内1109番2", "url": "https://www.kaigokensaku.mhlw.go.jp/35/index.php?action_kouhyou_detail_004_kani=true&JigyosyoCd=3577300084-00&ServiceCd=430&Type=search", "url2": "http://www.tennoen.com" }, "geometry": { "type": "Point", "coordinates": [ 131.942091299999987, 34.0259033 ] } },
{ "type": "Feature", "properties": { "内容": "ふじ周南　居宅介護支援事業所【居宅介護支援】周南市築港町12－1スカイマンション1階", "url": "https://www.kaigokensaku.mhlw.go.jp/35/index.php?action_kouhyou_detail_004_kani=true&JigyosyoCd=3571500150-00&ServiceCd=430&Type=search", "url2": "http://www.fujicare.jp/" }, "geometry": { "type": "Point", "coordinates": [ 131.802017647190809, 34.048700819967749 ] } },
{ "type": "Feature", "properties": { "内容": "徳山医師会居宅介護支援事業所【居宅介護支援】山口県周南市東山町6番28号", "url": "https://www.kaigokensaku.mhlw.go.jp/35/index.php?action_kouhyou_detail_004_kani=true&JigyosyoCd=3570500102-00&ServiceCd=430&Type=search", "url2": "http://www.tokuyamaishikai.com" }, "geometry": { "type": "Point", "coordinates": [ 131.816241948410038, 34.050129568071384 ] } },
{ "type": "Feature", "properties": { "内容": "やすらぎ苑居宅介護支援センター【居宅介護支援】山口県周南市大字湯野１５８番地", "url": "https://www.kaigokensaku.mhlw.go.jp/35/index.php?action_kouhyou_detail_004_kani=true&JigyosyoCd=3570500094-00&ServiceCd=430&Type=search", "url2": "http://www.yasuragi-en.jp/" }, "geometry": { "type": "Point", "coordinates": [ 131.678374188360635, 34.091925952332822 ] } },
{ "type": "Feature", "properties": { "内容": "居宅介護支援事業所徳山リハビリテーション病院【居宅介護支援】周南市徳山626番地", "url": "https://www.kaigokensaku.mhlw.go.jp/35/index.php?action_kouhyou_detail_004_kani=true&JigyosyoCd=3571501307-00&ServiceCd=430&Type=search", "url2": "httpppp://www.tokuyama-rh.jp" }, "geometry": { "type": "Point", "coordinates": [ 131.823214900000039, 34.0460979 ] } },
{ "type": "Feature", "properties": { "内容": "徳山病院居宅介護支援事業所【居宅介護支援】周南市南浦山町5番14号", "url": "https://www.kaigokensaku.mhlw.go.jp/35/index.php?action_kouhyou_detail_004_kani=true&JigyosyoCd=3571501828-00&ServiceCd=430&Type=search", "url2": "http://www.tokuyama-hp.jp/" }, "geometry": { "type": "Point", "coordinates": [ 131.788451397917271, 34.069761973403608 ] } },
{ "type": "Feature", "properties": { "内容": "えがお【居宅介護支援】山口県周南市平野1丁目5番5号", "url": "https://www.kaigokensaku.mhlw.go.jp/35/index.php?action_kouhyou_detail_004_kani=true&JigyosyoCd=3571500770-00&ServiceCd=430&Type=search", "url2": "https://www.egao-1day.com/" }, "geometry": { "type": "Point", "coordinates": [ 131.751723199999986, 34.072451800000024 ] } },
{ "type": "Feature", "properties": { "内容": "ケアプランセンターいろは【居宅介護支援】山口県周南市大字久米172番地の22", "url": "https://www.kaigokensaku.mhlw.go.jp/35/index.php?action_kouhyou_detail_004_kani=true&JigyosyoCd=3571502024-00&ServiceCd=430&Type=search", "url2": "https://www.ayaragisound.com" }, "geometry": { "type": "Point", "coordinates": [ 131.8400211, 34.0308542 ] } },
{ "type": "Feature", "properties": { "内容": "三丘温泉指定居宅介護支援事業所【居宅介護支援】周南市大字小松原1233番地の3", "url": "https://www.kaigokensaku.mhlw.go.jp/35/index.php?action_kouhyou_detail_004_kani=true&JigyosyoCd=3571500663-00&ServiceCd=430&Type=search", "url2": "http://sgpnet.co.jp" }, "geometry": { "type": "Point", "coordinates": [ 131.993265, 34.0355615 ] } },
{ "type": "Feature", "properties": { "内容": "居宅介護支援事業所　絆【居宅介護支援】山口県周南市大字須々万奥544番地８", "url": "https://www.kaigokensaku.mhlw.go.jp/35/index.php?action_kouhyou_detail_004_kani=true&JigyosyoCd=3571501760-00&ServiceCd=430&Type=search", "url2": null }, "geometry": { "type": "Point", "coordinates": [ 131.884572100000014, 34.1177146 ] } },
{ "type": "Feature", "properties": { "内容": "居宅介護支援事業所元気村【居宅介護支援】山口県周南市大字湯野27番地周南リハビリ元気村3階", "url": "https://www.kaigokensaku.mhlw.go.jp/35/index.php?action_kouhyou_detail_004_kani=true&JigyosyoCd=3571500812-00&ServiceCd=430&Type=search", "url2": "http://www.genkimura-sa.jp" }, "geometry": { "type": "Point", "coordinates": [ 131.680231592860878, 34.084208485975637 ] } },
{ "type": "Feature", "properties": { "内容": "JA介護支援センター須々万ぺんぎん【居宅介護支援】山口県周南市須々万本郷2502番地", "url": "https://www.kaigokensaku.mhlw.go.jp/35/index.php?action_kouhyou_detail_004_kani=true&JigyosyoCd=3571501497-00&ServiceCd=430&Type=search", "url2": "https://ja-kyodo-support.jp/" }, "geometry": { "type": "Point", "coordinates": [ 131.860852099999988, 34.1153202 ] } },
{ "type": "Feature", "properties": { "内容": "ＪＡ介護支援センター新南陽【居宅介護支援】山口県周南市清水１丁目9-5", "url": "https://www.kaigokensaku.mhlw.go.jp/35/index.php?action_kouhyou_detail_004_kani=true&JigyosyoCd=3571501489-00&ServiceCd=430&Type=search", "url2": "https://ja-kyodo-support.jp/" }, "geometry": { "type": "Point", "coordinates": [ 131.7689388, 34.0707969 ] } },
{ "type": "Feature", "properties": { "内容": "医療法人宇野医院本院居宅介護支援事業所【居宅介護支援】山口県周南市櫛ヶ浜５０１番地", "url": "https://www.kaigokensaku.mhlw.go.jp/35/index.php?action_kouhyou_detail_004_kani=true&JigyosyoCd=3510512043-00&ServiceCd=430&Type=search", "url2": "http:/www.unohonin.com" }, "geometry": { "type": "Point", "coordinates": [ 131.830497899999955, 34.0262888 ] } },
{ "type": "Feature", "properties": { "内容": "居宅介護支援センター湯野温泉【居宅介護支援】周南市大字湯野4203番地の6サービス付き高齢者向け住宅　湯野温泉", "url": "https://www.kaigokensaku.mhlw.go.jp/35/index.php?action_kouhyou_detail_004_kani=true&JigyosyoCd=3571500416-00&ServiceCd=430&Type=search", "url2": "http://www.chitokukai.com" }, "geometry": { "type": "Point", "coordinates": [ 131.675283231352296, 34.094720003146243 ] } },
{ "type": "Feature", "properties": { "内容": "みどりばケアプランセンター【居宅介護支援】山口県周南市花畠町３－１７", "url": "https://www.kaigokensaku.mhlw.go.jp/35/index.php?action_kouhyou_detail_004_kani=true&JigyosyoCd=3571501984-00&ServiceCd=430&Type=search", "url2": "https://gap-filling.co.jp/index.html" }, "geometry": { "type": "Point", "coordinates": [ 131.812032340086546, 34.057501266094754 ] } },
{ "type": "Feature", "properties": { "内容": "ニチイケアセンター小野田【居宅介護支援】山口県山陽小野田市日の出３丁目９番９号　平成ビル２Ｆ", "url": "https://www.kaigokensaku.mhlw.go.jp/35/index.php?action_kouhyou_detail_004_kani=true&JigyosyoCd=3570900013-00&ServiceCd=430&Type=search", "url2": "http://www.nichiigakkan.co.jp" }, "geometry": { "type": "Point", "coordinates": [ 131.1823809, 34.0065328 ] } },
{ "type": "Feature", "properties": { "内容": "ケアマネセンター伽野【居宅介護支援】大字厚狭９３２番地の６メゾンリベルテＣ棟１０１号室", "url": "https://www.kaigokensaku.mhlw.go.jp/35/index.php?action_kouhyou_detail_004_kani=true&JigyosyoCd=3571601099-00&ServiceCd=430&Type=search", "url2": null }, "geometry": { "type": "Point", "coordinates": [ 131.170221199999986, 34.056312 ] } },
{ "type": "Feature", "properties": { "内容": "ケアマネセンターわけん【居宅介護支援】山口県山陽小野田市新生2丁目8-10", "url": "https://www.kaigokensaku.mhlw.go.jp/35/index.php?action_kouhyou_detail_004_kani=true&JigyosyoCd=3571600893-00&ServiceCd=430&Type=search", "url2": "http://sannyouonoda.sub.jp/" }, "geometry": { "type": "Point", "coordinates": [ 131.177107967644474, 34.000586758884523 ] } },
{ "type": "Feature", "properties": { "内容": "ゆうあい居宅介護支援事業所【居宅介護支援】山口県山陽小野田市大字小野田4046", "url": "https://www.kaigokensaku.mhlw.go.jp/35/index.php?action_kouhyou_detail_004_kani=true&JigyosyoCd=3571601032-00&ServiceCd=430&Type=search", "url2": null }, "geometry": { "type": "Point", "coordinates": [ 131.176350500000012, 33.9549886 ] } },
{ "type": "Feature", "properties": { "内容": "虹の居宅介護支援事業所【居宅介護支援】山口県山陽小野田市くし山1-34-7", "url": "https://www.kaigokensaku.mhlw.go.jp/35/index.php?action_kouhyou_detail_004_kani=true&JigyosyoCd=3510910684-00&ServiceCd=430&Type=search", "url2": "https://www.kenbunkai-yamaguchi.jp/" }, "geometry": { "type": "Point", "coordinates": [ 131.182615575246473, 34.011828367780943 ] } },
{ "type": "Feature", "properties": { "内容": "医療法人社団民正会ケアマネセンターかがやき【居宅介護支援】山陽小野田市大字鴨庄10番地4", "url": "https://www.kaigokensaku.mhlw.go.jp/35/index.php?action_kouhyou_detail_004_kani=true&JigyosyoCd=3577700200-00&ServiceCd=430&Type=search", "url2": "http://minseikai.jp" }, "geometry": { "type": "Point", "coordinates": [ 131.155826199999979, 34.05691010000001 ] } },
{ "type": "Feature", "properties": { "内容": "ケアセンター康友【居宅介護支援】山陽小野田市大字郡４１５番３", "url": "https://www.kaigokensaku.mhlw.go.jp/35/index.php?action_kouhyou_detail_004_kani=true&JigyosyoCd=3570900427-00&ServiceCd=430&Type=search", "url2": "http://www,kaigo-kouyu,jp/" }, "geometry": { "type": "Point", "coordinates": [ 131.169000521214002, 34.049484960223289 ] } },
{ "type": "Feature", "properties": { "内容": "居宅介護支援事業所フクシア【居宅介護支援】山口県山陽小野田市港町1-1", "url": "https://www.kaigokensaku.mhlw.go.jp/35/index.php?action_kouhyou_detail_004_kani=true&JigyosyoCd=3571600851-00&ServiceCd=430&Type=search", "url2": null }, "geometry": { "type": "Point", "coordinates": [ 131.178556800000024, 33.9754079 ] } },
{ "type": "Feature", "properties": { "内容": "むべの里居宅介護支援事業所住吉【居宅介護支援】山口県山陽小野田市住吉本町2-5-12", "url": "https://www.kaigokensaku.mhlw.go.jp/35/index.php?action_kouhyou_detail_004_kani=true&JigyosyoCd=3571601172-00&ServiceCd=430&Type=search", "url2": "http://mubekouei.com" }, "geometry": { "type": "Point", "coordinates": [ 131.1797918, 33.9810523 ] } },
{ "type": "Feature", "properties": { "内容": "長寿園居宅介護支援事業所【居宅介護支援】山陽小野田市大字小野田11324番地10", "url": "https://www.kaigokensaku.mhlw.go.jp/35/index.php?action_kouhyou_detail_004_kani=true&JigyosyoCd=3570900021-00&ServiceCd=430&Type=search", "url2": "care-net.biz/35/choujukai01" }, "geometry": { "type": "Point", "coordinates": [ 131.1836644, 33.9911759 ] } },
{ "type": "Feature", "properties": { "内容": "なみおと居宅介護支援事業所【居宅介護支援】山口県山陽小野田市大字小野田1147-13", "url": "https://www.kaigokensaku.mhlw.go.jp/35/index.php?action_kouhyou_detail_004_kani=true&JigyosyoCd=3571600554-00&ServiceCd=430&Type=search", "url2": "http://hayakawanaika.com/namioto/" }, "geometry": { "type": "Point", "coordinates": [ 131.171974, 33.9432715 ] } },
{ "type": "Feature", "properties": { "内容": "ケアプランナーこころ【居宅介護支援】小野田7188-3", "url": "https://www.kaigokensaku.mhlw.go.jp/35/index.php?action_kouhyou_detail_004_kani=true&JigyosyoCd=3571601107-00&ServiceCd=430&Type=search", "url2": null }, "geometry": { "type": "Point", "coordinates": [ 131.186376322090155, 33.9993068 ] } },
{ "type": "Feature", "properties": { "内容": "マミーケアサービス【居宅介護支援】山陽小野田市大字小野田7408", "url": "https://www.kaigokensaku.mhlw.go.jp/35/index.php?action_kouhyou_detail_004_kani=true&JigyosyoCd=3571600547-00&ServiceCd=430&Type=search", "url2": null }, "geometry": { "type": "Point", "coordinates": [ 131.1914351, 34.0020092 ] } },
{ "type": "Feature", "properties": { "内容": "サンライフ山陽居宅介護支援事業所【居宅介護支援】山口県山陽小野田市大字埴生２１５６番地", "url": "https://www.kaigokensaku.mhlw.go.jp/35/index.php?action_kouhyou_detail_004_kani=true&JigyosyoCd=3577700028-00&ServiceCd=430&Type=search", "url2": "http://care-net.biz/35/sanraifu/" }, "geometry": { "type": "Point", "coordinates": [ 131.076557500000035, 34.0448622 ] } },
{ "type": "Feature", "properties": { "内容": "あおぞら居宅介護支援事業所【居宅介護支援】山陽小野田市須恵１丁目１２－３３", "url": "https://www.kaigokensaku.mhlw.go.jp/35/index.php?action_kouhyou_detail_004_kani=true&JigyosyoCd=3510910783-00&ServiceCd=430&Type=search", "url2": "http://www3.ocn.ne.jp/~aozora07" }, "geometry": { "type": "Point", "coordinates": [ 131.1791902, 33.9721749 ] } },
{ "type": "Feature", "properties": { "内容": "高千帆苑在宅介護支援センター【居宅介護支援】山陽小野田市大字有帆字佛石１０６６２番地８", "url": "https://www.kaigokensaku.mhlw.go.jp/35/index.php?action_kouhyou_detail_004_kani=true&JigyosyoCd=3570900054-00&ServiceCd=430&Type=search", "url2": "http://kenjukai.main.jp" }, "geometry": { "type": "Point", "coordinates": [ 131.195554, 34.026256 ] } },
{ "type": "Feature", "properties": { "内容": "山ぼうし　居宅介護支援事業所【居宅介護支援】山陽小野田市大字有帆535-117", "url": "https://www.kaigokensaku.mhlw.go.jp/35/index.php?action_kouhyou_detail_004_kani=true&JigyosyoCd=3571600901-00&ServiceCd=430&Type=search", "url2": null }, "geometry": { "type": "Point", "coordinates": [ 131.207309, 34.0126989 ] } },
{ "type": "Feature", "properties": { "内容": "居宅介護支援事業所　たいむ【居宅介護支援】山口県山陽小野田市大字山川985番地１６", "url": "https://www.kaigokensaku.mhlw.go.jp/35/index.php?action_kouhyou_detail_004_kani=true&JigyosyoCd=3571600943-00&ServiceCd=430&Type=search", "url2": null }, "geometry": { "type": "Point", "coordinates": [ 131.145560100000012, 34.0581793 ] } },
{ "type": "Feature", "properties": { "内容": "総合ケアセンターゆう【居宅介護支援】山口県山陽小野田市大字西高泊758-1", "url": "https://www.kaigokensaku.mhlw.go.jp/35/index.php?action_kouhyou_detail_004_kani=true&JigyosyoCd=3571600992-00&ServiceCd=430&Type=search", "url2": "https://www.yuyukai-llc.com" }, "geometry": { "type": "Point", "coordinates": [ 131.168335099999979, 34.0087727 ] } },
{ "type": "Feature", "properties": { "内容": "ケアプランセンターであい【居宅介護支援】山陽小野田市大字山川１３３８−８", "url": "https://www.kaigokensaku.mhlw.go.jp/35/index.php?action_kouhyou_detail_004_kani=true&JigyosyoCd=3571600844-00&ServiceCd=430&Type=search", "url2": null }, "geometry": { "type": "Point", "coordinates": [ 131.153240099999948, 34.059832 ] } },
{ "type": "Feature", "properties": { "内容": "やまびこ苑　居宅介護支援事業所【居宅介護支援】大島郡周防大島町大字久賀５３７５－１", "url": "https://www.kaigokensaku.mhlw.go.jp/35/index.php?action_kouhyou_detail_004_kani=true&JigyosyoCd=3577100096-00&ServiceCd=430&Type=search", "url2": null }, "geometry": { "type": "Point", "coordinates": [ 132.258794800000032, 33.9461137 ] } },
{ "type": "Feature", "properties": { "内容": "周防大島町社協　居宅介護支援事業所【居宅介護支援】山口県大島郡周防大島町大字久賀4801-1", "url": "https://www.kaigokensaku.mhlw.go.jp/35/index.php?action_kouhyou_detail_004_kani=true&JigyosyoCd=3577100435-00&ServiceCd=430&Type=search", "url2": null }, "geometry": { "type": "Point", "coordinates": [ 132.260898599999962, 33.9394768 ] } },
{ "type": "Feature", "properties": { "内容": "ほのぼの苑居宅介護支援事業所【居宅介護支援】大島郡周防大島町大字小松133番地1", "url": "https://www.kaigokensaku.mhlw.go.jp/35/index.php?action_kouhyou_detail_004_kani=true&JigyosyoCd=3577100039-00&ServiceCd=430&Type=search", "url2": "http://satsukikai-oshima.com/" }, "geometry": { "type": "Point", "coordinates": [ 132.196356299999934, 33.9275143 ] } },
{ "type": "Feature", "properties": { "内容": "居宅介護支援事業所おおしま【居宅介護支援】山口県大島郡周防大島町大字小松１４１５－１", "url": "https://www.kaigokensaku.mhlw.go.jp/35/index.php?action_kouhyou_detail_004_kani=true&JigyosyoCd=3577100476-00&ServiceCd=430&Type=search", "url2": null }, "geometry": { "type": "Point", "coordinates": [ 132.187645699999962, 33.9435292 ] } },
{ "type": "Feature", "properties": { "内容": "居宅介護支援事業所　なないろ【居宅介護支援】山口県大島郡周防大島町小松91-4おげんきハグニティ", "url": "https://www.kaigokensaku.mhlw.go.jp/35/index.php?action_kouhyou_detail_004_kani=true&JigyosyoCd=3577100708-00&ServiceCd=430&Type=search", "url2": "https://www.okaharakai.com/" }, "geometry": { "type": "Point", "coordinates": [ 132.190190199999961, 33.9274335 ] } },
{ "type": "Feature", "properties": { "内容": "松福介護相談所【居宅介護支援】山口県大島郡周防大島町小松開作1199", "url": "https://www.kaigokensaku.mhlw.go.jp/35/index.php?action_kouhyou_detail_004_kani=true&JigyosyoCd=3577100773-00&ServiceCd=430&Type=search", "url2": null }, "geometry": { "type": "Point", "coordinates": [ 132.1816854, 33.9273527 ] } },
{ "type": "Feature", "properties": { "内容": "有限会社　しらき【居宅介護支援】山口県大島郡周防大島町大字西方１４番地", "url": "https://www.kaigokensaku.mhlw.go.jp/35/index.php?action_kouhyou_detail_004_kani=true&JigyosyoCd=3577100674-00&ServiceCd=430&Type=search", "url2": null }, "geometry": { "type": "Point", "coordinates": [ 132.3274609, 33.9038443 ] } },
{ "type": "Feature", "properties": { "内容": "白寿苑居宅介護支援事業所【居宅介護支援】大島郡周防大島町大字西方１６２３－２", "url": "https://www.kaigokensaku.mhlw.go.jp/35/index.php?action_kouhyou_detail_004_kani=true&JigyosyoCd=3577100088-00&ServiceCd=430&Type=search", "url2": null }, "geometry": { "type": "Point", "coordinates": [ 132.337504399999943, 33.9004339 ] } },
{ "type": "Feature", "properties": { "内容": "居宅介護支援事業所とうわ【居宅介護支援】山口県大島郡周防大島町大字西方５７１－１", "url": "https://www.kaigokensaku.mhlw.go.jp/35/index.php?action_kouhyou_detail_004_kani=true&JigyosyoCd=3577100468-00&ServiceCd=430&Type=search", "url2": null }, "geometry": { "type": "Point", "coordinates": [ 132.333188100000029, 33.8952566 ] } },
{ "type": "Feature", "properties": { "内容": "オレンジ苑居宅介護支援事業所【居宅介護支援】大島郡周防大島町大字東安下庄774番地9", "url": "https://www.kaigokensaku.mhlw.go.jp/35/index.php?action_kouhyou_detail_004_kani=true&JigyosyoCd=3577100021-00&ServiceCd=430&Type=search", "url2": null }, "geometry": { "type": "Point", "coordinates": [ 132.292620599999964, 33.8990826 ] } },
{ "type": "Feature", "properties": { "内容": "わきあいあい苑指定居宅介護支援事業所【居宅介護支援】玖珂郡和木町瀬田4丁目1－1", "url": "https://www.kaigokensaku.mhlw.go.jp/35/index.php?action_kouhyou_detail_004_kani=true&JigyosyoCd=3577200169-00&ServiceCd=430&Type=search", "url2": "https://wakiaiaien.tkc.best-hp.jp" }, "geometry": { "type": "Point", "coordinates": [ 132.2245524, 34.1919204 ] } },
{ "type": "Feature", "properties": { "内容": "なぎさ居宅介護支援事業所【居宅介護支援】山口県熊毛郡上関町大字長島５８０番地", "url": "https://www.kaigokensaku.mhlw.go.jp/35/index.php?action_kouhyou_detail_004_kani=true&JigyosyoCd=3577300621-00&ServiceCd=430&Type=search", "url2": null }, "geometry": { "type": "Point", "coordinates": [ 132.112286638840885, 33.830411172064366 ] } },
{ "type": "Feature", "properties": { "内容": "上関福祉会居宅介護支援事業所【居宅介護支援】熊毛郡上関町大字長島1561番地1", "url": "https://www.kaigokensaku.mhlw.go.jp/35/index.php?action_kouhyou_detail_004_kani=true&JigyosyoCd=3577300605-00&ServiceCd=430&Type=search", "url2": "https://kaminoseki-fukushikai.com/" }, "geometry": { "type": "Point", "coordinates": [ 132.073751099999981, 33.8152633 ] } },
{ "type": "Feature", "properties": { "内容": "ル・モンド田布施居宅介護支援事業所【居宅介護支援】熊毛郡田布施町波野433-1", "url": "https://www.kaigokensaku.mhlw.go.jp/35/index.php?action_kouhyou_detail_004_kani=true&JigyosyoCd=3577300696-00&ServiceCd=430&Type=search", "url2": null }, "geometry": { "type": "Point", "coordinates": [ 132.047733599505619, 33.958464143073414 ] } },
{ "type": "Feature", "properties": { "内容": "たぶせ苑指定居宅介護支援事業所【居宅介護支援】山口県熊毛郡田布施町大字宿井４０６番地", "url": "https://www.kaigokensaku.mhlw.go.jp/35/index.php?action_kouhyou_detail_004_kani=true&JigyosyoCd=3577300126-00&ServiceCd=430&Type=search", "url2": "http://care-net.biz/35/shifuku/" }, "geometry": { "type": "Point", "coordinates": [ 132.028290500000026, 33.9655012 ] } },
{ "type": "Feature", "properties": { "内容": "アットホーム居宅介護支援事業所【居宅介護支援】熊毛郡田布施町大字麻郷字平原776-68", "url": "https://www.kaigokensaku.mhlw.go.jp/35/index.php?action_kouhyou_detail_004_kani=true&JigyosyoCd=3577300639-00&ServiceCd=430&Type=search", "url2": null }, "geometry": { "type": "Point", "coordinates": [ 132.041373099999987, 33.9547026 ] } },
{ "type": "Feature", "properties": { "内容": "株式会社　河村福祉サービス　柳井介護センター【居宅介護支援】山口県熊毛郡平生町平生町西浜588-1ｲｵﾝﾀｳﾝ平生内", "url": "https://www.kaigokensaku.mhlw.go.jp/35/index.php?action_kouhyou_detail_004_kani=true&JigyosyoCd=3571200397-00&ServiceCd=430&Type=search", "url2": "yanai@kawamurahukushi.co.jp" }, "geometry": { "type": "Point", "coordinates": [ 132.069028236376653, 33.941468708036844 ] } },
{ "type": "Feature", "properties": { "内容": "お茶の間社会福祉士事務所【居宅介護支援】山口県熊毛郡平生町大字平生村590-4", "url": "https://www.kaigokensaku.mhlw.go.jp/35/index.php?action_kouhyou_detail_004_kani=true&JigyosyoCd=3577300837-00&ServiceCd=430&Type=search", "url2": null }, "geometry": { "type": "Point", "coordinates": [ 132.07654320000006, 33.941477 ] } },
{ "type": "Feature", "properties": { "内容": "平生町社会福祉協議会【居宅介護支援】山口県熊毛郡平生町大字平生村618-2ケアセンターあいあむ", "url": "https://www.kaigokensaku.mhlw.go.jp/35/index.php?action_kouhyou_detail_004_kani=true&JigyosyoCd=3577300027-00&ServiceCd=430&Type=search", "url2": "http://www.hirao-syakyo.or.jp" }, "geometry": { "type": "Point", "coordinates": [ 132.0759266, 33.940479800000048 ] } },
{ "type": "Feature", "properties": { "内容": "光輝会居宅介護支援事業所【居宅介護支援】山口県熊毛郡平生町大字佐賀10002番地77", "url": "https://www.kaigokensaku.mhlw.go.jp/35/index.php?action_kouhyou_detail_004_kani=true&JigyosyoCd=3577300068-00&ServiceCd=430&Type=search", "url2": "https://koukikai-group.or.jp" }, "geometry": { "type": "Point", "coordinates": [ 132.1052909, 33.8933933 ] } },
{ "type": "Feature", "properties": { "内容": "ながやす介護ステーション【居宅介護支援】山口県熊毛郡平生町平生村862-2", "url": "https://www.kaigokensaku.mhlw.go.jp/35/index.php?action_kouhyou_detail_004_kani=true&JigyosyoCd=3577300043-00&ServiceCd=430&Type=search", "url2": null }, "geometry": { "type": "Point", "coordinates": [ 132.073013137434344, 33.943927854557394 ] } }
]
}
