{
"type": "FeatureCollection",
"name": "geo_0_町丁目境界02",
"crs": { "type": "name", "properties": { "name": "urn:ogc:def:crs:EPSG::4612" } },
"features": [
{ "type": "Feature", "properties": { "CITY_NAME": "柳井市", "S_NAME": "南町一丁目", "JINKO": 203, "medical_area": "35_柳井医療圏", "町丁目名": "柳井市南町一丁目" }, "geometry": { "type": "Polygon", "coordinates": [ [ [ 132.102425348939278, 33.966117298621022 ], [ 132.105422424860592, 33.965137436626399 ], [ 132.101306617414991, 33.963076943622625 ], [ 132.100008045234034, 33.964944442642292 ], [ 132.102425348939278, 33.966117298621022 ] ] ] } },
{ "type": "Feature", "properties": { "CITY_NAME": "柳井市", "S_NAME": "南町二丁目", "JINKO": 92, "medical_area": "35_柳井医療圏", "町丁目名": "柳井市南町二丁目" }, "geometry": { "type": "Polygon", "coordinates": [ [ [ 132.106332594202826, 33.964758996792661 ], [ 132.108257831220499, 33.964647738996476 ], [ 132.109010946428128, 33.964440012367213 ], [ 132.106204447390724, 33.962995657286029 ], [ 132.103830059021476, 33.964343091024077 ], [ 132.105422424860592, 33.965137436626399 ], [ 132.106332594202826, 33.964758996792661 ] ] ] } },
{ "type": "Feature", "properties": { "CITY_NAME": "柳井市", "S_NAME": "南町三丁目", "JINKO": 61, "medical_area": "35_柳井医療圏", "町丁目名": "柳井市南町三丁目" }, "geometry": { "type": "Polygon", "coordinates": [ [ [ 132.10618488873547, 33.962997901618245 ], [ 132.102624767172244, 33.961132658393176 ], [ 132.101306617414991, 33.963076943622625 ], [ 132.103830059021476, 33.964343091024077 ], [ 132.10618488873547, 33.962997901618245 ] ] ] } },
{ "type": "Feature", "properties": { "CITY_NAME": "柳井市", "S_NAME": "南町四丁目", "JINKO": 56, "medical_area": "35_柳井医療圏", "町丁目名": "柳井市南町四丁目" }, "geometry": { "type": "Polygon", "coordinates": [ [ [ 132.109791270627198, 33.963062759324814 ], [ 132.108597454882613, 33.96187175993731 ], [ 132.106709108032419, 33.960349333417717 ], [ 132.10665398846794, 33.958990231651576 ], [ 132.105732011560804, 33.95895427123795 ], [ 132.105753644950624, 33.960078931068253 ], [ 132.104195223699151, 33.961943959178818 ], [ 132.108831438116567, 33.964346844601508 ], [ 132.11066394253092, 33.964231475782604 ], [ 132.109791270627198, 33.963062759324814 ] ] ] } },
{ "type": "Feature", "properties": { "CITY_NAME": "柳井市", "S_NAME": "南町五丁目", "JINKO": 28, "medical_area": "35_柳井医療圏", "町丁目名": "柳井市南町五丁目" }, "geometry": { "type": "Polygon", "coordinates": [ [ [ 132.105732011560804, 33.95895427123795 ], [ 132.100451196198208, 33.959435718406745 ], [ 132.098924517272081, 33.959905277067236 ], [ 132.100691030733628, 33.96018589570815 ], [ 132.104212015341631, 33.961934810638304 ], [ 132.105753644950624, 33.960078931068253 ], [ 132.105732011560804, 33.95895427123795 ] ] ] } },
{ "type": "Feature", "properties": { "CITY_NAME": "柳井市", "S_NAME": "南町六丁目", "JINKO": 240, "medical_area": "35_柳井医療圏", "町丁目名": "柳井市南町六丁目" }, "geometry": { "type": "Polygon", "coordinates": [ [ [ 132.101306617414991, 33.963076943622625 ], [ 132.102624767172244, 33.961132658393176 ], [ 132.100691030733628, 33.96018589570815 ], [ 132.098924517272081, 33.959905277067236 ], [ 132.098009224140242, 33.961402602901963 ], [ 132.098478680999591, 33.961640390432926 ], [ 132.098338715587545, 33.961873327266034 ], [ 132.099839317595439, 33.962617159608371 ], [ 132.099956893189869, 33.962412385822439 ], [ 132.101306617414991, 33.963076943622625 ] ] ] } },
{ "type": "Feature", "properties": { "CITY_NAME": "柳井市", "S_NAME": "南町七丁目", "JINKO": 213, "medical_area": "35_柳井医療圏", "町丁目名": "柳井市南町七丁目" }, "geometry": { "type": "Polygon", "coordinates": [ [ [ 132.101306617414991, 33.963076943622625 ], [ 132.099956893189869, 33.962412385822439 ], [ 132.099839317595439, 33.962617159608371 ], [ 132.09852930873268, 33.961977402786971 ], [ 132.098338715587545, 33.961873327266034 ], [ 132.098478680999591, 33.961640390432926 ], [ 132.098009224140242, 33.961402602901963 ], [ 132.096784685632144, 33.963387038019221 ], [ 132.100008045234034, 33.964944442642292 ], [ 132.101306617414991, 33.963076943622625 ] ] ] } },
{ "type": "Feature", "properties": { "CITY_NAME": "柳井市", "S_NAME": "姫田", "JINKO": 135, "medical_area": "35_柳井医療圏", "町丁目名": "柳井市姫田" }, "geometry": { "type": "Polygon", "coordinates": [ [ [ 132.114721101502226, 33.972016150061194 ], [ 132.114730097482635, 33.971870345002387 ], [ 132.113960298589575, 33.971290157791231 ], [ 132.113847642145402, 33.971097245540157 ], [ 132.11398419740712, 33.971037994707217 ], [ 132.113803217259743, 33.970946345747159 ], [ 132.113888457319405, 33.96987443549795 ], [ 132.11371519060819, 33.969319294568685 ], [ 132.113560902236713, 33.969257381885676 ], [ 132.11361763853219, 33.968706143926717 ], [ 132.113350630528544, 33.968567543436627 ], [ 132.113564813223547, 33.967739122896603 ], [ 132.111890541771174, 33.967676819256688 ], [ 132.111720661513033, 33.970914290219412 ], [ 132.112566848144922, 33.971244888221413 ], [ 132.113122063496292, 33.9710890397726 ], [ 132.113239432420272, 33.971548778405939 ], [ 132.113485994812351, 33.971805848941592 ], [ 132.114721101502226, 33.972016150061194 ] ] ] } },
{ "type": "Feature", "properties": { "CITY_NAME": "柳井市", "S_NAME": "山根", "JINKO": 472, "medical_area": "35_柳井医療圏", "町丁目名": "柳井市山根" }, "geometry": { "type": "Polygon", "coordinates": [ [ [ 132.115804354869994, 33.972016607132218 ], [ 132.117481547438786, 33.971374466870422 ], [ 132.119422400428448, 33.971545839012443 ], [ 132.117323441788443, 33.970208490331125 ], [ 132.117338383620847, 33.970028030124439 ], [ 132.117516934139417, 33.970078537985366 ], [ 132.117570073666315, 33.969945850446173 ], [ 132.117435542170085, 33.969632902066294 ], [ 132.117592715115421, 33.969624512666066 ], [ 132.117805228616476, 33.969196042092527 ], [ 132.118678777235999, 33.969250768198108 ], [ 132.118691248778021, 33.968842645122322 ], [ 132.119146923138487, 33.967919495325816 ], [ 132.118416169577557, 33.968034730098793 ], [ 132.113564813223547, 33.967739122896603 ], [ 132.113350630528544, 33.968567543436627 ], [ 132.11361763853219, 33.968706143926717 ], [ 132.113560902236713, 33.969257381885676 ], [ 132.11371519060819, 33.969319294568685 ], [ 132.113888457319405, 33.96987443549795 ], [ 132.113803217259743, 33.970946345747159 ], [ 132.11398419740712, 33.971037994707217 ], [ 132.113847642145402, 33.971097245540157 ], [ 132.113960298589575, 33.971290157791231 ], [ 132.114649958520943, 33.971870310816669 ], [ 132.115804354869994, 33.972016607132218 ] ] ] } },
{ "type": "Feature", "properties": { "CITY_NAME": "柳井市", "S_NAME": "片野西", "JINKO": 65, "medical_area": "35_柳井医療圏", "町丁目名": "柳井市片野西" }, "geometry": { "type": "Polygon", "coordinates": [ [ [ 132.122805418651353, 33.97289446911077 ], [ 132.123805927648476, 33.972706607752613 ], [ 132.123790984430428, 33.9724428777252 ], [ 132.123919074685205, 33.972389107794797 ], [ 132.123854757007365, 33.971463934212736 ], [ 132.124085622758173, 33.970749760423686 ], [ 132.123777120172349, 33.970035397204988 ], [ 132.123174718187272, 33.969573239485605 ], [ 132.12262035164764, 33.969485131633441 ], [ 132.121664548823304, 33.969845435142872 ], [ 132.119990746298214, 33.970055702025235 ], [ 132.119558087152029, 33.969950158047162 ], [ 132.118678777235999, 33.969250768198108 ], [ 132.118009352419222, 33.969172314487032 ], [ 132.117805228616476, 33.969196042092527 ], [ 132.117592715115421, 33.969624512666066 ], [ 132.117435542170085, 33.969632902066294 ], [ 132.117570073666315, 33.969945850446173 ], [ 132.117516934139417, 33.970078537985366 ], [ 132.11732055654312, 33.970052676691061 ], [ 132.117376799053716, 33.970312479910746 ], [ 132.119428343520127, 33.971516116448193 ], [ 132.118208665952324, 33.971369828158601 ], [ 132.118267130317093, 33.971548344242883 ], [ 132.119329252216289, 33.97194012249178 ], [ 132.119976918030574, 33.971757090476672 ], [ 132.120579836617509, 33.972125859174305 ], [ 132.121235858635373, 33.972143714642449 ], [ 132.121612332424917, 33.972549304349123 ], [ 132.122175240908604, 33.972577828754552 ], [ 132.122805418651353, 33.97289446911077 ] ] ] } },
{ "type": "Feature", "properties": { "CITY_NAME": "柳井市", "S_NAME": "柳井", "JINKO": 9306, "medical_area": "35_柳井医療圏", "町丁目名": "柳井市柳井" }, "geometry": { "type": "Polygon", "coordinates": [ [ [ 132.076747494970306, 34.016585217122689 ], [ 132.077931840685352, 34.016738081260378 ], [ 132.079001857978938, 34.016509233369391 ], [ 132.07912822572689, 34.0161944341964 ], [ 132.079595487826964, 34.015882258915887 ], [ 132.079879659734303, 34.015319474259215 ], [ 132.080924770439282, 34.014968545456867 ], [ 132.081355633707574, 34.01464778100511 ], [ 132.082598247286541, 34.014800754998419 ], [ 132.082845035767747, 34.014543124456686 ], [ 132.082815958922083, 34.01416289662378 ], [ 132.083365747941684, 34.013868683590573 ], [ 132.083606552195732, 34.013930813627773 ], [ 132.083783023724351, 34.013580715485965 ], [ 132.084428348442941, 34.013895298555987 ], [ 132.085707650027786, 34.013748626238659 ], [ 132.086443655189129, 34.014615195363646 ], [ 132.086725651332955, 34.014087930254959 ], [ 132.087161896540408, 34.013746036969572 ], [ 132.087453143610304, 34.013005799830957 ], [ 132.08843064928692, 34.012271670819878 ], [ 132.088883968980696, 34.011484730230897 ], [ 132.089813907069498, 34.010788729994147 ], [ 132.089980043035894, 34.009202455600558 ], [ 132.090152120612913, 34.008969972737518 ], [ 132.091561880787395, 34.008151983071066 ], [ 132.092276888289348, 34.007611439620099 ], [ 132.092528417357983, 34.007195943864566 ], [ 132.094026487940624, 34.007122296254352 ], [ 132.09397798457573, 34.00600034696312 ], [ 132.09516613650905, 34.005366290698902 ], [ 132.096853934762635, 34.004730336708256 ], [ 132.097780487951923, 34.003755643053481 ], [ 132.098840390657301, 34.003894284302788 ], [ 132.100202545400919, 34.00337400228203 ], [ 132.10138697888803, 34.003685700426004 ], [ 132.102363560749495, 34.003127044033413 ], [ 132.103354363823087, 34.003470277539897 ], [ 132.103937716556828, 34.003367613039927 ], [ 132.104490066462574, 34.003049880951338 ], [ 132.105813901616017, 34.003234203101997 ], [ 132.106664833139916, 34.002766598800562 ], [ 132.107219384968914, 34.002728696633966 ], [ 132.107588267355794, 34.002780398967573 ], [ 132.108130734665963, 34.003650878014085 ], [ 132.108483488825442, 34.003838066724143 ], [ 132.109836764661225, 34.00316307275294 ], [ 132.110903892344766, 34.002877346482542 ], [ 132.112860640949719, 34.003764358426011 ], [ 132.113535985112946, 34.004761778825461 ], [ 132.113842406261625, 34.004862098231712 ], [ 132.114785849340308, 34.004903884515521 ], [ 132.11558917770364, 34.004646833858544 ], [ 132.116674259115143, 34.004926817999703 ], [ 132.117605522932337, 34.004893342295269 ], [ 132.117812877197935, 34.005371749050447 ], [ 132.118530020783908, 34.006091197213948 ], [ 132.118747175673349, 34.007057080887925 ], [ 132.118574932834093, 34.007694237065301 ], [ 132.118568632873092, 34.008693738244922 ], [ 132.119957790848105, 34.008892242305876 ], [ 132.120244445217679, 34.008517832040113 ], [ 132.120708564428924, 34.008379643008979 ], [ 132.121149164184345, 34.007843329593619 ], [ 132.12235228939852, 34.007218055576729 ], [ 132.123823648738977, 34.007293701166574 ], [ 132.124726411427929, 34.006360116235484 ], [ 132.124804141085349, 34.005576527012742 ], [ 132.125224785027598, 34.005187885246585 ], [ 132.125586423815008, 34.004359592374428 ], [ 132.125699805767624, 34.003356760854487 ], [ 132.125510826515125, 34.002424542283364 ], [ 132.124647355308696, 34.001766235925643 ], [ 132.124670090981851, 34.000902382849169 ], [ 132.123810947178555, 34.000145659269286 ], [ 132.124094741170438, 33.999806760125381 ], [ 132.124475836019172, 33.999716730778196 ], [ 132.125444194876962, 33.999810021964265 ], [ 132.126006394872633, 33.999598496486655 ], [ 132.126762078896661, 33.999807640515655 ], [ 132.126456560782827, 33.999159645048948 ], [ 132.127753943545372, 33.996921064828385 ], [ 132.127712107605191, 33.996345869395505 ], [ 132.12746586164667, 33.995809686449526 ], [ 132.127618590116441, 33.995541406401237 ], [ 132.127517501774321, 33.995187152400803 ], [ 132.127622273119215, 33.994682032507818 ], [ 132.127030310454614, 33.994086598125975 ], [ 132.126659209751324, 33.992419788415688 ], [ 132.126711916850894, 33.991480167051712 ], [ 132.127122804118017, 33.990283305979091 ], [ 132.127039649526097, 33.989445986566146 ], [ 132.127545038126726, 33.985843570321343 ], [ 132.128775738699716, 33.985366784873406 ], [ 132.129032272287503, 33.984561889388296 ], [ 132.130036966728596, 33.984209281979467 ], [ 132.131511451200311, 33.984335777121601 ], [ 132.131993467256336, 33.984552717302009 ], [ 132.132606692295781, 33.984532733795476 ], [ 132.133292633038081, 33.984270743061742 ], [ 132.134517043887655, 33.984286126009572 ], [ 132.135185282024935, 33.982762298165753 ], [ 132.134792289480572, 33.981853127879091 ], [ 132.134875196605435, 33.981296829205064 ], [ 132.135240353657338, 33.981103782160609 ], [ 132.135695447113875, 33.980442626068388 ], [ 132.136543790949474, 33.979981611302328 ], [ 132.13806038616849, 33.980211039647294 ], [ 132.139904007505294, 33.979297450403422 ], [ 132.140530532094488, 33.979221090137813 ], [ 132.140781572295936, 33.977782931407049 ], [ 132.14158096120326, 33.976885429869448 ], [ 132.142399649447071, 33.976583977140656 ], [ 132.142984483144602, 33.976152727265791 ], [ 132.144273656913754, 33.976090278792874 ], [ 132.145008781397195, 33.975863176824809 ], [ 132.145649159666334, 33.975969931972607 ], [ 132.146682296822036, 33.975332215725196 ], [ 132.147139130213077, 33.974418282354421 ], [ 132.147434313690667, 33.974214199103045 ], [ 132.148667879016216, 33.973608917092513 ], [ 132.150093435382047, 33.973544336452385 ], [ 132.152855798706184, 33.971370979548738 ], [ 132.153794256391109, 33.970169548006631 ], [ 132.15423419650017, 33.969944615648132 ], [ 132.153953129571988, 33.969021400909114 ], [ 132.152231153069465, 33.968927227172387 ], [ 132.151347161389992, 33.969127722958056 ], [ 132.150218236785179, 33.968848061558852 ], [ 132.148460235883135, 33.968013935061329 ], [ 132.146880334478993, 33.96769937846878 ], [ 132.146305520017251, 33.967299047409995 ], [ 132.14387665755649, 33.966402060603286 ], [ 132.143527458806091, 33.965690977795667 ], [ 132.141005457624232, 33.964623452472267 ], [ 132.140035487454924, 33.963844886191943 ], [ 132.139991051413062, 33.963508598972872 ], [ 132.139136287638394, 33.963453067217088 ], [ 132.138835114599317, 33.96253503652656 ], [ 132.139095546637975, 33.961945386227796 ], [ 132.139047560241323, 33.961602570895778 ], [ 132.139396454389811, 33.961005064324972 ], [ 132.139820634951604, 33.960833802370139 ], [ 132.140048777372698, 33.960494219528137 ], [ 132.1399412582862, 33.960100098489683 ], [ 132.140179529860006, 33.959828195636945 ], [ 132.140161297348641, 33.95953953758216 ], [ 132.140459791170571, 33.959354132350704 ], [ 132.14064854852495, 33.958612012062495 ], [ 132.140351675354339, 33.957667378625509 ], [ 132.140533640787879, 33.957093091365358 ], [ 132.139976297834721, 33.956232946556106 ], [ 132.134866957258595, 33.956683143348648 ], [ 132.134781994381711, 33.95530531295416 ], [ 132.133783324936559, 33.955352943881948 ], [ 132.13389965577241, 33.956718948989071 ], [ 132.133727851519325, 33.956740788011963 ], [ 132.133706100519987, 33.956403268066275 ], [ 132.133561113859599, 33.956407736442856 ], [ 132.133671344771471, 33.956747681704911 ], [ 132.133169272620734, 33.956836804799373 ], [ 132.132994038739554, 33.956715035552172 ], [ 132.132831983116404, 33.956102726072181 ], [ 132.132667512565803, 33.956131560735059 ], [ 132.132776494640837, 33.956887130430857 ], [ 132.131750794066477, 33.956842741366962 ], [ 132.131719518153119, 33.95659562996255 ], [ 132.13172370681508, 33.956935573397004 ], [ 132.131023679466352, 33.956901134474904 ], [ 132.130791549133704, 33.955712744141131 ], [ 132.130422682221337, 33.955511457466095 ], [ 132.130745017689577, 33.955727945333983 ], [ 132.130889533962204, 33.956848828826573 ], [ 132.130581222116803, 33.956723353260756 ], [ 132.130024001402091, 33.956726848625806 ], [ 132.130966332476049, 33.956904640044748 ], [ 132.131017495363039, 33.957382801020565 ], [ 132.129910091346915, 33.957434594243551 ], [ 132.129903804395099, 33.956958418497592 ], [ 132.129461277300436, 33.956946590280957 ], [ 132.129921149139591, 33.956877332580355 ], [ 132.12984662526253, 33.956566247162613 ], [ 132.128364236322597, 33.956749718569029 ], [ 132.128455347463955, 33.956240326241513 ], [ 132.130425753535036, 33.955927194410421 ], [ 132.130439841862881, 33.955877608917646 ], [ 132.128411970304427, 33.956214672942558 ], [ 132.128315451440614, 33.957227567153083 ], [ 132.127793714690739, 33.957162736369128 ], [ 132.128007768702332, 33.955441396195283 ], [ 132.129567911904104, 33.953043545181764 ], [ 132.127816369539346, 33.95039486887152 ], [ 132.130735888302951, 33.949072193347369 ], [ 132.131310012647845, 33.949945115926404 ], [ 132.131862592847114, 33.95061333213232 ], [ 132.13203033143381, 33.950505183716636 ], [ 132.131862633217594, 33.950513305812677 ], [ 132.1313597861012, 33.949932452219116 ], [ 132.131391221951759, 33.94978101359456 ], [ 132.13127328513886, 33.949808874280166 ], [ 132.130992169737993, 33.94938051531232 ], [ 132.131330895563281, 33.949144498116382 ], [ 132.130726497149766, 33.948244376312054 ], [ 132.13021265224728, 33.948136027710319 ], [ 132.130132659106636, 33.947983711379521 ], [ 132.130435641498053, 33.94784489447683 ], [ 132.130064528495978, 33.94791959088429 ], [ 132.129609392097763, 33.947145032858423 ], [ 132.129731670086386, 33.94708012390889 ], [ 132.12911318526119, 33.946301852524677 ], [ 132.129211413315204, 33.946804966961651 ], [ 132.126421704924269, 33.948271068451334 ], [ 132.126048720914639, 33.947710946443259 ], [ 132.124612311741743, 33.947068610756418 ], [ 132.12090610335855, 33.952734030028907 ], [ 132.120364301464832, 33.954289980841033 ], [ 132.121476527717761, 33.958424511502443 ], [ 132.121359106574005, 33.958724400870203 ], [ 132.121908183054558, 33.959715689735361 ], [ 132.121264982781128, 33.960055817224934 ], [ 132.120598529068303, 33.959055606075097 ], [ 132.120618272611637, 33.958687212379523 ], [ 132.119718014881272, 33.958921405710718 ], [ 132.118300855884058, 33.961054461915239 ], [ 132.1184797210353, 33.961688027986384 ], [ 132.119653804957977, 33.962941977384361 ], [ 132.119926800381137, 33.963829767281879 ], [ 132.119844398204407, 33.965217405552657 ], [ 132.119322703086965, 33.967467198631439 ], [ 132.118691248778021, 33.968842645122322 ], [ 132.118711393109862, 33.969329110260084 ], [ 132.119558087152029, 33.969950158047162 ], [ 132.119990746298214, 33.970055702025235 ], [ 132.121664548823304, 33.969845435142872 ], [ 132.12262035164764, 33.969485131633441 ], [ 132.123286182920197, 33.969631041037033 ], [ 132.123911120388726, 33.970217459416261 ], [ 132.124085622758173, 33.970749760423686 ], [ 132.123854757007365, 33.971463934212736 ], [ 132.12397955988061, 33.971952263633113 ], [ 132.123805927648476, 33.972706607752613 ], [ 132.123504627246774, 33.972638739763241 ], [ 132.123191135641974, 33.97286445902737 ], [ 132.122805418651353, 33.97289446911077 ], [ 132.122175240908604, 33.972577828754552 ], [ 132.121612332424917, 33.972549304349123 ], [ 132.121235858635373, 33.972143714642449 ], [ 132.120579836617509, 33.972125859174305 ], [ 132.119976918030574, 33.971757090476672 ], [ 132.119329252216289, 33.97194012249178 ], [ 132.118267130317093, 33.971548344242883 ], [ 132.118176008796837, 33.971384606327604 ], [ 132.117214403935321, 33.971453392219928 ], [ 132.116396592729274, 33.971746085197623 ], [ 132.116087786790018, 33.972013063404738 ], [ 132.114730097482635, 33.971870345002387 ], [ 132.114729959733211, 33.972097722597489 ], [ 132.113485994812351, 33.971805848941592 ], [ 132.113239432420272, 33.971548778405939 ], [ 132.113122063496292, 33.9710890397726 ], [ 132.112566848144922, 33.971244888221413 ], [ 132.111720661513033, 33.970914290219412 ], [ 132.111817247548288, 33.968391046438278 ], [ 132.111588850674508, 33.968357977269036 ], [ 132.11145974400182, 33.968355101381761 ], [ 132.11146292375031, 33.968545432206888 ], [ 132.110953496777796, 33.968524350670592 ], [ 132.110932685317209, 33.968912605155147 ], [ 132.110253475597204, 33.968995833634395 ], [ 132.109536661540602, 33.969550424104163 ], [ 132.108451287711432, 33.96977193400587 ], [ 132.107576359322422, 33.970468579448983 ], [ 132.10684948464089, 33.969914767099723 ], [ 132.10680137286451, 33.96956921507055 ], [ 132.105788696953653, 33.969891642212303 ], [ 132.105623931394263, 33.969549221867851 ], [ 132.105074381066032, 33.970276021076614 ], [ 132.104296645695541, 33.971798522148092 ], [ 132.103568014888396, 33.970326105208898 ], [ 132.100557224829515, 33.971447587082515 ], [ 132.097065025095759, 33.970843521713697 ], [ 132.096355047033143, 33.973388787028817 ], [ 132.09575544963954, 33.973316416467249 ], [ 132.095596701116563, 33.974232272559277 ], [ 132.096200649554646, 33.974286379381624 ], [ 132.096074696714197, 33.974859789367052 ], [ 132.096205830160528, 33.976881499212062 ], [ 132.096344331826401, 33.976932415406012 ], [ 132.096298981195559, 33.977919684414893 ], [ 132.095015574708498, 33.978623892605512 ], [ 132.094748064598377, 33.978928032668733 ], [ 132.094697898572321, 33.980319601318108 ], [ 132.094394277215287, 33.981180188223064 ], [ 132.092473554641742, 33.981929627693226 ], [ 132.090678224008997, 33.983622297917229 ], [ 132.090880311821365, 33.985608811353487 ], [ 132.090353779016255, 33.986610406298219 ], [ 132.089297082094902, 33.987659839829199 ], [ 132.088860304478402, 33.98790440809875 ], [ 132.088822163656658, 33.988782760038482 ], [ 132.087898966275816, 33.989695448180946 ], [ 132.087985894860793, 33.990509666710452 ], [ 132.087748052210685, 33.991372363710305 ], [ 132.08657608049964, 33.992216421923501 ], [ 132.086057951848773, 33.99298696893306 ], [ 132.085398486030783, 33.993258823924187 ], [ 132.085670618643746, 33.99347088851993 ], [ 132.084433777948448, 33.9935187471931 ], [ 132.083717774310117, 33.994040300779361 ], [ 132.083283762144163, 33.993986808089822 ], [ 132.082515899881628, 33.993292029464328 ], [ 132.081784214861045, 33.993243735090608 ], [ 132.081018173724686, 33.992910498705172 ], [ 132.080343581509339, 33.993809706472312 ], [ 132.079406558219546, 33.993841632911625 ], [ 132.07871142006249, 33.993500800688501 ], [ 132.077894368808586, 33.994294597392191 ], [ 132.078260731535551, 33.994519106183368 ], [ 132.078288841993896, 33.995036790663129 ], [ 132.077572470185999, 33.995389330196787 ], [ 132.077447814517171, 33.995658987714584 ], [ 132.078110548047192, 33.996796361058223 ], [ 132.078729016337832, 33.997479224459425 ], [ 132.078470539701897, 33.999066741050456 ], [ 132.077723631916854, 33.999701139510243 ], [ 132.077352548945726, 34.000333696181471 ], [ 132.077314396577179, 34.000617397436407 ], [ 132.077514093168389, 34.000991435486839 ], [ 132.077367845328354, 34.001234484954004 ], [ 132.077711821803632, 34.001873873395382 ], [ 132.077073786413592, 34.002242382598574 ], [ 132.077297800793616, 34.002345121117813 ], [ 132.076760614715425, 34.003615114725832 ], [ 132.077024068843173, 34.00362176023647 ], [ 132.077412563677939, 34.004115482146396 ], [ 132.078303084261677, 34.004682675872573 ], [ 132.079084085816106, 34.004667384636008 ], [ 132.07925965575069, 34.00479175563445 ], [ 132.078481900345281, 34.006464548207951 ], [ 132.078378604196331, 34.006995865333145 ], [ 132.078518329625325, 34.007856164280263 ], [ 132.079163760444004, 34.008687662273843 ], [ 132.079114649821946, 34.009115473065144 ], [ 132.078989962793656, 34.009408129489131 ], [ 132.078381294251585, 34.009644087054319 ], [ 132.07798068497948, 34.010035722791059 ], [ 132.077395688999019, 34.010900007908482 ], [ 132.077218676939907, 34.012100158165694 ], [ 132.076756205256203, 34.012147157298209 ], [ 132.076168730411524, 34.013101034362037 ], [ 132.076711052437417, 34.013962191457395 ], [ 132.07585345695523, 34.014283611260971 ], [ 132.074236001057159, 34.015354066789747 ], [ 132.075214157185798, 34.015956623678655 ], [ 132.075843070517806, 34.016778403079854 ], [ 132.076747494970306, 34.016585217122689 ] ], [ [ 132.126477916494935, 33.948370238623866 ], [ 132.129355265294407, 33.946888862880478 ], [ 132.130694838186344, 33.948929666792871 ], [ 132.127745006860209, 33.950297441635485 ], [ 132.126477916494935, 33.948370238623866 ] ] ] } },
{ "type": "Feature", "properties": { "CITY_NAME": "柳井市", "S_NAME": "南浜一丁目", "JINKO": 145, "medical_area": "35_柳井医療圏", "町丁目名": "柳井市南浜一丁目" }, "geometry": { "type": "Polygon", "coordinates": [ [ [ 132.112799324048638, 33.964065631686694 ], [ 132.115189830286909, 33.962045315132158 ], [ 132.109791270627198, 33.963062759324814 ], [ 132.11066394253092, 33.964231475782604 ], [ 132.112371229220599, 33.964648121162249 ], [ 132.112799324048638, 33.964065631686694 ] ] ] } },
{ "type": "Feature", "properties": { "CITY_NAME": "柳井市", "S_NAME": "南浜二丁目", "JINKO": 0, "medical_area": "35_柳井医療圏", "町丁目名": "柳井市南浜二丁目" }, "geometry": { "type": "Polygon", "coordinates": [ [ [ 132.111953951183949, 33.962748877179529 ], [ 132.110747480833453, 33.958530938149892 ], [ 132.109423512493322, 33.958849277360287 ], [ 132.10665398846794, 33.958990231651576 ], [ 132.106709108032419, 33.960349333417717 ], [ 132.108597454882613, 33.96187175993731 ], [ 132.109791270627198, 33.963062759324814 ], [ 132.111953951183949, 33.962748877179529 ] ] ] } },
{ "type": "Feature", "properties": { "CITY_NAME": "柳井市", "S_NAME": "南浜三丁目", "JINKO": 0, "medical_area": "35_柳井医療圏", "町丁目名": "柳井市南浜三丁目" }, "geometry": { "type": "Polygon", "coordinates": [ [ [ 132.117561880360199, 33.959850815250732 ], [ 132.1147399731083, 33.957846926415691 ], [ 132.113630768889294, 33.958249477849257 ], [ 132.113436931197214, 33.957725741051043 ], [ 132.110747480833453, 33.958530938149892 ], [ 132.111953951183949, 33.962748877179529 ], [ 132.115189830286909, 33.962045315132158 ], [ 132.117561880360199, 33.959850815250732 ] ] ] } },
{ "type": "Feature", "properties": { "CITY_NAME": "柳井市", "S_NAME": "南浜四丁目", "JINKO": 0, "medical_area": "35_柳井医療圏", "町丁目名": "柳井市南浜四丁目" }, "geometry": { "type": "Polygon", "coordinates": [ [ [ 132.119581757525253, 33.957386973613147 ], [ 132.119427969285169, 33.956413889016034 ], [ 132.119053652741343, 33.956492912844823 ], [ 132.118529029452759, 33.954783357793055 ], [ 132.118239081467465, 33.954750783631191 ], [ 132.1147399731083, 33.957846926415691 ], [ 132.117561880360199, 33.959850815250732 ], [ 132.119442663726346, 33.957961833314677 ], [ 132.119581757525253, 33.957386973613147 ] ] ] } },
{ "type": "Feature", "properties": { "CITY_NAME": "柳井市", "S_NAME": "柳井津", "JINKO": 272, "medical_area": "35_柳井医療圏", "町丁目名": "柳井市柳井津" }, "geometry": { "type": "Polygon", "coordinates": [ [ [ 132.107576359322422, 33.970468579448983 ], [ 132.108533449503767, 33.969728947945519 ], [ 132.109536661540602, 33.969550424104163 ], [ 132.110253475597204, 33.968995833634409 ], [ 132.110932685317209, 33.968912605155147 ], [ 132.110953496777796, 33.968524350670592 ], [ 132.111817247548288, 33.968391046438271 ], [ 132.112170743778364, 33.965317211123171 ], [ 132.111683649470677, 33.965905587872292 ], [ 132.107343718747217, 33.968816515387687 ], [ 132.105623931394263, 33.969549221867851 ], [ 132.105788696953653, 33.969891642212303 ], [ 132.10680137286451, 33.96956921507055 ], [ 132.10684948464089, 33.969914767099723 ], [ 132.107576359322422, 33.970468579448983 ] ] ] } },
{ "type": "Feature", "properties": { "CITY_NAME": "柳井市", "S_NAME": "古開作", "JINKO": 2016, "medical_area": "35_柳井医療圏", "町丁目名": "柳井市古開作" }, "geometry": { "type": "Polygon", "coordinates": [ [ [ 132.100459891682021, 33.971447534069867 ], [ 132.103568014888396, 33.970326105208898 ], [ 132.10288195763934, 33.968431483650129 ], [ 132.101624591736197, 33.968141592503834 ], [ 132.100741830929394, 33.966843193645353 ], [ 132.100993732224168, 33.966451966266497 ], [ 132.102103312276284, 33.965947508983447 ], [ 132.096784685632144, 33.963387038019221 ], [ 132.099025249846477, 33.959793614469291 ], [ 132.100451196198208, 33.959435718406745 ], [ 132.099905661254752, 33.95908871330743 ], [ 132.099072374739137, 33.958846317968472 ], [ 132.098841410218768, 33.958507749343845 ], [ 132.098649691813591, 33.958680678667911 ], [ 132.097519540705605, 33.958625435763238 ], [ 132.097107718901071, 33.958352314056 ], [ 132.09669313314464, 33.95743325325256 ], [ 132.096144787090395, 33.956835602463393 ], [ 132.096105020247251, 33.957095081352264 ], [ 132.09479496717816, 33.956822270130154 ], [ 132.094898495265255, 33.957197355463343 ], [ 132.094754693455769, 33.957679361931625 ], [ 132.093397016146611, 33.958175011146402 ], [ 132.093801992292896, 33.958739762197034 ], [ 132.093773921641827, 33.95977591898248 ], [ 132.093412637773667, 33.960167207121557 ], [ 132.093632254015205, 33.961001804133829 ], [ 132.093250038267371, 33.962276815591821 ], [ 132.093975596274333, 33.962561266677739 ], [ 132.094385037309706, 33.962553211383671 ], [ 132.094522212783659, 33.962723859929277 ], [ 132.093735856068122, 33.963582669180418 ], [ 132.093672058353661, 33.963768019603044 ], [ 132.094210436373146, 33.963950875961309 ], [ 132.0930522491918, 33.966111394645807 ], [ 132.092817495102139, 33.966411519847753 ], [ 132.092643789309761, 33.966382469831771 ], [ 132.092928823518207, 33.967092704759473 ], [ 132.092722649562774, 33.967178375550027 ], [ 132.093348406248822, 33.968526408751956 ], [ 132.092456971377061, 33.969854362203606 ], [ 132.098994319385469, 33.971246257053565 ], [ 132.100459891682021, 33.971447534069867 ] ], [ [ 132.096084496548485, 33.967287304917029 ], [ 132.096232913065734, 33.96634814803928 ], [ 132.096475085569864, 33.966282778964931 ], [ 132.096593678474875, 33.96730661890502 ], [ 132.096084496548485, 33.967287304917029 ] ], [ [ 132.096736717786087, 33.967297262543447 ], [ 132.096655012286647, 33.966233012763389 ], [ 132.097126231554114, 33.966102969924734 ], [ 132.097759940487975, 33.966520756782359 ], [ 132.097795188968092, 33.967250110318034 ], [ 132.096736717786087, 33.967297262543447 ] ] ] } },
{ "type": "Feature", "properties": { "CITY_NAME": "柳井市", "S_NAME": "ニュータウン南町", "JINKO": 67, "medical_area": "35_柳井医療圏", "町丁目名": "柳井市ニュータウン南町" }, "geometry": { "type": "Polygon", "coordinates": [ [ [ 132.097759940487975, 33.966520756782359 ], [ 132.097126231554114, 33.966102969924734 ], [ 132.096655012286647, 33.966233012763389 ], [ 132.096736717786087, 33.967297262543447 ], [ 132.097795188968092, 33.967250110318034 ], [ 132.097759940487975, 33.966520756782359 ] ] ] } },
{ "type": "Feature", "properties": { "CITY_NAME": "柳井市", "S_NAME": "ニュータウン南町", "JINKO": 0, "medical_area": "35_柳井医療圏", "町丁目名": "柳井市ニュータウン南町" }, "geometry": { "type": "Polygon", "coordinates": [ [ [ 132.096593678474875, 33.96730661890502 ], [ 132.096485216522012, 33.96701113298608 ], [ 132.096475085569864, 33.966282778964931 ], [ 132.096232913065734, 33.96634814803928 ], [ 132.096084496548485, 33.967287304917029 ], [ 132.096593678474875, 33.96730661890502 ] ] ] } },
{ "type": "Feature", "properties": { "CITY_NAME": "柳井市", "S_NAME": "日積", "JINKO": 1282, "medical_area": "35_柳井医療圏", "町丁目名": "柳井市日積" }, "geometry": { "type": "Polygon", "coordinates": [ [ [ 132.145724947866341, 34.032544103978438 ], [ 132.146544821532416, 34.032626546121669 ], [ 132.146553197673313, 34.032090791722986 ], [ 132.147846655578832, 34.031227282906329 ], [ 132.14816444178544, 34.030550701518926 ], [ 132.148523399925949, 34.030197015492291 ], [ 132.148694741735937, 34.029501532146028 ], [ 132.14889279179863, 34.029281653203931 ], [ 132.149721948821707, 34.02922697821883 ], [ 132.150751111403196, 34.02947605699466 ], [ 132.151551421776361, 34.029222024567389 ], [ 132.152376534518481, 34.0286417191327 ], [ 132.153293967802512, 34.02837895637672 ], [ 132.153564753375463, 34.028209936164437 ], [ 132.154072604012953, 34.027131016569221 ], [ 132.155407283429611, 34.02546049589025 ], [ 132.157152756980423, 34.024828685945423 ], [ 132.157237504070167, 34.023679274618267 ], [ 132.157498600153957, 34.023538419562151 ], [ 132.158245053984388, 34.023804457402456 ], [ 132.158951235448512, 34.023486268121452 ], [ 132.159129608542116, 34.02302814717045 ], [ 132.158465768797754, 34.022934837006268 ], [ 132.158013377394383, 34.022562743842137 ], [ 132.15810719557706, 34.022323823029744 ], [ 132.158832758086362, 34.0220412787558 ], [ 132.158567982206876, 34.021503810463059 ], [ 132.158798842836404, 34.020394391231264 ], [ 132.159734307756906, 34.02000653323703 ], [ 132.160141163803956, 34.019462662354812 ], [ 132.161693967831809, 34.01847990745398 ], [ 132.162130503020819, 34.017891324882477 ], [ 132.163183687940005, 34.017983773593457 ], [ 132.165199913047729, 34.017327938873798 ], [ 132.167801193549082, 34.016994913960367 ], [ 132.169362528062152, 34.017252128443076 ], [ 132.170253519666858, 34.016978808340852 ], [ 132.170777648163863, 34.017272798385818 ], [ 132.172929577612337, 34.017511910494456 ], [ 132.174907167841837, 34.017284122123868 ], [ 132.176587167659989, 34.017924822246911 ], [ 132.177094793801274, 34.018292177422488 ], [ 132.17739828739542, 34.018760839924582 ], [ 132.179249227956319, 34.018299000224893 ], [ 132.181229991538942, 34.019088931876254 ], [ 132.183053402606731, 34.018985283376267 ], [ 132.184664660053784, 34.020317305528138 ], [ 132.185268670143472, 34.019611983285124 ], [ 132.18601342703758, 34.019226005512621 ], [ 132.186703155069864, 34.019579627562607 ], [ 132.187580389301047, 34.019515235565272 ], [ 132.187911350552326, 34.019207363328135 ], [ 132.188186960836731, 34.018109326281476 ], [ 132.189215889563457, 34.017968959478061 ], [ 132.189762123113297, 34.018134241035227 ], [ 132.190352321624061, 34.017592029573954 ], [ 132.191190830850417, 34.017196697688227 ], [ 132.192224932365832, 34.015894066905425 ], [ 132.191929475362883, 34.014770919998845 ], [ 132.192001113038515, 34.014481401903481 ], [ 132.192856102594902, 34.013994195483711 ], [ 132.193170414362726, 34.013452167437201 ], [ 132.193915066511863, 34.012992447876684 ], [ 132.195049194067963, 34.012925533792874 ], [ 132.195956452810833, 34.011851106706239 ], [ 132.196589918433261, 34.011432540319291 ], [ 132.196729636493558, 34.011035668566755 ], [ 132.196421037914376, 34.009937655578788 ], [ 132.195620179319718, 34.008520973859952 ], [ 132.194424247291806, 34.007420495737115 ], [ 132.194933918595297, 34.005926987516887 ], [ 132.194679501582641, 34.005178031387118 ], [ 132.194779046215217, 34.003985383955225 ], [ 132.194626293660519, 34.003189773993618 ], [ 132.194943208919028, 34.001996931881301 ], [ 132.194171657013072, 34.00113286114712 ], [ 132.193480613329911, 33.999786983844885 ], [ 132.192522433359329, 33.999239907229828 ], [ 132.192032878892405, 33.999232970958964 ], [ 132.191569161006328, 33.999436911776435 ], [ 132.190076814421303, 33.999163503299975 ], [ 132.190093862238257, 33.998627057353154 ], [ 132.189649251578203, 33.997978004526026 ], [ 132.187922510415859, 33.997199586823569 ], [ 132.187346552105851, 33.996646764716004 ], [ 132.186008778537655, 33.996902255254639 ], [ 132.184377161023292, 33.996479754019454 ], [ 132.183517890589599, 33.995608300168357 ], [ 132.182170802605185, 33.995472682130917 ], [ 132.181624892229962, 33.994877282744177 ], [ 132.178149731832548, 33.992564682762307 ], [ 132.176889827488395, 33.991501637025614 ], [ 132.176218979089668, 33.990740280192206 ], [ 132.175955850536894, 33.989863794740359 ], [ 132.172986678073585, 33.989412231772398 ], [ 132.173844738265956, 33.987448418540815 ], [ 132.173949879360947, 33.986522738795287 ], [ 132.174206300659648, 33.98592556402307 ], [ 132.175156459988017, 33.985287339994272 ], [ 132.175991583078229, 33.985216126956864 ], [ 132.176465002396043, 33.984766981612857 ], [ 132.176274250207115, 33.984241121438799 ], [ 132.176621477395258, 33.983742258085186 ], [ 132.176243549340171, 33.983303758991376 ], [ 132.177278073967415, 33.981864637899193 ], [ 132.176501961350226, 33.980832402656539 ], [ 132.176232038552911, 33.98062633321932 ], [ 132.173278807898271, 33.981269253061207 ], [ 132.171110632109333, 33.98141260668929 ], [ 132.170362087926861, 33.981246248748931 ], [ 132.168623979586982, 33.980367068679179 ], [ 132.168194854833644, 33.980045734265587 ], [ 132.167576350326613, 33.979027918899106 ], [ 132.166451735700122, 33.980132767781434 ], [ 132.165858848232773, 33.979766621257525 ], [ 132.164770310400229, 33.979819695240039 ], [ 132.164565438375405, 33.978695371833993 ], [ 132.163533757858488, 33.977717636894099 ], [ 132.163391940189655, 33.977231314187115 ], [ 132.162648433664543, 33.976494898971829 ], [ 132.162611148542823, 33.975764861671998 ], [ 132.162057308999465, 33.97451706288291 ], [ 132.15972673895169, 33.974205989547336 ], [ 132.158435894846036, 33.973299897537714 ], [ 132.157445198425762, 33.973540151059062 ], [ 132.155737043889161, 33.972939280235728 ], [ 132.154931420210744, 33.971920223283433 ], [ 132.152625350967639, 33.971561557807398 ], [ 132.150093435382047, 33.973544336452385 ], [ 132.148667879016216, 33.973608917092513 ], [ 132.147434313690667, 33.974214199103045 ], [ 132.147139130213077, 33.974418282354421 ], [ 132.146749137962502, 33.975262634699007 ], [ 132.145877495411497, 33.97587713379049 ], [ 132.142984483144602, 33.976152727265791 ], [ 132.142399649447071, 33.976583977140656 ], [ 132.14158096120326, 33.976885429869448 ], [ 132.140781572295936, 33.97778293140702 ], [ 132.140530532094516, 33.979221090137777 ], [ 132.139904007505265, 33.979297450403422 ], [ 132.13806038616849, 33.980211039647266 ], [ 132.136543790949446, 33.979981611302328 ], [ 132.135849801561477, 33.980322638824084 ], [ 132.135167717403647, 33.981179412610189 ], [ 132.134875196605435, 33.981296829205043 ], [ 132.134792289480572, 33.981853127879091 ], [ 132.135185282024935, 33.982762298165753 ], [ 132.134517043887655, 33.984286126009572 ], [ 132.133292633038081, 33.984270743061742 ], [ 132.132606692295781, 33.984532733795476 ], [ 132.131993467256336, 33.984552717302009 ], [ 132.131511451200311, 33.984335777121601 ], [ 132.130222556475758, 33.98419933294668 ], [ 132.129092805600749, 33.984511472558502 ], [ 132.128775738699716, 33.985366784873406 ], [ 132.127940513533673, 33.985618566479708 ], [ 132.127421885863129, 33.98606034257535 ], [ 132.12747801055977, 33.986871272630459 ], [ 132.127039649526097, 33.989445986566146 ], [ 132.127122804118017, 33.990283305979091 ], [ 132.126711916850894, 33.991480167051712 ], [ 132.126659209751324, 33.992419788415688 ], [ 132.126880227773881, 33.992998431422713 ], [ 132.126830766041309, 33.993566847175181 ], [ 132.127110170803746, 33.994204394715432 ], [ 132.127622273119215, 33.994682032507818 ], [ 132.127517501774321, 33.995187152400803 ], [ 132.127618590116441, 33.995541406401237 ], [ 132.12746586164667, 33.995809686449526 ], [ 132.127712107605191, 33.996345869395505 ], [ 132.127753943545372, 33.996921064828385 ], [ 132.126557492097419, 33.998924949186517 ], [ 132.126456278857091, 33.999161960010355 ], [ 132.126787112994123, 33.999756636461768 ], [ 132.126496923902096, 33.999826950404767 ], [ 132.127055405375359, 34.00065736800768 ], [ 132.127533278842265, 34.000834417570267 ], [ 132.12743386742838, 34.000900601703023 ], [ 132.1286872454491, 34.002918450493858 ], [ 132.12991086997809, 34.002854176430432 ], [ 132.131536803787668, 34.003025948941549 ], [ 132.131783566281058, 34.003175683447772 ], [ 132.131897417289679, 34.003955251567916 ], [ 132.13222364793782, 34.004438032346897 ], [ 132.133970860303634, 34.005345958586311 ], [ 132.136122924770007, 34.005667866740247 ], [ 132.135325601237099, 34.009238036833004 ], [ 132.13474183577884, 34.009816708226467 ], [ 132.134895396412134, 34.010276560979527 ], [ 132.136129295633566, 34.011164942861527 ], [ 132.136427563664711, 34.011857878749595 ], [ 132.13823836304357, 34.013211038465904 ], [ 132.13839725735977, 34.01360397505703 ], [ 132.138486922128749, 34.013545291295848 ], [ 132.138155033430422, 34.014119072202696 ], [ 132.138156955214242, 34.014617418389179 ], [ 132.137779772924404, 34.015978989531426 ], [ 132.13869797034053, 34.015845763050848 ], [ 132.140192317847607, 34.016389990393172 ], [ 132.140318764783842, 34.016883404693559 ], [ 132.139984424134326, 34.017212258048787 ], [ 132.140505953571079, 34.017486473036115 ], [ 132.14035393352961, 34.01778163037752 ], [ 132.140576770181156, 34.017747942036664 ], [ 132.140601863125028, 34.018485918865451 ], [ 132.140809440132131, 34.018667293434831 ], [ 132.141549977339224, 34.018720298932344 ], [ 132.141296107561544, 34.019482050965387 ], [ 132.140362860547469, 34.020360445158218 ], [ 132.140384331198305, 34.020956414936123 ], [ 132.140685096428314, 34.021767928470013 ], [ 132.14100874012837, 34.022148475659264 ], [ 132.141738563293615, 34.022103542753719 ], [ 132.142278290004271, 34.022483943668597 ], [ 132.142403231180253, 34.022824286983159 ], [ 132.142198110118471, 34.024337828187299 ], [ 132.141969369387937, 34.024904517402227 ], [ 132.141616756958342, 34.025278919527942 ], [ 132.14155579599921, 34.025896282227528 ], [ 132.142004798392009, 34.027349044225026 ], [ 132.141602188826766, 34.028891436009289 ], [ 132.141970291838021, 34.03012991166689 ], [ 132.141596276447899, 34.030945616826095 ], [ 132.141958487739146, 34.031327438678417 ], [ 132.142020653433491, 34.031883434747336 ], [ 132.142324700104012, 34.031724445419478 ], [ 132.142945709808686, 34.031896155524493 ], [ 132.14371283335467, 34.03255574673819 ], [ 132.145406231291702, 34.032664248113448 ], [ 132.145724947866341, 34.032544103978438 ] ] ] } },
{ "type": "Feature", "properties": { "CITY_NAME": "柳井市", "S_NAME": "伊陸", "JINKO": 1438, "medical_area": "35_柳井医療圏", "町丁目名": "柳井市伊陸" }, "geometry": { "type": "Polygon", "coordinates": [ [ [ 132.105955319786375, 34.052337602422512 ], [ 132.107848151320866, 34.052735637164687 ], [ 132.109242212494877, 34.052268025913939 ], [ 132.110470085534985, 34.052248585151141 ], [ 132.110797281531376, 34.051373343736351 ], [ 132.112011598466296, 34.05114905235952 ], [ 132.11309479739819, 34.049997881390027 ], [ 132.113977359992504, 34.049744827747382 ], [ 132.114885116655358, 34.050213618141996 ], [ 132.115432395315651, 34.050128475625705 ], [ 132.117321713850203, 34.050677245417084 ], [ 132.118238362694285, 34.050620694445215 ], [ 132.1194710560342, 34.051129304974602 ], [ 132.120312049494629, 34.051807230230835 ], [ 132.120554887993052, 34.05180154582785 ], [ 132.122853104517105, 34.050690037285712 ], [ 132.123554048220228, 34.050603368753585 ], [ 132.124738935882448, 34.049687953695297 ], [ 132.124941443276754, 34.049028866479873 ], [ 132.124896282151951, 34.048351521172002 ], [ 132.125306198709723, 34.047304108247175 ], [ 132.125582737371104, 34.046824518456987 ], [ 132.126123737080803, 34.046416579147063 ], [ 132.126260837601592, 34.045074497629869 ], [ 132.126428941899604, 34.044850137230938 ], [ 132.127168691998889, 34.044564256649579 ], [ 132.127756988038755, 34.0437670912874 ], [ 132.12879298417829, 34.043157844998383 ], [ 132.130577072472136, 34.042931140993055 ], [ 132.131024960737562, 34.042734044915704 ], [ 132.132979259562006, 34.043094096291611 ], [ 132.133268065597321, 34.043341971441194 ], [ 132.133497552746263, 34.043879468439123 ], [ 132.134966429043146, 34.044501525129434 ], [ 132.136217610014512, 34.043910186858284 ], [ 132.136470572102183, 34.043401554868595 ], [ 132.137686852561387, 34.043428490160785 ], [ 132.138043823328019, 34.042893395681595 ], [ 132.138985691607729, 34.042749367979944 ], [ 132.140969990708442, 34.039345427387239 ], [ 132.141244884403449, 34.037818395413673 ], [ 132.14122363081708, 34.036419917353776 ], [ 132.141843376057295, 34.036094199677891 ], [ 132.141964829091677, 34.035651591096737 ], [ 132.142486351602059, 34.035297110021268 ], [ 132.142394131194635, 34.034541851841666 ], [ 132.142638459586436, 34.033727774371179 ], [ 132.142550323493793, 34.032433100059073 ], [ 132.142150870782615, 34.032129290214591 ], [ 132.141958487739146, 34.031327438678417 ], [ 132.141596276447899, 34.030945616826095 ], [ 132.141970291838021, 34.03012991166689 ], [ 132.141602188826766, 34.028891436009289 ], [ 132.142004798392009, 34.027349044225026 ], [ 132.14155579599921, 34.025896282227528 ], [ 132.141616756958342, 34.025278919527942 ], [ 132.141969369387937, 34.024904517402227 ], [ 132.142198110118471, 34.024337828187299 ], [ 132.142403231180253, 34.022824286983159 ], [ 132.142278290004271, 34.022483943668597 ], [ 132.141738563293615, 34.022103542753719 ], [ 132.14100874012837, 34.022148475659264 ], [ 132.140685096428314, 34.021767928470013 ], [ 132.140384331198305, 34.020956414936123 ], [ 132.140390780217302, 34.020255400344681 ], [ 132.141296107561544, 34.019482050965387 ], [ 132.141549977339224, 34.018720298932344 ], [ 132.140809440132131, 34.018667293434831 ], [ 132.140601863125028, 34.018485918865451 ], [ 132.140576770181156, 34.017747942036664 ], [ 132.14035393352961, 34.01778163037752 ], [ 132.140505953571079, 34.017486473036115 ], [ 132.139984424134326, 34.017212258048787 ], [ 132.140318764783842, 34.016883404693559 ], [ 132.140192317847607, 34.016389990393172 ], [ 132.13869797034053, 34.015845763050848 ], [ 132.137779772924404, 34.015978989531426 ], [ 132.138156955214242, 34.014617418389179 ], [ 132.138155033430422, 34.014119072202696 ], [ 132.138486922128749, 34.013545291295848 ], [ 132.13839725735977, 34.01360397505703 ], [ 132.13823836304357, 34.013211038465904 ], [ 132.136427563664711, 34.011857878749595 ], [ 132.136129295633566, 34.011164942861527 ], [ 132.134895396412134, 34.010276560979527 ], [ 132.13474183577884, 34.009816708226467 ], [ 132.135325601237099, 34.009238036833004 ], [ 132.136122924770007, 34.005667866740247 ], [ 132.133970860303634, 34.005345958586311 ], [ 132.13222364793782, 34.004438032346897 ], [ 132.131897417289679, 34.003955251567916 ], [ 132.131783566281058, 34.003175683447772 ], [ 132.131536803787668, 34.003025948941549 ], [ 132.12991086997809, 34.002854176430432 ], [ 132.1286872454491, 34.002918450493858 ], [ 132.12743386742838, 34.000900601703023 ], [ 132.127533278842265, 34.000834417570267 ], [ 132.127055405375359, 34.00065736800768 ], [ 132.12621402720967, 33.999637327603288 ], [ 132.12523295261883, 33.999824860962327 ], [ 132.12426472759077, 33.9997491161947 ], [ 132.123810947178555, 34.000145659269286 ], [ 132.124670090981851, 34.000902382849169 ], [ 132.124647355308696, 34.001766235925643 ], [ 132.125326471947034, 34.002235008048068 ], [ 132.125664348374499, 34.002788045342726 ], [ 132.125586423815008, 34.004359592374428 ], [ 132.125224785027598, 34.005187885246585 ], [ 132.124804141085349, 34.005576527012742 ], [ 132.124726411427929, 34.006360116235484 ], [ 132.123823648738977, 34.007293701166574 ], [ 132.12235228939852, 34.007218055576729 ], [ 132.121149164184345, 34.007843329593619 ], [ 132.120708564428924, 34.008379643008979 ], [ 132.120244445217679, 34.008517832040113 ], [ 132.119957790848105, 34.008892242305876 ], [ 132.118568632873092, 34.008693738244922 ], [ 132.118574932834093, 34.007694237065301 ], [ 132.118747175673349, 34.007057080887925 ], [ 132.118530020783908, 34.006091197213948 ], [ 132.117812877197935, 34.005371749050447 ], [ 132.117545397372339, 34.004850380514036 ], [ 132.117019025030118, 34.004965706037218 ], [ 132.11558917770364, 34.004646833858544 ], [ 132.114785849340308, 34.004903884515521 ], [ 132.113842406261625, 34.004862098231712 ], [ 132.113535985112946, 34.004761778825461 ], [ 132.112860640949719, 34.003764358426011 ], [ 132.111155918593198, 34.002923259291428 ], [ 132.110683906513486, 34.002892514060967 ], [ 132.109836764661225, 34.00316307275294 ], [ 132.108483488825442, 34.003838066724143 ], [ 132.108130734665963, 34.003650878014085 ], [ 132.107588267355794, 34.002780398967573 ], [ 132.107219384968914, 34.002728696633966 ], [ 132.106664833139916, 34.002766598800562 ], [ 132.105813901616017, 34.003234203101997 ], [ 132.104490066462574, 34.003049880951338 ], [ 132.103937716556828, 34.003367613039927 ], [ 132.103354363823087, 34.003470277539897 ], [ 132.102363560749495, 34.003127044033413 ], [ 132.10138697888803, 34.003685700426004 ], [ 132.100202545400919, 34.00337400228203 ], [ 132.098840390657301, 34.003894284302788 ], [ 132.097780487951923, 34.003755643053481 ], [ 132.096853934762635, 34.004730336708256 ], [ 132.09516613650905, 34.005366290698902 ], [ 132.09397798457573, 34.00600034696312 ], [ 132.094026487940624, 34.007122296254352 ], [ 132.092528417357983, 34.007195943864566 ], [ 132.092276888289348, 34.007611439620099 ], [ 132.091561880787395, 34.008151983071066 ], [ 132.090152120612913, 34.008969972737518 ], [ 132.089980043035894, 34.009202455600558 ], [ 132.089813907069498, 34.010788729994147 ], [ 132.088883968980696, 34.011484730230897 ], [ 132.08843064928692, 34.012271670819878 ], [ 132.087453143610304, 34.013005799830957 ], [ 132.087161896540408, 34.013746036969572 ], [ 132.086725651332955, 34.014087930254959 ], [ 132.086443655189129, 34.014615195363646 ], [ 132.085707650027786, 34.013748626238659 ], [ 132.084428348442941, 34.013895298555987 ], [ 132.083783023724351, 34.013580715485965 ], [ 132.083606552195732, 34.013930813627773 ], [ 132.083365747941684, 34.013868683590573 ], [ 132.082815958922083, 34.01416289662378 ], [ 132.082845035767747, 34.014543124456686 ], [ 132.082598247286541, 34.014800754998419 ], [ 132.081355633707574, 34.01464778100511 ], [ 132.080924770439282, 34.014968545456867 ], [ 132.079879659734303, 34.015319474259215 ], [ 132.079595487826964, 34.015882258915887 ], [ 132.07912822572689, 34.0161944341964 ], [ 132.079001857978938, 34.016509233369391 ], [ 132.077931840685352, 34.016738081260378 ], [ 132.076893614292032, 34.016580815293032 ], [ 132.075843070517806, 34.016778403079854 ], [ 132.075214157185798, 34.015956623678655 ], [ 132.074236001057159, 34.015354066789747 ], [ 132.073926647795389, 34.015775340601962 ], [ 132.073799163604548, 34.016467940295023 ], [ 132.073000144099609, 34.01731950417873 ], [ 132.071624251252928, 34.017306760475726 ], [ 132.071243209815719, 34.017756429659336 ], [ 132.069777309026591, 34.018550120066131 ], [ 132.069571285153586, 34.019158831241974 ], [ 132.068560236030692, 34.019572494613534 ], [ 132.068644508685338, 34.019883197108413 ], [ 132.069387415774429, 34.019826305996091 ], [ 132.069418535112703, 34.020024685150815 ], [ 132.068825627463724, 34.019895737841537 ], [ 132.068034206822659, 34.021984862626475 ], [ 132.067962924661799, 34.022549436484837 ], [ 132.068878654939397, 34.023127894940451 ], [ 132.069068471121824, 34.023558561137733 ], [ 132.070030334128603, 34.023704980559074 ], [ 132.071018612631036, 34.024394347459435 ], [ 132.072020692420267, 34.024298194003407 ], [ 132.072500629223271, 34.02475527789349 ], [ 132.072866329400057, 34.025477400805883 ], [ 132.075417624553182, 34.025516492206265 ], [ 132.07709407464327, 34.025291748461605 ], [ 132.077608919763975, 34.02609313381241 ], [ 132.078467045345576, 34.026640480899943 ], [ 132.079682362023391, 34.028266890117557 ], [ 132.080274402274256, 34.028275050485291 ], [ 132.081752728789297, 34.029369950975934 ], [ 132.081869680817817, 34.030092713240073 ], [ 132.081686303066505, 34.030768641935495 ], [ 132.081939255000037, 34.031255814583361 ], [ 132.081782944770168, 34.031619162783791 ], [ 132.082224453179947, 34.032011513797478 ], [ 132.081727418108613, 34.032534663693511 ], [ 132.08227358764114, 34.032897220242603 ], [ 132.082726573743543, 34.033516665871822 ], [ 132.082820779391653, 34.034131078721948 ], [ 132.083387488662794, 34.034417712740925 ], [ 132.083454022053644, 34.035369499357749 ], [ 132.083901465300073, 34.035857500580029 ], [ 132.084192697650792, 34.036515713348415 ], [ 132.085104866809559, 34.036377973907975 ], [ 132.085595124779843, 34.036624681257116 ], [ 132.085742667049232, 34.036942164746392 ], [ 132.086067291190489, 34.037121002567524 ], [ 132.086050302897831, 34.037754780486893 ], [ 132.086720483894197, 34.038040480817813 ], [ 132.086775161212927, 34.03852286597607 ], [ 132.087291190733879, 34.0395712928851 ], [ 132.087651382344745, 34.039968503222418 ], [ 132.088057113994296, 34.041078840933928 ], [ 132.088718500686753, 34.041233090072353 ], [ 132.088967326996141, 34.042887800643946 ], [ 132.091410578029581, 34.044914774658515 ], [ 132.093914471616358, 34.045832782697765 ], [ 132.094498973288495, 34.047111970174193 ], [ 132.094219854995288, 34.04769586843819 ], [ 132.094709683493278, 34.048166246738617 ], [ 132.09665077201177, 34.04872183201249 ], [ 132.097895708266208, 34.048282157291951 ], [ 132.098548148594887, 34.048383522714182 ], [ 132.099541837876245, 34.04914435811348 ], [ 132.10027913242314, 34.050413461789447 ], [ 132.101258758368232, 34.050908588406514 ], [ 132.101646592536753, 34.051388467112709 ], [ 132.10181881878782, 34.051974308724361 ], [ 132.102092523058531, 34.052202525751511 ], [ 132.1032510052178, 34.052432043130267 ], [ 132.104027093361253, 34.052850691178605 ], [ 132.104758268542639, 34.052833308348262 ], [ 132.105955319786375, 34.052337602422512 ] ] ] } },
{ "type": "Feature", "properties": { "CITY_NAME": "柳井市", "S_NAME": "新庄", "JINKO": 4282, "medical_area": "35_柳井医療圏", "町丁目名": "柳井市新庄" }, "geometry": { "type": "Polygon", "coordinates": [ [ [ 132.078535450759034, 33.993580435556929 ], [ 132.07878586205905, 33.993522325831975 ], [ 132.079406558219546, 33.993841632911625 ], [ 132.080343581509339, 33.993809706472312 ], [ 132.080891409608711, 33.993001392264503 ], [ 132.081126350883807, 33.992906135506814 ], [ 132.081784214861045, 33.993243735090608 ], [ 132.082515899881628, 33.993292029464328 ], [ 132.083283762144163, 33.993986808089822 ], [ 132.083880434473571, 33.99399585158929 ], [ 132.084433777948448, 33.9935187471931 ], [ 132.085670618643746, 33.99347088851993 ], [ 132.085398486030783, 33.993258823924187 ], [ 132.086057951848773, 33.99298696893306 ], [ 132.08657608049964, 33.992216421923501 ], [ 132.087748052210685, 33.991372363710305 ], [ 132.087985894860793, 33.990509666710452 ], [ 132.087898966275816, 33.989695448180946 ], [ 132.088822163656658, 33.988782760038482 ], [ 132.088860304478402, 33.98790440809875 ], [ 132.090095145546371, 33.986899605188967 ], [ 132.090674925053634, 33.986143032456859 ], [ 132.090934148791945, 33.985178321410849 ], [ 132.090678224008997, 33.983622297917229 ], [ 132.092473554641742, 33.981929627693226 ], [ 132.094394277215287, 33.981180188223064 ], [ 132.094697898572321, 33.980319601318108 ], [ 132.094748064598377, 33.978928032668733 ], [ 132.095015574708498, 33.978623892605512 ], [ 132.096298981195559, 33.977919684414893 ], [ 132.096344331826401, 33.976932415406012 ], [ 132.096205830160528, 33.976881499212062 ], [ 132.096074696714197, 33.974859789367052 ], [ 132.096200649554646, 33.974286379381624 ], [ 132.095596701116563, 33.974232272559277 ], [ 132.09575544963954, 33.973316416467249 ], [ 132.096355047033143, 33.973388787028817 ], [ 132.097065025095759, 33.970843521713697 ], [ 132.092456971377061, 33.969854362203606 ], [ 132.093348406248822, 33.968526408751956 ], [ 132.092722649562774, 33.967178375550027 ], [ 132.092928823518207, 33.967092704759473 ], [ 132.092643789309761, 33.966382469831771 ], [ 132.092817495102139, 33.966411519847753 ], [ 132.0930522491918, 33.966111394645807 ], [ 132.094210436373146, 33.963950875961309 ], [ 132.093672058353661, 33.963768019603044 ], [ 132.093735856068122, 33.963582669180418 ], [ 132.094522212783659, 33.962723859929277 ], [ 132.094385037309706, 33.962553211383671 ], [ 132.093975596274333, 33.962561266677739 ], [ 132.093250038267371, 33.962276815591821 ], [ 132.093632254015205, 33.961001804133829 ], [ 132.093412637773667, 33.960167207121557 ], [ 132.093759027047042, 33.959854239426221 ], [ 132.093801992292896, 33.958739762197034 ], [ 132.093397016146611, 33.958175011146402 ], [ 132.092339970242364, 33.957405723112515 ], [ 132.091363601749777, 33.957610523554123 ], [ 132.089948357574514, 33.956782104891502 ], [ 132.089221207237159, 33.956596384806133 ], [ 132.088613471629515, 33.956635160251729 ], [ 132.087723517690137, 33.957460282835513 ], [ 132.087200664734098, 33.958462586172999 ], [ 132.086198061546611, 33.958266665486192 ], [ 132.085323057908653, 33.958564042971673 ], [ 132.081678179666824, 33.957133879368797 ], [ 132.080860033497174, 33.957375622815043 ], [ 132.08119125056345, 33.958384134348307 ], [ 132.080875635215989, 33.959889924138061 ], [ 132.080737999468795, 33.962205475282452 ], [ 132.080871750629967, 33.9661942985446 ], [ 132.080575934293535, 33.969717774106115 ], [ 132.079418088251231, 33.969748036955721 ], [ 132.078449677507422, 33.969966598195811 ], [ 132.077772054696482, 33.970358313286866 ], [ 132.077380321995662, 33.971023398329677 ], [ 132.077268930609421, 33.97175391523497 ], [ 132.077486829363039, 33.972397890606338 ], [ 132.077304564838983, 33.972835947732761 ], [ 132.07741376329011, 33.97397568028331 ], [ 132.077125713485003, 33.975186350687878 ], [ 132.077322735967073, 33.975884314592349 ], [ 132.077497817693398, 33.975872674922037 ], [ 132.077363129731197, 33.976874365364779 ], [ 132.077218010600831, 33.976967126201693 ], [ 132.077934700304809, 33.977782718030745 ], [ 132.077549246218723, 33.978991507892736 ], [ 132.075763682321195, 33.98189338850834 ], [ 132.075527897749197, 33.983286421732515 ], [ 132.075261621756738, 33.983831455607621 ], [ 132.073446683409031, 33.98524856741124 ], [ 132.073661790420601, 33.985953568041225 ], [ 132.073256082136993, 33.986791759238315 ], [ 132.073227172683374, 33.98750402233653 ], [ 132.073419401253318, 33.98790900076515 ], [ 132.07459795396494, 33.988612666029454 ], [ 132.074738867678604, 33.9888909759688 ], [ 132.07462813084399, 33.98920375657724 ], [ 132.07426355701142, 33.989363054134692 ], [ 132.074509436158422, 33.989848407556579 ], [ 132.074109836713859, 33.991065221269494 ], [ 132.07431062751786, 33.99122328889559 ], [ 132.074849637810331, 33.993364256947601 ], [ 132.075840306764775, 33.993941818523162 ], [ 132.076126844936823, 33.994236081471591 ], [ 132.076192187297949, 33.994611330761408 ], [ 132.077256481652938, 33.995255510409244 ], [ 132.077447814517171, 33.995658987714584 ], [ 132.077572470185999, 33.995389330196787 ], [ 132.078288841993896, 33.995036790663129 ], [ 132.078260731535551, 33.994519106183368 ], [ 132.077894368808586, 33.994294597392191 ], [ 132.078535450759034, 33.993580435556929 ] ] ] } },
{ "type": "Feature", "properties": { "CITY_NAME": "柳井市", "S_NAME": "余田", "JINKO": 1602, "medical_area": "35_柳井医療圏", "町丁目名": "柳井市余田" }, "geometry": { "type": "Polygon", "coordinates": [ [ [ 132.074287988855104, 34.015276763343266 ], [ 132.07585345695523, 34.014283611260971 ], [ 132.076711052437417, 34.013962191457395 ], [ 132.076168730411524, 34.013101034362037 ], [ 132.076756205256203, 34.012147157298209 ], [ 132.077218676939907, 34.012100158165694 ], [ 132.077395688999019, 34.010900007908482 ], [ 132.07798068497948, 34.010035722791059 ], [ 132.079071213457155, 34.009286608651394 ], [ 132.079163760444004, 34.008687662273843 ], [ 132.078518329625325, 34.007856164280263 ], [ 132.078378604196331, 34.006995865333145 ], [ 132.078481900345281, 34.006464548207951 ], [ 132.07925965575069, 34.00479175563445 ], [ 132.079084085816106, 34.004667384636008 ], [ 132.078303084261677, 34.004682675872573 ], [ 132.077412563677939, 34.004115482146396 ], [ 132.077024068843173, 34.00362176023647 ], [ 132.076773553994627, 34.003664713267611 ], [ 132.077297800793616, 34.002345121117813 ], [ 132.077073786413592, 34.002242382598574 ], [ 132.077711821803632, 34.001873873395382 ], [ 132.077367845328354, 34.001234484954004 ], [ 132.077514093168389, 34.000991435486839 ], [ 132.077314396577179, 34.000617397436407 ], [ 132.077352548945726, 34.000333696181471 ], [ 132.077723631916854, 33.999701139510243 ], [ 132.078470539701897, 33.999066741050456 ], [ 132.078702112339357, 33.997343961608301 ], [ 132.078018756718478, 33.996665700395354 ], [ 132.077256481652938, 33.995255510409244 ], [ 132.076192187297949, 33.994611330761408 ], [ 132.076126844936823, 33.994236081471591 ], [ 132.075840306764775, 33.993941818523162 ], [ 132.074849637810331, 33.993364256947601 ], [ 132.07431062751786, 33.99122328889559 ], [ 132.074109836713859, 33.991065221269494 ], [ 132.074509436158422, 33.989848407556579 ], [ 132.07426355701142, 33.989363054134692 ], [ 132.07462813084399, 33.98920375657724 ], [ 132.074738867678604, 33.9888909759688 ], [ 132.07459795396494, 33.988612666029454 ], [ 132.073419401253318, 33.98790900076515 ], [ 132.073227172683374, 33.98750402233653 ], [ 132.073256082136993, 33.986791759238315 ], [ 132.073661790420601, 33.985953568041225 ], [ 132.073446683409031, 33.98524856741124 ], [ 132.075261621756738, 33.983831455607621 ], [ 132.075527897749197, 33.983286421732515 ], [ 132.075763682321195, 33.98189338850834 ], [ 132.077549246218723, 33.978991507892736 ], [ 132.077934700304809, 33.977782718030745 ], [ 132.077218010600831, 33.976967126201693 ], [ 132.077363129731197, 33.976874365364779 ], [ 132.077497817693398, 33.975872674922037 ], [ 132.077322735967073, 33.975884314592349 ], [ 132.077125713485003, 33.975186350687878 ], [ 132.07741376329011, 33.97397568028331 ], [ 132.077304564838983, 33.972835947732761 ], [ 132.077486829363039, 33.972397890606338 ], [ 132.077268930609421, 33.97175391523497 ], [ 132.077380321995662, 33.971023398329677 ], [ 132.077772054696482, 33.970358313286866 ], [ 132.078449677507422, 33.969966598195811 ], [ 132.079418088251231, 33.969748036955721 ], [ 132.080575934293535, 33.969717774106115 ], [ 132.080871750629967, 33.9661942985446 ], [ 132.080737999468795, 33.962205475282452 ], [ 132.080875635215989, 33.959889924138061 ], [ 132.081162405863836, 33.958230977266624 ], [ 132.080860033497174, 33.957375622815043 ], [ 132.079536181461464, 33.957322700615926 ], [ 132.076703207827194, 33.9554732825966 ], [ 132.075684094136818, 33.955464357038444 ], [ 132.074952185358086, 33.95595520100531 ], [ 132.073388945292152, 33.955775663372904 ], [ 132.07261686231729, 33.956017527640803 ], [ 132.071954405761261, 33.955859513890871 ], [ 132.071522566365729, 33.955418647579108 ], [ 132.070720120625595, 33.955583417908649 ], [ 132.070082572689131, 33.955304116978667 ], [ 132.06912958504077, 33.955796023166108 ], [ 132.067954100557131, 33.955370050290782 ], [ 132.067653781855569, 33.954938575247965 ], [ 132.067073007077198, 33.954606616678994 ], [ 132.065763343563361, 33.955395604458303 ], [ 132.064456265153268, 33.955392754705841 ], [ 132.064162423375365, 33.95582882448258 ], [ 132.064093503795021, 33.956318816322188 ], [ 132.063111665596722, 33.956416328283261 ], [ 132.062606271312546, 33.955640359341061 ], [ 132.062242525332834, 33.955946322524404 ], [ 132.061980969338009, 33.955475281616238 ], [ 132.059971141452479, 33.95481677553142 ], [ 132.059404195518084, 33.955435447623614 ], [ 132.059960908207984, 33.956614244974617 ], [ 132.059325796285037, 33.957712691523888 ], [ 132.05885257919789, 33.957953603928622 ], [ 132.057779428431246, 33.958155103013851 ], [ 132.057199755830851, 33.958631745562379 ], [ 132.057236579410613, 33.961321863018611 ], [ 132.057719902700711, 33.962015276037924 ], [ 132.059869415107357, 33.96392847437648 ], [ 132.063784486275722, 33.965171425984025 ], [ 132.062500649698165, 33.972421955704128 ], [ 132.061940560729425, 33.977956007420588 ], [ 132.061737579370487, 33.978642991349581 ], [ 132.061881986001197, 33.978722578249545 ], [ 132.061438880313489, 33.982915104849234 ], [ 132.060985992033721, 33.983605021343458 ], [ 132.061173781746191, 33.984331551976489 ], [ 132.061152156948083, 33.98510072996767 ], [ 132.060718435407068, 33.985732902556606 ], [ 132.061053555726545, 33.985991561021379 ], [ 132.061487210335969, 33.987026263075165 ], [ 132.062098231308113, 33.987716104079141 ], [ 132.062501953772653, 33.988772194661337 ], [ 132.063024803919689, 33.989542679706531 ], [ 132.062923148086583, 33.990029755098512 ], [ 132.064057600429209, 33.990332042932351 ], [ 132.063645381792412, 33.991095264774096 ], [ 132.063622969508629, 33.992352874120954 ], [ 132.062828908810133, 33.993917939848856 ], [ 132.063028570358313, 33.994027570084164 ], [ 132.063541937465118, 33.994973439785284 ], [ 132.064031888082042, 33.995028226547845 ], [ 132.064276621397056, 33.995253976256421 ], [ 132.063954802925224, 33.996096162311346 ], [ 132.063929691747461, 33.996614152100868 ], [ 132.064571986964978, 33.997082119844563 ], [ 132.065230294037292, 33.997841576038567 ], [ 132.0649963624696, 33.998360239405976 ], [ 132.065410835815157, 33.999110758554806 ], [ 132.065467112215316, 33.999885355025896 ], [ 132.065697577174205, 34.00035974155692 ], [ 132.065585664513179, 34.000900623148311 ], [ 132.066023267937425, 34.001224721090082 ], [ 132.066262772737105, 34.002430978827242 ], [ 132.06568162127985, 34.003039660809591 ], [ 132.065869283815147, 34.00431969804275 ], [ 132.066560391347736, 34.004657386301396 ], [ 132.066819631133598, 34.004885257372358 ], [ 132.066974833959421, 34.005337041148174 ], [ 132.0673897026021, 34.005647591375741 ], [ 132.067370394670547, 34.00601667789276 ], [ 132.068029730602404, 34.006984763069852 ], [ 132.067891983160933, 34.007462653614404 ], [ 132.068432520626573, 34.007696099562857 ], [ 132.069511108912678, 34.00946399504187 ], [ 132.069794060870834, 34.009609604424334 ], [ 132.071598662446803, 34.009718499884883 ], [ 132.071584488067771, 34.009926988810413 ], [ 132.07059971447481, 34.010743882848658 ], [ 132.070368766714182, 34.011503177797699 ], [ 132.070547514492972, 34.012065278901524 ], [ 132.071094490296275, 34.012535671836147 ], [ 132.071278415197298, 34.014769006674697 ], [ 132.07171019778724, 34.014847245418899 ], [ 132.072787177160365, 34.015903100567641 ], [ 132.072562594082058, 34.016295696316135 ], [ 132.072839729592602, 34.016385928427042 ], [ 132.072854589698323, 34.016676006030352 ], [ 132.07345628538576, 34.016879325136848 ], [ 132.073799163604548, 34.016467940295023 ], [ 132.073926647795389, 34.015775340601962 ], [ 132.074287988855104, 34.015276763343266 ] ] ] } },
{ "type": "Feature", "properties": { "CITY_NAME": "柳井市", "S_NAME": "旭ヶ丘", "JINKO": 447, "medical_area": "35_柳井医療圏", "町丁目名": "柳井市旭ヶ丘" }, "geometry": { "type": "Polygon", "coordinates": [ [ [ 132.105586377396605, 33.95770007866598 ], [ 132.105354441618971, 33.956923428180154 ], [ 132.105105528231746, 33.956862302387748 ], [ 132.10571651557089, 33.956523508993129 ], [ 132.105772897906604, 33.956292353177062 ], [ 132.105509579320653, 33.956011023499578 ], [ 132.104383481990737, 33.955976781433684 ], [ 132.104243094197102, 33.955774687375147 ], [ 132.104345243216187, 33.955417466460723 ], [ 132.103992172041643, 33.955354170909573 ], [ 132.103639585172942, 33.954946562462936 ], [ 132.103751678589049, 33.954395213148914 ], [ 132.104019379571383, 33.954229675355982 ], [ 132.10388447891853, 33.954072102011679 ], [ 132.103719910928618, 33.954206980268395 ], [ 132.102938464206346, 33.953622484142301 ], [ 132.102951581481847, 33.952819330221068 ], [ 132.101730991197513, 33.953875573987766 ], [ 132.100986842858077, 33.954253157579068 ], [ 132.10116215646471, 33.954799446078276 ], [ 132.101006233203577, 33.955227919574618 ], [ 132.101351647417829, 33.955964911096281 ], [ 132.100970487631969, 33.956486386049598 ], [ 132.100992163774634, 33.956873959286135 ], [ 132.100448163637424, 33.95727475142008 ], [ 132.101359612497532, 33.95753460432207 ], [ 132.101568222443888, 33.957462614924388 ], [ 132.101918463970009, 33.956688212166817 ], [ 132.102667748884613, 33.956599430146419 ], [ 132.103275221372996, 33.956043692802133 ], [ 132.103428920284642, 33.956255657010473 ], [ 132.103709872023529, 33.956272425313671 ], [ 132.103703003283755, 33.956503888518377 ], [ 132.103870163627562, 33.956618230036838 ], [ 132.104365123217548, 33.956690895724037 ], [ 132.104699396588103, 33.956972546769997 ], [ 132.104952005095527, 33.956931537928305 ], [ 132.105295576206373, 33.958006348745471 ], [ 132.105586377396605, 33.95770007866598 ] ] ] } },
{ "type": "Feature", "properties": { "CITY_NAME": "柳井市", "S_NAME": "伊保庄", "JINKO": 0, "medical_area": "35_柳井医療圏", "町丁目名": "柳井市伊保庄" }, "geometry": { "type": "Polygon", "coordinates": [ [ [ 132.135393508665459, 33.918651140049171 ], [ 132.135255168819697, 33.918383316549807 ], [ 132.134630869952787, 33.917993051814712 ], [ 132.134197872537158, 33.917217208291895 ], [ 132.133400179776288, 33.916725956025431 ], [ 132.13308056492869, 33.917558624822853 ], [ 132.133280426110275, 33.918147456104926 ], [ 132.133745323141198, 33.918563243770777 ], [ 132.133980054216664, 33.918442487670085 ], [ 132.134752161654177, 33.91869876331927 ], [ 132.135393508665459, 33.918651140049171 ] ] ] } },
{ "type": "Feature", "properties": { "CITY_NAME": "柳井市", "S_NAME": "伊保庄", "JINKO": 2613, "medical_area": "35_柳井医療圏", "町丁目名": "柳井市伊保庄" }, "geometry": { "type": "Polygon", "coordinates": [ [ [ 132.104236509919502, 33.958995072041638 ], [ 132.109423512493322, 33.958849277360287 ], [ 132.113566252545496, 33.957684660390619 ], [ 132.113563197858014, 33.956976415403737 ], [ 132.114146111170356, 33.956427508000289 ], [ 132.11533277550285, 33.955859293590827 ], [ 132.116280548153753, 33.955067416070456 ], [ 132.117501416386432, 33.954344779955861 ], [ 132.117821962584316, 33.953840842331253 ], [ 132.118695541685554, 33.953043248456595 ], [ 132.119012956356755, 33.952301358286824 ], [ 132.11901333624354, 33.951611609987083 ], [ 132.117671981351776, 33.951210692368541 ], [ 132.118060392045408, 33.95120366509353 ], [ 132.118202406916367, 33.950698808211982 ], [ 132.117152010423922, 33.950456771475281 ], [ 132.118241404650519, 33.950613168811607 ], [ 132.118087106287447, 33.949872921962452 ], [ 132.118396857886353, 33.949282477106706 ], [ 132.11822920111598, 33.949217464198775 ], [ 132.118701127310942, 33.948819104175556 ], [ 132.118978469129303, 33.948877177500378 ], [ 132.120251482557251, 33.947912358588248 ], [ 132.121235264728, 33.946910791651369 ], [ 132.122194478366453, 33.943540324977434 ], [ 132.123054084738214, 33.941722817913444 ], [ 132.12396941180296, 33.941367625120911 ], [ 132.124472486403022, 33.940948141371784 ], [ 132.124427911802229, 33.941400777237142 ], [ 132.124597944234409, 33.941005100303677 ], [ 132.125371178721394, 33.941513802643719 ], [ 132.12548774907259, 33.942069334959598 ], [ 132.125520476722073, 33.941492297385075 ], [ 132.125798829610886, 33.94078544882462 ], [ 132.126334311605689, 33.940786471563449 ], [ 132.12581507757838, 33.940740372300858 ], [ 132.125893269202976, 33.940093896335654 ], [ 132.126193003488282, 33.939920852047308 ], [ 132.125950793311773, 33.939690008362696 ], [ 132.125948873224758, 33.939172411299488 ], [ 132.125607331768123, 33.938545658764347 ], [ 132.126483530519096, 33.938594692510627 ], [ 132.125816113875885, 33.938539529532441 ], [ 132.125890816717174, 33.938411492882295 ], [ 132.126493344291561, 33.938429723975439 ], [ 132.125890827311025, 33.938388951914177 ], [ 132.125678939014705, 33.938100357034067 ], [ 132.125337825815478, 33.936587321128286 ], [ 132.125757524206392, 33.936616201361446 ], [ 132.125473049845255, 33.936571024152521 ], [ 132.125409602891551, 33.935782062795148 ], [ 132.125730933942293, 33.935653263645555 ], [ 132.125872539563574, 33.935867873692885 ], [ 132.126059512482186, 33.936222395027244 ], [ 132.126026804954023, 33.936769569310542 ], [ 132.126129822166263, 33.936227771197238 ], [ 132.125769879389338, 33.935647921993663 ], [ 132.125422707743326, 33.935518899298799 ], [ 132.125460852636053, 33.934917485530754 ], [ 132.125655567993476, 33.934901349851692 ], [ 132.125429593537717, 33.93468656967265 ], [ 132.125513262191589, 33.933887795163571 ], [ 132.125341679356296, 33.933033004955881 ], [ 132.125851417784759, 33.930163264541449 ], [ 132.125053857667893, 33.928705003030018 ], [ 132.125394833512814, 33.928151452886937 ], [ 132.125302215282261, 33.927293025843923 ], [ 132.125070882472414, 33.927013436582307 ], [ 132.125158799016845, 33.926357097079126 ], [ 132.125852419352924, 33.925685606199941 ], [ 132.125543144387422, 33.925551240396224 ], [ 132.125841636793552, 33.925613470892124 ], [ 132.125916477537601, 33.925155486996175 ], [ 132.126714220613167, 33.923809595611473 ], [ 132.126608512552906, 33.92318472005794 ], [ 132.127097116476989, 33.921359047814065 ], [ 132.127234501372726, 33.921292370789445 ], [ 132.127132902435648, 33.921147172701026 ], [ 132.127568931111853, 33.918989720590403 ], [ 132.127603919686322, 33.917125332022195 ], [ 132.127219141985364, 33.916900444046156 ], [ 132.127631227149521, 33.916807709406491 ], [ 132.128334734126639, 33.915548390155024 ], [ 132.128438687220552, 33.915232846595202 ], [ 132.12807965247552, 33.915207373092962 ], [ 132.128375156348483, 33.914588148316319 ], [ 132.128941826413808, 33.914618899504738 ], [ 132.128666842268757, 33.91531674341482 ], [ 132.128711080355885, 33.915556540387115 ], [ 132.129032690762074, 33.914572013581939 ], [ 132.12684638119967, 33.913671493871 ], [ 132.129413338163403, 33.914636233138431 ], [ 132.12862402596727, 33.914275326833028 ], [ 132.130551432267424, 33.910921796160324 ], [ 132.130812097468635, 33.910810015472173 ], [ 132.130685213444195, 33.910564587674031 ], [ 132.130896456863866, 33.910349947340094 ], [ 132.131742400273055, 33.910053896375047 ], [ 132.131484407336103, 33.909772729190635 ], [ 132.130774551963441, 33.909690304490582 ], [ 132.130299823464469, 33.909120003765842 ], [ 132.13034581709411, 33.908812037301047 ], [ 132.130043658848479, 33.908743775772457 ], [ 132.129836590306894, 33.908439965535862 ], [ 132.128860726073384, 33.908170305119256 ], [ 132.128735125101088, 33.908253545808229 ], [ 132.128777939495478, 33.908499276738894 ], [ 132.127599064140384, 33.908709115354313 ], [ 132.126747851597742, 33.909080313071534 ], [ 132.125653351331721, 33.908953184831304 ], [ 132.124920598008231, 33.908460263422441 ], [ 132.124611028984162, 33.909087698918398 ], [ 132.12407705428592, 33.909119311389418 ], [ 132.123193396747467, 33.909730329336057 ], [ 132.123467415204942, 33.910307216874635 ], [ 132.124458734566559, 33.910994620159222 ], [ 132.126628945037197, 33.911402903922401 ], [ 132.126923151452161, 33.911260542078338 ], [ 132.127198842029799, 33.911358477872902 ], [ 132.126810827694783, 33.912091171775835 ], [ 132.125727914421333, 33.911859735155957 ], [ 132.124693243368512, 33.911327408451555 ], [ 132.123712464379679, 33.911195422637668 ], [ 132.12316542068956, 33.910882357380302 ], [ 132.123194004211911, 33.910562997692075 ], [ 132.123030785045017, 33.910307596120553 ], [ 132.121759800599619, 33.910882055095264 ], [ 132.121113514132276, 33.91059708186561 ], [ 132.119871546431966, 33.910473738529056 ], [ 132.119461345449508, 33.909846505380578 ], [ 132.118941543274389, 33.909475914782739 ], [ 132.118295077564568, 33.90956905147587 ], [ 132.117475533270124, 33.909174236942462 ], [ 132.117361085816782, 33.908759148584053 ], [ 132.1163843915256, 33.907441621045471 ], [ 132.115712003782704, 33.907304389763461 ], [ 132.113870296054728, 33.906111500853832 ], [ 132.113885859756863, 33.905617294526493 ], [ 132.113622851862971, 33.905268873674672 ], [ 132.113022441662679, 33.904600623205894 ], [ 132.11178538217294, 33.903733676666405 ], [ 132.111654106630994, 33.903472240001264 ], [ 132.111145669839004, 33.903173431564184 ], [ 132.109984983835176, 33.903134404503454 ], [ 132.10988210675103, 33.902953049387634 ], [ 132.110146591418157, 33.902751449767962 ], [ 132.10942607536532, 33.902607387647819 ], [ 132.10894336368284, 33.902175178997219 ], [ 132.108917485932722, 33.901853425424434 ], [ 132.107806340248885, 33.900882647080437 ], [ 132.107356997935, 33.90018004243327 ], [ 132.107091857403674, 33.900114033960392 ], [ 132.106263027200043, 33.900427782698046 ], [ 132.105187577651833, 33.900465974945021 ], [ 132.10410854465843, 33.900998650240041 ], [ 132.103882860764003, 33.902000763342414 ], [ 132.104035502311888, 33.90319791379352 ], [ 132.103404183600503, 33.904099501925408 ], [ 132.103500478201312, 33.904607853810234 ], [ 132.10329853399864, 33.905003482061993 ], [ 132.103389739838093, 33.905646372498659 ], [ 132.10318620165134, 33.905932252029089 ], [ 132.101880987835955, 33.9062551438521 ], [ 132.099996730860283, 33.907525959825932 ], [ 132.09877174530925, 33.907507224063558 ], [ 132.097582898835668, 33.908270521502409 ], [ 132.096512134045696, 33.908307390899303 ], [ 132.096700510021094, 33.909273793039901 ], [ 132.096607834200512, 33.909923901514041 ], [ 132.096165882681731, 33.910657777184284 ], [ 132.095522330767977, 33.910879577490441 ], [ 132.095448770026593, 33.912066891243192 ], [ 132.094643842632905, 33.913025718959922 ], [ 132.095575338920185, 33.913319299827215 ], [ 132.097160395827956, 33.913424455614305 ], [ 132.097921564304073, 33.913909684512042 ], [ 132.09850190450868, 33.913744202075961 ], [ 132.09882933833768, 33.913976292248847 ], [ 132.09930086653398, 33.913907108337334 ], [ 132.100092890759839, 33.914147914798193 ], [ 132.100579236629841, 33.914485049775962 ], [ 132.10103207187754, 33.914565750621229 ], [ 132.101087656471947, 33.914780914056685 ], [ 132.102092760670359, 33.915422503132696 ], [ 132.102631906606831, 33.916382508986551 ], [ 132.103328595566921, 33.916441213502083 ], [ 132.103538463278795, 33.91665786675761 ], [ 132.103579765751761, 33.917164652165262 ], [ 132.104157808565418, 33.917657916171102 ], [ 132.104459105898997, 33.918220628529212 ], [ 132.104470514776153, 33.918585807257863 ], [ 132.105305161312913, 33.919240228994838 ], [ 132.105741338128894, 33.92003461873373 ], [ 132.106309435550372, 33.920500249189622 ], [ 132.107019197403218, 33.921993413239285 ], [ 132.107650129526718, 33.922412012154979 ], [ 132.107453335464186, 33.923310047740259 ], [ 132.108150808805249, 33.924109061770878 ], [ 132.108191097031295, 33.924595270703904 ], [ 132.108005548810326, 33.925164912731958 ], [ 132.108206974884666, 33.925555681565612 ], [ 132.107732362182873, 33.926050795086319 ], [ 132.10799697640465, 33.926671235392433 ], [ 132.107404135410974, 33.926883818595662 ], [ 132.107108509428059, 33.927336472018716 ], [ 132.107064528991231, 33.92925641429229 ], [ 132.10680181644824, 33.92989054278214 ], [ 132.107063809950887, 33.931319517689133 ], [ 132.107598585423744, 33.931506313174374 ], [ 132.108242218804918, 33.93260608776454 ], [ 132.108285334823279, 33.932995653521026 ], [ 132.108113135898122, 33.933125322706893 ], [ 132.107374444564186, 33.933139328181397 ], [ 132.106954956486476, 33.933470196078282 ], [ 132.10699188929982, 33.934834251501066 ], [ 132.107131433678376, 33.935148210410176 ], [ 132.106567173222061, 33.935759080637126 ], [ 132.106732772063452, 33.936233660559452 ], [ 132.106610507420527, 33.936821925671019 ], [ 132.105580316257829, 33.938147516715446 ], [ 132.105620343971992, 33.938984654170561 ], [ 132.105720712237968, 33.939200535446737 ], [ 132.106450914801172, 33.939600867066325 ], [ 132.106575712715255, 33.940330834772858 ], [ 132.10740254744897, 33.940400700653612 ], [ 132.107435912310592, 33.940936064798187 ], [ 132.107628582747225, 33.941088874784633 ], [ 132.108876026359155, 33.94126502077394 ], [ 132.109082888439474, 33.941830333748484 ], [ 132.110026996280993, 33.942626054006226 ], [ 132.109848527104589, 33.942838840299878 ], [ 132.10802230079301, 33.943586885847587 ], [ 132.105735545206812, 33.943559406554023 ], [ 132.105533911379013, 33.94439008002626 ], [ 132.105228561417874, 33.944862299624241 ], [ 132.105518006538404, 33.945465557002279 ], [ 132.105156584478323, 33.946351230787499 ], [ 132.105584208937984, 33.947085153026705 ], [ 132.105190392484019, 33.947364038212569 ], [ 132.105205672549857, 33.94772526364136 ], [ 132.106485900420012, 33.948807867441921 ], [ 132.107243643270351, 33.94903688962598 ], [ 132.107474679939628, 33.949488805134706 ], [ 132.106930321946351, 33.950246757147212 ], [ 132.106509938451808, 33.951485310229558 ], [ 132.105613748099586, 33.951687731881805 ], [ 132.104470275957624, 33.952455516016038 ], [ 132.102951581481847, 33.952819330221068 ], [ 132.102855228640436, 33.953315602165851 ], [ 132.102938464206346, 33.953622484142301 ], [ 132.103719910928618, 33.954206980268395 ], [ 132.10388447891853, 33.954072102011679 ], [ 132.104019379571383, 33.954229675355982 ], [ 132.103751678589049, 33.954395213148914 ], [ 132.103639585172942, 33.954946562462936 ], [ 132.103992172041643, 33.955354170909573 ], [ 132.104345243216187, 33.955417466460723 ], [ 132.104243094197102, 33.955774687375147 ], [ 132.104383481990737, 33.955976781433684 ], [ 132.105509579320653, 33.956011023499578 ], [ 132.105772897906604, 33.956292353177062 ], [ 132.10571651557089, 33.956523508993129 ], [ 132.105105528231746, 33.956862302387748 ], [ 132.105354441618971, 33.956923428180154 ], [ 132.105559217975042, 33.957836719761005 ], [ 132.105295576206373, 33.958006348745471 ], [ 132.104952005095527, 33.956931537928305 ], [ 132.104699396588103, 33.956972546769997 ], [ 132.104365123217548, 33.956690895724037 ], [ 132.103870163627562, 33.956618230036838 ], [ 132.103703003283755, 33.956503888518377 ], [ 132.103709872023529, 33.956272425313671 ], [ 132.103428920284642, 33.956255657010473 ], [ 132.103275221372996, 33.956043692802133 ], [ 132.102667748884613, 33.956599430146419 ], [ 132.101918463970009, 33.956688212166817 ], [ 132.101568222443888, 33.957462614924388 ], [ 132.101359612497532, 33.95753460432207 ], [ 132.100448163637424, 33.95727475142008 ], [ 132.100992163774634, 33.956873959286135 ], [ 132.100970487631969, 33.956486386049598 ], [ 132.101351647417829, 33.955964911096281 ], [ 132.101006233203577, 33.955227919574618 ], [ 132.10116215646471, 33.954799446078276 ], [ 132.100986842858077, 33.954253157579068 ], [ 132.100148706633064, 33.95491357379268 ], [ 132.099744730686268, 33.954875878097347 ], [ 132.099117734222006, 33.955207869989373 ], [ 132.098679323610696, 33.955037865567526 ], [ 132.098074767166963, 33.955380006803921 ], [ 132.097746952525256, 33.955086227392592 ], [ 132.097237648001737, 33.95506156497666 ], [ 132.096748139127612, 33.955251189805551 ], [ 132.096144787090395, 33.956835602463393 ], [ 132.09669313314464, 33.95743325325256 ], [ 132.097107718901071, 33.958352314056 ], [ 132.097519540705605, 33.958625435763238 ], [ 132.098649691813591, 33.958680678667911 ], [ 132.098841410218768, 33.958507749343845 ], [ 132.099072374739137, 33.958846317968472 ], [ 132.099905661254752, 33.95908871330743 ], [ 132.100451196198208, 33.959435718406745 ], [ 132.104236509919502, 33.958995072041638 ] ] ] } },
{ "type": "Feature", "properties": { "CITY_NAME": "柳井市", "S_NAME": "阿月", "JINKO": 619, "medical_area": "35_柳井医療圏", "町丁目名": "柳井市阿月" }, "geometry": { "type": "Polygon", "coordinates": [ [ [ 132.126810827694783, 33.912091171775835 ], [ 132.127198842029799, 33.911358477872902 ], [ 132.126923151452161, 33.911260542078338 ], [ 132.126628945037197, 33.911402903922401 ], [ 132.124458734566559, 33.910994620159222 ], [ 132.123467415204942, 33.910307216874635 ], [ 132.123193396747467, 33.909730329336057 ], [ 132.12407705428592, 33.909119311389418 ], [ 132.124611028984162, 33.909087698918398 ], [ 132.124920598008231, 33.908460263422441 ], [ 132.125653351331721, 33.908953184831304 ], [ 132.126747851597742, 33.909080313071534 ], [ 132.127599064140384, 33.908709115354313 ], [ 132.128777939495478, 33.908499276738894 ], [ 132.128735125101088, 33.908253545808229 ], [ 132.128860726073384, 33.908170305119256 ], [ 132.129836590306894, 33.908439965535862 ], [ 132.130043658848479, 33.908743775772457 ], [ 132.13034581709411, 33.908812037301047 ], [ 132.130299823464469, 33.909120003765842 ], [ 132.130774551963441, 33.909690304490582 ], [ 132.131484407336103, 33.909772729190635 ], [ 132.131742400273055, 33.910053896375047 ], [ 132.13204941662454, 33.909495898014733 ], [ 132.131796001833493, 33.908153924685195 ], [ 132.131253149280354, 33.90729793214463 ], [ 132.131407234555041, 33.905423849412188 ], [ 132.131647716033399, 33.905025047717807 ], [ 132.131613632989513, 33.904669193727059 ], [ 132.130347695576631, 33.903931272321444 ], [ 132.129058754538534, 33.903944399053501 ], [ 132.128746390740162, 33.903619709029194 ], [ 132.128867947628208, 33.903512923301662 ], [ 132.128812574997681, 33.903089509583886 ], [ 132.127576792343575, 33.901666866978175 ], [ 132.127683012755824, 33.90153023538511 ], [ 132.127246865322007, 33.90056267872513 ], [ 132.127807141815111, 33.900162535473328 ], [ 132.127974905665894, 33.899758684193472 ], [ 132.127845077923382, 33.899950663443008 ], [ 132.127107684645864, 33.89987558645079 ], [ 132.127147838120607, 33.899544699327208 ], [ 132.126881398820899, 33.899551791615934 ], [ 132.126830258703478, 33.89884131824558 ], [ 132.127001180863743, 33.898652877312593 ], [ 132.128188063886938, 33.899424163266886 ], [ 132.127333071073281, 33.898775693266664 ], [ 132.127712879921802, 33.898106775601775 ], [ 132.127738984205195, 33.897754301402038 ], [ 132.126979965099821, 33.897727847697311 ], [ 132.127003886607184, 33.897423130855735 ], [ 132.127256937726855, 33.897325866516645 ], [ 132.128146871613751, 33.897757427736451 ], [ 132.13043093330765, 33.895488571132205 ], [ 132.130280364046172, 33.894994727189406 ], [ 132.131023766554193, 33.895086485133142 ], [ 132.13265891759329, 33.894118557145269 ], [ 132.131865583531663, 33.893440276599314 ], [ 132.13101364105259, 33.893353523666399 ], [ 132.129488439876468, 33.892501866009702 ], [ 132.129119892336291, 33.892190689024844 ], [ 132.128976274623227, 33.891762370483768 ], [ 132.127565287220364, 33.891911671332046 ], [ 132.129054168587828, 33.891641660861538 ], [ 132.128650916877916, 33.891587435516499 ], [ 132.12858767406729, 33.890300763312553 ], [ 132.129112064707158, 33.890218797150851 ], [ 132.128588791843697, 33.890216940969843 ], [ 132.128562622103431, 33.88819446746971 ], [ 132.127927002671981, 33.888012246972572 ], [ 132.127469516060501, 33.888407828866242 ], [ 132.127917313885007, 33.887913064695844 ], [ 132.128279443700904, 33.888016868765682 ], [ 132.129153406552859, 33.887018028986496 ], [ 132.130707332070727, 33.886070954876487 ], [ 132.131115745290913, 33.886685026642517 ], [ 132.131570978895667, 33.886457079220804 ], [ 132.130832182306847, 33.884751946814212 ], [ 132.130564231467702, 33.88436684538695 ], [ 132.129894131156419, 33.883960010419898 ], [ 132.130217399910322, 33.883414873414225 ], [ 132.133305767878142, 33.881607768876016 ], [ 132.133975851691872, 33.882050650317389 ], [ 132.134435104347915, 33.882587241199438 ], [ 132.134965508472163, 33.883709905722462 ], [ 132.13577996213121, 33.882496519376375 ], [ 132.136555114820482, 33.882376732552693 ], [ 132.136447383717694, 33.881255169856971 ], [ 132.135781593004111, 33.880881709024855 ], [ 132.135741755584007, 33.880408346121676 ], [ 132.135934285117315, 33.879960807227413 ], [ 132.136378759497092, 33.879575398234444 ], [ 132.136558363997153, 33.879095776274283 ], [ 132.140367585130036, 33.877227171210812 ], [ 132.143501388930616, 33.875992022380821 ], [ 132.145726168800024, 33.875373961573061 ], [ 132.146442812762189, 33.875514676620014 ], [ 132.146957371311203, 33.87542642797267 ], [ 132.148294630906435, 33.874880292089067 ], [ 132.148392210092339, 33.873416873647827 ], [ 132.148001034914557, 33.872806546669764 ], [ 132.147780675492669, 33.872068887178195 ], [ 132.146989653768372, 33.871085163686324 ], [ 132.146721603555676, 33.87101482127931 ], [ 132.146052678082242, 33.870332156125642 ], [ 132.145843142942653, 33.869636975211762 ], [ 132.146039292010073, 33.867444289909947 ], [ 132.146665117953575, 33.867410196583911 ], [ 132.146046869820424, 33.867391068985583 ], [ 132.146079328116627, 33.867250478622964 ], [ 132.146282529104127, 33.867255869471968 ], [ 132.146218806323446, 33.867051163509927 ], [ 132.146390697659371, 33.866892566413995 ], [ 132.146994907608729, 33.866834913778327 ], [ 132.146991464893802, 33.867752865179803 ], [ 132.147243693633357, 33.865854756808062 ], [ 132.148421070114495, 33.864347628183864 ], [ 132.149085878528325, 33.86385903194553 ], [ 132.152320294559644, 33.862542427449654 ], [ 132.155587297907999, 33.861908447285074 ], [ 132.157425856483854, 33.860860977790239 ], [ 132.15820733331384, 33.860190149234192 ], [ 132.158401964154109, 33.859253319842551 ], [ 132.157725537370766, 33.857979338342112 ], [ 132.157722352458165, 33.857410472937623 ], [ 132.158087723831613, 33.856638617756865 ], [ 132.158753519724343, 33.855936362584025 ], [ 132.158532103276485, 33.854531663460762 ], [ 132.158732151951256, 33.853261231033748 ], [ 132.158938563269345, 33.853288285533154 ], [ 132.158725681295977, 33.853145849676572 ], [ 132.159015321878144, 33.852955528301244 ], [ 132.158886732567765, 33.852823941994856 ], [ 132.158890023744789, 33.852270282131997 ], [ 132.159440167837062, 33.851346120714567 ], [ 132.159495329296675, 33.850792602405022 ], [ 132.159207926557059, 33.850155110451034 ], [ 132.158317532581208, 33.849465329146469 ], [ 132.158184596584732, 33.849638466558602 ], [ 132.15746923699632, 33.8493345567381 ], [ 132.158372663592644, 33.849289512042581 ], [ 132.157898266931255, 33.849214685581785 ], [ 132.157597911862609, 33.848579864249714 ], [ 132.157995591128042, 33.848554662785659 ], [ 132.158183596427932, 33.848806284206375 ], [ 132.158048546508468, 33.848515922763404 ], [ 132.157630343968862, 33.848455466723031 ], [ 132.15769196430125, 33.848243584545258 ], [ 132.157946989637594, 33.848284169452917 ], [ 132.157857309124324, 33.848146243170227 ], [ 132.158295108404104, 33.846669408624223 ], [ 132.157000766804089, 33.844555844900555 ], [ 132.152573801320926, 33.843204878577048 ], [ 132.151669957261362, 33.84435466936069 ], [ 132.150145321699995, 33.846854330702605 ], [ 132.14765923410161, 33.847849377795441 ], [ 132.145555815403839, 33.849496752110056 ], [ 132.143534617522562, 33.850661145287006 ], [ 132.143091073538272, 33.851287129682468 ], [ 132.142347373561876, 33.853174223610608 ], [ 132.140984793967306, 33.852877904185327 ], [ 132.140140469181119, 33.852861776047824 ], [ 132.137483498157081, 33.853644657148855 ], [ 132.137397501828701, 33.854284223456219 ], [ 132.13690336651203, 33.854771528908636 ], [ 132.136594230373703, 33.855648414770833 ], [ 132.135984424181032, 33.856366305591109 ], [ 132.135846757043339, 33.857490340370191 ], [ 132.13485070931128, 33.859888949521817 ], [ 132.134408043515634, 33.860262435629224 ], [ 132.134193817265157, 33.860801095871523 ], [ 132.133319148841423, 33.861960982580676 ], [ 132.133764501694884, 33.864118974276863 ], [ 132.134293407093622, 33.865050342740226 ], [ 132.134630708060484, 33.866392882796177 ], [ 132.133819183752195, 33.867679452748305 ], [ 132.133740077575169, 33.869093724352908 ], [ 132.134077035404772, 33.871408198702802 ], [ 132.134809240784278, 33.872265092413343 ], [ 132.134420414258784, 33.873473456441531 ], [ 132.133821460555794, 33.873773789659758 ], [ 132.133392154924934, 33.874457080732022 ], [ 132.132882684862381, 33.874560907721097 ], [ 132.132326979180817, 33.875117508857024 ], [ 132.131419092847551, 33.875414784837957 ], [ 132.130951024032498, 33.876145535521275 ], [ 132.129186613170106, 33.876677669471739 ], [ 132.12851988769296, 33.876963730993133 ], [ 132.128224371592694, 33.877286818738746 ], [ 132.127463778198006, 33.877387587178625 ], [ 132.126418392435426, 33.878040511087754 ], [ 132.125753742912138, 33.878923883410479 ], [ 132.125676452164583, 33.879749685517005 ], [ 132.124929809957365, 33.879671947896682 ], [ 132.124104538305176, 33.879841419316001 ], [ 132.123104411816826, 33.88042641246188 ], [ 132.122450064194254, 33.881634342728354 ], [ 132.122427477711682, 33.88194440615635 ], [ 132.121682016229641, 33.882656390348394 ], [ 132.121470118428789, 33.8834260631901 ], [ 132.120237827243841, 33.883517699945578 ], [ 132.119615752684979, 33.884169709325185 ], [ 132.118724903056233, 33.884003664742202 ], [ 132.117883617396359, 33.884052615657801 ], [ 132.116878394640764, 33.884978316086475 ], [ 132.117150356153957, 33.886014313214993 ], [ 132.116931042432924, 33.886439530224571 ], [ 132.115982966125443, 33.887233811538806 ], [ 132.113248843797862, 33.889000876847142 ], [ 132.112065193126, 33.889498606304663 ], [ 132.111576942116642, 33.890069350966222 ], [ 132.111324267769334, 33.890834055613446 ], [ 132.109996292362808, 33.891406075685701 ], [ 132.109646658361441, 33.892600552191205 ], [ 132.109676531249079, 33.893505283457372 ], [ 132.110017406875073, 33.89427393354908 ], [ 132.109956179850968, 33.894786980544119 ], [ 132.109632218945023, 33.895150439123562 ], [ 132.109319912480089, 33.896041936189853 ], [ 132.108595749321097, 33.896968030185704 ], [ 132.108523420490656, 33.897214679482154 ], [ 132.108920504658016, 33.897734304955804 ], [ 132.107656564199175, 33.899293817617583 ], [ 132.107351594252748, 33.899975253332741 ], [ 132.107091857403674, 33.900114033960392 ], [ 132.107356997935, 33.90018004243327 ], [ 132.107806340248885, 33.900882647080437 ], [ 132.108917485932722, 33.901853425424434 ], [ 132.10894336368284, 33.902175178997219 ], [ 132.10942607536532, 33.902607387647819 ], [ 132.110146591418157, 33.902751449767962 ], [ 132.10988210675103, 33.902953049387634 ], [ 132.109984983835176, 33.903134404503454 ], [ 132.111145669839004, 33.903173431564184 ], [ 132.111654106630994, 33.903472240001264 ], [ 132.11178538217294, 33.903733676666405 ], [ 132.113022441662679, 33.904600623205894 ], [ 132.113622851862971, 33.905268873674672 ], [ 132.113885859756863, 33.905617294526493 ], [ 132.113870296054728, 33.906111500853832 ], [ 132.115712003782704, 33.907304389763461 ], [ 132.1163843915256, 33.907441621045471 ], [ 132.117361085816782, 33.908759148584053 ], [ 132.117532854241119, 33.909215540266374 ], [ 132.118295077564568, 33.90956905147587 ], [ 132.118941543274389, 33.909475914782739 ], [ 132.119461345449508, 33.909846505380578 ], [ 132.119973187999335, 33.910508576758076 ], [ 132.121113514132276, 33.91059708186561 ], [ 132.121759800599619, 33.910882055095264 ], [ 132.123030785045017, 33.910307596120553 ], [ 132.123194004211911, 33.910562997692075 ], [ 132.12316542068956, 33.910882357380302 ], [ 132.123712464379679, 33.911195422637668 ], [ 132.124693243368512, 33.911327408451555 ], [ 132.126039313055117, 33.911971644675297 ], [ 132.126810827694783, 33.912091171775835 ] ] ] } },
{ "type": "Feature", "properties": { "CITY_NAME": "柳井市", "S_NAME": "平郡", "JINKO": 247, "medical_area": "35_柳井医療圏", "町丁目名": "柳井市平郡" }, "geometry": { "type": "Polygon", "coordinates": [ [ [ 132.209599712172746, 33.81678827441516 ], [ 132.209974276045529, 33.816268719692495 ], [ 132.210696627812553, 33.815704103539481 ], [ 132.212394565762196, 33.815528517721944 ], [ 132.213529489991629, 33.814913299484921 ], [ 132.215363858464571, 33.815333537387488 ], [ 132.216450393927715, 33.815137566334428 ], [ 132.217044264641402, 33.814767661475905 ], [ 132.217699903143341, 33.814727665043179 ], [ 132.218302752774292, 33.814920419186052 ], [ 132.21884761873099, 33.815654026272355 ], [ 132.219397611701339, 33.815935971739869 ], [ 132.220449788106095, 33.816066253904403 ], [ 132.221192784351558, 33.815809952739599 ], [ 132.221850270892418, 33.815288554027646 ], [ 132.223483019745601, 33.813002211528904 ], [ 132.2230339867493, 33.810244296038462 ], [ 132.223322387196873, 33.808656458989475 ], [ 132.224201991708412, 33.807673281980243 ], [ 132.225366871151692, 33.806922554480991 ], [ 132.227126964703132, 33.806334665977346 ], [ 132.22742838654861, 33.806448207475242 ], [ 132.22763066557593, 33.806869196332883 ], [ 132.228324052002421, 33.806840818985116 ], [ 132.228991670385795, 33.807026304080949 ], [ 132.229221998887937, 33.807396699541883 ], [ 132.228966381506297, 33.807884552239791 ], [ 132.229301330061844, 33.80804949374383 ], [ 132.229870522749849, 33.808032862865694 ], [ 132.231253716206965, 33.807520054837632 ], [ 132.233528235259996, 33.805998761359405 ], [ 132.233770911980997, 33.805576697558081 ], [ 132.233810397057056, 33.804978784868958 ], [ 132.233653581022423, 33.804715707420755 ], [ 132.232945788563313, 33.804252595023684 ], [ 132.23261953059955, 33.80275155321192 ], [ 132.232673207026352, 33.802333108605822 ], [ 132.232978336720407, 33.80167658192736 ], [ 132.233691554126381, 33.800835843810646 ], [ 132.234077983958372, 33.80057697760197 ], [ 132.23485006392437, 33.800437647727584 ], [ 132.235130059998994, 33.799442029789418 ], [ 132.236166629276852, 33.797850054322375 ], [ 132.237442777302647, 33.797401319494043 ], [ 132.23809503270482, 33.797358533762633 ], [ 132.23839536523559, 33.797484587165982 ], [ 132.239072162877449, 33.798354270069048 ], [ 132.239578760084328, 33.798465688287038 ], [ 132.240081943696765, 33.798363530492104 ], [ 132.240493190437661, 33.798108991416846 ], [ 132.240901956770927, 33.797483088948262 ], [ 132.240907127641321, 33.795979177155026 ], [ 132.241133531248607, 33.795538079535419 ], [ 132.242345852955879, 33.795034244574268 ], [ 132.242889397821415, 33.795408087359576 ], [ 132.243496340808122, 33.795436587582529 ], [ 132.243911888980278, 33.795184709612663 ], [ 132.24427852498934, 33.794584883850845 ], [ 132.245181530689138, 33.794786330231439 ], [ 132.245499061519979, 33.795998836565687 ], [ 132.24618959342942, 33.796477950584226 ], [ 132.247206013138879, 33.796682972050505 ], [ 132.248400121485588, 33.796346742062994 ], [ 132.249578394117378, 33.795273842948262 ], [ 132.251090242593307, 33.793007014190529 ], [ 132.253639095561681, 33.790081253004303 ], [ 132.255768516753903, 33.788952692503742 ], [ 132.256990384004638, 33.787430718362863 ], [ 132.257373386448307, 33.786096859832682 ], [ 132.257000858314882, 33.784060408471497 ], [ 132.257075956135793, 33.783599531289497 ], [ 132.257280979943175, 33.783471461286872 ], [ 132.257042205626334, 33.783333571817792 ], [ 132.258978660068351, 33.781702988328036 ], [ 132.257371042016757, 33.782864478113098 ], [ 132.256891129379341, 33.783422155388344 ], [ 132.256496991880255, 33.783407085016364 ], [ 132.256467020170419, 33.782631695976853 ], [ 132.257144023217307, 33.78261584701113 ], [ 132.256475588852027, 33.782567589308876 ], [ 132.256484160485485, 33.782506300262838 ], [ 132.256713101258327, 33.782531351148783 ], [ 132.25663406244297, 33.782325016882183 ], [ 132.257224923055077, 33.781520293651042 ], [ 132.257732695652237, 33.781786750760531 ], [ 132.257819491238962, 33.782175378460913 ], [ 132.257833156055227, 33.781828236238674 ], [ 132.258237637805109, 33.781425720857058 ], [ 132.258118755143386, 33.78132395203631 ], [ 132.258234982376223, 33.78096870279024 ], [ 132.258006991130657, 33.780808266604446 ], [ 132.259743987044345, 33.779514095490107 ], [ 132.260001332094646, 33.779852863908502 ], [ 132.258950441106464, 33.780568629514349 ], [ 132.258593059239416, 33.780591437308665 ], [ 132.258248956832034, 33.780900083615663 ], [ 132.25861361174924, 33.780620303299877 ], [ 132.258970980285142, 33.780598481089299 ], [ 132.261061048991166, 33.779312900314878 ], [ 132.262859055358604, 33.778571316823395 ], [ 132.263219190865925, 33.779083140407259 ], [ 132.263479311874391, 33.7790026347446 ], [ 132.263160074318876, 33.778273647398755 ], [ 132.26388536304313, 33.778114193099 ], [ 132.264318247050738, 33.778981262089431 ], [ 132.263933929710277, 33.77809259902628 ], [ 132.264886166440789, 33.778023234052476 ], [ 132.265519501819028, 33.778559209576592 ], [ 132.265658464510551, 33.779218283721626 ], [ 132.263721623611787, 33.779393812946147 ], [ 132.262913182065034, 33.779649584164794 ], [ 132.265147904759914, 33.779350275900967 ], [ 132.265255177493543, 33.779675627762089 ], [ 132.265915662463186, 33.779412775011956 ], [ 132.266179158871864, 33.779439611824124 ], [ 132.266216038729794, 33.779581168282355 ], [ 132.267045369244499, 33.779658967238326 ], [ 132.267736872829573, 33.780055969894519 ], [ 132.268301610831372, 33.780989552073706 ], [ 132.269017109998089, 33.781585029835071 ], [ 132.270273478389697, 33.782069881141666 ], [ 132.271507966785265, 33.782323128615623 ], [ 132.273546583544288, 33.78232405376135 ], [ 132.274244654642388, 33.781888967696752 ], [ 132.274294674009496, 33.781306378909825 ], [ 132.272708348007143, 33.779440506299871 ], [ 132.271083960023873, 33.778178605303012 ], [ 132.270098672010732, 33.777707898928078 ], [ 132.269830928904781, 33.777727986810319 ], [ 132.269024784231476, 33.777176818590554 ], [ 132.268700462517245, 33.776838966613319 ], [ 132.268644965677339, 33.776478350250301 ], [ 132.267347270718119, 33.775669757210544 ], [ 132.267159684429885, 33.774991837949649 ], [ 132.267361104613286, 33.774587758750862 ], [ 132.267187265423246, 33.77457437579961 ], [ 132.267059480193183, 33.774262563845632 ], [ 132.266524004394142, 33.774289062858223 ], [ 132.265997700350596, 33.773861201444973 ], [ 132.264732446004984, 33.773963227142026 ], [ 132.263560701937479, 33.773694502819474 ], [ 132.260848170296356, 33.771366809135891 ], [ 132.259081636084403, 33.770141894227429 ], [ 132.259080182383542, 33.7697884190937 ], [ 132.258497591633301, 33.769166716555929 ], [ 132.258589014761384, 33.768846562499668 ], [ 132.257972142904777, 33.768448465068765 ], [ 132.257989508294429, 33.767520737884944 ], [ 132.258234138472744, 33.767110305236677 ], [ 132.257634828697263, 33.76697902445575 ], [ 132.25765393601327, 33.766675125348932 ], [ 132.257328879036407, 33.766588017669832 ], [ 132.256935171359828, 33.76690923764184 ], [ 132.257262632937795, 33.767225420740971 ], [ 132.257560990313806, 33.768610219994791 ], [ 132.25673819930222, 33.770535852416529 ], [ 132.256356544721683, 33.771050075598623 ], [ 132.255717839511561, 33.771456285065135 ], [ 132.254724609410488, 33.771493912567152 ], [ 132.254258816497156, 33.772089338572719 ], [ 132.252457675748246, 33.77287772543896 ], [ 132.250924499680536, 33.773899489377492 ], [ 132.24979102058262, 33.77407875995597 ], [ 132.249444637520213, 33.77428017574389 ], [ 132.247577708884961, 33.776365089945962 ], [ 132.246912875969713, 33.776645890703946 ], [ 132.246663383232061, 33.776556875509527 ], [ 132.246744749704987, 33.776968908045163 ], [ 132.246280566283474, 33.777064733003023 ], [ 132.246506327452806, 33.777169120833015 ], [ 132.246257184885309, 33.777461478012746 ], [ 132.246466842713659, 33.777665058736979 ], [ 132.246114368917773, 33.778300114212932 ], [ 132.244703895576038, 33.779084610131733 ], [ 132.244510904225734, 33.779384949558946 ], [ 132.2441060809183, 33.779469879594757 ], [ 132.244226884318948, 33.779338219498591 ], [ 132.244085389329797, 33.779281535772043 ], [ 132.243800465457127, 33.779422317689296 ], [ 132.243755463192343, 33.779795677353789 ], [ 132.243251378858815, 33.779969140648234 ], [ 132.242928041863678, 33.780619365327304 ], [ 132.241417280316, 33.781628309227138 ], [ 132.240306603779743, 33.78209248738311 ], [ 132.239159781905812, 33.781972309408445 ], [ 132.238968028028893, 33.782490863050839 ], [ 132.238094827970002, 33.782887256098455 ], [ 132.235698174817429, 33.783453021850342 ], [ 132.232991316498357, 33.783670919316599 ], [ 132.232610026433548, 33.783508831992563 ], [ 132.23258830845046, 33.783352043718402 ], [ 132.232096928584696, 33.783252142789145 ], [ 132.231400995674761, 33.782537546387019 ], [ 132.230523862073937, 33.782067329012825 ], [ 132.230108837971159, 33.781539243976262 ], [ 132.229537485963306, 33.781333995973959 ], [ 132.228100723454787, 33.781876551566157 ], [ 132.227349267879276, 33.781969768505697 ], [ 132.227067682572596, 33.78229364950279 ], [ 132.227093743978429, 33.782504534628544 ], [ 132.226719201537122, 33.782691386147548 ], [ 132.222970450905194, 33.783049318781572 ], [ 132.221977827530168, 33.782608963234466 ], [ 132.220722980063215, 33.782425546683271 ], [ 132.218420843659459, 33.78240134799384 ], [ 132.216974688812883, 33.781903391102681 ], [ 132.216586814113413, 33.781526558094427 ], [ 132.216681733455431, 33.781347177114846 ], [ 132.216176131118203, 33.780919111472748 ], [ 132.215665391872449, 33.780910305847719 ], [ 132.215772376549523, 33.781051847244449 ], [ 132.215198041024536, 33.781239593496927 ], [ 132.215463756259709, 33.781392763004142 ], [ 132.215236118179234, 33.781722798935974 ], [ 132.215475912425148, 33.781856114236334 ], [ 132.215538678127558, 33.78209234550782 ], [ 132.215063927173901, 33.782702128108347 ], [ 132.215212021721015, 33.782973402951846 ], [ 132.214850545139711, 33.78341352025938 ], [ 132.214957864754666, 33.784134784320756 ], [ 132.214639560795462, 33.784549664859846 ], [ 132.214243381053393, 33.78473648936928 ], [ 132.214391438091837, 33.784956485747323 ], [ 132.214025928082634, 33.785904192733426 ], [ 132.212240958851396, 33.78781549121323 ], [ 132.210952094005648, 33.78867519386479 ], [ 132.209244128021226, 33.789378088953768 ], [ 132.207307074625191, 33.789830544488773 ], [ 132.204454667947147, 33.791137827113332 ], [ 132.203313576785831, 33.791906386996828 ], [ 132.201875757288434, 33.793273756438971 ], [ 132.201802511204278, 33.793709232621772 ], [ 132.200788281554566, 33.795840887059086 ], [ 132.200516541299606, 33.796833747388725 ], [ 132.200366851752335, 33.797869683386459 ], [ 132.200674206426726, 33.799424069898762 ], [ 132.200112733702099, 33.799735291436235 ], [ 132.199942357578152, 33.800389023524438 ], [ 132.200169986207783, 33.799765987924275 ], [ 132.201035907466263, 33.799187711729026 ], [ 132.200877321671157, 33.799606170441507 ], [ 132.201216315758046, 33.799305858003507 ], [ 132.201594585944747, 33.799946753393435 ], [ 132.201602296440228, 33.800302051764817 ], [ 132.201324933219155, 33.800776334614547 ], [ 132.200607615894029, 33.800320369837074 ], [ 132.200418681964379, 33.800485393426953 ], [ 132.20102152689114, 33.800957594451141 ], [ 132.200421406984844, 33.801862216256829 ], [ 132.200309391873219, 33.801981855660586 ], [ 132.199625331805549, 33.801616235851888 ], [ 132.199416997044096, 33.801891291353456 ], [ 132.199832896177355, 33.802110273243429 ], [ 132.199695806219523, 33.802294244103187 ], [ 132.199878363050402, 33.802382498020989 ], [ 132.199062161006793, 33.803143756482179 ], [ 132.197685374754116, 33.803834710321311 ], [ 132.196588130690373, 33.804056867134442 ], [ 132.193326438757026, 33.804248793812221 ], [ 132.190585199446957, 33.804060863170761 ], [ 132.185942305538589, 33.800722958469542 ], [ 132.182525863901674, 33.799088832629316 ], [ 132.177785445994687, 33.797183257278206 ], [ 132.175626403738306, 33.795809276633044 ], [ 132.174810949944145, 33.795079984958598 ], [ 132.174334678324897, 33.794991683498502 ], [ 132.174149878321913, 33.794713751989278 ], [ 132.173976045949303, 33.794769731053961 ], [ 132.174063619809431, 33.79504847593445 ], [ 132.173802289331178, 33.795231499029491 ], [ 132.173804491856032, 33.79561836436644 ], [ 132.172277589341206, 33.797468530233978 ], [ 132.172161080682912, 33.798996838362697 ], [ 132.17231352268098, 33.800795627063309 ], [ 132.171989699548874, 33.803032727003234 ], [ 132.172230658713346, 33.80427331340303 ], [ 132.173068891964192, 33.805354376549602 ], [ 132.176348291212037, 33.80736208178336 ], [ 132.177085034246034, 33.80817249637807 ], [ 132.17895805998657, 33.808791747433048 ], [ 132.17950143065687, 33.809205591723483 ], [ 132.180807387449704, 33.809616519422022 ], [ 132.181869192202697, 33.809791352619378 ], [ 132.183279842150313, 33.809760438779328 ], [ 132.185116315984004, 33.810794357496057 ], [ 132.185699620954125, 33.810911475174997 ], [ 132.186195377082555, 33.810782487276612 ], [ 132.186602442966858, 33.810190861880244 ], [ 132.186356916738163, 33.80885563831545 ], [ 132.186524257458757, 33.808549054436895 ], [ 132.187890405479038, 33.807829342211114 ], [ 132.18930104538245, 33.807929106146148 ], [ 132.189873256299762, 33.80709766555136 ], [ 132.190003945972819, 33.807077775556827 ], [ 132.19001807319998, 33.807376296419605 ], [ 132.190091460760755, 33.807184263546453 ], [ 132.190268595451641, 33.807167886707568 ], [ 132.190967490204429, 33.807409496274168 ], [ 132.191525855454898, 33.807281321627883 ], [ 132.192202106117833, 33.807612950256235 ], [ 132.194352686533932, 33.807919025036696 ], [ 132.194957669094521, 33.808268686733228 ], [ 132.195003140348945, 33.80856170377259 ], [ 132.195481706723569, 33.808778964445615 ], [ 132.195716238524085, 33.809174636112765 ], [ 132.194990689414311, 33.809997964895985 ], [ 132.194693621201395, 33.80990702737521 ], [ 132.195004797632834, 33.810184626367594 ], [ 132.19465062967879, 33.810512957180656 ], [ 132.194637752111788, 33.810751890634478 ], [ 132.195452358358153, 33.811241247695953 ], [ 132.196400735810272, 33.811267215915834 ], [ 132.196981935831559, 33.811477963210599 ], [ 132.197117149084079, 33.811991005541572 ], [ 132.197617414424315, 33.812378571394703 ], [ 132.197922259438116, 33.813013146896246 ], [ 132.19920109255267, 33.812800072939353 ], [ 132.199457125233778, 33.812879317309239 ], [ 132.199681318515644, 33.814357912155224 ], [ 132.200550839137435, 33.814296382418064 ], [ 132.200494220392869, 33.813211777030261 ], [ 132.200739414454262, 33.813201704561926 ], [ 132.200851183894798, 33.814427030827936 ], [ 132.201569450945527, 33.814299749093578 ], [ 132.201738029712772, 33.814474529713856 ], [ 132.201660167518355, 33.814266333551174 ], [ 132.202323362481906, 33.814178649893812 ], [ 132.202507868695676, 33.813715104819053 ], [ 132.203374155756222, 33.813686944562129 ], [ 132.203660471721179, 33.813842808922686 ], [ 132.203587076073831, 33.813963704444454 ], [ 132.20467393106361, 33.814396985773072 ], [ 132.204679548132617, 33.814866813199302 ], [ 132.205386415996742, 33.815770883399267 ], [ 132.205719763227904, 33.817145748715376 ], [ 132.20600715549449, 33.817252863281652 ], [ 132.206730735500543, 33.816911837624147 ], [ 132.207570011975662, 33.816823220700257 ], [ 132.209174844066695, 33.818222008169094 ], [ 132.209599712172746, 33.81678827441516 ] ] ] } },
{ "type": "Feature", "properties": { "CITY_NAME": "柳井市", "S_NAME": "平郡", "JINKO": 0, "medical_area": "35_柳井医療圏", "町丁目名": "柳井市平郡" }, "geometry": { "type": "Polygon", "coordinates": [ [ [ 132.256763022470352, 33.817374203455095 ], [ 132.259622821204232, 33.816803207593246 ], [ 132.259115916080106, 33.816552825208277 ], [ 132.258599151815247, 33.815183728495583 ], [ 132.257838407000662, 33.813946393898668 ], [ 132.25763853716802, 33.813913998754344 ], [ 132.257095432932744, 33.81312280251543 ], [ 132.256979150041872, 33.812476395493306 ], [ 132.257063157277969, 33.811255614014321 ], [ 132.255318183135586, 33.807644003478281 ], [ 132.254939639221448, 33.807156407491931 ], [ 132.254096614669777, 33.8066242009549 ], [ 132.253175122563164, 33.806461716472413 ], [ 132.25149887234673, 33.806506985373311 ], [ 132.251537605019337, 33.807439307781941 ], [ 132.250141101482797, 33.809715070888863 ], [ 132.24938266922311, 33.810642440736409 ], [ 132.249220381327262, 33.813644116739738 ], [ 132.249583141387859, 33.814536474968783 ], [ 132.251587332615429, 33.816003759558676 ], [ 132.252575055417395, 33.816401616944866 ], [ 132.253701667687096, 33.816348558461797 ], [ 132.255696901501381, 33.817433584970026 ], [ 132.256763022470352, 33.817374203455095 ] ] ] } },
{ "type": "Feature", "properties": { "CITY_NAME": "柳井市", "S_NAME": "中央一丁目", "JINKO": 95, "medical_area": "35_柳井医療圏", "町丁目名": "柳井市中央一丁目" }, "geometry": { "type": "Polygon", "coordinates": [ [ [ 132.110821066575483, 33.964320724301693 ], [ 132.108831438116567, 33.964346844601508 ], [ 132.109121325513513, 33.964497300952551 ], [ 132.108143224932235, 33.964764645185788 ], [ 132.108304261109538, 33.965019715855625 ], [ 132.108040814840194, 33.965160044678903 ], [ 132.108218216671617, 33.965367223754079 ], [ 132.108099798934745, 33.965453526370943 ], [ 132.109826371989527, 33.967157299457106 ], [ 132.11184310442232, 33.965780135665376 ], [ 132.112371229220599, 33.964648121162249 ], [ 132.110821066575483, 33.964320724301693 ] ] ] } },
{ "type": "Feature", "properties": { "CITY_NAME": "柳井市", "S_NAME": "中央二丁目", "JINKO": 289, "medical_area": "35_柳井医療圏", "町丁目名": "柳井市中央二丁目" }, "geometry": { "type": "Polygon", "coordinates": [ [ [ 132.108304261109538, 33.965019715855625 ], [ 132.108143224932235, 33.964764645185788 ], [ 132.107272649338029, 33.964999209347482 ], [ 132.103589456992381, 33.966701853132797 ], [ 132.107610483176217, 33.968626035595186 ], [ 132.109826371989527, 33.967157299457106 ], [ 132.108099798934745, 33.965453526370943 ], [ 132.108218216671617, 33.965367223754079 ], [ 132.108040814840194, 33.965160044678903 ], [ 132.108304261109538, 33.965019715855625 ] ] ] } },
{ "type": "Feature", "properties": { "CITY_NAME": "柳井市", "S_NAME": "中央三丁目", "JINKO": 733, "medical_area": "35_柳井医療圏", "町丁目名": "柳井市中央三丁目" }, "geometry": { "type": "Polygon", "coordinates": [ [ [ 132.105074381066032, 33.970276021076614 ], [ 132.105724537112451, 33.969475875330993 ], [ 132.106948057238498, 33.969036376134774 ], [ 132.107610483176217, 33.968626035595186 ], [ 132.103589456992381, 33.966701853132797 ], [ 132.101390192613877, 33.967808286317393 ], [ 132.101737157209783, 33.968208006389396 ], [ 132.10288195763934, 33.968431483650114 ], [ 132.103460243033936, 33.970122761960511 ], [ 132.104296645695541, 33.971798522148092 ], [ 132.105074381066032, 33.970276021076614 ] ] ] } },
{ "type": "Feature", "properties": { "CITY_NAME": "柳井市", "S_NAME": "駅南", "JINKO": 106, "medical_area": "35_柳井医療圏", "町丁目名": "柳井市駅南" }, "geometry": { "type": "Polygon", "coordinates": [ [ [ 132.101390192613877, 33.967808286317393 ], [ 132.107272649338029, 33.964999209347482 ], [ 132.109121325513513, 33.964497300952551 ], [ 132.106106409675363, 33.964795851298298 ], [ 132.10483341288662, 33.965428153972987 ], [ 132.103793408461968, 33.965569174774181 ], [ 132.102425348939278, 33.966117298621022 ], [ 132.102103312276284, 33.965947508983447 ], [ 132.100993732224168, 33.966451966266497 ], [ 132.100741830929394, 33.966843193645367 ], [ 132.101390192613877, 33.967808286317393 ] ] ] } },
{ "type": "Feature", "properties": { "CITY_NAME": "柳井市", "S_NAME": "土手町", "JINKO": 56, "medical_area": "35_柳井医療圏", "町丁目名": "柳井市土手町" }, "geometry": { "type": "Polygon", "coordinates": [ [ [ 132.112644098854616, 33.967165479919082 ], [ 132.112812442654075, 33.965793808837908 ], [ 132.112140299624542, 33.965780268460833 ], [ 132.111890541771174, 33.967676819256688 ], [ 132.112862232872629, 33.967716133830614 ], [ 132.112895297806034, 33.967188131442462 ], [ 132.112644098854616, 33.967165479919082 ] ] ] } },
{ "type": "Feature", "properties": { "CITY_NAME": "柳井市", "S_NAME": "天神", "JINKO": 256, "medical_area": "35_柳井医療圏", "町丁目名": "柳井市天神" }, "geometry": { "type": "Polygon", "coordinates": [ [ [ 132.113820816625378, 33.966940023367201 ], [ 132.115848461090934, 33.966931444422649 ], [ 132.115882467435398, 33.965880776812774 ], [ 132.115613402135892, 33.965302494507824 ], [ 132.11567921785911, 33.964465835962329 ], [ 132.114404043647568, 33.964729307651019 ], [ 132.113286424123913, 33.964732770142355 ], [ 132.112679444736386, 33.964572042600807 ], [ 132.112289573415353, 33.964734163523296 ], [ 132.112069536947729, 33.965297442870273 ], [ 132.112140299624542, 33.965780268460833 ], [ 132.112812442654075, 33.965793808837908 ], [ 132.112644098854616, 33.967165479919082 ], [ 132.112895297806034, 33.967188131442462 ], [ 132.112862232872629, 33.967716133830614 ], [ 132.113929600138988, 33.967752664513782 ], [ 132.113820816625378, 33.966940023367201 ] ] ] } },
{ "type": "Feature", "properties": { "CITY_NAME": "柳井市", "S_NAME": "北浜", "JINKO": 94, "medical_area": "35_柳井医療圏", "町丁目名": "柳井市北浜" }, "geometry": { "type": "Polygon", "coordinates": [ [ [ 132.113852120924548, 33.964755978304396 ], [ 132.115679217859054, 33.964465835962308 ], [ 132.115897711860868, 33.962697038825347 ], [ 132.115630367914889, 33.962205314216689 ], [ 132.116560233166751, 33.961561931693375 ], [ 132.117834899076257, 33.961544412919402 ], [ 132.117914619735416, 33.960561020439251 ], [ 132.11857051104775, 33.959935293253885 ], [ 132.118245715257899, 33.959713496231771 ], [ 132.119519177117752, 33.958460596895719 ], [ 132.11953098161942, 33.958637320170034 ], [ 132.120542889800504, 33.958213941326896 ], [ 132.120536642707805, 33.95775771527385 ], [ 132.120021295973856, 33.956337451827316 ], [ 132.119427969285169, 33.956413889016034 ], [ 132.11957020124774, 33.957577814367099 ], [ 132.119170504693528, 33.958310020170295 ], [ 132.114593912689884, 33.962594918862798 ], [ 132.112799324048638, 33.964065631686694 ], [ 132.112371229220599, 33.964648121162249 ], [ 132.113852120924548, 33.964755978304396 ] ] ] } },
{ "type": "Feature", "properties": { "CITY_NAME": "柳井市", "S_NAME": "東土手", "JINKO": 287, "medical_area": "35_柳井医療圏", "町丁目名": "柳井市東土手" }, "geometry": { "type": "Polygon", "coordinates": [ [ [ 132.119664369360208, 33.965979215715528 ], [ 132.119021492802261, 33.9659127521142 ], [ 132.115888404415642, 33.96619536395071 ], [ 132.115832297704884, 33.967873923571624 ], [ 132.118416169577557, 33.968034730098793 ], [ 132.119146923138487, 33.967919495325816 ], [ 132.119664369360208, 33.965979215715528 ] ] ] } },
{ "type": "Feature", "properties": { "CITY_NAME": "柳井市", "S_NAME": "新市北", "JINKO": 60, "medical_area": "35_柳井医療圏", "町丁目名": "柳井市新市北" }, "geometry": { "type": "Polygon", "coordinates": [ [ [ 132.119021492802261, 33.9659127521142 ], [ 132.119664369360208, 33.965979215715528 ], [ 132.11986427822012, 33.964596976285435 ], [ 132.115882449192725, 33.96591148860999 ], [ 132.115888404415642, 33.96619536395071 ], [ 132.119021492802261, 33.9659127521142 ] ] ] } },
{ "type": "Feature", "properties": { "CITY_NAME": "柳井市", "S_NAME": "新市", "JINKO": 129, "medical_area": "35_柳井医療圏", "町丁目名": "柳井市新市" }, "geometry": { "type": "Polygon", "coordinates": [ [ [ 132.11986427822012, 33.964596976285435 ], [ 132.119926744428625, 33.963931905872187 ], [ 132.119696114848836, 33.963940270426605 ], [ 132.115621549771703, 33.965336449397853 ], [ 132.115882449192725, 33.96591148860999 ], [ 132.11986427822012, 33.964596976285435 ] ] ] } },
{ "type": "Feature", "properties": { "CITY_NAME": "柳井市", "S_NAME": "新市南", "JINKO": 64, "medical_area": "35_柳井医療圏", "町丁目名": "柳井市新市南" }, "geometry": { "type": "Polygon", "coordinates": [ [ [ 132.119676297199561, 33.962988335560553 ], [ 132.11567921785911, 33.964465835962329 ], [ 132.115621549771703, 33.965336449397853 ], [ 132.119926744428625, 33.963931905872187 ], [ 132.119676297199561, 33.962988335560553 ] ] ] } },
{ "type": "Feature", "properties": { "CITY_NAME": "柳井市", "S_NAME": "新市沖", "JINKO": 71, "medical_area": "35_柳井医療圏", "町丁目名": "柳井市新市沖" }, "geometry": { "type": "Polygon", "coordinates": [ [ [ 132.119653804957977, 33.962941977384361 ], [ 132.118357089672912, 33.962323630555382 ], [ 132.118338914065475, 33.961936822369637 ], [ 132.118266439361122, 33.961897121758277 ], [ 132.118332205331768, 33.962317308664694 ], [ 132.115746036647778, 33.962260933354912 ], [ 132.115895331378198, 33.962825380539087 ], [ 132.115679217859054, 33.964465835962308 ], [ 132.119653804957977, 33.962941977384361 ] ] ] } },
{ "type": "Feature", "properties": { "CITY_NAME": "柳井市", "S_NAME": "新天地", "JINKO": 60, "medical_area": "35_柳井医療圏", "町丁目名": "柳井市新天地" }, "geometry": { "type": "Polygon", "coordinates": [ [ [ 132.115832297704884, 33.967873923571624 ], [ 132.115848461090934, 33.966931444422649 ], [ 132.113820816625378, 33.966940023367201 ], [ 132.113929600138988, 33.967752664513782 ], [ 132.115832297704884, 33.967873923571624 ] ] ] } },
{ "type": "Feature", "properties": { "CITY_NAME": "柳井市", "S_NAME": "神代", "JINKO": 1313, "medical_area": "35_柳井医療圏", "町丁目名": "柳井市神代" }, "geometry": { "type": "Polygon", "coordinates": [ [ [ 132.193315505999919, 33.999662066729421 ], [ 132.193833531103138, 33.999158470506607 ], [ 132.193945960274533, 33.998319126164894 ], [ 132.19455746810317, 33.997852554676228 ], [ 132.194834164100143, 33.997343094066196 ], [ 132.194734093516473, 33.99645026808733 ], [ 132.193803221259003, 33.994646044317577 ], [ 132.193995670586816, 33.992286498572305 ], [ 132.194187255821248, 33.991603495653905 ], [ 132.194474466177951, 33.991150507860716 ], [ 132.194784245601141, 33.990968856391234 ], [ 132.194802526028724, 33.990572149985745 ], [ 132.195048126237396, 33.990212354945577 ], [ 132.195758286399098, 33.990211700883705 ], [ 132.19612822022782, 33.989858999819951 ], [ 132.196103954707723, 33.989472728771084 ], [ 132.195535377133837, 33.989093495135876 ], [ 132.195540688464206, 33.988923881045267 ], [ 132.19655963025383, 33.988954758745358 ], [ 132.196741897188673, 33.988722691182062 ], [ 132.19596127292229, 33.987662527376223 ], [ 132.1958351015152, 33.987222889836055 ], [ 132.195341650627967, 33.986959577345665 ], [ 132.195346732414436, 33.986283122106144 ], [ 132.195067047988005, 33.98567087640216 ], [ 132.194965320038051, 33.984925399780685 ], [ 132.19383011709337, 33.984015362151347 ], [ 132.193558222310543, 33.983599561165398 ], [ 132.194384343012274, 33.982619997155091 ], [ 132.19561825667563, 33.982159874661697 ], [ 132.196577487208344, 33.981295638381468 ], [ 132.197448223770209, 33.981221448714159 ], [ 132.198682766479692, 33.980658042409488 ], [ 132.196579809683669, 33.977164010143987 ], [ 132.195875830885257, 33.975559305643436 ], [ 132.19293888620021, 33.972629738505027 ], [ 132.192863990999058, 33.971845342729353 ], [ 132.193187492811489, 33.971596336985847 ], [ 132.192772844582493, 33.970993328565989 ], [ 132.193113913756008, 33.971628896223706 ], [ 132.192499331012414, 33.971971652073456 ], [ 132.19209444519214, 33.971448799639937 ], [ 132.192483974810585, 33.971248524134545 ], [ 132.192253447137773, 33.971164752907995 ], [ 132.191991398847335, 33.970581430582698 ], [ 132.19222078063919, 33.970441628509384 ], [ 132.192236965523648, 33.970270316275787 ], [ 132.192177491040297, 33.970431636175562 ], [ 132.191574796187609, 33.970705916851593 ], [ 132.191397218172256, 33.970311917624286 ], [ 132.191727248997296, 33.970199143712364 ], [ 132.191425323925415, 33.970213718464983 ], [ 132.191261872657805, 33.970033428165969 ], [ 132.190647901966685, 33.968631518403463 ], [ 132.190671592186959, 33.968194221577761 ], [ 132.190973482149474, 33.968108503844775 ], [ 132.190607737069797, 33.968177892631239 ], [ 132.19030788652006, 33.967817300707409 ], [ 132.1896950370475, 33.966436233888238 ], [ 132.189491417438177, 33.965731167655761 ], [ 132.189620150965453, 33.965602237530575 ], [ 132.189455702687241, 33.965711310513562 ], [ 132.189167826740686, 33.965595985405145 ], [ 132.187274719028267, 33.963469324019279 ], [ 132.186634014373311, 33.962987060525322 ], [ 132.185014916495106, 33.962258831933696 ], [ 132.184680651496251, 33.961970361783692 ], [ 132.184588299596157, 33.961621555742376 ], [ 132.183646189926691, 33.961957842586763 ], [ 132.182590088431283, 33.961914746564275 ], [ 132.182715728066995, 33.962586449065519 ], [ 132.182622642278091, 33.962422335489606 ], [ 132.182421417281518, 33.962635234523461 ], [ 132.180381766705523, 33.963043074526745 ], [ 132.18040018414581, 33.963189025182636 ], [ 132.180098299966886, 33.963282044114067 ], [ 132.179899156509634, 33.963026791431119 ], [ 132.180268129833337, 33.962922211961327 ], [ 132.180393630790121, 33.962781597483584 ], [ 132.178935067426806, 33.963325431053718 ], [ 132.177733932561353, 33.963140724297752 ], [ 132.177475306640417, 33.963087498534584 ], [ 132.177745745315747, 33.962431102549225 ], [ 132.177541278763726, 33.962798119940373 ], [ 132.176827085744065, 33.962597152491419 ], [ 132.176891984904472, 33.962375258166759 ], [ 132.177101853198735, 33.961919061956436 ], [ 132.178066000109624, 33.962127188898371 ], [ 132.176681995391476, 33.961751312274075 ], [ 132.176279431060124, 33.961433096667427 ], [ 132.17663438448534, 33.961770335189705 ], [ 132.176421272375165, 33.962267105030186 ], [ 132.176163732299756, 33.962200490706024 ], [ 132.176160465348403, 33.962002129414827 ], [ 132.176029571895668, 33.96235195003743 ], [ 132.175486359675375, 33.962201394165042 ], [ 132.175665935175118, 33.961742386365508 ], [ 132.176038171615829, 33.9617865905199 ], [ 132.174242983313349, 33.961288152664793 ], [ 132.174386864779507, 33.960922974421052 ], [ 132.175728648437996, 33.961289866795539 ], [ 132.176240453813506, 33.961204165418863 ], [ 132.175752448987197, 33.961250135323915 ], [ 132.17436088986733, 33.960862537731181 ], [ 132.174153179035272, 33.961361137482207 ], [ 132.173539645900917, 33.961284540377477 ], [ 132.173439386175602, 33.962165249785926 ], [ 132.17347686622972, 33.962854156017265 ], [ 132.173762083894133, 33.963661426955355 ], [ 132.174119427153386, 33.964135182838412 ], [ 132.173753073753829, 33.964670232408942 ], [ 132.174082114978575, 33.965666525796692 ], [ 132.173848186809806, 33.966343796739544 ], [ 132.173817315969018, 33.967036579711532 ], [ 132.173085979893273, 33.967465070155001 ], [ 132.172476778895259, 33.968269828642249 ], [ 132.172143984879568, 33.969329836738751 ], [ 132.172595071244842, 33.969723866894775 ], [ 132.172840903287607, 33.970796944201297 ], [ 132.172495607350356, 33.970910939182723 ], [ 132.172184547137931, 33.971434604217549 ], [ 132.171632379250525, 33.971604239934479 ], [ 132.171688389700051, 33.971923052401976 ], [ 132.17126688839403, 33.972398676225289 ], [ 132.171161146324408, 33.97308293710438 ], [ 132.170724065418455, 33.973193114452343 ], [ 132.170633860342235, 33.97368295732619 ], [ 132.169899682729493, 33.974027701303122 ], [ 132.169739487469457, 33.974542338250522 ], [ 132.16921685240095, 33.974744363127748 ], [ 132.168916546994978, 33.975248010124474 ], [ 132.168982607251962, 33.975550058005119 ], [ 132.168523157044547, 33.976011158157711 ], [ 132.168596555958544, 33.976280239608094 ], [ 132.168401327895651, 33.976521144153175 ], [ 132.168430689782468, 33.976917441346529 ], [ 132.168068123091899, 33.977172993418243 ], [ 132.168100420575257, 33.977510542914736 ], [ 132.167704064353785, 33.977801597075235 ], [ 132.167740765118452, 33.978118296298973 ], [ 132.16756461681527, 33.978438787678215 ], [ 132.167682053401052, 33.978631926150676 ], [ 132.166957169722622, 33.979560549645917 ], [ 132.167576350326613, 33.979027918899106 ], [ 132.168194854833644, 33.980045734265587 ], [ 132.168623979586982, 33.980367068679179 ], [ 132.170362087926861, 33.981246248748931 ], [ 132.171110632109333, 33.98141260668929 ], [ 132.173278807898271, 33.981269253061207 ], [ 132.176232720321053, 33.980626850417721 ], [ 132.177278073967415, 33.981864637899193 ], [ 132.176243549340171, 33.983303758991376 ], [ 132.176621477395258, 33.983742258085186 ], [ 132.176274250207115, 33.984241121438799 ], [ 132.176465002396043, 33.984766981612857 ], [ 132.175991583078229, 33.985216126956864 ], [ 132.175156459988017, 33.985287339994272 ], [ 132.174206300659648, 33.98592556402307 ], [ 132.173949879360947, 33.986522738795287 ], [ 132.173844738265956, 33.987448418540815 ], [ 132.172986678073585, 33.989412231772398 ], [ 132.175955850536894, 33.989863794740359 ], [ 132.176218979089668, 33.990740280192206 ], [ 132.176889827488395, 33.991501637025614 ], [ 132.178149731832548, 33.992564682762307 ], [ 132.181624892229962, 33.994877282744177 ], [ 132.182170802605185, 33.995472682130917 ], [ 132.183517890589599, 33.995608300168357 ], [ 132.184377161023292, 33.996479754019454 ], [ 132.186008778537655, 33.996902255254639 ], [ 132.187346552105851, 33.996646764716004 ], [ 132.187922510415859, 33.997199586823569 ], [ 132.189649251578203, 33.997978004526026 ], [ 132.190093862238257, 33.998627057353154 ], [ 132.190076814421303, 33.999163503299975 ], [ 132.191569161006328, 33.999436911776435 ], [ 132.192032878892405, 33.999232970958964 ], [ 132.192522433359329, 33.999239907229828 ], [ 132.193315505999919, 33.999662066729421 ] ] ] } },
{ "type": "Feature", "properties": { "CITY_NAME": "柳井市", "S_NAME": "大畠", "JINKO": 641, "medical_area": "35_柳井医療圏", "町丁目名": "柳井市大畠" }, "geometry": { "type": "Polygon", "coordinates": [ [ [ 132.166451735700122, 33.980132767781434 ], [ 132.167682053401052, 33.978631926150676 ], [ 132.16756461681527, 33.978438787678215 ], [ 132.167740765118452, 33.978118296298973 ], [ 132.167704064353785, 33.977801597075235 ], [ 132.168100420575257, 33.977510542914736 ], [ 132.168068123091899, 33.977172993418243 ], [ 132.168430689782468, 33.976917441346529 ], [ 132.168401327895651, 33.976521144153175 ], [ 132.168596555958544, 33.976280239608094 ], [ 132.168523157044547, 33.976011158157711 ], [ 132.168982607251962, 33.975550058005119 ], [ 132.168916546994978, 33.975248010124474 ], [ 132.16921685240095, 33.974744363127748 ], [ 132.169739487469457, 33.974542338250522 ], [ 132.169899682729493, 33.974027701303122 ], [ 132.170633860342235, 33.97368295732619 ], [ 132.170724065418455, 33.973193114452343 ], [ 132.171161146324408, 33.97308293710438 ], [ 132.17126688839403, 33.972398676225289 ], [ 132.171688389700051, 33.971923052401976 ], [ 132.171632379250525, 33.971604239934479 ], [ 132.172184547137931, 33.971434604217549 ], [ 132.172495607350356, 33.970910939182723 ], [ 132.172840903287607, 33.970796944201297 ], [ 132.172595071244842, 33.969723866894775 ], [ 132.172143984879568, 33.969329836738751 ], [ 132.172424012409493, 33.968346305292187 ], [ 132.172796326892779, 33.96783434248907 ], [ 132.173149140509224, 33.967417024970032 ], [ 132.173782481768939, 33.967115491646823 ], [ 132.174082114978575, 33.965666525796692 ], [ 132.173753073753829, 33.964670232408942 ], [ 132.174119427153386, 33.964135182838412 ], [ 132.173762083894133, 33.963661426955355 ], [ 132.17347686622972, 33.962854156017237 ], [ 132.173296174952526, 33.961179035015462 ], [ 132.173234523777268, 33.961513634546947 ], [ 132.173055984484279, 33.961521676897028 ], [ 132.1730018935788, 33.961691302755156 ], [ 132.171822444650758, 33.961567806669791 ], [ 132.171893849663235, 33.961368455774874 ], [ 132.173010509711531, 33.961112415437263 ], [ 132.171607103625291, 33.961315353416765 ], [ 132.168424778463077, 33.96039758317599 ], [ 132.16798438684404, 33.960244307881055 ], [ 132.168043896185054, 33.960088210068662 ], [ 132.167821001401933, 33.960404773185964 ], [ 132.167136069508473, 33.959990019491194 ], [ 132.167378443340567, 33.959813212546479 ], [ 132.16788699996755, 33.959992692789889 ], [ 132.167763647035684, 33.959916053854123 ], [ 132.167429298561046, 33.959780808942661 ], [ 132.166591809571969, 33.959853786904624 ], [ 132.165729433412906, 33.959446351376251 ], [ 132.165677499790576, 33.959306596140983 ], [ 132.16616982347341, 33.958691650097236 ], [ 132.16723885635551, 33.959148813615755 ], [ 132.167304861093271, 33.959275888392177 ], [ 132.16720531615249, 33.959464389324694 ], [ 132.167249679057477, 33.959481436472117 ], [ 132.167338405586548, 33.959283074351426 ], [ 132.167311353989504, 33.959158674559163 ], [ 132.166302909309849, 33.958690665097194 ], [ 132.166046471447146, 33.958687987564119 ], [ 132.165651529677149, 33.959242495222121 ], [ 132.164088026556954, 33.9585373568001 ], [ 132.164414809872085, 33.957964820458393 ], [ 132.163986316417294, 33.958600469481588 ], [ 132.160808522635136, 33.957361586323117 ], [ 132.159534856419782, 33.957183811662901 ], [ 132.159069927043561, 33.957914234712781 ], [ 132.159205592707366, 33.958269696871135 ], [ 132.159026905341875, 33.958814554496627 ], [ 132.15917232732906, 33.958944339606042 ], [ 132.159262159202513, 33.959612865684136 ], [ 132.159198262814613, 33.960295402798131 ], [ 132.159071651220046, 33.960431541204002 ], [ 132.158611815230614, 33.960125854418727 ], [ 132.157869546463672, 33.960095145295242 ], [ 132.158242472312395, 33.960358850328326 ], [ 132.158223562533323, 33.96049514524767 ], [ 132.157758014735975, 33.960893086491424 ], [ 132.157374435432814, 33.961637198606986 ], [ 132.157440800696179, 33.962133403273278 ], [ 132.157878476298663, 33.962691066731409 ], [ 132.156984856498042, 33.963566616179293 ], [ 132.157337832351743, 33.965052737991272 ], [ 132.156268139603355, 33.965188448006366 ], [ 132.156180078089591, 33.966121171730173 ], [ 132.155460149251638, 33.96616923202555 ], [ 132.153800039412232, 33.967214944614533 ], [ 132.153550854433263, 33.968108903348842 ], [ 132.15423419650017, 33.969944615648132 ], [ 132.153794256391109, 33.970169548006631 ], [ 132.152625350967639, 33.971561557807398 ], [ 132.154931420210744, 33.971920223283433 ], [ 132.155737043889161, 33.972939280235728 ], [ 132.157445198425762, 33.973540151059062 ], [ 132.158435894846036, 33.973299897537714 ], [ 132.15972673895169, 33.974205989547336 ], [ 132.162057308999465, 33.97451706288291 ], [ 132.162611148542823, 33.975764861671998 ], [ 132.162648433664543, 33.976494898971829 ], [ 132.163391940189655, 33.977231314187115 ], [ 132.163533757858488, 33.977717636894099 ], [ 132.164565438375405, 33.978695371833993 ], [ 132.164770310400229, 33.979819695240039 ], [ 132.165858848232773, 33.979766621257525 ], [ 132.166451735700122, 33.980132767781434 ] ] ] } },
{ "type": "Feature", "properties": { "CITY_NAME": "柳井市", "S_NAME": "遠崎", "JINKO": 644, "medical_area": "35_柳井医療圏", "町丁目名": "柳井市遠崎" }, "geometry": { "type": "Polygon", "coordinates": [ [ [ 132.152231153069465, 33.968927227172387 ], [ 132.153927364001078, 33.969012381697645 ], [ 132.153550854433263, 33.968108903348842 ], [ 132.153800039412232, 33.967214944614533 ], [ 132.155460149251638, 33.96616923202555 ], [ 132.156180078089591, 33.966121171730173 ], [ 132.156268139603355, 33.965188448006366 ], [ 132.157337832351743, 33.965052737991272 ], [ 132.156984856498042, 33.963566616179293 ], [ 132.157878476298663, 33.962691066731409 ], [ 132.157440800696179, 33.962133403273278 ], [ 132.157374435432814, 33.961637198606986 ], [ 132.157758014735975, 33.960893086491424 ], [ 132.158223562533323, 33.96049514524767 ], [ 132.158242472312395, 33.960358850328326 ], [ 132.157869546463672, 33.960095145295242 ], [ 132.158611815230614, 33.960125854418727 ], [ 132.159071651220046, 33.960431541204002 ], [ 132.159198262814613, 33.960295402798131 ], [ 132.159262159202513, 33.959612865684136 ], [ 132.15917232732906, 33.958944339606042 ], [ 132.159026905341875, 33.958814554496627 ], [ 132.159205592707366, 33.958269696871135 ], [ 132.159069927043561, 33.957914234712781 ], [ 132.159534856419782, 33.957183811662901 ], [ 132.152199287898753, 33.956192251168204 ], [ 132.149245411304463, 33.956558010418703 ], [ 132.149223816939354, 33.956335275366555 ], [ 132.149228118803535, 33.956477707193578 ], [ 132.14742333320828, 33.956644236574775 ], [ 132.146157419331075, 33.956634164543317 ], [ 132.145522341020836, 33.956467252388514 ], [ 132.143558522114972, 33.956577764574618 ], [ 132.143441890356939, 33.955759960332777 ], [ 132.142603341313247, 33.955846353237675 ], [ 132.143388863400645, 33.955797818841027 ], [ 132.143464493950887, 33.956193650816807 ], [ 132.142849914948727, 33.956260251639577 ], [ 132.142764484197897, 33.956099744079836 ], [ 132.142725458998228, 33.956363914881045 ], [ 132.143416852059943, 33.956324378523462 ], [ 132.143483847261734, 33.956647176141935 ], [ 132.142819486049973, 33.956740816212623 ], [ 132.142800074345189, 33.956511797784344 ], [ 132.142700461466887, 33.956765136849675 ], [ 132.142673457921546, 33.956601034071895 ], [ 132.142366208896874, 33.956484662216788 ], [ 132.142281505579376, 33.955891425939591 ], [ 132.14038307157756, 33.956079386499511 ], [ 132.140572960516891, 33.957233848539488 ], [ 132.140351675354339, 33.957667378625509 ], [ 132.14064854852495, 33.958612012062495 ], [ 132.140459791170571, 33.959354132350704 ], [ 132.140161297348641, 33.95953953758216 ], [ 132.140179529860006, 33.959828195636945 ], [ 132.1399412582862, 33.960100098489683 ], [ 132.140048777372698, 33.960494219528137 ], [ 132.139820634951604, 33.960833802370139 ], [ 132.139396454389811, 33.961005064324972 ], [ 132.139047560241323, 33.961602570895778 ], [ 132.139095546637975, 33.961945386227796 ], [ 132.138835114599317, 33.96253503652656 ], [ 132.139136287638394, 33.963453067217088 ], [ 132.139991051413062, 33.963508598972872 ], [ 132.140035487454924, 33.963844886191943 ], [ 132.141005457624232, 33.964623452472267 ], [ 132.143527458806091, 33.965690977795667 ], [ 132.14387665755649, 33.966402060603286 ], [ 132.146305520017251, 33.967299047409995 ], [ 132.146880334478993, 33.96769937846878 ], [ 132.148460235883135, 33.968013935061329 ], [ 132.150218236785179, 33.968848061558852 ], [ 132.151138356834338, 33.96908359890385 ], [ 132.152231153069465, 33.968927227172387 ] ], [ [ 132.140464202882839, 33.956133529079182 ], [ 132.141276787844816, 33.956049850673985 ], [ 132.141408583001351, 33.956742332693814 ], [ 132.140502952539833, 33.956789927577987 ], [ 132.140464202882839, 33.956133529079182 ] ], [ [ 132.141475697814258, 33.95664046223866 ], [ 132.141377413946486, 33.95603995402449 ], [ 132.142215956589467, 33.955986930047331 ], [ 132.142298010951919, 33.956607270410409 ], [ 132.141475697814258, 33.95664046223866 ] ] ] } },
{ "type": "Feature", "properties": { "CITY_NAME": "周防大島町", "S_NAME": "大字東三蒲", "JINKO": 517, "medical_area": "35_柳井医療圏", "町丁目名": "周防大島町大字東三蒲" }, "geometry": { "type": "Polygon", "coordinates": [ [ [ 132.215203351077008, 33.965688335936051 ], [ 132.215904461596324, 33.965541119861427 ], [ 132.215997269344058, 33.965099286743005 ], [ 132.216574034824816, 33.965133286978663 ], [ 132.216062676915442, 33.964567584461413 ], [ 132.216200500856417, 33.96416870050956 ], [ 132.215843343557424, 33.963658440226148 ], [ 132.215132325019994, 33.963254964798338 ], [ 132.215203858118912, 33.962487568895391 ], [ 132.214370850672253, 33.96187732611417 ], [ 132.213896179021532, 33.961293705728046 ], [ 132.214697829773229, 33.960980220219547 ], [ 132.215416920256843, 33.960113526856013 ], [ 132.216144990227406, 33.959557606483685 ], [ 132.217050176819185, 33.958053207127854 ], [ 132.217580866612366, 33.956538108636288 ], [ 132.21786199410613, 33.955189490705806 ], [ 132.217811796539053, 33.954729398295584 ], [ 132.218319668392212, 33.954388819979094 ], [ 132.218470733412403, 33.95407684841291 ], [ 132.218068059742848, 33.953562947928624 ], [ 132.218157184664221, 33.952834841792608 ], [ 132.219755985928941, 33.952311633924083 ], [ 132.220630461255894, 33.951267468510402 ], [ 132.222271889264533, 33.950782809998174 ], [ 132.22296461885432, 33.949810560290565 ], [ 132.22304980024569, 33.949008346522412 ], [ 132.225599363859345, 33.946967906108398 ], [ 132.227428349711232, 33.946413638271068 ], [ 132.227516955855123, 33.94590177471764 ], [ 132.228079616762443, 33.94526203763462 ], [ 132.228935391836728, 33.944839387829525 ], [ 132.230150935997443, 33.943841326096852 ], [ 132.230278113018727, 33.942710826728323 ], [ 132.230557599944717, 33.942133771094568 ], [ 132.231016307234427, 33.941814292819359 ], [ 132.230916853111097, 33.940869451512732 ], [ 132.231158474745683, 33.940446961096868 ], [ 132.230820598907485, 33.939853040604035 ], [ 132.230835468921669, 33.939438840481408 ], [ 132.231233356837294, 33.939066983740055 ], [ 132.232509990408715, 33.938607727972148 ], [ 132.233443292343281, 33.937970994472771 ], [ 132.233664552090289, 33.936798591229838 ], [ 132.231802254996865, 33.93680538435062 ], [ 132.230554245940397, 33.936486388912122 ], [ 132.226208849111856, 33.935882675033774 ], [ 132.224655743354077, 33.935184936373609 ], [ 132.224177301222227, 33.935281106246379 ], [ 132.222000459038668, 33.934753809914241 ], [ 132.221548402624165, 33.935050145378888 ], [ 132.221387308569462, 33.935699823969614 ], [ 132.220805936583446, 33.936316578326071 ], [ 132.21976122481135, 33.936267438121661 ], [ 132.219390086761166, 33.936770683612274 ], [ 132.218920759232816, 33.936994600316837 ], [ 132.218652815375805, 33.937497798908488 ], [ 132.218250527031273, 33.937691395518833 ], [ 132.217172791379056, 33.93758730433219 ], [ 132.216576365471212, 33.938357038413528 ], [ 132.216263549204882, 33.939125108070996 ], [ 132.215833575978223, 33.939286024496703 ], [ 132.215003043390794, 33.939175055151765 ], [ 132.214634293257546, 33.939417796386188 ], [ 132.214319492714765, 33.940004971753766 ], [ 132.213509431888099, 33.940040923870235 ], [ 132.212447635769024, 33.940784473512004 ], [ 132.211787695737627, 33.940784716644259 ], [ 132.211143693305218, 33.941396800177102 ], [ 132.211063514801168, 33.94184934187053 ], [ 132.211373541292232, 33.942603370799176 ], [ 132.210548670991159, 33.94537016212518 ], [ 132.210621304321677, 33.945832646605496 ], [ 132.208901778369778, 33.949433441056954 ], [ 132.207887808127936, 33.951128854496289 ], [ 132.20812783164854, 33.950806018008123 ], [ 132.208225300070779, 33.950995328586004 ], [ 132.20801990788425, 33.951338863120455 ], [ 132.207795936684249, 33.951312734509791 ], [ 132.208749262275745, 33.951604599387558 ], [ 132.208689830885845, 33.951750712456253 ], [ 132.208803449334994, 33.951781245378548 ], [ 132.208810940580264, 33.951624442516895 ], [ 132.210033667575459, 33.951902540530654 ], [ 132.210020748828953, 33.952020743003168 ], [ 132.210091008540076, 33.951898012047216 ], [ 132.210363773867243, 33.952132339620846 ], [ 132.210682602971332, 33.951502913161022 ], [ 132.210779770973375, 33.951122361341191 ], [ 132.21065204845857, 33.951010688755417 ], [ 132.210891174784138, 33.951058360983914 ], [ 132.211025236607895, 33.950882493976778 ], [ 132.210869640758347, 33.951252219916782 ], [ 132.211603540324575, 33.951928177779756 ], [ 132.21193564494348, 33.951845077048127 ], [ 132.211614380128538, 33.951966070578102 ], [ 132.21175626766933, 33.952248201487762 ], [ 132.212040843941935, 33.952309379320553 ], [ 132.212247765429879, 33.952807878143787 ], [ 132.21246305740371, 33.952787087949559 ], [ 132.212115798882081, 33.952851318251909 ], [ 132.212139899793925, 33.953402149965044 ], [ 132.211747145726179, 33.953375246097835 ], [ 132.211179968836859, 33.95291829747422 ], [ 132.211694140785283, 33.953388790029642 ], [ 132.211954911791025, 33.953442791796434 ], [ 132.212265682358804, 33.953904339471613 ], [ 132.212290846869507, 33.954417273701644 ], [ 132.213078830915862, 33.956942527708733 ], [ 132.212761836940416, 33.956981389079424 ], [ 132.212873666319496, 33.957680110092745 ], [ 132.212452760696067, 33.95765237419063 ], [ 132.212417984131292, 33.957378234828624 ], [ 132.212414889875703, 33.95764957071782 ], [ 132.212214716326912, 33.957636120713119 ], [ 132.211845246966334, 33.958680456974662 ], [ 132.211726275101597, 33.958767000219304 ], [ 132.211500028909086, 33.958559708268616 ], [ 132.21142432040017, 33.958616510370696 ], [ 132.211700319956662, 33.958785888158431 ], [ 132.211374767310957, 33.959024938920798 ], [ 132.211575131499103, 33.959384671724365 ], [ 132.211152455456045, 33.960099789389446 ], [ 132.211486280388868, 33.961142881136055 ], [ 132.211277680328209, 33.961571230843312 ], [ 132.212108886868634, 33.961983842732543 ], [ 132.212626662683221, 33.963089127698339 ], [ 132.212628254987322, 33.964076406526701 ], [ 132.214012424315598, 33.964489640933543 ], [ 132.21437093691975, 33.965135995019367 ], [ 132.215203351077008, 33.965688335936051 ] ] ] } },
{ "type": "Feature", "properties": { "CITY_NAME": "周防大島町", "S_NAME": "大字西三蒲", "JINKO": 408, "medical_area": "35_柳井医療圏", "町丁目名": "周防大島町大字西三蒲" }, "geometry": { "type": "Polygon", "coordinates": [ [ [ 132.189633596150941, 33.955112494294248 ], [ 132.191427571016902, 33.955304168488006 ], [ 132.193657396483474, 33.954879083457712 ], [ 132.193842197117561, 33.954201827332241 ], [ 132.194601504843916, 33.953502888040745 ], [ 132.198805293248512, 33.951717607929893 ], [ 132.199546218814532, 33.951223343428708 ], [ 132.199549290026795, 33.950786047108046 ], [ 132.199889990357661, 33.950528002309149 ], [ 132.199854201247774, 33.950314295541574 ], [ 132.201583973785972, 33.949835953121372 ], [ 132.202605093971442, 33.949374981012276 ], [ 132.201957111920365, 33.949557325466564 ], [ 132.201956903655201, 33.949071285841242 ], [ 132.202209091082096, 33.94931197991631 ], [ 132.202932758861095, 33.949033109368997 ], [ 132.204380298844086, 33.948959702948493 ], [ 132.20440104934076, 33.949378957964633 ], [ 132.204784089449134, 33.949482529516104 ], [ 132.204424845058469, 33.949365426192784 ], [ 132.204445216238213, 33.948967854924305 ], [ 132.2057619644753, 33.949137772903029 ], [ 132.205636602726941, 33.949429013111384 ], [ 132.2053466737257, 33.949473339556882 ], [ 132.204693331402495, 33.949744877826149 ], [ 132.205653925287805, 33.949455210940236 ], [ 132.205888603256682, 33.949256777230403 ], [ 132.207011796832205, 33.949630596893918 ], [ 132.207625477623623, 33.950115447637117 ], [ 132.207941643908413, 33.950610396707155 ], [ 132.207645505672019, 33.95122628325106 ], [ 132.20870158804604, 33.949357715268015 ], [ 132.208817654591797, 33.949401630647813 ], [ 132.210621304321677, 33.945832646605496 ], [ 132.210548670991159, 33.94537016212518 ], [ 132.211373541292232, 33.942603370799176 ], [ 132.2110714511129, 33.941655063377823 ], [ 132.211308431890643, 33.941158931920285 ], [ 132.211669092608986, 33.940846606552249 ], [ 132.212447635769024, 33.940784473512004 ], [ 132.213509431888099, 33.940040923870235 ], [ 132.214319492714765, 33.940004971753766 ], [ 132.214634293257546, 33.939417796386188 ], [ 132.215003043390794, 33.939175055151765 ], [ 132.215833575978223, 33.939286024496703 ], [ 132.216263549204882, 33.939125108070996 ], [ 132.216576365471212, 33.938357038413528 ], [ 132.217172791379056, 33.93758730433219 ], [ 132.218250527031273, 33.937691395518833 ], [ 132.218652815375805, 33.937497798908488 ], [ 132.218920759232816, 33.936994600316837 ], [ 132.219390086761166, 33.936770683612274 ], [ 132.21976122481135, 33.936267438121661 ], [ 132.220805936583446, 33.936316578326071 ], [ 132.221387308569462, 33.935699823969614 ], [ 132.221548402624165, 33.935050145378888 ], [ 132.222000459038668, 33.934753809914241 ], [ 132.224177301222227, 33.935281106246379 ], [ 132.224655743354077, 33.935184936373609 ], [ 132.226208849111856, 33.935882675033774 ], [ 132.230554245940397, 33.936486388912122 ], [ 132.231802254996865, 33.93680538435062 ], [ 132.233664552090289, 33.936798591229838 ], [ 132.233709091463595, 33.936344221868445 ], [ 132.234730834956196, 33.935526252107898 ], [ 132.235276329965188, 33.934599927467104 ], [ 132.237937522103039, 33.934030800326525 ], [ 132.239172803004578, 33.933470634263848 ], [ 132.240884394175168, 33.930470791618198 ], [ 132.240616933818416, 33.929751888953078 ], [ 132.240777149581277, 33.929289557305609 ], [ 132.239755931278921, 33.928681133780998 ], [ 132.239151768375251, 33.928031602014308 ], [ 132.238094177314593, 33.927272023522185 ], [ 132.236785614009591, 33.926855908807248 ], [ 132.235515159072975, 33.925509096106701 ], [ 132.235206427477578, 33.924941234827138 ], [ 132.233512033131404, 33.924740018255591 ], [ 132.232813094642637, 33.924450469464951 ], [ 132.230693606703113, 33.924244659189334 ], [ 132.229219642490477, 33.923729244570112 ], [ 132.227090236161416, 33.923495623686783 ], [ 132.225754137356375, 33.923575039850952 ], [ 132.224122171260717, 33.924387304646523 ], [ 132.221675899251721, 33.925727375124794 ], [ 132.221292628211302, 33.927024918819519 ], [ 132.21877059074771, 33.929212502927541 ], [ 132.216959669483714, 33.93011039754915 ], [ 132.216338382723933, 33.930269143482477 ], [ 132.215981556878347, 33.930158555533389 ], [ 132.215358635613313, 33.929598944242393 ], [ 132.215085829340268, 33.929628215396065 ], [ 132.215026961573955, 33.930628353198919 ], [ 132.213845241669645, 33.931526789344581 ], [ 132.211831054774194, 33.932460458219907 ], [ 132.210715682291863, 33.933245143328243 ], [ 132.209771886512868, 33.934400128846001 ], [ 132.208708950051061, 33.935216892329656 ], [ 132.208513265785967, 33.935613394702322 ], [ 132.208734075972359, 33.936438454026991 ], [ 132.207768737064526, 33.93666615881817 ], [ 132.205600715419621, 33.938206414695358 ], [ 132.204404662722368, 33.938807361387781 ], [ 132.203663146620329, 33.938959031477147 ], [ 132.201700595432357, 33.938671072487971 ], [ 132.200632321589836, 33.938708701455113 ], [ 132.200864899166532, 33.939473061110341 ], [ 132.200703662915913, 33.940479139892034 ], [ 132.200798251314637, 33.941223391012187 ], [ 132.198760148837408, 33.942260956515575 ], [ 132.198333559293985, 33.942750908864205 ], [ 132.197480641432577, 33.944430424620705 ], [ 132.196959505329232, 33.944742607107962 ], [ 132.195784190898394, 33.945086926434072 ], [ 132.195228468814122, 33.946559409213869 ], [ 132.193535667358191, 33.947848433817704 ], [ 132.192216972836746, 33.948557206773486 ], [ 132.190069758879588, 33.951519936889177 ], [ 132.188933070362339, 33.952811740731384 ], [ 132.187610761785834, 33.953505809609453 ], [ 132.187547631776965, 33.952916936536035 ], [ 132.187155664148179, 33.952456322042792 ], [ 132.186868997691505, 33.95333687291204 ], [ 132.18619601528323, 33.954499121264199 ], [ 132.186618047839175, 33.954777578211605 ], [ 132.18721423066313, 33.954844258758193 ], [ 132.1876308495724, 33.955085801945991 ], [ 132.187586524347211, 33.955231904477735 ], [ 132.187998783861019, 33.955335523080485 ], [ 132.189633596150941, 33.955112494294248 ] ] ] } },
{ "type": "Feature", "properties": { "CITY_NAME": "周防大島町", "S_NAME": "大字笠佐島", "JINKO": 7, "medical_area": "35_柳井医療圏", "町丁目名": "周防大島町大字笠佐島" }, "geometry": { "type": "Polygon", "coordinates": [ [ [ 132.166476022182763, 33.947359791547875 ], [ 132.166522541387195, 33.947040551240008 ], [ 132.167449687670569, 33.946128051683957 ], [ 132.167723401666223, 33.946401220982153 ], [ 132.16749404412937, 33.946129882813771 ], [ 132.167619537005095, 33.946011822788293 ], [ 132.168132330795402, 33.945804438174889 ], [ 132.167857548246587, 33.94619384059655 ], [ 132.168678666103119, 33.945835987532547 ], [ 132.168833349620684, 33.945171441693887 ], [ 132.168253464389778, 33.944579887381643 ], [ 132.167801254797098, 33.944467187225627 ], [ 132.167583797789263, 33.944103854087608 ], [ 132.167016915269159, 33.943851397151981 ], [ 132.166419742657297, 33.943338447492785 ], [ 132.165996749076044, 33.942751390886905 ], [ 132.165677613952965, 33.941917368119448 ], [ 132.16527194046148, 33.941583756464091 ], [ 132.164388132334238, 33.940301579090942 ], [ 132.163770444047088, 33.939936401549254 ], [ 132.163601699054141, 33.939460357309649 ], [ 132.162418265961378, 33.93893385002491 ], [ 132.161939046915762, 33.93892298534756 ], [ 132.16183412985032, 33.938619099366463 ], [ 132.160913554496602, 33.938644280116222 ], [ 132.160305619624125, 33.938453075778874 ], [ 132.160170427295043, 33.938042821267175 ], [ 132.15688089339443, 33.937540516031333 ], [ 132.156622346808859, 33.937640521972156 ], [ 132.156588773038663, 33.938009348582881 ], [ 132.156216584873476, 33.938607925635729 ], [ 132.155410626377517, 33.939038816436373 ], [ 132.155221271305692, 33.939417490193691 ], [ 132.154707399900104, 33.93967624313332 ], [ 132.154440218781417, 33.939562667426351 ], [ 132.154285478901926, 33.939911617493152 ], [ 132.154351388016579, 33.940490366216451 ], [ 132.15417612079608, 33.94063461235902 ], [ 132.154167429577228, 33.94089890575124 ], [ 132.153901289270493, 33.941055680607761 ], [ 132.154068936218238, 33.941268569981141 ], [ 132.154345875667559, 33.941252254375364 ], [ 132.154625984462825, 33.941813130487766 ], [ 132.154655141702136, 33.942201826505709 ], [ 132.154877961756085, 33.942436274174852 ], [ 132.15550843783879, 33.944198055170183 ], [ 132.155330984905476, 33.944472195631221 ], [ 132.155669607926313, 33.944382905647942 ], [ 132.15592705880303, 33.944588474016072 ], [ 132.156769644522967, 33.946019481270724 ], [ 132.157369007264577, 33.945842858671014 ], [ 132.158259348284332, 33.946042126760048 ], [ 132.158799199765411, 33.945940301923997 ], [ 132.159126982950966, 33.94614770034547 ], [ 132.159356342035949, 33.946052195258041 ], [ 132.159846411601507, 33.946172111957182 ], [ 132.160077910557277, 33.94638936502745 ], [ 132.162530472429523, 33.946615867792083 ], [ 132.163213109873936, 33.947064880374541 ], [ 132.163607998955058, 33.946824967679142 ], [ 132.164661734638912, 33.946849360026867 ], [ 132.164912723741082, 33.947064913846894 ], [ 132.165506668524472, 33.94710732620824 ], [ 132.16557482407211, 33.947350771761052 ], [ 132.166216373130425, 33.947651840159942 ], [ 132.166476022182763, 33.947359791547875 ] ] ] } },
{ "type": "Feature", "properties": { "CITY_NAME": "周防大島町", "S_NAME": "大字笠佐島", "JINKO": 0, "medical_area": "35_柳井医療圏", "町丁目名": "周防大島町大字笠佐島" }, "geometry": { "type": "Polygon", "coordinates": [ [ [ 132.154682806284228, 33.931022700650082 ], [ 132.154245350158533, 33.931209751513244 ], [ 132.154166375928753, 33.931550819867631 ], [ 132.155557325764249, 33.932472737771079 ], [ 132.155748970770219, 33.93242626269388 ], [ 132.155978663494125, 33.931758077474051 ], [ 132.154682806284228, 33.931022700650082 ] ] ] } },
{ "type": "Feature", "properties": { "CITY_NAME": "周防大島町", "S_NAME": "大字小松", "JINKO": 1248, "medical_area": "35_柳井医療圏", "町丁目名": "周防大島町大字小松" }, "geometry": { "type": "Polygon", "coordinates": [ [ [ 132.18619601528323, 33.954499121264199 ], [ 132.187155664148179, 33.952456322042792 ], [ 132.187456615962816, 33.952741978036684 ], [ 132.187610761785834, 33.953505809609453 ], [ 132.188933070362339, 33.952811740731384 ], [ 132.190069758879588, 33.951519936889177 ], [ 132.192216972836746, 33.948557206773486 ], [ 132.193535667358191, 33.947848433817704 ], [ 132.195228468814122, 33.946559409213869 ], [ 132.195784190898394, 33.945086926434072 ], [ 132.196959505329232, 33.944742607107962 ], [ 132.197480641432577, 33.944430424620705 ], [ 132.198333559293985, 33.942750908864205 ], [ 132.198760148837408, 33.942260956515575 ], [ 132.200798251314637, 33.941223391012187 ], [ 132.200703662915913, 33.940479139892034 ], [ 132.200864899166532, 33.939473061110341 ], [ 132.200632321589836, 33.938708701455113 ], [ 132.201700595432357, 33.938671072487971 ], [ 132.203663146620329, 33.938959031477147 ], [ 132.204404662722368, 33.938807361387781 ], [ 132.205600715419621, 33.938206414695358 ], [ 132.207768737064526, 33.93666615881817 ], [ 132.208734075972359, 33.936438454026991 ], [ 132.207581677528992, 33.935569468868991 ], [ 132.207215905537709, 33.935063266151772 ], [ 132.205926581466429, 33.935666646771736 ], [ 132.205118341737233, 33.935726914452765 ], [ 132.204080909455911, 33.935566346195507 ], [ 132.202157791682197, 33.934998318340945 ], [ 132.201526931995119, 33.934507107158602 ], [ 132.201088928596477, 33.93358037914026 ], [ 132.199928171309892, 33.933891898912165 ], [ 132.197853196677215, 33.933171411550425 ], [ 132.195816754557882, 33.932161372282913 ], [ 132.19407923364281, 33.931949318694947 ], [ 132.193754815121196, 33.931670586140008 ], [ 132.195401141984149, 33.928919527334656 ], [ 132.197153532220568, 33.927857154994605 ], [ 132.194138374422522, 33.924572893400139 ], [ 132.192867146151144, 33.925139646310008 ], [ 132.192481244157648, 33.925650423361176 ], [ 132.19209810330571, 33.926699651543544 ], [ 132.191814944060155, 33.92658812866717 ], [ 132.191284554475317, 33.92601314996012 ], [ 132.191237974316266, 33.925215058788766 ], [ 132.191003553331711, 33.924577892052476 ], [ 132.191379271916617, 33.924406225038709 ], [ 132.190442238967449, 33.923792716403476 ], [ 132.190056000963892, 33.923204883337682 ], [ 132.189278693037892, 33.923054840000603 ], [ 132.188823245176309, 33.924910344588966 ], [ 132.187927390912932, 33.926043192737922 ], [ 132.187710317718455, 33.926568299152542 ], [ 132.188898923589306, 33.927958047462283 ], [ 132.189107308988952, 33.927732317576996 ], [ 132.189619242551771, 33.928454894747311 ], [ 132.191102599845408, 33.928494792423223 ], [ 132.191535112790717, 33.927892581161935 ], [ 132.191857882029268, 33.92788727922003 ], [ 132.191226918316602, 33.929667497902955 ], [ 132.191882448546522, 33.932680108507476 ], [ 132.191817919245523, 33.933814494685308 ], [ 132.191367149805274, 33.934750457082039 ], [ 132.189785160528402, 33.93662349763305 ], [ 132.188942694370866, 33.937372861555616 ], [ 132.188752416947978, 33.937769618404168 ], [ 132.187828777963944, 33.938446013400281 ], [ 132.187312984837661, 33.939240392216874 ], [ 132.187887197935652, 33.938464036061234 ], [ 132.188814082267925, 33.937793979707678 ], [ 132.188979611538542, 33.937857909700703 ], [ 132.188578446077599, 33.938456728704679 ], [ 132.188838374492889, 33.939532311462429 ], [ 132.188675027492678, 33.93953868076548 ], [ 132.188672806563744, 33.939334826285702 ], [ 132.18854629267247, 33.93952968755972 ], [ 132.188269285886463, 33.939272769292344 ], [ 132.188519257168338, 33.939562095145256 ], [ 132.188840549420718, 33.939572040178923 ], [ 132.188625508452731, 33.940414126851863 ], [ 132.187829274232968, 33.94027817652416 ], [ 132.187199584636232, 33.939948199816172 ], [ 132.18782387283116, 33.940306071986065 ], [ 132.188635255680396, 33.940445682528065 ], [ 132.188053642147906, 33.941875873830618 ], [ 132.18766740159262, 33.941750556210465 ], [ 132.188101253530675, 33.941927146265932 ], [ 132.18728920180294, 33.943389775871118 ], [ 132.187012223301167, 33.943277117537484 ], [ 132.187217718318578, 33.943077876651728 ], [ 132.187168954736222, 33.942768650831233 ], [ 132.187059729379001, 33.94291560795925 ], [ 132.187160374428117, 33.943058022075242 ], [ 132.186879188331602, 33.94339984799776 ], [ 132.187141028083857, 33.943531386734271 ], [ 132.186869560501151, 33.943809109414367 ], [ 132.187127067643814, 33.943924448627023 ], [ 132.186955102857297, 33.944114807674147 ], [ 132.187208280813081, 33.944210282605894 ], [ 132.186936720693751, 33.944142705255928 ], [ 132.185549053448824, 33.945525113953956 ], [ 132.185372688517162, 33.945430469525043 ], [ 132.184516144983917, 33.946695707696946 ], [ 132.184481616587902, 33.947103139580364 ], [ 132.183574359614511, 33.949141957179037 ], [ 132.183374459483787, 33.950334822879277 ], [ 132.183548834549953, 33.951210230259761 ], [ 132.183283761126376, 33.951206746498848 ], [ 132.183554250174154, 33.951238264155016 ], [ 132.183852118616073, 33.952795373282875 ], [ 132.18410107757083, 33.953297433569773 ], [ 132.184898611678932, 33.953921277747433 ], [ 132.18619601528323, 33.954499121264199 ] ] ] } },
{ "type": "Feature", "properties": { "CITY_NAME": "周防大島町", "S_NAME": "大字小松開作", "JINKO": 890, "medical_area": "35_柳井医療圏", "町丁目名": "周防大島町大字小松開作" }, "geometry": { "type": "Polygon", "coordinates": [ [ [ 132.189001809365379, 33.936049270218916 ], [ 132.191123368900264, 33.933517093188293 ], [ 132.191026217114512, 33.930751757635015 ], [ 132.191085585921968, 33.930366718133008 ], [ 132.191430786513962, 33.93083282605707 ], [ 132.191513330618136, 33.930772795548428 ], [ 132.19124368461766, 33.92950759517106 ], [ 132.191857882029268, 33.92788727922003 ], [ 132.191535112790717, 33.927892581161935 ], [ 132.191102599845408, 33.928494792423223 ], [ 132.189619242551771, 33.928454894747311 ], [ 132.189107308988952, 33.927732317576996 ], [ 132.188898923589306, 33.927958047462283 ], [ 132.187710317718455, 33.926568299152542 ], [ 132.187927390912932, 33.926043192737922 ], [ 132.188823245176309, 33.924910344588966 ], [ 132.189112103644192, 33.924096979224579 ], [ 132.189345340845136, 33.922149375395279 ], [ 132.189242840340142, 33.919758609524841 ], [ 132.189584838281121, 33.919103016849526 ], [ 132.190141662924418, 33.918602075808501 ], [ 132.190847805200121, 33.918353147043376 ], [ 132.190197496415266, 33.917876513484138 ], [ 132.189679656175031, 33.917772631990303 ], [ 132.186333159136836, 33.919247805804964 ], [ 132.186430590501004, 33.918942636201038 ], [ 132.186325083765183, 33.918580297655431 ], [ 132.187057179366292, 33.918072863485556 ], [ 132.187133836932219, 33.917872937039675 ], [ 132.186932444589701, 33.917761105823217 ], [ 132.185983167919517, 33.917849158485041 ], [ 132.184880525447227, 33.918177152643096 ], [ 132.183835574372807, 33.919272534177225 ], [ 132.182814528581787, 33.921157128434203 ], [ 132.182859759082106, 33.922210928678552 ], [ 132.182655366430765, 33.922906776772692 ], [ 132.179935097799728, 33.924097274295157 ], [ 132.178752928571669, 33.924919305287816 ], [ 132.177655978970989, 33.926464611093238 ], [ 132.176946956252664, 33.926843364335575 ], [ 132.176718410912883, 33.927497361747136 ], [ 132.175951579854001, 33.928479233130275 ], [ 132.175384190201044, 33.929600556347637 ], [ 132.17585477927787, 33.93017940863048 ], [ 132.177047902678737, 33.93062830771207 ], [ 132.177481637992656, 33.930575158989534 ], [ 132.177432936334952, 33.930393001851883 ], [ 132.177763913118014, 33.930334365986965 ], [ 132.177748729771338, 33.930073735139608 ], [ 132.17786992872783, 33.930424521204941 ], [ 132.179377674408784, 33.929981585060986 ], [ 132.179590802660442, 33.930230501517897 ], [ 132.179561565657252, 33.930046512402548 ], [ 132.180059104392797, 33.929942770888367 ], [ 132.179940050022822, 33.929536197610709 ], [ 132.180207139404018, 33.929123243943039 ], [ 132.181394696597778, 33.928732584796386 ], [ 132.181657652515128, 33.929324962367915 ], [ 132.18094703303251, 33.929409856473278 ], [ 132.181426192258499, 33.929377257687094 ], [ 132.181445707200339, 33.929606329148193 ], [ 132.181981111556695, 33.929567522159473 ], [ 132.181678066336474, 33.928646894862901 ], [ 132.183252744918775, 33.927866770324613 ], [ 132.18263311311199, 33.928502513579879 ], [ 132.182204829196792, 33.928693743863647 ], [ 132.182356398090633, 33.929363619819142 ], [ 132.182723182239016, 33.929869480151289 ], [ 132.18294597427473, 33.929747729220303 ], [ 132.183310585774706, 33.930187655681898 ], [ 132.183802700404641, 33.930031632652927 ], [ 132.184580565608741, 33.930711279254766 ], [ 132.187399225959695, 33.934106514851521 ], [ 132.187594072681549, 33.934610415634786 ], [ 132.18747295096091, 33.934720465120698 ], [ 132.187904461650533, 33.93438776991173 ], [ 132.188353383231231, 33.934422771893914 ], [ 132.188403214000516, 33.934666206121058 ], [ 132.187848340143319, 33.934839444886158 ], [ 132.18762017337292, 33.935115330364518 ], [ 132.187646308266039, 33.935742952199519 ], [ 132.188058685039124, 33.936584929403509 ], [ 132.188280448032884, 33.936603908731705 ], [ 132.189001809365379, 33.936049270218916 ] ] ] } },
{ "type": "Feature", "properties": { "CITY_NAME": "周防大島町", "S_NAME": "大字志佐", "JINKO": 179, "medical_area": "35_柳井医療圏", "町丁目名": "周防大島町大字志佐" }, "geometry": { "type": "Polygon", "coordinates": [ [ [ 132.18274531534658, 33.922688396400567 ], [ 132.182814528581787, 33.921157128434203 ], [ 132.183835574372807, 33.919272534177225 ], [ 132.184880525447227, 33.918177152643096 ], [ 132.185983167919517, 33.917849158485041 ], [ 132.187066694374693, 33.917777146105067 ], [ 132.187057179366292, 33.918072863485556 ], [ 132.186325083765183, 33.918580297655431 ], [ 132.186385862193077, 33.919250052148733 ], [ 132.189679656175031, 33.917772631990303 ], [ 132.190197496415266, 33.917876513484138 ], [ 132.190847805200121, 33.918353147043376 ], [ 132.190654778166788, 33.91804056022383 ], [ 132.190596267710845, 33.917196816842342 ], [ 132.190974413569393, 33.91579452784908 ], [ 132.191996675224857, 33.913836891840759 ], [ 132.193696038972575, 33.912218782088082 ], [ 132.192866388174309, 33.912048198333913 ], [ 132.191835679506596, 33.912305653877851 ], [ 132.191651500090785, 33.912521523311511 ], [ 132.191614542700393, 33.913714395545121 ], [ 132.191285950190007, 33.913963399472927 ], [ 132.18972732325588, 33.914117244615205 ], [ 132.188054381071112, 33.913810396537471 ], [ 132.186068487566757, 33.912775198284145 ], [ 132.185594103333699, 33.911903613924089 ], [ 132.184556723415454, 33.91131754091937 ], [ 132.184400319806372, 33.910693023257508 ], [ 132.183438434287268, 33.910264165059623 ], [ 132.182694717310056, 33.909572379618275 ], [ 132.182393095741816, 33.910098058610025 ], [ 132.182506657608513, 33.91076203185559 ], [ 132.181497519568211, 33.910648040536039 ], [ 132.181056914769528, 33.910409997778856 ], [ 132.180071386790559, 33.909167366409037 ], [ 132.179997819884335, 33.908793184939015 ], [ 132.178580670797601, 33.908326155155507 ], [ 132.176881364707498, 33.908049044555753 ], [ 132.177307819718067, 33.910836974941716 ], [ 132.177093999439734, 33.912912641882528 ], [ 132.177191612023506, 33.914866555334932 ], [ 132.176814244742019, 33.915283181341351 ], [ 132.177010043237914, 33.915665383203091 ], [ 132.17695611187898, 33.916657211353062 ], [ 132.176806901770107, 33.916895317514388 ], [ 132.176163422577162, 33.916884519744286 ], [ 132.176132233800246, 33.918189248722371 ], [ 132.176219697496833, 33.917168537631461 ], [ 132.176797203829125, 33.917143274178699 ], [ 132.176790820081834, 33.917892495868351 ], [ 132.17649233636746, 33.917941265369492 ], [ 132.176635687729572, 33.917941254108129 ], [ 132.176644256029391, 33.918598618125969 ], [ 132.176949449189493, 33.918591549421727 ], [ 132.176894436471201, 33.919238211378605 ], [ 132.176740174922941, 33.919206243105315 ], [ 132.176851578074633, 33.919264841910937 ], [ 132.176552122097775, 33.920140318160428 ], [ 132.176374744398942, 33.920077216190712 ], [ 132.176551045258719, 33.920171876081191 ], [ 132.176349948850287, 33.920653429803998 ], [ 132.176108813634102, 33.920983396944926 ], [ 132.175971454815453, 33.920948326622621 ], [ 132.176211569673143, 33.921063692121329 ], [ 132.175684942687468, 33.921664175235783 ], [ 132.175436175808471, 33.921557825290449 ], [ 132.175588699612462, 33.921767872034302 ], [ 132.175296719082212, 33.922046558512044 ], [ 132.175093368432528, 33.92188061231797 ], [ 132.175268601632382, 33.92207093320085 ], [ 132.174761397818429, 33.922400914763614 ], [ 132.174426129771604, 33.922500117311472 ], [ 132.174456382115494, 33.922230606557036 ], [ 132.17433416653671, 33.922219765393706 ], [ 132.174301752300266, 33.922504633060917 ], [ 132.173822639818894, 33.922632723512621 ], [ 132.173099161481787, 33.923426215576995 ], [ 132.172677372364404, 33.923632771125625 ], [ 132.173182492899002, 33.923942829783734 ], [ 132.17352887233514, 33.926636073646044 ], [ 132.174080564626337, 33.927321298061344 ], [ 132.174253687530182, 33.927902853060033 ], [ 132.174566294807477, 33.928074993724898 ], [ 132.175384190201044, 33.929600556347637 ], [ 132.175951579854001, 33.928479233130275 ], [ 132.176718410912883, 33.927497361747136 ], [ 132.176946956252664, 33.926843364335575 ], [ 132.177655978970989, 33.926464611093238 ], [ 132.178752928571669, 33.924919305287816 ], [ 132.179935097799728, 33.924097274295157 ], [ 132.182401760583275, 33.923097706054769 ], [ 132.18274531534658, 33.922688396400567 ] ] ] } },
{ "type": "Feature", "properties": { "CITY_NAME": "周防大島町", "S_NAME": "大字東屋代", "JINKO": 337, "medical_area": "35_柳井医療圏", "町丁目名": "周防大島町大字東屋代" }, "geometry": { "type": "Polygon", "coordinates": [ [ [ 132.235495938992813, 33.924181016637029 ], [ 132.236493738473172, 33.922640756251539 ], [ 132.238227377575043, 33.922133706697785 ], [ 132.239231957734376, 33.921205125486686 ], [ 132.239709983029115, 33.921124115243963 ], [ 132.240141133059922, 33.920181920220926 ], [ 132.241042701241213, 33.919261135885179 ], [ 132.240988453888974, 33.91875230542373 ], [ 132.241200280836296, 33.918398562758604 ], [ 132.242688916373879, 33.917353142671153 ], [ 132.243094678157632, 33.917286249578559 ], [ 132.243596139156779, 33.915941494397849 ], [ 132.245411330739074, 33.914015443154611 ], [ 132.245729433008336, 33.91392154755269 ], [ 132.245578203020386, 33.912549307776921 ], [ 132.246291063663733, 33.911380636681656 ], [ 132.246962996567078, 33.910762563341024 ], [ 132.246677288402879, 33.910098359464648 ], [ 132.24629191124987, 33.909667943020473 ], [ 132.245541213746407, 33.909416545151686 ], [ 132.244889676439641, 33.908358531500447 ], [ 132.244311836176706, 33.90793837741505 ], [ 132.242962780377525, 33.906072282168353 ], [ 132.242053163512509, 33.90514839138563 ], [ 132.242497654588675, 33.903589959002211 ], [ 132.243281705600737, 33.903065239309264 ], [ 132.243439807803185, 33.902766467193629 ], [ 132.243192028026129, 33.900822445371574 ], [ 132.242614002250235, 33.900134180270051 ], [ 132.242589135133443, 33.899553056186392 ], [ 132.242807755529299, 33.898817509577739 ], [ 132.242605196533788, 33.898409219912899 ], [ 132.242824149463701, 33.898067862148302 ], [ 132.243769039328896, 33.897632488426986 ], [ 132.244343239117143, 33.896786957464549 ], [ 132.243693990761528, 33.89542617169429 ], [ 132.242992081931362, 33.895097525187666 ], [ 132.243251880727456, 33.894116115009204 ], [ 132.242883369435418, 33.893370666643612 ], [ 132.24301462266294, 33.893037396916696 ], [ 132.242824052141174, 33.892407778526277 ], [ 132.242972322296168, 33.892023780566646 ], [ 132.242318613600588, 33.891073388306076 ], [ 132.241597548379048, 33.891085961516843 ], [ 132.240086825370014, 33.890672430850437 ], [ 132.2376643726152, 33.890593461865109 ], [ 132.236864738581744, 33.889871914730008 ], [ 132.236135137973946, 33.890175101282459 ], [ 132.235921050573097, 33.890540958232179 ], [ 132.235375551752782, 33.890768801785782 ], [ 132.233475527983188, 33.890916115752709 ], [ 132.232832605507639, 33.89116837093097 ], [ 132.230912857370583, 33.891031352114958 ], [ 132.229617060601782, 33.891308311780193 ], [ 132.22892016921611, 33.891085237118112 ], [ 132.228374125227219, 33.890565384010337 ], [ 132.22745800130275, 33.890346501123972 ], [ 132.225996523984179, 33.890590962757628 ], [ 132.225641115788221, 33.891088874465446 ], [ 132.224759277054716, 33.891006045674061 ], [ 132.22387702852248, 33.890425337149701 ], [ 132.22328252395036, 33.890255013603728 ], [ 132.221275076213601, 33.890093431055938 ], [ 132.219438302131493, 33.890203739937903 ], [ 132.218035749847274, 33.891309486827708 ], [ 132.217511486748322, 33.892177661169619 ], [ 132.216180340471936, 33.892484140861754 ], [ 132.214320990369998, 33.893534661431481 ], [ 132.213923726512974, 33.894801351497151 ], [ 132.213156406800579, 33.895204685543227 ], [ 132.212116858286919, 33.895401427836944 ], [ 132.209681294143962, 33.897576505073189 ], [ 132.209372927999311, 33.898138741487976 ], [ 132.209344692473337, 33.898548445846956 ], [ 132.207858551970844, 33.899124727535145 ], [ 132.207493540319433, 33.900181483911823 ], [ 132.205775751630512, 33.900524084173682 ], [ 132.205166944408234, 33.901398036931752 ], [ 132.203758269967949, 33.902844492509274 ], [ 132.203425514760653, 33.903501675708561 ], [ 132.202518874988328, 33.903624076357673 ], [ 132.201356012826011, 33.904378126833798 ], [ 132.199766341357247, 33.905997170403147 ], [ 132.199308966913378, 33.906741441347769 ], [ 132.199301746256793, 33.907809917524276 ], [ 132.199789478007403, 33.908040143525945 ], [ 132.200169196445103, 33.908561322858866 ], [ 132.200642358337888, 33.910134044689528 ], [ 132.201453733789947, 33.910704699071495 ], [ 132.202354340595036, 33.911082873976511 ], [ 132.203631095603839, 33.91219634916753 ], [ 132.202961906278318, 33.913456031383824 ], [ 132.203018050286573, 33.914172686845433 ], [ 132.2035617800708, 33.91517759129092 ], [ 132.204730466628206, 33.915748107441296 ], [ 132.204827645651221, 33.91664775511434 ], [ 132.204679154157446, 33.917395463547393 ], [ 132.20426990025058, 33.917556895568858 ], [ 132.20421422844143, 33.917864036272292 ], [ 132.204835799642325, 33.918143080724086 ], [ 132.205431154896615, 33.91807767193685 ], [ 132.206069321796519, 33.918709333176359 ], [ 132.207401436847732, 33.918732157935352 ], [ 132.208282250341938, 33.919063366265021 ], [ 132.209090489710206, 33.919169885970895 ], [ 132.210208731641217, 33.918751365737769 ], [ 132.210775529507515, 33.919016019347744 ], [ 132.21086112245635, 33.91926070031159 ], [ 132.21225696252128, 33.920259316323175 ], [ 132.212994701828364, 33.920495998863139 ], [ 132.213300277617122, 33.921047291101274 ], [ 132.214255665788698, 33.921470408708679 ], [ 132.215107324509972, 33.922689820601882 ], [ 132.216297405782598, 33.923478273799681 ], [ 132.217758603766981, 33.923877628713896 ], [ 132.218175641181347, 33.924253886433817 ], [ 132.218409987606975, 33.924101776987754 ], [ 132.218466220843624, 33.923757862264154 ], [ 132.217984121815363, 33.923475882832996 ], [ 132.218001258535992, 33.923121136932096 ], [ 132.218643622166923, 33.922802332363361 ], [ 132.219765829464592, 33.922651668682015 ], [ 132.221309407755257, 33.922880762009228 ], [ 132.222410535000819, 33.923682015326072 ], [ 132.223101036021859, 33.923964018714592 ], [ 132.223770307771929, 33.92458104250624 ], [ 132.225754137356375, 33.923575039850952 ], [ 132.227090236161416, 33.923495623686783 ], [ 132.229219642490477, 33.923729244570112 ], [ 132.230693606703113, 33.924244659189334 ], [ 132.232813094642637, 33.924450469464951 ], [ 132.233512033131404, 33.924740018255591 ], [ 132.234967589871871, 33.924958696952558 ], [ 132.235206427477578, 33.924941234827138 ], [ 132.235495938992813, 33.924181016637029 ] ] ] } },
{ "type": "Feature", "properties": { "CITY_NAME": "周防大島町", "S_NAME": "大字西屋代", "JINKO": 636, "medical_area": "35_柳井医療圏", "町丁目名": "周防大島町大字西屋代" }, "geometry": { "type": "Polygon", "coordinates": [ [ [ 132.208708950051061, 33.935216892329656 ], [ 132.209771886512868, 33.934400128846001 ], [ 132.210715682291863, 33.933245143328243 ], [ 132.211831054774194, 33.932460458219907 ], [ 132.213845241669645, 33.931526789344581 ], [ 132.215026961573955, 33.930628353198919 ], [ 132.215085829340268, 33.929628215396065 ], [ 132.215358635613313, 33.929598944242393 ], [ 132.215981556878347, 33.930158555533389 ], [ 132.216338382723933, 33.930269143482477 ], [ 132.216959669483714, 33.93011039754915 ], [ 132.21877059074771, 33.929212502927541 ], [ 132.221292628211302, 33.927024918819519 ], [ 132.221675899251721, 33.925727375124794 ], [ 132.223770307771929, 33.92458104250624 ], [ 132.223101036021859, 33.923964018714592 ], [ 132.222410535000819, 33.923682015326072 ], [ 132.221309407755257, 33.922880762009228 ], [ 132.219765829464592, 33.922651668682015 ], [ 132.218643622166923, 33.922802332363361 ], [ 132.218001258535992, 33.923121136932096 ], [ 132.217984121815363, 33.923475882832996 ], [ 132.218479299767409, 33.923844780745199 ], [ 132.218409987606975, 33.924101776987754 ], [ 132.218093132485279, 33.92422856281285 ], [ 132.217758603766981, 33.923877628713896 ], [ 132.216297405782598, 33.923478273799681 ], [ 132.215459185735654, 33.923000885368779 ], [ 132.214255665788698, 33.921470408708679 ], [ 132.213300277617122, 33.921047291101274 ], [ 132.212994701828364, 33.920495998863139 ], [ 132.21225696252128, 33.920259316323175 ], [ 132.21086112245635, 33.91926070031159 ], [ 132.210775529507515, 33.919016019347744 ], [ 132.210208731641217, 33.918751365737769 ], [ 132.209090489710206, 33.919169885970895 ], [ 132.208282250341938, 33.919063366265021 ], [ 132.207401436847732, 33.918732157935352 ], [ 132.206069321796519, 33.918709333176359 ], [ 132.205431154896615, 33.91807767193685 ], [ 132.205018144256996, 33.918170920589645 ], [ 132.204277506948074, 33.91791360830306 ], [ 132.204158372246013, 33.917786426907789 ], [ 132.20426990025058, 33.917556895568858 ], [ 132.204679154157446, 33.917395463547393 ], [ 132.204827645651221, 33.91664775511434 ], [ 132.204730466628206, 33.915748107441296 ], [ 132.2035617800708, 33.91517759129092 ], [ 132.203018050286573, 33.914172686845433 ], [ 132.202961906278318, 33.913456031383824 ], [ 132.203631095603839, 33.91219634916753 ], [ 132.202354340595036, 33.911082873976511 ], [ 132.201453733789947, 33.910704699071495 ], [ 132.200642358337888, 33.910134044689528 ], [ 132.200169196445103, 33.908561322858866 ], [ 132.199789478007403, 33.908040143525945 ], [ 132.199301746256793, 33.907809917524276 ], [ 132.198291173186078, 33.908067702622404 ], [ 132.194886106048187, 33.909966911870328 ], [ 132.193696038972575, 33.912218782088082 ], [ 132.191996675224857, 33.913836891840759 ], [ 132.190785259524318, 33.916225527017325 ], [ 132.190589077861347, 33.917476049808265 ], [ 132.190847805200121, 33.918353147043376 ], [ 132.190141662924418, 33.918602075808501 ], [ 132.189584838281121, 33.919103016849526 ], [ 132.189242840340142, 33.919758609524841 ], [ 132.189278693037892, 33.923054840000603 ], [ 132.190056000963892, 33.923204883337682 ], [ 132.190442238967449, 33.923792716403476 ], [ 132.191379271916617, 33.924406225038709 ], [ 132.191003553331711, 33.924577892052476 ], [ 132.191237974316266, 33.925215058788766 ], [ 132.191284554475317, 33.92601314996012 ], [ 132.191814944060155, 33.92658812866717 ], [ 132.19209810330571, 33.926699651543544 ], [ 132.192481244157648, 33.925650423361176 ], [ 132.192867146151144, 33.925139646310008 ], [ 132.194138374422522, 33.924572893400139 ], [ 132.197153532220568, 33.927857154994605 ], [ 132.195401141984149, 33.928919527334656 ], [ 132.193754815121196, 33.931670586140008 ], [ 132.19407923364281, 33.931949318694947 ], [ 132.195816754557882, 33.932161372282913 ], [ 132.197853196677215, 33.933171411550425 ], [ 132.199928171309892, 33.933891898912165 ], [ 132.201088928596477, 33.93358037914026 ], [ 132.201526931995119, 33.934507107158602 ], [ 132.202157791682197, 33.934998318340945 ], [ 132.204631820057585, 33.935694802549094 ], [ 132.205926581466429, 33.935666646771736 ], [ 132.207215905537709, 33.935063266151772 ], [ 132.207581677528992, 33.935569468868991 ], [ 132.208734075972359, 33.936438454026991 ], [ 132.208513265785967, 33.935613394702322 ], [ 132.208708950051061, 33.935216892329656 ] ] ] } },
{ "type": "Feature", "properties": { "CITY_NAME": "周防大島町", "S_NAME": "大字家房", "JINKO": 209, "medical_area": "35_柳井医療圏", "町丁目名": "周防大島町大字家房" }, "geometry": { "type": "Polygon", "coordinates": [ [ [ 132.230912857370583, 33.891031352114958 ], [ 132.232832605507639, 33.89116837093097 ], [ 132.233475527983188, 33.890916115752709 ], [ 132.235375551752782, 33.890768801785782 ], [ 132.235921050573097, 33.890540958232179 ], [ 132.236135137973946, 33.890175101282459 ], [ 132.236864738581744, 33.889871914730008 ], [ 132.2376643726152, 33.890593461865109 ], [ 132.240086825370014, 33.890672430850437 ], [ 132.241597548379048, 33.891085961516843 ], [ 132.242318613600588, 33.891073388306076 ], [ 132.24232127723127, 33.890003811882941 ], [ 132.24209210582552, 33.889076391217053 ], [ 132.243005017206684, 33.886652079687941 ], [ 132.243190880464255, 33.885065471427417 ], [ 132.243719446319574, 33.884613037420841 ], [ 132.24382593831757, 33.884290909323688 ], [ 132.243263508947933, 33.883600798845436 ], [ 132.243218415311162, 33.88275003051632 ], [ 132.242644590524321, 33.882167979962219 ], [ 132.242650799728693, 33.881757018019684 ], [ 132.243035915189182, 33.880716912227683 ], [ 132.242863013756477, 33.880238861600155 ], [ 132.243827543296334, 33.878714735510101 ], [ 132.243492031706467, 33.878246227605743 ], [ 132.243465469440281, 33.877942216186007 ], [ 132.244540065720315, 33.876474083894237 ], [ 132.245256973039432, 33.874794287777988 ], [ 132.241927128452971, 33.874301440414392 ], [ 132.241152406489903, 33.874689627359032 ], [ 132.241089326813437, 33.875493979894074 ], [ 132.240770732262064, 33.875836805770021 ], [ 132.240576611350775, 33.876367074025154 ], [ 132.239289685371631, 33.877004366278619 ], [ 132.237733479580896, 33.877533746637788 ], [ 132.237192988714213, 33.877551107411769 ], [ 132.237118270817945, 33.877396035372719 ], [ 132.237085968451225, 33.877551169324725 ], [ 132.236999356196407, 33.877391595688891 ], [ 132.237042722127228, 33.877544009114395 ], [ 132.236314086959936, 33.877499344214911 ], [ 132.2342653296663, 33.877193059962629 ], [ 132.234341766140091, 33.87679712669869 ], [ 132.234270562044514, 33.87697566788281 ], [ 132.233668333496553, 33.876839884187284 ], [ 132.233580980916201, 33.877099584621149 ], [ 132.233195017539373, 33.87704568298517 ], [ 132.23350601505706, 33.876626242084413 ], [ 132.234581581359294, 33.876589615313684 ], [ 132.233535175796561, 33.876590159887151 ], [ 132.233230530271186, 33.876843632794888 ], [ 132.232978652531472, 33.876835730908041 ], [ 132.231473696242062, 33.876576836734721 ], [ 132.228600888483669, 33.875772073305818 ], [ 132.227989787229546, 33.87743639798115 ], [ 132.227279913470881, 33.878177384010819 ], [ 132.225051157555242, 33.87902446447783 ], [ 132.22345336083589, 33.879952965335235 ], [ 132.223486770732649, 33.880939346340732 ], [ 132.223151007820604, 33.882031002865979 ], [ 132.223539320940773, 33.883361988181392 ], [ 132.22351456411451, 33.88423962508638 ], [ 132.222805783240005, 33.886280382903223 ], [ 132.22191819714817, 33.890148544378867 ], [ 132.223555388147417, 33.890295598147297 ], [ 132.22494445907941, 33.891054700321931 ], [ 132.225641115788221, 33.891088874465446 ], [ 132.225996523984179, 33.890590962757628 ], [ 132.227165667768674, 33.890346649793393 ], [ 132.228374125227219, 33.890565384010337 ], [ 132.229353936474922, 33.891284076838716 ], [ 132.230912857370583, 33.891031352114958 ] ] ] } },
{ "type": "Feature", "properties": { "CITY_NAME": "周防大島町", "S_NAME": "大字出井", "JINKO": 134, "medical_area": "35_柳井医療圏", "町丁目名": "周防大島町大字出井" }, "geometry": { "type": "Polygon", "coordinates": [ [ [ 132.219750093771353, 33.890154877696517 ], [ 132.22191819714817, 33.890148544378867 ], [ 132.222805783240005, 33.886280382903223 ], [ 132.22351456411451, 33.88423962508638 ], [ 132.223539320940773, 33.883361988181392 ], [ 132.223151007820604, 33.882031002865979 ], [ 132.223486770732649, 33.880939346340732 ], [ 132.22345336083589, 33.879952965335235 ], [ 132.225051157555242, 33.87902446447783 ], [ 132.227279913470881, 33.878177384010819 ], [ 132.227989787229546, 33.87743639798115 ], [ 132.228600888483669, 33.875772073305818 ], [ 132.227757353438051, 33.87527471087671 ], [ 132.225050968530212, 33.87430930306116 ], [ 132.224644573324071, 33.874377109538862 ], [ 132.222906132825585, 33.874042544254579 ], [ 132.222004810451182, 33.874357509898502 ], [ 132.22149997322478, 33.874335156057221 ], [ 132.221114261849578, 33.874636523470983 ], [ 132.220247143406027, 33.874385208976271 ], [ 132.220214793472792, 33.874507937621132 ], [ 132.220012620642677, 33.874457430010779 ], [ 132.218933278636058, 33.873649938394287 ], [ 132.218675002124456, 33.873768095733652 ], [ 132.21881974007411, 33.873593198845228 ], [ 132.217056010469975, 33.872523431637347 ], [ 132.21546945408258, 33.871209259429762 ], [ 132.214445151069356, 33.870111157231619 ], [ 132.214360750410492, 33.869957043607627 ], [ 132.214516377048426, 33.86990557742493 ], [ 132.214343425413176, 33.869901120720606 ], [ 132.214030919713224, 33.868849148318191 ], [ 132.214760900284574, 33.868866536631714 ], [ 132.214606449213989, 33.868802203073969 ], [ 132.214612970062177, 33.867888755382559 ], [ 132.214921805437797, 33.867900352333116 ], [ 132.214971501466152, 33.868924936032784 ], [ 132.214977940331238, 33.867871172598207 ], [ 132.214834089145711, 33.867787678117146 ], [ 132.214876137809028, 33.867598326076667 ], [ 132.215696080886147, 33.866781113960833 ], [ 132.216273102268872, 33.866472541961976 ], [ 132.216296728242412, 33.86621106377671 ], [ 132.216091191582763, 33.86591092040468 ], [ 132.216433649807129, 33.865595237227048 ], [ 132.216119036939261, 33.865452915844486 ], [ 132.214840382023425, 33.865465034520007 ], [ 132.214137529787024, 33.864927959796475 ], [ 132.213477661087722, 33.863898510249875 ], [ 132.213489359239276, 33.863546035219066 ], [ 132.213762651385252, 33.863243906388888 ], [ 132.213383056096603, 33.862821122070898 ], [ 132.212943737288271, 33.861861905317355 ], [ 132.21251896353462, 33.861828800247899 ], [ 132.21216203378836, 33.861319515137147 ], [ 132.211903711774625, 33.861295228448171 ], [ 132.21167552110316, 33.861022992974213 ], [ 132.211211898224519, 33.861097102916041 ], [ 132.210122016095795, 33.86021473502003 ], [ 132.209397518881104, 33.859409064214283 ], [ 132.208226257763414, 33.857662095691282 ], [ 132.208033638569503, 33.857122193995316 ], [ 132.208200977558988, 33.856752479121589 ], [ 132.207841675322186, 33.857132124602025 ], [ 132.207734864567954, 33.858110676441321 ], [ 132.208186135237042, 33.861251022277862 ], [ 132.209152296088092, 33.862898882425178 ], [ 132.20992488535191, 33.864893204627379 ], [ 132.209867270066525, 33.867430349943767 ], [ 132.210723732685665, 33.870833458015468 ], [ 132.21299588133175, 33.874837919884165 ], [ 132.213768067774708, 33.878116872672493 ], [ 132.213770307676498, 33.880984056010071 ], [ 132.214187588072775, 33.883159175266769 ], [ 132.215045486744941, 33.884328309933075 ], [ 132.216226547458973, 33.8855549555539 ], [ 132.216649388709897, 33.886542617086477 ], [ 132.216665539383683, 33.88775802165916 ], [ 132.218164647016692, 33.88883102399064 ], [ 132.219165527252159, 33.890325847001911 ], [ 132.219750093771353, 33.890154877696517 ] ] ] } },
{ "type": "Feature", "properties": { "CITY_NAME": "周防大島町", "S_NAME": "大字戸田", "JINKO": 213, "medical_area": "35_柳井医療圏", "町丁目名": "周防大島町大字戸田" }, "geometry": { "type": "Polygon", "coordinates": [ [ [ 132.214207369911179, 33.893676852604784 ], [ 132.215725627255722, 33.892687456212393 ], [ 132.217511486748322, 33.892177661169619 ], [ 132.218035749847274, 33.891309486827708 ], [ 132.219165527252159, 33.890325847001911 ], [ 132.218164647016692, 33.88883102399064 ], [ 132.216665539383683, 33.88775802165916 ], [ 132.216649388709897, 33.886542617086477 ], [ 132.216226547458973, 33.8855549555539 ], [ 132.215045486744941, 33.884328309933075 ], [ 132.214187588072775, 33.883159175266769 ], [ 132.213770307676498, 33.880984056010071 ], [ 132.213768067774708, 33.878116872672493 ], [ 132.21299588133175, 33.874837919884165 ], [ 132.211407337723415, 33.872173901381274 ], [ 132.210384030848502, 33.869788545287925 ], [ 132.209867270066525, 33.867430349943767 ], [ 132.20992488535191, 33.864893204627379 ], [ 132.209152296088092, 33.862898882425178 ], [ 132.208186135237042, 33.861251022277862 ], [ 132.207734864567954, 33.858110676441321 ], [ 132.207917947505052, 33.857005028404885 ], [ 132.207236190226865, 33.85738845135532 ], [ 132.206356573365071, 33.857591621059505 ], [ 132.206645905538238, 33.859333434224162 ], [ 132.206412972465017, 33.860477558459749 ], [ 132.20594867192321, 33.86144961673542 ], [ 132.205887489443427, 33.862413505305611 ], [ 132.205488937938668, 33.863011380397445 ], [ 132.205034052736409, 33.863310901161263 ], [ 132.205174753308484, 33.863770669623598 ], [ 132.204891905007827, 33.864526285917449 ], [ 132.204537469915977, 33.864693208122276 ], [ 132.204484655762883, 33.865039499755788 ], [ 132.203648499107572, 33.865998174151152 ], [ 132.203182774843469, 33.866273327437042 ], [ 132.203008203577468, 33.867569876081639 ], [ 132.202611852091479, 33.868360756429361 ], [ 132.201593030688059, 33.869455727544683 ], [ 132.200037973561166, 33.870268581092112 ], [ 132.199433050855532, 33.871226392641169 ], [ 132.19975628696389, 33.871357876933729 ], [ 132.199727190434061, 33.871577952744659 ], [ 132.199977993311336, 33.871669871836254 ], [ 132.200839379608198, 33.871439659417213 ], [ 132.201749631370632, 33.871765653259679 ], [ 132.202503001036348, 33.871721297246069 ], [ 132.202923585364005, 33.871987998466416 ], [ 132.203215750080432, 33.872716444097847 ], [ 132.202914857421547, 33.871797799231587 ], [ 132.203741649982959, 33.871579268784423 ], [ 132.204340623112699, 33.87191902669327 ], [ 132.204148133760128, 33.872159034022282 ], [ 132.204459558454403, 33.871997461474095 ], [ 132.204139727320921, 33.87226076136519 ], [ 132.204582082781968, 33.872829666698372 ], [ 132.20471935327177, 33.872816092409586 ], [ 132.204309738894381, 33.872934304487757 ], [ 132.204609150867299, 33.872927859486943 ], [ 132.204856974238311, 33.873560800493259 ], [ 132.204914370313048, 33.873789871374484 ], [ 132.20471767574071, 33.873866585426491 ], [ 132.204925197232711, 33.873827768192768 ], [ 132.205124484536981, 33.87467981667438 ], [ 132.20483158571642, 33.874756563011417 ], [ 132.205392583633653, 33.874727485801913 ], [ 132.20504670358352, 33.874777199712469 ], [ 132.20495973067105, 33.876033285432229 ], [ 132.204228062442695, 33.878736814151587 ], [ 132.203380922021637, 33.879579318771867 ], [ 132.201527446171241, 33.880715015122817 ], [ 132.201537259602361, 33.88091070731911 ], [ 132.20058306802423, 33.881813652404098 ], [ 132.199986464694319, 33.882159977970865 ], [ 132.199873966014252, 33.881992350447533 ], [ 132.199862167385987, 33.882221298451228 ], [ 132.199492317218699, 33.881894111877529 ], [ 132.199746480172422, 33.882186247468006 ], [ 132.198670037274297, 33.88294929874715 ], [ 132.19857160976639, 33.882823087987013 ], [ 132.198650588499049, 33.882978185808952 ], [ 132.197645418135608, 33.883587919583348 ], [ 132.197390249648095, 33.883487953558138 ], [ 132.197300449235627, 33.883287775770363 ], [ 132.198419087006982, 33.882572486714594 ], [ 132.198300128381362, 33.882461637971396 ], [ 132.197192343953958, 33.883288790964905 ], [ 132.197470318364111, 33.883679962450742 ], [ 132.197168626331489, 33.88347082403525 ], [ 132.197264897404608, 33.883626902344893 ], [ 132.196154867124079, 33.884256531131285 ], [ 132.195991582422607, 33.884133014029011 ], [ 132.196172196889506, 33.88435655671173 ], [ 132.195718225198561, 33.884583920769913 ], [ 132.194847009118632, 33.884966499913091 ], [ 132.193695685918811, 33.885047919969708 ], [ 132.192681783480424, 33.885540402805759 ], [ 132.191276363870571, 33.885516330322751 ], [ 132.190447222213265, 33.885702328045404 ], [ 132.190328230141773, 33.885440869525908 ], [ 132.190225565740349, 33.885581492646622 ], [ 132.191962024227962, 33.887991404883302 ], [ 132.192789317128671, 33.888232144844793 ], [ 132.194342282619431, 33.888095141099463 ], [ 132.194631068644327, 33.888218632215548 ], [ 132.196321181485757, 33.889737975720905 ], [ 132.197718420687238, 33.890499268575148 ], [ 132.198472679862761, 33.891442182890898 ], [ 132.199385049697298, 33.891946331857433 ], [ 132.199517532648741, 33.89253027408224 ], [ 132.199774380714189, 33.892799443571299 ], [ 132.201993893981779, 33.893501179121401 ], [ 132.204057650105341, 33.893745460493506 ], [ 132.205499271839244, 33.894554428512983 ], [ 132.205927414791006, 33.895060503509605 ], [ 132.208417658662967, 33.896292327817633 ], [ 132.209681294143962, 33.897576505073189 ], [ 132.212116858286919, 33.895401427836944 ], [ 132.213156406800579, 33.895204685543227 ], [ 132.213923726512974, 33.894801351497151 ], [ 132.214159000924241, 33.894333955569408 ], [ 132.214207369911179, 33.893676852604784 ] ] ] } },
{ "type": "Feature", "properties": { "CITY_NAME": "周防大島町", "S_NAME": "大字戸田", "JINKO": 0, "medical_area": "35_柳井医療圏", "町丁目名": "周防大島町大字戸田" }, "geometry": { "type": "Polygon", "coordinates": [ [ [ 132.202977876053268, 33.848791285168943 ], [ 132.20344799209289, 33.8489128529935 ], [ 132.203448903901744, 33.848516147659737 ], [ 132.203190243301719, 33.847560530836084 ], [ 132.20287244224474, 33.847302829099036 ], [ 132.202699328623879, 33.846769105437353 ], [ 132.202144829504789, 33.846372571179273 ], [ 132.201462956829943, 33.846302481752005 ], [ 132.201093310806414, 33.846074373922825 ], [ 132.200083118697052, 33.846455174883168 ], [ 132.199276122190355, 33.846985521532162 ], [ 132.198727421464753, 33.8476376483179 ], [ 132.198509447308368, 33.84848690747215 ], [ 132.198605924235636, 33.84932635806328 ], [ 132.199002681504936, 33.849798603299966 ], [ 132.199564695243424, 33.850040185931924 ], [ 132.200683179403541, 33.85013537313575 ], [ 132.201724533981661, 33.849203733024737 ], [ 132.202977876053268, 33.848791285168943 ] ] ] } },
{ "type": "Feature", "properties": { "CITY_NAME": "周防大島町", "S_NAME": "大字戸田", "JINKO": 0, "medical_area": "35_柳井医療圏", "町丁目名": "周防大島町大字戸田" }, "geometry": { "type": "Polygon", "coordinates": [ [ [ 132.180780045091211, 33.849531423776391 ], [ 132.182773809430643, 33.849265958739878 ], [ 132.18511000486447, 33.84834771019321 ], [ 132.185726751043205, 33.846930225453733 ], [ 132.185706017875702, 33.845879001289767 ], [ 132.184049085820249, 33.844003104238773 ], [ 132.182997645236156, 33.843893264666093 ], [ 132.181737752170079, 33.844272155986047 ], [ 132.180280176253007, 33.84513695467232 ], [ 132.180086735448441, 33.845046821998892 ], [ 132.180259651433005, 33.84518302436652 ], [ 132.17991281383155, 33.845467932098963 ], [ 132.178300633952745, 33.846253559159841 ], [ 132.178189471780343, 33.847455405820121 ], [ 132.178444662210296, 33.848791600526653 ], [ 132.17967667960221, 33.84939818313979 ], [ 132.180780045091211, 33.849531423776391 ] ] ] } },
{ "type": "Feature", "properties": { "CITY_NAME": "周防大島町", "S_NAME": "大字横見", "JINKO": 0, "medical_area": "35_柳井医療圏", "町丁目名": "周防大島町大字横見" }, "geometry": { "type": "Polygon", "coordinates": [ [ [ 132.1826988784116, 33.884681139597539 ], [ 132.182627450308246, 33.884257376733522 ], [ 132.182305295690782, 33.884279120842272 ], [ 132.182303172237141, 33.884491852506144 ], [ 132.182049121735531, 33.88449724348402 ], [ 132.181956217295919, 33.884884963969874 ], [ 132.182407029245809, 33.884904762634669 ], [ 132.1826988784116, 33.884681139597539 ] ] ] } },
{ "type": "Feature", "properties": { "CITY_NAME": "周防大島町", "S_NAME": "大字横見", "JINKO": 137, "medical_area": "35_柳井医療圏", "町丁目名": "周防大島町大字横見" }, "geometry": { "type": "Polygon", "coordinates": [ [ [ 132.207858551970844, 33.899124727535145 ], [ 132.209344692473337, 33.898548445846956 ], [ 132.209372927999311, 33.898138741487976 ], [ 132.209681294143962, 33.897576505073189 ], [ 132.208417658662967, 33.896292327817633 ], [ 132.205927414791006, 33.895060503509605 ], [ 132.205499271839244, 33.894554428512983 ], [ 132.20385143743664, 33.893661269763683 ], [ 132.201993893981779, 33.893501179121401 ], [ 132.199774380714189, 33.892799443571299 ], [ 132.199517532648741, 33.89253027408224 ], [ 132.199385049697298, 33.891946331857433 ], [ 132.198171334274178, 33.891189082365827 ], [ 132.197460806520809, 33.890310541874811 ], [ 132.196321181485757, 33.889737975720905 ], [ 132.194904268775389, 33.888381292770426 ], [ 132.194342282619431, 33.888095141099463 ], [ 132.192789317128671, 33.888232144844793 ], [ 132.191833225833619, 33.887903519054547 ], [ 132.190225565740349, 33.885581492646622 ], [ 132.189016150349261, 33.886821511508316 ], [ 132.188830383872528, 33.887514982446568 ], [ 132.188415255919864, 33.887588881785774 ], [ 132.18867910938576, 33.887827774737374 ], [ 132.188369965458037, 33.888043383971777 ], [ 132.188881288476608, 33.887873806565715 ], [ 132.189305254564886, 33.888494044842361 ], [ 132.189350800947722, 33.889012493369137 ], [ 132.189092603978963, 33.8897519054943 ], [ 132.189341284975768, 33.889820330519555 ], [ 132.188326187158964, 33.89018399639486 ], [ 132.188202000736482, 33.890756573838161 ], [ 132.188438640576209, 33.890247937749209 ], [ 132.188813756599529, 33.890077400788911 ], [ 132.1891165624412, 33.890397436635403 ], [ 132.189031264722956, 33.890826727989896 ], [ 132.188676664111199, 33.890905264861431 ], [ 132.188916682116087, 33.890901558495187 ], [ 132.188891860838652, 33.891073724850713 ], [ 132.188704807995919, 33.891025997646075 ], [ 132.188108293365474, 33.892152334487335 ], [ 132.187461910874219, 33.892800653597014 ], [ 132.186334406168925, 33.893527655475921 ], [ 132.184095421041974, 33.894288049780201 ], [ 132.1833861601975, 33.894298992418861 ], [ 132.183101738872068, 33.8939537248691 ], [ 132.18252325475973, 33.893698518089948 ], [ 132.17983652784477, 33.893837734004187 ], [ 132.180120661548301, 33.894503231754889 ], [ 132.180957859694558, 33.895121900952269 ], [ 132.181157703429648, 33.895558199764587 ], [ 132.182679772441617, 33.89581189598406 ], [ 132.184052852836857, 33.896242826178501 ], [ 132.184890092943306, 33.896787370654103 ], [ 132.185816086212952, 33.897125642452238 ], [ 132.188720783880655, 33.897564177366725 ], [ 132.190496779467395, 33.898436501902466 ], [ 132.19143546549796, 33.898684845561071 ], [ 132.194178486416831, 33.898983104388762 ], [ 132.194660458877621, 33.898919601179465 ], [ 132.195059915697584, 33.898660284865464 ], [ 132.195740785325654, 33.89872958815625 ], [ 132.196389516571458, 33.899305799405901 ], [ 132.196910131887904, 33.899533488264808 ], [ 132.198446972435363, 33.901724728493782 ], [ 132.201395704967211, 33.90253167420007 ], [ 132.202605891720822, 33.903605314106642 ], [ 132.203425514760653, 33.903501675708561 ], [ 132.203758269967949, 33.902844492509274 ], [ 132.205166944408234, 33.901398036931752 ], [ 132.205775751630512, 33.900524084173682 ], [ 132.207355500482095, 33.900269581352816 ], [ 132.207623413409834, 33.899998573584242 ], [ 132.207858551970844, 33.899124727535145 ] ] ] } },
{ "type": "Feature", "properties": { "CITY_NAME": "周防大島町", "S_NAME": "大字日見", "JINKO": 211, "medical_area": "35_柳井医療圏", "町丁目名": "周防大島町大字日見" }, "geometry": { "type": "Polygon", "coordinates": [ [ [ 132.18972732325588, 33.914117244615205 ], [ 132.19155481863578, 33.913826409686628 ], [ 132.191651500090785, 33.912521523311511 ], [ 132.191835679506596, 33.912305653877851 ], [ 132.192866388174309, 33.912048198333913 ], [ 132.193696038972575, 33.912218782088082 ], [ 132.194886106048187, 33.909966911870328 ], [ 132.197795455739737, 33.908290419392962 ], [ 132.199301746256793, 33.907809917524276 ], [ 132.199240397747531, 33.906944896799743 ], [ 132.199766341357247, 33.905997170403147 ], [ 132.201356012826011, 33.904378126833798 ], [ 132.202605891720822, 33.903605314106642 ], [ 132.201395704967211, 33.90253167420007 ], [ 132.198446972435363, 33.901724728493782 ], [ 132.196910131887904, 33.899533488264808 ], [ 132.196389516571458, 33.899305799405901 ], [ 132.195740785325654, 33.89872958815625 ], [ 132.195059915697584, 33.898660284865464 ], [ 132.194660458877621, 33.898919601179465 ], [ 132.194178486416831, 33.898983104388762 ], [ 132.19143546549796, 33.898684845561071 ], [ 132.190496779467395, 33.898436501902466 ], [ 132.188720783880655, 33.897564177366725 ], [ 132.185816086212952, 33.897125642452238 ], [ 132.184890092943306, 33.896787370654103 ], [ 132.184052852836857, 33.896242826178501 ], [ 132.182679772441617, 33.89581189598406 ], [ 132.181157703429648, 33.895558199764587 ], [ 132.180957859694558, 33.895121900952269 ], [ 132.180120661548301, 33.894503231754889 ], [ 132.17983652784477, 33.893837734004187 ], [ 132.178844003482112, 33.893882069539863 ], [ 132.178778075116469, 33.894049724397405 ], [ 132.178462341686554, 33.893865762843248 ], [ 132.176201646946168, 33.894493572321394 ], [ 132.176240599621849, 33.894758566681453 ], [ 132.177396468547016, 33.89525438902816 ], [ 132.177397561027476, 33.89533835654936 ], [ 132.177613840902211, 33.895613346954164 ], [ 132.177426733880111, 33.895194087707871 ], [ 132.178047334517942, 33.895119085257157 ], [ 132.178293849931094, 33.895120894891015 ], [ 132.178914521725261, 33.895514894757596 ], [ 132.179793732249607, 33.896657247038249 ], [ 132.179935455203918, 33.897153993340893 ], [ 132.179811308331011, 33.898337017446515 ], [ 132.180215706942278, 33.898419957007839 ], [ 132.180171393794978, 33.8985244982971 ], [ 132.179545331681169, 33.898396498174485 ], [ 132.179783218100539, 33.898474101406059 ], [ 132.179491433061116, 33.899413693343071 ], [ 132.179273029657253, 33.89947584460311 ], [ 132.179454687376136, 33.899517388355648 ], [ 132.179400645819896, 33.899650811255128 ], [ 132.179202782342003, 33.899694082343672 ], [ 132.178536661541159, 33.8992650099092 ], [ 132.178995166218414, 33.899603091166291 ], [ 132.178188585555233, 33.899867324526909 ], [ 132.17784471438074, 33.899656308767412 ], [ 132.17823281816456, 33.899189240625034 ], [ 132.178229542660205, 33.898971996636845 ], [ 132.178082543008344, 33.899322672118132 ], [ 132.177169987005897, 33.899493220027843 ], [ 132.176395871524164, 33.900009061327971 ], [ 132.176340759742203, 33.900266884818571 ], [ 132.176624094807323, 33.900601325438664 ], [ 132.176303106458079, 33.901792533409647 ], [ 132.175908499193213, 33.902303835215172 ], [ 132.174994866654572, 33.902833062432371 ], [ 132.1750035469625, 33.903104547189436 ], [ 132.175458792007845, 33.903256814288476 ], [ 132.17569781743947, 33.903719463617911 ], [ 132.175841742766352, 33.904606604631169 ], [ 132.176455070894292, 33.906262096503418 ], [ 132.176577408232077, 33.907350280734939 ], [ 132.176881364707498, 33.908049044555753 ], [ 132.178580670797601, 33.908326155155507 ], [ 132.179997819884335, 33.908793184939015 ], [ 132.180071386790559, 33.909167366409037 ], [ 132.181056914769528, 33.910409997778856 ], [ 132.181497519568211, 33.910648040536039 ], [ 132.182506657608513, 33.91076203185559 ], [ 132.182393095741816, 33.910098058610025 ], [ 132.182694717310056, 33.909572379618275 ], [ 132.183438434287268, 33.910264165059623 ], [ 132.184400319806372, 33.910693023257508 ], [ 132.184556723415454, 33.91131754091937 ], [ 132.185594103333699, 33.911903613924089 ], [ 132.186068487566757, 33.912775198284145 ], [ 132.188054381071112, 33.913810396537471 ], [ 132.18972732325588, 33.914117244615205 ] ] ] } },
{ "type": "Feature", "properties": { "CITY_NAME": "周防大島町", "S_NAME": "大字久賀", "JINKO": 2552, "medical_area": "35_柳井医療圏", "町丁目名": "周防大島町大字久賀" }, "geometry": { "type": "Polygon", "coordinates": [ [ [ 132.246721695478101, 33.959503907292614 ], [ 132.247360795759704, 33.959132837131847 ], [ 132.247466612649561, 33.958902006478944 ], [ 132.247117666008705, 33.958326037509664 ], [ 132.247122855506802, 33.95809344130182 ], [ 132.247301451229646, 33.958167286436201 ], [ 132.24744179122473, 33.957834437401146 ], [ 132.247123766462408, 33.957910438060004 ], [ 132.24725499578372, 33.955898873041441 ], [ 132.248073283359872, 33.956151917886778 ], [ 132.24821929189747, 33.95593120299614 ], [ 132.248120443430651, 33.955875198930336 ], [ 132.248009928730681, 33.956023477519473 ], [ 132.247559279798082, 33.955885430335229 ], [ 132.247827456707768, 33.955305675091275 ], [ 132.248336960684071, 33.955005686057035 ], [ 132.248759308152216, 33.954484995080122 ], [ 132.249045440169738, 33.954667806510798 ], [ 132.248942802303304, 33.954817490063569 ], [ 132.2490846056929, 33.954887834974656 ], [ 132.249247758881097, 33.954664008482638 ], [ 132.248792945910481, 33.954246885844285 ], [ 132.250382401749192, 33.953266699310554 ], [ 132.250263234666448, 33.953107162595025 ], [ 132.250428901193487, 33.953245958731088 ], [ 132.25171142622699, 33.95262830216268 ], [ 132.251648564379991, 33.952514796354301 ], [ 132.25176008365716, 33.952600374675008 ], [ 132.254046430270478, 33.95183322506697 ], [ 132.253953177917708, 33.95163577714559 ], [ 132.253978049203852, 33.951626743125686 ], [ 132.254118889011266, 33.951815140831172 ], [ 132.254020247607684, 33.951626713156394 ], [ 132.254293976415681, 33.95164004294741 ], [ 132.254275471493997, 33.95153369067507 ], [ 132.255340709221343, 33.951134376291471 ], [ 132.255785442477048, 33.951204495139805 ], [ 132.255860885764662, 33.950931131946696 ], [ 132.256006149281632, 33.95121419609562 ], [ 132.256062387892683, 33.95119344576915 ], [ 132.256083870983815, 33.951047336900373 ], [ 132.256960888716804, 33.950680688686347 ], [ 132.25692399010623, 33.950577027599401 ], [ 132.257706080447349, 33.950483469907766 ], [ 132.257873530831802, 33.950261599122264 ], [ 132.258783170608552, 33.950062561214914 ], [ 132.258816567333241, 33.949937152955492 ], [ 132.25888158061457, 33.950030085468036 ], [ 132.258858749421051, 33.949923596800481 ], [ 132.259962532794162, 33.950179730807001 ], [ 132.260158847069221, 33.949659450619926 ], [ 132.260735142350796, 33.949349638261452 ], [ 132.261251166244193, 33.949338536478017 ], [ 132.26121101533613, 33.949221354550232 ], [ 132.261427458875801, 33.949285993471847 ], [ 132.261327804720878, 33.949177873670841 ], [ 132.262660218586575, 33.948798155951629 ], [ 132.262736080555982, 33.948914463764027 ], [ 132.262811629099247, 33.948755773732657 ], [ 132.262902674861579, 33.948910671464553 ], [ 132.26283866692674, 33.948748426843316 ], [ 132.263720111888119, 33.948521480979892 ], [ 132.264374555437882, 33.948458695203364 ], [ 132.264542840390931, 33.948974325484315 ], [ 132.264489492601257, 33.948687675556641 ], [ 132.265336447329901, 33.948576972617218 ], [ 132.265284714060527, 33.948741985913578 ], [ 132.265511867066976, 33.948712077575877 ], [ 132.265373233293076, 33.948576097879467 ], [ 132.266528504662233, 33.948459786510796 ], [ 132.266732064775567, 33.948607404777157 ], [ 132.266466572262544, 33.948236118032703 ], [ 132.266940359842465, 33.948188961070649 ], [ 132.266955699494503, 33.948347579778307 ], [ 132.266957674094243, 33.948187114982709 ], [ 132.267849049790499, 33.948142149865902 ], [ 132.26797836027103, 33.948612726293049 ], [ 132.266716069680427, 33.948803101124199 ], [ 132.266252501862255, 33.949258803080596 ], [ 132.26515692159623, 33.949556378682381 ], [ 132.26625796129585, 33.949301203770297 ], [ 132.266565430532125, 33.949493821239443 ], [ 132.266295787692883, 33.949268630303479 ], [ 132.266707480300681, 33.948856361568843 ], [ 132.267994661754784, 33.948673996025079 ], [ 132.268205413671808, 33.949394286778727 ], [ 132.266241242482863, 33.949806133800578 ], [ 132.268497490668949, 33.949374181642618 ], [ 132.268480980129368, 33.94914061553969 ], [ 132.268803285844029, 33.949071035550737 ], [ 132.270317852044485, 33.949048920837591 ], [ 132.270758886083598, 33.950507510368233 ], [ 132.270060170595997, 33.948007746485388 ], [ 132.270311129064339, 33.947983304194686 ], [ 132.270453207227689, 33.94827621669365 ], [ 132.270671700907315, 33.948243488489986 ], [ 132.27068861949482, 33.947931564112324 ], [ 132.270965545258264, 33.94790611294917 ], [ 132.271011669200163, 33.949334181970698 ], [ 132.271622077021618, 33.951257813156502 ], [ 132.272082172638761, 33.951493678129083 ], [ 132.27167073118261, 33.951233399354841 ], [ 132.271413210838034, 33.950340998013104 ], [ 132.27374836321934, 33.949857463117752 ], [ 132.274669381028843, 33.950966659160578 ], [ 132.275527144706786, 33.950836013450932 ], [ 132.275982784182872, 33.950967334605849 ], [ 132.277227316194598, 33.952058895647973 ], [ 132.277650149386773, 33.952732065353793 ], [ 132.277499851110832, 33.952801654622753 ], [ 132.277621199609371, 33.953744597781366 ], [ 132.276954656183932, 33.953690252085771 ], [ 132.276994883679464, 33.953837153654341 ], [ 132.280138863819843, 33.95376400157091 ], [ 132.280222786751835, 33.954223755541051 ], [ 132.280762777238863, 33.954299050834365 ], [ 132.281161451841513, 33.954683564434283 ], [ 132.281763049738203, 33.954709207339079 ], [ 132.28247244215251, 33.955232333958783 ], [ 132.282553490299478, 33.955947362594934 ], [ 132.282975922568966, 33.956285920426225 ], [ 132.284828951355024, 33.956030857099478 ], [ 132.285161644133893, 33.955635511358977 ], [ 132.285608520959727, 33.955654944058551 ], [ 132.285995511685286, 33.955409299012047 ], [ 132.286203722199843, 33.95498533150284 ], [ 132.285942509984835, 33.954659307709221 ], [ 132.285923478289192, 33.954213019724932 ], [ 132.286425344729253, 33.953347813652293 ], [ 132.287157335556145, 33.95301349576949 ], [ 132.287127669182354, 33.952699784325645 ], [ 132.286502066750955, 33.952525420988643 ], [ 132.286292382081314, 33.951914345001882 ], [ 132.287512159854515, 33.950736522127166 ], [ 132.287585313173906, 33.950450604110593 ], [ 132.287819197301019, 33.950579280456687 ], [ 132.288004078070259, 33.950496260888258 ], [ 132.288057733345909, 33.950193173825291 ], [ 132.287890167098737, 33.949530637496217 ], [ 132.28767950408897, 33.949741883373598 ], [ 132.28728959647384, 33.949446558295335 ], [ 132.287489825401934, 33.948755625002626 ], [ 132.287167935761175, 33.948361052414398 ], [ 132.287208186288439, 33.947765934156259 ], [ 132.287646738364998, 33.946541112483239 ], [ 132.287605341923637, 33.945597113128194 ], [ 132.287884723636125, 33.94503063997356 ], [ 132.287644641353069, 33.945091314178796 ], [ 132.287532730147262, 33.944753306841349 ], [ 132.287747662830071, 33.944503309443057 ], [ 132.287935983488381, 33.944565254368364 ], [ 132.287307603947056, 33.943919498543117 ], [ 132.287343149957422, 33.942288316649645 ], [ 132.287564736550138, 33.942160037125291 ], [ 132.287779319097012, 33.94166941295741 ], [ 132.288298135674495, 33.941359524100356 ], [ 132.288158374489797, 33.941215397088179 ], [ 132.288254739722589, 33.940520184097629 ], [ 132.288416774585016, 33.940358573204783 ], [ 132.289996708895814, 33.939241779166387 ], [ 132.290349208675991, 33.939139428511126 ], [ 132.290383605611368, 33.9389870991387 ], [ 132.292564713155997, 33.937724425526973 ], [ 132.291392764923501, 33.936175891491672 ], [ 132.290469818111092, 33.935565091450563 ], [ 132.290007673411566, 33.934361265318344 ], [ 132.2896690232987, 33.934121954753131 ], [ 132.288556070021855, 33.93402457011873 ], [ 132.287173787209412, 33.934130874631663 ], [ 132.285312747392965, 33.933828347672247 ], [ 132.284948584281665, 33.933514801155042 ], [ 132.28426540249751, 33.933327940913905 ], [ 132.283171741191836, 33.933371815959731 ], [ 132.282980536465487, 33.93261234293243 ], [ 132.283039008972878, 33.932027611645594 ], [ 132.283507572507062, 33.931528852097983 ], [ 132.284376386637916, 33.931161574718374 ], [ 132.284472473954622, 33.93099058703595 ], [ 132.284032141909137, 33.930459871800501 ], [ 132.284105814715446, 33.930159150689661 ], [ 132.285079949829793, 33.929163979064924 ], [ 132.284757874303011, 33.928431260265462 ], [ 132.284172054919281, 33.928042707031075 ], [ 132.283736455239648, 33.927351395027763 ], [ 132.284058966964636, 33.926612017456982 ], [ 132.283746875261045, 33.925932983137038 ], [ 132.28287266360266, 33.925929731679474 ], [ 132.282590863670777, 33.92573234111601 ], [ 132.2822269765839, 33.925088288636651 ], [ 132.281025821723318, 33.924352458300788 ], [ 132.28122403496414, 33.922991344873189 ], [ 132.280660382950089, 33.922518502186279 ], [ 132.280424665620245, 33.921680747927716 ], [ 132.279806977041375, 33.921421950864342 ], [ 132.279841237275491, 33.921179036713177 ], [ 132.279576351500765, 33.920678862123069 ], [ 132.279131323709237, 33.920267607209574 ], [ 132.279028812988088, 33.919293907261562 ], [ 132.278104874227836, 33.918969440056429 ], [ 132.277234496901798, 33.918047846353296 ], [ 132.276677750127675, 33.917136392445784 ], [ 132.276326836358209, 33.916918472296032 ], [ 132.27611885819897, 33.916465709947808 ], [ 132.275315589973445, 33.915854973940178 ], [ 132.274035884087198, 33.915329035366852 ], [ 132.273443445324375, 33.915465360236873 ], [ 132.272150077733215, 33.913846289754609 ], [ 132.27107671693642, 33.912839896527757 ], [ 132.269941684475555, 33.913585456966878 ], [ 132.267426178989155, 33.914219458313717 ], [ 132.266226824195854, 33.915206079074082 ], [ 132.264018590783564, 33.915760143267185 ], [ 132.261984866934796, 33.915704146147945 ], [ 132.261481383124533, 33.91633513060588 ], [ 132.259126508460412, 33.916380483266906 ], [ 132.258607296481955, 33.91669870631732 ], [ 132.257400670907884, 33.916744555790856 ], [ 132.256933802480546, 33.917152334211025 ], [ 132.254725581758436, 33.917834558429419 ], [ 132.252703925225916, 33.917573265192985 ], [ 132.252330096426903, 33.917277395589934 ], [ 132.251364559645481, 33.917078302016428 ], [ 132.250391071542481, 33.91661110660695 ], [ 132.250224896327239, 33.916442161838482 ], [ 132.250102601583848, 33.91555398028769 ], [ 132.249840999081414, 33.915259432719402 ], [ 132.249208978972064, 33.914991903758043 ], [ 132.248541190994644, 33.914282445625787 ], [ 132.248113810459472, 33.914218631239677 ], [ 132.247307015290431, 33.914420351570001 ], [ 132.24651958790065, 33.913985125626404 ], [ 132.245658725305987, 33.91392934211882 ], [ 132.245411330739074, 33.914015443154611 ], [ 132.243596139156779, 33.915941494397849 ], [ 132.243094678157632, 33.917286249578559 ], [ 132.242688916373879, 33.917353142671153 ], [ 132.241200280836296, 33.918398562758604 ], [ 132.240988453888974, 33.91875230542373 ], [ 132.241042701241213, 33.919261135885179 ], [ 132.240141133059922, 33.920181920220926 ], [ 132.239748380609058, 33.92108816738007 ], [ 132.239231957734376, 33.921205125486686 ], [ 132.238227377575043, 33.922133706697785 ], [ 132.236493738473172, 33.922640756251539 ], [ 132.236315086929437, 33.923177335438915 ], [ 132.235495938992813, 33.924181016637029 ], [ 132.235206427477578, 33.924941234827138 ], [ 132.235515159072975, 33.925509096106701 ], [ 132.236676728843065, 33.926761016749289 ], [ 132.237715803992472, 33.92709078736948 ], [ 132.238628108091746, 33.927599825444119 ], [ 132.239755931278921, 33.928681133780998 ], [ 132.240777149581277, 33.929289557305609 ], [ 132.240616933818416, 33.929751888953078 ], [ 132.240884394175168, 33.930470791618198 ], [ 132.239342894355275, 33.933276539490208 ], [ 132.238782570992754, 33.933643444484282 ], [ 132.238946457858816, 33.934323950698591 ], [ 132.239395964383363, 33.934800149685323 ], [ 132.240399259833566, 33.935333496345876 ], [ 132.240619627164591, 33.936384064049264 ], [ 132.241184009067439, 33.936883574299621 ], [ 132.241633213856517, 33.936976988876964 ], [ 132.241547132698429, 33.937751190204089 ], [ 132.242427691410342, 33.940813718203501 ], [ 132.241838979143125, 33.941705160570429 ], [ 132.241814011564401, 33.94232632639774 ], [ 132.241271168631641, 33.943151945683383 ], [ 132.241279282658212, 33.944372123015789 ], [ 132.241642479687215, 33.945434573017202 ], [ 132.241333438167572, 33.94620904210803 ], [ 132.241558451940904, 33.947368354848656 ], [ 132.241412762543689, 33.948380249484309 ], [ 132.241640694388252, 33.949698332536258 ], [ 132.241282502916846, 33.950477621393702 ], [ 132.24047770320999, 33.950797200921762 ], [ 132.240145081969587, 33.951367403430666 ], [ 132.23992201529822, 33.952787050629105 ], [ 132.239551709294545, 33.953440533569086 ], [ 132.239837977705946, 33.955779667369818 ], [ 132.239567417823224, 33.956224020696688 ], [ 132.23927291286023, 33.957802607725036 ], [ 132.239702836684728, 33.958361926870467 ], [ 132.241765359831533, 33.959272037347588 ], [ 132.241948932263, 33.960106073216522 ], [ 132.242248348999823, 33.960602489654278 ], [ 132.243150424376807, 33.961196726931142 ], [ 132.244142569102678, 33.962403442196319 ], [ 132.245066469222706, 33.962092643448223 ], [ 132.246721695478101, 33.959503907292614 ] ] ] } },
{ "type": "Feature", "properties": { "CITY_NAME": "周防大島町", "S_NAME": "大字久賀", "JINKO": 0, "medical_area": "35_柳井医療圏", "町丁目名": "周防大島町大字久賀" }, "geometry": { "type": "Polygon", "coordinates": [ [ [ 132.265488895382191, 34.009482356245911 ], [ 132.266066981118371, 34.009426809906081 ], [ 132.266389187917923, 34.009058724331531 ], [ 132.267307921151513, 34.008671136523574 ], [ 132.267873414987889, 34.008045891980267 ], [ 132.267555706922877, 34.007625075087304 ], [ 132.267976331007759, 34.00718393172658 ], [ 132.268165057467002, 34.006559839796367 ], [ 132.269097524984062, 34.005917103285292 ], [ 132.269243080004372, 34.005413916921732 ], [ 132.269896452766034, 34.004968913045332 ], [ 132.270320146332551, 34.004402382403008 ], [ 132.270331443161638, 34.002999390518681 ], [ 132.26959684531667, 34.002505099498272 ], [ 132.269442513018333, 34.002011029125043 ], [ 132.268977472845989, 34.001499323256411 ], [ 132.2691186975741, 34.001016842189664 ], [ 132.268944951008137, 34.001462440177036 ], [ 132.268175124122138, 34.001366571449182 ], [ 132.267868373899404, 34.001044917254255 ], [ 132.267716049673339, 34.001305664586873 ], [ 132.26743430513099, 34.001073305819901 ], [ 132.267443650452037, 34.000745899259108 ], [ 132.267976395786945, 34.000850136500894 ], [ 132.268156482119679, 34.000266615842179 ], [ 132.268829106205487, 34.00056725987492 ], [ 132.269485204594929, 34.000619827732926 ], [ 132.269400102469575, 34.00096702049774 ], [ 132.26954324611404, 34.001166244075378 ], [ 132.269550111474729, 34.000581878376174 ], [ 132.27065217083458, 34.000598991150987 ], [ 132.271198476675551, 34.00029029128897 ], [ 132.271354604355565, 33.99961479122156 ], [ 132.271631193738216, 33.999185444090941 ], [ 132.271436497343501, 33.998440787818978 ], [ 132.271548954397986, 33.996610408470914 ], [ 132.271418602666017, 33.996248041004037 ], [ 132.268861217693228, 33.994910435845895 ], [ 132.267513078627559, 33.993627585031561 ], [ 132.267136703764578, 33.993893869133842 ], [ 132.267157601518647, 33.994177015860608 ], [ 132.26755211364852, 33.994586085411356 ], [ 132.267348908305138, 33.994834196112187 ], [ 132.267464027804664, 33.995153189359932 ], [ 132.266932292185913, 33.995865053268481 ], [ 132.266122870064009, 33.996099141763878 ], [ 132.26496967575136, 33.995805349187535 ], [ 132.26392869054439, 33.996127090594022 ], [ 132.264066396733938, 33.997261184191132 ], [ 132.264984066002398, 33.997934838045794 ], [ 132.264736136986187, 33.999778835152917 ], [ 132.265018817045842, 33.998037650250538 ], [ 132.26557222162009, 33.998234719723854 ], [ 132.265756942871775, 33.998825129484054 ], [ 132.265596729620313, 33.998824270882928 ], [ 132.265780945774537, 33.998982892804428 ], [ 132.265315371232475, 33.998909303408787 ], [ 132.265436673945771, 33.998967811657238 ], [ 132.26534411080047, 33.999421369189285 ], [ 132.265489972238726, 34.000102817442581 ], [ 132.264854604961613, 34.001118623318966 ], [ 132.26387854276993, 34.00146651296216 ], [ 132.263061119189018, 34.001391358713349 ], [ 132.26216664109765, 34.00210700093627 ], [ 132.261451871644994, 34.001865944209648 ], [ 132.261110482080625, 34.002504517593607 ], [ 132.25889609044313, 34.003025595158618 ], [ 132.258560024423019, 34.003598366784971 ], [ 132.258767891855086, 34.004622382921653 ], [ 132.259295538651713, 34.005007004393399 ], [ 132.259579754149115, 34.005533387540225 ], [ 132.259451751337565, 34.006306048696807 ], [ 132.25906994523416, 34.006641759729206 ], [ 132.25909306767187, 34.007006048355336 ], [ 132.259336601262561, 34.006949938608869 ], [ 132.259642107209856, 34.007134539325044 ], [ 132.26019080909154, 34.006951128227492 ], [ 132.261074186480869, 34.006904392521946 ], [ 132.261291933777215, 34.007023266203717 ], [ 132.261553129898175, 34.007281011092154 ], [ 132.261639098745547, 34.007675820219816 ], [ 132.262629146151454, 34.008136708037625 ], [ 132.263165716240337, 34.008722334588832 ], [ 132.263257616257647, 34.009570616737243 ], [ 132.263507007879014, 34.009905846978057 ], [ 132.26504966270241, 34.009768402430012 ], [ 132.265488895382191, 34.009482356245911 ] ] ] } },
{ "type": "Feature", "properties": { "CITY_NAME": "周防大島町", "S_NAME": "大字久賀", "JINKO": 0, "medical_area": "35_柳井医療圏", "町丁目名": "周防大島町大字久賀" }, "geometry": { "type": "Polygon", "coordinates": [ [ [ 132.250433667943753, 33.99432837466933 ], [ 132.248812969569201, 33.994077006838232 ], [ 132.2482286294819, 33.994277438327558 ], [ 132.248021038501577, 33.994528336243754 ], [ 132.24873480925919, 33.994971347622254 ], [ 132.249676705877874, 33.995117796232734 ], [ 132.250225274500139, 33.994864976191799 ], [ 132.2504825470767, 33.994499648493253 ], [ 132.250433667943753, 33.99432837466933 ] ] ] } },
{ "type": "Feature", "properties": { "CITY_NAME": "周防大島町", "S_NAME": "大字椋野", "JINKO": 415, "medical_area": "35_柳井医療圏", "町丁目名": "周防大島町大字椋野" }, "geometry": { "type": "Polygon", "coordinates": [ [ [ 132.235208795335723, 33.967002365765595 ], [ 132.235272722568681, 33.967107002709305 ], [ 132.235322362507588, 33.966936511648512 ], [ 132.236011468183932, 33.966707198730525 ], [ 132.236388095356034, 33.966779116524442 ], [ 132.236559783039411, 33.966330883114132 ], [ 132.238863649803847, 33.965178153695099 ], [ 132.239169413200329, 33.964635168038264 ], [ 132.239877911169003, 33.964340876417943 ], [ 132.239770492378682, 33.963995646414489 ], [ 132.239978520219523, 33.964312782347683 ], [ 132.243515786928725, 33.963139503712462 ], [ 132.243826457743751, 33.963279907030689 ], [ 132.24382515882408, 33.963035623824368 ], [ 132.244476297585692, 33.96276825007709 ], [ 132.245066469222706, 33.962092643448223 ], [ 132.244742736427668, 33.962114967187539 ], [ 132.244342215772519, 33.962402049360257 ], [ 132.243959101584267, 33.962307477794752 ], [ 132.243306958511823, 33.961349906676851 ], [ 132.242061081235761, 33.960347330670423 ], [ 132.241765359831533, 33.959272037347588 ], [ 132.239626868936938, 33.958316186028441 ], [ 132.23925151515482, 33.957725841042283 ], [ 132.239567417823224, 33.956224020696688 ], [ 132.239837977705946, 33.955779667369818 ], [ 132.239551709294545, 33.953440533569086 ], [ 132.23992201529822, 33.952787050629105 ], [ 132.240145081969587, 33.951367403430666 ], [ 132.24047770320999, 33.950797200921762 ], [ 132.241282502916846, 33.950477621393702 ], [ 132.241640694388252, 33.949698332536258 ], [ 132.241412762543689, 33.948380249484309 ], [ 132.241558451940904, 33.947368354848656 ], [ 132.241333438167572, 33.94620904210803 ], [ 132.241642479687215, 33.945434573017202 ], [ 132.241279282658212, 33.944372123015789 ], [ 132.241271168631641, 33.943151945683383 ], [ 132.241814011564401, 33.94232632639774 ], [ 132.241838979143125, 33.941705160570429 ], [ 132.242427691410342, 33.940813718203501 ], [ 132.241547132698429, 33.937751190204089 ], [ 132.241633213856517, 33.936976988876964 ], [ 132.241184009067439, 33.936883574299621 ], [ 132.240619627164591, 33.936384064049264 ], [ 132.240399259833566, 33.935333496345876 ], [ 132.239395964383363, 33.934800149685323 ], [ 132.238946457858816, 33.934323950698591 ], [ 132.238782570992754, 33.933643444484282 ], [ 132.237937522103039, 33.934030800326525 ], [ 132.235165744931209, 33.934699311087975 ], [ 132.234730834956196, 33.935526252107898 ], [ 132.233709091463595, 33.936344221868445 ], [ 132.233443292343281, 33.937970994472771 ], [ 132.232509990408715, 33.938607727972148 ], [ 132.231233356837294, 33.939066983740055 ], [ 132.230835468921669, 33.939438840481408 ], [ 132.230820598907485, 33.939853040604035 ], [ 132.231158474745683, 33.940446961096868 ], [ 132.230916853111097, 33.940869451512732 ], [ 132.231016307234427, 33.941814292819359 ], [ 132.230557599944717, 33.942133771094568 ], [ 132.230278113018727, 33.942710826728323 ], [ 132.230150935997443, 33.943841326096852 ], [ 132.228935391836728, 33.944839387829525 ], [ 132.228079616762443, 33.94526203763462 ], [ 132.227516955855123, 33.94590177471764 ], [ 132.227428349711232, 33.946413638271068 ], [ 132.225599363859345, 33.946967906108398 ], [ 132.22304980024569, 33.949008346522412 ], [ 132.22296461885432, 33.949810560290565 ], [ 132.222271889264533, 33.950782809998174 ], [ 132.220630461255894, 33.951267468510402 ], [ 132.219755985928941, 33.952311633924083 ], [ 132.218157184664221, 33.952834841792608 ], [ 132.218068059742848, 33.953562947928624 ], [ 132.218470733412403, 33.95407684841291 ], [ 132.218319668392212, 33.954388819979094 ], [ 132.217811796539053, 33.954729398295584 ], [ 132.21786199410613, 33.955189490705806 ], [ 132.217580866612366, 33.956538108636288 ], [ 132.217050176819185, 33.958053207127854 ], [ 132.216144990227406, 33.959557606483685 ], [ 132.215416920256843, 33.960113526856013 ], [ 132.214697829773229, 33.960980220219547 ], [ 132.213896179021532, 33.961293705728046 ], [ 132.214370850672253, 33.96187732611417 ], [ 132.215203858118912, 33.962487568895391 ], [ 132.215132325019994, 33.963254964798338 ], [ 132.215843343557424, 33.963658440226148 ], [ 132.216200500856417, 33.96416870050956 ], [ 132.216062676915442, 33.964567584461413 ], [ 132.216574034824816, 33.965133286978663 ], [ 132.216745925266878, 33.964852868204652 ], [ 132.217105233455726, 33.964956407771602 ], [ 132.217317976245965, 33.96422600470747 ], [ 132.217022864479873, 33.96283396205434 ], [ 132.217282029167336, 33.961921384107725 ], [ 132.217001436974044, 33.96133459602671 ], [ 132.217042393737984, 33.961064090373164 ], [ 132.21776163004057, 33.960560712232024 ], [ 132.220578629209484, 33.959680419283167 ], [ 132.224062368751902, 33.959228026740576 ], [ 132.224020044800511, 33.959040536174349 ], [ 132.224121738962509, 33.959020624124847 ], [ 132.224800930953535, 33.960797501612909 ], [ 132.224341576662511, 33.959460629327552 ], [ 132.226310627880935, 33.959323741201075 ], [ 132.226476539441279, 33.960628628097275 ], [ 132.226733431193423, 33.960625262568023 ], [ 132.226749429365213, 33.960895320832108 ], [ 132.224888157615112, 33.961199248959268 ], [ 132.225749749089175, 33.96121856072304 ], [ 132.22813642435932, 33.960588362765613 ], [ 132.229408360772169, 33.959685387633364 ], [ 132.22950407924958, 33.959718586306764 ], [ 132.229277480465242, 33.960566232733342 ], [ 132.229254881354336, 33.960733890238451 ], [ 132.229309160597012, 33.96097730225781 ], [ 132.229360586267717, 33.960278513979517 ], [ 132.230420112394114, 33.960599878463277 ], [ 132.230342594625455, 33.961121877385814 ], [ 132.230558162729977, 33.961445505752444 ], [ 132.230502001916165, 33.961587964002774 ], [ 132.23024119947948, 33.961544849286902 ], [ 132.229172967977149, 33.961164882154193 ], [ 132.230523724112516, 33.961697979243894 ], [ 132.231399788607717, 33.962640564601479 ], [ 132.231445568282879, 33.963082336656655 ], [ 132.230922100672046, 33.963403673808664 ], [ 132.2316669323761, 33.963913545481454 ], [ 132.231703711611203, 33.96533626209618 ], [ 132.231899591239312, 33.96536870084347 ], [ 132.232727510810065, 33.966952442205042 ], [ 132.233752733344176, 33.967564005781007 ], [ 132.235208795335723, 33.967002365765595 ] ] ] } },
{ "type": "Feature", "properties": { "CITY_NAME": "周防大島町", "S_NAME": "大字椋野", "JINKO": 0, "medical_area": "35_柳井医療圏", "町丁目名": "周防大島町大字椋野" }, "geometry": { "type": "Polygon", "coordinates": [ [ [ 132.232079079931509, 33.972328147805776 ], [ 132.232081991665865, 33.971887338174334 ], [ 132.23246709031261, 33.971689622118106 ], [ 132.232665864003167, 33.97123870590395 ], [ 132.231905955730781, 33.970920022089381 ], [ 132.231687140946832, 33.970627955955813 ], [ 132.23181521621683, 33.971130964064756 ], [ 132.231636925649951, 33.971483676609871 ], [ 132.231806026611565, 33.971868466318725 ], [ 132.231696020729629, 33.972365400849775 ], [ 132.232079079931509, 33.972328147805776 ] ] ] } },
{ "type": "Feature", "properties": { "CITY_NAME": "周防大島町", "S_NAME": "大字東安下庄", "JINKO": 0, "medical_area": "35_柳井医療圏", "町丁目名": "周防大島町大字東安下庄" }, "geometry": { "type": "Polygon", "coordinates": [ [ [ 132.314557747907145, 33.867298747943465 ], [ 132.314305917164006, 33.866676065234877 ], [ 132.313386146668506, 33.866671641636536 ], [ 132.312625479624216, 33.866168588506632 ], [ 132.312402221254018, 33.865813543119692 ], [ 132.312395235105328, 33.865517841223692 ], [ 132.312624247408877, 33.865449109499117 ], [ 132.312401660219138, 33.865485431664681 ], [ 132.312508068591683, 33.865138177429081 ], [ 132.312785343365306, 33.865486679777959 ], [ 132.31258586863504, 33.865127239330015 ], [ 132.312629781125253, 33.864896284700137 ], [ 132.313371324770173, 33.863715263557289 ], [ 132.313161220777715, 33.863458539305846 ], [ 132.313288082977579, 33.863071532145021 ], [ 132.313155338979897, 33.862554229048492 ], [ 132.312227475890893, 33.862851854139109 ], [ 132.311030972289132, 33.862783770018048 ], [ 132.31081291107057, 33.862933774852209 ], [ 132.310291750903531, 33.862795457863115 ], [ 132.310274217121417, 33.862649384216944 ], [ 132.310192342205028, 33.862809095177241 ], [ 132.309886278346767, 33.86268321452156 ], [ 132.309699498163951, 33.862796134955367 ], [ 132.309516153949858, 33.863026264443498 ], [ 132.309673026361054, 33.863122587703089 ], [ 132.309594383363645, 33.863272294823723 ], [ 132.309350261281651, 33.863354708733539 ], [ 132.309546227665891, 33.863558198024073 ], [ 132.309051969675807, 33.864004232111235 ], [ 132.308993282346876, 33.864456951520644 ], [ 132.308504049629931, 33.864672917371024 ], [ 132.309872226256147, 33.86525840287738 ], [ 132.310054879799026, 33.865902866823056 ], [ 132.310001679232158, 33.866402351115966 ], [ 132.310568448803281, 33.866653322113997 ], [ 132.311053633578638, 33.867235173012247 ], [ 132.312162661566305, 33.867297017430388 ], [ 132.313408085511497, 33.868115226107761 ], [ 132.314557747907145, 33.867298747943465 ] ] ] } },
{ "type": "Feature", "properties": { "CITY_NAME": "周防大島町", "S_NAME": "大字東安下庄", "JINKO": 1089, "medical_area": "35_柳井医療圏", "町丁目名": "周防大島町大字東安下庄" }, "geometry": { "type": "Polygon", "coordinates": [ [ [ 132.27694433257679, 33.916094450744197 ], [ 132.277647285770428, 33.914778519752396 ], [ 132.278340728677392, 33.914251691469957 ], [ 132.279336861706952, 33.914003115889152 ], [ 132.280225627233364, 33.91406373229372 ], [ 132.280845341783532, 33.913480042342819 ], [ 132.281086784805012, 33.913150994543784 ], [ 132.281141382178646, 33.912679684572879 ], [ 132.281461840618931, 33.91246003205984 ], [ 132.282829152366958, 33.912572737416205 ], [ 132.284015600299426, 33.913082470352471 ], [ 132.285319459779657, 33.912923439575295 ], [ 132.286472895205435, 33.912350051887792 ], [ 132.286690604179796, 33.911872946323108 ], [ 132.287504807434459, 33.911373563082982 ], [ 132.289864897061676, 33.910739931813943 ], [ 132.292375358182539, 33.910476481737753 ], [ 132.293607425538113, 33.909797854914153 ], [ 132.295331571664917, 33.911170517770522 ], [ 132.296497183522604, 33.911754664941576 ], [ 132.297630917997708, 33.910407471017898 ], [ 132.298521232353579, 33.909768614034505 ], [ 132.30119849933601, 33.908610500639469 ], [ 132.302407622145324, 33.908446885494982 ], [ 132.303377636400882, 33.906727169292061 ], [ 132.306944792910286, 33.903261611436669 ], [ 132.309004485436844, 33.902426224696384 ], [ 132.310553360575881, 33.901346873822938 ], [ 132.311993704374203, 33.90111168608081 ], [ 132.312529355785188, 33.900750713532929 ], [ 132.312844857795568, 33.900359840119911 ], [ 132.313147613172873, 33.899545215739622 ], [ 132.313369138741592, 33.898029950039245 ], [ 132.313707823199053, 33.897171890807847 ], [ 132.31496203718666, 33.895993683544489 ], [ 132.315932122087276, 33.895981148007635 ], [ 132.315794461191217, 33.895686024305128 ], [ 132.316204539474512, 33.895240789799168 ], [ 132.316908126525874, 33.893653096239049 ], [ 132.316863570272062, 33.892907752849766 ], [ 132.316275480057499, 33.892764463403111 ], [ 132.313932778932212, 33.891612110409476 ], [ 132.311473220549715, 33.892279445830091 ], [ 132.309336597234733, 33.89212591189505 ], [ 132.308803956428704, 33.89234375542636 ], [ 132.308381028794145, 33.89287887303869 ], [ 132.308464276597107, 33.894183457486932 ], [ 132.308106359782784, 33.894151462536854 ], [ 132.307385791851203, 33.894502927696891 ], [ 132.308135593819514, 33.894175801926032 ], [ 132.308454596441663, 33.894209671990808 ], [ 132.308293249746782, 33.894711102894746 ], [ 132.307882912601826, 33.89502178490617 ], [ 132.307602353711445, 33.894701040291856 ], [ 132.30783107407288, 33.895056077398344 ], [ 132.307303837627245, 33.895295606041628 ], [ 132.307181424512862, 33.895147821664708 ], [ 132.30721416951377, 33.895337126518307 ], [ 132.307094982789209, 33.895180461893183 ], [ 132.307105045966125, 33.895381485409764 ], [ 132.306590635146335, 33.895530834223912 ], [ 132.306526602648376, 33.89537762937087 ], [ 132.306541999206928, 33.895541736690859 ], [ 132.30565140494565, 33.895728415253672 ], [ 132.305608980920908, 33.895571664086255 ], [ 132.305621137970803, 33.895731126369476 ], [ 132.304953100855471, 33.895824852349008 ], [ 132.304918037885869, 33.895530029140438 ], [ 132.304901158299032, 33.895795043607151 ], [ 132.304739009698267, 33.895814242142926 ], [ 132.304436187056524, 33.895759494740524 ], [ 132.304348229528301, 33.895518969074303 ], [ 132.304917713235682, 33.895328007683595 ], [ 132.304132989137486, 33.895469617475634 ], [ 132.303684699977737, 33.895724260290066 ], [ 132.302735659596323, 33.895880411841773 ], [ 132.302479180969414, 33.89573290932347 ], [ 132.302202555853512, 33.895832391246465 ], [ 132.302131639700974, 33.89611817446157 ], [ 132.301729574750283, 33.896202577219398 ], [ 132.301428504344585, 33.896578774199817 ], [ 132.300816790154158, 33.896735532923813 ], [ 132.296493192618726, 33.896840162647337 ], [ 132.295938408247508, 33.896755934648525 ], [ 132.295191136257841, 33.895925512021734 ], [ 132.294494154442759, 33.894728741324457 ], [ 132.294576768828563, 33.894304886580969 ], [ 132.294202758247764, 33.893623691544974 ], [ 132.294186814875303, 33.893071877973455 ], [ 132.293214422587056, 33.892779844920661 ], [ 132.292473818999071, 33.892770738971308 ], [ 132.291190772659803, 33.892212036053955 ], [ 132.291122402692281, 33.892030931268614 ], [ 132.291300472339543, 33.89180900578139 ], [ 132.291512919075103, 33.890686251415481 ], [ 132.290958217253603, 33.890625385363954 ], [ 132.291000715937145, 33.890863431202462 ], [ 132.290751367078911, 33.891134173120847 ], [ 132.29047973944995, 33.890954117267576 ], [ 132.289906941929701, 33.891095288798155 ], [ 132.289381046266612, 33.891524090159841 ], [ 132.289174010087322, 33.892682056569278 ], [ 132.288554767250162, 33.892863842251728 ], [ 132.288463443663034, 33.893274178437693 ], [ 132.289170059516294, 33.893714437860091 ], [ 132.288935870424638, 33.894009534091516 ], [ 132.289660512598516, 33.893430780235171 ], [ 132.290181148153692, 33.893853185646073 ], [ 132.28986584529224, 33.894127655565065 ], [ 132.289407992367643, 33.893768300175175 ], [ 132.28911863001295, 33.894043587261145 ], [ 132.289389750194687, 33.893859328069894 ], [ 132.289802363771031, 33.894347633714183 ], [ 132.290894089202908, 33.894916404567276 ], [ 132.291011052066864, 33.895053364770142 ], [ 132.290907373355935, 33.895138139791264 ], [ 132.291031620080673, 33.895075885191829 ], [ 132.291270038263207, 33.895461520832541 ], [ 132.291346634103633, 33.896092595073405 ], [ 132.29189153060392, 33.89681152799524 ], [ 132.291905479712653, 33.897488734108819 ], [ 132.292213558213774, 33.898180855356685 ], [ 132.292070966858915, 33.898272010109373 ], [ 132.292194274090008, 33.898301611359322 ], [ 132.291952651903472, 33.899439759883805 ], [ 132.291707183438632, 33.899422962821085 ], [ 132.291952688553494, 33.899464978262955 ], [ 132.291671247349228, 33.90073841328703 ], [ 132.29144790129709, 33.901067739706846 ], [ 132.290558854223178, 33.901645688856412 ], [ 132.289331112620488, 33.902051811654623 ], [ 132.288899793534625, 33.902132402608466 ], [ 132.288856347130007, 33.901994521657919 ], [ 132.288866286004662, 33.902137929685821 ], [ 132.288559286147944, 33.902199517391821 ], [ 132.288299442479882, 33.901197116657883 ], [ 132.288350833188588, 33.901600129467141 ], [ 132.287540076352883, 33.901739837467879 ], [ 132.287456319527166, 33.901385460269807 ], [ 132.287508982165406, 33.90192287321559 ], [ 132.286188726730359, 33.901913312707237 ], [ 132.286298482382136, 33.901526344458887 ], [ 132.285931565437096, 33.902043455702419 ], [ 132.285931155442427, 33.901746757770809 ], [ 132.28470463193662, 33.900688504582149 ], [ 132.285034688507551, 33.900889226782958 ], [ 132.285354360359605, 33.900614904153414 ], [ 132.286458046178552, 33.901193566244402 ], [ 132.288556253393921, 33.900815495308073 ], [ 132.288536660621531, 33.900729858390662 ], [ 132.286457969717105, 33.901138481956231 ], [ 132.285009126977997, 33.900382498583767 ], [ 132.28495336561943, 33.899936237250401 ], [ 132.284150648945257, 33.899617905969627 ], [ 132.282666110465669, 33.899615648691849 ], [ 132.282664051900809, 33.899694968024114 ], [ 132.284092383284161, 33.899701786464242 ], [ 132.284300989363118, 33.900440093149612 ], [ 132.284671040956994, 33.900640777686604 ], [ 132.284563045510509, 33.900735553968673 ], [ 132.283972673830732, 33.900725269692899 ], [ 132.283986233978169, 33.900361921265585 ], [ 132.282995801291264, 33.900350180923652 ], [ 132.282764052336319, 33.900884203154462 ], [ 132.282030831388738, 33.900783879378601 ], [ 132.282133087666693, 33.900438480465326 ], [ 132.281836341565423, 33.900078944663136 ], [ 132.28208875272594, 33.900440353480612 ], [ 132.281988633187126, 33.900765040634489 ], [ 132.281112494499922, 33.900519736390621 ], [ 132.281014437856584, 33.900770457150273 ], [ 132.281033552357087, 33.900509806480841 ], [ 132.280933311842915, 33.900746159737437 ], [ 132.280643421780553, 33.900666125736663 ], [ 132.280696089387135, 33.900425449338464 ], [ 132.279737743413676, 33.900146821063302 ], [ 132.27975273351754, 33.900039454049356 ], [ 132.279625460205978, 33.900276676571167 ], [ 132.27917201506105, 33.89997151698045 ], [ 132.278596731610406, 33.900752390834228 ], [ 132.278316878413051, 33.900764760765533 ], [ 132.278146427991743, 33.901062037375262 ], [ 132.277381279255593, 33.903503242069149 ], [ 132.276794640173023, 33.904300733554372 ], [ 132.276800392955636, 33.905087972043717 ], [ 132.276398044842949, 33.90605463381349 ], [ 132.2757048917737, 33.906641735687693 ], [ 132.274617154608706, 33.908756322200233 ], [ 132.27284044507644, 33.911107738495154 ], [ 132.271151324759359, 33.912899144819228 ], [ 132.272150077733215, 33.913846289754609 ], [ 132.273443445324375, 33.915465360236873 ], [ 132.274035884087198, 33.915329035366852 ], [ 132.274564536300488, 33.915526239790658 ], [ 132.275315589973445, 33.915854973940178 ], [ 132.276248203060334, 33.916636771297192 ], [ 132.27694433257679, 33.916094450744197 ] ] ] } },
{ "type": "Feature", "properties": { "CITY_NAME": "周防大島町", "S_NAME": "大字西安下庄", "JINKO": 1014, "medical_area": "35_柳井医療圏", "町丁目名": "周防大島町大字西安下庄" }, "geometry": { "type": "Polygon", "coordinates": [ [ [ 132.254725581758436, 33.917834558429419 ], [ 132.256933802480546, 33.917152334211025 ], [ 132.257400670907884, 33.916744555790856 ], [ 132.258607296481955, 33.91669870631732 ], [ 132.259126508460412, 33.916380483266906 ], [ 132.261481383124533, 33.91633513060588 ], [ 132.261984866934796, 33.915704146147945 ], [ 132.264018590783564, 33.915760143267185 ], [ 132.266226824195854, 33.915206079074082 ], [ 132.267426178989155, 33.914219458313717 ], [ 132.269941684475555, 33.913585456966878 ], [ 132.271287036099181, 33.912811536137454 ], [ 132.27284044507644, 33.911107738495154 ], [ 132.274277852488922, 33.909213211506945 ], [ 132.2757048917737, 33.906641735687693 ], [ 132.276398044842949, 33.90605463381349 ], [ 132.276800392955636, 33.905087972043717 ], [ 132.276794640173023, 33.904300733554372 ], [ 132.277381279255593, 33.903503242069149 ], [ 132.278146427991743, 33.901062037375262 ], [ 132.278316878413051, 33.900764760765533 ], [ 132.278596731610406, 33.900752390834228 ], [ 132.27917201506105, 33.89997151698045 ], [ 132.27891222950953, 33.899750849409543 ], [ 132.279372245260134, 33.899293264226806 ], [ 132.280369698761149, 33.899713447800636 ], [ 132.28032737761913, 33.899600780613952 ], [ 132.280459380873737, 33.899669127322277 ], [ 132.280559677493841, 33.899475180060371 ], [ 132.280615032580926, 33.899639257304898 ], [ 132.280732801352968, 33.899570539071185 ], [ 132.280578047545333, 33.899465301850398 ], [ 132.280686059820937, 33.899381235918064 ], [ 132.281682017746306, 33.89949033982009 ], [ 132.282324197692589, 33.899432118742375 ], [ 132.281697101536594, 33.89944707478805 ], [ 132.281633617395983, 33.898058594742423 ], [ 132.27952476340019, 33.896872193128495 ], [ 132.27923499309648, 33.896864286168288 ], [ 132.278829060474067, 33.896494978198952 ], [ 132.278594814293086, 33.895947860406196 ], [ 132.278828595344038, 33.895302967918468 ], [ 132.278213450031416, 33.894502046082245 ], [ 132.277776263836415, 33.894185034370224 ], [ 132.276630783320314, 33.893768627183746 ], [ 132.276158429303024, 33.893863717994876 ], [ 132.274791748612159, 33.892901014158859 ], [ 132.276007067341823, 33.893864698206372 ], [ 132.275767483906321, 33.894211193724679 ], [ 132.275106666116699, 33.894034123690773 ], [ 132.275212333345195, 33.893801436813085 ], [ 132.274606682508676, 33.893637840419942 ], [ 132.274719766954377, 33.89327793269382 ], [ 132.274432953746299, 33.893912991120636 ], [ 132.273175058806572, 33.89349397429811 ], [ 132.27294787033955, 33.893372448722715 ], [ 132.273160502765933, 33.893072893852754 ], [ 132.272041902397405, 33.892484134100208 ], [ 132.272439205604428, 33.892023107599201 ], [ 132.272841445081639, 33.892069675430079 ], [ 132.272856506745171, 33.892003730322784 ], [ 132.272420778030096, 33.891984382049152 ], [ 132.271851747979866, 33.892584466351359 ], [ 132.271502334169213, 33.892411626501094 ], [ 132.272125382722265, 33.891769091511442 ], [ 132.2699064925485, 33.890439252808051 ], [ 132.269466841788244, 33.890748861057858 ], [ 132.268765528395107, 33.890080548160597 ], [ 132.268783764627273, 33.889954303019501 ], [ 132.268924332702824, 33.889977570521758 ], [ 132.269048630903825, 33.889954080037448 ], [ 132.268301501177149, 33.889873559769391 ], [ 132.268159984524232, 33.889962855611365 ], [ 132.268037618101971, 33.88978178403692 ], [ 132.269474351493074, 33.88976155828977 ], [ 132.269648203443126, 33.88958023714634 ], [ 132.268989958644511, 33.889701669934638 ], [ 132.268874883819421, 33.889278840050878 ], [ 132.269363192544915, 33.888045857302529 ], [ 132.269767172282172, 33.887758822667429 ], [ 132.270107855569478, 33.887887440456566 ], [ 132.268889990828541, 33.886430486713287 ], [ 132.268718582925658, 33.885903172545831 ], [ 132.269232769562393, 33.885561950835168 ], [ 132.268984880791493, 33.885277297819705 ], [ 132.269066741081645, 33.88502293946226 ], [ 132.268094484582889, 33.883711023845429 ], [ 132.268204581547934, 33.882621641910802 ], [ 132.268754912335964, 33.880823402442502 ], [ 132.268704805862654, 33.880497023306624 ], [ 132.268969302823905, 33.880201093305729 ], [ 132.26881270067949, 33.880321113873975 ], [ 132.268633101732718, 33.880178833235789 ], [ 132.268585980285707, 33.879618871552367 ], [ 132.268699090788061, 33.879278972490319 ], [ 132.269043563061558, 33.878979312094771 ], [ 132.268604351867452, 33.878673967462127 ], [ 132.268494043352433, 33.877686765618336 ], [ 132.267933465040755, 33.877123706646707 ], [ 132.268176846173162, 33.876329217744271 ], [ 132.268498614493524, 33.876034086734514 ], [ 132.268646949114157, 33.876248525156527 ], [ 132.268775469957887, 33.876161917189123 ], [ 132.268897758746505, 33.876279873482076 ], [ 132.269733702171692, 33.875704802306174 ], [ 132.269583291222716, 33.875557989325507 ], [ 132.271779465142004, 33.874484165732333 ], [ 132.272732265916233, 33.873154278903876 ], [ 132.273453792351006, 33.87275158454495 ], [ 132.27494388938598, 33.872413018880991 ], [ 132.275692002506986, 33.872536758511181 ], [ 132.275996135263597, 33.872866573412459 ], [ 132.276170129246907, 33.872850077158475 ], [ 132.276683963288036, 33.872323994814643 ], [ 132.277435672550524, 33.871880676564942 ], [ 132.278776664448202, 33.871606300394859 ], [ 132.27897297438156, 33.871300410936449 ], [ 132.278921761699763, 33.870974037379099 ], [ 132.278312368557408, 33.871134207023459 ], [ 132.277415008189962, 33.870930315034819 ], [ 132.276158168118144, 33.871070343131407 ], [ 132.275741207066488, 33.871270903692171 ], [ 132.274525270011281, 33.871282677800927 ], [ 132.274113708773143, 33.871474210768064 ], [ 132.274008133420949, 33.871754796405533 ], [ 132.273621361088431, 33.871893898646157 ], [ 132.273240791714301, 33.871806741119201 ], [ 132.272300672374683, 33.871988861995398 ], [ 132.27186595923061, 33.872706880957168 ], [ 132.270322120795157, 33.873305104646043 ], [ 132.26932529987198, 33.873080531950976 ], [ 132.268636386800495, 33.87273312978936 ], [ 132.268719303846609, 33.872464259884701 ], [ 132.268508376604956, 33.872324680704907 ], [ 132.268558949160081, 33.872126278218197 ], [ 132.268358968045533, 33.872104888353299 ], [ 132.268254744759332, 33.871700082061125 ], [ 132.268474862694774, 33.871382495504662 ], [ 132.267960916594916, 33.870903359934005 ], [ 132.268224571508966, 33.87084171858676 ], [ 132.267835214423059, 33.870614938532547 ], [ 132.267797994331232, 33.870206413527413 ], [ 132.26753852370237, 33.870140834100056 ], [ 132.267510244611231, 33.869981239315109 ], [ 132.266876765424456, 33.869883561730795 ], [ 132.266749735274459, 33.8693967824616 ], [ 132.265588856354952, 33.869322912456965 ], [ 132.265114083548838, 33.869075342918805 ], [ 132.263936137468875, 33.869186164575922 ], [ 132.263847639527341, 33.869287245123232 ], [ 132.265723612618558, 33.870919690198363 ], [ 132.266079212873166, 33.871413052070508 ], [ 132.265525817716906, 33.87245137142915 ], [ 132.265753305345442, 33.873294645261076 ], [ 132.264834248439769, 33.873921601288544 ], [ 132.264506689188693, 33.874330841783483 ], [ 132.263940666458069, 33.876232488756479 ], [ 132.263697496561178, 33.876509231555332 ], [ 132.264306662816182, 33.876943084942482 ], [ 132.26462865761377, 33.877622580553655 ], [ 132.263965151959667, 33.880079935939619 ], [ 132.264046870151361, 33.880593381927063 ], [ 132.264572219270747, 33.881650696161401 ], [ 132.264423971410281, 33.882147279191891 ], [ 132.263687030403844, 33.882430051111001 ], [ 132.262733441082048, 33.882515333303218 ], [ 132.261580877491809, 33.883145267740318 ], [ 132.26139843010418, 33.883297702236796 ], [ 132.260990664500611, 33.884671747185251 ], [ 132.260787947106309, 33.884858148190233 ], [ 132.259974310228159, 33.885458221996103 ], [ 132.259107781559834, 33.885375347894033 ], [ 132.258937936652131, 33.887627617466308 ], [ 132.257817989020822, 33.88825483690237 ], [ 132.257568024024835, 33.888623011938705 ], [ 132.257390589810456, 33.889985200635778 ], [ 132.255740825521002, 33.891333688759467 ], [ 132.254824652866148, 33.893123987828361 ], [ 132.254080017751562, 33.893606766931988 ], [ 132.25248292089546, 33.894055347623677 ], [ 132.249860329628007, 33.894295684804476 ], [ 132.247284026325786, 33.89372756371678 ], [ 132.242974906451707, 33.892062662247852 ], [ 132.242824052141174, 33.892407778526277 ], [ 132.24301462266294, 33.893037396916696 ], [ 132.242883369435418, 33.893370666643612 ], [ 132.243251880727456, 33.894116115009204 ], [ 132.242992081931362, 33.895097525187666 ], [ 132.243693990761528, 33.89542617169429 ], [ 132.244343239117143, 33.896786957464549 ], [ 132.243769039328896, 33.897632488426986 ], [ 132.242824149463701, 33.898067862148302 ], [ 132.242605196533788, 33.898409219912899 ], [ 132.242807755529299, 33.898817509577739 ], [ 132.242589135133443, 33.899553056186392 ], [ 132.242614002250235, 33.900134180270051 ], [ 132.243192028026129, 33.900822445371574 ], [ 132.243439807803185, 33.902766467193629 ], [ 132.243281705600737, 33.903065239309264 ], [ 132.242497654588675, 33.903589959002211 ], [ 132.242053163512509, 33.90514839138563 ], [ 132.242962780377525, 33.906072282168353 ], [ 132.244311836176706, 33.90793837741505 ], [ 132.244889676439641, 33.908358531500447 ], [ 132.245541213746407, 33.909416545151686 ], [ 132.24629191124987, 33.909667943020473 ], [ 132.24690659892471, 33.910386730307359 ], [ 132.24692895725866, 33.910843875209196 ], [ 132.246291063663733, 33.911380636681656 ], [ 132.245578203020386, 33.912549307776921 ], [ 132.245729433008336, 33.91392154755269 ], [ 132.24651958790065, 33.913985125626404 ], [ 132.247307015290431, 33.914420351570001 ], [ 132.248113810459472, 33.914218631239677 ], [ 132.248541190994644, 33.914282445625787 ], [ 132.249208978972064, 33.914991903758043 ], [ 132.249840999081414, 33.915259432719402 ], [ 132.250102601583848, 33.91555398028769 ], [ 132.250277249229697, 33.91653172722809 ], [ 132.251364559645481, 33.917078302016428 ], [ 132.252330096426903, 33.917277395589934 ], [ 132.252703925225916, 33.917573265192985 ], [ 132.254725581758436, 33.917834558429419 ] ] ] } },
{ "type": "Feature", "properties": { "CITY_NAME": "周防大島町", "S_NAME": "大字秋", "JINKO": 175, "medical_area": "35_柳井医療圏", "町丁目名": "周防大島町大字秋" }, "geometry": { "type": "Polygon", "coordinates": [ [ [ 132.258937936652131, 33.887627617466308 ], [ 132.259107781559834, 33.885375347894033 ], [ 132.259974310228159, 33.885458221996103 ], [ 132.260787947106309, 33.884858148190233 ], [ 132.260990664500611, 33.884671747185251 ], [ 132.26139843010418, 33.883297702236796 ], [ 132.261580877491809, 33.883145267740318 ], [ 132.262733441082048, 33.882515333303218 ], [ 132.264187402712309, 33.88230539629923 ], [ 132.264423971410281, 33.882147279191891 ], [ 132.264538534061131, 33.881774839783397 ], [ 132.263965151959667, 33.880079935939619 ], [ 132.26462865761377, 33.877622580553655 ], [ 132.264306662816182, 33.876943084942482 ], [ 132.263697496561178, 33.876509231555332 ], [ 132.263940666458069, 33.876232488756479 ], [ 132.264506689188693, 33.874330841783483 ], [ 132.264834248439769, 33.873921601288544 ], [ 132.265753305345442, 33.873294645261076 ], [ 132.265525817716906, 33.87245137142915 ], [ 132.266079212873166, 33.871413052070508 ], [ 132.265723612618558, 33.870919690198363 ], [ 132.263847639527341, 33.869287245123232 ], [ 132.263729781627575, 33.870179958569103 ], [ 132.263973570449679, 33.87073526321273 ], [ 132.263772904482352, 33.87107889054078 ], [ 132.263899476448557, 33.871182479537161 ], [ 132.263744148551353, 33.871473804510423 ], [ 132.263887361517845, 33.871969594812136 ], [ 132.263701182153397, 33.872710075388646 ], [ 132.262346341807728, 33.874240267601472 ], [ 132.261785769004632, 33.874625733337417 ], [ 132.261449116229016, 33.875170502740396 ], [ 132.260659583893869, 33.875752671089259 ], [ 132.260440606417461, 33.87617942932782 ], [ 132.260481918818073, 33.87641016170074 ], [ 132.260073612239665, 33.876677304826401 ], [ 132.260005807029302, 33.876958697267256 ], [ 132.259726030172885, 33.877155442358401 ], [ 132.259173379616669, 33.876892696024328 ], [ 132.259636293642188, 33.877139308959208 ], [ 132.259498238455677, 33.877439634415779 ], [ 132.259768611423056, 33.877561149844027 ], [ 132.259412837065128, 33.87744068516885 ], [ 132.259077868056664, 33.877575201186509 ], [ 132.259192763292816, 33.877870966091201 ], [ 132.259043256090479, 33.877558180198236 ], [ 132.259078088399718, 33.877789905238366 ], [ 132.258412426800675, 33.878011312383791 ], [ 132.257735529515543, 33.877826983907894 ], [ 132.257140150716936, 33.878068055282441 ], [ 132.256738001317359, 33.878051306658804 ], [ 132.256022835793203, 33.877421526795658 ], [ 132.255481458330365, 33.877627471432511 ], [ 132.253875264124417, 33.877784732298743 ], [ 132.251467722716058, 33.877612305235239 ], [ 132.251612321090562, 33.877345371477524 ], [ 132.251511922590538, 33.877487874224187 ], [ 132.251344213866986, 33.877327525554101 ], [ 132.2511563775642, 33.877589980875641 ], [ 132.250914208398171, 33.877562253665843 ], [ 132.251167854455872, 33.877161688737097 ], [ 132.251478110912245, 33.877176828357854 ], [ 132.251545835912935, 33.876785549791947 ], [ 132.251450909032741, 33.876993840419317 ], [ 132.250562331552516, 33.876985440321022 ], [ 132.250792040238309, 33.876425413075268 ], [ 132.251681779010084, 33.876513972933523 ], [ 132.250732523728487, 33.876360506595113 ], [ 132.250381977883393, 33.877165894946003 ], [ 132.249102148316638, 33.877227208710842 ], [ 132.248745264152518, 33.877060644578123 ], [ 132.248227948730232, 33.876418987710473 ], [ 132.247297653614879, 33.875727165003319 ], [ 132.246683305979417, 33.875359720623401 ], [ 132.245701555940002, 33.875122261976735 ], [ 132.245256973039432, 33.874794287777988 ], [ 132.244540065720315, 33.876474083894237 ], [ 132.243465469440281, 33.877942216186007 ], [ 132.243492031706467, 33.878246227605743 ], [ 132.243827543296334, 33.878714735510101 ], [ 132.242863013756477, 33.880238861600155 ], [ 132.243035915189182, 33.880716912227683 ], [ 132.242650799728693, 33.881757018019684 ], [ 132.242644590524321, 33.882167979962219 ], [ 132.243218415311162, 33.88275003051632 ], [ 132.243263508947933, 33.883600798845436 ], [ 132.24382593831757, 33.884290909323688 ], [ 132.243719446319574, 33.884613037420841 ], [ 132.243190880464255, 33.885065471427417 ], [ 132.243005017206684, 33.886652079687941 ], [ 132.24209210582552, 33.889076391217053 ], [ 132.24232127723127, 33.890003811882941 ], [ 132.242318613600588, 33.891073388306076 ], [ 132.242974906451707, 33.892062662247852 ], [ 132.247284026325786, 33.89372756371678 ], [ 132.249032518523677, 33.894206930501852 ], [ 132.249860329628007, 33.894295684804476 ], [ 132.25248292089546, 33.894055347623677 ], [ 132.254080017751562, 33.893606766931988 ], [ 132.254824652866148, 33.893123987828361 ], [ 132.255740825521002, 33.891333688759467 ], [ 132.257390589810456, 33.889985200635778 ], [ 132.257568024024835, 33.888623011938705 ], [ 132.257817989020822, 33.88825483690237 ], [ 132.258937936652131, 33.887627617466308 ] ] ] } },
{ "type": "Feature", "properties": { "CITY_NAME": "周防大島町", "S_NAME": "大字日前", "JINKO": 486, "medical_area": "35_柳井医療圏", "町丁目名": "周防大島町大字日前" }, "geometry": { "type": "Polygon", "coordinates": [ [ [ 132.292564713155997, 33.937724425526973 ], [ 132.293435196902124, 33.937512496385828 ], [ 132.293781620024191, 33.936964813247208 ], [ 132.293491014162782, 33.937221235037832 ], [ 132.29319655955311, 33.937073608820491 ], [ 132.29315034960851, 33.936546190209391 ], [ 132.293433987801507, 33.935972501041199 ], [ 132.294338735963919, 33.93553779223253 ], [ 132.295116200441754, 33.935352151096239 ], [ 132.295213823524449, 33.935530691443752 ], [ 132.295121475855638, 33.935263810650305 ], [ 132.295304661385671, 33.935510732239386 ], [ 132.295249066822663, 33.9352321206905 ], [ 132.297675513981204, 33.934639002313432 ], [ 132.297961194251656, 33.934706325614478 ], [ 132.297881604187296, 33.935005787770457 ], [ 132.298262711038745, 33.933823370604159 ], [ 132.29823413064932, 33.932827070172195 ], [ 132.298388220481058, 33.932445394101237 ], [ 132.299976561426178, 33.931334671585539 ], [ 132.300049338499235, 33.93083966923669 ], [ 132.300389256363161, 33.930325362779733 ], [ 132.301687598824401, 33.929867646923995 ], [ 132.301665607714483, 33.928273574469102 ], [ 132.301252153214165, 33.927416598971689 ], [ 132.301243612716831, 33.926125405748337 ], [ 132.300442839217737, 33.924502435429424 ], [ 132.300507275588842, 33.924211018267108 ], [ 132.300951019598699, 33.923710122175279 ], [ 132.301379484079945, 33.923815182806671 ], [ 132.299684279454084, 33.922877443181449 ], [ 132.299762611013364, 33.922778458637808 ], [ 132.300130083222172, 33.923011370652517 ], [ 132.301490626409418, 33.923652764438458 ], [ 132.300454765307762, 33.923147118019848 ], [ 132.301535047424807, 33.921652865612735 ], [ 132.30198146372399, 33.921490083911898 ], [ 132.301408037685434, 33.921358133235799 ], [ 132.301515839789516, 33.921136263981957 ], [ 132.301401506920996, 33.921329258474493 ], [ 132.301195639731105, 33.921092372982251 ], [ 132.302396075357649, 33.920374253959793 ], [ 132.301904188323419, 33.920504682348188 ], [ 132.301015118208198, 33.921153851486871 ], [ 132.300627510547571, 33.92088743296685 ], [ 132.300848607089733, 33.920495819795619 ], [ 132.301203801060126, 33.920102369835973 ], [ 132.301588197450855, 33.920389640825121 ], [ 132.301487198723237, 33.920125451196995 ], [ 132.301759684548244, 33.919962575413145 ], [ 132.302090528998491, 33.920026600748621 ], [ 132.301770854620116, 33.919631060200892 ], [ 132.303014970120785, 33.919182533882747 ], [ 132.305737320175155, 33.918637541090291 ], [ 132.306061296862367, 33.919013202723754 ], [ 132.305839887580305, 33.918530212099427 ], [ 132.30681122898406, 33.917970935187427 ], [ 132.306118504606815, 33.918280956375426 ], [ 132.305217503852731, 33.917754625858827 ], [ 132.305012838285023, 33.918102267897389 ], [ 132.304636737918742, 33.918038271092492 ], [ 132.304029026531822, 33.918423597330722 ], [ 132.303237399900013, 33.917473909680901 ], [ 132.3016487810103, 33.91847680609412 ], [ 132.300777054253189, 33.919471608659443 ], [ 132.300360024230059, 33.91915095273351 ], [ 132.299606016035824, 33.919621557106773 ], [ 132.298906001273537, 33.919683748723237 ], [ 132.298793258861082, 33.918161255710785 ], [ 132.299107108221222, 33.916147186933188 ], [ 132.29859667405367, 33.914745694793154 ], [ 132.297527431488135, 33.914265150945333 ], [ 132.296497183522604, 33.911754664941576 ], [ 132.295331571664917, 33.911170517770522 ], [ 132.293607425538113, 33.909797854914153 ], [ 132.292375358182539, 33.910476481737753 ], [ 132.289864897061676, 33.910739931813943 ], [ 132.287504807434459, 33.911373563082982 ], [ 132.286690604179796, 33.911872946323108 ], [ 132.286472895205435, 33.912350051887792 ], [ 132.285319459779657, 33.912923439575295 ], [ 132.284015600299426, 33.913082470352471 ], [ 132.282829152366958, 33.912572737416205 ], [ 132.281230584960923, 33.912543507688426 ], [ 132.281086784805012, 33.913150994543784 ], [ 132.280225627233364, 33.91406373229372 ], [ 132.278671817105135, 33.914106704342501 ], [ 132.277962407208065, 33.914475616353343 ], [ 132.27736911744833, 33.915190856772888 ], [ 132.277091341812678, 33.915914550389196 ], [ 132.276248203060334, 33.916636771297192 ], [ 132.276326836358209, 33.916918472296032 ], [ 132.276677750127675, 33.917136392445784 ], [ 132.277234496901798, 33.918047846353296 ], [ 132.278104874227836, 33.918969440056429 ], [ 132.279028812988088, 33.919293907261562 ], [ 132.279131323709237, 33.920267607209574 ], [ 132.279576351500765, 33.920678862123069 ], [ 132.279841237275491, 33.921179036713177 ], [ 132.279806977041375, 33.921421950864342 ], [ 132.280424665620245, 33.921680747927716 ], [ 132.280660382950089, 33.922518502186279 ], [ 132.28122403496414, 33.922991344873189 ], [ 132.281025821723318, 33.924352458300788 ], [ 132.2822269765839, 33.925088288636651 ], [ 132.282590863670777, 33.92573234111601 ], [ 132.28287266360266, 33.925929731679474 ], [ 132.283746875261045, 33.925932983137038 ], [ 132.284019233219652, 33.926459762619118 ], [ 132.283736455239648, 33.927351395027763 ], [ 132.284172054919281, 33.928042707031075 ], [ 132.284757874303011, 33.928431260265462 ], [ 132.285079949829793, 33.929163979064924 ], [ 132.284105814715446, 33.930159150689661 ], [ 132.284032141909137, 33.930459871800501 ], [ 132.284472473954622, 33.93099058703595 ], [ 132.284376386637916, 33.931161574718374 ], [ 132.283507572507062, 33.931528852097983 ], [ 132.283039008972878, 33.932027611645594 ], [ 132.282980536465487, 33.93261234293243 ], [ 132.283171741191836, 33.933371815959731 ], [ 132.28426540249751, 33.933327940913905 ], [ 132.284948584281665, 33.933514801155042 ], [ 132.285312747392965, 33.933828347672247 ], [ 132.287173787209412, 33.934130874631663 ], [ 132.288556070021855, 33.93402457011873 ], [ 132.2896690232987, 33.934121954753131 ], [ 132.290007673411566, 33.934361265318344 ], [ 132.290469818111092, 33.935565091450563 ], [ 132.291392764923501, 33.936175891491672 ], [ 132.292564713155997, 33.937724425526973 ] ] ] } },
{ "type": "Feature", "properties": { "CITY_NAME": "周防大島町", "S_NAME": "大字日前", "JINKO": 0, "medical_area": "35_柳井医療圏", "町丁目名": "周防大島町大字日前" }, "geometry": { "type": "Polygon", "coordinates": [ [ [ 132.309732464734481, 33.928298854851597 ], [ 132.31073615447562, 33.928258953891536 ], [ 132.310822300607896, 33.928033438571411 ], [ 132.311327902904907, 33.927685711616682 ], [ 132.312666262512096, 33.927291925198844 ], [ 132.312961980511574, 33.926916543608826 ], [ 132.312867286531059, 33.926573038509069 ], [ 132.312395427997188, 33.926414110707064 ], [ 132.310890142818607, 33.926586192740913 ], [ 132.310198270662454, 33.926158702709543 ], [ 132.309615315650689, 33.926178391415164 ], [ 132.309396928523881, 33.926876442508636 ], [ 132.309358752616845, 33.927972992463289 ], [ 132.309732464734481, 33.928298854851597 ] ] ] } },
{ "type": "Feature", "properties": { "CITY_NAME": "周防大島町", "S_NAME": "大字土居", "JINKO": 523, "medical_area": "35_柳井医療圏", "町丁目名": "周防大島町大字土居" }, "geometry": { "type": "Polygon", "coordinates": [ [ [ 132.319806239791177, 33.922034868892005 ], [ 132.319769788003896, 33.921611136261127 ], [ 132.320329844634699, 33.92031291306526 ], [ 132.320374803241577, 33.919458965287056 ], [ 132.319645332642693, 33.919204014602883 ], [ 132.319348638927693, 33.918371614509297 ], [ 132.319276216080368, 33.91789438973499 ], [ 132.319745574310815, 33.916914397429743 ], [ 132.318858303620402, 33.914315046585983 ], [ 132.317330834811486, 33.912151634437343 ], [ 132.315966500380682, 33.911166356937386 ], [ 132.31539076129485, 33.910348213089357 ], [ 132.313930232782525, 33.9098987995947 ], [ 132.313305276388974, 33.908888809898251 ], [ 132.312899868966355, 33.908517337355072 ], [ 132.312576627948403, 33.90779679569372 ], [ 132.311925900477036, 33.907340078642981 ], [ 132.311694539580742, 33.906108151454738 ], [ 132.311216595281707, 33.905610515834383 ], [ 132.310323576691104, 33.905380742767804 ], [ 132.30916171007425, 33.905745562065164 ], [ 132.306291199515101, 33.903878447099579 ], [ 132.303377636400882, 33.906727169292061 ], [ 132.302407622145324, 33.908446885494982 ], [ 132.30119849933601, 33.908610500639469 ], [ 132.298521232353579, 33.909768614034505 ], [ 132.297630917997708, 33.910407471017898 ], [ 132.296497183522604, 33.911754664941576 ], [ 132.297527431488135, 33.914265150945333 ], [ 132.29859667405367, 33.914745694793154 ], [ 132.298676316418124, 33.915205398010436 ], [ 132.299076449340902, 33.915902867124494 ], [ 132.298793258861082, 33.918161255710785 ], [ 132.298815326207404, 33.919482636685359 ], [ 132.298970939489152, 33.919714336858554 ], [ 132.299606016035824, 33.919621557106773 ], [ 132.300360024230059, 33.91915095273351 ], [ 132.300777054253189, 33.919471608659443 ], [ 132.3016487810103, 33.91847680609412 ], [ 132.303237399900013, 33.917473909680901 ], [ 132.304029026531822, 33.918423597330722 ], [ 132.304636737918742, 33.918038271092492 ], [ 132.305012838285023, 33.918102267897389 ], [ 132.305217503852731, 33.917754625858827 ], [ 132.305187824337253, 33.917253245373708 ], [ 132.305381283552748, 33.917172726068657 ], [ 132.304833781775017, 33.917002016605821 ], [ 132.304491542425836, 33.91670132173175 ], [ 132.305381109113995, 33.917065511661093 ], [ 132.30565761211642, 33.917510544230858 ], [ 132.305992978349479, 33.917575117831809 ], [ 132.306346334720985, 33.917397066271356 ], [ 132.306559759103919, 33.917622244201013 ], [ 132.305978655606197, 33.916753770036188 ], [ 132.306049599704011, 33.916485022231882 ], [ 132.30712079704756, 33.915507200839109 ], [ 132.307511552669723, 33.915714144072737 ], [ 132.307369254683636, 33.915339266288946 ], [ 132.30756914740553, 33.915232671952481 ], [ 132.310448527932635, 33.914911976779166 ], [ 132.312450220490263, 33.914864596731491 ], [ 132.312634464438986, 33.915095153962575 ], [ 132.312673119315889, 33.914936472114988 ], [ 132.312930679404872, 33.915031694307174 ], [ 132.312926757933923, 33.915268949152065 ], [ 132.312686704150252, 33.91528810543312 ], [ 132.313159542314935, 33.915425483253294 ], [ 132.313568211642888, 33.915977699278756 ], [ 132.314159388115598, 33.916379233429836 ], [ 132.314328778602828, 33.916766749239429 ], [ 132.316291575743378, 33.91671483815086 ], [ 132.317579889154928, 33.917475198267653 ], [ 132.318082756057265, 33.918070530999763 ], [ 132.318373056152041, 33.918931260912579 ], [ 132.318865137815209, 33.91952941900103 ], [ 132.319345746257767, 33.920969649042938 ], [ 132.31924372878828, 33.921375518100696 ], [ 132.31941007952409, 33.921857699930527 ], [ 132.31968713526237, 33.921960206319234 ], [ 132.319655219172887, 33.922254973545655 ], [ 132.319806239791177, 33.922034868892005 ] ] ] } },
{ "type": "Feature", "properties": { "CITY_NAME": "周防大島町", "S_NAME": "大字油良", "JINKO": 244, "medical_area": "35_柳井医療圏", "町丁目名": "周防大島町大字油良" }, "geometry": { "type": "Polygon", "coordinates": [ [ [ 132.321469143536575, 33.91818629018109 ], [ 132.321747054434638, 33.918172422086357 ], [ 132.321784496733102, 33.917947948944274 ], [ 132.322479047370933, 33.917479076080348 ], [ 132.323409933243937, 33.917328296029076 ], [ 132.323275479528974, 33.916552061357187 ], [ 132.323545272191012, 33.916238964416124 ], [ 132.322631645239028, 33.915774769698324 ], [ 132.322649649806493, 33.915566522724156 ], [ 132.322211918462557, 33.915122580757043 ], [ 132.322667643778772, 33.914174297806838 ], [ 132.323108050283224, 33.913726587960888 ], [ 132.323117291113562, 33.913463266810865 ], [ 132.322884576796156, 33.913352681968618 ], [ 132.322062975875639, 33.913513319411535 ], [ 132.321776090318707, 33.913346866943812 ], [ 132.321565369557476, 33.912837692883762 ], [ 132.321205724212291, 33.912503535495382 ], [ 132.32118026956411, 33.91218263498731 ], [ 132.320815632456032, 33.91207488169416 ], [ 132.320885231084475, 33.911100030615266 ], [ 132.320221787678662, 33.910799769855501 ], [ 132.31976556289365, 33.910268348502136 ], [ 132.31962905404157, 33.909527329045531 ], [ 132.319835838413383, 33.909059068711016 ], [ 132.318278723773091, 33.908497398128247 ], [ 132.317093293903923, 33.907748735695115 ], [ 132.316773556545428, 33.906722912829018 ], [ 132.316955200122095, 33.906095202658598 ], [ 132.316752909188892, 33.906051202257842 ], [ 132.317070851363042, 33.906064355107077 ], [ 132.316967580554291, 33.905757066836351 ], [ 132.317299706202959, 33.905843181103307 ], [ 132.317187025865167, 33.905720743719669 ], [ 132.31727939436675, 33.905369835459986 ], [ 132.317985167870177, 33.904570197000695 ], [ 132.318520877485639, 33.90482470630193 ], [ 132.31882955821132, 33.904504255291563 ], [ 132.318447195088652, 33.904738290838146 ], [ 132.318035895721238, 33.904516038156416 ], [ 132.318571291598886, 33.903992449371053 ], [ 132.318752058553116, 33.904095926418755 ], [ 132.318593971768053, 33.903973544855255 ], [ 132.318787221897082, 33.903806511426758 ], [ 132.319912770268985, 33.90315049961481 ], [ 132.321085333222129, 33.902790280430466 ], [ 132.322177392163127, 33.90276107514547 ], [ 132.323508753221518, 33.903497801142734 ], [ 132.323473276767686, 33.903608719186039 ], [ 132.323849215340204, 33.902832847228012 ], [ 132.323365614584333, 33.904452872366711 ], [ 132.323602421237325, 33.905619219123921 ], [ 132.323941939146891, 33.904812815603748 ], [ 132.324222540851821, 33.904523942513833 ], [ 132.324257619353233, 33.904000947698883 ], [ 132.324659767026503, 33.903170940493567 ], [ 132.325246753285199, 33.902890703725781 ], [ 132.325780429241064, 33.903016265129537 ], [ 132.327125965375103, 33.901698196309042 ], [ 132.326836179769401, 33.900929218316534 ], [ 132.32686638130383, 33.899741988813489 ], [ 132.326389926777296, 33.899369958926911 ], [ 132.326399288649554, 33.89859750406432 ], [ 132.326686515859933, 33.898008127539541 ], [ 132.326491113842678, 33.897593621860594 ], [ 132.326533380150664, 33.897070623840072 ], [ 132.326071423733026, 33.896734637052646 ], [ 132.324410262897487, 33.896901941998124 ], [ 132.323616338408669, 33.896343901594804 ], [ 132.322643113556182, 33.89627295571367 ], [ 132.321892834377508, 33.895919269415728 ], [ 132.32104269935769, 33.896142605783055 ], [ 132.320277920137585, 33.895740888183504 ], [ 132.319402347574908, 33.895847031094753 ], [ 132.317839249099734, 33.896431985426453 ], [ 132.31735610442496, 33.896318299958622 ], [ 132.316570623899565, 33.896427415305716 ], [ 132.316242529581359, 33.89635270905643 ], [ 132.315932122087276, 33.895981148007635 ], [ 132.31496203718666, 33.895993683544489 ], [ 132.313707823199053, 33.897171890807847 ], [ 132.313476475132575, 33.897619305152979 ], [ 132.313147613172873, 33.899545215739622 ], [ 132.312844857795568, 33.900359840119911 ], [ 132.312529355785188, 33.900750713532929 ], [ 132.311993704374203, 33.90111168608081 ], [ 132.310553360575881, 33.901346873822938 ], [ 132.309004485436844, 33.902426224696384 ], [ 132.307254646741484, 33.9030465572163 ], [ 132.306291199515101, 33.903878447099579 ], [ 132.30916171007425, 33.905745562065164 ], [ 132.310323576691104, 33.905380742767804 ], [ 132.311556055611902, 33.905840905751326 ], [ 132.311925900477036, 33.907340078642981 ], [ 132.312576627948403, 33.90779679569372 ], [ 132.312899868966355, 33.908517337355072 ], [ 132.313305276388974, 33.908888809898251 ], [ 132.313930232782525, 33.9098987995947 ], [ 132.31539076129485, 33.910348213089357 ], [ 132.315966500380682, 33.911166356937386 ], [ 132.317330834811486, 33.912151634437343 ], [ 132.318858303620402, 33.914315046585983 ], [ 132.319745574310815, 33.916914397429743 ], [ 132.319276216080368, 33.91789438973499 ], [ 132.319645332642693, 33.919204014602883 ], [ 132.320374803241577, 33.919458965287056 ], [ 132.3204537256631, 33.918844054595787 ], [ 132.321344058330965, 33.91839213353488 ], [ 132.321469143536575, 33.91818629018109 ] ] ] } },
{ "type": "Feature", "properties": { "CITY_NAME": "周防大島町", "S_NAME": "大字浮島", "JINKO": 180, "medical_area": "35_柳井医療圏", "町丁目名": "周防大島町大字浮島" }, "geometry": { "type": "Polygon", "coordinates": [ [ [ 132.34847858971392, 33.973720100447409 ], [ 132.349444230783803, 33.973370584279756 ], [ 132.349913573517796, 33.972718907357795 ], [ 132.350625596927387, 33.972192249154332 ], [ 132.350273014950005, 33.971297500065326 ], [ 132.350308037151393, 33.970976532810333 ], [ 132.350977675561126, 33.96988361060891 ], [ 132.351965394115552, 33.968763300130135 ], [ 132.353598028871289, 33.967640181237108 ], [ 132.354662577012476, 33.967515871962185 ], [ 132.355309824692, 33.96708845589567 ], [ 132.354880031149861, 33.966515736940657 ], [ 132.354409693138564, 33.966203559192266 ], [ 132.354726338563921, 33.965044504859243 ], [ 132.354389586095152, 33.96445896452726 ], [ 132.354425317657842, 33.963980068848947 ], [ 132.35391760043251, 33.963397603702951 ], [ 132.353424612562179, 33.963107998051832 ], [ 132.352174333744927, 33.962890810366844 ], [ 132.351296827824882, 33.961930069488041 ], [ 132.351078140141993, 33.961875312551214 ], [ 132.350893136921542, 33.96139237589319 ], [ 132.351411091679807, 33.96122931263816 ], [ 132.350871387959387, 33.9613428188757 ], [ 132.350732123237037, 33.960996746216608 ], [ 132.351182418099341, 33.960858578959851 ], [ 132.351048041898395, 33.960855538174805 ], [ 132.350849408651243, 33.96039135661205 ], [ 132.350786133280792, 33.959456719082972 ], [ 132.351023601364233, 33.959190386639435 ], [ 132.351187042367059, 33.959217192024546 ], [ 132.351061109251248, 33.959023530235839 ], [ 132.351497563528568, 33.958213248641286 ], [ 132.351691341337357, 33.958255363803801 ], [ 132.351510491278503, 33.958191534541115 ], [ 132.35194153538481, 33.957384921273842 ], [ 132.352641626124779, 33.956901501699456 ], [ 132.353411472427723, 33.957149134965384 ], [ 132.353855794893207, 33.956978141500457 ], [ 132.354095830461631, 33.956407921569188 ], [ 132.353965871512884, 33.955866156845431 ], [ 132.353744775165723, 33.955700676075573 ], [ 132.353911537884443, 33.954286701943452 ], [ 132.354496638290755, 33.953690740701866 ], [ 132.354551500844593, 33.953062191765952 ], [ 132.355409641213612, 33.952638946336343 ], [ 132.355218690136354, 33.952398471712065 ], [ 132.354652485199665, 33.952246055941615 ], [ 132.354418075848372, 33.951922668012521 ], [ 132.354190908246494, 33.951941045778916 ], [ 132.354098512659448, 33.951745502975406 ], [ 132.354061681196072, 33.951227117147916 ], [ 132.35422098351745, 33.95085903472286 ], [ 132.354077706165327, 33.950644690597422 ], [ 132.35431639597482, 33.949968945424821 ], [ 132.35424394597041, 33.949493018237604 ], [ 132.354587184087052, 33.949121979161646 ], [ 132.354490573989494, 33.948489993762031 ], [ 132.354221105412563, 33.94845800047824 ], [ 132.354091913085256, 33.9482571596415 ], [ 132.354374208103422, 33.947723778203702 ], [ 132.354267137609497, 33.947253398529291 ], [ 132.354710365358869, 33.946608896580109 ], [ 132.354393829638411, 33.946320009804893 ], [ 132.35418769756609, 33.94556914582634 ], [ 132.353696473817564, 33.945044264596476 ], [ 132.354243873959376, 33.944056129562547 ], [ 132.356541864062052, 33.941687614291268 ], [ 132.355865372218716, 33.941526358867698 ], [ 132.355062757128223, 33.940586213099039 ], [ 132.352738335477596, 33.939264326315431 ], [ 132.352338164221493, 33.938809598648369 ], [ 132.352123700676771, 33.938182431128617 ], [ 132.352137746006974, 33.938676484655488 ], [ 132.352525330957178, 33.939319732641053 ], [ 132.352562345370416, 33.939920117642245 ], [ 132.351309813690818, 33.941505380056398 ], [ 132.3510643346184, 33.94255250286789 ], [ 132.351072504434711, 33.943332414950397 ], [ 132.350569590242941, 33.944663235957343 ], [ 132.34976253296162, 33.944229675383689 ], [ 132.350195175328395, 33.944510092253616 ], [ 132.349068532170747, 33.945764902750994 ], [ 132.348809756738547, 33.945570024861496 ], [ 132.346784912080409, 33.945753320147652 ], [ 132.345788077042585, 33.946060473169346 ], [ 132.348781769720375, 33.945634167443345 ], [ 132.349129605392676, 33.945895972235498 ], [ 132.348575366362212, 33.94625561417665 ], [ 132.348412828134201, 33.946135119784621 ], [ 132.348562420135863, 33.946268312529135 ], [ 132.348521346028889, 33.946289928397384 ], [ 132.348096465257555, 33.946422277099785 ], [ 132.348032349916394, 33.946290648675529 ], [ 132.347989111732034, 33.946307899145282 ], [ 132.348084578505052, 33.946426802766936 ], [ 132.347628502085684, 33.946656404321679 ], [ 132.347620643027767, 33.946517648015764 ], [ 132.347057041112521, 33.94653917888968 ], [ 132.347035916016125, 33.946272382525912 ], [ 132.347175462319655, 33.946264008067693 ], [ 132.347034805838149, 33.946257027617158 ], [ 132.347003026553153, 33.94606773043207 ], [ 132.347016181768794, 33.946661804809068 ], [ 132.346437458924356, 33.946697018994392 ], [ 132.346405822941364, 33.946575344103252 ], [ 132.346419075737145, 33.946697045611941 ], [ 132.346171351760233, 33.946709941837995 ], [ 132.346099196407778, 33.94635122370255 ], [ 132.34617036181271, 33.94727261965248 ], [ 132.345072933033009, 33.947592449978998 ], [ 132.343717523839075, 33.947672860056635 ], [ 132.343719199770675, 33.947442941031703 ], [ 132.343524352333617, 33.94738996591947 ], [ 132.343695923914709, 33.947690923524206 ], [ 132.343158105112167, 33.94763660532891 ], [ 132.342974560795795, 33.947287059784344 ], [ 132.343396122355642, 33.947109796702129 ], [ 132.343457971552141, 33.947201704043941 ], [ 132.343403675549581, 33.947104292171588 ], [ 132.343808994202533, 33.946920710573586 ], [ 132.343150555174503, 33.947124515727509 ], [ 132.342802055862904, 33.947053866527661 ], [ 132.342475735924324, 33.946203129876807 ], [ 132.341251499555568, 33.946942365137794 ], [ 132.339306324441139, 33.947482542411613 ], [ 132.3380377487168, 33.947176757296333 ], [ 132.337659424077515, 33.946805778576007 ], [ 132.336887913043427, 33.947814975436842 ], [ 132.336823147723663, 33.948963657890403 ], [ 132.336449772321942, 33.949446541386997 ], [ 132.336905627379849, 33.950173562684924 ], [ 132.336857353434937, 33.95091662997519 ], [ 132.337076660141435, 33.95129402806986 ], [ 132.337738559835202, 33.951716040721323 ], [ 132.338109795557756, 33.952317791163438 ], [ 132.338353932230405, 33.952131775162542 ], [ 132.339050795115185, 33.952178568882019 ], [ 132.339435584350156, 33.953059802673785 ], [ 132.338909682292638, 33.953549241792373 ], [ 132.338766163126451, 33.953204991772999 ], [ 132.338608243751793, 33.953230427671429 ], [ 132.338717290373438, 33.953649531694737 ], [ 132.338071989485712, 33.953952465697391 ], [ 132.33772191879666, 33.95472566520521 ], [ 132.337414781779415, 33.954797372009764 ], [ 132.337811411500809, 33.955111407905633 ], [ 132.338419520921462, 33.956198010539644 ], [ 132.338964143722308, 33.956382934909094 ], [ 132.339594816739748, 33.9563234548556 ], [ 132.341233897307205, 33.956790855774805 ], [ 132.342112825856049, 33.957484854419043 ], [ 132.342565457391572, 33.957651860930376 ], [ 132.343046996195113, 33.958192152781002 ], [ 132.343963245629965, 33.958610105455712 ], [ 132.344357172828779, 33.959156856700623 ], [ 132.344607560553243, 33.958856286970686 ], [ 132.34538675574737, 33.958924624335637 ], [ 132.34573478051459, 33.958747321029485 ], [ 132.346282750769973, 33.958961090077239 ], [ 132.346743602239201, 33.959428422266235 ], [ 132.347107739982278, 33.959196149662944 ], [ 132.347622196337113, 33.959427993092781 ], [ 132.348440382998433, 33.960010173362527 ], [ 132.348724833652568, 33.960458736647297 ], [ 132.348977121989691, 33.961534960037319 ], [ 132.348826517284181, 33.960443372337565 ], [ 132.348507313195853, 33.959941608135559 ], [ 132.347724914292115, 33.959392763699611 ], [ 132.347904928615293, 33.959076932354229 ], [ 132.348413401905759, 33.959039136855246 ], [ 132.348998615137646, 33.959464857596977 ], [ 132.34881615123976, 33.959642633148249 ], [ 132.348993849425341, 33.959764090977799 ], [ 132.349131017131214, 33.95964132402699 ], [ 132.349435552902122, 33.959867126956382 ], [ 132.349122537653557, 33.960227391930822 ], [ 132.34935705121157, 33.9600971567993 ], [ 132.34984713942066, 33.96055541570032 ], [ 132.350091839784, 33.961127585037374 ], [ 132.349393394732544, 33.961386425137945 ], [ 132.350678042441899, 33.961006828359444 ], [ 132.350822715101259, 33.961351907435343 ], [ 132.350210690644019, 33.96154398758064 ], [ 132.349857101624821, 33.962159439802456 ], [ 132.350007663404398, 33.962228528748881 ], [ 132.349868607296457, 33.962474987026496 ], [ 132.349677095438125, 33.962477945840995 ], [ 132.349986684279884, 33.96253341736368 ], [ 132.349881526664973, 33.962945496711718 ], [ 132.34956679668997, 33.963014567527047 ], [ 132.349190648257945, 33.962702234058241 ], [ 132.349398947476061, 33.962458492271445 ], [ 132.348545122561887, 33.962927740133871 ], [ 132.34856724614761, 33.963151278498721 ], [ 132.34903538501996, 33.963459815900258 ], [ 132.349453108657883, 33.963479910295725 ], [ 132.349630130678833, 33.964279407169798 ], [ 132.349968186985109, 33.964477263178637 ], [ 132.350092692057302, 33.965508580173577 ], [ 132.349979366661415, 33.966140720267113 ], [ 132.349521142032188, 33.96641638662399 ], [ 132.349501960873482, 33.967054727343793 ], [ 132.349191098980839, 33.967413997452304 ], [ 132.348943954948595, 33.968720849293753 ], [ 132.348588222628763, 33.969358836180945 ], [ 132.347926301241671, 33.970032345495561 ], [ 132.346924228799054, 33.970033800104993 ], [ 132.346246148889549, 33.970243136354874 ], [ 132.345908429303392, 33.970198542750808 ], [ 132.345120505693586, 33.969630674945073 ], [ 132.344792760647948, 33.969704259753499 ], [ 132.34438460932995, 33.97013662824056 ], [ 132.344305409056062, 33.971067226899756 ], [ 132.343997837539547, 33.971469725732724 ], [ 132.344054575778273, 33.971684339820513 ], [ 132.344852954865473, 33.972073566653847 ], [ 132.345544935085854, 33.972798367454438 ], [ 132.346545890213548, 33.972764383909023 ], [ 132.347082989087596, 33.972921388025547 ], [ 132.34847858971392, 33.973720100447409 ] ] ] } },
{ "type": "Feature", "properties": { "CITY_NAME": "周防大島町", "S_NAME": "大字西方", "JINKO": 856, "medical_area": "35_柳井医療圏", "町丁目名": "周防大島町大字西方" }, "geometry": { "type": "Polygon", "coordinates": [ [ [ 132.351259140262329, 33.888344616276306 ], [ 132.349909548635594, 33.887699430193543 ], [ 132.349201524134628, 33.887708656482729 ], [ 132.346760298633569, 33.889103471544118 ], [ 132.34464242259034, 33.889790121308437 ], [ 132.343887251828249, 33.89044646099029 ], [ 132.34292654818961, 33.890229476818291 ], [ 132.341414472792906, 33.890733186809747 ], [ 132.33880063462658, 33.890829870240474 ], [ 132.338451778286981, 33.891000266733208 ], [ 132.338344948137461, 33.891514504551971 ], [ 132.338927323824862, 33.893372656338784 ], [ 132.338868595755628, 33.894195222461185 ], [ 132.338637698691485, 33.894472527315124 ], [ 132.337611892945517, 33.894826464598047 ], [ 132.336609548213318, 33.894328430060128 ], [ 132.33597528844399, 33.894203502452442 ], [ 132.333859879934693, 33.894467032177197 ], [ 132.333586846747664, 33.89396009624874 ], [ 132.332643606584298, 33.893589606824087 ], [ 132.331609001423402, 33.892580215130266 ], [ 132.331639349628205, 33.891537772574537 ], [ 132.328947255151206, 33.886621434443853 ], [ 132.329524239956385, 33.885863866382557 ], [ 132.329577374353704, 33.884961439426057 ], [ 132.329227312513893, 33.884421180557588 ], [ 132.328228686873217, 33.883682263474597 ], [ 132.327071391418571, 33.883417614215503 ], [ 132.327120035532147, 33.88276047364009 ], [ 132.326670031340484, 33.881873483221689 ], [ 132.326494343022489, 33.882152231617859 ], [ 132.326618924441647, 33.882870717536491 ], [ 132.326015228714681, 33.883783981128204 ], [ 132.326754357168539, 33.884193295942104 ], [ 132.327420560047244, 33.884336712706776 ], [ 132.327572472203173, 33.884636740890471 ], [ 132.32807356726903, 33.88492829298302 ], [ 132.327421543615259, 33.886593517319646 ], [ 132.327675967084673, 33.886787894320044 ], [ 132.327478800456419, 33.88772050788625 ], [ 132.327057383296022, 33.887836425136641 ], [ 132.327014203744085, 33.888452278732679 ], [ 132.326372274311467, 33.889169898353472 ], [ 132.327038110450445, 33.888516349607471 ], [ 132.327207707213631, 33.88786596158792 ], [ 132.328164303140312, 33.887764718328924 ], [ 132.328233780424398, 33.887914248223993 ], [ 132.328094467306897, 33.887996560105506 ], [ 132.327844639148339, 33.887946301619799 ], [ 132.327640409571273, 33.888002491195394 ], [ 132.328080455525281, 33.888018133621571 ], [ 132.327989918889358, 33.888168007073482 ], [ 132.327755280065588, 33.888143932665564 ], [ 132.327657745887592, 33.888598545541718 ], [ 132.327411117156061, 33.888526726153614 ], [ 132.327657847503303, 33.888652644467719 ], [ 132.327102564017821, 33.889451307428693 ], [ 132.326704357854055, 33.889263307828372 ], [ 132.327131898338195, 33.889526923889498 ], [ 132.325095830080755, 33.891119048128218 ], [ 132.321623885849306, 33.892705683563342 ], [ 132.319786817934386, 33.893211968292761 ], [ 132.318445680933849, 33.892936737585281 ], [ 132.316863570272062, 33.892907752849766 ], [ 132.316908126525874, 33.893653096239049 ], [ 132.316204539474512, 33.895240789799168 ], [ 132.315794461191217, 33.895686024305128 ], [ 132.315830822367587, 33.895866307983603 ], [ 132.316242529581359, 33.89635270905643 ], [ 132.316570623899565, 33.896427415305716 ], [ 132.31735610442496, 33.896318299958622 ], [ 132.317961761357452, 33.896419866265951 ], [ 132.319870713281233, 33.895762366709242 ], [ 132.320277920137585, 33.895740888183504 ], [ 132.32104269935769, 33.896142605783055 ], [ 132.321892834377508, 33.895919269415728 ], [ 132.322643113556182, 33.89627295571367 ], [ 132.323616338408669, 33.896343901594804 ], [ 132.324410262897487, 33.896901941998124 ], [ 132.326071423733026, 33.896734637052646 ], [ 132.326533380150664, 33.897070623840072 ], [ 132.326491113842678, 33.897593621860594 ], [ 132.326686515859933, 33.898008127539541 ], [ 132.326399288649554, 33.89859750406432 ], [ 132.326389926777296, 33.899369958926911 ], [ 132.32686638130383, 33.899741988813489 ], [ 132.326836179769401, 33.900929218316534 ], [ 132.327125965375103, 33.901698196309042 ], [ 132.325780429241064, 33.903016265129537 ], [ 132.325246753285199, 33.902890703725781 ], [ 132.324659767026503, 33.903170940493567 ], [ 132.324257619353233, 33.904000947698883 ], [ 132.324222540851821, 33.904523942513833 ], [ 132.323941939146891, 33.904812815603748 ], [ 132.323336452134981, 33.906229141670643 ], [ 132.32366774350487, 33.905858072994846 ], [ 132.323629476628582, 33.90563101964706 ], [ 132.324544146702152, 33.904969854321045 ], [ 132.325927613467684, 33.904628178404039 ], [ 132.32836471596994, 33.904513235330306 ], [ 132.328494747022916, 33.904091132376259 ], [ 132.328272847969544, 33.903971526089691 ], [ 132.328715392524799, 33.903554378658086 ], [ 132.328901282166782, 33.902939202958883 ], [ 132.329659544938096, 33.902513623316203 ], [ 132.329426557505656, 33.902248788605199 ], [ 132.330104739074841, 33.901796261329828 ], [ 132.330683176309179, 33.901768468204907 ], [ 132.329596517637867, 33.901788742768652 ], [ 132.33035574469605, 33.90131272579621 ], [ 132.330439324516675, 33.901477586490536 ], [ 132.330406043802526, 33.901342808565531 ], [ 132.331156383646629, 33.901308876173559 ], [ 132.331223863765246, 33.901480096967006 ], [ 132.331187601963677, 33.901114564078632 ], [ 132.333661078983681, 33.901233484597306 ], [ 132.335128821923917, 33.901453424596959 ], [ 132.335075130019163, 33.901641005941492 ], [ 132.335216435897593, 33.90147035105818 ], [ 132.33502357907102, 33.902364199679525 ], [ 132.335313790378819, 33.901489235266233 ], [ 132.33589051925901, 33.901683134468215 ], [ 132.335762012334612, 33.902044662172955 ], [ 132.335854244585704, 33.901930283567445 ], [ 132.336609719078581, 33.90230284846966 ], [ 132.336384812500995, 33.902831168505223 ], [ 132.336716976536678, 33.902935240983496 ], [ 132.336704250640537, 33.903055146033097 ], [ 132.334433715417788, 33.902627294950378 ], [ 132.336699036160724, 33.903150808633718 ], [ 132.341717612603446, 33.904808120951202 ], [ 132.342021717791027, 33.904399278835356 ], [ 132.343413487608728, 33.904962638801351 ], [ 132.34302665512493, 33.906139819016808 ], [ 132.342355799622311, 33.905940587522743 ], [ 132.342052311369059, 33.905598401079871 ], [ 132.342306112165204, 33.905965030497399 ], [ 132.342647070011793, 33.906124161047451 ], [ 132.342625199353677, 33.906525416990576 ], [ 132.341907090987831, 33.907538939598815 ], [ 132.341283109740118, 33.90804375056684 ], [ 132.341258877756871, 33.908358508668272 ], [ 132.341652088702034, 33.908677184646493 ], [ 132.34243234838317, 33.907919552635022 ], [ 132.342310079997674, 33.907358885901928 ], [ 132.342401424131509, 33.907082913842395 ], [ 132.342588261829718, 33.906963604258209 ], [ 132.343157254989677, 33.907058307864752 ], [ 132.343278371095806, 33.906020415339782 ], [ 132.343547866003519, 33.905616127115373 ], [ 132.343467597320426, 33.905499030531722 ], [ 132.343181440536455, 33.905691459647635 ], [ 132.343677162935222, 33.904362676589741 ], [ 132.346200683600955, 33.904211099406183 ], [ 132.349362214665661, 33.905076490964213 ], [ 132.351244979788362, 33.901866230562604 ], [ 132.351419280323739, 33.900835427222674 ], [ 132.351140981844338, 33.899167263263251 ], [ 132.351301110617356, 33.897634806470386 ], [ 132.351768116678954, 33.89590014317708 ], [ 132.350553860613275, 33.893802714434955 ], [ 132.350565668654468, 33.893213812880312 ], [ 132.351145336146601, 33.892182392797928 ], [ 132.351443827291064, 33.891135054622701 ], [ 132.351532594155998, 33.889869807589264 ], [ 132.351259140262329, 33.888344616276306 ] ] ] } },
{ "type": "Feature", "properties": { "CITY_NAME": "周防大島町", "S_NAME": "大字西方", "JINKO": 0, "medical_area": "35_柳井医療圏", "町丁目名": "周防大島町大字西方" }, "geometry": { "type": "Polygon", "coordinates": [ [ [ 132.335023446864483, 33.910997239951321 ], [ 132.334550330742957, 33.911270192690644 ], [ 132.334069402642626, 33.911974951744909 ], [ 132.333434150715703, 33.913395878444589 ], [ 132.33343000376567, 33.914586046973632 ], [ 132.334034716136358, 33.915225403386863 ], [ 132.334829536533903, 33.91464644575931 ], [ 132.335422155283368, 33.913545643613425 ], [ 132.335234185476537, 33.913107619481622 ], [ 132.335628376606309, 33.912837576574013 ], [ 132.335797420522027, 33.912463165827916 ], [ 132.335764639844484, 33.911747253768397 ], [ 132.33535466278525, 33.911150909373198 ], [ 132.335023446864483, 33.910997239951321 ] ] ] } },
{ "type": "Feature", "properties": { "CITY_NAME": "周防大島町", "S_NAME": "大字西方", "JINKO": 0, "medical_area": "35_柳井医療圏", "町丁目名": "周防大島町大字西方" }, "geometry": { "type": "Polygon", "coordinates": [ [ [ 132.351259140262329, 33.888344616276306 ], [ 132.35167701455066, 33.88870802369987 ], [ 132.352560274572767, 33.888989718403401 ], [ 132.353308482564756, 33.889595354993411 ], [ 132.35412885946343, 33.889945882375045 ], [ 132.354855550282281, 33.890834428426892 ], [ 132.356601689333871, 33.891847055437495 ], [ 132.357375161694307, 33.891815562718122 ], [ 132.357840264783505, 33.891596332391423 ], [ 132.358597114135875, 33.891712499814567 ], [ 132.359265148220459, 33.891173571113825 ], [ 132.359895423427815, 33.890941113032504 ], [ 132.360349719359505, 33.890399274482576 ], [ 132.361385331216979, 33.890182222567084 ], [ 132.362287328699921, 33.890442675834592 ], [ 132.363945753703064, 33.891388547976305 ], [ 132.366304440682001, 33.892072203368812 ], [ 132.367169142329544, 33.892500467403643 ], [ 132.367048219044108, 33.892117475185429 ], [ 132.366596619656377, 33.89180095618218 ], [ 132.366399151393409, 33.891515435302594 ], [ 132.366468833428399, 33.891266388545674 ], [ 132.36583395365318, 33.890711235137459 ], [ 132.363985784377604, 33.887761405234642 ], [ 132.363386850759952, 33.88545504890201 ], [ 132.36358236160811, 33.885386267721877 ], [ 132.363357523007494, 33.885401844255121 ], [ 132.363321403091049, 33.885207206681187 ], [ 132.363599053947098, 33.885130967790431 ], [ 132.363154859559756, 33.885184933492816 ], [ 132.363079592341819, 33.88490019701085 ], [ 132.363076685225877, 33.884579137295695 ], [ 132.363476565111284, 33.884528905664688 ], [ 132.363926166528415, 33.885400083152916 ], [ 132.363828888456652, 33.884942241798321 ], [ 132.363521656429697, 33.884399083976476 ], [ 132.363348623789335, 33.884373157948275 ], [ 132.363234006141795, 33.883902664420475 ], [ 132.363284844066413, 33.882533940754442 ], [ 132.363492545629015, 33.881672553358584 ], [ 132.363862790461411, 33.88097855155425 ], [ 132.364007629740996, 33.880978318672454 ], [ 132.363882125286324, 33.880931748568848 ], [ 132.36407698688123, 33.880127155158142 ], [ 132.364435067787781, 33.879330470981557 ], [ 132.364834253852678, 33.879462675977528 ], [ 132.364715605820436, 33.879386229123142 ], [ 132.365015699571501, 33.878553430850928 ], [ 132.365320789756481, 33.878582522552875 ], [ 132.365186813723994, 33.879528742894124 ], [ 132.365366662750461, 33.878775311857403 ], [ 132.365755033683939, 33.878444744899056 ], [ 132.368964237709889, 33.877006767525216 ], [ 132.369203469684919, 33.876695314042145 ], [ 132.36902709363244, 33.876181679095993 ], [ 132.368515520265021, 33.875615341843591 ], [ 132.368730462119885, 33.874655745872424 ], [ 132.368202100047284, 33.874301314578432 ], [ 132.367934358551963, 33.873539879037615 ], [ 132.368217713405443, 33.87181548265599 ], [ 132.369116477075607, 33.871143289169389 ], [ 132.369043388247889, 33.870863905468916 ], [ 132.368382286934121, 33.870134669767396 ], [ 132.36822696376214, 33.869381086596817 ], [ 132.368371562493536, 33.868838191057463 ], [ 132.368048813843359, 33.868562737260412 ], [ 132.368124958998749, 33.867874708652984 ], [ 132.368299724191985, 33.867289219497202 ], [ 132.368627292706066, 33.866882958112932 ], [ 132.369444278602032, 33.866826679173592 ], [ 132.369813477119692, 33.866648427052837 ], [ 132.370000255201319, 33.865681560197665 ], [ 132.369862973946454, 33.864790171256658 ], [ 132.370226972200555, 33.864251279842037 ], [ 132.370579872245656, 33.86404332699459 ], [ 132.371128096178353, 33.864154279624302 ], [ 132.372024432666848, 33.863863291256386 ], [ 132.372179399196114, 33.863157096431181 ], [ 132.371906955946287, 33.862246915901835 ], [ 132.371461587422402, 33.86220524971322 ], [ 132.371075212393379, 33.862427771399489 ], [ 132.370727046925595, 33.863236137636633 ], [ 132.369724687429567, 33.863926678542953 ], [ 132.369346656396772, 33.864771576971314 ], [ 132.368572447714683, 33.865457507526251 ], [ 132.367737180311565, 33.865211204926631 ], [ 132.366605863301061, 33.865334474501687 ], [ 132.36482482874365, 33.866671590859319 ], [ 132.364528832325618, 33.867055251270493 ], [ 132.363845738676957, 33.868999041300874 ], [ 132.36336464834082, 33.869613187825273 ], [ 132.362656492207179, 33.871377698754841 ], [ 132.362037401853229, 33.871953610301226 ], [ 132.360091175973849, 33.872914941693288 ], [ 132.359415976128275, 33.872764270668554 ], [ 132.35893946746441, 33.872874760833909 ], [ 132.357904862762496, 33.873370014878248 ], [ 132.357232092127703, 33.873933309350633 ], [ 132.355161127749511, 33.87416964964747 ], [ 132.352869614825465, 33.875030101676053 ], [ 132.35212462278767, 33.876635983013458 ], [ 132.352417530309538, 33.877345857938018 ], [ 132.352463638413866, 33.877925225621659 ], [ 132.351883133975321, 33.878916909362779 ], [ 132.35286207044328, 33.883228784154475 ], [ 132.35196353831941, 33.883931585420804 ], [ 132.351427821929718, 33.88534444020295 ], [ 132.351701813792204, 33.88620086544686 ], [ 132.351312979777674, 33.886682558730804 ], [ 132.351259140262329, 33.888344616276306 ] ] ] } },
{ "type": "Feature", "properties": { "CITY_NAME": "周防大島町", "S_NAME": "大字平野", "JINKO": 298, "medical_area": "35_柳井医療圏", "町丁目名": "周防大島町大字平野" }, "geometry": { "type": "Polygon", "coordinates": [ [ [ 132.358240930659633, 33.910063396396382 ], [ 132.360932751353658, 33.908504907227858 ], [ 132.361276269951873, 33.908504358147944 ], [ 132.361650470094474, 33.908943552950085 ], [ 132.366136705556045, 33.907907778597085 ], [ 132.367262650406076, 33.907066140391876 ], [ 132.368148714258979, 33.906776857754025 ], [ 132.368301069909649, 33.906543448448417 ], [ 132.369088863494625, 33.906259957693322 ], [ 132.369704957143568, 33.906324441694856 ], [ 132.371180679440215, 33.904213133725769 ], [ 132.37183662154618, 33.903543976006922 ], [ 132.370750778607515, 33.903470147948688 ], [ 132.370053512969008, 33.903105167081854 ], [ 132.369558109209322, 33.903044710795534 ], [ 132.369254252860145, 33.902595248582358 ], [ 132.367946502800464, 33.902866214444579 ], [ 132.367733290599119, 33.902782602513135 ], [ 132.367371610879985, 33.903018607945796 ], [ 132.366473569975398, 33.902792001410432 ], [ 132.363652116164985, 33.900368398502025 ], [ 132.364187513460081, 33.899977153755344 ], [ 132.364404230379108, 33.900172483856387 ], [ 132.364599675930123, 33.900051292364779 ], [ 132.364349180052017, 33.899753315684762 ], [ 132.364041671538388, 33.899565317984845 ], [ 132.36387762563956, 33.899702658917626 ], [ 132.364109494488474, 33.899902473189755 ], [ 132.363565442191145, 33.900295562474419 ], [ 132.362340294521914, 33.898419470502695 ], [ 132.361920690700771, 33.896517704497349 ], [ 132.363689068058875, 33.896751958955939 ], [ 132.363041060094844, 33.896606912615603 ], [ 132.363071458705264, 33.895734114067423 ], [ 132.363443199935972, 33.895646028226146 ], [ 132.363065856795203, 33.895650299683012 ], [ 132.362932873292749, 33.895196035996705 ], [ 132.36343512151322, 33.894046637687183 ], [ 132.36421514157135, 33.893791089129699 ], [ 132.364458694744997, 33.893454416364094 ], [ 132.365339430104171, 33.893268151718608 ], [ 132.365793315396701, 33.89271460223388 ], [ 132.366878382510208, 33.892535319229005 ], [ 132.366941796711473, 33.892376444009095 ], [ 132.367163745192812, 33.892504138573372 ], [ 132.366992282135897, 33.892339592287776 ], [ 132.363945753703064, 33.891388547976305 ], [ 132.362287328699921, 33.890442675834592 ], [ 132.361385331216979, 33.890182222567084 ], [ 132.360349719359505, 33.890399274482576 ], [ 132.359895423427815, 33.890941113032504 ], [ 132.359265148220459, 33.891173571113825 ], [ 132.358597114135875, 33.891712499814567 ], [ 132.357840264783505, 33.891596332391423 ], [ 132.357375161694307, 33.891815562718122 ], [ 132.356601689333871, 33.891847055437495 ], [ 132.354855550282281, 33.890834428426892 ], [ 132.35412885946343, 33.889945882375045 ], [ 132.353308482564756, 33.889595354993411 ], [ 132.352560274572767, 33.888989718403401 ], [ 132.35167701455066, 33.88870802369987 ], [ 132.351259140262329, 33.888344616276306 ], [ 132.351532594155998, 33.889869807589264 ], [ 132.351443827291064, 33.891135054622701 ], [ 132.351145336146601, 33.892182392797928 ], [ 132.350565668654468, 33.893213812880312 ], [ 132.350553860613275, 33.893802714434955 ], [ 132.351768116678954, 33.89590014317708 ], [ 132.351301110617356, 33.897634806470386 ], [ 132.351140981844338, 33.899167263263251 ], [ 132.351407424822497, 33.901391640374236 ], [ 132.350593868116391, 33.903165005277792 ], [ 132.349362214665661, 33.905076490964213 ], [ 132.352769634366638, 33.906580719166641 ], [ 132.352880517952769, 33.906850054074766 ], [ 132.353086362507639, 33.907023867115505 ], [ 132.353471465300515, 33.907085404682007 ], [ 132.353030022800937, 33.90697070006452 ], [ 132.352793411378144, 33.906578851382783 ], [ 132.353813980073369, 33.906951465238613 ], [ 132.353615156248708, 33.907021224566947 ], [ 132.354043433975789, 33.907046629826361 ], [ 132.353740400512351, 33.907909141421449 ], [ 132.355459348622702, 33.908676401422973 ], [ 132.356781930366139, 33.910132316048198 ], [ 132.358240930659633, 33.910063396396382 ] ] ] } },
{ "type": "Feature", "properties": { "CITY_NAME": "周防大島町", "S_NAME": "大字外入", "JINKO": 280, "medical_area": "35_柳井医療圏", "町丁目名": "周防大島町大字外入" }, "geometry": { "type": "Polygon", "coordinates": [ [ [ 132.338637698691485, 33.894472527315124 ], [ 132.338868595755628, 33.894195222461185 ], [ 132.338927323824862, 33.893372656338784 ], [ 132.338344948137461, 33.891514504551971 ], [ 132.338451778286981, 33.891000266733208 ], [ 132.33880063462658, 33.890829870240474 ], [ 132.341414472792906, 33.890733186809747 ], [ 132.34292654818961, 33.890229476818291 ], [ 132.343887251828249, 33.89044646099029 ], [ 132.34464242259034, 33.889790121308437 ], [ 132.346760298633569, 33.889103471544118 ], [ 132.349201524134628, 33.887708656482729 ], [ 132.349909548635594, 33.887699430193543 ], [ 132.351259140262329, 33.888344616276306 ], [ 132.351312979777674, 33.886682558730804 ], [ 132.351701813792204, 33.88620086544686 ], [ 132.35120274649347, 33.884569087803712 ], [ 132.3499480796429, 33.882836716670063 ], [ 132.349183458838638, 33.882322931085184 ], [ 132.347460514389638, 33.881851264382227 ], [ 132.344365756903727, 33.881740496971631 ], [ 132.343812661598378, 33.881362032994133 ], [ 132.343550807930313, 33.880427510527227 ], [ 132.343743513234301, 33.879370336228142 ], [ 132.342436953628692, 33.87833656027847 ], [ 132.341710167243662, 33.876733101061831 ], [ 132.341658918414851, 33.875814352434972 ], [ 132.340604850246478, 33.874910811202099 ], [ 132.340406817923622, 33.874554518701913 ], [ 132.340365712603756, 33.87352347294847 ], [ 132.338813529707352, 33.872434920828631 ], [ 132.338550538320703, 33.871171722891312 ], [ 132.338015622838839, 33.870037096592647 ], [ 132.336836271727918, 33.869155104857448 ], [ 132.334407810166994, 33.867983584381946 ], [ 132.3342989306243, 33.866798933832918 ], [ 132.333859259891852, 33.865891270711799 ], [ 132.333738774953105, 33.864815393501893 ], [ 132.333872229023314, 33.86348742494161 ], [ 132.334585603204289, 33.861991037507856 ], [ 132.333974608115653, 33.861804200291282 ], [ 132.333451592267608, 33.861288286267509 ], [ 132.332953830476697, 33.859868023284015 ], [ 132.333092161269093, 33.85931967419517 ], [ 132.332508764714106, 33.858860610571611 ], [ 132.332312328268415, 33.858439776695292 ], [ 132.331591669180654, 33.857969197119921 ], [ 132.331040299887462, 33.857858905227594 ], [ 132.327827164836435, 33.857738665926028 ], [ 132.326722083984777, 33.857992534714739 ], [ 132.326259113789092, 33.860057866502785 ], [ 132.325613794918581, 33.86057261470922 ], [ 132.326022014359779, 33.86098868190156 ], [ 132.326267729941691, 33.861766453242858 ], [ 132.326129426371722, 33.86178832413399 ], [ 132.32625165466942, 33.861838604528117 ], [ 132.326254994598969, 33.8624689003993 ], [ 132.325978482315975, 33.862552230088859 ], [ 132.32567018363585, 33.862975402597058 ], [ 132.326001201924328, 33.862567416433812 ], [ 132.326264766888102, 33.862490443295144 ], [ 132.326238490354797, 33.862884519271489 ], [ 132.326069734735427, 33.862799077792864 ], [ 132.326227750687849, 33.862920598343052 ], [ 132.326158974452255, 33.863131724800645 ], [ 132.32594600175301, 33.86309409780759 ], [ 132.326141756596456, 33.863168657368277 ], [ 132.325978031141091, 33.863462883406591 ], [ 132.325778605284285, 33.863738135052699 ], [ 132.325208456719963, 33.864004838264442 ], [ 132.325021149246709, 33.864407993424983 ], [ 132.325439031028566, 33.865357846850095 ], [ 132.325782401336568, 33.865759486118186 ], [ 132.325857943449762, 33.866271632312625 ], [ 132.3255769120602, 33.866840864095202 ], [ 132.326318795089605, 33.86764773147182 ], [ 132.326460509437169, 33.86828686606713 ], [ 132.326201430124399, 33.869029213993791 ], [ 132.326869360604064, 33.869580189754359 ], [ 132.327274086133144, 33.870400160177404 ], [ 132.328358361293454, 33.871600619750112 ], [ 132.328574349120998, 33.872611162386974 ], [ 132.329244685820726, 33.872700457446456 ], [ 132.330743240450403, 33.873458555090046 ], [ 132.331702402746345, 33.87419847044675 ], [ 132.332220591355309, 33.874407839544084 ], [ 132.333278604597183, 33.875376543883114 ], [ 132.334952574090892, 33.876229032353457 ], [ 132.334863278330261, 33.876436529504218 ], [ 132.334985012117585, 33.876233496958051 ], [ 132.335837813161135, 33.87673909252964 ], [ 132.335934912197388, 33.876648796894791 ], [ 132.33744560050468, 33.878002856107962 ], [ 132.337932989012018, 33.878474564351045 ], [ 132.338132786699816, 33.878922440109953 ], [ 132.33838886762112, 33.880481951325564 ], [ 132.338058991982734, 33.881474228585702 ], [ 132.337839853112683, 33.88162513592124 ], [ 132.337552563581795, 33.882296421485478 ], [ 132.337375167574606, 33.88224341130114 ], [ 132.33755700466196, 33.882358544583155 ], [ 132.33696008492285, 33.883342172794308 ], [ 132.336345235733006, 33.884018415444089 ], [ 132.336135365739182, 33.883945584868044 ], [ 132.336520653438583, 33.884163285225647 ], [ 132.336288104978365, 33.884100488347229 ], [ 132.334981194721308, 33.88524385999574 ], [ 132.334796194772366, 33.885172818808556 ], [ 132.334922903790954, 33.885285357247007 ], [ 132.334760363753219, 33.88538419306515 ], [ 132.333115796965018, 33.886088399443729 ], [ 132.332665165339961, 33.886179158645547 ], [ 132.332550952845452, 33.885817800630178 ], [ 132.332606796023299, 33.886186421021357 ], [ 132.332064146405969, 33.88621869115719 ], [ 132.33195226890831, 33.885944818092298 ], [ 132.331996034536161, 33.886216103030449 ], [ 132.331495437297093, 33.886188862602324 ], [ 132.331403942060518, 33.886396362864105 ], [ 132.331202792624339, 33.886365912465529 ], [ 132.33103272888809, 33.885624945498378 ], [ 132.331770315355556, 33.885771910047104 ], [ 132.332842333790779, 33.885552273589163 ], [ 132.332328855423299, 33.885571968773498 ], [ 132.332392160722833, 33.884763070502025 ], [ 132.332296182847784, 33.885447470306602 ], [ 132.331038649928615, 33.88533189972685 ], [ 132.33104366699834, 33.884560131756444 ], [ 132.332543269142434, 33.884637485049915 ], [ 132.330993806479285, 33.884495249372563 ], [ 132.33068164042021, 33.884630058885712 ], [ 132.330198072602911, 33.884459372561139 ], [ 132.32919894503857, 33.883203702717509 ], [ 132.329198315770839, 33.882871078312647 ], [ 132.328856338326688, 33.882675831741302 ], [ 132.328245872917904, 33.882850607566489 ], [ 132.3276533795148, 33.882808960592591 ], [ 132.32738541998458, 33.882308040700181 ], [ 132.327188547981507, 33.882244190661154 ], [ 132.327235840020876, 33.882095357772613 ], [ 132.326857440151429, 33.88207696111575 ], [ 132.326670031340484, 33.881873483221689 ], [ 132.327120035532147, 33.88276047364009 ], [ 132.327071391418571, 33.883417614215503 ], [ 132.328228686873217, 33.883682263474597 ], [ 132.329227312513893, 33.884421180557588 ], [ 132.329577374353704, 33.884961439426057 ], [ 132.329524239956385, 33.885863866382557 ], [ 132.328947255151206, 33.886621434443853 ], [ 132.331639349628205, 33.891537772574537 ], [ 132.331609001423402, 33.892580215130266 ], [ 132.332643606584298, 33.893589606824087 ], [ 132.333370122485888, 33.893798358996385 ], [ 132.333859879934693, 33.894467032177197 ], [ 132.33597528844399, 33.894203502452442 ], [ 132.336609548213318, 33.894328430060128 ], [ 132.337611892945517, 33.894826464598047 ], [ 132.338637698691485, 33.894472527315124 ] ] ] } },
{ "type": "Feature", "properties": { "CITY_NAME": "周防大島町", "S_NAME": "大字地家室", "JINKO": 95, "medical_area": "35_柳井医療圏", "町丁目名": "周防大島町大字地家室" }, "geometry": { "type": "Polygon", "coordinates": [ [ [ 132.357904862762496, 33.873370014878248 ], [ 132.359415976128275, 33.872764270668554 ], [ 132.360091175973849, 33.872914941693288 ], [ 132.362289761219813, 33.871780773857004 ], [ 132.362656492207179, 33.871377698754841 ], [ 132.36336464834082, 33.869613187825273 ], [ 132.363845738676957, 33.868999041300874 ], [ 132.364528832325618, 33.867055251270493 ], [ 132.36482482874365, 33.866671590859319 ], [ 132.366605863301061, 33.865334474501687 ], [ 132.367737180311565, 33.865211204926631 ], [ 132.368572447714683, 33.865457507526251 ], [ 132.369346656396772, 33.864771576971314 ], [ 132.369724687429567, 33.863926678542953 ], [ 132.368784226366301, 33.863854257057525 ], [ 132.366685780613722, 33.863139050411782 ], [ 132.365810057472885, 33.863465890595265 ], [ 132.36537220517053, 33.863408974985958 ], [ 132.364752761965292, 33.86289506111428 ], [ 132.364451606511835, 33.86214184714882 ], [ 132.361462995471726, 33.861095356630905 ], [ 132.361014776075876, 33.860760629292727 ], [ 132.360463317625147, 33.85996496735693 ], [ 132.360957571160668, 33.860786782151919 ], [ 132.361013559997133, 33.861160021409709 ], [ 132.360542674201014, 33.862228333619697 ], [ 132.360049941586851, 33.862267845334699 ], [ 132.360326323650924, 33.862606364638374 ], [ 132.360338929106319, 33.862916557353863 ], [ 132.359963579192112, 33.863238063202466 ], [ 132.359483167249635, 33.863003545504625 ], [ 132.35972017419985, 33.862209753832062 ], [ 132.359410801577013, 33.863019858933605 ], [ 132.357928055629827, 33.863997735120563 ], [ 132.35808161525668, 33.864039902784242 ], [ 132.359463825203136, 33.863055841204826 ], [ 132.359917218075793, 33.863290401611231 ], [ 132.358994544261293, 33.864350673962107 ], [ 132.359139907068112, 33.864471461552206 ], [ 132.359010198685468, 33.864584787972426 ], [ 132.358904408935956, 33.864644403268954 ], [ 132.358504720505778, 33.864266343480715 ], [ 132.358717150224948, 33.864516776827699 ], [ 132.355851264230807, 33.866603936868003 ], [ 132.354832273173116, 33.867178024334095 ], [ 132.354108111770813, 33.867177293963806 ], [ 132.352432949923553, 33.866266505950698 ], [ 132.351438352175279, 33.866156983870169 ], [ 132.351052118494778, 33.866479470083675 ], [ 132.351857565251805, 33.867558388683044 ], [ 132.351352129676172, 33.8682318453872 ], [ 132.349819864699015, 33.868904014643824 ], [ 132.349153076907527, 33.868452356380679 ], [ 132.348811503566935, 33.868439337029585 ], [ 132.348453046261454, 33.869121586015851 ], [ 132.347863957679692, 33.869612857849461 ], [ 132.347781266612799, 33.869857407485007 ], [ 132.347074116661418, 33.869735727422025 ], [ 132.347056164745339, 33.869928759379867 ], [ 132.347041669984463, 33.869725912496605 ], [ 132.345993183315272, 33.86969853655161 ], [ 132.345977708233789, 33.869539928035927 ], [ 132.345914193455769, 33.869661739453683 ], [ 132.345909561117594, 33.869003553365879 ], [ 132.345901677674334, 33.869365908753942 ], [ 132.345029308389428, 33.869303193131422 ], [ 132.344869948338044, 33.869085196385178 ], [ 132.344744676318811, 33.868106257033347 ], [ 132.345234474205085, 33.86819755514199 ], [ 132.345799489770258, 33.868576279411869 ], [ 132.346035096831429, 33.868575097577832 ], [ 132.345270056767731, 33.868153267462816 ], [ 132.344754286885035, 33.86805933025876 ], [ 132.344640538336449, 33.867935939975375 ], [ 132.344421799912368, 33.866719045596525 ], [ 132.344428678325244, 33.865369262849043 ], [ 132.344840737547315, 33.864982805083386 ], [ 132.34440377264329, 33.865340558659128 ], [ 132.343451410668365, 33.865263437014271 ], [ 132.342806682898498, 33.86550144743952 ], [ 132.341640131455392, 33.865326420802432 ], [ 132.341077237864766, 33.864902452854295 ], [ 132.341221864648446, 33.864285620034892 ], [ 132.340687427131485, 33.86350546644902 ], [ 132.339034247545527, 33.863702593084653 ], [ 132.337784762309866, 33.863647393081443 ], [ 132.336390147546382, 33.862908266144359 ], [ 132.336004220667604, 33.862322730203253 ], [ 132.334731813552764, 33.862145809648624 ], [ 132.334585603204289, 33.861991037507856 ], [ 132.333872229023314, 33.86348742494161 ], [ 132.333740067640917, 33.865466959377464 ], [ 132.333990352210037, 33.866355153623154 ], [ 132.3342989306243, 33.866798933832918 ], [ 132.334407810166994, 33.867983584381946 ], [ 132.336836271727918, 33.869155104857448 ], [ 132.338015622838839, 33.870037096592647 ], [ 132.338550538320703, 33.871171722891312 ], [ 132.338813529707352, 33.872434920828631 ], [ 132.340365712603756, 33.87352347294847 ], [ 132.340406817923622, 33.874554518701913 ], [ 132.340604850246478, 33.874910811202099 ], [ 132.341658918414851, 33.875814352434972 ], [ 132.341710167243662, 33.876733101061831 ], [ 132.342436953628692, 33.87833656027847 ], [ 132.343743513234301, 33.879370336228142 ], [ 132.343550807930313, 33.880427510527227 ], [ 132.343812661598378, 33.881362032994133 ], [ 132.344365756903727, 33.881740496971631 ], [ 132.347460514389638, 33.881851264382227 ], [ 132.349183458838638, 33.882322931085184 ], [ 132.3499480796429, 33.882836716670063 ], [ 132.350404242532647, 33.88343210543691 ], [ 132.35120274649347, 33.884569087803712 ], [ 132.351427821929718, 33.88534444020295 ], [ 132.35196353831941, 33.883931585420804 ], [ 132.35286207044328, 33.883228784154475 ], [ 132.351883998533879, 33.879309543325995 ], [ 132.351883133975321, 33.878916909362779 ], [ 132.352463638413866, 33.877925225621659 ], [ 132.352417530309538, 33.877345857938018 ], [ 132.35212462278767, 33.876635983013458 ], [ 132.352458699343856, 33.875700886068607 ], [ 132.352869614825465, 33.875030101676053 ], [ 132.355161127749511, 33.87416964964747 ], [ 132.357232092127703, 33.873933309350633 ], [ 132.357904862762496, 33.873370014878248 ] ] ] } },
{ "type": "Feature", "properties": { "CITY_NAME": "周防大島町", "S_NAME": "大字沖家室島", "JINKO": 0, "medical_area": "35_柳井医療圏", "町丁目名": "周防大島町大字沖家室島" }, "geometry": { "type": "Polygon", "coordinates": [ [ [ 132.387888358985776, 33.782924551797457 ], [ 132.388522077875365, 33.782903568900458 ], [ 132.390237749975824, 33.782482229276823 ], [ 132.391469832832627, 33.781239226088722 ], [ 132.391750180941443, 33.781092623930064 ], [ 132.391886459349308, 33.781191565351584 ], [ 132.392779273707589, 33.780730104168939 ], [ 132.392865551678739, 33.780262058905528 ], [ 132.392471129342255, 33.779689211748511 ], [ 132.393261405884289, 33.779248784432809 ], [ 132.393250551131587, 33.778796129871871 ], [ 132.393526416297931, 33.778591768874954 ], [ 132.393598715576246, 33.778150804394919 ], [ 132.393372089143924, 33.7777733624118 ], [ 132.393568276104247, 33.777661288941786 ], [ 132.393104300962023, 33.777346544693422 ], [ 132.392029026965218, 33.777349318414011 ], [ 132.391944165795906, 33.777515431371 ], [ 132.390657249166111, 33.777916143701802 ], [ 132.390709052212202, 33.778329966121504 ], [ 132.390459921254717, 33.77843325797155 ], [ 132.390200884579514, 33.778899777537376 ], [ 132.389499952502405, 33.779235629546847 ], [ 132.388967828446852, 33.779293347914354 ], [ 132.38893613142389, 33.77957743597527 ], [ 132.388194963029036, 33.779795993286847 ], [ 132.387648264652739, 33.780527323314047 ], [ 132.387875870861308, 33.780891262246023 ], [ 132.387526266598258, 33.780977536989049 ], [ 132.387736263422056, 33.781200759283486 ], [ 132.38730764664615, 33.782102357422524 ], [ 132.387494853281908, 33.782719686822354 ], [ 132.387888358985776, 33.782924551797457 ] ] ] } },
{ "type": "Feature", "properties": { "CITY_NAME": "周防大島町", "S_NAME": "大字沖家室島", "JINKO": 96, "medical_area": "35_柳井医療圏", "町丁目名": "周防大島町大字沖家室島" }, "geometry": { "type": "Polygon", "coordinates": [ [ [ 132.359484292967863, 33.858372735950518 ], [ 132.359561710258106, 33.858197784984959 ], [ 132.360194901374541, 33.858154394645631 ], [ 132.359354006658833, 33.858114285247623 ], [ 132.359498005344136, 33.857761442338088 ], [ 132.360633315148817, 33.856614611388643 ], [ 132.36087681757212, 33.856762152294387 ], [ 132.360560646508731, 33.857888689837246 ], [ 132.360665185810063, 33.858228465308969 ], [ 132.360608207803693, 33.857900449159516 ], [ 132.360730075073519, 33.857788400211106 ], [ 132.360964375924169, 33.856313880537812 ], [ 132.361363331363577, 33.855930064747298 ], [ 132.362293381544134, 33.855752783424897 ], [ 132.362404930615639, 33.855849954244718 ], [ 132.36232794050099, 33.855737373103835 ], [ 132.363191492225809, 33.854861433174477 ], [ 132.364735868635904, 33.854446059759724 ], [ 132.365226517966477, 33.854914117659725 ], [ 132.365420769444682, 33.854801103569898 ], [ 132.365616943316496, 33.855032533572896 ], [ 132.365408172599956, 33.854502744029602 ], [ 132.365699832883223, 33.854002720838281 ], [ 132.365765596459738, 33.853480520659424 ], [ 132.365538412997807, 33.853378184525312 ], [ 132.365948637079072, 33.852750901173245 ], [ 132.365536942023823, 33.853213219295377 ], [ 132.365104715325174, 33.85322828100778 ], [ 132.364926375406242, 33.853215042133769 ], [ 132.364793401430489, 33.852744582323886 ], [ 132.364939862495277, 33.85253345471979 ], [ 132.365520750345979, 33.852770466033711 ], [ 132.364827269558873, 33.852439809671814 ], [ 132.365174963628618, 33.851877573743749 ], [ 132.36560535532368, 33.851547793188779 ], [ 132.365949901888541, 33.851472434077905 ], [ 132.367124089951602, 33.85173102279915 ], [ 132.367247464674648, 33.851804784010611 ], [ 132.367123615133551, 33.851980799875165 ], [ 132.366581771799929, 33.851795012075705 ], [ 132.366492382576126, 33.851925045544583 ], [ 132.367115047795778, 33.852016878444005 ], [ 132.367279933633426, 33.851825440488568 ], [ 132.367968181485026, 33.852224699123951 ], [ 132.367834538826912, 33.852374528339993 ], [ 132.36734007064112, 33.852116538053615 ], [ 132.367244028777094, 33.85217445287055 ], [ 132.367616119173334, 33.852317264228446 ], [ 132.367469504234663, 33.852461760715045 ], [ 132.367894015676086, 33.852391618871202 ], [ 132.369923410494522, 33.853254705592342 ], [ 132.369929157313209, 33.853395433869167 ], [ 132.369968844247268, 33.853268155339862 ], [ 132.371527299172101, 33.852894094662155 ], [ 132.372425273919021, 33.852431935764272 ], [ 132.373204060777425, 33.850979881344998 ], [ 132.372676039193379, 33.849393910681833 ], [ 132.372674558910347, 33.848359869068247 ], [ 132.372463126448281, 33.848068884168988 ], [ 132.372289009306797, 33.848009722265232 ], [ 132.372047547004001, 33.848250883287783 ], [ 132.371684628214126, 33.848314597786434 ], [ 132.371110959003687, 33.847926018366884 ], [ 132.370695074770367, 33.8479844645559 ], [ 132.369924673662638, 33.847130883719728 ], [ 132.369874795518172, 33.847499783450949 ], [ 132.368822470903069, 33.847569972465635 ], [ 132.368467253696906, 33.847240615019864 ], [ 132.368378107787777, 33.847467996280741 ], [ 132.368114565624722, 33.847519846113556 ], [ 132.367648791963461, 33.847500738328833 ], [ 132.367427922138148, 33.847324295268443 ], [ 132.367320207885314, 33.847467038208741 ], [ 132.366611176110524, 33.847395068447668 ], [ 132.36566133775554, 33.846944943402235 ], [ 132.365442341613459, 33.847541208316926 ], [ 132.364868365195264, 33.847922638946088 ], [ 132.364540004039355, 33.847982614806213 ], [ 132.363672803459139, 33.847739714107334 ], [ 132.363676408009184, 33.847889321156657 ], [ 132.363032599515662, 33.847991352033986 ], [ 132.362646060916944, 33.848575338915552 ], [ 132.362792596076332, 33.848852777141026 ], [ 132.362381764172284, 33.849233092822629 ], [ 132.362669195988985, 33.850144116963271 ], [ 132.362577207012151, 33.850542805512525 ], [ 132.362287485002099, 33.850955331032843 ], [ 132.361906331969976, 33.851081171788458 ], [ 132.36161859928734, 33.850967091707943 ], [ 132.361619102767634, 33.851181788518282 ], [ 132.361236229228297, 33.851502464257052 ], [ 132.361331857456634, 33.851725886419025 ], [ 132.360920826850617, 33.852020402081827 ], [ 132.361017357999827, 33.852170004260934 ], [ 132.360848109474745, 33.852352283441171 ], [ 132.360012847461093, 33.852379791781175 ], [ 132.360079253601015, 33.852590723423845 ], [ 132.359626157959809, 33.852459707095854 ], [ 132.359337342766821, 33.8528064326687 ], [ 132.358767241335642, 33.853006516684729 ], [ 132.358450368606242, 33.852904306969684 ], [ 132.357920409685988, 33.853645297402281 ], [ 132.356451736638832, 33.85408666871102 ], [ 132.355734080934468, 33.854044513965803 ], [ 132.355395388044116, 33.854324532117502 ], [ 132.354203905932678, 33.854532723184306 ], [ 132.354263819830436, 33.854743668808766 ], [ 132.353986382460562, 33.854879330889652 ], [ 132.35363080570491, 33.85486451079165 ], [ 132.354273949796436, 33.85540536063165 ], [ 132.354271000811991, 33.855528915019477 ], [ 132.353952408954029, 33.855620544717304 ], [ 132.3542713398366, 33.855678668948485 ], [ 132.35478666481751, 33.856087141217948 ], [ 132.354873729212585, 33.856355665242511 ], [ 132.355817665348894, 33.857051298383908 ], [ 132.357960572983245, 33.857942313377237 ], [ 132.358058311197624, 33.858147845404829 ], [ 132.358108805187385, 33.858012524237161 ], [ 132.358322958677178, 33.858093339979931 ], [ 132.358549493822778, 33.858379677381912 ], [ 132.359367869017291, 33.858492945109688 ], [ 132.360463317625147, 33.85996496735693 ], [ 132.359484292967863, 33.858372735950518 ] ] ] } },
{ "type": "Feature", "properties": { "CITY_NAME": "周防大島町", "S_NAME": "大字沖家室島", "JINKO": 0, "medical_area": "35_柳井医療圏", "町丁目名": "周防大島町大字沖家室島" }, "geometry": { "type": "Polygon", "coordinates": [ [ [ 132.401081783203352, 33.813429602546165 ], [ 132.398276823266116, 33.812060000978008 ], [ 132.397833055893841, 33.811336005418049 ], [ 132.398232478528058, 33.809944809501459 ], [ 132.398811049115494, 33.808923814618062 ], [ 132.399232400928724, 33.808531764491271 ], [ 132.399105353981895, 33.80827502389981 ], [ 132.399902169443322, 33.807291512056089 ], [ 132.399299416306292, 33.80643069751509 ], [ 132.399775760061971, 33.805582204557837 ], [ 132.399406680727338, 33.80486056624494 ], [ 132.39954554497848, 33.804252647570991 ], [ 132.399469813083556, 33.80378123529875 ], [ 132.398826021397241, 33.803331605603546 ], [ 132.398643691077837, 33.802990153503252 ], [ 132.397847031953717, 33.802731008637018 ], [ 132.397656430584448, 33.802527640891903 ], [ 132.396715639906233, 33.802469922677098 ], [ 132.395987877655614, 33.802090716457144 ], [ 132.39498851608613, 33.801923898217694 ], [ 132.394296260441479, 33.801916140996077 ], [ 132.393843148337851, 33.802101808948485 ], [ 132.392874815997885, 33.803533558252745 ], [ 132.392781451673585, 33.804138786599374 ], [ 132.392192121284666, 33.805008889161186 ], [ 132.391988610783187, 33.805598097809629 ], [ 132.391758471026264, 33.807078788302881 ], [ 132.392089741928402, 33.808155620050961 ], [ 132.392983204171259, 33.808759165116669 ], [ 132.393111505154764, 33.809084373095359 ], [ 132.393418266390825, 33.80913894000124 ], [ 132.394850340130233, 33.810154389227669 ], [ 132.395090130000312, 33.811020555879495 ], [ 132.394798102927638, 33.811212075074792 ], [ 132.395748405842312, 33.811756986068332 ], [ 132.39629026480435, 33.812525137026775 ], [ 132.396671092996513, 33.812441529185016 ], [ 132.3968758407363, 33.812708995530016 ], [ 132.397079448899717, 33.812559891427242 ], [ 132.39775097771809, 33.812914849745653 ], [ 132.3977333791143, 33.813184520924572 ], [ 132.397902660136424, 33.813074175413789 ], [ 132.398036253599145, 33.813328204711581 ], [ 132.39874251485432, 33.813246564157922 ], [ 132.399995992463914, 33.813763447226414 ], [ 132.40041697525524, 33.814039464570804 ], [ 132.400778343818558, 33.814616790718475 ], [ 132.401042422844597, 33.814409758508582 ], [ 132.40117532135281, 33.813655812692829 ], [ 132.401081783203352, 33.813429602546165 ] ] ] } },
{ "type": "Feature", "properties": { "CITY_NAME": "周防大島町", "S_NAME": "大字森", "JINKO": 0, "medical_area": "35_柳井医療圏", "町丁目名": "周防大島町大字森" }, "geometry": { "type": "Polygon", "coordinates": [ [ [ 132.354312286209421, 33.920543723701698 ], [ 132.353725885529741, 33.920940500932133 ], [ 132.353602654182112, 33.921464490159764 ], [ 132.35389121399831, 33.921859927384972 ], [ 132.35463120441662, 33.92194712574949 ], [ 132.35494546489025, 33.921732924499345 ], [ 132.355012947478059, 33.921431754459739 ], [ 132.354831305397539, 33.920974870811335 ], [ 132.354312286209421, 33.920543723701698 ] ] ] } },
{ "type": "Feature", "properties": { "CITY_NAME": "周防大島町", "S_NAME": "大字森", "JINKO": 0, "medical_area": "35_柳井医療圏", "町丁目名": "周防大島町大字森" }, "geometry": { "type": "Polygon", "coordinates": [ [ [ 132.355339309850734, 33.933551236670475 ], [ 132.355471121073805, 33.932010903121764 ], [ 132.355292017140101, 33.93172814422239 ], [ 132.354573988999448, 33.93182842672671 ], [ 132.354435393816487, 33.932259599116279 ], [ 132.353936886896406, 33.932820228773011 ], [ 132.353907257819799, 33.933616542893922 ], [ 132.354478201372331, 33.934010565187634 ], [ 132.355134516519229, 33.933883329379512 ], [ 132.355230546546181, 33.933771321123444 ], [ 132.355033466584104, 33.933683289913205 ], [ 132.355339309850734, 33.933551236670475 ] ] ] } },
{ "type": "Feature", "properties": { "CITY_NAME": "周防大島町", "S_NAME": "大字森", "JINKO": 0, "medical_area": "35_柳井医療圏", "町丁目名": "周防大島町大字森" }, "geometry": { "type": "Polygon", "coordinates": [ [ [ 132.340533054224323, 33.929936581565499 ], [ 132.340381802379767, 33.930025268251391 ], [ 132.340425375639398, 33.93017566875784 ], [ 132.340618843227531, 33.930105095773662 ], [ 132.340533054224323, 33.929936581565499 ] ] ] } },
{ "type": "Feature", "properties": { "CITY_NAME": "周防大島町", "S_NAME": "大字森", "JINKO": 0, "medical_area": "35_柳井医療圏", "町丁目名": "周防大島町大字森" }, "geometry": { "type": "Polygon", "coordinates": [ [ [ 132.367559207237889, 33.930681630893069 ], [ 132.367884895484366, 33.930727166589008 ], [ 132.367923255370329, 33.9304818237365 ], [ 132.367545752929942, 33.930485119565546 ], [ 132.366655610689918, 33.931445008640608 ], [ 132.36706680388474, 33.931969976561156 ], [ 132.36744081046777, 33.931861166202793 ], [ 132.367380983721517, 33.931258984032986 ], [ 132.367559207237889, 33.930681630893069 ] ] ] } },
{ "type": "Feature", "properties": { "CITY_NAME": "周防大島町", "S_NAME": "大字森", "JINKO": 225, "medical_area": "35_柳井医療圏", "町丁目名": "周防大島町大字森" }, "geometry": { "type": "Polygon", "coordinates": [ [ [ 132.367758411548948, 33.918201791114548 ], [ 132.369042600717989, 33.916204083610197 ], [ 132.368700721797239, 33.915682689367273 ], [ 132.368800628167975, 33.915114492353126 ], [ 132.368637221808456, 33.914159170904504 ], [ 132.369261102622801, 33.913252410291598 ], [ 132.368707503734129, 33.912739116846829 ], [ 132.368596280337783, 33.912432181576669 ], [ 132.368721752805953, 33.911004431284582 ], [ 132.367042094068466, 33.909257193226914 ], [ 132.366136705556045, 33.907907778597085 ], [ 132.361650470094474, 33.908943552950085 ], [ 132.361276269951873, 33.908504358147944 ], [ 132.360932751353658, 33.908504907227858 ], [ 132.358936690039485, 33.909619364745907 ], [ 132.358878892440998, 33.909793828538653 ], [ 132.35803583913787, 33.910118802181444 ], [ 132.357638393138188, 33.910116607738274 ], [ 132.357788094505139, 33.910805138183001 ], [ 132.357196962978634, 33.91050500124269 ], [ 132.356858399907736, 33.91047481787971 ], [ 132.357275041624376, 33.910604904303028 ], [ 132.357270815216566, 33.911128845659888 ], [ 132.356807531600566, 33.911410766050565 ], [ 132.3565290112235, 33.911153388372554 ], [ 132.356493174298095, 33.910600770545273 ], [ 132.356466354095517, 33.911176872592051 ], [ 132.356621331719055, 33.911330894729325 ], [ 132.356591761120427, 33.911641019032466 ], [ 132.353829172615406, 33.913826409514719 ], [ 132.353269096187091, 33.914376421859671 ], [ 132.352678549773145, 33.915339258303767 ], [ 132.352686624299935, 33.916054357444544 ], [ 132.353136961040832, 33.917243832392032 ], [ 132.353460125155067, 33.917636395771702 ], [ 132.354108788600001, 33.918012258662337 ], [ 132.354526144571992, 33.917963858976975 ], [ 132.354760079224832, 33.918113115182592 ], [ 132.356610722806835, 33.917694652442115 ], [ 132.358320202850365, 33.917519826552308 ], [ 132.35844760407744, 33.916943421920841 ], [ 132.358397585504207, 33.917308664542261 ], [ 132.358526591724853, 33.917441876524819 ], [ 132.359864635015413, 33.917538103164269 ], [ 132.361285259625532, 33.918257146042606 ], [ 132.363521038837803, 33.9202326403231 ], [ 132.363731840968939, 33.920656076477513 ], [ 132.364525568518673, 33.921058699484149 ], [ 132.36517601286144, 33.92170683210086 ], [ 132.365762040147075, 33.923493835981432 ], [ 132.366337874174462, 33.92460461271375 ], [ 132.366308984617291, 33.925198065056627 ], [ 132.36716319562322, 33.926015344482117 ], [ 132.367325913840631, 33.926678643904189 ], [ 132.367821858454164, 33.926912261085285 ], [ 132.368272977766537, 33.927407432906399 ], [ 132.369335984857116, 33.927765497453592 ], [ 132.369597497972165, 33.928112205356015 ], [ 132.370335920002901, 33.927696212843585 ], [ 132.370166350866583, 33.926076876461401 ], [ 132.369911279671072, 33.9252905972848 ], [ 132.370111121220049, 33.924146556514444 ], [ 132.369879890741601, 33.923701744407033 ], [ 132.368712824937546, 33.92271734952525 ], [ 132.368773987925209, 33.921320231097461 ], [ 132.368080946260022, 33.920262208313154 ], [ 132.368043352561386, 33.919932178189434 ], [ 132.367383574863993, 33.919315369067249 ], [ 132.367758411548948, 33.918201791114548 ] ] ] } },
{ "type": "Feature", "properties": { "CITY_NAME": "周防大島町", "S_NAME": "大字森", "JINKO": 0, "medical_area": "35_柳井医療圏", "町丁目名": "周防大島町大字森" }, "geometry": { "type": "Polygon", "coordinates": [ [ [ 132.35172379402664, 33.923880234307468 ], [ 132.351404243730514, 33.923151229871266 ], [ 132.351119303430835, 33.922931743432684 ], [ 132.350752457252412, 33.923345220443139 ], [ 132.350630207465684, 33.923834969101868 ], [ 132.35033919686299, 33.923808356814895 ], [ 132.350619473279096, 33.923872882481142 ], [ 132.350927008441801, 33.924536960722882 ], [ 132.35125602188441, 33.924630151087747 ], [ 132.351734927210543, 33.924523062212231 ], [ 132.35172379402664, 33.923880234307468 ] ] ] } },
{ "type": "Feature", "properties": { "CITY_NAME": "周防大島町", "S_NAME": "大字神浦", "JINKO": 34, "medical_area": "35_柳井医療圏", "町丁目名": "周防大島町大字神浦" }, "geometry": { "type": "Polygon", "coordinates": [ [ [ 132.369854112124273, 33.928227164888661 ], [ 132.372046268745578, 33.928085581358481 ], [ 132.372227513024143, 33.927433398640922 ], [ 132.372454337230522, 33.92729945749214 ], [ 132.372221055516718, 33.926994267474605 ], [ 132.372454828714439, 33.926144472599859 ], [ 132.373955344089808, 33.925380048161685 ], [ 132.376095625411665, 33.92485346358248 ], [ 132.378633184182945, 33.924914923125414 ], [ 132.379097507148003, 33.925043036048287 ], [ 132.37912178095857, 33.925240516543546 ], [ 132.379220893242859, 33.925084384468065 ], [ 132.37910157062629, 33.925380310734759 ], [ 132.379694189811147, 33.925773348400206 ], [ 132.379269654738721, 33.926429625976162 ], [ 132.379517621628338, 33.92610459605541 ], [ 132.380120370343207, 33.926226971416746 ], [ 132.379989424815932, 33.926631260375459 ], [ 132.379327759082798, 33.926750464670363 ], [ 132.380062151542234, 33.926739335475688 ], [ 132.380548138756978, 33.926441786558605 ], [ 132.38234315876295, 33.926261004184639 ], [ 132.38309566111235, 33.92657344183403 ], [ 132.383492526634797, 33.926534000740915 ], [ 132.383772229158978, 33.926795981512988 ], [ 132.384622154676407, 33.925682181412085 ], [ 132.384736379221692, 33.924873148763517 ], [ 132.38504890769417, 33.924426407199725 ], [ 132.385125239672789, 33.92278860385445 ], [ 132.384932022769618, 33.922057036705965 ], [ 132.385210402705781, 33.920935932629554 ], [ 132.385030239247385, 33.920260272871268 ], [ 132.384811444798572, 33.919995228892354 ], [ 132.384358532749616, 33.920045199615707 ], [ 132.382067046240621, 33.921121375938661 ], [ 132.377072471265166, 33.920095758232343 ], [ 132.376497869250471, 33.920271155105894 ], [ 132.375403030876186, 33.919634249511894 ], [ 132.374981002915291, 33.919754289539078 ], [ 132.3743219667831, 33.920459403373265 ], [ 132.373490763608686, 33.920387117432433 ], [ 132.372788548449563, 33.920132585797298 ], [ 132.372006947837889, 33.919455416929402 ], [ 132.371366267667071, 33.919303080570039 ], [ 132.37045222048809, 33.918782234210319 ], [ 132.370229809898007, 33.918353908147601 ], [ 132.36985454036855, 33.918087568313247 ], [ 132.369744559673933, 33.917678917047716 ], [ 132.370097282450217, 33.917065074237186 ], [ 132.370123479570566, 33.916627737203804 ], [ 132.369042600717989, 33.916204083610197 ], [ 132.367758411548948, 33.918201791114548 ], [ 132.367383574863993, 33.919315369067249 ], [ 132.368043352561386, 33.919932178189434 ], [ 132.368080946260022, 33.920262208313154 ], [ 132.368773987925209, 33.921320231097461 ], [ 132.368712824937546, 33.92271734952525 ], [ 132.369879890741601, 33.923701744407033 ], [ 132.370111121220049, 33.924146556514444 ], [ 132.369911279671072, 33.9252905972848 ], [ 132.370166350866583, 33.926076876461401 ], [ 132.370335920002901, 33.927696212843585 ], [ 132.369597497972165, 33.928112205356015 ], [ 132.369854112124273, 33.928227164888661 ] ] ] } },
{ "type": "Feature", "properties": { "CITY_NAME": "周防大島町", "S_NAME": "大字内入", "JINKO": 71, "medical_area": "35_柳井医療圏", "町丁目名": "周防大島町大字内入" }, "geometry": { "type": "Polygon", "coordinates": [ [ [ 132.400616440722729, 33.925904691057426 ], [ 132.401297343413262, 33.925157984944526 ], [ 132.401933935415059, 33.923732013474492 ], [ 132.401951533860824, 33.923085460179031 ], [ 132.40260934867311, 33.922550826657783 ], [ 132.402830620652423, 33.921927978868617 ], [ 132.401335023629088, 33.92118411401529 ], [ 132.400935810922306, 33.921154856026725 ], [ 132.399590776587132, 33.921698093187665 ], [ 132.397959618826349, 33.921393576929937 ], [ 132.397298622287394, 33.921458763951428 ], [ 132.395555972464535, 33.92227870167109 ], [ 132.394655591509519, 33.922129045063961 ], [ 132.392952113339646, 33.92130614200844 ], [ 132.392250210663605, 33.921577214931311 ], [ 132.391611602545083, 33.92114232870032 ], [ 132.391056514794116, 33.920987793058984 ], [ 132.389959785009864, 33.920085557956092 ], [ 132.389651251813291, 33.920025811970611 ], [ 132.389006118655544, 33.920448639914376 ], [ 132.388030889677196, 33.920356690271745 ], [ 132.387378173618202, 33.920569743846059 ], [ 132.387131879852092, 33.920942685296012 ], [ 132.386593314647115, 33.9207527366273 ], [ 132.386417772426967, 33.920228384272384 ], [ 132.386007235296915, 33.920201776733762 ], [ 132.385345211492904, 33.919772960554539 ], [ 132.384811444798572, 33.919995228892354 ], [ 132.385210402705781, 33.920935932629554 ], [ 132.384932022769618, 33.922057036705965 ], [ 132.385125239672789, 33.92278860385445 ], [ 132.385059540541818, 33.924354254430213 ], [ 132.384736379221692, 33.924873148763517 ], [ 132.384622154676407, 33.925682181412085 ], [ 132.383772229158978, 33.926795981512988 ], [ 132.383858051641965, 33.926942774825577 ], [ 132.386938049225193, 33.926773202803254 ], [ 132.387560255758615, 33.926044417716746 ], [ 132.387642677354393, 33.925712483047619 ], [ 132.388158977985427, 33.925437398388205 ], [ 132.388664308671025, 33.925530325902152 ], [ 132.388177249147986, 33.925395944589198 ], [ 132.388408803699633, 33.925013165709139 ], [ 132.388582764362724, 33.924939030427964 ], [ 132.38866011214273, 33.925156138721519 ], [ 132.388639058027621, 33.92496231644796 ], [ 132.389376213089889, 33.924779817242722 ], [ 132.39106176097232, 33.924949791704357 ], [ 132.394867739416441, 33.925731817514055 ], [ 132.395310449828486, 33.925858222379148 ], [ 132.395212702185972, 33.926110870093332 ], [ 132.395360239398173, 33.925873487780521 ], [ 132.395502057215452, 33.925915492206762 ], [ 132.399948016000224, 33.927579100989135 ], [ 132.400616440722729, 33.925904691057426 ] ] ] } },
{ "type": "Feature", "properties": { "CITY_NAME": "周防大島町", "S_NAME": "大字小泊", "JINKO": 110, "medical_area": "35_柳井医療圏", "町丁目名": "周防大島町大字小泊" }, "geometry": { "type": "Polygon", "coordinates": [ [ [ 132.397735907887864, 33.92139680934126 ], [ 132.399590776587132, 33.921698093187665 ], [ 132.40110878139285, 33.921127481089471 ], [ 132.402830620652423, 33.921927978868617 ], [ 132.403334093176426, 33.921684561629313 ], [ 132.404304212726004, 33.92190897574956 ], [ 132.404889847618279, 33.921580584510487 ], [ 132.405537194781402, 33.920779125261497 ], [ 132.406284036524852, 33.920898993091569 ], [ 132.407070570092657, 33.92134196733236 ], [ 132.407836401338244, 33.921316256148003 ], [ 132.408019575809817, 33.920952140587879 ], [ 132.407465194636842, 33.920322759192679 ], [ 132.407414380243324, 33.919482334462955 ], [ 132.407015213197894, 33.918884897490457 ], [ 132.406848287282401, 33.918125555980851 ], [ 132.407243765419253, 33.917413455386971 ], [ 132.407209952766607, 33.915724143493826 ], [ 132.407683475331112, 33.915189830817262 ], [ 132.407783640784686, 33.91461171814732 ], [ 132.408285582039724, 33.913842911609095 ], [ 132.407975039947729, 33.911996623133739 ], [ 132.407644558432338, 33.91168195619916 ], [ 132.40805342812277, 33.909974629320615 ], [ 132.407865104294189, 33.909919062369816 ], [ 132.407144852298217, 33.910281116038391 ], [ 132.405855134367584, 33.911187089816977 ], [ 132.405808940286391, 33.912069971571299 ], [ 132.406178779101879, 33.912456983143237 ], [ 132.406163018134492, 33.913008868882102 ], [ 132.405671494441094, 33.913594070150737 ], [ 132.405225518727491, 33.913826683787576 ], [ 132.405266698362567, 33.915025835714658 ], [ 132.405028893481159, 33.915852169568304 ], [ 132.403359364054666, 33.916337744882284 ], [ 132.400268689129632, 33.916793561723701 ], [ 132.399746357754026, 33.917201982851054 ], [ 132.399399329587737, 33.917247714131001 ], [ 132.399035201647905, 33.91777319512498 ], [ 132.398668843898491, 33.917874047523675 ], [ 132.395858129815139, 33.917494215661314 ], [ 132.394369807597172, 33.917012733015 ], [ 132.395388512958334, 33.917401252597379 ], [ 132.395147988103901, 33.917646978558373 ], [ 132.394025577068788, 33.917706804733321 ], [ 132.394003875476898, 33.917274043773439 ], [ 132.393935776803488, 33.917696120549984 ], [ 132.39158542480601, 33.916766196896283 ], [ 132.390370038026276, 33.915931260101857 ], [ 132.390606552488038, 33.915747964743922 ], [ 132.389786715731816, 33.914919494540705 ], [ 132.389892181122462, 33.914830688406767 ], [ 132.389930413535325, 33.914564629443802 ], [ 132.389582255058343, 33.915008902228742 ], [ 132.389494839337033, 33.914664598048802 ], [ 132.389521585577342, 33.914965760071432 ], [ 132.389248044066989, 33.914995134003668 ], [ 132.3891312678779, 33.914585089175375 ], [ 132.389348568538054, 33.914559480148085 ], [ 132.389734089245451, 33.91392846741914 ], [ 132.390040023706803, 33.914301259091573 ], [ 132.390063312044646, 33.914103696302334 ], [ 132.389713132288705, 33.913773391485876 ], [ 132.389952351900916, 33.913447515907059 ], [ 132.390486288277231, 33.913332855532666 ], [ 132.390613115908678, 33.913441810589354 ], [ 132.390724034260586, 33.913267617170646 ], [ 132.391240986737671, 33.913683133368437 ], [ 132.390804995177064, 33.913211538345045 ], [ 132.390747484413026, 33.911900568919663 ], [ 132.390498588230741, 33.911425817507862 ], [ 132.39059508656149, 33.911110059896473 ], [ 132.39045551889302, 33.911078755596051 ], [ 132.390210921640687, 33.911420985946329 ], [ 132.390154996335696, 33.912745685304579 ], [ 132.389626762181621, 33.912843146631275 ], [ 132.388854011280699, 33.913568967556735 ], [ 132.387978457166753, 33.913745518009613 ], [ 132.387853326565846, 33.914346330773611 ], [ 132.387174389659691, 33.914963346106134 ], [ 132.386518048224247, 33.915924212763016 ], [ 132.386786564322705, 33.9165234773603 ], [ 132.386703467936911, 33.917284113429062 ], [ 132.386118299786631, 33.918829794548849 ], [ 132.385345211492904, 33.919772960554539 ], [ 132.386007235296915, 33.920201776733762 ], [ 132.386417772426967, 33.920228384272384 ], [ 132.386593314647115, 33.9207527366273 ], [ 132.387131879852092, 33.920942685296012 ], [ 132.387378173618202, 33.920569743846059 ], [ 132.388030889677196, 33.920356690271745 ], [ 132.389006118655544, 33.920448639914376 ], [ 132.389651251813291, 33.920025811970611 ], [ 132.390034268882886, 33.920103034493657 ], [ 132.391056514794116, 33.920987793058984 ], [ 132.391611602545083, 33.92114232870032 ], [ 132.392250210663605, 33.921577214931311 ], [ 132.392952113339646, 33.92130614200844 ], [ 132.394655591509519, 33.922129045063961 ], [ 132.395555972464535, 33.92227870167109 ], [ 132.397298622287394, 33.921458763951428 ], [ 132.397735907887864, 33.92139680934126 ] ] ] } },
{ "type": "Feature", "properties": { "CITY_NAME": "周防大島町", "S_NAME": "大字小泊", "JINKO": 0, "medical_area": "35_柳井医療圏", "町丁目名": "周防大島町大字小泊" }, "geometry": { "type": "Polygon", "coordinates": [ [ [ 132.391888886226553, 33.908397341840647 ], [ 132.391648576752601, 33.908303108659133 ], [ 132.391713916530051, 33.908476136824504 ], [ 132.391888886226553, 33.908397341840647 ] ] ] } },
{ "type": "Feature", "properties": { "CITY_NAME": "周防大島町", "S_NAME": "大字小泊", "JINKO": 0, "medical_area": "35_柳井医療圏", "町丁目名": "周防大島町大字小泊" }, "geometry": { "type": "Polygon", "coordinates": [ [ [ 132.39176754379838, 33.907899816426188 ], [ 132.391707698774127, 33.908168595759193 ], [ 132.391965122459595, 33.908193481504846 ], [ 132.391940962667263, 33.908050103871922 ], [ 132.39176754379838, 33.907899816426188 ] ] ] } },
{ "type": "Feature", "properties": { "CITY_NAME": "周防大島町", "S_NAME": "大字小泊", "JINKO": 0, "medical_area": "35_柳井医療圏", "町丁目名": "周防大島町大字小泊" }, "geometry": { "type": "Polygon", "coordinates": [ [ [ 132.391907645858083, 33.907718379610799 ], [ 132.391613543883409, 33.907736954383687 ], [ 132.391926405681261, 33.907864443986242 ], [ 132.391907645858083, 33.907718379610799 ] ] ] } },
{ "type": "Feature", "properties": { "CITY_NAME": "周防大島町", "S_NAME": "大字小泊", "JINKO": 0, "medical_area": "35_柳井医療圏", "町丁目名": "周防大島町大字小泊" }, "geometry": { "type": "Polygon", "coordinates": [ [ [ 132.392394446501925, 33.90492315135107 ], [ 132.394452989653473, 33.904376477123947 ], [ 132.39483549463904, 33.903859125936933 ], [ 132.393298479261887, 33.902495180527012 ], [ 132.393237588397682, 33.901577482986127 ], [ 132.392633257907619, 33.900831960887473 ], [ 132.392315078620982, 33.900724358246777 ], [ 132.391837624210609, 33.901307769630556 ], [ 132.39153378454975, 33.904142972465415 ], [ 132.391292768929929, 33.904595237355323 ], [ 132.392394446501925, 33.90492315135107 ] ] ] } },
{ "type": "Feature", "properties": { "CITY_NAME": "周防大島町", "S_NAME": "大字小泊", "JINKO": 0, "medical_area": "35_柳井医療圏", "町丁目名": "周防大島町大字小泊" }, "geometry": { "type": "Polygon", "coordinates": [ [ [ 132.391216105738238, 33.90957158878021 ], [ 132.390529543178474, 33.910031001026809 ], [ 132.390523129762101, 33.91047634926349 ], [ 132.390758928370644, 33.910492121885042 ], [ 132.391347310269708, 33.910116856424516 ], [ 132.39151099051216, 33.909856904616092 ], [ 132.391216105738238, 33.90957158878021 ] ] ] } },
{ "type": "Feature", "properties": { "CITY_NAME": "周防大島町", "S_NAME": "大字和佐", "JINKO": 116, "medical_area": "35_柳井医療圏", "町丁目名": "周防大島町大字和佐" }, "geometry": { "type": "Polygon", "coordinates": [ [ [ 132.382333124499212, 33.921037787345242 ], [ 132.385431898055884, 33.919730402339532 ], [ 132.385867191447232, 33.919200197593561 ], [ 132.386719602980463, 33.917225336390281 ], [ 132.386786564322705, 33.9165234773603 ], [ 132.386518048224247, 33.915924212763016 ], [ 132.387174389659691, 33.914963346106134 ], [ 132.387853326565846, 33.914346330773611 ], [ 132.387978457166753, 33.913745518009613 ], [ 132.388854011280699, 33.913568967556735 ], [ 132.389626762181621, 33.912843146631275 ], [ 132.390154996335696, 33.912745685304579 ], [ 132.390210921640687, 33.911420985946329 ], [ 132.38930123613423, 33.911750895135008 ], [ 132.387801754233806, 33.911931109589482 ], [ 132.387384054198947, 33.911825490677849 ], [ 132.387224426425803, 33.911567959502833 ], [ 132.386837386746805, 33.911613734574509 ], [ 132.386689475881269, 33.912121602372281 ], [ 132.386856782654007, 33.913674827220341 ], [ 132.385721999453096, 33.913763347891688 ], [ 132.386276041956393, 33.913784623449061 ], [ 132.386321866136171, 33.914320603400597 ], [ 132.385280936213121, 33.914447694348702 ], [ 132.386638909032541, 33.914320885295645 ], [ 132.386267702863137, 33.91505540658806 ], [ 132.386036158040838, 33.915013412150479 ], [ 132.385989963365063, 33.914709749659053 ], [ 132.385952609500208, 33.914902684607846 ], [ 132.385555954441628, 33.914992707281968 ], [ 132.385430961224074, 33.914749482367412 ], [ 132.385554112007355, 33.915122464498161 ], [ 132.384965016999274, 33.915239874820607 ], [ 132.382005063535871, 33.915255953113345 ], [ 132.381913678451838, 33.915044226393498 ], [ 132.381851455728054, 33.915246220502844 ], [ 132.37889729445584, 33.91498636688312 ], [ 132.378907427330375, 33.914714024962699 ], [ 132.378840692285848, 33.914836708086277 ], [ 132.377283932874775, 33.914629336610233 ], [ 132.375826299540051, 33.914264836900834 ], [ 132.375003451578664, 33.913885859668113 ], [ 132.37498562194105, 33.91323304717195 ], [ 132.374354462734573, 33.912086363092072 ], [ 132.37272762295018, 33.911494035156323 ], [ 132.371537075485321, 33.910655693411613 ], [ 132.371745033104986, 33.910340617342747 ], [ 132.371140107075888, 33.909730355488769 ], [ 132.371037064859735, 33.909159822760799 ], [ 132.371846957803712, 33.907787977310008 ], [ 132.372707626682313, 33.906860518379645 ], [ 132.372174768850897, 33.906079674537096 ], [ 132.372188986162882, 33.905700118536735 ], [ 132.372591244545504, 33.905259469866344 ], [ 132.371824119111579, 33.904185988733488 ], [ 132.371945457577169, 33.903832315559093 ], [ 132.371859338638188, 33.903549432624779 ], [ 132.371180679440215, 33.904213133725769 ], [ 132.369704957143568, 33.906324441694856 ], [ 132.369088863494625, 33.906259957693322 ], [ 132.368301069909649, 33.906543448448417 ], [ 132.368148714258979, 33.906776857754025 ], [ 132.367262650406076, 33.907066140391876 ], [ 132.366136705556045, 33.907907778597085 ], [ 132.367042094068466, 33.909257193226914 ], [ 132.368721752805953, 33.911004431284582 ], [ 132.368596280337783, 33.912432181576669 ], [ 132.368707503734129, 33.912739116846829 ], [ 132.369261102622801, 33.913252410291598 ], [ 132.368637221808456, 33.914159170904504 ], [ 132.368800628167975, 33.915114492353126 ], [ 132.368700721797239, 33.915682689367273 ], [ 132.369042600717989, 33.916204083610197 ], [ 132.370123479570566, 33.916627737203804 ], [ 132.370097282450217, 33.917065074237186 ], [ 132.369744559673933, 33.917678917047716 ], [ 132.36985454036855, 33.918087568313247 ], [ 132.370229809898007, 33.918353908147601 ], [ 132.37045222048809, 33.918782234210319 ], [ 132.371366267667071, 33.919303080570039 ], [ 132.372006947837889, 33.919455416929402 ], [ 132.372788548449563, 33.920132585797298 ], [ 132.374083675883526, 33.920505310473018 ], [ 132.374539586510139, 33.920311527899202 ], [ 132.374981002915291, 33.919754289539078 ], [ 132.375403030876186, 33.919634249511894 ], [ 132.376497869250471, 33.920271155105894 ], [ 132.376910200809078, 33.920079128893256 ], [ 132.378091753960632, 33.920251382878995 ], [ 132.379424495431067, 33.920672311907467 ], [ 132.381061184962732, 33.920856854207223 ], [ 132.381794104578375, 33.921121852737976 ], [ 132.382333124499212, 33.921037787345242 ] ] ] } },
{ "type": "Feature", "properties": { "CITY_NAME": "周防大島町", "S_NAME": "大字和田", "JINKO": 236, "medical_area": "35_柳井医療圏", "町丁目名": "周防大島町大字和田" }, "geometry": { "type": "Polygon", "coordinates": [ [ [ 132.419843368175719, 33.943144597603137 ], [ 132.4214735513292, 33.941690115544766 ], [ 132.421651861716498, 33.941040974539227 ], [ 132.421394946379962, 33.937313157842439 ], [ 132.420788402780175, 33.937211995092007 ], [ 132.420697195885708, 33.936850253499991 ], [ 132.420368533373079, 33.936523100135801 ], [ 132.419311151706438, 33.936334110048882 ], [ 132.418580093348083, 33.935680095532831 ], [ 132.417613033964273, 33.93555232857571 ], [ 132.417089832179101, 33.934532571483061 ], [ 132.416831654388204, 33.933092162584522 ], [ 132.416230480340573, 33.932007612052999 ], [ 132.415699332902591, 33.93158477737849 ], [ 132.415389264618938, 33.930953128294426 ], [ 132.41542147828514, 33.930115802590656 ], [ 132.415066604877779, 33.929562291028354 ], [ 132.41487544498338, 33.928726965598138 ], [ 132.41431530119624, 33.927500586751862 ], [ 132.413944448742484, 33.92713658699811 ], [ 132.413749707468099, 33.926282947698375 ], [ 132.413833215144621, 33.926085403912545 ], [ 132.413171436273927, 33.926072501988571 ], [ 132.412853264931698, 33.925886188373113 ], [ 132.412387775095993, 33.925362753226764 ], [ 132.412094661012929, 33.92413540503312 ], [ 132.410131921635156, 33.923260620046293 ], [ 132.410033912806483, 33.922741661857316 ], [ 132.408721991793811, 33.921847358772837 ], [ 132.408114577738246, 33.92177316484802 ], [ 132.407836401338244, 33.921316256148003 ], [ 132.406915324372392, 33.921301832504533 ], [ 132.406284036524852, 33.920898993091569 ], [ 132.405537194781402, 33.920779125261497 ], [ 132.404889847618279, 33.921580584510487 ], [ 132.404304212726004, 33.92190897574956 ], [ 132.403334093176426, 33.921684561629313 ], [ 132.402830620652423, 33.921927978868617 ], [ 132.40260934867311, 33.922550826657783 ], [ 132.401951533860824, 33.923085460179031 ], [ 132.401991515071614, 33.923521846016129 ], [ 132.401760493634896, 33.924128509306961 ], [ 132.401297343413262, 33.925157984944526 ], [ 132.400616440722729, 33.925904691057426 ], [ 132.399948016000224, 33.927579100989135 ], [ 132.402415221728745, 33.928932133834458 ], [ 132.402683971402411, 33.929111952913438 ], [ 132.402552528069094, 33.929296196874581 ], [ 132.402729477724563, 33.929143424089737 ], [ 132.403584699188798, 33.929796475602664 ], [ 132.40342394980334, 33.929948232962865 ], [ 132.403702864684846, 33.929890923053222 ], [ 132.403551939306368, 33.93007337490922 ], [ 132.403737547988641, 33.92991973828412 ], [ 132.404241683367161, 33.930341562104481 ], [ 132.404457563637777, 33.930567547542438 ], [ 132.404267533713778, 33.930688649125848 ], [ 132.404491185573249, 33.930601717023414 ], [ 132.405310179989158, 33.9318299103033 ], [ 132.405020649312007, 33.931953177520519 ], [ 132.405329737188737, 33.931857907766286 ], [ 132.405789476177887, 33.932647797193987 ], [ 132.405616536668788, 33.93269405900655 ], [ 132.405806913851052, 33.932688337800833 ], [ 132.405978552783836, 33.933340716477829 ], [ 132.405742606015707, 33.933294259699778 ], [ 132.405921302735322, 33.933372385161867 ], [ 132.405876451660248, 33.933962208679922 ], [ 132.405649007360239, 33.933858958939446 ], [ 132.40534685826691, 33.933346446581297 ], [ 132.405611228884709, 33.933887913612345 ], [ 132.405928550796688, 33.934030576959728 ], [ 132.405755877756462, 33.935330276667706 ], [ 132.405224814820542, 33.93651697656329 ], [ 132.404960447009614, 33.937920406258144 ], [ 132.404117159962937, 33.938479227150324 ], [ 132.40372528724032, 33.937986747584532 ], [ 132.403751968362513, 33.938244653772749 ], [ 132.403503916550193, 33.938515626863946 ], [ 132.403369352539386, 33.939141550006781 ], [ 132.402853504240625, 33.939201146268331 ], [ 132.403690670426442, 33.939157275588769 ], [ 132.403665892744755, 33.939586454230231 ], [ 132.402985352869479, 33.940327962904171 ], [ 132.402614438866038, 33.940380094836122 ], [ 132.402515345678012, 33.940142332415689 ], [ 132.402561472256025, 33.940388367377587 ], [ 132.402354911216975, 33.940415811834988 ], [ 132.402332351215733, 33.939290617838012 ], [ 132.402170677326779, 33.94029528551426 ], [ 132.401627728357994, 33.940721085480497 ], [ 132.401843798645871, 33.941408607916699 ], [ 132.402166390047825, 33.941484633206557 ], [ 132.40237371152557, 33.94174022331682 ], [ 132.404978881555365, 33.942200556098328 ], [ 132.406927051731572, 33.942924441300249 ], [ 132.409817221876438, 33.944676017882834 ], [ 132.410209324184905, 33.945224403521038 ], [ 132.410140917929738, 33.945517574974318 ], [ 132.411876103158761, 33.946610464129051 ], [ 132.412085942661463, 33.947343057015409 ], [ 132.412654089587846, 33.947773019611112 ], [ 132.412840636447442, 33.948309971207067 ], [ 132.413279645365748, 33.948602125426319 ], [ 132.413661230580004, 33.949239697327521 ], [ 132.413641044149216, 33.949741139984923 ], [ 132.413956302895343, 33.949889277322164 ], [ 132.414333734808679, 33.950577291423876 ], [ 132.414938976998513, 33.95110902899242 ], [ 132.415437486362094, 33.951761716208971 ], [ 132.415640336831473, 33.952315819871643 ], [ 132.416039697157089, 33.952726105307775 ], [ 132.416807878674746, 33.95309506613777 ], [ 132.417145909460515, 33.952262885891592 ], [ 132.417611371108251, 33.951722494906178 ], [ 132.417512285368218, 33.951463190870918 ], [ 132.417715686379296, 33.950971093513949 ], [ 132.418524591662162, 33.950197820766903 ], [ 132.419170865051825, 33.949848229922786 ], [ 132.419468323185839, 33.94930479410111 ], [ 132.419840251930367, 33.947624135348939 ], [ 132.419843368175719, 33.943144597603137 ] ] ] } },
{ "type": "Feature", "properties": { "CITY_NAME": "周防大島町", "S_NAME": "大字和田", "JINKO": 0, "medical_area": "35_柳井医療圏", "町丁目名": "周防大島町大字和田" }, "geometry": { "type": "Polygon", "coordinates": [ [ [ 132.390917292395585, 33.950296682722978 ], [ 132.390055596543164, 33.950514640842485 ], [ 132.390287795758894, 33.951598878756471 ], [ 132.390709206280803, 33.951394398478527 ], [ 132.390930267015619, 33.951116175927233 ], [ 132.39094345561395, 33.950779863794295 ], [ 132.391339685572206, 33.950468073912461 ], [ 132.390917292395585, 33.950296682722978 ] ] ] } },
{ "type": "Feature", "properties": { "CITY_NAME": "周防大島町", "S_NAME": "大字伊保田", "JINKO": 0, "medical_area": "35_柳井医療圏", "町丁目名": "周防大島町大字伊保田" }, "geometry": { "type": "Polygon", "coordinates": [ [ [ 132.462833229922495, 33.958728731134926 ], [ 132.462405627882958, 33.958670321921204 ], [ 132.462520680514643, 33.959397669486314 ], [ 132.462700251323668, 33.959696453155473 ], [ 132.463238882310179, 33.959945897305182 ], [ 132.463171900959509, 33.959352691418005 ], [ 132.462833229922495, 33.958728731134926 ] ] ] } },
{ "type": "Feature", "properties": { "CITY_NAME": "周防大島町", "S_NAME": "大字伊保田", "JINKO": 0, "medical_area": "35_柳井医療圏", "町丁目名": "周防大島町大字伊保田" }, "geometry": { "type": "Polygon", "coordinates": [ [ [ 132.490308190065889, 33.957858528481985 ], [ 132.490853816506501, 33.957932679699972 ], [ 132.490911376527464, 33.957135601138781 ], [ 132.491195486645466, 33.956729105281831 ], [ 132.491775429360985, 33.956443508911889 ], [ 132.491778343585935, 33.955505849238669 ], [ 132.491219095194509, 33.95525761961715 ], [ 132.490781321978915, 33.954804365456745 ], [ 132.490697081329671, 33.954557645178248 ], [ 132.490959393581306, 33.954111483821713 ], [ 132.490498726439142, 33.953325688278973 ], [ 132.489841801850133, 33.952993047248349 ], [ 132.488465147803225, 33.952884948003543 ], [ 132.487663374373057, 33.953452465919334 ], [ 132.48758115006251, 33.953739367457949 ], [ 132.487056805250575, 33.953848982479009 ], [ 132.486884861478046, 33.954161344144083 ], [ 132.486147152481578, 33.954505948333079 ], [ 132.486729144812841, 33.955341162101824 ], [ 132.48646256733997, 33.955812403492402 ], [ 132.485691019935274, 33.956075108661018 ], [ 132.487368090157787, 33.956932427344398 ], [ 132.487476799157605, 33.957640866609289 ], [ 132.487820654817824, 33.957584003836203 ], [ 132.487937156213661, 33.957200510299749 ], [ 132.488637348331821, 33.956945311039135 ], [ 132.489138471554384, 33.957273867395081 ], [ 132.489539616175108, 33.958054476614379 ], [ 132.490308190065889, 33.957858528481985 ] ] ] } },
{ "type": "Feature", "properties": { "CITY_NAME": "周防大島町", "S_NAME": "大字伊保田", "JINKO": 335, "medical_area": "35_柳井医療圏", "町丁目名": "周防大島町大字伊保田" }, "geometry": { "type": "Polygon", "coordinates": [ [ [ 132.423963827325338, 33.954156064255038 ], [ 132.424339564767394, 33.953899151924638 ], [ 132.42482474444742, 33.95404774981192 ], [ 132.425504358130866, 33.953734405293915 ], [ 132.424812645714098, 33.953981137495724 ], [ 132.424508332918691, 33.953887104334378 ], [ 132.424453271457224, 33.953567981197608 ], [ 132.424825794695067, 33.953318400638935 ], [ 132.425006010825996, 33.953521736988357 ], [ 132.4248646671453, 33.953293946280134 ], [ 132.42672534979701, 33.952135904603047 ], [ 132.426884781187397, 33.952258135708732 ], [ 132.426799868144656, 33.952089819435557 ], [ 132.426964722973565, 33.952216546106776 ], [ 132.426837667430988, 33.952067198065997 ], [ 132.428540850640502, 33.951068098331952 ], [ 132.428861649362887, 33.950896100330745 ], [ 132.42895410485653, 33.951056368649752 ], [ 132.428905931699461, 33.950872619786047 ], [ 132.429117241380425, 33.950981211367179 ], [ 132.429020442523864, 33.950817289498048 ], [ 132.429230046794203, 33.950721323049635 ], [ 132.431410094228852, 33.950004341025959 ], [ 132.432978380456319, 33.95019748334439 ], [ 132.434167932390949, 33.950707007481213 ], [ 132.434498944961149, 33.951034542619212 ], [ 132.435305289102843, 33.951130976509837 ], [ 132.436152360946437, 33.951450188872968 ], [ 132.436847432257366, 33.951251142457913 ], [ 132.437290257868625, 33.951348502150651 ], [ 132.437680301657622, 33.951861580147224 ], [ 132.43800843777845, 33.95162191799546 ], [ 132.438484964851966, 33.951770480018077 ], [ 132.438432672990473, 33.949606641034578 ], [ 132.438136595712365, 33.9494042855316 ], [ 132.438171730370385, 33.949268960555727 ], [ 132.438623309672408, 33.948671463043347 ], [ 132.439369206781805, 33.94870178737505 ], [ 132.439249360022927, 33.948877171272436 ], [ 132.439448033380472, 33.948750498887016 ], [ 132.439248373228622, 33.948220801256213 ], [ 132.439352148331494, 33.94819450789003 ], [ 132.43894503493317, 33.94741449976727 ], [ 132.439122348388508, 33.948061461883505 ], [ 132.438709422281619, 33.94817240706287 ], [ 132.438538992586132, 33.947989778506305 ], [ 132.43786159854514, 33.946093167198875 ], [ 132.438089635089455, 33.946038423605991 ], [ 132.437912987339217, 33.945478101605772 ], [ 132.438218588765153, 33.945208902707009 ], [ 132.437684249606946, 33.945584268567806 ], [ 132.437501945758868, 33.945065378452391 ], [ 132.43807189250083, 33.94500551164731 ], [ 132.438874223551579, 33.944530363672108 ], [ 132.439118563903406, 33.944821028194639 ], [ 132.43936692785033, 33.944674379385575 ], [ 132.438975811204642, 33.944154963086348 ], [ 132.439223874752287, 33.944260780123521 ], [ 132.439009907765637, 33.943992588797286 ], [ 132.43908737166754, 33.943859845254742 ], [ 132.439351435680493, 33.943887293703234 ], [ 132.439272085005939, 33.943764760538606 ], [ 132.439519418719328, 33.943640795781839 ], [ 132.439644203054655, 33.943757733730173 ], [ 132.439552921626785, 33.943624378644195 ], [ 132.440603898748435, 33.943105411289977 ], [ 132.441037596911627, 33.942942565602664 ], [ 132.441160906395083, 33.943199262824415 ], [ 132.442033374335153, 33.942940332578992 ], [ 132.442116983402173, 33.943137805285829 ], [ 132.440881080746635, 33.943430376044269 ], [ 132.440920906154702, 33.943529046406262 ], [ 132.442176388484114, 33.943173879684565 ], [ 132.441959080432326, 33.942648867786978 ], [ 132.445209124946643, 33.942039241006242 ], [ 132.44531403341449, 33.942366278485757 ], [ 132.445363785824952, 33.942023532861533 ], [ 132.445659134673178, 33.942030046987206 ], [ 132.446018889929036, 33.942206882434078 ], [ 132.446043518973795, 33.942465632321614 ], [ 132.444580739875562, 33.94275650487932 ], [ 132.446202511920291, 33.942449913299171 ], [ 132.446604282744005, 33.942577060926617 ], [ 132.446683860235368, 33.94276707531327 ], [ 132.44714430629395, 33.94263260309269 ], [ 132.447767141253934, 33.942872796719811 ], [ 132.44881122247665, 33.942581022101109 ], [ 132.449439297985236, 33.942770758971903 ], [ 132.450311670148125, 33.94257390277334 ], [ 132.453377951291117, 33.943674982107787 ], [ 132.453765338321347, 33.943052774321522 ], [ 132.454402534275317, 33.942729359474043 ], [ 132.45616528207168, 33.943186896709648 ], [ 132.456631388270665, 33.943140713518339 ], [ 132.459741149797395, 33.944903267137875 ], [ 132.459644137603533, 33.945007189302871 ], [ 132.459765030406004, 33.944929414175824 ], [ 132.460946047540801, 33.945770462294938 ], [ 132.46124561559273, 33.946370323102506 ], [ 132.462294881920769, 33.946016141606705 ], [ 132.46257630275727, 33.946056033964986 ], [ 132.463428115679221, 33.946795155719521 ], [ 132.463588302978707, 33.947436633108985 ], [ 132.462965178189222, 33.947764573295181 ], [ 132.463411476669108, 33.947923956845507 ], [ 132.464141178976064, 33.947759885387768 ], [ 132.463924046854004, 33.947541339562484 ], [ 132.464113412927702, 33.946929582048682 ], [ 132.464426443286641, 33.946724115851687 ], [ 132.464071155972277, 33.946912497642806 ], [ 132.46392762709101, 33.947330427044783 ], [ 132.463565943139741, 33.947227615847872 ], [ 132.463611386621807, 33.946608038613725 ], [ 132.463948296481107, 33.946421393444936 ], [ 132.464120905764617, 33.946591442143593 ], [ 132.463900313418577, 33.946312465542881 ], [ 132.46458288851403, 33.945979865758368 ], [ 132.465626779264227, 33.945950263059956 ], [ 132.466694513433623, 33.946238005417598 ], [ 132.466931159788089, 33.946471011477733 ], [ 132.467441597357805, 33.946409314878615 ], [ 132.467844910269889, 33.946657125288098 ], [ 132.468133450339366, 33.946568922971252 ], [ 132.46819687456258, 33.946759102087917 ], [ 132.468545641831355, 33.946877289452324 ], [ 132.468495838040212, 33.947172145105696 ], [ 132.468862926346191, 33.947572480220956 ], [ 132.469215719199724, 33.947602320130542 ], [ 132.469259575200056, 33.947155040548694 ], [ 132.469661323388863, 33.947262245437656 ], [ 132.470082907408909, 33.947469428572525 ], [ 132.470673844279219, 33.948146046074292 ], [ 132.470585708614834, 33.948618657278082 ], [ 132.470180278026646, 33.949002873708288 ], [ 132.469718425905967, 33.949957111755722 ], [ 132.470054036491234, 33.950019398244706 ], [ 132.470918462276899, 33.950622361426362 ], [ 132.471857452057947, 33.950290916783977 ], [ 132.471509304347279, 33.949744438266045 ], [ 132.471950907454641, 33.948269945289688 ], [ 132.471282649108701, 33.948368118341776 ], [ 132.471154390730305, 33.947282822576987 ], [ 132.470965113706171, 33.946685484830233 ], [ 132.470641439486911, 33.94632381836248 ], [ 132.4691953511539, 33.946119124761729 ], [ 132.468200514793239, 33.945020651038938 ], [ 132.467810480901079, 33.945476054481865 ], [ 132.467311467622181, 33.945396135557964 ], [ 132.466693147651597, 33.945539219426607 ], [ 132.465632259937877, 33.944857720560542 ], [ 132.465392051021439, 33.945023957651401 ], [ 132.464694149689592, 33.944992304193796 ], [ 132.464331207703481, 33.945153686022486 ], [ 132.463132709537547, 33.944581346016854 ], [ 132.462572249234569, 33.94487665084818 ], [ 132.461405438252257, 33.943759610704113 ], [ 132.460530322110458, 33.943467781186122 ], [ 132.460198538964164, 33.943566862401141 ], [ 132.459077213245564, 33.942767962261335 ], [ 132.457588889065931, 33.942524442094673 ], [ 132.456048150910078, 33.941811259633795 ], [ 132.455535519864128, 33.941209252639823 ], [ 132.454811148771398, 33.941015293150564 ], [ 132.454224556255951, 33.940289024763956 ], [ 132.453027187828013, 33.94001410935671 ], [ 132.452302790638129, 33.940133914998654 ], [ 132.452001064524353, 33.939829346666833 ], [ 132.450708889194402, 33.939522253157435 ], [ 132.448604193293278, 33.938341553220319 ], [ 132.448296030853555, 33.937795061273484 ], [ 132.446784525816241, 33.937324303828234 ], [ 132.445974524216183, 33.937234862798881 ], [ 132.442181651966592, 33.937633436184193 ], [ 132.441530466352731, 33.937593904008004 ], [ 132.441195977194127, 33.937361913938005 ], [ 132.44045560280054, 33.937213531861268 ], [ 132.438583001238044, 33.937930303854976 ], [ 132.435658233810841, 33.937944237947988 ], [ 132.434618842496576, 33.937806335188142 ], [ 132.432900180638597, 33.938103808013878 ], [ 132.431153291071524, 33.93791174631663 ], [ 132.430363426462606, 33.938078275440823 ], [ 132.429403705426068, 33.938574266926793 ], [ 132.428266834510879, 33.93878153405737 ], [ 132.427710809853096, 33.938573502290602 ], [ 132.426470608155938, 33.937401577923652 ], [ 132.426264628876879, 33.937019512793846 ], [ 132.425879007124962, 33.936836049460624 ], [ 132.424977558440901, 33.936755950949205 ], [ 132.424249208021649, 33.937016985217362 ], [ 132.423200797499788, 33.937107791122841 ], [ 132.422053210896422, 33.936898574565561 ], [ 132.421394946379962, 33.937313157842439 ], [ 132.421595498592808, 33.941375831828353 ], [ 132.4214735513292, 33.941690115544766 ], [ 132.419843368175719, 33.943144597603137 ], [ 132.419840251930367, 33.947624135348939 ], [ 132.419468323185839, 33.94930479410111 ], [ 132.419170865051825, 33.949848229922786 ], [ 132.418524591662162, 33.950197820766903 ], [ 132.417715686379296, 33.950971093513949 ], [ 132.417512285368218, 33.951463190870918 ], [ 132.417611371108251, 33.951722494906178 ], [ 132.417145909460515, 33.952262885891592 ], [ 132.416807878674746, 33.95309506613777 ], [ 132.417616868769898, 33.953362220688128 ], [ 132.419556069631795, 33.953111981708794 ], [ 132.421142743644339, 33.953295375543419 ], [ 132.422197694550135, 33.953672864214703 ], [ 132.422336990751461, 33.953946589720438 ], [ 132.422458933390573, 33.953837293164021 ], [ 132.423181011098251, 33.953975541522624 ], [ 132.423219586303702, 33.953851907279983 ], [ 132.423643909937027, 33.953911458137739 ], [ 132.423863507823881, 33.95425996371651 ], [ 132.423996625813572, 33.954268701167607 ], [ 132.423963827325338, 33.954156064255038 ] ] ] } },
{ "type": "Feature", "properties": { "CITY_NAME": "周防大島町", "S_NAME": "大字伊保田", "JINKO": 0, "medical_area": "35_柳井医療圏", "町丁目名": "周防大島町大字伊保田" }, "geometry": { "type": "Polygon", "coordinates": [ [ [ 132.471749690040014, 33.964930255442312 ], [ 132.472565318033702, 33.965156399657218 ], [ 132.472954349225631, 33.965008320882909 ], [ 132.473399082641578, 33.963495322959176 ], [ 132.473186408243862, 33.963338097474228 ], [ 132.474002496536315, 33.962785024896704 ], [ 132.474542560280071, 33.962817851998103 ], [ 132.474630881477935, 33.96299892434957 ], [ 132.474597904406153, 33.962856588660216 ], [ 132.475197453222847, 33.96257722466467 ], [ 132.475765386046788, 33.962835510043362 ], [ 132.475681527424427, 33.963279195968568 ], [ 132.475212757533797, 33.963220126987572 ], [ 132.474601652822656, 33.963297368559175 ], [ 132.475684848715872, 33.963303557681805 ], [ 132.476074075898168, 33.963213367876094 ], [ 132.4766234144181, 33.963406614177323 ], [ 132.476540439974343, 33.963209328995852 ], [ 132.476767543911535, 33.962869793793729 ], [ 132.477238774702244, 33.962717119064401 ], [ 132.477336503050225, 33.962514851195614 ], [ 132.476805952128899, 33.96212856281366 ], [ 132.47684268024895, 33.961518067591847 ], [ 132.477095078845025, 33.961295673558006 ], [ 132.477255634155512, 33.9614052722116 ], [ 132.477123106495071, 33.961267708027265 ], [ 132.477544856543688, 33.96089596685087 ], [ 132.478883701961109, 33.960400231694791 ], [ 132.479297167333442, 33.960428862283877 ], [ 132.479297576843976, 33.960246713834103 ], [ 132.47973226931029, 33.95986957567105 ], [ 132.480606755460769, 33.959332643066332 ], [ 132.47932241130539, 33.958755519304901 ], [ 132.479454743131072, 33.958552312820885 ], [ 132.479296378392718, 33.958739247157077 ], [ 132.479155361075897, 33.958643264444035 ], [ 132.479281453728902, 33.958519526495934 ], [ 132.478820783575031, 33.95791922370303 ], [ 132.478927371908298, 33.95784766076455 ], [ 132.478739284524636, 33.957899576608938 ], [ 132.478705833327439, 33.957629191423912 ], [ 132.478874692080382, 33.957641422581808 ], [ 132.478671019786816, 33.957575188867949 ], [ 132.479049675938626, 33.956972804033519 ], [ 132.479397138074717, 33.957004422694709 ], [ 132.479150184762545, 33.957825516256804 ], [ 132.479684641105962, 33.958392939518596 ], [ 132.479189128692809, 33.957818229076409 ], [ 132.479460631297542, 33.956914941202122 ], [ 132.47937471680541, 33.956791625182497 ], [ 132.47958628333285, 33.956654135444069 ], [ 132.478611686775452, 33.95673504666869 ], [ 132.478086003831635, 33.956192814608407 ], [ 132.478189393664309, 33.956061812057257 ], [ 132.47789934982498, 33.95545049362331 ], [ 132.478446010184911, 33.954929650702184 ], [ 132.478393685216616, 33.954525065648831 ], [ 132.476262536533369, 33.95403568130186 ], [ 132.475119928744505, 33.954026011837577 ], [ 132.473684264685772, 33.953462774227575 ], [ 132.473299555977974, 33.954496920719862 ], [ 132.472651934932429, 33.955533580689647 ], [ 132.471897233431037, 33.957490193388523 ], [ 132.471091066459422, 33.9580727353394 ], [ 132.470534703819055, 33.958927942984246 ], [ 132.46976119369711, 33.959572669738861 ], [ 132.468409045235717, 33.960299980559952 ], [ 132.467641371019482, 33.960464174048809 ], [ 132.467050269817094, 33.960377312295797 ], [ 132.466267948583607, 33.959759826676638 ], [ 132.466190523198662, 33.960514678531588 ], [ 132.465905472041612, 33.961304277392458 ], [ 132.465699347719578, 33.961459889468429 ], [ 132.4643233627732, 33.96188788148627 ], [ 132.463781660543674, 33.961696355591606 ], [ 132.463011958788456, 33.962531241325031 ], [ 132.461815255527085, 33.963175295780729 ], [ 132.461175684443873, 33.96284509558739 ], [ 132.460208336724691, 33.962856467052404 ], [ 132.45990807458071, 33.963335046471855 ], [ 132.45895731434814, 33.963766435927184 ], [ 132.458613789898408, 33.964254127528733 ], [ 132.458997394516217, 33.964410990372897 ], [ 132.460463165761013, 33.964272214505286 ], [ 132.461664938535506, 33.964768826909975 ], [ 132.46261817879369, 33.964742118931753 ], [ 132.46296806031458, 33.964532905666665 ], [ 132.463152029330615, 33.963915841991373 ], [ 132.46411139898467, 33.963473528977254 ], [ 132.464428457543505, 33.96347274735755 ], [ 132.464779580675014, 33.962696505802377 ], [ 132.466202039748936, 33.962560423893457 ], [ 132.467537242349181, 33.962841108682966 ], [ 132.467814781819328, 33.963296567019931 ], [ 132.469193081133966, 33.963221981730818 ], [ 132.469794701937246, 33.963520674007526 ], [ 132.470094490738433, 33.963833645922939 ], [ 132.4699561000551, 33.964172089613001 ], [ 132.470163366262796, 33.964640394784787 ], [ 132.470162816071195, 33.965097529822252 ], [ 132.470646660187953, 33.965435251993902 ], [ 132.470818913299127, 33.966401347449931 ], [ 132.471227970163653, 33.96579892774345 ], [ 132.471351115736894, 33.965134119723686 ], [ 132.471749690040014, 33.964930255442312 ] ] ] } },
{ "type": "Feature", "properties": { "CITY_NAME": "周防大島町", "S_NAME": "大字油宇", "JINKO": 0, "medical_area": "35_柳井医療圏", "町丁目名": "周防大島町大字油宇" }, "geometry": { "type": "Polygon", "coordinates": [ [ [ 132.455334423835836, 33.926136609349761 ], [ 132.455828738465129, 33.926142764490294 ], [ 132.456198027619394, 33.925953384428723 ], [ 132.457292217947327, 33.926151824598769 ], [ 132.458120828157774, 33.925861315460608 ], [ 132.45866741781947, 33.925970039264605 ], [ 132.45962306455408, 33.925182454805309 ], [ 132.460513175536875, 33.924858391981211 ], [ 132.461425912664907, 33.923875211623482 ], [ 132.462489819537382, 33.923769794671472 ], [ 132.462375849340845, 33.922715125236216 ], [ 132.46208786374342, 33.922316412703296 ], [ 132.462107813985938, 33.921828480815293 ], [ 132.46230185645183, 33.921644156865248 ], [ 132.46211894846266, 33.921289287000107 ], [ 132.462878026813399, 33.919991735755637 ], [ 132.464036419230467, 33.918781725246248 ], [ 132.464635806115894, 33.918846905070005 ], [ 132.464924743916328, 33.918286342924439 ], [ 132.46581042552782, 33.917960439701893 ], [ 132.466214925145891, 33.917964944462042 ], [ 132.466644950210224, 33.918462467372144 ], [ 132.466777120389338, 33.917608267188321 ], [ 132.467194475226108, 33.91727011689953 ], [ 132.46737454355079, 33.916504975274627 ], [ 132.466714411207221, 33.916078318821803 ], [ 132.465949254568727, 33.914696183237631 ], [ 132.465759321023512, 33.914809352103241 ], [ 132.46554959203965, 33.914525849790984 ], [ 132.46543982670832, 33.914677705248053 ], [ 132.465098599276786, 33.91451624399722 ], [ 132.465411225825932, 33.916076153187568 ], [ 132.465159463465795, 33.916141713396669 ], [ 132.4643986571825, 33.916914463641334 ], [ 132.463859662263644, 33.917105961892887 ], [ 132.462860476595893, 33.917138110204441 ], [ 132.46274008124837, 33.917344931186847 ], [ 132.462940800882961, 33.917837666807351 ], [ 132.462844796150421, 33.918218416820636 ], [ 132.462286566976957, 33.919099702180006 ], [ 132.461830038247939, 33.91937495644838 ], [ 132.460842908600171, 33.919765033178138 ], [ 132.460571599203149, 33.919496885766449 ], [ 132.460417905017664, 33.919776760165249 ], [ 132.459451183277537, 33.919516764957997 ], [ 132.4592178544261, 33.919598473126989 ], [ 132.458833053845183, 33.919352294926291 ], [ 132.458337118896225, 33.919497746101449 ], [ 132.457352416801314, 33.91935499587111 ], [ 132.457176355259548, 33.919418530795525 ], [ 132.457248264679862, 33.919573468216832 ], [ 132.456530172289575, 33.919906954797533 ], [ 132.4555325187753, 33.920094167502306 ], [ 132.45445178428858, 33.920980356579612 ], [ 132.454302384640215, 33.921261070265963 ], [ 132.454918999538705, 33.9225823743513 ], [ 132.454480726841098, 33.923795298035479 ], [ 132.45468806183618, 33.924019237345874 ], [ 132.454838338843786, 33.924964778977603 ], [ 132.454204761214413, 33.925684925527122 ], [ 132.453876873390328, 33.925634275523123 ], [ 132.454140333592676, 33.926465857645766 ], [ 132.454097442462796, 33.926897909595574 ], [ 132.454492526705138, 33.926983481183285 ], [ 132.455334423835836, 33.926136609349761 ] ] ] } },
{ "type": "Feature", "properties": { "CITY_NAME": "周防大島町", "S_NAME": "大字油宇", "JINKO": 242, "medical_area": "35_柳井医療圏", "町丁目名": "周防大島町大字油宇" }, "geometry": { "type": "Polygon", "coordinates": [ [ [ 132.471181306695314, 33.946328756844089 ], [ 132.470634464247837, 33.945881960612603 ], [ 132.470045416492468, 33.945736481568794 ], [ 132.469020944960846, 33.945134060903683 ], [ 132.469045066047073, 33.944914924372249 ], [ 132.468860507005303, 33.945037951874902 ], [ 132.468522137114178, 33.944804356648007 ], [ 132.467003214638964, 33.944487171805029 ], [ 132.466117747163793, 33.943714762365246 ], [ 132.465775632523332, 33.943646145939049 ], [ 132.465120178497045, 33.943994048541164 ], [ 132.463982651434094, 33.943842559842544 ], [ 132.463611746060309, 33.943580290577742 ], [ 132.463303778729369, 33.943682899935965 ], [ 132.461726718684986, 33.943123187916903 ], [ 132.461539117570453, 33.942989237646877 ], [ 132.461593439158491, 33.942742135197697 ], [ 132.460677450216991, 33.942515269136905 ], [ 132.460641089002337, 33.94232417586651 ], [ 132.460304873927868, 33.942389934594459 ], [ 132.459357199779618, 33.942070280762756 ], [ 132.45893856639799, 33.941758372805751 ], [ 132.458962154679824, 33.941381448574887 ], [ 132.458628496001722, 33.941240653407405 ], [ 132.458274082692469, 33.941684296819936 ], [ 132.457372027354523, 33.941416781672558 ], [ 132.456805278860685, 33.940805976797812 ], [ 132.457068712053029, 33.940649253366551 ], [ 132.456886163439123, 33.940731820416069 ], [ 132.456713271904789, 33.940469760435988 ], [ 132.457002837262735, 33.940042616285993 ], [ 132.457472267571745, 33.940667317294889 ], [ 132.456984096617447, 33.939942632135988 ], [ 132.457437378335499, 33.939626822323589 ], [ 132.456212094890958, 33.938444027507558 ], [ 132.456100491401116, 33.937750994964347 ], [ 132.455079132867922, 33.937368357541864 ], [ 132.454355466929627, 33.936730718302115 ], [ 132.45384472883984, 33.935711209648666 ], [ 132.453811478351895, 33.935473334390892 ], [ 132.454073528027237, 33.935236459028758 ], [ 132.454006972900686, 33.935065300298028 ], [ 132.451928210345073, 33.934185686539443 ], [ 132.451326730033372, 33.933193435307849 ], [ 132.450754894678767, 33.932662788346754 ], [ 132.450708317921652, 33.932315760704348 ], [ 132.449869971615072, 33.931980430269441 ], [ 132.44891544954433, 33.93183484845791 ], [ 132.446855764754531, 33.932121768858082 ], [ 132.445255957110362, 33.932138949352471 ], [ 132.443631150007747, 33.931783814524643 ], [ 132.44293128911454, 33.931118179756915 ], [ 132.443037316218465, 33.930796023621134 ], [ 132.442804704759169, 33.929444079461923 ], [ 132.442995652184578, 33.928285031931409 ], [ 132.442473765127943, 33.927786640462102 ], [ 132.441121954941735, 33.92753369795598 ], [ 132.44042209564941, 33.927858029599207 ], [ 132.440614697159901, 33.928218258517255 ], [ 132.440365732891706, 33.929176394111444 ], [ 132.440367977718381, 33.930212297042516 ], [ 132.440133495841707, 33.93062222457224 ], [ 132.439933510076514, 33.930662260253818 ], [ 132.439097676614097, 33.931102410004918 ], [ 132.440142231275132, 33.930651931186915 ], [ 132.440059659050235, 33.931889202872 ], [ 132.43970003247091, 33.932067659676513 ], [ 132.439593813037476, 33.931667509024905 ], [ 132.439393818814864, 33.931368581727014 ], [ 132.43952012371949, 33.931621746468402 ], [ 132.437786309317914, 33.93204317920268 ], [ 132.437613294921221, 33.931683044645148 ], [ 132.437802549044335, 33.932473396939564 ], [ 132.436702123669789, 33.93260530366468 ], [ 132.43665188441031, 33.932452134790736 ], [ 132.436623146590193, 33.932604632821629 ], [ 132.436577261930438, 33.932458639292939 ], [ 132.436549600097663, 33.932603809605666 ], [ 132.435360491745229, 33.932511756511474 ], [ 132.435086083717039, 33.93228159380913 ], [ 132.435145628882907, 33.931947853916789 ], [ 132.435024409572833, 33.932273558615755 ], [ 132.434581446284852, 33.932101522467889 ], [ 132.434710359215075, 33.93181722274025 ], [ 132.434522936713194, 33.932071783042787 ], [ 132.434118966028024, 33.931909521208098 ], [ 132.434271469622331, 33.931217598591346 ], [ 132.435282050343687, 33.931646348518754 ], [ 132.4342983481136, 33.931165272732031 ], [ 132.4342670353644, 33.93083356348918 ], [ 132.432991070321179, 33.92993370743924 ], [ 132.432878565669824, 33.929578787424802 ], [ 132.433015354790342, 33.929394498656976 ], [ 132.432989164001242, 33.928968951419009 ], [ 132.432513416618235, 33.927642870944986 ], [ 132.432861074556001, 33.927435582004932 ], [ 132.432883012313937, 33.927187580533804 ], [ 132.432661433861369, 33.926892348174249 ], [ 132.431488151305189, 33.92628444194979 ], [ 132.430992762791959, 33.926286356600123 ], [ 132.430474533283075, 33.926595019273186 ], [ 132.430004911040641, 33.926533758435845 ], [ 132.429298545367629, 33.927218696444243 ], [ 132.428539200681513, 33.92720510500159 ], [ 132.42772000212608, 33.9270796339353 ], [ 132.427116435511977, 33.92600978538534 ], [ 132.426696682482486, 33.925978273747461 ], [ 132.426462798087385, 33.926255463338599 ], [ 132.423415657298079, 33.926188059082065 ], [ 132.422208889400537, 33.925933607947833 ], [ 132.421290603024431, 33.925570343814648 ], [ 132.421329150257492, 33.925433184564262 ], [ 132.42122559754776, 33.92553342562389 ], [ 132.420749714442678, 33.925169241292082 ], [ 132.42083572242862, 33.924994228684078 ], [ 132.420652005538074, 33.925045889429349 ], [ 132.420388956960522, 33.924610117776439 ], [ 132.420585280302305, 33.924065059943004 ], [ 132.421404766225578, 33.924676487597729 ], [ 132.420631558131561, 33.923991987137434 ], [ 132.420781645940423, 33.923542684323706 ], [ 132.420924326510317, 33.923508999737059 ], [ 132.420831414360009, 33.923179103904346 ], [ 132.420490312306868, 33.92304103808511 ], [ 132.420431228421307, 33.922813071282931 ], [ 132.419892486732294, 33.922402098733322 ], [ 132.419850137608876, 33.921981933037763 ], [ 132.419401669390112, 33.921378749765985 ], [ 132.419827221630726, 33.920818005744721 ], [ 132.419538014858233, 33.920301983253133 ], [ 132.419803919450601, 33.919880336539805 ], [ 132.419668156523642, 33.919686758873908 ], [ 132.419780248121924, 33.919562127392048 ], [ 132.419493944278571, 33.91929123214895 ], [ 132.419320454008016, 33.919511649502844 ], [ 132.418572953550893, 33.919085738257415 ], [ 132.418448422515212, 33.918658688908302 ], [ 132.418263691134854, 33.918734722158383 ], [ 132.418299082955599, 33.918264094480328 ], [ 132.418043321088049, 33.918449457608403 ], [ 132.417877856796537, 33.918087297613638 ], [ 132.416657576715295, 33.919077103505977 ], [ 132.416506212324322, 33.919462450928492 ], [ 132.414823284957293, 33.919430634271379 ], [ 132.414823527256459, 33.919142099688393 ], [ 132.414336662226589, 33.919078131833608 ], [ 132.413806596729444, 33.918660906920913 ], [ 132.413923806519563, 33.9184252505 ], [ 132.413836102632359, 33.918014320912505 ], [ 132.413534731434851, 33.917768797418319 ], [ 132.413502470117891, 33.917450459229535 ], [ 132.413317065794502, 33.91729303765689 ], [ 132.413128399952939, 33.917499953637055 ], [ 132.412957293360307, 33.917414636660048 ], [ 132.412517788494227, 33.91764994884791 ], [ 132.41087984142581, 33.91668474835911 ], [ 132.410558779054782, 33.916350072219238 ], [ 132.41035036254749, 33.915693949929612 ], [ 132.410752677986721, 33.914555352011575 ], [ 132.410577956876949, 33.913580053134183 ], [ 132.410986927002341, 33.913264505020074 ], [ 132.410829575464192, 33.913072786381186 ], [ 132.410993642861087, 33.912588234173832 ], [ 132.410774779123784, 33.912438057847886 ], [ 132.410632349909463, 33.912554710539645 ], [ 132.410233142680596, 33.912490546916736 ], [ 132.409270432729983, 33.912022708673483 ], [ 132.408930492267046, 33.911134241347924 ], [ 132.40909916980678, 33.911120388765312 ], [ 132.408726940154793, 33.910665773384437 ], [ 132.408759379577901, 33.910287998991443 ], [ 132.408261851961669, 33.909879552048039 ], [ 132.40805342812277, 33.909974629320615 ], [ 132.407644558432338, 33.91168195619916 ], [ 132.407975039947729, 33.911996623133739 ], [ 132.408285582039724, 33.913842911609095 ], [ 132.407783640784686, 33.91461171814732 ], [ 132.407683475331112, 33.915189830817262 ], [ 132.407209952766607, 33.915724143493826 ], [ 132.407243765419253, 33.917413455386971 ], [ 132.406848287282401, 33.918125555980851 ], [ 132.407015213197894, 33.918884897490457 ], [ 132.407414380243324, 33.919482334462955 ], [ 132.407465194636842, 33.920322759192679 ], [ 132.408019575809817, 33.920952140587879 ], [ 132.407836401338244, 33.921316256148003 ], [ 132.408114577738246, 33.92177316484802 ], [ 132.408721991793811, 33.921847358772837 ], [ 132.410033912806483, 33.922741661857316 ], [ 132.410131921635156, 33.923260620046293 ], [ 132.412094661012929, 33.92413540503312 ], [ 132.412387775095993, 33.925362753226764 ], [ 132.412928243540051, 33.925969158520758 ], [ 132.413833215144621, 33.926085403912545 ], [ 132.413749707468099, 33.926282947698375 ], [ 132.413944448742484, 33.92713658699811 ], [ 132.41431530119624, 33.927500586751862 ], [ 132.41487544498338, 33.928726965598138 ], [ 132.415066604877779, 33.929562291028354 ], [ 132.41542147828514, 33.930115802590656 ], [ 132.415389264618938, 33.930953128294426 ], [ 132.415699332902591, 33.93158477737849 ], [ 132.416230480340573, 33.932007612052999 ], [ 132.416831654388204, 33.933092162584522 ], [ 132.417089832179101, 33.934532571483061 ], [ 132.417703421485157, 33.935647801316897 ], [ 132.418580093348083, 33.935680095532831 ], [ 132.419311151706438, 33.936334110048882 ], [ 132.420368533373079, 33.936523100135801 ], [ 132.420697195885708, 33.936850253499991 ], [ 132.420788402780175, 33.937211995092007 ], [ 132.421100084463177, 33.93733419884294 ], [ 132.421394946379962, 33.937313157842439 ], [ 132.422053210896422, 33.936898574565561 ], [ 132.423200797499788, 33.937107791122841 ], [ 132.424249208021649, 33.937016985217362 ], [ 132.424977558440901, 33.936755950949205 ], [ 132.425879007124962, 33.936836049460624 ], [ 132.426264628876879, 33.937019512793846 ], [ 132.426470608155938, 33.937401577923652 ], [ 132.427710809853096, 33.938573502290602 ], [ 132.428266834510879, 33.93878153405737 ], [ 132.429403705426068, 33.938574266926793 ], [ 132.430363426462606, 33.938078275440823 ], [ 132.431153291071524, 33.93791174631663 ], [ 132.432900180638597, 33.938103808013878 ], [ 132.434618842496576, 33.937806335188142 ], [ 132.435658233810841, 33.937944237947988 ], [ 132.438583001238044, 33.937930303854976 ], [ 132.44045560280054, 33.937213531861268 ], [ 132.441195977194127, 33.937361913938005 ], [ 132.441530466352731, 33.937593904008004 ], [ 132.442181651966592, 33.937633436184193 ], [ 132.445974524216183, 33.937234862798881 ], [ 132.446784525816241, 33.937324303828234 ], [ 132.448296030853555, 33.937795061273484 ], [ 132.448604193293278, 33.938341553220319 ], [ 132.450708889194402, 33.939522253157435 ], [ 132.452001064524353, 33.939829346666833 ], [ 132.452302790638129, 33.940133914998654 ], [ 132.453027187828013, 33.94001410935671 ], [ 132.454224556255951, 33.940289024763956 ], [ 132.454811148771398, 33.941015293150564 ], [ 132.455535519864128, 33.941209252639823 ], [ 132.456048150910078, 33.941811259633795 ], [ 132.457588889065931, 33.942524442094673 ], [ 132.459077213245564, 33.942767962261335 ], [ 132.460198538964164, 33.943566862401141 ], [ 132.460530322110458, 33.943467781186122 ], [ 132.461405438252257, 33.943759610704113 ], [ 132.462572249234569, 33.94487665084818 ], [ 132.463132709537547, 33.944581346016854 ], [ 132.464331207703481, 33.945153686022486 ], [ 132.464694149689592, 33.944992304193796 ], [ 132.465392051021439, 33.945023957651401 ], [ 132.465632259937877, 33.944857720560542 ], [ 132.466693147651597, 33.945539219426607 ], [ 132.467311467622181, 33.945396135557964 ], [ 132.467810480901079, 33.945476054481865 ], [ 132.468200514793239, 33.945020651038938 ], [ 132.4691953511539, 33.946119124761729 ], [ 132.470641439486911, 33.94632381836248 ], [ 132.470965113706171, 33.946685484830233 ], [ 132.471154390730305, 33.947282822576987 ], [ 132.471282649108701, 33.948368118341776 ], [ 132.471950907454641, 33.948269945289688 ], [ 132.471576401367173, 33.947915704674536 ], [ 132.471437500809316, 33.947489446363775 ], [ 132.471678929522, 33.946927128475679 ], [ 132.471236554974496, 33.946655053137064 ], [ 132.471181306695314, 33.946328756844089 ] ] ] } },
{ "type": "Feature", "properties": { "CITY_NAME": "上関町", "S_NAME": "大字室津", "JINKO": 0, "medical_area": "35_柳井医療圏", "町丁目名": "上関町大字室津" }, "geometry": { "type": "Polygon", "coordinates": [ [ [ 132.115678556567815, 33.836002561962694 ], [ 132.115738139782593, 33.835741111797752 ], [ 132.115644129883435, 33.835750089706309 ], [ 132.115678556567815, 33.836002561962694 ] ] ] } },
{ "type": "Feature", "properties": { "CITY_NAME": "上関町", "S_NAME": "大字室津", "JINKO": 0, "medical_area": "35_柳井医療圏", "町丁目名": "上関町大字室津" }, "geometry": { "type": "Polygon", "coordinates": [ [ [ 132.123559240229696, 33.833558299614864 ], [ 132.122930636547835, 33.833339708248744 ], [ 132.122842090468936, 33.833492109700266 ], [ 132.123483857746379, 33.833727893702935 ], [ 132.123559240229696, 33.833558299614864 ] ] ] } },
{ "type": "Feature", "properties": { "CITY_NAME": "上関町", "S_NAME": "大字室津", "JINKO": 0, "medical_area": "35_柳井医療圏", "町丁目名": "上関町大字室津" }, "geometry": { "type": "Polygon", "coordinates": [ [ [ 132.115634440037411, 33.835694156111323 ], [ 132.11569727649848, 33.835409321087553 ], [ 132.115600028198571, 33.83541731204032 ], [ 132.115634440037411, 33.835694156111323 ] ] ] } },
{ "type": "Feature", "properties": { "CITY_NAME": "上関町", "S_NAME": "大字室津", "JINKO": 0, "medical_area": "35_柳井医療圏", "町丁目名": "上関町大字室津" }, "geometry": { "type": "Polygon", "coordinates": [ [ [ 132.121519590957433, 33.833731133928723 ], [ 132.122009156567884, 33.833447011347573 ], [ 132.121487633488186, 33.833643071682403 ], [ 132.121519590957433, 33.833731133928723 ] ] ] } },
{ "type": "Feature", "properties": { "CITY_NAME": "上関町", "S_NAME": "大字室津", "JINKO": 0, "medical_area": "35_柳井医療圏", "町丁目名": "上関町大字室津" }, "geometry": { "type": "Polygon", "coordinates": [ [ [ 132.125551451224453, 33.834139423392159 ], [ 132.124762867339598, 33.833867393062022 ], [ 132.124678076943752, 33.834032335506514 ], [ 132.125496773623325, 33.834331003141642 ], [ 132.125551451224453, 33.834139423392159 ] ] ] } },
{ "type": "Feature", "properties": { "CITY_NAME": "上関町", "S_NAME": "大字室津", "JINKO": 0, "medical_area": "35_柳井医療圏", "町丁目名": "上関町大字室津" }, "geometry": { "type": "Polygon", "coordinates": [ [ [ 132.124500269344594, 33.833875895581919 ], [ 132.123822739506267, 33.833630665782302 ], [ 132.123771850283759, 33.833756313776085 ], [ 132.124449378663314, 33.834006333798108 ], [ 132.124500269344594, 33.833875895581919 ] ] ] } },
{ "type": "Feature", "properties": { "CITY_NAME": "上関町", "S_NAME": "大字室津", "JINKO": 798, "medical_area": "35_柳井医療圏", "町丁目名": "上関町大字室津" }, "geometry": { "type": "Polygon", "coordinates": [ [ [ 132.129443943601444, 33.86208305044488 ], [ 132.130131620992074, 33.861666970007647 ], [ 132.133360702669393, 33.861941412465683 ], [ 132.134193817265157, 33.860801095871523 ], [ 132.134408043515634, 33.860262435629224 ], [ 132.13485070931128, 33.859888949521817 ], [ 132.135846757043339, 33.857490340370191 ], [ 132.135984424181032, 33.856366305591109 ], [ 132.136594230373703, 33.855648414770833 ], [ 132.13690336651203, 33.854771528908636 ], [ 132.137397501828701, 33.854284223456219 ], [ 132.137483498157081, 33.853644657148877 ], [ 132.140140469181176, 33.852861776047824 ], [ 132.140984793967306, 33.852877904185327 ], [ 132.142347373561904, 33.853174223610615 ], [ 132.143091073538272, 33.851287129682504 ], [ 132.143534617522562, 33.850661145287035 ], [ 132.145555815403839, 33.849496752110078 ], [ 132.14765923410161, 33.847849377795441 ], [ 132.150145321699995, 33.846854330702634 ], [ 132.151669957261362, 33.84435466936069 ], [ 132.152565157207249, 33.843198538082035 ], [ 132.15096070812578, 33.842049625823876 ], [ 132.150562078175341, 33.841517611667761 ], [ 132.15024566329916, 33.840501534293871 ], [ 132.14945046483632, 33.840096545249935 ], [ 132.149274436439754, 33.839583431399348 ], [ 132.148523591958224, 33.838978388302685 ], [ 132.148595005847056, 33.838486155244894 ], [ 132.148256793874964, 33.838544718480883 ], [ 132.147019683111637, 33.838199089368459 ], [ 132.147044453616274, 33.838560738010919 ], [ 132.146975218078609, 33.838938431724785 ], [ 132.14674179480204, 33.839082653564844 ], [ 132.146939567296101, 33.838911376013598 ], [ 132.146976465973097, 33.838185557070496 ], [ 132.145486646667848, 33.837363943298797 ], [ 132.144826652209844, 33.836606437016464 ], [ 132.145210270144645, 33.836418994815673 ], [ 132.144822338857352, 33.836568538750036 ], [ 132.144676532556929, 33.836335068773479 ], [ 132.144693884384395, 33.836079792710706 ], [ 132.144922990472537, 33.83590049214304 ], [ 132.14526112251167, 33.836130476442221 ], [ 132.145081811950803, 33.835934756642317 ], [ 132.144822522255907, 33.835837357615581 ], [ 132.144630284461158, 33.835492862774494 ], [ 132.144684723940543, 33.833844686456807 ], [ 132.143695212242704, 33.833161919809321 ], [ 132.142646174340399, 33.832906571929406 ], [ 132.142685112028232, 33.83275329984447 ], [ 132.142156744489483, 33.832873927845554 ], [ 132.141527945841602, 33.832815188502558 ], [ 132.141500993481031, 33.832612312451403 ], [ 132.14132376105411, 33.832757523508043 ], [ 132.140363317913341, 33.83254627253811 ], [ 132.140243447717438, 33.832351547030129 ], [ 132.139878264587708, 33.832343293983882 ], [ 132.139837289929574, 33.832073778274406 ], [ 132.140035025418882, 33.832021414679737 ], [ 132.139665603756697, 33.831748160925095 ], [ 132.139675251433601, 33.831990761641251 ], [ 132.139109195718447, 33.831715630743268 ], [ 132.138506321031258, 33.831710981703495 ], [ 132.137656938906645, 33.832222882425683 ], [ 132.136842271525808, 33.832288472861116 ], [ 132.136861649844576, 33.832491346795187 ], [ 132.136474879588775, 33.83242010487082 ], [ 132.136199276243701, 33.83268686312659 ], [ 132.135254951127024, 33.832757904085547 ], [ 132.13422729935192, 33.833159704334783 ], [ 132.131373832780525, 33.833157070244049 ], [ 132.130860511972173, 33.83341487258371 ], [ 132.130478046468767, 33.83337686085509 ], [ 132.130297684972078, 33.833200987044748 ], [ 132.130119129644811, 33.833862651918736 ], [ 132.129696545216575, 33.834150201740414 ], [ 132.129451320254503, 33.834059962509713 ], [ 132.129373426240619, 33.834291687803407 ], [ 132.129147620683113, 33.834267245422858 ], [ 132.128956289475724, 33.834464701615751 ], [ 132.12807886398241, 33.83465729015343 ], [ 132.127529052889827, 33.834335200617666 ], [ 132.127409038577355, 33.834512812198653 ], [ 132.127001756664839, 33.834394620881859 ], [ 132.126687260449444, 33.834563997260304 ], [ 132.126382654869445, 33.834382723608719 ], [ 132.126379283343368, 33.834655890411121 ], [ 132.125627226147827, 33.834763834294101 ], [ 132.125249980098033, 33.835090972612683 ], [ 132.12437154695985, 33.83510687130542 ], [ 132.12145243982394, 33.834457634220193 ], [ 132.121044158895558, 33.834205871695133 ], [ 132.121212937285094, 33.833784840608615 ], [ 132.121085330357772, 33.833990339172622 ], [ 132.120507409957071, 33.833753024933728 ], [ 132.120519439663241, 33.833488876259125 ], [ 132.120430869682878, 33.833440099267769 ], [ 132.120431830084669, 33.833656492943661 ], [ 132.120241690749111, 33.833620356983729 ], [ 132.119396998402749, 33.833208949357918 ], [ 132.119647909080413, 33.832760901332023 ], [ 132.120671910568063, 33.833258169712799 ], [ 132.121441111549075, 33.833417081529646 ], [ 132.119449169226726, 33.832649108461332 ], [ 132.119214882489985, 33.832348661612393 ], [ 132.118938224498237, 33.832460415474337 ], [ 132.118441422183651, 33.832101401382786 ], [ 132.117804058193826, 33.831931675235275 ], [ 132.117367176655364, 33.83072781769782 ], [ 132.117644081800449, 33.832049670392784 ], [ 132.116564585863415, 33.832279160737286 ], [ 132.116533950837464, 33.832932835427876 ], [ 132.116154757298574, 33.832854212281248 ], [ 132.115649446309817, 33.833373857103481 ], [ 132.115499686931855, 33.833872795364222 ], [ 132.115623063096791, 33.835126402313826 ], [ 132.115567896845221, 33.834179239375409 ], [ 132.116269630399927, 33.83412880749011 ], [ 132.116400747425871, 33.835166869717924 ], [ 132.117035112917875, 33.835075269461598 ], [ 132.117138492750541, 33.835672221898655 ], [ 132.117349194870826, 33.835659767584723 ], [ 132.117144824036046, 33.835925669487843 ], [ 132.116870445087073, 33.835815531734077 ], [ 132.117129689385337, 33.835940878596922 ], [ 132.116832267657571, 33.836431306235347 ], [ 132.116038418655847, 33.836318705216669 ], [ 132.115761711282858, 33.836069373958871 ], [ 132.115723830008591, 33.836176569213691 ], [ 132.116025186585233, 33.836353496816258 ], [ 132.116306074246467, 33.836422924027445 ], [ 132.116600861499876, 33.836741431847969 ], [ 132.117297231492188, 33.837712646916465 ], [ 132.117080981436203, 33.837971355738851 ], [ 132.117672947472244, 33.838243908335116 ], [ 132.117801251524213, 33.838744360599328 ], [ 132.117490712552581, 33.839497094284887 ], [ 132.116862921929027, 33.839496843515391 ], [ 132.115928668684205, 33.838798552079261 ], [ 132.11676997845575, 33.839525686258376 ], [ 132.116713566237053, 33.839921392411888 ], [ 132.116315950182212, 33.83987798212776 ], [ 132.116425058865644, 33.839924093235439 ], [ 132.11622649519515, 33.841348577457573 ], [ 132.115585859052828, 33.841116568315265 ], [ 132.115741020736522, 33.84002566842117 ], [ 132.115571575460024, 33.839682981807016 ], [ 132.115694551244076, 33.84003100378014 ], [ 132.115543703228894, 33.841142613964678 ], [ 132.116345303533564, 33.841439632984802 ], [ 132.116673420898366, 33.842083582361703 ], [ 132.116845883320764, 33.842829182094711 ], [ 132.116415594518344, 33.843214029130209 ], [ 132.116685329966032, 33.843924589345505 ], [ 132.116556491395272, 33.844348299756561 ], [ 132.116708610945096, 33.844773956548458 ], [ 132.117173001839575, 33.845239465087765 ], [ 132.118098254514138, 33.846710322473406 ], [ 132.118518676409849, 33.848541627669221 ], [ 132.118161769607781, 33.84906808668358 ], [ 132.118405688449428, 33.84962085179766 ], [ 132.118292928568252, 33.850278143157468 ], [ 132.11804312519331, 33.850589100546721 ], [ 132.117180653046603, 33.850760899061996 ], [ 132.116751454837981, 33.851067269828548 ], [ 132.116669377936802, 33.85097171911017 ], [ 132.116738767838342, 33.850575882834555 ], [ 132.116697783737294, 33.850438791035025 ], [ 132.116507772188015, 33.850116946552767 ], [ 132.116246237975616, 33.850138391264238 ], [ 132.116703137662938, 33.850524446961479 ], [ 132.116438952905838, 33.851384534440783 ], [ 132.116578310441923, 33.851477432864378 ], [ 132.116551017214221, 33.851955278464573 ], [ 132.117088632080225, 33.85293742251509 ], [ 132.116772409587469, 33.854088673366391 ], [ 132.117027382203617, 33.854222190938472 ], [ 132.117314381049653, 33.855059821727451 ], [ 132.117273158351622, 33.855339302451384 ], [ 132.116545429815545, 33.856031536752241 ], [ 132.116596096040524, 33.856259636174094 ], [ 132.117093175004953, 33.856368043028759 ], [ 132.116670579515755, 33.856411109978325 ], [ 132.116780666242363, 33.856676286591821 ], [ 132.116536296939728, 33.85688524054207 ], [ 132.116800096534064, 33.856713203931115 ], [ 132.117231128678355, 33.857040644476079 ], [ 132.117389720163942, 33.857541104367876 ], [ 132.117315920122479, 33.858083868190761 ], [ 132.117031396403945, 33.858585968145704 ], [ 132.11611141808595, 33.858999317733101 ], [ 132.115872721183081, 33.858730561543084 ], [ 132.115893384906201, 33.858516017144829 ], [ 132.115828412066122, 33.858733219054649 ], [ 132.116006618048772, 33.85894348455804 ], [ 132.115550308229132, 33.859317446797199 ], [ 132.115821983665199, 33.859468304460037 ], [ 132.116311122756287, 33.859397942842214 ], [ 132.118626450045554, 33.860339575783811 ], [ 132.119395529836964, 33.860234243313329 ], [ 132.120107981527184, 33.859448727678036 ], [ 132.120241035097024, 33.858564779525516 ], [ 132.120527912062272, 33.858363301769785 ], [ 132.12096197192281, 33.85842405356636 ], [ 132.121507955515398, 33.858571911244418 ], [ 132.122208940599393, 33.85906201931828 ], [ 132.123329614765595, 33.860932175520659 ], [ 132.124226964790154, 33.861635489507549 ], [ 132.125768745235035, 33.862057143321216 ], [ 132.129443943601444, 33.86208305044488 ] ] ] } },
{ "type": "Feature", "properties": { "CITY_NAME": "上関町", "S_NAME": "大字長島", "JINKO": 196, "medical_area": "35_柳井医療圏", "町丁目名": "上関町大字長島" }, "geometry": { "type": "Polygon", "coordinates": [ [ [ 132.074422298735044, 33.858776472593647 ], [ 132.073467594847301, 33.858259192677941 ], [ 132.073050240360004, 33.857534943648957 ], [ 132.073228218844548, 33.856902137057737 ], [ 132.073857169715666, 33.855981154779521 ], [ 132.075194503725783, 33.854523389822312 ], [ 132.07566468250667, 33.854418212500818 ], [ 132.076068605844341, 33.854613186672623 ], [ 132.076322964566913, 33.854243716669636 ], [ 132.077082684291696, 33.854182126261712 ], [ 132.077016970507287, 33.85400077707488 ], [ 132.077604966415777, 33.853856088119045 ], [ 132.078198765302062, 33.85334794774834 ], [ 132.078003628597969, 33.852885309466956 ], [ 132.078363149679348, 33.852066064525566 ], [ 132.077540789568587, 33.850993401777174 ], [ 132.077022457841366, 33.850645066261436 ], [ 132.076803733621091, 33.849986723122953 ], [ 132.076845125516428, 33.849644133636147 ], [ 132.077391463518126, 33.848948434282818 ], [ 132.077574146377344, 33.848871924678008 ], [ 132.07774365295387, 33.849018980912192 ], [ 132.077619529306503, 33.84887378859883 ], [ 132.081963004020082, 33.845682215861402 ], [ 132.083366262013982, 33.844870850965982 ], [ 132.08392178970729, 33.844708925235231 ], [ 132.084748294092748, 33.844804985077303 ], [ 132.084690787722849, 33.845067404333015 ], [ 132.084829309741536, 33.844830396344172 ], [ 132.085833993139602, 33.845035600339095 ], [ 132.085834110325521, 33.844904019448073 ], [ 132.086643539378201, 33.844747595445476 ], [ 132.087788807391746, 33.844815937692097 ], [ 132.088199168357022, 33.845080480771756 ], [ 132.088764536979369, 33.846019351495677 ], [ 132.089972738103029, 33.84706511267828 ], [ 132.090409716478916, 33.847813712674046 ], [ 132.091292167305596, 33.848228979577726 ], [ 132.091710980305862, 33.848750328507457 ], [ 132.092073422380082, 33.848196051843608 ], [ 132.092542582188713, 33.847951060295735 ], [ 132.092552652590996, 33.847529986714569 ], [ 132.092804788250675, 33.847073975862287 ], [ 132.093777489718008, 33.846791376306406 ], [ 132.094552606762733, 33.84631579808908 ], [ 132.09376346546577, 33.846766151413227 ], [ 132.092666488405797, 33.847067555944015 ], [ 132.092556364043304, 33.846956622036487 ], [ 132.092670520035796, 33.846103682685779 ], [ 132.092849912109045, 33.846072230891565 ], [ 132.092815574627878, 33.845778342243811 ], [ 132.09313872534733, 33.845687524466989 ], [ 132.092510921832741, 33.845720405651669 ], [ 132.092464829727646, 33.845267883604322 ], [ 132.093608494530883, 33.844658972281358 ], [ 132.093848135395376, 33.84494410681593 ], [ 132.093639840727661, 33.844642788243185 ], [ 132.094075531185268, 33.844322963089958 ], [ 132.096039451602223, 33.843458519003988 ], [ 132.098257818765546, 33.843330835062787 ], [ 132.099351147233506, 33.8435847197294 ], [ 132.100753685017906, 33.843602644675954 ], [ 132.101432051522153, 33.84391039140241 ], [ 132.101441959803225, 33.843654421911303 ], [ 132.102148745702522, 33.843504184710731 ], [ 132.102463075843701, 33.84365945145823 ], [ 132.102393080413805, 33.843018561785655 ], [ 132.101956250585545, 33.841958655699962 ], [ 132.101220536642529, 33.84098748794468 ], [ 132.098286720657711, 33.839427405108104 ], [ 132.097540487629743, 33.838304906697758 ], [ 132.095428436033274, 33.837110342113697 ], [ 132.093658663241172, 33.83507007347788 ], [ 132.093360610337982, 33.8341971393953 ], [ 132.091180443471075, 33.83385800227785 ], [ 132.08969616106404, 33.833295540743258 ], [ 132.088676103889298, 33.832462436023683 ], [ 132.087888317862223, 33.831338831558298 ], [ 132.086160353682658, 33.830911839036979 ], [ 132.085500134435108, 33.829846624287413 ], [ 132.084688422057042, 33.829565314695714 ], [ 132.084122360532746, 33.829086648102539 ], [ 132.083343521010249, 33.829324221684523 ], [ 132.082729566217722, 33.829714051316991 ], [ 132.080813555810693, 33.832057721940153 ], [ 132.079536921645683, 33.832837178144679 ], [ 132.077909823038738, 33.83345506375646 ], [ 132.078630932160735, 33.834072353507658 ], [ 132.080330123016296, 33.834372916749778 ], [ 132.080623636971296, 33.834752654086031 ], [ 132.080876409748242, 33.834797910549753 ], [ 132.080972866323123, 33.835625656859889 ], [ 132.081389946963526, 33.835586354954486 ], [ 132.080977155465547, 33.835659047623913 ], [ 132.08092996017902, 33.836442598464906 ], [ 132.079937645193951, 33.836954858444876 ], [ 132.080002288999708, 33.837149740446769 ], [ 132.079796797570225, 33.837372188231868 ], [ 132.078900865582142, 33.837630357909575 ], [ 132.078520030980258, 33.838181071852482 ], [ 132.077806637998776, 33.838493319785677 ], [ 132.077421310042553, 33.839209844478056 ], [ 132.07678277779948, 33.839190507202659 ], [ 132.076643700638868, 33.839999202142423 ], [ 132.076238495431454, 33.840031312675372 ], [ 132.076310492941076, 33.840434423063748 ], [ 132.076057316183494, 33.840793063406338 ], [ 132.075607734468889, 33.840900086107787 ], [ 132.075527594938933, 33.841095711335164 ], [ 132.075079192122985, 33.841101581867655 ], [ 132.075123383042154, 33.841208120051682 ], [ 132.074146034201902, 33.841809663907206 ], [ 132.074064785129025, 33.842025010828635 ], [ 132.073667351924797, 33.841840865577836 ], [ 132.073241467167975, 33.842022707017001 ], [ 132.072845227961295, 33.842798662521581 ], [ 132.073248817355392, 33.843319237531311 ], [ 132.072966157805098, 33.843963696266627 ], [ 132.072236862899757, 33.843891857166028 ], [ 132.071786077230939, 33.844070987675131 ], [ 132.071051741456785, 33.843604239170332 ], [ 132.070912284287658, 33.843658227791131 ], [ 132.070310983531414, 33.843081552579129 ], [ 132.070215757060453, 33.843213200052901 ], [ 132.07000075953502, 33.843169779919279 ], [ 132.069667180238241, 33.843896176085451 ], [ 132.069362301943812, 33.844034841628613 ], [ 132.069273023039898, 33.844680284040379 ], [ 132.069130320662282, 33.844736099325651 ], [ 132.068918786848428, 33.846531021621104 ], [ 132.069007839489871, 33.84713969387407 ], [ 132.068314920775435, 33.847341999717152 ], [ 132.068068266989428, 33.847587915005917 ], [ 132.068062414419472, 33.848008153174113 ], [ 132.06781136836733, 33.84831083997053 ], [ 132.06788233091325, 33.848645486082205 ], [ 132.068344311140947, 33.84917866908242 ], [ 132.068479635226481, 33.849971368255389 ], [ 132.068387829588232, 33.850931528011991 ], [ 132.068104126286329, 33.851452407893206 ], [ 132.06824578418977, 33.852384723969706 ], [ 132.069188416155498, 33.853237535624999 ], [ 132.069219525484812, 33.853431404716417 ], [ 132.070867151334141, 33.85391240825377 ], [ 132.071555915133814, 33.854556742650082 ], [ 132.07180268932521, 33.855160997650955 ], [ 132.072166611368942, 33.855418235735719 ], [ 132.072241218010276, 33.856284657593982 ], [ 132.072060787479984, 33.857116645106608 ], [ 132.071720972111308, 33.857482502779483 ], [ 132.071255030103231, 33.857565952986221 ], [ 132.071223173261671, 33.85799234846715 ], [ 132.070884579362087, 33.858236492185853 ], [ 132.070929752341073, 33.85841135089435 ], [ 132.071340444439784, 33.858429708039402 ], [ 132.07144119239959, 33.858246793889748 ], [ 132.072690980102919, 33.857932216763672 ], [ 132.073033399886071, 33.8580605236493 ], [ 132.073174756120522, 33.858233760544557 ], [ 132.073106439311999, 33.858431071993834 ], [ 132.073847212160103, 33.85891128762875 ], [ 132.074351893383266, 33.8589134897313 ], [ 132.074422298735044, 33.858776472593647 ] ] ] } },
{ "type": "Feature", "properties": { "CITY_NAME": "上関町", "S_NAME": "大字長島", "JINKO": 0, "medical_area": "35_柳井医療圏", "町丁目名": "上関町大字長島" }, "geometry": { "type": "Polygon", "coordinates": [ [ [ 132.120224681740524, 33.823283002211419 ], [ 132.120864682244502, 33.822474566886257 ], [ 132.121085365577841, 33.821933655864747 ], [ 132.120917149268962, 33.821355552803979 ], [ 132.121136621174486, 33.821046393312095 ], [ 132.120933857650613, 33.820431367212343 ], [ 132.121564031914147, 33.819755358005757 ], [ 132.121723363001138, 33.818701495379294 ], [ 132.122099319915407, 33.818663730249355 ], [ 132.122202041142742, 33.818472592807112 ], [ 132.122182892622334, 33.817873003459262 ], [ 132.122464094796101, 33.817196880733924 ], [ 132.122362857336043, 33.816574722054071 ], [ 132.122509882998173, 33.816343026955892 ], [ 132.122157048893285, 33.815521575941887 ], [ 132.122119557072978, 33.814882251658659 ], [ 132.121757866518891, 33.814509778092955 ], [ 132.121584253365995, 33.813908300736415 ], [ 132.121329447766641, 33.813658429473996 ], [ 132.121245495018712, 33.813058815006002 ], [ 132.121120200606839, 33.813042567529699 ], [ 132.121235869220754, 33.81287130006519 ], [ 132.120932472191299, 33.812596191632146 ], [ 132.121036251519655, 33.812440275886246 ], [ 132.12042061949785, 33.812287616748577 ], [ 132.119536251397335, 33.811697700489766 ], [ 132.118688427154609, 33.811477320177268 ], [ 132.118250072118144, 33.811116496779547 ], [ 132.118114912383078, 33.811364392722595 ], [ 132.117889174906935, 33.811330070237631 ], [ 132.118122046017959, 33.812146139935791 ], [ 132.1195011053276, 33.812800355441979 ], [ 132.120023526243472, 33.813556091587053 ], [ 132.120011446879886, 33.813931250884224 ], [ 132.119739125272872, 33.814131198468353 ], [ 132.120103943755936, 33.81470387077065 ], [ 132.119867906653752, 33.815742490017257 ], [ 132.120193852136737, 33.816298945323062 ], [ 132.120048827853054, 33.816820006407937 ], [ 132.120274482336043, 33.817047328572691 ], [ 132.119668246852626, 33.817443822623929 ], [ 132.119659541723109, 33.817567371083683 ], [ 132.119903671182755, 33.817590002182783 ], [ 132.119609496301536, 33.818234559818322 ], [ 132.119698889791806, 33.818742183139634 ], [ 132.119510829049233, 33.818917087029035 ], [ 132.119292537837595, 33.819061267108239 ], [ 132.119278563870154, 33.818924185156341 ], [ 132.118386146529645, 33.819108684648207 ], [ 132.117597595718507, 33.819001032448845 ], [ 132.11771418064464, 33.81916252615347 ], [ 132.117179568816539, 33.818927894512107 ], [ 132.117147047244003, 33.819129764023103 ], [ 132.117345787058923, 33.819187601578356 ], [ 132.11648997665381, 33.819573138887897 ], [ 132.116471529184878, 33.819723732908415 ], [ 132.116933811387042, 33.819870852308156 ], [ 132.116879710811844, 33.820020588420057 ], [ 132.117321440187908, 33.820213627555752 ], [ 132.117239262829372, 33.820347997689908 ], [ 132.11777940260319, 33.820369761302885 ], [ 132.118042677544537, 33.820922685142051 ], [ 132.118554592815883, 33.821187878904212 ], [ 132.118300355132135, 33.821822599722552 ], [ 132.118035545461197, 33.822049743009259 ], [ 132.118450749839553, 33.823310376868875 ], [ 132.11866777427943, 33.823529531465844 ], [ 132.119281270554325, 33.823770530211029 ], [ 132.120224681740524, 33.823283002211419 ] ] ] } },
{ "type": "Feature", "properties": { "CITY_NAME": "上関町", "S_NAME": "大字長島", "JINKO": 0, "medical_area": "35_柳井医療圏", "町丁目名": "上関町大字長島" }, "geometry": { "type": "Polygon", "coordinates": [ [ [ 132.104157295533781, 33.844963136911474 ], [ 132.104137816004311, 33.844454839839536 ], [ 132.103505856943798, 33.844377184147717 ], [ 132.103088136508205, 33.843804447553886 ], [ 132.102931555817321, 33.843879457410914 ], [ 132.103042820972746, 33.844214097778035 ], [ 132.102521490632, 33.844605617014494 ], [ 132.102825843824689, 33.844786516459791 ], [ 132.102946143299789, 33.844477068259806 ], [ 132.104157295533781, 33.844963136911474 ] ] ] } },
{ "type": "Feature", "properties": { "CITY_NAME": "上関町", "S_NAME": "大字長島", "JINKO": 745, "medical_area": "35_柳井医療圏", "町丁目名": "上関町大字長島" }, "geometry": { "type": "Polygon", "coordinates": [ [ [ 132.10277891250459, 33.843216831185138 ], [ 132.104591929452511, 33.843414312361958 ], [ 132.104685611844957, 33.842039167578172 ], [ 132.103814959699008, 33.841952405848701 ], [ 132.10399146696048, 33.839867076330378 ], [ 132.103846460740613, 33.838634462796961 ], [ 132.104070223550281, 33.838489469523573 ], [ 132.103951368111439, 33.838489410849903 ], [ 132.103999231467981, 33.838028621847293 ], [ 132.103574657299731, 33.837942757640683 ], [ 132.104002487461742, 33.838012422478663 ], [ 132.104069868412267, 33.837449789302923 ], [ 132.104217889471698, 33.837462540680825 ], [ 132.104236338586162, 33.837349847299407 ], [ 132.104137952193781, 33.837436298562572 ], [ 132.104092648618348, 33.837322727965947 ], [ 132.104185996173896, 33.836715026466734 ], [ 132.104072727489751, 33.836462514080466 ], [ 132.104302029403385, 33.836139023664487 ], [ 132.104019032127241, 33.836015331975482 ], [ 132.104167175694499, 33.835857618747191 ], [ 132.1038863991526, 33.835657289287667 ], [ 132.104189885986642, 33.835824242328037 ], [ 132.104426531740302, 33.835800971354303 ], [ 132.104201795428992, 33.835792690935087 ], [ 132.104292616395043, 33.835708065822232 ], [ 132.104017224495351, 33.835532111094906 ], [ 132.104295231028942, 33.835091291222788 ], [ 132.104766315804341, 33.835091522045687 ], [ 132.104752544358064, 33.834709165926014 ], [ 132.104898652415187, 33.83437027791814 ], [ 132.104810668985209, 33.835018568088486 ], [ 132.106079237247485, 33.834875763377944 ], [ 132.106100961172388, 33.834714325221412 ], [ 132.106183871016754, 33.835112916301291 ], [ 132.106487449078628, 33.835161804152136 ], [ 132.10658588572727, 33.835001388455879 ], [ 132.106747673954175, 33.835711643937366 ], [ 132.106067785063715, 33.835928277301981 ], [ 132.106766448312385, 33.835745603883161 ], [ 132.106822576057709, 33.836444960891193 ], [ 132.106052933953492, 33.836926965941544 ], [ 132.106948998088825, 33.836440512175201 ], [ 132.108038549620176, 33.837421111344433 ], [ 132.10834651154309, 33.837389696211922 ], [ 132.109396431050413, 33.836241446801893 ], [ 132.109537912820826, 33.836327165605731 ], [ 132.10942129814714, 33.836214408974399 ], [ 132.109679707777616, 33.835951220254884 ], [ 132.109852544791096, 33.836010889345999 ], [ 132.109717545544669, 33.835919680012154 ], [ 132.110033264077515, 33.835592555611008 ], [ 132.110483784807684, 33.835651365914792 ], [ 132.110959513513137, 33.835168360082825 ], [ 132.110669851919113, 33.835313336963935 ], [ 132.110484070304523, 33.835216750842967 ], [ 132.110484221889152, 33.834985988403695 ], [ 132.110505312917127, 33.83413663040379 ], [ 132.110704174502047, 33.834050219248731 ], [ 132.110549695403137, 33.8340032366944 ], [ 132.111021656828058, 33.832655504483277 ], [ 132.11149051439503, 33.8327431991449 ], [ 132.11135175448851, 33.833460783774662 ], [ 132.111647381137516, 33.832430372818337 ], [ 132.112204079000378, 33.832010511471204 ], [ 132.111607426919477, 33.832400629449594 ], [ 132.111134259688271, 33.832290392521926 ], [ 132.111315167768566, 33.831561979956582 ], [ 132.111611143525579, 33.831659458948415 ], [ 132.11139945306715, 33.831541308337279 ], [ 132.111544357249329, 33.831352873629264 ], [ 132.112399057370396, 33.831225186688918 ], [ 132.112351603060603, 33.831093583686744 ], [ 132.112680119556074, 33.83098820619815 ], [ 132.113364014703563, 33.831020056340137 ], [ 132.113220117420241, 33.831334722844545 ], [ 132.112664789411696, 33.831312788407338 ], [ 132.112451771042174, 33.831590371890485 ], [ 132.112483004272775, 33.831745494889269 ], [ 132.112738243264573, 33.831342545866811 ], [ 132.113328129786055, 33.831384358873592 ], [ 132.113384541810632, 33.83102006507275 ], [ 132.114743542898623, 33.831311836049871 ], [ 132.115585227275147, 33.831274285649471 ], [ 132.115576658993689, 33.831143544800184 ], [ 132.11605539697814, 33.830968905380352 ], [ 132.116612925914978, 33.83091503092048 ], [ 132.116836484964324, 33.831071920897237 ], [ 132.117145652113976, 33.830791689839749 ], [ 132.117919280608362, 33.830719016998458 ], [ 132.118210081587733, 33.830425110458037 ], [ 132.118375352358669, 33.830481103879151 ], [ 132.118415398680469, 33.830360243931118 ], [ 132.118215512980441, 33.830373691546328 ], [ 132.118494411826134, 33.830105138213526 ], [ 132.118028704018968, 33.830186106206618 ], [ 132.116983243455962, 33.829528488051785 ], [ 132.116615913664447, 33.829511154247164 ], [ 132.116558794005925, 33.82927304333564 ], [ 132.115732427095509, 33.829029269017717 ], [ 132.115554384523364, 33.82865501726284 ], [ 132.11564318196173, 33.828307922942464 ], [ 132.115037150248298, 33.828189615904577 ], [ 132.115177802907994, 33.827857896089036 ], [ 132.115090387457542, 33.827706412535044 ], [ 132.114806203900372, 33.827768424239792 ], [ 132.114648257174224, 33.828109153415404 ], [ 132.114074655727592, 33.827973668091182 ], [ 132.113895124278059, 33.828272121360747 ], [ 132.113259890109674, 33.828205075009862 ], [ 132.1131517515376, 33.828362816243896 ], [ 132.112970314401736, 33.828255528797271 ], [ 132.112890630266548, 33.82783707482843 ], [ 132.112528639686673, 33.827930747394326 ], [ 132.112320254174108, 33.827721447329708 ], [ 132.111798168947615, 33.828124284063101 ], [ 132.111633716926605, 33.828481204493357 ], [ 132.110032470413557, 33.82863010795149 ], [ 132.109707310792942, 33.82857501786463 ], [ 132.109668589660259, 33.828314372112978 ], [ 132.109513968221876, 33.828508153775338 ], [ 132.108723130748331, 33.828503285332005 ], [ 132.10806972044324, 33.828182056521641 ], [ 132.108017446207668, 33.827211922154468 ], [ 132.108051378195512, 33.828151336372613 ], [ 132.107881503426967, 33.828183659602871 ], [ 132.10788184468791, 33.827685502488691 ], [ 132.107087831477969, 33.827675127728057 ], [ 132.107088377524406, 33.826887881794775 ], [ 132.108287817901243, 33.826799968099429 ], [ 132.106444688564522, 33.826847707547664 ], [ 132.106627762895698, 33.826140005735795 ], [ 132.106461677014835, 33.825729679552907 ], [ 132.106735143885743, 33.825535110643763 ], [ 132.106494282406686, 33.825451171647124 ], [ 132.106222389977034, 33.824951476906215 ], [ 132.106605022171436, 33.824674826388907 ], [ 132.106262607642947, 33.824598023669061 ], [ 132.106182799611958, 33.824405118058962 ], [ 132.106001260827867, 33.824468992422993 ], [ 132.10601174554435, 33.824920804141719 ], [ 132.105221850755811, 33.825153863806413 ], [ 132.104599610470871, 33.825102137289157 ], [ 132.104554388056187, 33.824888538673434 ], [ 132.104223779557344, 33.82492894953976 ], [ 132.103810905576779, 33.825179372341779 ], [ 132.103267502151283, 33.82517093060126 ], [ 132.102851418915776, 33.825376266413684 ], [ 132.10024979199676, 33.825579624584051 ], [ 132.099255469740484, 33.826098525547707 ], [ 132.099139712292015, 33.826307531386114 ], [ 132.098547514842693, 33.82651106716807 ], [ 132.095042793199525, 33.826675907789095 ], [ 132.091596819148805, 33.826388872527595 ], [ 132.088448129085521, 33.825897370875708 ], [ 132.087861850072841, 33.825526483602992 ], [ 132.087901367524694, 33.824813230982031 ], [ 132.08769529549167, 33.824518378219238 ], [ 132.086701771352296, 33.824127222886823 ], [ 132.085901794868306, 33.823547969402803 ], [ 132.085823291408701, 33.823148381519815 ], [ 132.086043217644828, 33.822454265160502 ], [ 132.085125676328374, 33.822566794439474 ], [ 132.08423547719508, 33.823031393224113 ], [ 132.0841664914837, 33.823618959329451 ], [ 132.083319765674787, 33.824634423532167 ], [ 132.082702754035239, 33.825703010233937 ], [ 132.083147152490085, 33.826245981816932 ], [ 132.083087512462157, 33.827290570900537 ], [ 132.083282642779949, 33.827755890336633 ], [ 132.084122360532746, 33.829086648102539 ], [ 132.084688422057042, 33.829565314695714 ], [ 132.085500134435108, 33.829846624287413 ], [ 132.086160353682658, 33.830911839036979 ], [ 132.088120160013716, 33.831503669439698 ], [ 132.088676103889298, 33.832462436023683 ], [ 132.08969616106404, 33.833295540743258 ], [ 132.091180443471075, 33.83385800227785 ], [ 132.093360610337982, 33.8341971393953 ], [ 132.093658663241172, 33.83507007347788 ], [ 132.095428436033274, 33.837110342113697 ], [ 132.097540487629743, 33.838304906697758 ], [ 132.098286720657711, 33.839427405108104 ], [ 132.101220536642529, 33.84098748794468 ], [ 132.101956250585545, 33.841958655699962 ], [ 132.1025463476021, 33.843564823652294 ], [ 132.10277891250459, 33.843216831185138 ] ] ] } },
{ "type": "Feature", "properties": { "CITY_NAME": "上関町", "S_NAME": "大字長島", "JINKO": 58, "medical_area": "35_柳井医療圏", "町丁目名": "上関町大字長島" }, "geometry": { "type": "Polygon", "coordinates": [ [ [ 132.086071361859098, 33.822392154527712 ], [ 132.085737842279855, 33.822070872334166 ], [ 132.085846071426346, 33.821847365806953 ], [ 132.085406576604129, 33.821656890367116 ], [ 132.085057128134366, 33.821043550461461 ], [ 132.085881128048612, 33.81892791052924 ], [ 132.085672687448834, 33.817702385132634 ], [ 132.085059246976016, 33.816395587079391 ], [ 132.085351676260842, 33.815558094711697 ], [ 132.085286760144555, 33.815670758025227 ], [ 132.084733823997283, 33.815528806800394 ], [ 132.084258074431688, 33.816020871039562 ], [ 132.082500863215529, 33.815715799333695 ], [ 132.081930355425044, 33.815877703877128 ], [ 132.079609223220302, 33.815634471165431 ], [ 132.078473141623874, 33.815337951452179 ], [ 132.076088064003727, 33.814254244911396 ], [ 132.07593701005348, 33.8140836657657 ], [ 132.076158262780552, 33.813204724415122 ], [ 132.075665828886144, 33.813071791166436 ], [ 132.076116100418403, 33.813235406245568 ], [ 132.075892829840541, 33.813981775435174 ], [ 132.075524616818825, 33.813846256470242 ], [ 132.075253825395663, 33.813521463254148 ], [ 132.075420352582313, 33.813350274202755 ], [ 132.075097162843548, 33.813556426974635 ], [ 132.074817954783327, 33.813006215116843 ], [ 132.074754875179849, 33.812377833717413 ], [ 132.074864080207107, 33.812268731034116 ], [ 132.075703758886164, 33.811891650192386 ], [ 132.07659457569963, 33.81221055773279 ], [ 132.075709253229974, 33.811799657666228 ], [ 132.075910639113772, 33.811334476047207 ], [ 132.07565585220226, 33.811205381425125 ], [ 132.075663770771484, 33.810858256979934 ], [ 132.074577748286487, 33.81025969281562 ], [ 132.073968063066928, 33.809685851999177 ], [ 132.073814076015651, 33.809234918095683 ], [ 132.074097337307649, 33.808981686111238 ], [ 132.073918082902367, 33.808940132581583 ], [ 132.073785921175386, 33.80826732860838 ], [ 132.074019795894912, 33.807728353356211 ], [ 132.074240196117103, 33.807668081157537 ], [ 132.07436947998292, 33.806949686001019 ], [ 132.075123991189258, 33.806368690779166 ], [ 132.075102610300377, 33.806153972542226 ], [ 132.075379544418325, 33.805742241414897 ], [ 132.075333484767896, 33.805359856154539 ], [ 132.074769040014957, 33.804934824347896 ], [ 132.074423489557006, 33.804861449902873 ], [ 132.074484114082964, 33.804732589069552 ], [ 132.074152721712522, 33.804545675102943 ], [ 132.073863075726848, 33.804724940668784 ], [ 132.073524270367784, 33.804396434436292 ], [ 132.073144123277103, 33.804356561325399 ], [ 132.072995331491001, 33.804113007207398 ], [ 132.073103437442001, 33.804019261736897 ], [ 132.073028218967579, 33.803652210805765 ], [ 132.07288131793905, 33.803667455838706 ], [ 132.072766148770427, 33.803287835612728 ], [ 132.072561028464918, 33.803202025051654 ], [ 132.072663854056458, 33.80298738878524 ], [ 132.071855970775516, 33.803004818039767 ], [ 132.071847144317445, 33.803169923137915 ], [ 132.071669054972062, 33.8030597581172 ], [ 132.0716904334557, 33.803266164961585 ], [ 132.070981610965362, 33.803556959140067 ], [ 132.070016373458856, 33.803249651331271 ], [ 132.069943790249113, 33.803458661460553 ], [ 132.06946962731854, 33.803472799452436 ], [ 132.069421890309286, 33.803664782361508 ], [ 132.069279377009195, 33.803623251703627 ], [ 132.068805893004736, 33.803996070181519 ], [ 132.068528239428389, 33.804074320554562 ], [ 132.068187195571994, 33.803838778802458 ], [ 132.068178370932145, 33.80400641937986 ], [ 132.067770951010118, 33.804217133961465 ], [ 132.06733481665546, 33.804034624644508 ], [ 132.066612829262681, 33.804475844487904 ], [ 132.064529956760822, 33.803983592943474 ], [ 132.064203515360504, 33.803281031483863 ], [ 132.064524639548267, 33.802973754042974 ], [ 132.064181385133651, 33.802803989983602 ], [ 132.063944599066161, 33.803028357902456 ], [ 132.063876753708797, 33.802852482115739 ], [ 132.064049688426564, 33.802743442718203 ], [ 132.063839492272621, 33.802391629160731 ], [ 132.063769098298962, 33.802554852018538 ], [ 132.063227344676193, 33.802199942930095 ], [ 132.063033906406815, 33.802290930112207 ], [ 132.063269989066555, 33.802672492719786 ], [ 132.062428588605343, 33.802708696638923 ], [ 132.061385628586294, 33.802411256670943 ], [ 132.060262403190961, 33.802398601136794 ], [ 132.059259627707632, 33.801914372627614 ], [ 132.059001766674953, 33.802583616675122 ], [ 132.059455187056159, 33.802878028518322 ], [ 132.060029532668608, 33.802907684820745 ], [ 132.060881051341823, 33.803325566538383 ], [ 132.061057694046696, 33.804210591484562 ], [ 132.062347567426201, 33.804281846079142 ], [ 132.062766936936725, 33.805213282693835 ], [ 132.062614301243855, 33.805483363533121 ], [ 132.063690557910718, 33.806436760964012 ], [ 132.064986624266623, 33.808061626396679 ], [ 132.065703004748229, 33.808788171836461 ], [ 132.067016344543219, 33.809228924959946 ], [ 132.06744412336343, 33.809804203292629 ], [ 132.067659934748008, 33.809799022014303 ], [ 132.0677358717424, 33.810005754680169 ], [ 132.06743653137238, 33.810922084966393 ], [ 132.067106302091105, 33.811064813913774 ], [ 132.067315319473892, 33.811467619241149 ], [ 132.067165336254675, 33.812201351662949 ], [ 132.06748160517887, 33.813197641849463 ], [ 132.067951145896984, 33.813341012161366 ], [ 132.068160242773104, 33.813675069719203 ], [ 132.068560062983693, 33.813739065640327 ], [ 132.068635673585135, 33.814242356349503 ], [ 132.07059864613575, 33.815703572540436 ], [ 132.071216368201419, 33.81679814001852 ], [ 132.071234631619518, 33.817529332327098 ], [ 132.073649850853229, 33.818227695848108 ], [ 132.074368417222331, 33.817941681541662 ], [ 132.074900557589217, 33.817942079350708 ], [ 132.076299484082028, 33.818756848540225 ], [ 132.077833317511249, 33.820319922092146 ], [ 132.079727082778049, 33.821694583688647 ], [ 132.079901423160152, 33.823124792531146 ], [ 132.081766833508283, 33.824876812573784 ], [ 132.081744522333395, 33.825243509621878 ], [ 132.082702754035239, 33.825703010233937 ], [ 132.083319765674787, 33.824634423532167 ], [ 132.0841664914837, 33.823618959329451 ], [ 132.08423547719508, 33.823031393224113 ], [ 132.085125676328374, 33.822566794439474 ], [ 132.086071361859098, 33.822392154527712 ] ] ] } },
{ "type": "Feature", "properties": { "CITY_NAME": "上関町", "S_NAME": "大字長島", "JINKO": 0, "medical_area": "35_柳井医療圏", "町丁目名": "上関町大字長島" }, "geometry": { "type": "Polygon", "coordinates": [ [ [ 132.042334584828239, 33.826092210668655 ], [ 132.043082447802533, 33.825914463100005 ], [ 132.043262351780555, 33.825519754820611 ], [ 132.042298653868414, 33.825534992409985 ], [ 132.041873692017845, 33.82580420997332 ], [ 132.042334584828239, 33.826092210668655 ] ] ] } },
{ "type": "Feature", "properties": { "CITY_NAME": "上関町", "S_NAME": "大字長島", "JINKO": 0, "medical_area": "35_柳井医療圏", "町丁目名": "上関町大字長島" }, "geometry": { "type": "Polygon", "coordinates": [ [ [ 132.038566430608768, 33.823800053338218 ], [ 132.038517109249966, 33.823549376421084 ], [ 132.038267442869682, 33.823620403950855 ], [ 132.037623016057836, 33.823263589454392 ], [ 132.037438854722836, 33.823604186209501 ], [ 132.037291924141954, 33.823611217796049 ], [ 132.037314369014098, 33.823770858474511 ], [ 132.038318560110241, 33.824119031434833 ], [ 132.038566430608768, 33.823800053338218 ] ] ] } },
{ "type": "Feature", "properties": { "CITY_NAME": "上関町", "S_NAME": "大字長島", "JINKO": 161, "medical_area": "35_柳井医療圏", "町丁目名": "上関町大字長島" }, "geometry": { "type": "Polygon", "coordinates": [ [ [ 132.078103972683579, 33.833429701870841 ], [ 132.079536921645683, 33.832837178144679 ], [ 132.080813555810693, 33.832057721940153 ], [ 132.082729566217722, 33.829714051316991 ], [ 132.083343521010249, 33.829324221684523 ], [ 132.084122360532746, 33.829086648102539 ], [ 132.083507064382644, 33.82827828370295 ], [ 132.083087512462157, 33.827290570900537 ], [ 132.083083724259524, 33.826111398770671 ], [ 132.082702754035239, 33.825703010233937 ], [ 132.081744522333395, 33.825243509621878 ], [ 132.081766833508283, 33.824876812573784 ], [ 132.079901423160152, 33.823124792531146 ], [ 132.079727082778049, 33.821694583688647 ], [ 132.077833317511249, 33.820319922092146 ], [ 132.076299484082028, 33.818756848540225 ], [ 132.074900557589217, 33.817942079350708 ], [ 132.074368417222331, 33.817941681541662 ], [ 132.073649850853229, 33.818227695848108 ], [ 132.071234631619518, 33.817529332327098 ], [ 132.071216368201419, 33.81679814001852 ], [ 132.07059864613575, 33.815703572540436 ], [ 132.068635673585135, 33.814242356349503 ], [ 132.068560062983693, 33.813739065640327 ], [ 132.068160242773104, 33.813675069719203 ], [ 132.067951145896984, 33.813341012161366 ], [ 132.067481605178841, 33.813197641849428 ], [ 132.067165336254675, 33.812201351662949 ], [ 132.067315319473892, 33.811467619241149 ], [ 132.067106302091105, 33.811064813913774 ], [ 132.06743653137238, 33.810922084966393 ], [ 132.0677358717424, 33.810005754680127 ], [ 132.067659934747979, 33.809799022014282 ], [ 132.06744412336343, 33.809804203292629 ], [ 132.067016344543219, 33.809228924959903 ], [ 132.065703004748229, 33.808788171836433 ], [ 132.064986624266595, 33.808061626396679 ], [ 132.063690557910718, 33.806436760964012 ], [ 132.062614301243855, 33.805483363533099 ], [ 132.062766936936669, 33.805213282693835 ], [ 132.062347567426201, 33.804281846079142 ], [ 132.061057694046667, 33.804210591484541 ], [ 132.060881051341795, 33.803325566538383 ], [ 132.060029532668551, 33.802907684820745 ], [ 132.059455187056102, 33.802878028518322 ], [ 132.059001766674953, 33.802583616675122 ], [ 132.058742704302261, 33.803325977211856 ], [ 132.058879508798782, 33.803625327666907 ], [ 132.05883658110929, 33.804280810093687 ], [ 132.058649601543237, 33.804386167723052 ], [ 132.05876684980592, 33.804782146269858 ], [ 132.058555493659298, 33.805386905846063 ], [ 132.058814219189827, 33.805792023616469 ], [ 132.059583602702332, 33.806384107132025 ], [ 132.059312834758856, 33.806995156843421 ], [ 132.058341573532829, 33.807193661944815 ], [ 132.057720097331185, 33.807530247082227 ], [ 132.057857199822195, 33.807589960390324 ], [ 132.057486191783909, 33.808020590132287 ], [ 132.057655550473385, 33.808200080929431 ], [ 132.057456707868511, 33.808278376747666 ], [ 132.057563511078314, 33.808385821905127 ], [ 132.057260621425854, 33.808754242367066 ], [ 132.058183589742669, 33.809191499779345 ], [ 132.057961794059565, 33.809491523827042 ], [ 132.058004713035871, 33.809724156557984 ], [ 132.057788528512532, 33.809852027955444 ], [ 132.058043316294402, 33.809949600007926 ], [ 132.058007183441674, 33.810348120502205 ], [ 132.057777091207299, 33.810367783629822 ], [ 132.057697922702573, 33.810627358178998 ], [ 132.057529362673762, 33.810668770955211 ], [ 132.057952221706017, 33.811123481931681 ], [ 132.057718712347111, 33.811286559482966 ], [ 132.057781149995094, 33.81145609348377 ], [ 132.058066294048757, 33.811464373332882 ], [ 132.057900770838472, 33.811677099804186 ], [ 132.058196847025641, 33.811588039281709 ], [ 132.058264450605748, 33.811951432959582 ], [ 132.05814340231592, 33.812007257055662 ], [ 132.058280453632818, 33.812114728523213 ], [ 132.058003383533702, 33.812566154338626 ], [ 132.058428800516879, 33.812699940926791 ], [ 132.057968187545242, 33.813079215481451 ], [ 132.05795581652913, 33.813473251867748 ], [ 132.057770927358433, 33.813621861320669 ], [ 132.058019087711358, 33.813851997688332 ], [ 132.058354989286499, 33.813878353444288 ], [ 132.058046995174919, 33.813993467490761 ], [ 132.058325549874951, 33.814110078524919 ], [ 132.058448270704474, 33.81445013350065 ], [ 132.05910169174723, 33.814530017438287 ], [ 132.058618580391652, 33.814745148128075 ], [ 132.058745893281525, 33.814875997225016 ], [ 132.058480072247107, 33.814946065499889 ], [ 132.058216868527012, 33.815532749825131 ], [ 132.058928722431091, 33.815539709291123 ], [ 132.059233001250163, 33.814924177919316 ], [ 132.05965218729952, 33.814865932857344 ], [ 132.060381095980659, 33.815055905004357 ], [ 132.060932419748639, 33.815617228788007 ], [ 132.060590506166704, 33.816087482371472 ], [ 132.060538106134288, 33.816550093991189 ], [ 132.060300257831045, 33.816716694235417 ], [ 132.060376635170769, 33.816979927371193 ], [ 132.060095611720214, 33.817116763493274 ], [ 132.060201025093562, 33.817499207856855 ], [ 132.059989173796538, 33.817598206498708 ], [ 132.059803543093523, 33.818358950573248 ], [ 132.060027047601551, 33.818344349974637 ], [ 132.059998534875092, 33.818800078540505 ], [ 132.060551555945892, 33.81885916053448 ], [ 132.060604223856444, 33.819084616767206 ], [ 132.060343589448848, 33.819324174881054 ], [ 132.06134800144568, 33.819518040866654 ], [ 132.061471933175852, 33.819770606629767 ], [ 132.061622156947294, 33.819717481324837 ], [ 132.061493774934803, 33.81957043195159 ], [ 132.061601880888503, 33.819502900384101 ], [ 132.063240703510303, 33.819448350264715 ], [ 132.064023490437648, 33.81886293252866 ], [ 132.064908441065626, 33.818661778317832 ], [ 132.065609300958585, 33.818862545954033 ], [ 132.065957270494977, 33.818750968520071 ], [ 132.0662636785666, 33.819086657249962 ], [ 132.066727341261526, 33.818882330696589 ], [ 132.067107496998716, 33.818968293066973 ], [ 132.067474462426588, 33.819257959595582 ], [ 132.067649940373911, 33.819801904391788 ], [ 132.067468125936983, 33.820101977870301 ], [ 132.067523989656934, 33.820376038643403 ], [ 132.067087235530863, 33.820674216519805 ], [ 132.067586587538273, 33.821413965827624 ], [ 132.067360485137414, 33.821702310830432 ], [ 132.067482329876611, 33.821916971804065 ], [ 132.067195701404728, 33.822234148638202 ], [ 132.067207214632532, 33.822565090094955 ], [ 132.067694657379974, 33.822355285356728 ], [ 132.068231977451489, 33.822975171856051 ], [ 132.068635821421537, 33.823144974428978 ], [ 132.069555037618812, 33.823269253159971 ], [ 132.068668270835332, 33.823108088521437 ], [ 132.068336827659522, 33.822912140171688 ], [ 132.068083406908897, 33.822499859049856 ], [ 132.068231689944042, 33.822243994023594 ], [ 132.069064560455843, 33.822286073463239 ], [ 132.06906168501078, 33.82194076920954 ], [ 132.068346538526953, 33.821941048696843 ], [ 132.068297405830805, 33.821421717917794 ], [ 132.068658369837465, 33.821289434310536 ], [ 132.06876811131724, 33.821703432701199 ], [ 132.068723095797708, 33.821373310936636 ], [ 132.069178068220367, 33.821210528158069 ], [ 132.069429855546616, 33.821672116297989 ], [ 132.070406551527526, 33.821994513527486 ], [ 132.070306819871661, 33.822364674250856 ], [ 132.070115575048931, 33.822392419204043 ], [ 132.070371523418089, 33.822471936540232 ], [ 132.07035618620003, 33.82266760883779 ], [ 132.071157839642808, 33.822605115447942 ], [ 132.071770646528165, 33.822344955584818 ], [ 132.072008136543303, 33.822512927868246 ], [ 132.072313904648126, 33.822469911222349 ], [ 132.072748681011319, 33.823027431283727 ], [ 132.073266113912723, 33.823055718883069 ], [ 132.073542451561025, 33.823261473785593 ], [ 132.073504305094019, 33.823587869626678 ], [ 132.074055720058823, 33.824184354917783 ], [ 132.073934523151252, 33.824390657083669 ], [ 132.07367196687602, 33.824423848321807 ], [ 132.073975254412773, 33.82470090879022 ], [ 132.074131077109541, 33.82444222484051 ], [ 132.074378471586357, 33.824441564544287 ], [ 132.074685048799665, 33.824670726173991 ], [ 132.075588088154063, 33.824762542740423 ], [ 132.076358907323026, 33.825281551051894 ], [ 132.076526957135798, 33.825762219991319 ], [ 132.076170076197997, 33.826136988697925 ], [ 132.076320157709233, 33.826219231354173 ], [ 132.076294044234118, 33.826405739711717 ], [ 132.076838550386924, 33.826382747383668 ], [ 132.076926946315439, 33.82657666426006 ], [ 132.07719268284157, 33.826602074601787 ], [ 132.077201112209963, 33.826814952101245 ], [ 132.076802284772782, 33.827002177525586 ], [ 132.076783768807019, 33.827150935106516 ], [ 132.076192664944671, 33.827314634585747 ], [ 132.076082203516847, 33.827578706876707 ], [ 132.07677893915681, 33.827662191410518 ], [ 132.077741874876637, 33.827305748562139 ], [ 132.078357586564948, 33.827387334351698 ], [ 132.078909889097133, 33.828236251831804 ], [ 132.079007614251736, 33.828846619443873 ], [ 132.07887885815191, 33.829049398360915 ], [ 132.079177627774129, 33.829560868125967 ], [ 132.079145479534503, 33.830408389071671 ], [ 132.078999485079322, 33.83055888777016 ], [ 132.079160267063912, 33.830764548019062 ], [ 132.079006531499118, 33.831098047493214 ], [ 132.078588439926421, 33.831081550266653 ], [ 132.078356976526663, 33.831354556839727 ], [ 132.078238187393083, 33.831300374106796 ], [ 132.078379534704652, 33.831489819074733 ], [ 132.078271318680805, 33.831673732506964 ], [ 132.078582550674753, 33.831586465473237 ], [ 132.078780925254307, 33.832022071394313 ], [ 132.078281478332769, 33.83233912302159 ], [ 132.078406254253593, 33.832908091467388 ], [ 132.078280786145939, 33.833054097146018 ], [ 132.078154520290639, 33.832907067012684 ], [ 132.07822566312737, 33.833076599055552 ], [ 132.077924118355099, 33.833195428318326 ], [ 132.078089237568349, 33.833380382331136 ], [ 132.077887199329069, 33.833387424533967 ], [ 132.078103972683579, 33.833429701870841 ] ] ] } },
{ "type": "Feature", "properties": { "CITY_NAME": "上関町", "S_NAME": "大字長島", "JINKO": 0, "medical_area": "35_柳井医療圏", "町丁目名": "上関町大字長島" }, "geometry": { "type": "Polygon", "coordinates": [ [ [ 132.039839883578225, 33.825317094316276 ], [ 132.039569208832347, 33.825278215186152 ], [ 132.039447779597339, 33.825484339193814 ], [ 132.03974552735815, 33.825623834275284 ], [ 132.039839883578225, 33.825317094316276 ] ] ] } },
{ "type": "Feature", "properties": { "CITY_NAME": "上関町", "S_NAME": "大字長島", "JINKO": 0, "medical_area": "35_柳井医療圏", "町丁目名": "上関町大字長島" }, "geometry": { "type": "Polygon", "coordinates": [ [ [ 132.041210016415192, 33.826035288217518 ], [ 132.041444361538339, 33.826101315881402 ], [ 132.04169872947503, 33.82576430535439 ], [ 132.041189721843693, 33.825871141595705 ], [ 132.040992297464072, 33.825677935492983 ], [ 132.040186426810465, 33.825630202745195 ], [ 132.039407299381651, 33.825757464352066 ], [ 132.039212574137764, 33.825935759913065 ], [ 132.040234073432288, 33.82629746018322 ], [ 132.041210016415192, 33.826035288217518 ] ] ] } },
{ "type": "Feature", "properties": { "CITY_NAME": "上関町", "S_NAME": "大字長島", "JINKO": 89, "medical_area": "35_柳井医療圏", "町丁目名": "上関町大字長島" }, "geometry": { "type": "Polygon", "coordinates": [ [ [ 132.058742704302261, 33.803325977211856 ], [ 132.059259627707632, 33.801914372627614 ], [ 132.058912161928475, 33.80166161225096 ], [ 132.058912646792095, 33.801267568412186 ], [ 132.0586590884283, 33.801064478845817 ], [ 132.058436324909707, 33.80041242631016 ], [ 132.058722337243807, 33.799697703214704 ], [ 132.059283017361793, 33.799578300597105 ], [ 132.058926715315323, 33.79949416737243 ], [ 132.059171116556712, 33.799231917408441 ], [ 132.059019027572958, 33.799078506455814 ], [ 132.059151127753466, 33.798795591325018 ], [ 132.058945049405509, 33.798633961643382 ], [ 132.05908234597257, 33.798525039504149 ], [ 132.058230868354997, 33.798000357960021 ], [ 132.058128660845711, 33.797683848709092 ], [ 132.057300047458199, 33.797027597113996 ], [ 132.057285147608269, 33.796848101448923 ], [ 132.056612566686084, 33.796651960695385 ], [ 132.056001982660575, 33.796113106045922 ], [ 132.055825633070668, 33.795504339087721 ], [ 132.056235845958327, 33.794788753234243 ], [ 132.056411961398481, 33.794721290094628 ], [ 132.056394003650183, 33.794399372369611 ], [ 132.055725949788268, 33.794059825144437 ], [ 132.055562360387086, 33.793614228096004 ], [ 132.055590840794366, 33.793293337171619 ], [ 132.056323038630353, 33.793288640524224 ], [ 132.055766918693251, 33.793252922994512 ], [ 132.055703407530103, 33.792236725735251 ], [ 132.05602840201874, 33.792289282615769 ], [ 132.056062783179812, 33.792430893477842 ], [ 132.056076018480155, 33.79220465802463 ], [ 132.055552264062811, 33.792201512370738 ], [ 132.055732080726528, 33.791770592509877 ], [ 132.056090879234887, 33.791558190049223 ], [ 132.05613716092401, 33.791679103820229 ], [ 132.056732173977196, 33.791687663467009 ], [ 132.056318847417373, 33.792325606507028 ], [ 132.056393171324288, 33.792480777074786 ], [ 132.056576138370872, 33.792115788728971 ], [ 132.056609576686952, 33.793003902788655 ], [ 132.056759418299265, 33.793222253560415 ], [ 132.056639921130483, 33.792056395686423 ], [ 132.056890187774741, 33.791413799820972 ], [ 132.057782946559058, 33.79079332299991 ], [ 132.057625702071704, 33.79045691248686 ], [ 132.057984524461347, 33.790205622565232 ], [ 132.057702982138011, 33.78908836607561 ], [ 132.05707195363874, 33.788532333303223 ], [ 132.056680921103293, 33.788631164029816 ], [ 132.055396383392377, 33.788245003365716 ], [ 132.054900251902154, 33.7877757209721 ], [ 132.053634462794662, 33.787110201977988 ], [ 132.053851657984524, 33.786991358693705 ], [ 132.053322585196611, 33.786958334776863 ], [ 132.053324535924588, 33.787120625872397 ], [ 132.052731881461426, 33.786985827665688 ], [ 132.052347296857647, 33.786288558457507 ], [ 132.051436652388247, 33.785747594439542 ], [ 132.051291253028893, 33.785464297664376 ], [ 132.050612121315964, 33.785410554273405 ], [ 132.04980128917606, 33.784527061678403 ], [ 132.049126501177653, 33.784464299941931 ], [ 132.048901524801494, 33.784746262215585 ], [ 132.048470546514238, 33.784853060857408 ], [ 132.048475752159618, 33.784995632731153 ], [ 132.047856519058371, 33.78536103861633 ], [ 132.047057460131043, 33.786928210545334 ], [ 132.046423615989653, 33.786910393266361 ], [ 132.045777267549397, 33.78734519930287 ], [ 132.045820079423066, 33.787619389135408 ], [ 132.046100545767331, 33.78782971580349 ], [ 132.045902446072688, 33.788181994152055 ], [ 132.045527508619671, 33.788346730109929 ], [ 132.044643283471885, 33.78823131355599 ], [ 132.044333787913644, 33.788699847198806 ], [ 132.044150234769717, 33.788685153343174 ], [ 132.044270947736777, 33.788851228854945 ], [ 132.044171289098955, 33.789073858435444 ], [ 132.04379514021457, 33.789334953415334 ], [ 132.043713798045587, 33.789588172747315 ], [ 132.04239136652933, 33.790084573721003 ], [ 132.041133307517782, 33.790110349129918 ], [ 132.04082788636569, 33.789986484528562 ], [ 132.040815171316098, 33.789811637593687 ], [ 132.040205153364127, 33.789743388968553 ], [ 132.038988418491726, 33.788797084814746 ], [ 132.039161706814895, 33.788432095376685 ], [ 132.039013145637654, 33.788108329626432 ], [ 132.039290657065408, 33.788115805272426 ], [ 132.039176623567329, 33.787805460891697 ], [ 132.038949713436352, 33.787907222516054 ], [ 132.03857958495999, 33.787725514843146 ], [ 132.038536246607151, 33.787828314591032 ], [ 132.03770663220584, 33.787275590919066 ], [ 132.03744640343777, 33.787261788649815 ], [ 132.0371822544829, 33.786969310652275 ], [ 132.036654543617658, 33.786738818492154 ], [ 132.03630240794925, 33.786810572658901 ], [ 132.036331345404051, 33.786966705903801 ], [ 132.035846441103843, 33.787003094128657 ], [ 132.035574869332862, 33.787382350320819 ], [ 132.035257403385941, 33.787373975583492 ], [ 132.035336920735489, 33.78765358201079 ], [ 132.034904510722811, 33.787988570267316 ], [ 132.034779393243014, 33.787890097180039 ], [ 132.034502414203899, 33.788267663600337 ], [ 132.033110197734374, 33.788487085610583 ], [ 132.033097945408059, 33.788745743052985 ], [ 132.032988265302777, 33.788418341282437 ], [ 132.032493469624058, 33.788581097559067 ], [ 132.032478107780435, 33.788756909608203 ], [ 132.033310351308387, 33.78897420993296 ], [ 132.033545542050177, 33.789888683593325 ], [ 132.034026319336988, 33.790473458867837 ], [ 132.034044208444243, 33.791563666949173 ], [ 132.033657770371917, 33.792217821953578 ], [ 132.03309152177161, 33.792506743314277 ], [ 132.0321659453775, 33.792603106467695 ], [ 132.031300176585688, 33.792408310921601 ], [ 132.031080427846206, 33.792785937167082 ], [ 132.03028327275473, 33.792941035390065 ], [ 132.029314728870361, 33.792877704391209 ], [ 132.028748193149426, 33.793354133671514 ], [ 132.028192063490593, 33.793355352869973 ], [ 132.027951011402536, 33.793525421539428 ], [ 132.02821103235317, 33.793686182662114 ], [ 132.027886521320852, 33.794069044209451 ], [ 132.028073271418975, 33.794113489263864 ], [ 132.027886106075357, 33.794356740004346 ], [ 132.028092983747996, 33.794667207876344 ], [ 132.029228949789484, 33.794705367051073 ], [ 132.029667960910075, 33.795042143342023 ], [ 132.030238190548516, 33.795004021001205 ], [ 132.030309017389527, 33.795284447869953 ], [ 132.031074386620418, 33.7961237878799 ], [ 132.031368367514887, 33.795960120932456 ], [ 132.031771048539269, 33.796038036295656 ], [ 132.031877319167052, 33.795757800987168 ], [ 132.031743443214197, 33.795736807399841 ], [ 132.031930649730015, 33.79549089131843 ], [ 132.032883076112881, 33.795507263030856 ], [ 132.033164401097196, 33.795151418661106 ], [ 132.033621440540998, 33.794986932641272 ], [ 132.033653635523706, 33.795115871303857 ], [ 132.033752183093441, 33.7949743915581 ], [ 132.034406968642173, 33.794974377073842 ], [ 132.034474351759997, 33.795105887799501 ], [ 132.03452206952602, 33.79497703317363 ], [ 132.034771472513654, 33.795004343459823 ], [ 132.034851110064977, 33.795183907837973 ], [ 132.0349140007784, 33.794974344975302 ], [ 132.035309027623668, 33.79515099423579 ], [ 132.035676320592216, 33.79505937834471 ], [ 132.036291521419429, 33.795269216296496 ], [ 132.036936514431176, 33.795773803376676 ], [ 132.037455750925233, 33.795891544080654 ], [ 132.038442126498268, 33.795586972296661 ], [ 132.038855257992566, 33.795901128452442 ], [ 132.038998014354519, 33.795751657311293 ], [ 132.039409252496796, 33.795886327773253 ], [ 132.039459639904379, 33.796136159356251 ], [ 132.040358186318628, 33.796069431961683 ], [ 132.042245615023887, 33.795453667913371 ], [ 132.043316838873409, 33.795457385904236 ], [ 132.044042036969557, 33.795793524764427 ], [ 132.044186946430159, 33.795642216316281 ], [ 132.044458767537265, 33.795861548355816 ], [ 132.044582023623008, 33.795757132775456 ], [ 132.044658451453955, 33.795927531516597 ], [ 132.045262092679593, 33.79593627924671 ], [ 132.045519882852886, 33.796147425500259 ], [ 132.045420123986105, 33.796448535708961 ], [ 132.045663898718146, 33.796646284782227 ], [ 132.04646801246642, 33.796937264006353 ], [ 132.046740231457051, 33.796875391227985 ], [ 132.047180747926092, 33.797718845744754 ], [ 132.046979337093177, 33.798909675255764 ], [ 132.047763418810405, 33.798884355667191 ], [ 132.048281331759227, 33.798443889872608 ], [ 132.048818076315371, 33.798457927043863 ], [ 132.04977433105546, 33.798933044323306 ], [ 132.049731395610308, 33.798734641610103 ], [ 132.050169270038907, 33.798379890109231 ], [ 132.051190694312311, 33.79857202527009 ], [ 132.051942503388005, 33.798472556973124 ], [ 132.052247454719463, 33.798175296639116 ], [ 132.05262430545767, 33.798231574775478 ], [ 132.052632693320419, 33.798423604582332 ], [ 132.052794617300464, 33.798482360596104 ], [ 132.053068166691446, 33.798242831076173 ], [ 132.054218383002507, 33.798230357294706 ], [ 132.054716895115376, 33.798582450202389 ], [ 132.055177271294468, 33.799201336350578 ], [ 132.055041857296857, 33.799524960408313 ], [ 132.054713356930847, 33.799658924673579 ], [ 132.054674260222896, 33.799831187090426 ], [ 132.054846883682444, 33.799971942958365 ], [ 132.054699775559385, 33.800143122215509 ], [ 132.055344430752541, 33.800238375564035 ], [ 132.055488706005946, 33.80059465378401 ], [ 132.055883828994752, 33.800723914749341 ], [ 132.055821954740793, 33.800969133676368 ], [ 132.056659060447004, 33.800905919047985 ], [ 132.056923338307371, 33.80116946122223 ], [ 132.056810445357655, 33.801628211581445 ], [ 132.056474267112293, 33.801849802287379 ], [ 132.056860086735838, 33.802523557536723 ], [ 132.057083516995931, 33.802629274573192 ], [ 132.056992703924891, 33.802704988577808 ], [ 132.05765879307333, 33.802951694822383 ], [ 132.057806965444456, 33.80278051311393 ], [ 132.058214121464317, 33.802802565644022 ], [ 132.058404693685929, 33.80328778551862 ], [ 132.058742704302261, 33.803325977211856 ] ] ] } },
{ "type": "Feature", "properties": { "CITY_NAME": "上関町", "S_NAME": "大字長島", "JINKO": 0, "medical_area": "35_柳井医療圏", "町丁目名": "上関町大字長島" }, "geometry": { "type": "Polygon", "coordinates": [ [ [ 132.028764661687973, 33.787166706722346 ], [ 132.029459033669781, 33.787137750707039 ], [ 132.029102889223793, 33.786998438366034 ], [ 132.028764661687973, 33.787166706722346 ] ] ] } },
{ "type": "Feature", "properties": { "CITY_NAME": "上関町", "S_NAME": "大字長島", "JINKO": 0, "medical_area": "35_柳井医療圏", "町丁目名": "上関町大字長島" }, "geometry": { "type": "Polygon", "coordinates": [ [ [ 132.028674883061058, 33.785860039351554 ], [ 132.028435181259681, 33.78584723257444 ], [ 132.028479053587347, 33.785423508726481 ], [ 132.028105390214336, 33.785455493418681 ], [ 132.028025298444021, 33.785568109199261 ], [ 132.028198000759176, 33.785610708183491 ], [ 132.027883669661691, 33.785677979115654 ], [ 132.027609515671799, 33.785601031328532 ], [ 132.027417776764537, 33.785312289325269 ], [ 132.027216836765831, 33.785373346519044 ], [ 132.026874100229975, 33.784977222662 ], [ 132.025897742740966, 33.784444144696558 ], [ 132.025629692786737, 33.784597118816315 ], [ 132.025031584403081, 33.784537828248247 ], [ 132.024948581318512, 33.78445024489352 ], [ 132.025127250472849, 33.784144735679348 ], [ 132.024853495117412, 33.78382983311333 ], [ 132.024611611393453, 33.783839416644739 ], [ 132.024549436813317, 33.784218035936654 ], [ 132.024368986277523, 33.784291791429787 ], [ 132.023884762929896, 33.783928743910025 ], [ 132.022791683529135, 33.784122176247728 ], [ 132.022506113170465, 33.784394105764193 ], [ 132.022304942416781, 33.78436897744244 ], [ 132.022789524605741, 33.784765158989678 ], [ 132.023584104630942, 33.784864275217458 ], [ 132.023627986614684, 33.785096922635859 ], [ 132.023959173760232, 33.785288481576785 ], [ 132.025302747712601, 33.785116881632213 ], [ 132.025388885668747, 33.785267582333567 ], [ 132.026107909347161, 33.785346028295329 ], [ 132.026783076194818, 33.785834526686514 ], [ 132.027277460618251, 33.785946945803495 ], [ 132.027571432436787, 33.785780472636048 ], [ 132.027581874105579, 33.786001387256583 ], [ 132.028024478863358, 33.786077537368541 ], [ 132.028247675234581, 33.786282488870775 ], [ 132.028516664082076, 33.786215166369601 ], [ 132.028496517759606, 33.785981562164764 ], [ 132.028674883061058, 33.785860039351554 ] ] ] } },
{ "type": "Feature", "properties": { "CITY_NAME": "上関町", "S_NAME": "大字長島", "JINKO": 0, "medical_area": "35_柳井医療圏", "町丁目名": "上関町大字長島" }, "geometry": { "type": "Polygon", "coordinates": [ [ [ 132.052683229728245, 33.779608757411779 ], [ 132.053002109094649, 33.779334900967136 ], [ 132.052858575145734, 33.779274475118712 ], [ 132.052937512220439, 33.779191569633412 ], [ 132.053078931458543, 33.779207898894171 ], [ 132.052818074115976, 33.778871388110794 ], [ 132.052810722811699, 33.777909295462869 ], [ 132.053436724792761, 33.777294033790476 ], [ 132.054358197945135, 33.776938694648052 ], [ 132.054236284378987, 33.776871803513991 ], [ 132.054477215423191, 33.776754799507472 ], [ 132.054333715249811, 33.776682535296658 ], [ 132.054650418048169, 33.776423159584581 ], [ 132.05422063370392, 33.776471522462529 ], [ 132.054342337798545, 33.775893560933007 ], [ 132.054583300089035, 33.775759509840228 ], [ 132.054571856756695, 33.775435734617169 ], [ 132.054928211314433, 33.775393645865975 ], [ 132.054666940621502, 33.775381718217609 ], [ 132.054489140136923, 33.775125421922922 ], [ 132.054387541913826, 33.775209300935437 ], [ 132.054333850807126, 33.77499369091457 ], [ 132.054105810138196, 33.775155790653322 ], [ 132.053973233437546, 33.774992521411271 ], [ 132.05368163879578, 33.775050868219708 ], [ 132.052839179644536, 33.774490065779268 ], [ 132.052477316093729, 33.773826143833709 ], [ 132.052658008044943, 33.7735467834354 ], [ 132.05261297531294, 33.773317655250281 ], [ 132.052821537632639, 33.773188086712523 ], [ 132.052508471087719, 33.773161594482829 ], [ 132.052719422346541, 33.772858874594284 ], [ 132.052409473070213, 33.772919877541867 ], [ 132.052054863611744, 33.772483074837801 ], [ 132.052110098114184, 33.772363228215561 ], [ 132.05195672995464, 33.772402818682458 ], [ 132.052074599306906, 33.772263164216099 ], [ 132.051865157733431, 33.772259307748776 ], [ 132.051849205163137, 33.772084308159862 ], [ 132.05202116029065, 33.771869890434701 ], [ 132.051768417204386, 33.771949964902923 ], [ 132.051628367690256, 33.771729765342805 ], [ 132.051529760469776, 33.771983980845938 ], [ 132.051386594737409, 33.771677271561714 ], [ 132.051226663542934, 33.771781664447573 ], [ 132.051158811990433, 33.771663535051765 ], [ 132.050986946507834, 33.771804970138405 ], [ 132.051075280433082, 33.771948337979687 ], [ 132.050583911852783, 33.772039036451211 ], [ 132.050334950967766, 33.772496838331385 ], [ 132.05014591506847, 33.772565134933288 ], [ 132.050168348586652, 33.772732955627482 ], [ 132.049768483296276, 33.773011121884281 ], [ 132.049103951272372, 33.773392872862026 ], [ 132.048878419458589, 33.773313338765654 ], [ 132.048844670775594, 33.773506186356848 ], [ 132.047685706236308, 33.773844208924316 ], [ 132.047709227195298, 33.774762978788502 ], [ 132.047284196071956, 33.775143853153864 ], [ 132.047447263088799, 33.775206310732699 ], [ 132.047396316298858, 33.775323436159482 ], [ 132.047563986254346, 33.775162405742414 ], [ 132.049329149546423, 33.77525058263921 ], [ 132.050465518430485, 33.77486757883554 ], [ 132.050952090415819, 33.775126704807299 ], [ 132.051263531811088, 33.775552621174604 ], [ 132.051203776370983, 33.775820397958675 ], [ 132.051049350566188, 33.77583561224246 ], [ 132.051114919486508, 33.776050248415686 ], [ 132.051408376834843, 33.776210147657551 ], [ 132.051409122980488, 33.77644726622632 ], [ 132.051825797661934, 33.776508936604095 ], [ 132.052051659353396, 33.777142162154668 ], [ 132.051948090318916, 33.777862578857381 ], [ 132.051384324076338, 33.777980126456548 ], [ 132.051414267114467, 33.778186699252387 ], [ 132.051747558426541, 33.778434959995415 ], [ 132.051348541939831, 33.778892583871624 ], [ 132.051684179113607, 33.77900911660678 ], [ 132.051734575195781, 33.779276969550033 ], [ 132.051905130074488, 33.779307837233134 ], [ 132.051773141676421, 33.779504239596584 ], [ 132.052683229728245, 33.779608757411779 ] ] ] } },
{ "type": "Feature", "properties": { "CITY_NAME": "上関町", "S_NAME": "大字祝島", "JINKO": 0, "medical_area": "35_柳井医療圏", "町丁目名": "上関町大字祝島" }, "geometry": { "type": "Polygon", "coordinates": [ [ [ 132.014401010936268, 33.732869291958863 ], [ 132.014023180745852, 33.732326981036103 ], [ 132.014015128070724, 33.731998708864865 ], [ 132.013573919831259, 33.731913490685365 ], [ 132.013548470078206, 33.732265108220751 ], [ 132.013936312905855, 33.732631607890163 ], [ 132.013742203368366, 33.732554725918931 ], [ 132.013802266057695, 33.73276753735108 ], [ 132.014401010936268, 33.732869291958863 ] ] ] } },
{ "type": "Feature", "properties": { "CITY_NAME": "上関町", "S_NAME": "大字祝島", "JINKO": 0, "medical_area": "35_柳井医療圏", "町丁目名": "上関町大字祝島" }, "geometry": { "type": "Polygon", "coordinates": [ [ [ 132.031141090982572, 33.740188714615947 ], [ 132.030959312306834, 33.739796292817303 ], [ 132.030994251475192, 33.739540202062379 ], [ 132.031149716125327, 33.739506982317593 ], [ 132.031026804945753, 33.739427529880523 ], [ 132.031090006877719, 33.739039039423027 ], [ 132.030941836949211, 33.738554656004901 ], [ 132.031042900132604, 33.738109288928712 ], [ 132.031291205142224, 33.738053629382371 ], [ 132.031242777404202, 33.737279977689028 ], [ 132.030758337210727, 33.737200975828308 ], [ 132.030498904463968, 33.737471190178468 ], [ 132.030147422648383, 33.737259898972255 ], [ 132.030185542990694, 33.737039033604908 ], [ 132.029904052870904, 33.73692784796291 ], [ 132.030033756855687, 33.736800771343368 ], [ 132.029631674598249, 33.736507287357846 ], [ 132.030012851544967, 33.736371612590936 ], [ 132.029866374480974, 33.736182946892363 ], [ 132.028762833564855, 33.735892347551932 ], [ 132.028555394026199, 33.736039060086284 ], [ 132.028698613590592, 33.736233077325181 ], [ 132.028436030729665, 33.736447353185881 ], [ 132.028306757707355, 33.736303929510896 ], [ 132.028279551584404, 33.736445347839727 ], [ 132.027886920569557, 33.736328678624467 ], [ 132.027705494630794, 33.736399623141978 ], [ 132.027724668891437, 33.736561098396649 ], [ 132.027420489610734, 33.736465237911716 ], [ 132.02731887332547, 33.736569660046548 ], [ 132.026645765571544, 33.73638406114582 ], [ 132.026580672514655, 33.736595034098293 ], [ 132.026475336442985, 33.736327937348598 ], [ 132.026289733705255, 33.736322373901785 ], [ 132.026206353119363, 33.736495427874424 ], [ 132.026156984126715, 33.736323068975409 ], [ 132.025947462801071, 33.736424692027512 ], [ 132.025509476029612, 33.736320503168429 ], [ 132.025667153614393, 33.73625305759024 ], [ 132.025599443516796, 33.736083495335542 ], [ 132.024850893242956, 33.73583468442132 ], [ 132.024999937375384, 33.735761876186437 ], [ 132.024845832889355, 33.735629973171477 ], [ 132.023095290836807, 33.735697416017842 ], [ 132.023123094132046, 33.735855239434457 ], [ 132.023767165333794, 33.735971368214429 ], [ 132.02387375090467, 33.736127591549021 ], [ 132.025254742358584, 33.736350925537835 ], [ 132.025123935090676, 33.73649138024976 ], [ 132.025310371548301, 33.736651214978458 ], [ 132.025022750105052, 33.736988164768 ], [ 132.026715977153231, 33.738347086988455 ], [ 132.026730747822711, 33.738552654323463 ], [ 132.026470632954101, 33.738570393859284 ], [ 132.026676529400163, 33.738712215428137 ], [ 132.026480952427789, 33.738862600763596 ], [ 132.027578032652229, 33.739164905658974 ], [ 132.027498008283573, 33.739263153374893 ], [ 132.027670453489577, 33.739406626957809 ], [ 132.027983440518057, 33.739398946321813 ], [ 132.027966558514152, 33.739160832395832 ], [ 132.028595944975507, 33.739033470934501 ], [ 132.029059625510058, 33.7392747575229 ], [ 132.029240056185728, 33.739149711615774 ], [ 132.029694113214077, 33.739333222473256 ], [ 132.029840467342609, 33.739602896960854 ], [ 132.029682530392165, 33.739832646447688 ], [ 132.029919646670209, 33.740031273727936 ], [ 132.031141090982572, 33.740188714615947 ] ] ] } },
{ "type": "Feature", "properties": { "CITY_NAME": "上関町", "S_NAME": "大字祝島", "JINKO": 0, "medical_area": "35_柳井医療圏", "町丁目名": "上関町大字祝島" }, "geometry": { "type": "Polygon", "coordinates": [ [ [ 132.01457529101657, 33.733178750213874 ], [ 132.013783557407322, 33.73297221959038 ], [ 132.013765585591159, 33.733374424659978 ], [ 132.014275442880404, 33.733703176340505 ], [ 132.014976891025299, 33.73370404099466 ], [ 132.01457529101657, 33.733178750213874 ] ] ] } },
{ "type": "Feature", "properties": { "CITY_NAME": "上関町", "S_NAME": "大字祝島", "JINKO": 0, "medical_area": "35_柳井医療圏", "町丁目名": "上関町大字祝島" }, "geometry": { "type": "Polygon", "coordinates": [ [ [ 131.98743309124211, 33.788685999897325 ], [ 131.987640334880155, 33.788418195120023 ], [ 131.987395019112284, 33.788660300733746 ], [ 131.98743309124211, 33.788685999897325 ] ] ] } },
{ "type": "Feature", "properties": { "CITY_NAME": "上関町", "S_NAME": "大字祝島", "JINKO": 0, "medical_area": "35_柳井医療圏", "町丁目名": "上関町大字祝島" }, "geometry": { "type": "Polygon", "coordinates": [ [ [ 131.934460456845017, 33.794656580807299 ], [ 131.934852248513806, 33.794735790970783 ], [ 131.935652523681682, 33.794306326445081 ], [ 131.936772662165509, 33.793383231284551 ], [ 131.937953209271257, 33.792894021874901 ], [ 131.938045567532015, 33.792677794753438 ], [ 131.938566886400366, 33.792365010477788 ], [ 131.939534265287364, 33.792028674643717 ], [ 131.939903764738546, 33.791131358920317 ], [ 131.940286850911463, 33.788333257045899 ], [ 131.939762655042927, 33.788100537555827 ], [ 131.939779385851438, 33.787896004352817 ], [ 131.939590489256346, 33.787866774074978 ], [ 131.939707280321954, 33.787797533560955 ], [ 131.939060022921524, 33.787549227312702 ], [ 131.938942532581024, 33.787054927668073 ], [ 131.937995881395295, 33.786918909206776 ], [ 131.937936088625065, 33.787072080414227 ], [ 131.936936276350082, 33.787438066592266 ], [ 131.936748753922046, 33.787296127246826 ], [ 131.935745067186076, 33.787489936379082 ], [ 131.935355741631128, 33.787710112401776 ], [ 131.935333132800764, 33.788092290824189 ], [ 131.934965933706792, 33.788111464258897 ], [ 131.935007547390654, 33.78830187849659 ], [ 131.934291212781233, 33.788445638983646 ], [ 131.933987286349293, 33.788225988877983 ], [ 131.93382229569022, 33.788549289936576 ], [ 131.933489351053737, 33.78867672347252 ], [ 131.933103808323125, 33.78869219484919 ], [ 131.932829472760517, 33.78830762116489 ], [ 131.931931796043159, 33.788419466322665 ], [ 131.931713766587791, 33.789185464663689 ], [ 131.931474065463931, 33.789177821284248 ], [ 131.930804392869135, 33.789634557898559 ], [ 131.930955050232029, 33.790228254067458 ], [ 131.931652625346686, 33.790644352658312 ], [ 131.931431139970158, 33.791884562100513 ], [ 131.931556189009171, 33.791972290362224 ], [ 131.931133775202198, 33.792437672301297 ], [ 131.931181669078228, 33.792698259544061 ], [ 131.930937942069448, 33.792568883764602 ], [ 131.930801246627766, 33.7928030547247 ], [ 131.931127510795335, 33.793557413732366 ], [ 131.931360247951119, 33.793750870092573 ], [ 131.931322783550911, 33.793627242499738 ], [ 131.932373831791665, 33.793924117095763 ], [ 131.933517662474344, 33.794659309536023 ], [ 131.933856866147153, 33.794621207335901 ], [ 131.934295734433022, 33.794867315664334 ], [ 131.934460456845017, 33.794656580807299 ] ] ] } },
{ "type": "Feature", "properties": { "CITY_NAME": "上関町", "S_NAME": "大字祝島", "JINKO": 281, "medical_area": "35_柳井医療圏", "町丁目名": "上関町大字祝島" }, "geometry": { "type": "Polygon", "coordinates": [ [ [ 131.972425500947082, 33.797980749292691 ], [ 131.973750877833027, 33.797879140733841 ], [ 131.976393917023898, 33.796754367202787 ], [ 131.977893606153145, 33.795940691344271 ], [ 131.980456080376399, 33.793499187165075 ], [ 131.982004563023111, 33.792497087847913 ], [ 131.984668525947427, 33.790429774860449 ], [ 131.985713677065377, 33.789259244196998 ], [ 131.986492072921777, 33.789024842369187 ], [ 131.986829238549802, 33.789285152507283 ], [ 131.987097936020973, 33.789304855928769 ], [ 131.986545360645124, 33.788999561816979 ], [ 131.986913081279852, 33.788570112345624 ], [ 131.986349484944157, 33.789037307905282 ], [ 131.985724947879021, 33.789139360596899 ], [ 131.986339541811958, 33.788316206643429 ], [ 131.986860320921238, 33.787954195087124 ], [ 131.987136948523471, 33.788405464252506 ], [ 131.987960884897461, 33.787893718398756 ], [ 131.987874682999887, 33.787797923944339 ], [ 131.987107007932082, 33.788253116287905 ], [ 131.986899515488403, 33.787930725309714 ], [ 131.987193694179268, 33.787750546704473 ], [ 131.987593105417972, 33.787548265614035 ], [ 131.987705308098242, 33.787710176966122 ], [ 131.987640309698946, 33.787528188794496 ], [ 131.987943383959703, 33.787408466033114 ], [ 131.988094069284784, 33.787717100530472 ], [ 131.988002984858753, 33.787385026489609 ], [ 131.988299215497705, 33.787323339948628 ], [ 131.98833961021765, 33.787520927550446 ], [ 131.988368707615336, 33.787316540204344 ], [ 131.989205837322686, 33.787283277132005 ], [ 131.989193952615182, 33.787460919973419 ], [ 131.988301422871984, 33.787714734630285 ], [ 131.989634908325684, 33.78740973120938 ], [ 131.989721005947843, 33.787761515978531 ], [ 131.98818998614604, 33.788110890965619 ], [ 131.987993637887882, 33.788225986075808 ], [ 131.990348084726463, 33.787681859452 ], [ 131.990267813124774, 33.787260487404858 ], [ 131.990851098802978, 33.786661740351903 ], [ 131.991047464315159, 33.786753186373879 ], [ 131.990876042543931, 33.786614017808382 ], [ 131.991210821007797, 33.786080715980674 ], [ 131.991907634836195, 33.785951998222608 ], [ 131.991345959863907, 33.786007940150689 ], [ 131.991230723308234, 33.785851813862642 ], [ 131.991099105095685, 33.785257379911371 ], [ 131.991620146989391, 33.785001186302146 ], [ 131.990838688491806, 33.78533630851765 ], [ 131.990874797428972, 33.784576306876779 ], [ 131.991352244227102, 33.784509394285514 ], [ 131.990649130003931, 33.784557937592766 ], [ 131.99070866698878, 33.78399252865426 ], [ 131.991066825925259, 33.783391920780872 ], [ 131.991420027627584, 33.783484864619986 ], [ 131.99184198275654, 33.784246813966064 ], [ 131.992044485569807, 33.785569848412756 ], [ 131.991878866635489, 33.784161212794679 ], [ 131.991470458013112, 33.783453945675397 ], [ 131.991105093429866, 33.783275046172264 ], [ 131.991656587517753, 33.78212021685173 ], [ 131.992230353748596, 33.781647143409998 ], [ 131.992692791238426, 33.780824798862767 ], [ 131.993213211193876, 33.780557893156832 ], [ 131.9933276359952, 33.780092449483789 ], [ 131.993582618324155, 33.780021680770268 ], [ 131.993526895078077, 33.779806895761688 ], [ 131.993121864958511, 33.7798505345419 ], [ 131.9925695976589, 33.77955034504965 ], [ 131.990488253371296, 33.779256042110617 ], [ 131.988078528985369, 33.778505874141651 ], [ 131.985176658913389, 33.777198662482277 ], [ 131.984894282812661, 33.77695749346077 ], [ 131.985011280743549, 33.776784539247927 ], [ 131.984605523443207, 33.776691107104469 ], [ 131.984245698316045, 33.776815947223618 ], [ 131.983096963825659, 33.776299364130274 ], [ 131.982845834125101, 33.776097970095719 ], [ 131.982491478838654, 33.77522560643137 ], [ 131.982316162365976, 33.775411994241239 ], [ 131.982113456778478, 33.775284627664441 ], [ 131.982126113751065, 33.775424387956861 ], [ 131.981748260540286, 33.775407479781997 ], [ 131.979638065901298, 33.774665998498598 ], [ 131.979124189746386, 33.774635493503773 ], [ 131.978808532910506, 33.774811660078512 ], [ 131.976761022123526, 33.774531710329299 ], [ 131.976417151072269, 33.774290435816049 ], [ 131.976343415919985, 33.774425555245671 ], [ 131.974087458659682, 33.774177778601242 ], [ 131.973305865443677, 33.773670836482303 ], [ 131.973366760187844, 33.773481605321564 ], [ 131.973010493757556, 33.773471042893533 ], [ 131.972753015746093, 33.772762070352307 ], [ 131.972528547451077, 33.772723822958021 ], [ 131.97248687432446, 33.772535276699131 ], [ 131.972237038117186, 33.772726043896981 ], [ 131.971215131642538, 33.77249820478238 ], [ 131.970839053368962, 33.772197418662046 ], [ 131.97100130563868, 33.772065960906808 ], [ 131.970745286805823, 33.772122327588569 ], [ 131.970023623665384, 33.771856205804568 ], [ 131.969555965759753, 33.771475813762365 ], [ 131.968232575001963, 33.770905695311157 ], [ 131.967510686402619, 33.77028158597377 ], [ 131.966152007071457, 33.769573429608585 ], [ 131.965624100617191, 33.769096525036538 ], [ 131.964752588530445, 33.768751481613897 ], [ 131.964420001830575, 33.76877615229499 ], [ 131.964119396782024, 33.768515164839854 ], [ 131.963824391807833, 33.768636399664601 ], [ 131.962080355269848, 33.768369351114217 ], [ 131.96004842906919, 33.76886720390057 ], [ 131.958318016298989, 33.769675770076852 ], [ 131.957681120373337, 33.769640457539069 ], [ 131.957758459375583, 33.769800208425721 ], [ 131.957363340105104, 33.769791366426645 ], [ 131.957508708086408, 33.769949400960513 ], [ 131.957411248634372, 33.770070112967453 ], [ 131.956305811121496, 33.77047397224743 ], [ 131.954080939348358, 33.770804609722887 ], [ 131.953890137336884, 33.770679881503028 ], [ 131.953436862631804, 33.771044265326957 ], [ 131.953197355745488, 33.770977072656308 ], [ 131.953026102946751, 33.771243748586308 ], [ 131.952367007094665, 33.771448996882214 ], [ 131.951978627918749, 33.771330261843332 ], [ 131.951753276872068, 33.771649954005674 ], [ 131.951792755081385, 33.771834860468168 ], [ 131.950660360729387, 33.772634362544224 ], [ 131.950646947203495, 33.772811991192455 ], [ 131.950408309184212, 33.772826084414199 ], [ 131.950460647689795, 33.773053278593359 ], [ 131.948920682544951, 33.775758329624459 ], [ 131.948411873207874, 33.775865628393163 ], [ 131.94851811792438, 33.776122785771861 ], [ 131.948841297812493, 33.775979093104127 ], [ 131.948906031391289, 33.776432707196442 ], [ 131.948687126005808, 33.777170685820863 ], [ 131.948675562858881, 33.777907338718002 ], [ 131.948490298316983, 33.778149610821302 ], [ 131.948290577389088, 33.778137564979311 ], [ 131.948272586584636, 33.778421551691508 ], [ 131.947961955296051, 33.778294771450732 ], [ 131.947936479986311, 33.778544369180409 ], [ 131.948225284761833, 33.778771277414627 ], [ 131.948126678341282, 33.779335476010587 ], [ 131.947249343573191, 33.780412368739483 ], [ 131.946868625413344, 33.780660485685246 ], [ 131.947211334488571, 33.780920743043787 ], [ 131.948283969589511, 33.781180604212416 ], [ 131.949419386154261, 33.781804744932607 ], [ 131.951455595200031, 33.782345640735031 ], [ 131.952297893193446, 33.782320059237797 ], [ 131.954182209581461, 33.781840095884569 ], [ 131.956271326907881, 33.781066428814206 ], [ 131.958532018681979, 33.780769057699352 ], [ 131.959407010477634, 33.781058214468757 ], [ 131.96148594379838, 33.782223751792074 ], [ 131.962912195297378, 33.784995930546856 ], [ 131.963047167708936, 33.784995300172469 ], [ 131.962958707727864, 33.785418934776636 ], [ 131.963109794359781, 33.785453409777922 ], [ 131.962948808455451, 33.785493727774679 ], [ 131.96244563560353, 33.786400915227574 ], [ 131.962059545952911, 33.786198272437531 ], [ 131.962193011755261, 33.786379802549476 ], [ 131.962051886878299, 33.786696845820401 ], [ 131.961648191363196, 33.787097437817785 ], [ 131.961654731113384, 33.787980228499677 ], [ 131.961074244520887, 33.790975464787472 ], [ 131.961545732047199, 33.792976084798205 ], [ 131.962442529879098, 33.794615906322818 ], [ 131.962368850093128, 33.794715954427865 ], [ 131.965012124281571, 33.796293658666329 ], [ 131.965568108988037, 33.796838223825915 ], [ 131.966451584670295, 33.797278784954102 ], [ 131.966540626365713, 33.797529556165522 ], [ 131.967365608615523, 33.798048346423911 ], [ 131.96948965587282, 33.798178969089172 ], [ 131.971306723524009, 33.797943765415873 ], [ 131.971805511009165, 33.798013162734286 ], [ 131.971985297959662, 33.798270413975523 ], [ 131.972425500947082, 33.797980749292691 ] ] ] } },
{ "type": "Feature", "properties": { "CITY_NAME": "上関町", "S_NAME": "大字八島", "JINKO": 14, "medical_area": "35_柳井医療圏", "町丁目名": "上関町大字八島" }, "geometry": { "type": "Polygon", "coordinates": [ [ [ 132.151888588268861, 33.763837662080995 ], [ 132.151320989826104, 33.762354387953351 ], [ 132.15151547630623, 33.761277740656411 ], [ 132.150985547437074, 33.760446217215843 ], [ 132.150370313749704, 33.75984026251087 ], [ 132.150240845496512, 33.759360475529171 ], [ 132.150381196141268, 33.759260313546086 ], [ 132.150186894093963, 33.759204491031277 ], [ 132.150347779429012, 33.758944689892502 ], [ 132.149784293566711, 33.758870782375183 ], [ 132.148319639211508, 33.757565684464048 ], [ 132.147799473219862, 33.7567620445 ], [ 132.147935548295067, 33.756414883439106 ], [ 132.147612776867618, 33.756469926023769 ], [ 132.147309490299619, 33.756235432774268 ], [ 132.146506637081444, 33.754906104457085 ], [ 132.146630796278203, 33.75478536341587 ], [ 132.146398731164055, 33.754720388896367 ], [ 132.146375040702935, 33.754442673086047 ], [ 132.146581347398183, 33.75376002563042 ], [ 132.146813470325299, 33.753509379924232 ], [ 132.147620914943531, 33.753275829537365 ], [ 132.147946878367236, 33.753402123765696 ], [ 132.14776234197501, 33.753169483662006 ], [ 132.147950287689298, 33.752577092950169 ], [ 132.148504263330636, 33.751425726673993 ], [ 132.149118597905272, 33.750651374121084 ], [ 132.150966632643957, 33.75004201698885 ], [ 132.151429691237325, 33.750037567318124 ], [ 132.151675871293804, 33.74956239422184 ], [ 132.152121709663191, 33.749231650800418 ], [ 132.152169287232141, 33.748697843653702 ], [ 132.151675052554396, 33.747993501772292 ], [ 132.150026990158835, 33.747303517149824 ], [ 132.149144241907265, 33.746470342099975 ], [ 132.148265975182568, 33.744907666477317 ], [ 132.1484117834448, 33.744392792189721 ], [ 132.148315738749801, 33.744316142282607 ], [ 132.14848092090449, 33.744079921180258 ], [ 132.147975866196049, 33.743749072691678 ], [ 132.147481671186057, 33.743120559406194 ], [ 132.147578849304779, 33.742915036093642 ], [ 132.147176318488107, 33.742713832286668 ], [ 132.146756595082138, 33.742160298258177 ], [ 132.146656341767567, 33.74159495511924 ], [ 132.146920825021425, 33.741294774765272 ], [ 132.146760088450861, 33.740946656137645 ], [ 132.146388871210377, 33.740711353927651 ], [ 132.146329707044885, 33.73979537037949 ], [ 132.146801912038626, 33.737060749152633 ], [ 132.147472527708061, 33.735123313781259 ], [ 132.148166745134347, 33.733728542082552 ], [ 132.149268967599369, 33.731802839393126 ], [ 132.15029116041751, 33.730559549657826 ], [ 132.151184818291654, 33.729813128410875 ], [ 132.153202949206133, 33.728796334228974 ], [ 132.153412358487827, 33.7283877978943 ], [ 132.153200980510491, 33.727564513507986 ], [ 132.150365021443776, 33.722365562203869 ], [ 132.149973410881842, 33.721974231108064 ], [ 132.149992876307323, 33.721756826005226 ], [ 132.149395200687394, 33.721255420182899 ], [ 132.149517167398699, 33.721072410619421 ], [ 132.14879970244732, 33.720703428200416 ], [ 132.148100649324277, 33.720054054540263 ], [ 132.147962520877883, 33.720134345683618 ], [ 132.147195451424381, 33.719640979752498 ], [ 132.146147797905144, 33.719351311258286 ], [ 132.145827397754687, 33.719061045103544 ], [ 132.142991838673339, 33.718859390118809 ], [ 132.141921564312042, 33.718513892496105 ], [ 132.13987510181073, 33.717173709358931 ], [ 132.13921176994009, 33.716365618430586 ], [ 132.139147154426013, 33.715950850191469 ], [ 132.139316613832705, 33.715732801112111 ], [ 132.138950917134935, 33.715501819571742 ], [ 132.139034064579192, 33.715272905352904 ], [ 132.137230207471674, 33.714801829261013 ], [ 132.137200067904899, 33.71457908922622 ], [ 132.136119176199202, 33.713946849740935 ], [ 132.136050193549693, 33.713741147118292 ], [ 132.135900194082041, 33.71382225964544 ], [ 132.135393217448069, 33.713462469670802 ], [ 132.134519289762693, 33.713437890361369 ], [ 132.134086795397906, 33.712991475172039 ], [ 132.13394537008412, 33.713227699124005 ], [ 132.133226737829176, 33.71339432719725 ], [ 132.132974119931362, 33.713794509637971 ], [ 132.132333143659082, 33.71402159031971 ], [ 132.131276569459459, 33.71475263671271 ], [ 132.131084555445511, 33.714647910636373 ], [ 132.131081245440498, 33.714839086585251 ], [ 132.130798461503502, 33.715078793834074 ], [ 132.129833591479695, 33.715764771844384 ], [ 132.129653424483934, 33.715716964364248 ], [ 132.129663058027461, 33.715901804484687 ], [ 132.128934475336251, 33.716559806556212 ], [ 132.128799634867704, 33.716483973841733 ], [ 132.128581614562023, 33.71663986985979 ], [ 132.128651664081019, 33.71683825190317 ], [ 132.128397922218255, 33.71726012444941 ], [ 132.127337998960911, 33.718066798844106 ], [ 132.1274058928025, 33.718255318814556 ], [ 132.127184598247311, 33.718477990702617 ], [ 132.127115344124007, 33.71892062421216 ], [ 132.126910298236538, 33.718995374243448 ], [ 132.127105578746495, 33.719045021382549 ], [ 132.126835789947222, 33.719123414519203 ], [ 132.127073160153742, 33.719153209965327 ], [ 132.127051487474716, 33.719360583077744 ], [ 132.126729885526828, 33.719478690130302 ], [ 132.127504540234014, 33.719668258939336 ], [ 132.12769636196731, 33.720214679591429 ], [ 132.128046963542317, 33.720396957873902 ], [ 132.127927118888721, 33.720552051727658 ], [ 132.128248688549775, 33.720516072179784 ], [ 132.128618644875701, 33.720853342128947 ], [ 132.129496908733614, 33.721015049821567 ], [ 132.129764437157235, 33.721184621441225 ], [ 132.12976005143787, 33.721337916756319 ], [ 132.130108586493321, 33.721330824079374 ], [ 132.130725580850481, 33.721835964320107 ], [ 132.130964848407302, 33.722499656454346 ], [ 132.131815800570934, 33.723508143557709 ], [ 132.132228328988589, 33.725333304023337 ], [ 132.132711593420794, 33.725740202272526 ], [ 132.133016648161032, 33.726543682675747 ], [ 132.133410329891944, 33.727016357041634 ], [ 132.135311265445864, 33.728196291345078 ], [ 132.136267177653565, 33.728731181649756 ], [ 132.138248236365882, 33.729412374539407 ], [ 132.141400347565877, 33.72955644463142 ], [ 132.142279512629244, 33.730762986447431 ], [ 132.141839402895471, 33.730110054911293 ], [ 132.142279753860748, 33.729889234586778 ], [ 132.142838745774327, 33.72990103157089 ], [ 132.142257107492441, 33.72983611827916 ], [ 132.141813511120034, 33.73007947907378 ], [ 132.141577352641235, 33.729470822406888 ], [ 132.142575562666195, 33.729437620841637 ], [ 132.142810855671513, 33.72927889017555 ], [ 132.142784887401746, 33.729535854785048 ], [ 132.142836751004012, 33.729294250520049 ], [ 132.14298998668437, 33.72929977331043 ], [ 132.143024429851494, 33.729633388886981 ], [ 132.143047191500131, 33.729259209539492 ], [ 132.143915820466987, 33.72954507270962 ], [ 132.144854442507693, 33.730466743113638 ], [ 132.14521892334281, 33.731591185297106 ], [ 132.145583879860396, 33.735278980096652 ], [ 132.145152680212959, 33.737833212563842 ], [ 132.144788849359145, 33.738396672490751 ], [ 132.144156340570703, 33.738718488026507 ], [ 132.141683792294316, 33.738723448718609 ], [ 132.141718305766631, 33.73882094622288 ], [ 132.141157084681367, 33.73887664124824 ], [ 132.140497695786763, 33.738759309269838 ], [ 132.140186821193765, 33.738959452537308 ], [ 132.140378848254215, 33.739259715521548 ], [ 132.140182422786125, 33.739273206404732 ], [ 132.140484525534731, 33.739606030879948 ], [ 132.140227338352702, 33.740841278716225 ], [ 132.140121509800423, 33.741073020435543 ], [ 132.139974736829231, 33.741050455822759 ], [ 132.140452777912685, 33.741321030374934 ], [ 132.1410201892175, 33.742428328665831 ], [ 132.140997381715977, 33.7429810175963 ], [ 132.140682043273529, 33.743714005720207 ], [ 132.14074755101916, 33.744989025588779 ], [ 132.140572567839286, 33.745449696822639 ], [ 132.140205490436955, 33.745828352047546 ], [ 132.139029081147044, 33.745710157412041 ], [ 132.139657080155217, 33.746223327703525 ], [ 132.139179927817111, 33.746528002124698 ], [ 132.139350407097226, 33.746691164943194 ], [ 132.140127558210196, 33.746556005546857 ], [ 132.140264573792848, 33.746755371172526 ], [ 132.140070216077135, 33.747019505375668 ], [ 132.140143554347446, 33.747197168002643 ], [ 132.140922697793116, 33.747648924254939 ], [ 132.141155710479296, 33.748070049494828 ], [ 132.141616521733795, 33.748297342514547 ], [ 132.141791285578591, 33.748620969153606 ], [ 132.141729697515927, 33.748844545809973 ], [ 132.142521836795567, 33.749224304191777 ], [ 132.142812112298486, 33.749480317763002 ], [ 132.142823925584338, 33.749704887059899 ], [ 132.143378610662779, 33.750099834907196 ], [ 132.143971779126559, 33.751976320327692 ], [ 132.143850705206376, 33.752683123805234 ], [ 132.143451291030289, 33.752825521884304 ], [ 132.143643365683118, 33.753053771254322 ], [ 132.143610922738958, 33.753287212291234 ], [ 132.143872107500329, 33.753406291685025 ], [ 132.143849337174373, 33.753818413245604 ], [ 132.143533016461902, 33.754020288347817 ], [ 132.143330116886176, 33.753905860402178 ], [ 132.143351564053745, 33.754450426156033 ], [ 132.143864317682556, 33.754347765126901 ], [ 132.144116839834766, 33.754601968582122 ], [ 132.14375319679354, 33.754105129200738 ], [ 132.143896847863857, 33.75375614122671 ], [ 132.144345922713427, 33.753591191153568 ], [ 132.145180281088926, 33.753704826682018 ], [ 132.145752296616621, 33.754044862289028 ], [ 132.146104062149561, 33.754650055901237 ], [ 132.145975448185681, 33.755412030796599 ], [ 132.146675900026509, 33.75596667801301 ], [ 132.146765386404979, 33.756512253810762 ], [ 132.147176528008856, 33.75723370694169 ], [ 132.147126776288047, 33.757735027868158 ], [ 132.147884568590626, 33.757792894184 ], [ 132.148182409972691, 33.758339354994867 ], [ 132.148102457322267, 33.758736968039585 ], [ 132.148283788702685, 33.758882264005202 ], [ 132.148156386296989, 33.758998489501664 ], [ 132.148882854910426, 33.759214174291031 ], [ 132.149537999723037, 33.759914969315048 ], [ 132.149385747088559, 33.760173784975571 ], [ 132.149573573270857, 33.760237779521916 ], [ 132.149700866889873, 33.760792385077842 ], [ 132.149430935186757, 33.761110644711742 ], [ 132.149742871530805, 33.761407425645245 ], [ 132.149633719982774, 33.762076492905713 ], [ 132.149500930527211, 33.762107045705406 ], [ 132.149620754499125, 33.762134111365199 ], [ 132.149390800029636, 33.76220170336925 ], [ 132.149384248763369, 33.762592087215083 ], [ 132.149211516812215, 33.762617422114353 ], [ 132.149377709829224, 33.762907662118515 ], [ 132.150679506855965, 33.763693251193978 ], [ 132.151888588268861, 33.763837662080995 ] ] ] } },
{ "type": "Feature", "properties": { "CITY_NAME": "田布施町", "S_NAME": "大字宿井", "JINKO": 1556, "medical_area": "35_柳井医療圏", "町丁目名": "田布施町大字宿井" }, "geometry": { "type": "Polygon", "coordinates": [ [ [ 132.024164071658248, 33.987348762862851 ], [ 132.025026596919133, 33.98680511240385 ], [ 132.026073825311556, 33.985682095885515 ], [ 132.027344493446464, 33.985155236643706 ], [ 132.027853292130573, 33.984424229849729 ], [ 132.029150252816777, 33.984389328377631 ], [ 132.029021062154641, 33.985108224705755 ], [ 132.028592203036823, 33.98577761998606 ], [ 132.028769767858961, 33.985883336383075 ], [ 132.029570417416181, 33.98538354360042 ], [ 132.030497131973078, 33.985164934514181 ], [ 132.032046839552351, 33.985331030626476 ], [ 132.032758772510419, 33.9847170110504 ], [ 132.034889184397827, 33.984373015419855 ], [ 132.035894517429483, 33.983951176376216 ], [ 132.037046217510152, 33.984347702999194 ], [ 132.037257654410411, 33.983981502313966 ], [ 132.037729606049453, 33.983656996748266 ], [ 132.038458394794048, 33.98383089890887 ], [ 132.04015913038964, 33.983733629818168 ], [ 132.041728593811314, 33.984194502844879 ], [ 132.04186308797324, 33.983745660025846 ], [ 132.042658517523677, 33.982544776001809 ], [ 132.043326451253705, 33.98204166809743 ], [ 132.043328938670413, 33.981585084654377 ], [ 132.043542034018714, 33.981255500345299 ], [ 132.043352301478649, 33.98063234595957 ], [ 132.042615278167432, 33.980762902858999 ], [ 132.042329510787113, 33.980652728933677 ], [ 132.042141407402312, 33.980180738086204 ], [ 132.040145874790682, 33.978609036705187 ], [ 132.039498712599652, 33.977484580772717 ], [ 132.038871062287342, 33.976807431420518 ], [ 132.038240931635841, 33.976562494148993 ], [ 132.037173514294608, 33.975820781857642 ], [ 132.036323006289024, 33.974670177650687 ], [ 132.035832697022926, 33.972899947656316 ], [ 132.036315719091476, 33.972239315235811 ], [ 132.036646424671659, 33.971209207695821 ], [ 132.037132028921803, 33.971306087984964 ], [ 132.037284173792585, 33.970886089844306 ], [ 132.037132047136282, 33.970595837072828 ], [ 132.036335377739874, 33.970090460474609 ], [ 132.036656123851145, 33.969703408287067 ], [ 132.036128308707191, 33.969509007128615 ], [ 132.034603949602456, 33.969635622439377 ], [ 132.033895712634688, 33.968266653600487 ], [ 132.033260592241447, 33.96866930637578 ], [ 132.032060763819487, 33.967013670390102 ], [ 132.031929305651261, 33.966326886268135 ], [ 132.028748012070139, 33.964021566934363 ], [ 132.028545603291462, 33.963679710070508 ], [ 132.028159647978413, 33.961598501431034 ], [ 132.027800211213759, 33.961056277272135 ], [ 132.027289317390682, 33.960688149669465 ], [ 132.025388306202814, 33.959610454214612 ], [ 132.023551978360643, 33.9625868732737 ], [ 132.023934785107741, 33.964042534117802 ], [ 132.023726771475339, 33.964563975372471 ], [ 132.019927178836241, 33.968150264037703 ], [ 132.019400751172896, 33.969493330024967 ], [ 132.018974700715859, 33.970005897135344 ], [ 132.018482856275426, 33.970354260376659 ], [ 132.017217364918395, 33.970766484490873 ], [ 132.014184446572187, 33.97076979906582 ], [ 132.013501312801054, 33.970597782151231 ], [ 132.013211668632522, 33.970001082361073 ], [ 132.012813387513802, 33.969969308350848 ], [ 132.01252466462725, 33.969646336743693 ], [ 132.011884745360419, 33.969978708014203 ], [ 132.010789686562106, 33.96982742867214 ], [ 132.007871312187461, 33.96779686464631 ], [ 132.005946708629864, 33.967038817502896 ], [ 132.004522972233019, 33.966821528703925 ], [ 132.002514615024808, 33.966843215621438 ], [ 131.99994487807615, 33.967354499781074 ], [ 131.999277788691302, 33.967580541284832 ], [ 131.997587018020056, 33.968714680217765 ], [ 131.998089087335131, 33.969566421249176 ], [ 131.999113543600629, 33.969587131667474 ], [ 132.000307789865133, 33.970836098738538 ], [ 132.003898636556727, 33.971057746429423 ], [ 132.004512489357609, 33.971250720645855 ], [ 132.004560951746583, 33.971449961718371 ], [ 132.006204925703088, 33.97241126690119 ], [ 132.007211002506097, 33.973964628413796 ], [ 132.008132804858036, 33.974716709916336 ], [ 132.008530596747875, 33.974215557683799 ], [ 132.008204005123645, 33.973855049699594 ], [ 132.007614746338561, 33.974212395678492 ], [ 132.007688327324189, 33.973381311076459 ], [ 132.007213612633763, 33.973216851203993 ], [ 132.006309253799003, 33.972287844316526 ], [ 132.006561537058388, 33.971897518950904 ], [ 132.006573861150628, 33.971180326544172 ], [ 132.007602950002365, 33.971092314591345 ], [ 132.00768929383662, 33.971471250744216 ], [ 132.008043577254028, 33.971884886952793 ], [ 132.0081722950531, 33.972810543432047 ], [ 132.009166820717155, 33.974215396029741 ], [ 132.009917977880605, 33.973465622133773 ], [ 132.010135157845895, 33.973565502209844 ], [ 132.011528814709919, 33.972710590681558 ], [ 132.011604624941782, 33.973330410004422 ], [ 132.012090974950837, 33.97382437865074 ], [ 132.012232926047744, 33.97433833931651 ], [ 132.011473890779882, 33.974727050601643 ], [ 132.011390731161981, 33.975682257715654 ], [ 132.012706052420981, 33.976980024891979 ], [ 132.01255551637459, 33.977094341768591 ], [ 132.011829419197113, 33.976920381779209 ], [ 132.011488565920473, 33.976693445799683 ], [ 132.011264994035969, 33.976248938061694 ], [ 132.010723796634522, 33.976706669451659 ], [ 132.009962722191801, 33.976578776751218 ], [ 132.009040243058138, 33.976801864611993 ], [ 132.008606633804618, 33.97768202062192 ], [ 132.008157442470917, 33.977807153866316 ], [ 132.008608024770467, 33.978198139921744 ], [ 132.009076465079488, 33.978297924359588 ], [ 132.008743553775872, 33.978750298397834 ], [ 132.011387587992061, 33.979239973268108 ], [ 132.011481822842654, 33.979813889125772 ], [ 132.012147305865795, 33.981219708943726 ], [ 132.011976648801578, 33.982399630877765 ], [ 132.012772485068666, 33.983329581735198 ], [ 132.013274541771864, 33.983410792379168 ], [ 132.014009007066988, 33.982888346840902 ], [ 132.015211842675257, 33.983252456634496 ], [ 132.014778283869589, 33.9839684281419 ], [ 132.01498242469799, 33.984370183379539 ], [ 132.016507667432961, 33.985564169234934 ], [ 132.017703816723412, 33.985462643206191 ], [ 132.019214128333516, 33.98748592760824 ], [ 132.019497175928365, 33.987571497697147 ], [ 132.020487203564187, 33.987338119814552 ], [ 132.022277196794391, 33.987918687606488 ], [ 132.023481605176812, 33.987411796727635 ], [ 132.024164071658248, 33.987348762862851 ] ] ] } },
{ "type": "Feature", "properties": { "CITY_NAME": "田布施町", "S_NAME": "大字川西", "JINKO": 661, "medical_area": "35_柳井医療圏", "町丁目名": "田布施町大字川西" }, "geometry": { "type": "Polygon", "coordinates": [ [ [ 132.017217364918395, 33.970766484490873 ], [ 132.018482856275426, 33.970354260376659 ], [ 132.018974700715859, 33.970005897135344 ], [ 132.019400751172896, 33.969493330024967 ], [ 132.019927178836241, 33.968150264037703 ], [ 132.023726771475339, 33.964563975372471 ], [ 132.023934785107741, 33.964042534117802 ], [ 132.023551978360643, 33.9625868732737 ], [ 132.025388306202814, 33.959610454214612 ], [ 132.024444339368472, 33.959306265825873 ], [ 132.024158402382994, 33.958165517915404 ], [ 132.023642021636562, 33.957391776387915 ], [ 132.022195860089766, 33.956653439365553 ], [ 132.021869202532088, 33.956363128848324 ], [ 132.021729019791678, 33.955990197971374 ], [ 132.021103739126204, 33.955965373259694 ], [ 132.020472837774236, 33.955597077991072 ], [ 132.01600162375766, 33.954887751517376 ], [ 132.015567484888123, 33.954493890988239 ], [ 132.01535028332836, 33.952916627012648 ], [ 132.013991916996218, 33.952247749340657 ], [ 132.012838049599509, 33.951214650478818 ], [ 132.012027789122385, 33.951108263704697 ], [ 132.010508510890048, 33.951270628134907 ], [ 132.008630144120502, 33.951821744517176 ], [ 132.006993090198279, 33.951660702120193 ], [ 132.005583461702798, 33.951190283319377 ], [ 132.004150050449226, 33.951144573194931 ], [ 132.003140069318874, 33.951469363640754 ], [ 132.001460803491312, 33.952760241637762 ], [ 131.998476554958842, 33.956452919023825 ], [ 131.996763824481434, 33.956719209327375 ], [ 131.995941731865571, 33.95703645619465 ], [ 131.994786091945855, 33.958155103262023 ], [ 131.994129675468855, 33.959797090388051 ], [ 131.994330131901961, 33.960758148215888 ], [ 131.994026993593394, 33.961543955746947 ], [ 131.994942994570778, 33.962523914604887 ], [ 131.995795889357936, 33.96280685513846 ], [ 131.99622795432677, 33.963504378482192 ], [ 131.997114986092953, 33.96381806958675 ], [ 131.997726813663633, 33.96438242791006 ], [ 131.997783604956766, 33.965308361990061 ], [ 131.997304300760192, 33.966273143815407 ], [ 131.996895585041983, 33.96672437663603 ], [ 131.996830090994138, 33.967120015920678 ], [ 131.9969328798052, 33.96824732673501 ], [ 131.997587018020056, 33.968714680217765 ], [ 131.999277788691302, 33.967580541284832 ], [ 131.99994487807615, 33.967354499781074 ], [ 132.002514615024808, 33.966843215621438 ], [ 132.004522972233019, 33.966821528703925 ], [ 132.005946708629864, 33.967038817502896 ], [ 132.007871312187461, 33.96779686464631 ], [ 132.010789686562106, 33.96982742867214 ], [ 132.011884745360419, 33.969978708014203 ], [ 132.01252466462725, 33.969646336743693 ], [ 132.012813387513802, 33.969969308350848 ], [ 132.013211668632522, 33.970001082361073 ], [ 132.013501312801054, 33.970597782151231 ], [ 132.014184446572187, 33.97076979906582 ], [ 132.017217364918395, 33.970766484490873 ] ] ] } },
{ "type": "Feature", "properties": { "CITY_NAME": "田布施町", "S_NAME": "大字上田布施", "JINKO": 684, "medical_area": "35_柳井医療圏", "町丁目名": "田布施町大字上田布施" }, "geometry": { "type": "Polygon", "coordinates": [ [ [ 131.994129675468855, 33.959797090388051 ], [ 131.994786091945855, 33.958155103262023 ], [ 131.995673948191268, 33.957203165199367 ], [ 131.996763824481434, 33.956719209327375 ], [ 131.998476554958842, 33.956452919023825 ], [ 132.001460803491312, 33.952760241637762 ], [ 132.00238293518936, 33.951961428315464 ], [ 132.00356456184636, 33.951280869260117 ], [ 132.00457096239117, 33.951112306217851 ], [ 132.005583461702798, 33.951190283319377 ], [ 132.006993090198279, 33.951660702120193 ], [ 132.008630144120502, 33.951821744517176 ], [ 132.010508510890048, 33.951270628134907 ], [ 132.012326962190997, 33.951122301263972 ], [ 132.013038417294439, 33.951321826952928 ], [ 132.013991916996218, 33.952247749340657 ], [ 132.01535028332836, 33.952916627012648 ], [ 132.015844610323512, 33.952259594561923 ], [ 132.017429029520315, 33.951503851330678 ], [ 132.017761002897998, 33.950606978762991 ], [ 132.017508461994964, 33.949292816262307 ], [ 132.017748584902733, 33.948750430191943 ], [ 132.018415571734209, 33.948284911901382 ], [ 132.019509011347424, 33.948165479214147 ], [ 132.020221016279294, 33.947735930143871 ], [ 132.022587851917137, 33.945719031619674 ], [ 132.022941006534381, 33.942138645709704 ], [ 132.023207571093195, 33.941820561843556 ], [ 132.026122911853491, 33.940594576221315 ], [ 132.02670242971783, 33.940590726298502 ], [ 132.027996474594403, 33.940970877996627 ], [ 132.029138507538278, 33.940883259148357 ], [ 132.029615380343898, 33.938307474189642 ], [ 132.029076017576642, 33.937246312050547 ], [ 132.028375097494575, 33.936919105096798 ], [ 132.027339609304278, 33.935639007221866 ], [ 132.027095049900311, 33.935051531638059 ], [ 132.02703378049145, 33.93407838483904 ], [ 132.025986520434031, 33.932881103047919 ], [ 132.025618014921747, 33.932138794923723 ], [ 132.025563273304272, 33.931658885879585 ], [ 132.024965785648305, 33.93158424047185 ], [ 132.024304642630852, 33.931788747332902 ], [ 132.022805057804931, 33.931000466208204 ], [ 132.021920766207188, 33.930337009564361 ], [ 132.020675155188854, 33.928663571370542 ], [ 132.020353721026282, 33.927568359599718 ], [ 132.019890287119381, 33.926893999779487 ], [ 132.018263194976896, 33.925802215286105 ], [ 132.017577353291216, 33.92444540400043 ], [ 132.01646152059638, 33.924132714465998 ], [ 132.012508813882135, 33.923546466417122 ], [ 132.01019810906422, 33.922864958293829 ], [ 132.00994809363317, 33.923200646742757 ], [ 132.009104698641409, 33.923164928320411 ], [ 132.00716003971317, 33.924351349447001 ], [ 132.005589931606238, 33.925008509275436 ], [ 132.004010477776944, 33.925140431813169 ], [ 132.002463886330617, 33.926124980460003 ], [ 132.00267720714595, 33.926815008184491 ], [ 132.002457711953156, 33.927341465558989 ], [ 132.003070169957056, 33.927782945780372 ], [ 132.003133376429389, 33.928820615952425 ], [ 132.002948380545718, 33.929344028161246 ], [ 132.002257841386864, 33.929643191137117 ], [ 132.001800033337105, 33.930507877170662 ], [ 132.000641869826467, 33.930780907994439 ], [ 131.99989747032663, 33.931169443479952 ], [ 131.999600983147815, 33.931855559002173 ], [ 131.999041251303595, 33.931886641135605 ], [ 131.998280110779064, 33.932990255943515 ], [ 131.997751085993514, 33.933002355480653 ], [ 131.996912632297978, 33.932467982941439 ], [ 131.996092058479718, 33.932601128379311 ], [ 131.995541541505617, 33.93185948556453 ], [ 131.99474391829915, 33.932011672219417 ], [ 131.994436812177042, 33.932241167315254 ], [ 131.993275190595654, 33.934231890777191 ], [ 131.99243874251286, 33.934620260601044 ], [ 131.992560169903214, 33.935239737569972 ], [ 131.991259048401361, 33.936032897956494 ], [ 131.990767297157646, 33.936562334602201 ], [ 131.99032227742245, 33.936727661490309 ], [ 131.989323080032818, 33.937945834918054 ], [ 131.988272028267374, 33.938270044907171 ], [ 131.987823723606823, 33.938605820325137 ], [ 131.986951450713775, 33.938534264747844 ], [ 131.986300498155913, 33.938937644286504 ], [ 131.985650556347309, 33.939668141421151 ], [ 131.985054623132015, 33.939538085226665 ], [ 131.984135046035448, 33.940332709218346 ], [ 131.984091556955832, 33.940974206400242 ], [ 131.984685861829036, 33.941887543680686 ], [ 131.984553816929321, 33.942204468100343 ], [ 131.983460332037936, 33.942386855734632 ], [ 131.98304297860841, 33.943022167630993 ], [ 131.982478324080148, 33.943216452693463 ], [ 131.982365443350972, 33.944021967977434 ], [ 131.982952842143845, 33.94421245605475 ], [ 131.983093595467892, 33.944563450360683 ], [ 131.983105616721133, 33.946027616264637 ], [ 131.982509766546372, 33.946628991011451 ], [ 131.980785324595985, 33.947242630358666 ], [ 131.980673849316162, 33.948167610132586 ], [ 131.980363208984329, 33.94849285530308 ], [ 131.980345429106592, 33.948925182045087 ], [ 131.979832702810768, 33.950003960656659 ], [ 131.979824200533756, 33.951278749971983 ], [ 131.981306780218659, 33.952138494563954 ], [ 131.980746840249196, 33.95300095717451 ], [ 131.981850889414005, 33.95342861870013 ], [ 131.982462332605223, 33.954569782655312 ], [ 131.983234755973911, 33.955588478795164 ], [ 131.983979790672237, 33.955861189473104 ], [ 131.984291544213249, 33.956222575339744 ], [ 131.984268826427439, 33.956412303541192 ], [ 131.983799457742577, 33.956683222002681 ], [ 131.984074191086734, 33.957662015992128 ], [ 131.982921867821631, 33.957818515862108 ], [ 131.984927874208523, 33.95866152573015 ], [ 131.986371120060568, 33.95849599819455 ], [ 131.987614311648287, 33.958645164152898 ], [ 131.988611797663964, 33.9584371236447 ], [ 131.989476319450404, 33.959035542971058 ], [ 131.990692442644786, 33.958942754533723 ], [ 131.991510318340858, 33.959361334031385 ], [ 131.99326578710847, 33.959535399233246 ], [ 131.994129675468855, 33.959797090388051 ] ] ] } },
{ "type": "Feature", "properties": { "CITY_NAME": "田布施町", "S_NAME": "大字下田布施", "JINKO": 3120, "medical_area": "35_柳井医療圏", "町丁目名": "田布施町大字下田布施" }, "geometry": { "type": "Polygon", "coordinates": [ [ [ 132.032099953347341, 33.959147466490698 ], [ 132.035158743211156, 33.958903935228442 ], [ 132.035205445797175, 33.959316197541511 ], [ 132.035367062176761, 33.959444288025438 ], [ 132.035736036820907, 33.959185884537945 ], [ 132.036514316846279, 33.959390278200168 ], [ 132.037222826542262, 33.959170124474063 ], [ 132.038789502687536, 33.959749784491024 ], [ 132.040119180698326, 33.960974547805399 ], [ 132.040089617302669, 33.961371373685246 ], [ 132.039655228883248, 33.961901053676954 ], [ 132.039252474925235, 33.961675375251694 ], [ 132.038843727461597, 33.962289745116728 ], [ 132.039309407190331, 33.962460969744647 ], [ 132.039872794764932, 33.962371950231542 ], [ 132.04010580362845, 33.961626803827684 ], [ 132.040346141798551, 33.961540690946563 ], [ 132.041072431740531, 33.960394253909115 ], [ 132.042254411986704, 33.960691295658528 ], [ 132.042264482204814, 33.960285856408213 ], [ 132.042010197593669, 33.959836337789582 ], [ 132.042157694698773, 33.959339521413519 ], [ 132.042014952594229, 33.958798155234931 ], [ 132.041439340914565, 33.958795086836062 ], [ 132.041318631641218, 33.958337389378016 ], [ 132.042166630929529, 33.957778958475529 ], [ 132.042732448011947, 33.957916462470997 ], [ 132.042988822021925, 33.957824303187898 ], [ 132.042854503455544, 33.957582844020429 ], [ 132.043260545044745, 33.957436736862277 ], [ 132.043316156088821, 33.957556257764374 ], [ 132.043679405432158, 33.957439406510062 ], [ 132.043975248546161, 33.957580863903509 ], [ 132.046198189028502, 33.957004607447871 ], [ 132.046154432468995, 33.956853119015989 ], [ 132.047408886898097, 33.956487350868407 ], [ 132.047488592539821, 33.956794119535012 ], [ 132.049110547784238, 33.95653998435926 ], [ 132.049546062400026, 33.956817788369008 ], [ 132.049529782298407, 33.956957103557023 ], [ 132.049700671485425, 33.956920777326289 ], [ 132.049678099214873, 33.956670555314588 ], [ 132.050027103599376, 33.956612280831713 ], [ 132.051433233407749, 33.956609237936433 ], [ 132.052548718777018, 33.956834838112236 ], [ 132.054047483745819, 33.95668758961456 ], [ 132.055259509308797, 33.956750115315984 ], [ 132.056227085239527, 33.957124175980695 ], [ 132.057771415674694, 33.956976078247664 ], [ 132.05850510175361, 33.957282995619821 ], [ 132.059522488599299, 33.957432795073657 ], [ 132.059960908207984, 33.956614244974617 ], [ 132.059404195518084, 33.955435447623614 ], [ 132.059504241998809, 33.955183642612312 ], [ 132.060032438146038, 33.954771748324454 ], [ 132.060106358196123, 33.954264083388225 ], [ 132.059679814150229, 33.95376288695519 ], [ 132.058713315549483, 33.95359397669079 ], [ 132.058074898131906, 33.953263758577918 ], [ 132.057887331614296, 33.952802632901403 ], [ 132.058056200388108, 33.952469316835526 ], [ 132.058602053526528, 33.952056594945702 ], [ 132.058575011688333, 33.95169971955287 ], [ 132.058258473642098, 33.951158321609071 ], [ 132.05854382123232, 33.950057308804134 ], [ 132.059043937103098, 33.94937067198731 ], [ 132.059694824721021, 33.948849554542143 ], [ 132.060363893236371, 33.947627993486904 ], [ 132.061438804720183, 33.943763279226346 ], [ 132.058602515986621, 33.945760082813123 ], [ 132.054044771469734, 33.948298915019336 ], [ 132.050209018929252, 33.950222880154321 ], [ 132.042224841308695, 33.954833943452577 ], [ 132.041720072309943, 33.954155240244042 ], [ 132.041290207105163, 33.95218967451153 ], [ 132.041247145237946, 33.951811790273332 ], [ 132.041649750403138, 33.951129197719055 ], [ 132.040689836290198, 33.950794210058987 ], [ 132.038930891445233, 33.94964717824331 ], [ 132.038397121003129, 33.948266983152465 ], [ 132.038601678530512, 33.947964586156225 ], [ 132.038066778192871, 33.94735993200112 ], [ 132.037505825579927, 33.947121676225493 ], [ 132.036782233922594, 33.946246608567222 ], [ 132.037042854939813, 33.945587705676395 ], [ 132.036911171845816, 33.945324965141097 ], [ 132.036740074273524, 33.945329714011365 ], [ 132.035614655651273, 33.943183164657938 ], [ 132.033925397613871, 33.941333968083946 ], [ 132.033286771567816, 33.940858645956517 ], [ 132.033018929526463, 33.939951074495248 ], [ 132.032500433847275, 33.939756800729825 ], [ 132.032319702420523, 33.939447226704011 ], [ 132.031858317643099, 33.939181159059864 ], [ 132.030697848683843, 33.939272447978517 ], [ 132.029615380343898, 33.938307474189642 ], [ 132.029138507538278, 33.940883259148357 ], [ 132.027996474594403, 33.940970877996627 ], [ 132.02670242971783, 33.940590726298502 ], [ 132.026122911853491, 33.940594576221315 ], [ 132.023355251736632, 33.941719721327125 ], [ 132.022941006534381, 33.942138645709704 ], [ 132.022587851917137, 33.945719031619674 ], [ 132.020221016279294, 33.947735930143871 ], [ 132.019509011347424, 33.948165479214147 ], [ 132.018415571734181, 33.948284911901347 ], [ 132.017680794620532, 33.948832341113317 ], [ 132.017508461994964, 33.949292816262307 ], [ 132.017761002897998, 33.950606978762991 ], [ 132.017429029520315, 33.951503851330678 ], [ 132.015844610323512, 33.952259594561923 ], [ 132.01535028332836, 33.952916627012648 ], [ 132.015567484888123, 33.954493890988239 ], [ 132.016307798027441, 33.955033087670252 ], [ 132.019607608763295, 33.955437282436208 ], [ 132.020580454146113, 33.955628338088275 ], [ 132.021103739126204, 33.955965373259694 ], [ 132.021729019791678, 33.955990197971374 ], [ 132.021869202532088, 33.956363128848324 ], [ 132.022195860089766, 33.956653439365553 ], [ 132.023642021636562, 33.957391776387915 ], [ 132.024158402382994, 33.958165517915404 ], [ 132.024444339368472, 33.959306265825873 ], [ 132.026350164435399, 33.960103847573521 ], [ 132.027800211213759, 33.961056277272135 ], [ 132.028159647978413, 33.961598501431034 ], [ 132.028615814871529, 33.963810947475999 ], [ 132.030491594913826, 33.965350293137355 ], [ 132.031882876382639, 33.964235495720175 ], [ 132.032495430389559, 33.963168159970209 ], [ 132.032679964339451, 33.960349373772324 ], [ 132.032597329234278, 33.95994735655438 ], [ 132.032099953347341, 33.959147466490698 ] ] ] } },
{ "type": "Feature", "properties": { "CITY_NAME": "田布施町", "S_NAME": "大字波野", "JINKO": 2642, "medical_area": "35_柳井医療圏", "町丁目名": "田布施町大字波野" }, "geometry": { "type": "Polygon", "coordinates": [ [ [ 132.048074478543271, 33.971378221246901 ], [ 132.049717244932765, 33.971083118640053 ], [ 132.050606344703652, 33.970175434048116 ], [ 132.052031353421029, 33.967812291996388 ], [ 132.052652421762474, 33.96707030820928 ], [ 132.053221947265996, 33.966665392000515 ], [ 132.052984195359699, 33.965116076653139 ], [ 132.054022612165198, 33.964428707388414 ], [ 132.054624785525249, 33.964370935921892 ], [ 132.054667979751713, 33.964015539452518 ], [ 132.056347005218811, 33.962779867107784 ], [ 132.057130685874739, 33.963168690974015 ], [ 132.057389535787962, 33.96284715462361 ], [ 132.057250422086099, 33.961732678349492 ], [ 132.057383251457367, 33.961623333656014 ], [ 132.057158165505513, 33.960998757682596 ], [ 132.057296837077104, 33.959450762269377 ], [ 132.057199755830851, 33.958631745562379 ], [ 132.057779428431246, 33.958155103013851 ], [ 132.059023149639557, 33.957897401562718 ], [ 132.059522488599299, 33.957432795073657 ], [ 132.05850510175361, 33.957282995619821 ], [ 132.057771415674694, 33.956976078247664 ], [ 132.056227085239527, 33.957124175980695 ], [ 132.055259509308797, 33.956750115315984 ], [ 132.054047483745819, 33.95668758961456 ], [ 132.052548718777018, 33.956834838112236 ], [ 132.051433233407749, 33.956609237936433 ], [ 132.050027103599376, 33.956612280831713 ], [ 132.049678099214873, 33.956670555314588 ], [ 132.049700671485425, 33.956920777326289 ], [ 132.049529782298407, 33.956957103557023 ], [ 132.049546062400026, 33.956817788369008 ], [ 132.049110547784238, 33.956539984359253 ], [ 132.047488592539821, 33.956794119535012 ], [ 132.047408886898097, 33.956487350868407 ], [ 132.046154432468995, 33.956853119015989 ], [ 132.046198189028502, 33.957004607447871 ], [ 132.043975248546161, 33.957580863903509 ], [ 132.043679405432158, 33.957439406510062 ], [ 132.043316156088821, 33.957556257764374 ], [ 132.043260545044745, 33.957436736862277 ], [ 132.042854503455544, 33.957582844020429 ], [ 132.042988822021925, 33.957824303187898 ], [ 132.042732448011947, 33.957916462470997 ], [ 132.042166630929529, 33.957778958475529 ], [ 132.041318631641218, 33.958337389378016 ], [ 132.041439340914565, 33.958795086836062 ], [ 132.042014952594229, 33.958798155234931 ], [ 132.042157694698744, 33.959339521413504 ], [ 132.04201019759364, 33.959836337789554 ], [ 132.042264482204843, 33.960285856408184 ], [ 132.042254411986704, 33.960691295658528 ], [ 132.041072431740531, 33.960394253909101 ], [ 132.040346141798551, 33.961540690946563 ], [ 132.04010580362845, 33.961626803827684 ], [ 132.039872794764932, 33.962371950231542 ], [ 132.039309407190331, 33.962460969744647 ], [ 132.038843727461597, 33.96228974511672 ], [ 132.039252474925235, 33.961675375251673 ], [ 132.039655228883248, 33.961901053676961 ], [ 132.040089617302669, 33.961371373685232 ], [ 132.040119180698326, 33.960974547805399 ], [ 132.038553651092798, 33.959604716245195 ], [ 132.037102739261996, 33.959159714300277 ], [ 132.036514316846251, 33.959390278200139 ], [ 132.035736036820907, 33.959185884537945 ], [ 132.035367062176761, 33.959444288025438 ], [ 132.035205445797175, 33.959316197541511 ], [ 132.035158743211127, 33.958903935228442 ], [ 132.032099953347313, 33.959147466490698 ], [ 132.032597329234278, 33.959947356554373 ], [ 132.032679964339451, 33.960349373772324 ], [ 132.032495430389559, 33.963168159970209 ], [ 132.031882876382639, 33.964235495720175 ], [ 132.030491594913826, 33.965350293137355 ], [ 132.031929305651261, 33.966326886268135 ], [ 132.032060763819487, 33.967013670390102 ], [ 132.033260592241447, 33.96866930637578 ], [ 132.033895712634688, 33.968266653600487 ], [ 132.034032228942493, 33.968377108910062 ], [ 132.034603949602456, 33.969635622439377 ], [ 132.036128308707191, 33.969509007128615 ], [ 132.036656123851145, 33.969703408287067 ], [ 132.036335377739874, 33.97009046047463 ], [ 132.037132047136282, 33.970595837072828 ], [ 132.037284173792585, 33.970886089844306 ], [ 132.037132028921803, 33.971306087984964 ], [ 132.036646424671659, 33.971209207695821 ], [ 132.036315719091476, 33.972239315235811 ], [ 132.035832697022926, 33.972899947656316 ], [ 132.036279145106619, 33.974587718699418 ], [ 132.037173514294608, 33.975820781857642 ], [ 132.038240931635841, 33.976562494148993 ], [ 132.038871062287342, 33.976807431420518 ], [ 132.039498712599652, 33.977484580772717 ], [ 132.040145874790682, 33.978609036705187 ], [ 132.042008112261044, 33.980081423579655 ], [ 132.043926312803706, 33.977980034287512 ], [ 132.045709884941772, 33.976675699015331 ], [ 132.04909839916732, 33.975417688767408 ], [ 132.04889600273728, 33.974757750984281 ], [ 132.049390109341743, 33.973394366450876 ], [ 132.048373772811061, 33.97220266333224 ], [ 132.048053813861458, 33.97166785120983 ], [ 132.048074478543271, 33.971378221246901 ] ] ] } },
{ "type": "Feature", "properties": { "CITY_NAME": "田布施町", "S_NAME": "大字大波野", "JINKO": 781, "medical_area": "35_柳井医療圏", "町丁目名": "田布施町大字大波野" }, "geometry": { "type": "Polygon", "coordinates": [ [ [ 132.062406975200787, 33.990973491966081 ], [ 132.063024803919689, 33.989542679706531 ], [ 132.062501953772653, 33.988772194661337 ], [ 132.062098231308113, 33.987716104079141 ], [ 132.061487210335969, 33.987026263075165 ], [ 132.061053555726545, 33.985991561021379 ], [ 132.060711099525264, 33.985647242116684 ], [ 132.061152156948083, 33.98510072996767 ], [ 132.061173781746191, 33.984331551976489 ], [ 132.060985992033693, 33.983605021343443 ], [ 132.061438880313489, 33.982915104849234 ], [ 132.061881986001197, 33.978722578249545 ], [ 132.061737579370487, 33.978642991349581 ], [ 132.061940560729425, 33.977956007420588 ], [ 132.062500649698165, 33.972421955704128 ], [ 132.063784486275722, 33.965171425984025 ], [ 132.059869415107357, 33.96392847437648 ], [ 132.057383251457367, 33.961623333656014 ], [ 132.057250422086099, 33.961732678349492 ], [ 132.057389535787962, 33.96284715462361 ], [ 132.057130685874739, 33.963168690974015 ], [ 132.056347005218811, 33.962779867107784 ], [ 132.054667979751713, 33.964015539452518 ], [ 132.054624785525249, 33.964370935921892 ], [ 132.054022612165198, 33.964428707388414 ], [ 132.052984195359699, 33.965116076653139 ], [ 132.053221947265996, 33.966665392000515 ], [ 132.052652421762474, 33.96707030820928 ], [ 132.052031353421029, 33.967812291996388 ], [ 132.051003713423995, 33.969648504959316 ], [ 132.049923374955569, 33.970945394456606 ], [ 132.048074478543271, 33.971378221246901 ], [ 132.048053813861458, 33.97166785120983 ], [ 132.048373772811061, 33.97220266333224 ], [ 132.049390109341743, 33.973394366450876 ], [ 132.04889600273728, 33.974757750984281 ], [ 132.049098399167377, 33.975417688767408 ], [ 132.045709884941772, 33.976675699015367 ], [ 132.043926312803706, 33.977980034287562 ], [ 132.042008112261044, 33.980081423579655 ], [ 132.042487020712372, 33.980738402457426 ], [ 132.043264382607873, 33.980589572084426 ], [ 132.043443862557098, 33.980699637388177 ], [ 132.043542034018714, 33.981255500345299 ], [ 132.043328938670413, 33.981585084654377 ], [ 132.043326451253705, 33.98204166809743 ], [ 132.042658517523677, 33.982544776001809 ], [ 132.04186308797324, 33.983745660025846 ], [ 132.041728593811314, 33.984194502844879 ], [ 132.04283655501203, 33.984233241922297 ], [ 132.042915124678416, 33.985105358167282 ], [ 132.043942849386411, 33.985857980165946 ], [ 132.045086865502498, 33.985348437492007 ], [ 132.045319640863056, 33.984784027022954 ], [ 132.045633166898767, 33.984636274491429 ], [ 132.046433028295866, 33.984615789446494 ], [ 132.047261055829665, 33.98492258889064 ], [ 132.049189279700727, 33.985164088539513 ], [ 132.050447513198947, 33.984966226949183 ], [ 132.05105088899964, 33.98505597428052 ], [ 132.051377098468919, 33.985326064728483 ], [ 132.050706296784909, 33.985824987906767 ], [ 132.050728727047414, 33.986619283983103 ], [ 132.051000664537156, 33.98742805111462 ], [ 132.052650459017684, 33.987992974401145 ], [ 132.053400102082435, 33.987762063064253 ], [ 132.054126968189934, 33.988714797011667 ], [ 132.055522945801073, 33.989781823473237 ], [ 132.056489243079852, 33.989660975063906 ], [ 132.05819952571909, 33.990051184893581 ], [ 132.059090508076366, 33.989851780313764 ], [ 132.060368954123646, 33.990742121887209 ], [ 132.062029752771906, 33.991130112814552 ], [ 132.062406975200787, 33.990973491966081 ] ] ] } },
{ "type": "Feature", "properties": { "CITY_NAME": "田布施町", "S_NAME": "大字大波野", "JINKO": 0, "medical_area": "35_柳井医療圏", "町丁目名": "田布施町大字大波野" }, "geometry": { "type": "Polygon", "coordinates": [ [ [ 132.068798806513371, 34.019956152425905 ], [ 132.069418535112703, 34.020024685150815 ], [ 132.069387415774429, 34.019826305996091 ], [ 132.068644508685338, 34.019883197108413 ], [ 132.068560236030692, 34.019572494613534 ], [ 132.069571285153586, 34.019158831241974 ], [ 132.069777309026591, 34.018550120066131 ], [ 132.071243209815719, 34.017756429659336 ], [ 132.071624251252928, 34.017306760475726 ], [ 132.073000144099609, 34.01731950417873 ], [ 132.07345628538576, 34.016879325136848 ], [ 132.072854589698323, 34.016676006030352 ], [ 132.072839729592602, 34.016385928427042 ], [ 132.072562594082058, 34.016295696316135 ], [ 132.072787177160365, 34.015903100567641 ], [ 132.072039031461458, 34.015126294120286 ], [ 132.07171019778724, 34.014847245418899 ], [ 132.071278415197298, 34.014769006674697 ], [ 132.071094490296275, 34.012535671836147 ], [ 132.070547514492972, 34.012065278901524 ], [ 132.07039337429859, 34.011613786497172 ], [ 132.07059971447481, 34.010743882848658 ], [ 132.071584488067771, 34.009926988810413 ], [ 132.071598662446803, 34.009718499884883 ], [ 132.069794060870834, 34.009609604424334 ], [ 132.069511108912678, 34.00946399504187 ], [ 132.068432520626573, 34.007696099562857 ], [ 132.067891983160933, 34.007462653614404 ], [ 132.068029730602404, 34.006984763069852 ], [ 132.067370394670547, 34.00601667789276 ], [ 132.0673897026021, 34.005647591375741 ], [ 132.066974833959421, 34.005337041148174 ], [ 132.066819631133598, 34.004885257372358 ], [ 132.066560391347736, 34.004657386301396 ], [ 132.065869283815147, 34.00431969804275 ], [ 132.06568162127985, 34.003039660809591 ], [ 132.066262772737105, 34.002430978827242 ], [ 132.066023267937425, 34.001224721090082 ], [ 132.065585664513179, 34.000900623148311 ], [ 132.065697577174205, 34.00035974155692 ], [ 132.065467112215316, 33.999885355025896 ], [ 132.065410835815157, 33.999110758554806 ], [ 132.064982432857221, 33.998292183031232 ], [ 132.065227924162883, 33.997880316240014 ], [ 132.065129019669484, 33.997650038680803 ], [ 132.064458939066526, 33.996989609879577 ], [ 132.064025137108644, 33.99679695040205 ], [ 132.062442424045543, 33.997098652672072 ], [ 132.062020288331894, 33.996600994140394 ], [ 132.061587406314857, 33.996678813499265 ], [ 132.061439526777946, 33.996899444161848 ], [ 132.061434705743807, 33.998140154045871 ], [ 132.061243234134992, 33.998335529265283 ], [ 132.060506605473137, 33.998501274173321 ], [ 132.059728587344836, 33.99820996909007 ], [ 132.059288612272127, 33.998586857961961 ], [ 132.058937169852982, 33.999269669692374 ], [ 132.057672097338354, 33.999405490830966 ], [ 132.056197655024903, 33.999277105237532 ], [ 132.055667503549245, 33.999983414903262 ], [ 132.054834303383046, 34.000072965233734 ], [ 132.054551097627922, 34.0003372767694 ], [ 132.054276260901474, 34.001623104048598 ], [ 132.054378111451882, 34.00227983079612 ], [ 132.053244068429223, 34.003017839902427 ], [ 132.053686736108602, 34.005040136104554 ], [ 132.053524634132401, 34.006035576713963 ], [ 132.054304341637675, 34.006912415651406 ], [ 132.054652855327049, 34.007103059891875 ], [ 132.056259394253829, 34.006870511913988 ], [ 132.056622786565839, 34.007561566394884 ], [ 132.058082667573188, 34.008392218561006 ], [ 132.058326447353011, 34.008679685278061 ], [ 132.057849920152023, 34.008585579912761 ], [ 132.057621056829134, 34.008759644349176 ], [ 132.057680543241304, 34.00921952586576 ], [ 132.058132933029242, 34.01002040033957 ], [ 132.057859163938019, 34.010479986836131 ], [ 132.057863063626343, 34.011077316763256 ], [ 132.057561763938395, 34.011456858672204 ], [ 132.057307480651701, 34.011576801945516 ], [ 132.05710997058344, 34.011476460917066 ], [ 132.056754268789661, 34.010830777114592 ], [ 132.05667353387679, 34.010320723586787 ], [ 132.056184460841422, 34.009595886511519 ], [ 132.055621644761061, 34.009411813590503 ], [ 132.055033891638857, 34.009584561802683 ], [ 132.053897195641468, 34.010661526542201 ], [ 132.053932721986968, 34.011584031875991 ], [ 132.053700548661595, 34.012025753642405 ], [ 132.053963348634909, 34.012281547626515 ], [ 132.054363779935585, 34.01350530000677 ], [ 132.054650456209856, 34.013708003761217 ], [ 132.054767192152042, 34.013530745320779 ], [ 132.055500309167428, 34.013513519483666 ], [ 132.055734302454454, 34.013806053694168 ], [ 132.05608262883834, 34.013914139176471 ], [ 132.056211138569864, 34.013495001871114 ], [ 132.056727861065298, 34.013524768467121 ], [ 132.057082793592855, 34.013685546518083 ], [ 132.057636411909897, 34.014282093870769 ], [ 132.058188849787001, 34.014189603900476 ], [ 132.058427516942061, 34.013754078992484 ], [ 132.058317196032135, 34.014101668529229 ], [ 132.058748841604427, 34.014213765069194 ], [ 132.059068383032184, 34.013571783461558 ], [ 132.058667094228895, 34.013401954191949 ], [ 132.058794938658679, 34.013205541827247 ], [ 132.059906469665776, 34.013540676438012 ], [ 132.060062016645759, 34.013237501205943 ], [ 132.060578585872321, 34.013520970357334 ], [ 132.060649208435791, 34.013674306280507 ], [ 132.060173548000051, 34.014688076994489 ], [ 132.060201556490966, 34.014947598323403 ], [ 132.060823847848638, 34.015649847023091 ], [ 132.060534539845008, 34.016341167664208 ], [ 132.060760137371801, 34.017802969862906 ], [ 132.060578367198275, 34.018461135490774 ], [ 132.060705204576038, 34.018622690373967 ], [ 132.062190459640078, 34.018920644202588 ], [ 132.063050883849087, 34.019420639662052 ], [ 132.06380737444394, 34.019644562961162 ], [ 132.064797495769938, 34.019501687948839 ], [ 132.066029910828433, 34.020324714799436 ], [ 132.066756636475219, 34.020348689711724 ], [ 132.067018984658034, 34.019907395512774 ], [ 132.067962924661799, 34.022549436484837 ], [ 132.068034206822659, 34.021984862626475 ], [ 132.068798806513371, 34.019956152425905 ] ] ] } },
{ "type": "Feature", "properties": { "CITY_NAME": "田布施町", "S_NAME": "大字麻郷奥", "JINKO": 620, "medical_area": "35_柳井医療圏", "町丁目名": "田布施町大字麻郷奥" }, "geometry": { "type": "Polygon", "coordinates": [ [ [ 132.042749449526013, 33.950279696963186 ], [ 132.04409165499618, 33.949648072430037 ], [ 132.044237964970534, 33.949741480158124 ], [ 132.044736250923648, 33.950686008822728 ], [ 132.045010314838805, 33.950914929045865 ], [ 132.047268746427108, 33.94914304999962 ], [ 132.049698256430673, 33.950511764927718 ], [ 132.050209018929252, 33.950222880154293 ], [ 132.049247756112294, 33.949204396994034 ], [ 132.048433550845147, 33.947744673937969 ], [ 132.047567955645292, 33.94712017306793 ], [ 132.047602020878827, 33.946180115980347 ], [ 132.048137474168442, 33.945348455726666 ], [ 132.043411668861097, 33.943487250085511 ], [ 132.043180166883445, 33.943810072985606 ], [ 132.042873129877279, 33.943658495591308 ], [ 132.040088301960481, 33.940144378829309 ], [ 132.040870120487483, 33.939523184411655 ], [ 132.04109911659188, 33.938360149851412 ], [ 132.041043573057721, 33.937748661567973 ], [ 132.040215108241114, 33.936067781708473 ], [ 132.038276040675214, 33.934558742611429 ], [ 132.036032836585861, 33.933781240735307 ], [ 132.034117255430971, 33.93242756070341 ], [ 132.032762748290054, 33.931111520052376 ], [ 132.030995077050989, 33.928602860541375 ], [ 132.029639734519122, 33.930053171241781 ], [ 132.028515056089759, 33.930686600985887 ], [ 132.026372991300263, 33.931234480979327 ], [ 132.025563273304272, 33.931658885879585 ], [ 132.025618014921747, 33.932138794923709 ], [ 132.025986520434003, 33.932881103047912 ], [ 132.02703378049145, 33.934078384839012 ], [ 132.027095049900311, 33.935051531638059 ], [ 132.027339609304278, 33.935639007221859 ], [ 132.028272981907264, 33.936809383648345 ], [ 132.029076017576642, 33.937246312050547 ], [ 132.029615380343898, 33.938307474189642 ], [ 132.030697848683843, 33.939272447978517 ], [ 132.031858317643099, 33.939181159059864 ], [ 132.032319702420523, 33.939447226704011 ], [ 132.032500433847275, 33.939756800729825 ], [ 132.033018929526463, 33.939951074495248 ], [ 132.033286771567816, 33.940858645956517 ], [ 132.033925397613871, 33.941333968083946 ], [ 132.035614655651273, 33.943183164657938 ], [ 132.036740074273524, 33.945329714011365 ], [ 132.036911171845816, 33.945324965141097 ], [ 132.037042854939813, 33.945587705676395 ], [ 132.036782233922594, 33.946246608567222 ], [ 132.037505825579927, 33.947121676225493 ], [ 132.038066778192871, 33.94735993200112 ], [ 132.038601678530512, 33.947964586156225 ], [ 132.038397121003129, 33.948266983152465 ], [ 132.038930891445233, 33.94964717824331 ], [ 132.040689836290198, 33.950794210058987 ], [ 132.041649750403138, 33.951129197719055 ], [ 132.042749449526013, 33.950279696963186 ] ] ] } },
{ "type": "Feature", "properties": { "CITY_NAME": "田布施町", "S_NAME": "大字麻郷", "JINKO": 3276, "medical_area": "35_柳井医療圏", "町丁目名": "田布施町大字麻郷" }, "geometry": { "type": "Polygon", "coordinates": [ [ [ 132.061473113209246, 33.943626794278991 ], [ 132.061633823220632, 33.939314666946395 ], [ 132.062189681692217, 33.938066359809042 ], [ 132.062379246096185, 33.937193613950846 ], [ 132.061811914366956, 33.936783587128957 ], [ 132.061725634968184, 33.934746630640284 ], [ 132.061988466146573, 33.932947216332323 ], [ 132.061953028036214, 33.930909455632538 ], [ 132.061552655038327, 33.930131862067057 ], [ 132.060929790941628, 33.929976216715723 ], [ 132.060448304633752, 33.929200380475443 ], [ 132.059946689079823, 33.928969180179685 ], [ 132.05807702274177, 33.928552784538148 ], [ 132.057728015609001, 33.928258452274989 ], [ 132.057284488344123, 33.928299619830938 ], [ 132.056907331769281, 33.928888034160543 ], [ 132.057414869150733, 33.927831720459672 ], [ 132.057212508899795, 33.927904518701411 ], [ 132.056767658083345, 33.929005124297532 ], [ 132.056166445600951, 33.929715059887407 ], [ 132.056406726990332, 33.930455476107241 ], [ 132.055445871647805, 33.931566462204167 ], [ 132.055654348922076, 33.931793753935501 ], [ 132.055411234946035, 33.931582631944913 ], [ 132.056346074655011, 33.930521355103075 ], [ 132.056268550705511, 33.930235433107988 ], [ 132.05585672286341, 33.93086354362277 ], [ 132.0552566639264, 33.931496835263623 ], [ 132.055168591451775, 33.931859248618309 ], [ 132.054770198515882, 33.932119379960071 ], [ 132.056243707246892, 33.930209206557279 ], [ 132.056140555053844, 33.929656429231898 ], [ 132.056685596956328, 33.928884173207905 ], [ 132.056864043803046, 33.928043118629887 ], [ 132.057259589959017, 33.927445702701675 ], [ 132.057705627267808, 33.926247744334596 ], [ 132.056256230551611, 33.92455500293714 ], [ 132.055866068945363, 33.924315712966262 ], [ 132.05309318279896, 33.926565487772891 ], [ 132.05311751995643, 33.926980271854767 ], [ 132.05507048583209, 33.929041495005777 ], [ 132.05495898554102, 33.929113526076883 ], [ 132.053137861164174, 33.927145265437311 ], [ 132.05275511974915, 33.92702135698282 ], [ 132.052267159623369, 33.927134596551575 ], [ 132.052153836045335, 33.926945143308799 ], [ 132.052216794999964, 33.926772055809494 ], [ 132.054310376327237, 33.925434184191786 ], [ 132.055680462837557, 33.92397559320495 ], [ 132.054320194958478, 33.92199606748666 ], [ 132.055565939916704, 33.921321946147252 ], [ 132.055572751010658, 33.921156978081562 ], [ 132.054216431251547, 33.921947366968382 ], [ 132.053165779547072, 33.922298045284016 ], [ 132.053091273309178, 33.922200626179169 ], [ 132.053144137733625, 33.922306056187608 ], [ 132.051465872863218, 33.922869013059177 ], [ 132.051378572385801, 33.922639008574862 ], [ 132.052351224175084, 33.922392808276513 ], [ 132.052649984953149, 33.922208246688825 ], [ 132.052656815360052, 33.921943251103855 ], [ 132.052982294539788, 33.922003851444401 ], [ 132.052634137370092, 33.921919701874366 ], [ 132.052375126237592, 33.919829449694753 ], [ 132.051916727345002, 33.919693774079725 ], [ 132.051243651472731, 33.919972653380491 ], [ 132.052232810420918, 33.919485845571913 ], [ 132.052472926068901, 33.919476066269276 ], [ 132.052791804904786, 33.918782093060855 ], [ 132.05303297939281, 33.918784994138839 ], [ 132.052816741121148, 33.91873351224023 ], [ 132.053036136366416, 33.918021412789095 ], [ 132.05280735295176, 33.917637012896385 ], [ 132.05285962220043, 33.917361213038689 ], [ 132.053046756009877, 33.917334337029516 ], [ 132.053030833324044, 33.917103416028674 ], [ 132.052895634663059, 33.917111461367583 ], [ 132.052860279021132, 33.91685628994496 ], [ 132.051866528990701, 33.916738149719599 ], [ 132.052998911690452, 33.916700461818003 ], [ 132.052958892729322, 33.91587259768157 ], [ 132.051910963296848, 33.915842882230749 ], [ 132.049816664112456, 33.915439672499133 ], [ 132.049501663898099, 33.917140670572316 ], [ 132.048319162279796, 33.916630104384105 ], [ 132.047854408823554, 33.917760518666327 ], [ 132.046669500139899, 33.919076760660836 ], [ 132.045331587522128, 33.919966111091945 ], [ 132.044401072906453, 33.921596065602898 ], [ 132.043799697105442, 33.922212961560753 ], [ 132.042979493172425, 33.922590978482859 ], [ 132.041218807898559, 33.922646396514672 ], [ 132.040382011296174, 33.923378842284585 ], [ 132.039539111324899, 33.923267100167351 ], [ 132.038631492009756, 33.923462270417325 ], [ 132.035285303950701, 33.92460497676332 ], [ 132.03306393436975, 33.925863233961572 ], [ 132.031729035299918, 33.927374595764967 ], [ 132.030995077050989, 33.928602860541375 ], [ 132.032762748290054, 33.931111520052376 ], [ 132.034117255430971, 33.93242756070341 ], [ 132.036032836585861, 33.933781240735307 ], [ 132.038276040675214, 33.934558742611429 ], [ 132.040215108241114, 33.936067781708473 ], [ 132.041043573057721, 33.937748661567973 ], [ 132.04109911659188, 33.938360149851412 ], [ 132.040870120487483, 33.939523184411655 ], [ 132.040088301960481, 33.940144378829309 ], [ 132.042873129877279, 33.943658495591308 ], [ 132.043180166883445, 33.943810072985606 ], [ 132.043411668861097, 33.943487250085511 ], [ 132.048137474168442, 33.945348455726666 ], [ 132.047602020878827, 33.946180115980347 ], [ 132.047567955645292, 33.94712017306793 ], [ 132.048433550845147, 33.947744673937969 ], [ 132.049247756112294, 33.949204396994034 ], [ 132.050209018929252, 33.950222880154293 ], [ 132.054044771469734, 33.948298915019336 ], [ 132.058602515986621, 33.945760082813123 ], [ 132.060309333649997, 33.944677478338853 ], [ 132.061473113209246, 33.943626794278991 ] ] ] } },
{ "type": "Feature", "properties": { "CITY_NAME": "田布施町", "S_NAME": "大字別府", "JINKO": 634, "medical_area": "35_柳井医療圏", "町丁目名": "田布施町大字別府" }, "geometry": { "type": "Polygon", "coordinates": [ [ [ 132.024762749117684, 33.931616551233049 ], [ 132.025563273304272, 33.931658885879585 ], [ 132.026372991300263, 33.931234480979327 ], [ 132.028207962647429, 33.930832353198767 ], [ 132.029639734519122, 33.930053171241802 ], [ 132.030995077050989, 33.928602860541396 ], [ 132.031729035299918, 33.927374595764988 ], [ 132.03306393436975, 33.925863233961572 ], [ 132.035285303950701, 33.92460497676332 ], [ 132.038631492009756, 33.923462270417325 ], [ 132.039539111324899, 33.923267100167351 ], [ 132.040382011296174, 33.923378842284585 ], [ 132.041218807898559, 33.922646396514672 ], [ 132.042979493172425, 33.922590978482859 ], [ 132.043799697105442, 33.922212961560753 ], [ 132.044401072906453, 33.921596065602898 ], [ 132.045331587522128, 33.919966111091945 ], [ 132.046669500139899, 33.919076760660836 ], [ 132.047854408823554, 33.917760518666327 ], [ 132.048319162279796, 33.916630104384105 ], [ 132.049501663898099, 33.917140670572316 ], [ 132.049838423959017, 33.915342202424206 ], [ 132.04845779384317, 33.915026289403826 ], [ 132.047823709680557, 33.916070603688631 ], [ 132.047728671547816, 33.915974147977288 ], [ 132.048076711664606, 33.915320789674531 ], [ 132.047601096500955, 33.915146198495172 ], [ 132.047617597022025, 33.914941653032272 ], [ 132.047432365851847, 33.915164067685495 ], [ 132.046855115286547, 33.91497331346595 ], [ 132.047080706237921, 33.914500167940311 ], [ 132.046834790476055, 33.914807334427842 ], [ 132.046224192748781, 33.91449299024319 ], [ 132.046332588525132, 33.91431192146127 ], [ 132.046147938621999, 33.914111545794832 ], [ 132.046284972119452, 33.91433976951236 ], [ 132.046160409948897, 33.914480389589905 ], [ 132.045483940631101, 33.914094689910925 ], [ 132.045624762684497, 33.913927038122566 ], [ 132.045922103499862, 33.913970723189856 ], [ 132.04547350985726, 33.913817844857149 ], [ 132.045586173983082, 33.913681863929078 ], [ 132.045480311182388, 33.913596947307333 ], [ 132.045700044793819, 33.913452055613931 ], [ 132.04545114227173, 33.913573532465854 ], [ 132.045013669946655, 33.913202435629294 ], [ 132.044831430214799, 33.91282271597688 ], [ 132.045277427536433, 33.912505749637276 ], [ 132.045090819925178, 33.912161105816075 ], [ 132.044752651394276, 33.911932680026837 ], [ 132.045090644336511, 33.912287336727765 ], [ 132.044590802235234, 33.912441951538632 ], [ 132.04372320827278, 33.911873888878233 ], [ 132.044077350044233, 33.911510062722556 ], [ 132.044627405654836, 33.911784628645762 ], [ 132.044054740773532, 33.911434246247325 ], [ 132.043576055389025, 33.911932348357489 ], [ 132.043244666689645, 33.911499223968015 ], [ 132.042528598450303, 33.911612189780676 ], [ 132.041129887114835, 33.911155438889402 ], [ 132.040535109659061, 33.911152151714596 ], [ 132.039743511827055, 33.910412842073171 ], [ 132.039838905948898, 33.910254310715601 ], [ 132.03954649852335, 33.91054520580262 ], [ 132.039301757781999, 33.910047224153594 ], [ 132.038559179112013, 33.909810196407015 ], [ 132.037337451315921, 33.908908275543794 ], [ 132.033511529287892, 33.908190962378171 ], [ 132.032945218666043, 33.907975804289826 ], [ 132.032446378970093, 33.9074892425404 ], [ 132.030285503142721, 33.907005537085972 ], [ 132.029244997284451, 33.905793551181674 ], [ 132.028988765221584, 33.90576340469822 ], [ 132.027446585370768, 33.904538313302197 ], [ 132.027185603764195, 33.902772526660044 ], [ 132.026355302873299, 33.902023252162088 ], [ 132.025091659050474, 33.901785721017276 ], [ 132.024034769286345, 33.902073045993617 ], [ 132.024244118676279, 33.90226586485938 ], [ 132.02502246975331, 33.902408187623102 ], [ 132.025812804623399, 33.90298386319845 ], [ 132.025554673095655, 33.904198657281277 ], [ 132.025282817278622, 33.9044920843819 ], [ 132.025433284203132, 33.905531801728365 ], [ 132.025105569223712, 33.905859117651644 ], [ 132.025115119274687, 33.906231049476276 ], [ 132.025618242038917, 33.907201426865463 ], [ 132.025528509200313, 33.907790905428726 ], [ 132.025765501211481, 33.908665889989997 ], [ 132.026605606563464, 33.909871342881189 ], [ 132.02731235037902, 33.910432120885432 ], [ 132.027348953733593, 33.912896028213012 ], [ 132.024591481595195, 33.913106381082066 ], [ 132.023981794680481, 33.913672037111972 ], [ 132.024041816854691, 33.914187734021354 ], [ 132.023716993198661, 33.914275979571812 ], [ 132.023065629427862, 33.913964732434792 ], [ 132.022304660873004, 33.913980766080726 ], [ 132.021717087294292, 33.913447556610443 ], [ 132.021113491040353, 33.913396141884867 ], [ 132.020880101668467, 33.913417004268972 ], [ 132.020556742410605, 33.913780948026456 ], [ 132.020003917520455, 33.914060517207488 ], [ 132.017875371339301, 33.914309486831236 ], [ 132.015764103784363, 33.914822448246774 ], [ 132.015729994404893, 33.91547116300454 ], [ 132.014861637067924, 33.915960378281923 ], [ 132.015149918293957, 33.91646367007008 ], [ 132.014656163306057, 33.917135493620933 ], [ 132.014744282137656, 33.91802399232342 ], [ 132.014086015757101, 33.918321997436536 ], [ 132.0134681979589, 33.918279681749148 ], [ 132.013451548485534, 33.919243703927052 ], [ 132.013751556223042, 33.919931144332466 ], [ 132.01279124054588, 33.920238071467949 ], [ 132.012042553301058, 33.920694023278536 ], [ 132.011717577865511, 33.921191918485462 ], [ 132.011953461602616, 33.921718263078986 ], [ 132.010857943953965, 33.922102913183657 ], [ 132.010325371151254, 33.922510660569145 ], [ 132.01019810906422, 33.922864958293829 ], [ 132.012508813882135, 33.923546466417122 ], [ 132.01646152059638, 33.924132714465998 ], [ 132.017577353291216, 33.92444540400043 ], [ 132.018263194976896, 33.925802215286105 ], [ 132.019890287119381, 33.926893999779487 ], [ 132.020353721026282, 33.927568359599718 ], [ 132.020675155188854, 33.928663571370542 ], [ 132.021920766207188, 33.930337009564361 ], [ 132.02411039528684, 33.931716532729446 ], [ 132.024386715282617, 33.931778134625752 ], [ 132.024762749117684, 33.931616551233049 ] ] ] } },
{ "type": "Feature", "properties": { "CITY_NAME": "田布施町", "S_NAME": "中央南", "JINKO": 485, "medical_area": "35_柳井医療圏", "町丁目名": "田布施町中央南" }, "geometry": { "type": "Polygon", "coordinates": [ [ [ 132.042224841308695, 33.954833943452577 ], [ 132.049698256430673, 33.950511764927704 ], [ 132.047268746427108, 33.94914304999962 ], [ 132.045010314838834, 33.950914929045872 ], [ 132.044736250923677, 33.950686008822728 ], [ 132.044237964970534, 33.949741480158124 ], [ 132.044091654996208, 33.949648072430037 ], [ 132.043653190919315, 33.949836270205793 ], [ 132.041920118423974, 33.950831247983409 ], [ 132.041317215863046, 33.951608291417052 ], [ 132.041290207105163, 33.95218967451153 ], [ 132.041720072309943, 33.954155240244042 ], [ 132.042224841308695, 33.954833943452577 ] ] ] } },
{ "type": "Feature", "properties": { "CITY_NAME": "田布施町", "S_NAME": "大字馬島", "JINKO": 24, "medical_area": "35_柳井医療圏", "町丁目名": "田布施町大字馬島" }, "geometry": { "type": "Polygon", "coordinates": [ [ [ 132.05053947316415, 33.886878072026235 ], [ 132.049584799790892, 33.88691606541785 ], [ 132.049359560098623, 33.887180004150849 ], [ 132.049220405695962, 33.888544861314962 ], [ 132.049416800546084, 33.888812013078699 ], [ 132.049149672911966, 33.888881216363771 ], [ 132.049327688911518, 33.889154549721795 ], [ 132.048997695096517, 33.889333579867106 ], [ 132.049225570470128, 33.88951144373975 ], [ 132.049816198429482, 33.889272220295908 ], [ 132.050805296193204, 33.88938486102478 ], [ 132.050980364358992, 33.890255100199866 ], [ 132.050661676857999, 33.890866224336747 ], [ 132.050092401963013, 33.891298476776946 ], [ 132.049099547294048, 33.891539151925251 ], [ 132.048291755011775, 33.890865685472932 ], [ 132.047380474397443, 33.890764792036947 ], [ 132.047119328858543, 33.891190986700529 ], [ 132.047729795823415, 33.891472905021416 ], [ 132.047800641034712, 33.891840809834321 ], [ 132.04743368996219, 33.892934109401445 ], [ 132.046883275177208, 33.8937794267637 ], [ 132.045615246053984, 33.894397516015516 ], [ 132.044830431627645, 33.894296730748543 ], [ 132.043434399774554, 33.894442303438161 ], [ 132.041525156240425, 33.895819907696918 ], [ 132.041202166495225, 33.896362395688534 ], [ 132.041814066124459, 33.897162785269749 ], [ 132.042206265209899, 33.897362381249309 ], [ 132.042262639864902, 33.898007105741208 ], [ 132.041872320655358, 33.898002208051537 ], [ 132.041730320075715, 33.898251846675926 ], [ 132.042669493722371, 33.898549477792081 ], [ 132.04328156953207, 33.898494154388494 ], [ 132.043551573231611, 33.898711658774346 ], [ 132.043655676444416, 33.899252742625443 ], [ 132.043485682333568, 33.899423885474853 ], [ 132.043880849750934, 33.899826489767982 ], [ 132.043512045681666, 33.900648304212609 ], [ 132.043570002341767, 33.900954917410594 ], [ 132.04391169586907, 33.90094722416908 ], [ 132.044229219397891, 33.900447129167823 ], [ 132.045033038914994, 33.900141360432919 ], [ 132.046146774096172, 33.899353509737999 ], [ 132.046900568685032, 33.899245053637586 ], [ 132.047669131388659, 33.899400899882608 ], [ 132.048663180457481, 33.899145871434705 ], [ 132.048969528670511, 33.898889195848277 ], [ 132.049248534740229, 33.898065304946023 ], [ 132.049948480533828, 33.896962302972291 ], [ 132.050418762583945, 33.897268034559971 ], [ 132.051220706080528, 33.896482947937088 ], [ 132.050418886124675, 33.897175898257721 ], [ 132.050134384128853, 33.897001219811635 ], [ 132.050576150347098, 33.896578849524715 ], [ 132.050701171041283, 33.896072216149996 ], [ 132.051169359942804, 33.896060960157278 ], [ 132.051444606982614, 33.896413702315378 ], [ 132.051188908681269, 33.896002371687175 ], [ 132.052071267460718, 33.89513127481603 ], [ 132.05237525707895, 33.895002648720457 ], [ 132.053725628778778, 33.895065169247957 ], [ 132.053209254363651, 33.894714890794084 ], [ 132.052165775369502, 33.894791416892815 ], [ 132.051906451636825, 33.894664102648385 ], [ 132.05141428187784, 33.894018978307813 ], [ 132.051319046021405, 33.893274197311108 ], [ 132.051775345584929, 33.89325109248135 ], [ 132.053898467390411, 33.890210014159962 ], [ 132.053738705596544, 33.890020525936862 ], [ 132.054125176821685, 33.889639510930337 ], [ 132.053410923754512, 33.889338648099759 ], [ 132.053228952973313, 33.888777636989623 ], [ 132.051980963244802, 33.887412351587848 ], [ 132.051510957666864, 33.887200880906981 ], [ 132.050972523504299, 33.887230110489327 ], [ 132.05053947316415, 33.886878072026235 ] ] ] } },
{ "type": "Feature", "properties": { "CITY_NAME": "平生町", "S_NAME": "大字宇佐木", "JINKO": 1159, "medical_area": "35_柳井医療圏", "町丁目名": "平生町大字宇佐木" }, "geometry": { "type": "Polygon", "coordinates": [ [ [ 132.086176894173263, 33.958268764092495 ], [ 132.087200664734098, 33.958462586172999 ], [ 132.087723517690137, 33.957460282835513 ], [ 132.088420133689198, 33.956679412352194 ], [ 132.089221207237159, 33.956596384806133 ], [ 132.090086027485597, 33.956846574267281 ], [ 132.091363601749777, 33.957610523554123 ], [ 132.092291664344287, 33.957387520453182 ], [ 132.093201976292931, 33.958135163642602 ], [ 132.093861869375445, 33.958097101881116 ], [ 132.094754693455769, 33.957679361931625 ], [ 132.094898495265255, 33.957197355463343 ], [ 132.09479496717816, 33.956822270130154 ], [ 132.096105020247251, 33.957095081352264 ], [ 132.096748139127612, 33.955251189805551 ], [ 132.097237648001737, 33.95506156497666 ], [ 132.097746952525256, 33.955086227392592 ], [ 132.098074767166963, 33.955380006803921 ], [ 132.098679323610696, 33.955037865567526 ], [ 132.099000306450222, 33.955233726901561 ], [ 132.099744730686268, 33.954875878097347 ], [ 132.100148706633064, 33.95491357379268 ], [ 132.101730991197513, 33.953875573987766 ], [ 132.102686449530097, 33.952942321095314 ], [ 132.104470275957624, 33.952455516016038 ], [ 132.105613748099586, 33.951687731881805 ], [ 132.106509938451808, 33.951485310229558 ], [ 132.106930321946351, 33.950246757147212 ], [ 132.107485087958594, 33.949411185707405 ], [ 132.107243643270351, 33.94903688962598 ], [ 132.106485900420012, 33.948807867441921 ], [ 132.105167769414408, 33.947618738743486 ], [ 132.105190392484019, 33.947364038212569 ], [ 132.105584208937984, 33.947085153026705 ], [ 132.105156584478323, 33.946351230787499 ], [ 132.105518006538404, 33.945465557002279 ], [ 132.105205081775949, 33.944958650393041 ], [ 132.105533911379013, 33.94439008002626 ], [ 132.105735545206812, 33.943559406554023 ], [ 132.10802230079301, 33.943586885847587 ], [ 132.109848527104589, 33.942838840299878 ], [ 132.110026996280993, 33.942626054006226 ], [ 132.109082888439474, 33.941830333748484 ], [ 132.108876026359155, 33.94126502077394 ], [ 132.107628582747225, 33.941088874784633 ], [ 132.107435912310592, 33.940936064798187 ], [ 132.10740254744897, 33.940400700653612 ], [ 132.106575712715255, 33.940330834772858 ], [ 132.106450914801172, 33.939600867066325 ], [ 132.105668414201006, 33.939161484670429 ], [ 132.105580316257829, 33.938147516715446 ], [ 132.106610507420527, 33.936821925671019 ], [ 132.106700711638013, 33.936159539559846 ], [ 132.105467774077823, 33.936389961526395 ], [ 132.105590010100826, 33.936728424495413 ], [ 132.105005537005923, 33.936868159729705 ], [ 132.10451010631877, 33.937257298442645 ], [ 132.104730306966843, 33.937621872736578 ], [ 132.103558042932548, 33.937627175828453 ], [ 132.103087172959476, 33.937902490320134 ], [ 132.101675328367236, 33.940086384336631 ], [ 132.100575714983449, 33.941144510590831 ], [ 132.098676293293266, 33.942384483114452 ], [ 132.098676149932373, 33.942736688338378 ], [ 132.098339837584717, 33.943113780211583 ], [ 132.098403412388848, 33.943488703556852 ], [ 132.098259889720424, 33.943859002106194 ], [ 132.097627719246162, 33.944401884638104 ], [ 132.096881173411276, 33.944773809178855 ], [ 132.0959349416745, 33.944626463507014 ], [ 132.095337033285261, 33.944207412268746 ], [ 132.094816114944507, 33.944310935182166 ], [ 132.094260385578139, 33.944092802245173 ], [ 132.093857002456048, 33.944156803681423 ], [ 132.093179788736279, 33.944524802659018 ], [ 132.092154715346737, 33.945865651541283 ], [ 132.091880435310685, 33.945510180871636 ], [ 132.088759260481339, 33.944657158152701 ], [ 132.086361578597064, 33.944475553255856 ], [ 132.085953539625677, 33.945250272554361 ], [ 132.08507383838085, 33.946327845090408 ], [ 132.085286505488767, 33.946592702770474 ], [ 132.084929376916108, 33.946457077374909 ], [ 132.08424170740679, 33.94669878876217 ], [ 132.084212555267356, 33.946987433998693 ], [ 132.084382835927073, 33.947087996631346 ], [ 132.084037694303646, 33.94760549991647 ], [ 132.083841655787666, 33.947666932017775 ], [ 132.08327613135495, 33.94759765682965 ], [ 132.082931179188279, 33.947022769129745 ], [ 132.082136117779328, 33.946702422444453 ], [ 132.081165805389134, 33.946677234979468 ], [ 132.080558897707846, 33.946388849184622 ], [ 132.078622562481911, 33.946494116239577 ], [ 132.078574781900386, 33.947385996854273 ], [ 132.079209084023347, 33.947443367966052 ], [ 132.07930001031275, 33.947600655620079 ], [ 132.079224744224661, 33.948047896831305 ], [ 132.078533179446566, 33.948317186317048 ], [ 132.078331185419216, 33.948617961197272 ], [ 132.078529239065517, 33.949003130459445 ], [ 132.078753431311526, 33.950910531296088 ], [ 132.077995932342333, 33.953637428296943 ], [ 132.076703207827194, 33.9554732825966 ], [ 132.079621211122202, 33.957351077615321 ], [ 132.080860033497174, 33.957375622815043 ], [ 132.081678179666824, 33.957133879368797 ], [ 132.085231254276835, 33.958547921019253 ], [ 132.086176894173263, 33.958268764092495 ] ] ] } },
{ "type": "Feature", "properties": { "CITY_NAME": "平生町", "S_NAME": "大字平生村", "JINKO": 2267, "medical_area": "35_柳井医療圏", "町丁目名": "平生町大字平生村" }, "geometry": { "type": "Polygon", "coordinates": [ [ [ 132.075981801758729, 33.955419637452771 ], [ 132.076703207827194, 33.9554732825966 ], [ 132.077559168331447, 33.954423364339092 ], [ 132.078087301013539, 33.95336630023845 ], [ 132.078753431311526, 33.950910531296088 ], [ 132.078529239065517, 33.949003130459445 ], [ 132.078331185419216, 33.948617961197272 ], [ 132.078533179446566, 33.948317186317048 ], [ 132.079151496364773, 33.948108846216392 ], [ 132.079289966069695, 33.947890720837371 ], [ 132.079209084023347, 33.947443367966052 ], [ 132.078574781900386, 33.947385996854273 ], [ 132.078622562481911, 33.946494116239577 ], [ 132.080558897707846, 33.946388849184622 ], [ 132.081165805389134, 33.946677234979468 ], [ 132.082136117779328, 33.946702422444453 ], [ 132.082931179188279, 33.947022769129745 ], [ 132.08327613135495, 33.94759765682965 ], [ 132.083841655787666, 33.947666932017775 ], [ 132.084037694303646, 33.94760549991647 ], [ 132.084382835927073, 33.947087996631346 ], [ 132.084212555267356, 33.946987433998693 ], [ 132.08424170740679, 33.94669878876217 ], [ 132.084929376916108, 33.946457077374909 ], [ 132.085286505488767, 33.946592702770474 ], [ 132.08507383838085, 33.946327845090408 ], [ 132.085953539625677, 33.945250272554361 ], [ 132.086361578597064, 33.944475553255856 ], [ 132.085974516314138, 33.943448407808361 ], [ 132.085546670002856, 33.943028154275765 ], [ 132.086461572459342, 33.943034818691665 ], [ 132.086219957216429, 33.942302213024107 ], [ 132.086170801068334, 33.941483233670311 ], [ 132.086431815219981, 33.939975685123947 ], [ 132.086607510658581, 33.939630640030153 ], [ 132.087450164036085, 33.939522710884717 ], [ 132.087354753467082, 33.939053934475858 ], [ 132.086483604976451, 33.938706794439504 ], [ 132.085086475795293, 33.938794009647829 ], [ 132.084961056780173, 33.938444841350687 ], [ 132.084034593717831, 33.938936516782753 ], [ 132.08394393266525, 33.939344316859724 ], [ 132.083122601409656, 33.93898819223098 ], [ 132.082859383694256, 33.939349572234498 ], [ 132.082609463216812, 33.939219879918674 ], [ 132.082417713707969, 33.939498863992398 ], [ 132.081932447033637, 33.939188441063607 ], [ 132.082273292486718, 33.938774494415945 ], [ 132.082105012072645, 33.938605195220482 ], [ 132.082164624568122, 33.938304481718959 ], [ 132.079680062095093, 33.936835521620978 ], [ 132.079804927920463, 33.936705505704026 ], [ 132.078901370948273, 33.936270800806007 ], [ 132.076745127751934, 33.936916307891551 ], [ 132.075784149479006, 33.936545781547828 ], [ 132.075066555052445, 33.935968331278957 ], [ 132.073620141292565, 33.937111346573801 ], [ 132.077391597287146, 33.940620713563781 ], [ 132.076026560197619, 33.941531217238563 ], [ 132.074535468348756, 33.941123094452948 ], [ 132.073409662254448, 33.940529973138851 ], [ 132.072017698200597, 33.938134473530376 ], [ 132.070563516796511, 33.938771260128981 ], [ 132.069841932170817, 33.939273361712047 ], [ 132.071916233715427, 33.940552215161169 ], [ 132.070895557547004, 33.941832746919381 ], [ 132.069444119932228, 33.94092151049761 ], [ 132.069802760947937, 33.940535623942331 ], [ 132.069335987665028, 33.940260045515046 ], [ 132.068550906002287, 33.941710586016733 ], [ 132.068209533259903, 33.941463206025297 ], [ 132.067394975660676, 33.942965341121393 ], [ 132.069342603461763, 33.943631860470411 ], [ 132.06876511088592, 33.944957525222414 ], [ 132.067735406415096, 33.94416888929139 ], [ 132.067604575605969, 33.944521411891934 ], [ 132.06826151452978, 33.945168867046348 ], [ 132.068025316579423, 33.945823490687751 ], [ 132.068389639611894, 33.946113714744605 ], [ 132.069356582095224, 33.947883941599216 ], [ 132.069793888057603, 33.948382720819254 ], [ 132.070009307005762, 33.948981772733632 ], [ 132.069903626324447, 33.949236401536126 ], [ 132.070008403261369, 33.94980747205669 ], [ 132.0703322355767, 33.950753033584121 ], [ 132.070813147837242, 33.950988960600682 ], [ 132.071330910506447, 33.951915368127906 ], [ 132.072197715530478, 33.952674112454233 ], [ 132.07226506571385, 33.952968744710553 ], [ 132.073281038862063, 33.953448094164372 ], [ 132.075349668046954, 33.955594844673456 ], [ 132.075981801758729, 33.955419637452771 ] ] ] } },
{ "type": "Feature", "properties": { "CITY_NAME": "平生町", "S_NAME": "大字平生町", "JINKO": 1805, "medical_area": "35_柳井医療圏", "町丁目名": "平生町大字平生町" }, "geometry": { "type": "Polygon", "coordinates": [ [ [ 132.06755324542948, 33.942638199554935 ], [ 132.068209533259903, 33.941463206025297 ], [ 132.068550906002287, 33.941710586016733 ], [ 132.069335987665028, 33.940260045515046 ], [ 132.069802760947937, 33.940535623942331 ], [ 132.069444119932228, 33.94092151049761 ], [ 132.070895557547004, 33.941832746919381 ], [ 132.071916233715427, 33.940552215161169 ], [ 132.069841932170817, 33.939273361712047 ], [ 132.070563516796511, 33.938771260128981 ], [ 132.072017698200597, 33.938134473530376 ], [ 132.073409662254448, 33.940529973138851 ], [ 132.074535468348756, 33.941123094452948 ], [ 132.076026560197619, 33.941531217238563 ], [ 132.077391597287146, 33.940620713563781 ], [ 132.073620141292565, 33.937111346573801 ], [ 132.075066555052445, 33.935968331278957 ], [ 132.075283981384388, 33.936142343799808 ], [ 132.075558795445829, 33.935914177223118 ], [ 132.075117475249328, 33.934348217130292 ], [ 132.075307625608701, 33.934039403178346 ], [ 132.075444471780969, 33.932829462980969 ], [ 132.075124921583154, 33.932393614635849 ], [ 132.072256020508604, 33.932172927154163 ], [ 132.070302115887984, 33.931843012714502 ], [ 132.070261357272472, 33.931982877407165 ], [ 132.066926271585118, 33.931209304959964 ], [ 132.066635351733396, 33.932117059219159 ], [ 132.067533492778011, 33.932791206955599 ], [ 132.068948673960762, 33.933484920181037 ], [ 132.068957055058291, 33.933729217090523 ], [ 132.068506562685769, 33.934179683152671 ], [ 132.068726003472221, 33.934312428904825 ], [ 132.068353456912234, 33.934706181250263 ], [ 132.067345161156311, 33.933845985580355 ], [ 132.066122370981361, 33.933291462268492 ], [ 132.064225528097268, 33.9328714739869 ], [ 132.063469400499031, 33.932888029222894 ], [ 132.06328242968678, 33.933667799702839 ], [ 132.063057455986296, 33.937322813353191 ], [ 132.062959745269836, 33.937621260029822 ], [ 132.062379246096185, 33.937193613950846 ], [ 132.062279218280509, 33.937706199801895 ], [ 132.063979306830475, 33.938413451911835 ], [ 132.064682396898178, 33.938917268357834 ], [ 132.064364994741823, 33.940714943188709 ], [ 132.06755324542948, 33.942638199554935 ] ] ] } },
{ "type": "Feature", "properties": { "CITY_NAME": "平生町", "S_NAME": "大字竪ヶ浜", "JINKO": 545, "medical_area": "35_柳井医療圏", "町丁目名": "平生町大字竪ヶ浜" }, "geometry": { "type": "Polygon", "coordinates": [ [ [ 132.064274965141095, 33.955664450011845 ], [ 132.064585651431571, 33.95536504773132 ], [ 132.065763343563361, 33.955395604458303 ], [ 132.067073007077198, 33.954606616678994 ], [ 132.067653781855569, 33.954938575247965 ], [ 132.067954100557131, 33.955370050290782 ], [ 132.06912958504077, 33.955796023166108 ], [ 132.070082572689131, 33.955304116978667 ], [ 132.070720120625595, 33.955583417908649 ], [ 132.071522566365729, 33.955418647579108 ], [ 132.071954405761261, 33.955859513890871 ], [ 132.07261686231729, 33.956017527640803 ], [ 132.073388945292152, 33.955775663372904 ], [ 132.074952185358086, 33.95595520100531 ], [ 132.075349668046954, 33.955594844673456 ], [ 132.073281038862063, 33.953448094164372 ], [ 132.07226506571385, 33.952968744710553 ], [ 132.072197715530478, 33.952674112454233 ], [ 132.071330910506447, 33.951915368127906 ], [ 132.070813147837242, 33.950988960600682 ], [ 132.0703322355767, 33.950753033584121 ], [ 132.070008403261369, 33.94980747205669 ], [ 132.069903626324447, 33.949236401536126 ], [ 132.070009307005762, 33.948981772733632 ], [ 132.069793888057603, 33.948382720819254 ], [ 132.069356582095224, 33.947883941599216 ], [ 132.068389639611894, 33.946113714744605 ], [ 132.068025316579423, 33.945823490687751 ], [ 132.06826151452978, 33.945168867046348 ], [ 132.067604575605969, 33.944521411891934 ], [ 132.067735406415096, 33.94416888929139 ], [ 132.06876511088592, 33.944957525222414 ], [ 132.069342603461763, 33.943631860470411 ], [ 132.067394975660676, 33.942965341121393 ], [ 132.06755324542948, 33.942638199554935 ], [ 132.064364994741823, 33.940714943188709 ], [ 132.064682396898178, 33.938917268357834 ], [ 132.063979306830475, 33.938413451911835 ], [ 132.062279218280509, 33.937706199801895 ], [ 132.061633823220632, 33.939314666946395 ], [ 132.061571039532112, 33.943237760813041 ], [ 132.060363893236371, 33.947627993486904 ], [ 132.059694824721021, 33.948849554542143 ], [ 132.059043937103098, 33.94937067198731 ], [ 132.05854382123232, 33.950057308804134 ], [ 132.058258473642098, 33.951158321609071 ], [ 132.058575011688333, 33.95169971955287 ], [ 132.058602053526528, 33.952056594945702 ], [ 132.058056200388108, 33.952469316835526 ], [ 132.057900223602076, 33.952988463749385 ], [ 132.058074898131906, 33.953263758577918 ], [ 132.058543860773398, 33.953521979260493 ], [ 132.059801124343778, 33.953831601469751 ], [ 132.060131394454089, 33.954390190363192 ], [ 132.059971141452479, 33.95481677553142 ], [ 132.061980969338009, 33.955475281616238 ], [ 132.062242525332834, 33.955946322524404 ], [ 132.062606271312546, 33.955640359341061 ], [ 132.063111665596722, 33.956416328283261 ], [ 132.064093503795021, 33.956318816322188 ], [ 132.064274965141095, 33.955664450011845 ] ] ] } },
{ "type": "Feature", "properties": { "CITY_NAME": "平生町", "S_NAME": "大字大野北", "JINKO": 1295, "medical_area": "35_柳井医療圏", "町丁目名": "平生町大字大野北" }, "geometry": { "type": "Polygon", "coordinates": [ [ [ 132.092154715346737, 33.945865651541283 ], [ 132.093179788736279, 33.944524802659018 ], [ 132.09414113767096, 33.944101606214552 ], [ 132.094816114944507, 33.944310935182166 ], [ 132.095385336721165, 33.944220260877493 ], [ 132.096448244517148, 33.944803004758185 ], [ 132.096881173411276, 33.944773809178855 ], [ 132.097627719246162, 33.944401884638104 ], [ 132.098292647560044, 33.943802385465581 ], [ 132.098339837584717, 33.943113780211583 ], [ 132.098676149932373, 33.942736688338378 ], [ 132.098676293293266, 33.942384483114452 ], [ 132.101148258070737, 33.940627083861585 ], [ 132.101787413952962, 33.939940491522215 ], [ 132.103087172959476, 33.937902490320134 ], [ 132.103558042932548, 33.937627175828453 ], [ 132.104730306966843, 33.937621872736578 ], [ 132.10451010631877, 33.937257298442645 ], [ 132.105005537005923, 33.936868159729705 ], [ 132.105590010100826, 33.936728424495413 ], [ 132.105467774077823, 33.936389961526395 ], [ 132.106700711638013, 33.936159539559846 ], [ 132.106567173222061, 33.935759080637126 ], [ 132.107142481190095, 33.935098906606029 ], [ 132.10699188929982, 33.934834251501066 ], [ 132.106954956486476, 33.933470196078282 ], [ 132.107374444564186, 33.933139328181397 ], [ 132.108113135898122, 33.933125322706893 ], [ 132.108293657357621, 33.932909576951069 ], [ 132.107598585423744, 33.931506313174374 ], [ 132.107063809950887, 33.931319517689133 ], [ 132.10680181644824, 33.92989054278214 ], [ 132.107064528991231, 33.92925641429229 ], [ 132.107108509428059, 33.927336472018716 ], [ 132.107404135410974, 33.926883818595662 ], [ 132.10799697640465, 33.926671235392433 ], [ 132.107744801645993, 33.925966976037145 ], [ 132.108206974884666, 33.925555681565612 ], [ 132.108005548810326, 33.925164912731958 ], [ 132.108191097031295, 33.924595270703904 ], [ 132.108150808805249, 33.924109061770878 ], [ 132.107453335464186, 33.923310047740259 ], [ 132.107685051691817, 33.922688020594691 ], [ 132.1072668237139, 33.922756845921377 ], [ 132.10630325542607, 33.921908521247865 ], [ 132.106081643514983, 33.921927709526287 ], [ 132.106208767426892, 33.922246171824632 ], [ 132.106073031424614, 33.922430942360506 ], [ 132.105659512698622, 33.922540902190846 ], [ 132.10473014758972, 33.92244955243978 ], [ 132.104622332996144, 33.922914131359505 ], [ 132.104146035512599, 33.922916559142102 ], [ 132.104268203832021, 33.923222764330887 ], [ 132.104087703896312, 33.923563186612498 ], [ 132.104222722579863, 33.924387711019349 ], [ 132.102129966882956, 33.925322634734947 ], [ 132.101364480561898, 33.925003821034707 ], [ 132.10126217052192, 33.924700440976821 ], [ 132.101027174346314, 33.924915302588431 ], [ 132.100967802556966, 33.924680978573051 ], [ 132.100461974997671, 33.924380052224492 ], [ 132.099712534045665, 33.924720294368413 ], [ 132.099369806176469, 33.925228696012255 ], [ 132.09891310557947, 33.925537258127825 ], [ 132.098787395165971, 33.925570435861829 ], [ 132.098701731776572, 33.925137448467673 ], [ 132.09865506537875, 33.925592338941442 ], [ 132.098234880818467, 33.92574383354156 ], [ 132.096989911184721, 33.925272987828848 ], [ 132.095687690028655, 33.926067671194346 ], [ 132.09413335671357, 33.925719332275811 ], [ 132.093873762181715, 33.925117880314495 ], [ 132.093782055036343, 33.925771390682868 ], [ 132.092919929498578, 33.927265237732612 ], [ 132.092860744437047, 33.927783517974362 ], [ 132.091646321081072, 33.929050870507723 ], [ 132.091611444776049, 33.929572680055209 ], [ 132.091822508816335, 33.930027341205431 ], [ 132.092106231098143, 33.929992293928436 ], [ 132.09213739961001, 33.930410553061051 ], [ 132.090717526630272, 33.930266116033714 ], [ 132.090178270377066, 33.930758728560122 ], [ 132.090149567321617, 33.93115050640057 ], [ 132.08924783008905, 33.931502849411181 ], [ 132.088842697325873, 33.931495828939582 ], [ 132.088364910823913, 33.931184875631679 ], [ 132.088111694075593, 33.931512687963455 ], [ 132.087191612576731, 33.931648466272151 ], [ 132.080802012239104, 33.932004100725926 ], [ 132.079254064014606, 33.933881397548028 ], [ 132.07726297471487, 33.935294564470261 ], [ 132.076552950399503, 33.93492901553828 ], [ 132.075325739906361, 33.935081949599073 ], [ 132.075558795445829, 33.935914177223118 ], [ 132.075283981384388, 33.936142343799808 ], [ 132.075784149479006, 33.936545781547828 ], [ 132.076745127751934, 33.936916307891551 ], [ 132.078901370948273, 33.936270800806007 ], [ 132.079804927920463, 33.936705505704026 ], [ 132.079680062095093, 33.936835521620978 ], [ 132.082164624568122, 33.938304481718959 ], [ 132.082105012072645, 33.938605195220482 ], [ 132.082273292486718, 33.938774494415945 ], [ 132.081932447033637, 33.939188441063607 ], [ 132.082417713707969, 33.939498863992398 ], [ 132.082609463216812, 33.939219879918674 ], [ 132.082859383694256, 33.939349572234498 ], [ 132.083122601409656, 33.93898819223098 ], [ 132.08394393266525, 33.939344316859724 ], [ 132.084034593717831, 33.938936516782753 ], [ 132.084961056780173, 33.938444841350687 ], [ 132.085086475795293, 33.938794009647829 ], [ 132.086483604976451, 33.938706794439504 ], [ 132.087307774885346, 33.93902375456512 ], [ 132.087450164036085, 33.939522710884717 ], [ 132.086607510658581, 33.939630640030153 ], [ 132.086431815219981, 33.939975685123947 ], [ 132.086170801068334, 33.941483233670311 ], [ 132.086219957216429, 33.942302213024107 ], [ 132.086461572459342, 33.943034818691665 ], [ 132.085546670002856, 33.943028154275765 ], [ 132.085974516314138, 33.943448407808361 ], [ 132.086361578597064, 33.944475553255856 ], [ 132.088759260481339, 33.944657158152701 ], [ 132.091880435310685, 33.945510180871636 ], [ 132.092154715346737, 33.945865651541283 ] ] ] } },
{ "type": "Feature", "properties": { "CITY_NAME": "平生町", "S_NAME": "大字大野南", "JINKO": 999, "medical_area": "35_柳井医療圏", "町丁目名": "平生町大字大野南" }, "geometry": { "type": "Polygon", "coordinates": [ [ [ 132.07726297471487, 33.935294564470261 ], [ 132.079254064014606, 33.933881397548028 ], [ 132.080802012239104, 33.932004100725926 ], [ 132.087191612576731, 33.931648466272151 ], [ 132.088111694075593, 33.931512687963455 ], [ 132.088364910823913, 33.931184875631679 ], [ 132.088842697325873, 33.931495828939582 ], [ 132.08924783008905, 33.931502849411181 ], [ 132.090149567321617, 33.93115050640057 ], [ 132.090178270377066, 33.930758728560122 ], [ 132.090717526630272, 33.930266116033714 ], [ 132.09213739961001, 33.930410553061051 ], [ 132.092106231098143, 33.929992293928436 ], [ 132.091822508816335, 33.930027341205431 ], [ 132.091611444776049, 33.929572680055209 ], [ 132.091646321081072, 33.929050870507723 ], [ 132.092860744437047, 33.927783517974362 ], [ 132.092919929498578, 33.927265237732612 ], [ 132.093782055036343, 33.925771390682868 ], [ 132.093873762181715, 33.925117880314495 ], [ 132.09413335671357, 33.925719332275811 ], [ 132.095687690028655, 33.926067671194346 ], [ 132.096989911184721, 33.925272987828848 ], [ 132.098234880818467, 33.92574383354156 ], [ 132.09865506537875, 33.925592338941442 ], [ 132.098701731776572, 33.925137448467673 ], [ 132.098787395165971, 33.925570435861829 ], [ 132.09891310557947, 33.925537258127825 ], [ 132.099369806176469, 33.925228696012255 ], [ 132.099712534045665, 33.924720294368413 ], [ 132.100461974997671, 33.924380052224492 ], [ 132.100967802556966, 33.924680978573051 ], [ 132.101027174346314, 33.924915302588431 ], [ 132.10126217052192, 33.924700440976821 ], [ 132.101364480561898, 33.925003821034707 ], [ 132.102129966882956, 33.925322634734947 ], [ 132.104222722579863, 33.924387711019349 ], [ 132.104087703896312, 33.923563186612498 ], [ 132.104268203832021, 33.923222764330887 ], [ 132.104146035512599, 33.922916559142102 ], [ 132.104622332996144, 33.922914131359505 ], [ 132.10473014758972, 33.92244955243978 ], [ 132.105659512698622, 33.922540902190846 ], [ 132.106073031424614, 33.922430942360506 ], [ 132.106208767426892, 33.922246171824632 ], [ 132.106081643514983, 33.921927709526287 ], [ 132.10630325542607, 33.921908521247865 ], [ 132.1072668237139, 33.922756845921377 ], [ 132.107685051691817, 33.922688020594691 ], [ 132.107691367663563, 33.922490082183863 ], [ 132.107019197403218, 33.921993413239285 ], [ 132.106309435550372, 33.920500249189622 ], [ 132.105741338128894, 33.92003461873373 ], [ 132.105305161312913, 33.919240228994838 ], [ 132.104470514776153, 33.918585807257863 ], [ 132.104459105898997, 33.918220628529212 ], [ 132.104157808565418, 33.917657916171102 ], [ 132.103579765751761, 33.917164652165262 ], [ 132.103538463278795, 33.91665786675761 ], [ 132.103328595566921, 33.916441213502083 ], [ 132.102631906606831, 33.916382508986551 ], [ 132.10214503348584, 33.915479871737368 ], [ 132.101087656471947, 33.914780914056685 ], [ 132.10103207187754, 33.914565750621229 ], [ 132.099383443136929, 33.913923217047433 ], [ 132.09882933833768, 33.913976292248847 ], [ 132.098397290302785, 33.913738505394534 ], [ 132.097994509377912, 33.913923534337108 ], [ 132.097160395827956, 33.913424455614305 ], [ 132.095575338920185, 33.913319299827215 ], [ 132.094643842632905, 33.913025718959922 ], [ 132.094522327862165, 33.913687107102653 ], [ 132.09013122628528, 33.915001741033677 ], [ 132.087185557344014, 33.916843485393876 ], [ 132.08395488778541, 33.91930034050084 ], [ 132.082557161380265, 33.920167667564016 ], [ 132.079552246573513, 33.9235111722044 ], [ 132.078111484994906, 33.926285984463973 ], [ 132.075920328669952, 33.928901718437579 ], [ 132.075300609661241, 33.92937871076105 ], [ 132.075010404457004, 33.931079654659776 ], [ 132.075113935717326, 33.931426163135555 ], [ 132.074777546009301, 33.931526219802599 ], [ 132.074276703182591, 33.932029499761143 ], [ 132.07425726873555, 33.932269408045762 ], [ 132.075124921583154, 33.932393614635849 ], [ 132.075444471780969, 33.932829462980969 ], [ 132.075307625608701, 33.934039403178346 ], [ 132.075117475249328, 33.934348217130292 ], [ 132.075325739906361, 33.935081949599073 ], [ 132.076552950399503, 33.93492901553828 ], [ 132.07726297471487, 33.935294564470261 ] ] ] } },
{ "type": "Feature", "properties": { "CITY_NAME": "平生町", "S_NAME": "大字曽根", "JINKO": 1469, "medical_area": "35_柳井医療圏", "町丁目名": "平生町大字曽根" }, "geometry": { "type": "Polygon", "coordinates": [ [ [ 132.079305840664006, 33.923884763770154 ], [ 132.082557161380265, 33.920167667564016 ], [ 132.08395488778541, 33.91930034050084 ], [ 132.087185557344014, 33.916843485393876 ], [ 132.09013122628528, 33.915001741033677 ], [ 132.094522327862165, 33.913687107102653 ], [ 132.094643842632905, 33.913025718959922 ], [ 132.093051580605959, 33.912898972442662 ], [ 132.092507887030507, 33.91300572117963 ], [ 132.091844836113466, 33.913484895765414 ], [ 132.091079054667802, 33.913459071017812 ], [ 132.090059720963438, 33.912980986058415 ], [ 132.088712856468987, 33.911982260177815 ], [ 132.088236783148943, 33.911904755741133 ], [ 132.087290913579665, 33.912125765688153 ], [ 132.086383610086273, 33.911996978217765 ], [ 132.086188085586286, 33.912301724531396 ], [ 132.085301555202989, 33.912710131779235 ], [ 132.084748612158165, 33.912407149316437 ], [ 132.083429368463584, 33.912437545855454 ], [ 132.078511394917683, 33.913991051583665 ], [ 132.077334646355212, 33.914173921234067 ], [ 132.075842708421391, 33.914143673034417 ], [ 132.074417170994479, 33.915234187670073 ], [ 132.073107288295319, 33.915811252380735 ], [ 132.069050552382407, 33.917014348271088 ], [ 132.064211094735924, 33.917396571617978 ], [ 132.063913902338896, 33.916793202234125 ], [ 132.062893520608696, 33.915970009909529 ], [ 132.061365999171187, 33.914286566874658 ], [ 132.061055956984092, 33.914158942945591 ], [ 132.060894515654553, 33.913609360029412 ], [ 132.059198831822215, 33.914107320509011 ], [ 132.057277011396536, 33.913597036263376 ], [ 132.056533522412764, 33.913911244624209 ], [ 132.056674950234509, 33.914110579900381 ], [ 132.056719035439841, 33.915167382407951 ], [ 132.056300307266326, 33.915328458989329 ], [ 132.056293399165526, 33.91565572323686 ], [ 132.056686084344619, 33.915570418961188 ], [ 132.056715157492164, 33.915673149217859 ], [ 132.056421863999901, 33.915843353866286 ], [ 132.056229611490494, 33.915644817867516 ], [ 132.05639589729455, 33.91584868463633 ], [ 132.056216163775105, 33.916015328351278 ], [ 132.056151531651949, 33.915811552936603 ], [ 132.056061723558457, 33.91584838389435 ], [ 132.056144704997109, 33.916073871294202 ], [ 132.055919994204686, 33.915886153017233 ], [ 132.055041275050428, 33.91631462744423 ], [ 132.055247473667464, 33.916607851181006 ], [ 132.05576461863663, 33.91645771540761 ], [ 132.055928798315477, 33.916623683395933 ], [ 132.055377183565525, 33.916662912670219 ], [ 132.055385615537659, 33.916834233860193 ], [ 132.055934038011912, 33.916756258357083 ], [ 132.056151048514266, 33.91704681365291 ], [ 132.055654128723603, 33.917452953394623 ], [ 132.055493351062267, 33.918008308211462 ], [ 132.056322994456707, 33.918777292289072 ], [ 132.056214701958424, 33.918888069009455 ], [ 132.056371623296542, 33.918808893806251 ], [ 132.057192868442201, 33.919380345902127 ], [ 132.057072697970483, 33.919471248832586 ], [ 132.057223890418925, 33.919649037225945 ], [ 132.056674033645237, 33.919997511968241 ], [ 132.056956985288622, 33.920328701793345 ], [ 132.055663748361667, 33.921211863694403 ], [ 132.057016385685984, 33.920396379085673 ], [ 132.057198881463847, 33.920620123940267 ], [ 132.058183792685696, 33.920052957132611 ], [ 132.058953799257324, 33.920983185724147 ], [ 132.059954898665609, 33.920438560628249 ], [ 132.063541539292117, 33.921168443685943 ], [ 132.063464538021208, 33.921351385934059 ], [ 132.061437157225441, 33.920892498500379 ], [ 132.059611896494062, 33.923220850618961 ], [ 132.059545539179339, 33.923536371520328 ], [ 132.064729228335977, 33.929456468384871 ], [ 132.069312530902891, 33.931442689011675 ], [ 132.070351499363568, 33.931669906414776 ], [ 132.070302115887984, 33.931843012714502 ], [ 132.072256020508604, 33.932172927154163 ], [ 132.07425726873555, 33.932269408045762 ], [ 132.074397190585699, 33.931847287636714 ], [ 132.075113935717326, 33.931426163135555 ], [ 132.075010404457004, 33.931079654659776 ], [ 132.075300609661241, 33.92937871076105 ], [ 132.075920328669952, 33.928901718437579 ], [ 132.078111484994906, 33.926285984463973 ], [ 132.079305840664006, 33.923884763770154 ] ] ] } },
{ "type": "Feature", "properties": { "CITY_NAME": "平生町", "S_NAME": "大字尾国", "JINKO": 146, "medical_area": "35_柳井医療圏", "町丁目名": "平生町大字尾国" }, "geometry": { "type": "Polygon", "coordinates": [ [ [ 132.124018002040685, 33.879868156312021 ], [ 132.125676452164583, 33.879749685517005 ], [ 132.125753742912138, 33.878923883410479 ], [ 132.126418392435426, 33.878040511087754 ], [ 132.127463778198006, 33.877387587178625 ], [ 132.128224371592694, 33.877286818738746 ], [ 132.12851988769296, 33.876963730993133 ], [ 132.129186613170106, 33.876677669471739 ], [ 132.130951024032498, 33.876145535521275 ], [ 132.131419092847551, 33.875414784837957 ], [ 132.132326979180817, 33.875117508857024 ], [ 132.132882684862381, 33.874560907721097 ], [ 132.133392154924934, 33.874457080732022 ], [ 132.133821460555794, 33.873773789659758 ], [ 132.134501743644194, 33.873352885117207 ], [ 132.134809240784278, 33.872265092413343 ], [ 132.134077035404772, 33.871408198702802 ], [ 132.133740077575169, 33.869093724352908 ], [ 132.133819183752195, 33.867679452748305 ], [ 132.134630708060484, 33.866392882796177 ], [ 132.134293407093622, 33.865050342740226 ], [ 132.133764501694884, 33.864118974276863 ], [ 132.133319148841423, 33.861960982580676 ], [ 132.130131620992074, 33.861666970007619 ], [ 132.129161049090243, 33.862161569459296 ], [ 132.125342526061019, 33.861986550139584 ], [ 132.124226964790154, 33.861635489507549 ], [ 132.123494531864424, 33.861119041174199 ], [ 132.122208940599364, 33.859062019318266 ], [ 132.121507955515398, 33.858571911244418 ], [ 132.120527912062272, 33.858363301769757 ], [ 132.120241035097024, 33.858564779525516 ], [ 132.120031294002104, 33.859599434921684 ], [ 132.119395529836964, 33.860234243313329 ], [ 132.118626450045554, 33.860339575783811 ], [ 132.116311122756287, 33.859397942842214 ], [ 132.115821983665199, 33.859468304460037 ], [ 132.115550308229132, 33.859317446797199 ], [ 132.114722106574845, 33.859853526106399 ], [ 132.11298390155136, 33.860327751370136 ], [ 132.112815048333516, 33.860725360317872 ], [ 132.113142486849966, 33.860794966548035 ], [ 132.114274163034224, 33.862519289427773 ], [ 132.116060201336836, 33.863541782977421 ], [ 132.11669734096273, 33.864554588253569 ], [ 132.118008975414796, 33.865514429050641 ], [ 132.119828611473451, 33.868623199316815 ], [ 132.119978884702675, 33.868570149414779 ], [ 132.120125762263939, 33.868811822152459 ], [ 132.120230025880602, 33.869944274951024 ], [ 132.119840833804773, 33.870075840201004 ], [ 132.119717569054984, 33.870159613555657 ], [ 132.119521720623254, 33.870557101661014 ], [ 132.1195583206447, 33.870850151672336 ], [ 132.119265142994095, 33.871333396474213 ], [ 132.11959723136718, 33.870856507532707 ], [ 132.119558465908739, 33.870566133388834 ], [ 132.119774865036874, 33.870139772881778 ], [ 132.120080820249314, 33.870025361829939 ], [ 132.120530324837432, 33.870330274479123 ], [ 132.120717083766579, 33.870808222823456 ], [ 132.120627022492698, 33.871500762954753 ], [ 132.119722382286938, 33.87132006215586 ], [ 132.120498396418299, 33.871488876408769 ], [ 132.120537211905884, 33.871686408478958 ], [ 132.120501031615987, 33.872705253334466 ], [ 132.120359385369341, 33.872793528442358 ], [ 132.120202040348374, 33.874001668666281 ], [ 132.119827435135136, 33.875170130954331 ], [ 132.120015362877666, 33.875485784616387 ], [ 132.119834829434524, 33.875513603853804 ], [ 132.119653004619494, 33.875940964753163 ], [ 132.118272427028273, 33.876265817958569 ], [ 132.117945818010014, 33.876548850761452 ], [ 132.119249505264378, 33.876805811101207 ], [ 132.120235895015213, 33.877265637786913 ], [ 132.120699608149494, 33.87898358413161 ], [ 132.121365166359226, 33.879351264617171 ], [ 132.12256004228098, 33.879585456058905 ], [ 132.122899925583937, 33.879937210489508 ], [ 132.123062829198318, 33.880459785597267 ], [ 132.124018002040685, 33.879868156312021 ] ] ] } },
{ "type": "Feature", "properties": { "CITY_NAME": "平生町", "S_NAME": "大字小郡", "JINKO": 82, "medical_area": "35_柳井医療圏", "町丁目名": "平生町大字小郡" }, "geometry": { "type": "Polygon", "coordinates": [ [ [ 132.117883617396359, 33.884052615657801 ], [ 132.119615752684979, 33.884169709325185 ], [ 132.120237827243841, 33.883517699945578 ], [ 132.121470118428789, 33.8834260631901 ], [ 132.121682016229641, 33.882656390348394 ], [ 132.122427477711682, 33.88194440615635 ], [ 132.122450064194254, 33.881634342728354 ], [ 132.123062829198318, 33.880459785597267 ], [ 132.122899925583937, 33.879937210489508 ], [ 132.12256004228098, 33.879585456058905 ], [ 132.121365166359226, 33.879351264617171 ], [ 132.120699608149494, 33.87898358413161 ], [ 132.120235895015213, 33.877265637786913 ], [ 132.119249505264378, 33.876805811101207 ], [ 132.117945818010014, 33.876548850761452 ], [ 132.116948363281608, 33.877993722592855 ], [ 132.116741934503182, 33.877922345441704 ], [ 132.116910508105207, 33.878030616964729 ], [ 132.11664985881896, 33.878271268900562 ], [ 132.115809677149258, 33.878689305264594 ], [ 132.111763883178725, 33.877971468848102 ], [ 132.111270731316694, 33.87832103842883 ], [ 132.111176398243089, 33.878780822427352 ], [ 132.1104199198316, 33.880143741287313 ], [ 132.109433422633259, 33.881091802111492 ], [ 132.108135186409896, 33.880974800647692 ], [ 132.107545732753181, 33.881418981651265 ], [ 132.106943555557336, 33.881477284931265 ], [ 132.106187640126052, 33.881879955075682 ], [ 132.104908843182244, 33.881768423318938 ], [ 132.104187727102442, 33.881982463090054 ], [ 132.104124433271465, 33.883412629415048 ], [ 132.104356188247465, 33.884508223916946 ], [ 132.104748545752301, 33.885437102451348 ], [ 132.107846500444822, 33.890904210561125 ], [ 132.109034609985969, 33.892229467571966 ], [ 132.109650319414754, 33.892652960474074 ], [ 132.109996292362808, 33.891406075685701 ], [ 132.111324267769334, 33.890834055613446 ], [ 132.111576942116642, 33.890069350966222 ], [ 132.112065193126, 33.889498606304663 ], [ 132.113248843797862, 33.889000876847142 ], [ 132.115982966125443, 33.887233811538806 ], [ 132.116931042432924, 33.886439530224571 ], [ 132.117150356153957, 33.886014313214993 ], [ 132.116878394640764, 33.884978316086475 ], [ 132.117883617396359, 33.884052615657801 ] ] ] } },
{ "type": "Feature", "properties": { "CITY_NAME": "平生町", "S_NAME": "大字佐賀", "JINKO": 2138, "medical_area": "35_柳井医療圏", "町丁目名": "平生町大字佐賀" }, "geometry": { "type": "Polygon", "coordinates": [ [ [ 132.075842708421391, 33.914143673034417 ], [ 132.077334646355212, 33.914173921234067 ], [ 132.078511394917683, 33.913991051583665 ], [ 132.083429368463584, 33.912437545855454 ], [ 132.084748612158165, 33.912407149316437 ], [ 132.085301555202989, 33.912710131779235 ], [ 132.086188085586286, 33.912301724531396 ], [ 132.086383610086273, 33.911996978217765 ], [ 132.087290913579665, 33.912125765688153 ], [ 132.088236783148943, 33.911904755741133 ], [ 132.088712856468987, 33.911982260177815 ], [ 132.090059720963438, 33.912980986058415 ], [ 132.091079054667802, 33.913459071017812 ], [ 132.091844836113466, 33.913484895765414 ], [ 132.092507887030507, 33.91300572117963 ], [ 132.093051580605959, 33.912898972442662 ], [ 132.094643842632905, 33.913025718959922 ], [ 132.095448770026593, 33.912066891243192 ], [ 132.095522330767977, 33.910879577490441 ], [ 132.096165882681731, 33.910657777184284 ], [ 132.096607834200512, 33.909923901514041 ], [ 132.096700510021094, 33.909273793039901 ], [ 132.096512134045696, 33.908307390899303 ], [ 132.097582898835668, 33.908270521502409 ], [ 132.09877174530925, 33.907507224063558 ], [ 132.099996730860283, 33.907525959825932 ], [ 132.101880987835955, 33.9062551438521 ], [ 132.102356133353396, 33.906059580650243 ], [ 132.102999462711807, 33.906034994389664 ], [ 132.103352987725998, 33.90577413217035 ], [ 132.10329853399864, 33.905003482061993 ], [ 132.103500478201312, 33.904607853810234 ], [ 132.103404183600503, 33.904099501925408 ], [ 132.104035502311888, 33.90319791379352 ], [ 132.103882860764003, 33.902000763342414 ], [ 132.10410854465843, 33.900998650240041 ], [ 132.105187577651833, 33.900465974945021 ], [ 132.106263027200043, 33.900427782698046 ], [ 132.10728742590365, 33.90005538325989 ], [ 132.107656564199175, 33.899293817617583 ], [ 132.108920504658016, 33.897734304955804 ], [ 132.108523420490656, 33.897214679482154 ], [ 132.1085624870571, 33.897067617306995 ], [ 132.109481064828998, 33.895764051429083 ], [ 132.110030142853105, 33.894410309338646 ], [ 132.109676531249079, 33.893505283457372 ], [ 132.109650319414754, 33.892652960474074 ], [ 132.109034609985969, 33.892229467571966 ], [ 132.107846500444822, 33.890904210561125 ], [ 132.104748545752301, 33.885437102451348 ], [ 132.104356188247465, 33.884508223916946 ], [ 132.104124433271465, 33.883412629415048 ], [ 132.104187727102442, 33.881982463090054 ], [ 132.102680959483564, 33.881583254902296 ], [ 132.102686262951778, 33.881723994810905 ], [ 132.101792167527918, 33.881825364388213 ], [ 132.101151732847313, 33.882440791611202 ], [ 132.100458497997749, 33.882822750160678 ], [ 132.100110336762526, 33.882901869682442 ], [ 132.099667231467578, 33.882734820528064 ], [ 132.099396843643007, 33.882897804911948 ], [ 132.098719060889465, 33.882845152454344 ], [ 132.098370784456165, 33.883076696825214 ], [ 132.098035675140096, 33.88305311833863 ], [ 132.098171741489892, 33.883242536870931 ], [ 132.097735564575089, 33.8838869414611 ], [ 132.096499063897284, 33.884918591098675 ], [ 132.09422500326491, 33.885528542547064 ], [ 132.093849956641776, 33.885416464301201 ], [ 132.093770707190259, 33.885803268032475 ], [ 132.09345266187762, 33.886039332079619 ], [ 132.092366802844197, 33.886528231800973 ], [ 132.092013336581203, 33.886455888584095 ], [ 132.092047585358102, 33.886859810128186 ], [ 132.091284877650935, 33.887448083978946 ], [ 132.091455423803012, 33.887759251770063 ], [ 132.091318966273917, 33.888032335545383 ], [ 132.090132273039472, 33.888796300581653 ], [ 132.090535023509631, 33.889382611792442 ], [ 132.090093177629541, 33.888990972010262 ], [ 132.089545978412872, 33.889140245355186 ], [ 132.089631216736024, 33.889338657917854 ], [ 132.089217564649289, 33.888854334236612 ], [ 132.087777897729978, 33.889563876712813 ], [ 132.088589020585459, 33.889287565115126 ], [ 132.088945427060594, 33.889704373124715 ], [ 132.08805838315763, 33.89023929465499 ], [ 132.087848684810808, 33.89018689336983 ], [ 132.087960389932846, 33.889813774413412 ], [ 132.087690539726452, 33.890506025871794 ], [ 132.086795332994797, 33.890500939291222 ], [ 132.086739601225474, 33.889972463038802 ], [ 132.086766138370052, 33.89050176559762 ], [ 132.084615471700658, 33.890714907833143 ], [ 132.084539115956915, 33.890286581778298 ], [ 132.083297873601083, 33.889215617224671 ], [ 132.082964942221423, 33.889145935140505 ], [ 132.084470980781163, 33.890310062350977 ], [ 132.084596003733225, 33.890723911072101 ], [ 132.083875820025582, 33.890836129265651 ], [ 132.083825588507494, 33.890228479697434 ], [ 132.082925985328188, 33.890289149309119 ], [ 132.082314560207749, 33.889752257848556 ], [ 132.082650078266482, 33.889392682115975 ], [ 132.081716228844186, 33.890197306480303 ], [ 132.082723052277913, 33.891054552277488 ], [ 132.082517607314372, 33.891072443683512 ], [ 132.081565854892574, 33.890282856918361 ], [ 132.080998762346042, 33.890835132614342 ], [ 132.080560700705746, 33.891012475200696 ], [ 132.080180637338145, 33.891570232381511 ], [ 132.079273219979939, 33.891853601753063 ], [ 132.080206557620642, 33.891602794548938 ], [ 132.080606085894033, 33.891039556120084 ], [ 132.081198793084042, 33.890825270674945 ], [ 132.081340313864331, 33.890942581695469 ], [ 132.081211534997294, 33.89106068954522 ], [ 132.081719287490159, 33.891474808415268 ], [ 132.080901216486495, 33.892155955332321 ], [ 132.080457151720765, 33.891843594527906 ], [ 132.080875247786508, 33.892176646487734 ], [ 132.080811366335837, 33.892267610717141 ], [ 132.079741826346606, 33.892481556839911 ], [ 132.079613543703402, 33.89210630147651 ], [ 132.079703945567587, 33.892519285785689 ], [ 132.079059375464453, 33.892685628128611 ], [ 132.078435605787234, 33.89259332626073 ], [ 132.078255527796983, 33.892120683782267 ], [ 132.078745418706291, 33.892023688568528 ], [ 132.078854704026327, 33.891943465375732 ], [ 132.078307512629976, 33.892039574364766 ], [ 132.07810616557569, 33.89227300865916 ], [ 132.078036489204862, 33.89273729919136 ], [ 132.077589667997501, 33.893001969916668 ], [ 132.077025384372774, 33.893931226939642 ], [ 132.076501952816614, 33.894036221178574 ], [ 132.07605196933514, 33.894219878185005 ], [ 132.075971879278399, 33.894290118154245 ], [ 132.075287066242424, 33.895675455521101 ], [ 132.076001062424581, 33.894301833360025 ], [ 132.076429435482567, 33.89411012933811 ], [ 132.07673466909057, 33.894828983532285 ], [ 132.076986600165498, 33.894830999585231 ], [ 132.076952472407783, 33.89541704045633 ], [ 132.075918898970826, 33.895317099209912 ], [ 132.076708090853003, 33.895433908615978 ], [ 132.076910763425332, 33.896013925409683 ], [ 132.077075943855704, 33.897307901537481 ], [ 132.07683466118354, 33.897457340869749 ], [ 132.076982793606732, 33.897461957318527 ], [ 132.077077970952701, 33.898482712775618 ], [ 132.077200104451578, 33.898531406347161 ], [ 132.077047462928334, 33.898708946109629 ], [ 132.077163542935295, 33.900432151501207 ], [ 132.077046434251031, 33.900744823005574 ], [ 132.076702531898349, 33.90078796383191 ], [ 132.076454661119243, 33.901027562225273 ], [ 132.076277762662983, 33.901640548596554 ], [ 132.076071019758615, 33.901844111979415 ], [ 132.076313434740257, 33.901654945197613 ], [ 132.076574752698349, 33.900966366665394 ], [ 132.077043112110118, 33.900822445676226 ], [ 132.077020359646497, 33.901910738209772 ], [ 132.076626901522332, 33.901769710525308 ], [ 132.076679413647781, 33.902224232191877 ], [ 132.07628856994674, 33.902683783384653 ], [ 132.076522048393031, 33.902773132606271 ], [ 132.076221478041901, 33.902733324489262 ], [ 132.07623403874544, 33.903128224260016 ], [ 132.076031522116125, 33.903422941169346 ], [ 132.075828286653007, 33.903363199263588 ], [ 132.075896143899911, 33.903623880449658 ], [ 132.075519132712429, 33.904295328505128 ], [ 132.074638181308217, 33.904974572827697 ], [ 132.074216340165975, 33.905074283623193 ], [ 132.074272519239059, 33.905125747613226 ], [ 132.074708308947493, 33.905127904749193 ], [ 132.074736385418049, 33.905161173813056 ], [ 132.074128537961798, 33.905277088114275 ], [ 132.07354639991982, 33.905603919902241 ], [ 132.072608051907082, 33.905336378415669 ], [ 132.071273532413841, 33.905441717393501 ], [ 132.071199248238202, 33.905135945954456 ], [ 132.071058804974967, 33.905013268829244 ], [ 132.071194768525601, 33.90527302031397 ], [ 132.070499404383469, 33.905314884371258 ], [ 132.07065997071112, 33.904837137237855 ], [ 132.070490952342027, 33.905136379979496 ], [ 132.068947666128196, 33.905291120700895 ], [ 132.069010063367898, 33.905577020382111 ], [ 132.068877377209191, 33.90529106486202 ], [ 132.069097143960789, 33.905066673507967 ], [ 132.068825745741918, 33.905048425062375 ], [ 132.068779722601931, 33.904626445413179 ], [ 132.068667008814998, 33.904847259137753 ], [ 132.068775980777588, 33.905071912273151 ], [ 132.067083776943861, 33.907794373268359 ], [ 132.065973888997718, 33.90811087868876 ], [ 132.065732860384998, 33.9080051605292 ], [ 132.065309726456093, 33.908271785639855 ], [ 132.061873110728328, 33.909093917437417 ], [ 132.060827971771488, 33.90950228710571 ], [ 132.060466277867562, 33.909024102444441 ], [ 132.0607436531171, 33.909468826051139 ], [ 132.059474311008671, 33.910154810870793 ], [ 132.059746809438593, 33.910172235728034 ], [ 132.059822440224451, 33.910228232350129 ], [ 132.059832081291205, 33.910306571385298 ], [ 132.05975046522758, 33.91072224407484 ], [ 132.059810521226979, 33.910250763191684 ], [ 132.059441791916925, 33.910217052569472 ], [ 132.059384738870364, 33.909713629800578 ], [ 132.059772245915241, 33.909150719446338 ], [ 132.060350087485546, 33.908869454663446 ], [ 132.059642994833609, 33.907919575210819 ], [ 132.058112320295436, 33.9077410059949 ], [ 132.05768980280277, 33.910152679126483 ], [ 132.057305256239033, 33.909941014352192 ], [ 132.054814270583137, 33.909471750314744 ], [ 132.054414905815207, 33.909728355584029 ], [ 132.053629988093491, 33.909578020747915 ], [ 132.053455655606712, 33.909754525978279 ], [ 132.052065290508665, 33.909496270084396 ], [ 132.052345844731576, 33.908321716370516 ], [ 132.052498234418124, 33.908384972894559 ], [ 132.052917598485578, 33.907725328755049 ], [ 132.052634441726497, 33.907596159889771 ], [ 132.052041240186014, 33.90887326831951 ], [ 132.05066172569056, 33.908609512536131 ], [ 132.050277572603108, 33.908801172421008 ], [ 132.04945088394291, 33.908367599251932 ], [ 132.048800763787312, 33.908511241505046 ], [ 132.048148910755884, 33.908343811844283 ], [ 132.047126511028694, 33.908696294448028 ], [ 132.046740655836345, 33.908548979447581 ], [ 132.045183417738372, 33.908577177324382 ], [ 132.044885810096389, 33.908738332653748 ], [ 132.044600498618479, 33.909384552817045 ], [ 132.044911467784544, 33.909721143764202 ], [ 132.045654216111728, 33.9098489529392 ], [ 132.046013739566632, 33.910268569400372 ], [ 132.049747082516404, 33.910861910046748 ], [ 132.053426671326889, 33.912084409251555 ], [ 132.053284853631226, 33.912202337764334 ], [ 132.053465376298618, 33.912264774985836 ], [ 132.053446122417398, 33.912094288425862 ], [ 132.055016808705858, 33.912611498056286 ], [ 132.055962390981705, 33.91315418964318 ], [ 132.056097193549107, 33.913454533195889 ], [ 132.055884047980214, 33.913530135590285 ], [ 132.056109064727821, 33.913470886305397 ], [ 132.056256765998654, 33.913836187796718 ], [ 132.05747559258873, 33.913597212991519 ], [ 132.059198831822215, 33.914107320509011 ], [ 132.060894515654553, 33.913609360029412 ], [ 132.061055956984092, 33.914158942945591 ], [ 132.061365999171187, 33.914286566874658 ], [ 132.062893520608696, 33.915970009909529 ], [ 132.063913902338896, 33.916793202234125 ], [ 132.064211094735924, 33.917396571617978 ], [ 132.069050552382407, 33.917014348271088 ], [ 132.073107288295319, 33.915811252380735 ], [ 132.074417170994479, 33.915234187670073 ], [ 132.075842708421391, 33.914143673034417 ] ] ] } },
{ "type": "Feature", "properties": { "CITY_NAME": "平生町", "S_NAME": "大字佐合島", "JINKO": 9, "medical_area": "35_柳井医療圏", "町丁目名": "平生町大字佐合島" }, "geometry": { "type": "Polygon", "coordinates": [ [ [ 132.057248701535002, 33.879354567072156 ], [ 132.057449019499671, 33.879941651953949 ], [ 132.058459122421112, 33.880454761010277 ], [ 132.05882232590119, 33.880466762247025 ], [ 132.058885808570267, 33.880708428560382 ], [ 132.058717060492626, 33.880798449714888 ], [ 132.058904923857227, 33.880981614804384 ], [ 132.058569702718444, 33.881063464551389 ], [ 132.059016968051935, 33.881291931857724 ], [ 132.059100913441881, 33.88159137774214 ], [ 132.058514868021263, 33.881688228056049 ], [ 132.058627952468555, 33.882027286121883 ], [ 132.058867770125204, 33.882168231963682 ], [ 132.059162182243597, 33.881874461012991 ], [ 132.059769718588342, 33.881883146004988 ], [ 132.059976753738709, 33.882301600187461 ], [ 132.059618806598564, 33.882402310012608 ], [ 132.059586128155189, 33.882601631052651 ], [ 132.060838675717036, 33.883839660272137 ], [ 132.061780021977228, 33.884092938378444 ], [ 132.062420597763605, 33.884538957080309 ], [ 132.062765590614191, 33.884440918263131 ], [ 132.062670679065462, 33.884254310148883 ], [ 132.063052483292722, 33.884114882753956 ], [ 132.065264923878061, 33.883736234776791 ], [ 132.065919785716972, 33.883985575942305 ], [ 132.066068334171916, 33.884532174164292 ], [ 132.066338655210501, 33.883584696987043 ], [ 132.065737383598531, 33.881899972714656 ], [ 132.065643213121888, 33.881075744067843 ], [ 132.065276104559587, 33.880684209212561 ], [ 132.065039084003274, 33.879994257385086 ], [ 132.064969740458338, 33.878308984124878 ], [ 132.065396179416041, 33.877053464858058 ], [ 132.065747501677237, 33.877069116930578 ], [ 132.065461150267055, 33.876967869152509 ], [ 132.065963949700802, 33.876018950357562 ], [ 132.066614421938226, 33.875396413562598 ], [ 132.067057706013657, 33.875345504422469 ], [ 132.066780180216284, 33.875103535310366 ], [ 132.067249590282273, 33.874907405961736 ], [ 132.067911022331401, 33.875033329021321 ], [ 132.067271367775646, 33.875653066675234 ], [ 132.067858890180418, 33.875233467950984 ], [ 132.068802767204176, 33.875114216933198 ], [ 132.069134069409643, 33.87379731544241 ], [ 132.070010198286724, 33.871554883389585 ], [ 132.070117102938184, 33.870740857333395 ], [ 132.070301573733587, 33.87105923852598 ], [ 132.070432606073012, 33.870857328999236 ], [ 132.070114483231038, 33.870220606238739 ], [ 132.070061149567124, 33.870524429987583 ], [ 132.069780198599005, 33.869552179111935 ], [ 132.069345347890135, 33.868926215984622 ], [ 132.068535078772584, 33.868576622603548 ], [ 132.068443786205563, 33.868101385699227 ], [ 132.067641106246015, 33.867743762703476 ], [ 132.065630300200382, 33.867977363795838 ], [ 132.06458865697013, 33.867687140666689 ], [ 132.064462651408547, 33.867323724797842 ], [ 132.064054329372453, 33.867119537359756 ], [ 132.063482456910975, 33.86717047153153 ], [ 132.063285918544466, 33.867031404588403 ], [ 132.0627528016675, 33.867200560496705 ], [ 132.062102334774238, 33.867020530203327 ], [ 132.06174166344789, 33.86674706722691 ], [ 132.061250675689564, 33.866938651779435 ], [ 132.060511048672453, 33.867974830886105 ], [ 132.060974052040422, 33.868519848554847 ], [ 132.061475212416354, 33.868813298355306 ], [ 132.061507718570113, 33.869584181450428 ], [ 132.059888914403331, 33.870063288552473 ], [ 132.060660309701206, 33.871179242947839 ], [ 132.06097050639994, 33.871211068995635 ], [ 132.061085881498656, 33.871431069898961 ], [ 132.061252187167298, 33.872376042828755 ], [ 132.061153311038453, 33.873580550973166 ], [ 132.060925903538589, 33.873881395338806 ], [ 132.060317172705197, 33.873969327344064 ], [ 132.059634185656762, 33.874639427475444 ], [ 132.058485143750943, 33.874628587709353 ], [ 132.057966810094712, 33.875036531382285 ], [ 132.057485930337123, 33.874927082374022 ], [ 132.057140815025434, 33.875144854539229 ], [ 132.057357488082687, 33.875585127626387 ], [ 132.057117047289466, 33.875927521970716 ], [ 132.056599011610928, 33.876117250947694 ], [ 132.056761816099339, 33.876424776875773 ], [ 132.056481510172262, 33.876667116325663 ], [ 132.056601195574643, 33.876894447791095 ], [ 132.05689190180172, 33.876946118148233 ], [ 132.056963360398754, 33.877660122097112 ], [ 132.057355489645147, 33.877856130198978 ], [ 132.057230036244789, 33.87790293316943 ], [ 132.057407152046437, 33.878028461961826 ], [ 132.057333412087985, 33.878194205119428 ], [ 132.057623311260016, 33.878056538975819 ], [ 132.057673970237175, 33.879009630712105 ], [ 132.057508874503441, 33.878776894590601 ], [ 132.057490106920483, 33.879083436813865 ], [ 132.057248701535002, 33.879354567072156 ] ] ] } }
]
}
