{
"type": "FeatureCollection",
"name": "geo_0_町丁目境界08",
"crs": { "type": "name", "properties": { "name": "urn:ogc:def:crs:EPSG::4612" } },
"features": [
{ "type": "Feature", "properties": { "CITY_NAME": "萩市", "S_NAME": "大字川島", "JINKO": 1526, "medical_area": "35_萩医療圏", "町丁目名": "萩市大字川島" }, "geometry": { "type": "Polygon", "coordinates": [ [ [ 131.402889873788723, 34.405465847370124 ], [ 131.410393891390299, 34.40482127518213 ], [ 131.410080601024987, 34.403479572673739 ], [ 131.410391778752654, 34.399591073950575 ], [ 131.411269252171337, 34.396910316633246 ], [ 131.411944079730546, 34.394118995438305 ], [ 131.411125547343005, 34.394313988559382 ], [ 131.410204798720969, 34.394867553529458 ], [ 131.408447952400252, 34.396373960479693 ], [ 131.407968864546859, 34.396933611154942 ], [ 131.40631731670976, 34.399770973022385 ], [ 131.405097702486785, 34.401319966648614 ], [ 131.403208884676332, 34.401745466231269 ], [ 131.403374494654173, 34.402718188396499 ], [ 131.402476416543919, 34.402791339416325 ], [ 131.402522632879055, 34.403175345493565 ], [ 131.402683699031343, 34.403161699113568 ], [ 131.402667671034266, 34.404292756887322 ], [ 131.402890085437093, 34.404271367517758 ], [ 131.402998731569056, 34.405063354464886 ], [ 131.402744931669019, 34.405086683412897 ], [ 131.402889873788723, 34.405465847370124 ] ] ] } },
{ "type": "Feature", "properties": { "CITY_NAME": "萩市", "S_NAME": "大字土原", "JINKO": 1954, "medical_area": "35_萩医療圏", "町丁目名": "萩市大字土原" }, "geometry": { "type": "Polygon", "coordinates": [ [ [ 131.405160239594267, 34.418764273403184 ], [ 131.405645478840796, 34.419014366018388 ], [ 131.407156664851783, 34.417356600927995 ], [ 131.409797635161794, 34.413679868051396 ], [ 131.410884141456023, 34.410682891317464 ], [ 131.411273181034886, 34.408861219423322 ], [ 131.410393891390299, 34.40482127518213 ], [ 131.402816320235956, 34.40547116406033 ], [ 131.402851314680902, 34.405846506556522 ], [ 131.403103509187304, 34.405920742995249 ], [ 131.402892464333974, 34.405951727816507 ], [ 131.402919529303404, 34.406329969692919 ], [ 131.403165645520517, 34.40651398081777 ], [ 131.402986580479251, 34.407174917938427 ], [ 131.403739513384863, 34.407210117524137 ], [ 131.403791552738397, 34.407720936720722 ], [ 131.40362141410705, 34.408628739726055 ], [ 131.403435801596629, 34.408639840031924 ], [ 131.403441171315933, 34.408871736900771 ], [ 131.403599531933196, 34.40885868579069 ], [ 131.403568229981232, 34.40940316681904 ], [ 131.403893814461185, 34.40939138846867 ], [ 131.404170432218706, 34.411165410534664 ], [ 131.403978102550923, 34.411059502175036 ], [ 131.403010776570341, 34.411175158512116 ], [ 131.403856902180848, 34.411723727309827 ], [ 131.404067638318622, 34.411611629336456 ], [ 131.404053385356434, 34.411414359104384 ], [ 131.404995995751989, 34.411301725297015 ], [ 131.405146553453221, 34.411937780316265 ], [ 131.404768390782806, 34.412020911809968 ], [ 131.4048026618905, 34.412203357451943 ], [ 131.404400959429381, 34.412266925670032 ], [ 131.4043999164453, 34.412512729404078 ], [ 131.405142940441408, 34.413805000153829 ], [ 131.405320971058245, 34.414443662748937 ], [ 131.405279691001397, 34.414862762701645 ], [ 131.404861148852291, 34.415141610714272 ], [ 131.404424755516743, 34.416121339640043 ], [ 131.404726388872177, 34.415864849125278 ], [ 131.404625836474224, 34.416156322555587 ], [ 131.404773799565049, 34.416274442591622 ], [ 131.404583844726659, 34.416348088987945 ], [ 131.404739659158821, 34.416560018109976 ], [ 131.404626045598462, 34.41661250206451 ], [ 131.404407060946568, 34.416157430874037 ], [ 131.403273619711996, 34.418805508838737 ], [ 131.403659806011234, 34.418910820811895 ], [ 131.4037003551731, 34.418286377578717 ], [ 131.404318917109038, 34.418447926377198 ], [ 131.404232747277405, 34.418712442606591 ], [ 131.403780191655045, 34.4185924258082 ], [ 131.403589765351541, 34.419657439924137 ], [ 131.403746034943282, 34.419956352603812 ], [ 131.405160239594267, 34.418764273403184 ] ] ] } },
{ "type": "Feature", "properties": { "CITY_NAME": "萩市", "S_NAME": "大字橋本町", "JINKO": 83, "medical_area": "35_萩医療圏", "町丁目名": "萩市大字橋本町" }, "geometry": { "type": "Polygon", "coordinates": [ [ [ 131.40265122414695, 34.404162483967944 ], [ 131.402683699031343, 34.403161699113568 ], [ 131.402522632879055, 34.403175345493565 ], [ 131.402476416543919, 34.402791339416325 ], [ 131.403374494654173, 34.402718188396499 ], [ 131.403208884676332, 34.401745466231269 ], [ 131.400939754137795, 34.402090946264877 ], [ 131.401026537396262, 34.402717169925261 ], [ 131.401226535149306, 34.402690758862732 ], [ 131.401304192210318, 34.40325803988037 ], [ 131.401723510341355, 34.403227482738508 ], [ 131.40175036561979, 34.404277730126729 ], [ 131.40265122414695, 34.404162483967944 ] ] ] } },
{ "type": "Feature", "properties": { "CITY_NAME": "萩市", "S_NAME": "大字御許町", "JINKO": 252, "medical_area": "35_萩医療圏", "町丁目名": "萩市大字御許町" }, "geometry": { "type": "Polygon", "coordinates": [ [ [ 131.40362141410705, 34.408628739726055 ], [ 131.403802432471963, 34.407655220394624 ], [ 131.40372371139631, 34.407172267319126 ], [ 131.402986580479251, 34.407174917938427 ], [ 131.403165645520517, 34.40651398081777 ], [ 131.402919529303404, 34.406329969692919 ], [ 131.402892464333974, 34.405951727816507 ], [ 131.403103509187304, 34.405920742995249 ], [ 131.402851314680902, 34.405846506556522 ], [ 131.402874012179041, 34.405320656882459 ], [ 131.402772795886165, 34.405327238481647 ], [ 131.402744931669019, 34.405086683412897 ], [ 131.402998731569056, 34.405063354464886 ], [ 131.402890085437093, 34.404271367517758 ], [ 131.402667671034266, 34.404292756887322 ], [ 131.40265122414695, 34.404162483967944 ], [ 131.40175036561979, 34.404277730126729 ], [ 131.40186349179578, 34.405804850387781 ], [ 131.401736951169511, 34.405815188742935 ], [ 131.401759399216985, 34.406345123003575 ], [ 131.40191854889926, 34.406785051506425 ], [ 131.401749893698963, 34.406810058816589 ], [ 131.401952738268335, 34.407341117870452 ], [ 131.402071732848015, 34.407329746786814 ], [ 131.402111852086449, 34.407765551847397 ], [ 131.401606676548766, 34.407797417802293 ], [ 131.401561328062172, 34.408478380716744 ], [ 131.401977501988767, 34.408451514718372 ], [ 131.402066445590066, 34.408964312096238 ], [ 131.403441171315933, 34.408871736900771 ], [ 131.403435801596629, 34.408639840031924 ], [ 131.40362141410705, 34.408628739726055 ] ] ] } },
{ "type": "Feature", "properties": { "CITY_NAME": "萩市", "S_NAME": "大字唐樋町", "JINKO": 98, "medical_area": "35_萩医療圏", "町丁目名": "萩市大字唐樋町" }, "geometry": { "type": "Polygon", "coordinates": [ [ [ 131.401401943085176, 34.411183910418274 ], [ 131.403978102550923, 34.411059502175036 ], [ 131.404170432218706, 34.411165410534664 ], [ 131.403893814461185, 34.40939138846867 ], [ 131.403568229981232, 34.40940316681904 ], [ 131.403599531933196, 34.40885868579069 ], [ 131.402066445590066, 34.408964312096238 ], [ 131.402076044602126, 34.409129731031747 ], [ 131.40163048033267, 34.409211958690577 ], [ 131.401648468398065, 34.409434770306206 ], [ 131.401073632776871, 34.40946314344594 ], [ 131.401260008287295, 34.410246925209456 ], [ 131.401698769392596, 34.410237691819439 ], [ 131.401679483016608, 34.410572830160696 ], [ 131.401790898843842, 34.410559441720935 ], [ 131.401722160363477, 34.410712152272303 ], [ 131.401407425182384, 34.410728843467901 ], [ 131.401401943085176, 34.411183910418274 ] ] ] } },
{ "type": "Feature", "properties": { "CITY_NAME": "萩市", "S_NAME": "大字江向", "JINKO": 1917, "medical_area": "35_萩医療圏", "町丁目名": "萩市大字江向" }, "geometry": { "type": "Polygon", "coordinates": [ [ [ 131.401722160363477, 34.410712152272303 ], [ 131.401698769392596, 34.410237691819439 ], [ 131.401260008287295, 34.410246925209456 ], [ 131.401073632776871, 34.40946314344594 ], [ 131.401648468398065, 34.409434770306206 ], [ 131.40163048033267, 34.409211958690577 ], [ 131.402076044602126, 34.409129731031747 ], [ 131.401977501988767, 34.408451514718372 ], [ 131.401561328062172, 34.408478380716744 ], [ 131.401606676548766, 34.407797417802293 ], [ 131.402111852086449, 34.407765551847397 ], [ 131.402071732848015, 34.407329746786814 ], [ 131.401952738268335, 34.407341117870452 ], [ 131.401749893698963, 34.406810058816589 ], [ 131.40191854889926, 34.406785051506425 ], [ 131.401759399216985, 34.406345123003575 ], [ 131.401736951169511, 34.405815188742935 ], [ 131.40186349179578, 34.405804850387781 ], [ 131.401666852130859, 34.404424976076861 ], [ 131.401811224660293, 34.403758024633269 ], [ 131.401723510341355, 34.403227482738508 ], [ 131.401304192210318, 34.40325803988037 ], [ 131.401226535149306, 34.402690758862732 ], [ 131.401026537396262, 34.402717169925261 ], [ 131.400939754137795, 34.402090946264877 ], [ 131.399518134253185, 34.402343506506341 ], [ 131.397004318507925, 34.402226321746774 ], [ 131.396220000727652, 34.401457891896101 ], [ 131.395759794759357, 34.402280327742574 ], [ 131.395854037596621, 34.403223739041074 ], [ 131.393027605579107, 34.403441853665257 ], [ 131.393048508720398, 34.403617221941587 ], [ 131.392876546523979, 34.403632475198243 ], [ 131.393081420754868, 34.4046009497875 ], [ 131.391837301955462, 34.406107660977284 ], [ 131.392426116675125, 34.406393398828442 ], [ 131.393845990260075, 34.406323487818497 ], [ 131.393884581777684, 34.406682233690432 ], [ 131.39471293094411, 34.406832973497153 ], [ 131.395052328453659, 34.410549580364545 ], [ 131.394741480946578, 34.410584386260417 ], [ 131.394928899070294, 34.411431179743758 ], [ 131.401401943085176, 34.411183910418274 ], [ 131.401407425182384, 34.410728843467901 ], [ 131.401722160363477, 34.410712152272303 ] ] ] } },
{ "type": "Feature", "properties": { "CITY_NAME": "萩市", "S_NAME": "大字河添", "JINKO": 746, "medical_area": "35_萩医療圏", "町丁目名": "萩市大字河添" }, "geometry": { "type": "Polygon", "coordinates": [ [ [ 131.395854037596621, 34.403223739041074 ], [ 131.395759794759357, 34.402280327742574 ], [ 131.396220000727652, 34.401457891896101 ], [ 131.393852047003037, 34.399103168005169 ], [ 131.392699968102022, 34.398481001969365 ], [ 131.391930855405775, 34.398513603692294 ], [ 131.391122844499421, 34.398838393267077 ], [ 131.38953995052421, 34.400294207877131 ], [ 131.388449480540487, 34.401816809391136 ], [ 131.390029298472854, 34.40273684539666 ], [ 131.390269017465528, 34.402589470908616 ], [ 131.392616397295455, 34.40387607679898 ], [ 131.392958174309769, 34.403857389853805 ], [ 131.392876546523979, 34.403632475198243 ], [ 131.393048508720398, 34.403617221941587 ], [ 131.393027605579107, 34.403441853665257 ], [ 131.395854037596621, 34.403223739041074 ] ] ] } },
{ "type": "Feature", "properties": { "CITY_NAME": "萩市", "S_NAME": "大字平安古町", "JINKO": 1737, "medical_area": "35_萩医療圏", "町丁目名": "萩市大字平安古町" }, "geometry": { "type": "Polygon", "coordinates": [ [ [ 131.395052328453659, 34.410549580364545 ], [ 131.39471293094411, 34.406832973497153 ], [ 131.393884581777684, 34.406682233690432 ], [ 131.393845990260075, 34.406323487818497 ], [ 131.392426116675125, 34.406393398828442 ], [ 131.391837301955462, 34.406107660977284 ], [ 131.393081420754896, 34.4046009497875 ], [ 131.392958174309769, 34.403857389853805 ], [ 131.392616397295455, 34.40387607679898 ], [ 131.390269017465528, 34.402589470908616 ], [ 131.390029298472854, 34.40273684539666 ], [ 131.388449480540487, 34.401816809391136 ], [ 131.385682649522522, 34.405577910601046 ], [ 131.383769033665544, 34.407855440258714 ], [ 131.382256401153029, 34.409089869667035 ], [ 131.389137363302638, 34.409621885226514 ], [ 131.389691473528643, 34.410096315394668 ], [ 131.391341521189275, 34.410203411216706 ], [ 131.393659144350067, 34.410104109232769 ], [ 131.394537884755749, 34.410378708356482 ], [ 131.394741480946578, 34.410584386260417 ], [ 131.395052328453659, 34.410549580364545 ] ] ] } },
{ "type": "Feature", "properties": { "CITY_NAME": "萩市", "S_NAME": "大字堀内", "JINKO": 1744, "medical_area": "35_萩医療圏", "町丁目名": "萩市大字堀内" }, "geometry": { "type": "Polygon", "coordinates": [ [ [ 131.381490084045225, 34.423069197246157 ], [ 131.383076269060894, 34.422495202689014 ], [ 131.383783294005838, 34.422509589848012 ], [ 131.383982741582997, 34.42223054562271 ], [ 131.384179596618765, 34.422238988615803 ], [ 131.384106169934171, 34.422064551293083 ], [ 131.384310286408748, 34.422105439454683 ], [ 131.385048100226669, 34.421386251411924 ], [ 131.385724745317248, 34.420333097026493 ], [ 131.385799903029522, 34.419973807358609 ], [ 131.3857399220785, 34.419404611671482 ], [ 131.385329284297001, 34.418989116383123 ], [ 131.385045074262536, 34.418203809743211 ], [ 131.385815362548925, 34.417607372685971 ], [ 131.386069123769602, 34.418167098643451 ], [ 131.385835187185847, 34.417586791971516 ], [ 131.386670078109859, 34.416942163530194 ], [ 131.38759700653614, 34.416819033812189 ], [ 131.390342951453789, 34.417384725900234 ], [ 131.390482465909599, 34.417122333167001 ], [ 131.39103770565697, 34.417195299542065 ], [ 131.392552786922124, 34.417741585349283 ], [ 131.392499109758916, 34.416345977063912 ], [ 131.391341521189275, 34.410203411216706 ], [ 131.389531579169756, 34.410055012979768 ], [ 131.389137363302638, 34.409621885226514 ], [ 131.382256401153029, 34.409089869667035 ], [ 131.379882983683501, 34.410835304453741 ], [ 131.381207201135766, 34.412016378243919 ], [ 131.380414523096249, 34.412218639790055 ], [ 131.379136572228475, 34.41288375514705 ], [ 131.37827556512471, 34.413637331048967 ], [ 131.377096086362599, 34.415061336695551 ], [ 131.37674742440214, 34.414658887519522 ], [ 131.37680809572484, 34.414099341027026 ], [ 131.376123167025611, 34.413595549379963 ], [ 131.375780838057238, 34.413677151431514 ], [ 131.3755761520014, 34.413582012342282 ], [ 131.375653117163495, 34.413495173658852 ], [ 131.37386892934353, 34.41362871445196 ], [ 131.374471353383285, 34.413074510076733 ], [ 131.373906466769768, 34.413451326825673 ], [ 131.373116671103645, 34.414488467403359 ], [ 131.372870440146784, 34.41521979023446 ], [ 131.37319742940474, 34.414576327588662 ], [ 131.373472814794496, 34.414564590443206 ], [ 131.374457587179592, 34.414760294379022 ], [ 131.376141441223211, 34.415474385805659 ], [ 131.376507105145606, 34.415804118689067 ], [ 131.3762139041566, 34.416209606244962 ], [ 131.376799590625382, 34.416396513933236 ], [ 131.378027935248099, 34.417311327760778 ], [ 131.378987394558806, 34.418588675704576 ], [ 131.378974772986084, 34.418892440295217 ], [ 131.378586922443247, 34.41895037385234 ], [ 131.378545554731289, 34.419183520117294 ], [ 131.378818396567539, 34.419553076771031 ], [ 131.378667615804488, 34.419626059139375 ], [ 131.378839265537323, 34.419647872461887 ], [ 131.3789852909959, 34.42043596597523 ], [ 131.378716707928362, 34.420654125696096 ], [ 131.378830390683248, 34.420712612523019 ], [ 131.378611075733829, 34.421133090042211 ], [ 131.377524163086719, 34.421722927150242 ], [ 131.377261277704605, 34.422492043130781 ], [ 131.37757305996044, 34.422417424386609 ], [ 131.377756844046388, 34.422659348341519 ], [ 131.377804027648438, 34.422386374922333 ], [ 131.378005767215683, 34.422571644687558 ], [ 131.37806024250412, 34.422327736873584 ], [ 131.378192689784413, 34.422470018963587 ], [ 131.378190368265621, 34.422255466337802 ], [ 131.378378196992259, 34.422301753668869 ], [ 131.378436600685745, 34.422101115933785 ], [ 131.378915363302099, 34.422093353511762 ], [ 131.378921288337438, 34.422277361132721 ], [ 131.379084395598653, 34.422050351821305 ], [ 131.380830744321003, 34.422963118420903 ], [ 131.381490084045225, 34.423069197246157 ] ] ] } },
{ "type": "Feature", "properties": { "CITY_NAME": "萩市", "S_NAME": "大字今魚店町", "JINKO": 175, "medical_area": "35_萩医療圏", "町丁目名": "萩市大字今魚店町" }, "geometry": { "type": "Polygon", "coordinates": [ [ [ 131.396548424537144, 34.419016880055153 ], [ 131.396826000996981, 34.419042634116352 ], [ 131.397178996722715, 34.41860250479067 ], [ 131.39548762577968, 34.417726414425545 ], [ 131.395722264892584, 34.417705514073823 ], [ 131.395764390386262, 34.417434870501694 ], [ 131.39642006133414, 34.417322466069315 ], [ 131.39635130277793, 34.417005880980511 ], [ 131.397334958849967, 34.416855546478665 ], [ 131.397306899286775, 34.416264897197621 ], [ 131.397134175171118, 34.416294487653971 ], [ 131.397081149398332, 34.416064018135984 ], [ 131.393512331831687, 34.416521598193832 ], [ 131.393186370425781, 34.417279570631507 ], [ 131.392780651854139, 34.417328527263017 ], [ 131.392485996268675, 34.416791168752049 ], [ 131.392552786922124, 34.417741585349283 ], [ 131.39438700706279, 34.418520886438827 ], [ 131.396052647878577, 34.419588218200921 ], [ 131.396548424537144, 34.419016880055153 ] ] ] } },
{ "type": "Feature", "properties": { "CITY_NAME": "萩市", "S_NAME": "大字樽屋町", "JINKO": 225, "medical_area": "35_萩医療圏", "町丁目名": "萩市大字樽屋町" }, "geometry": { "type": "Polygon", "coordinates": [ [ [ 131.392780651854139, 34.417328527263017 ], [ 131.393186370425781, 34.417279570631507 ], [ 131.393512331831687, 34.416521598193832 ], [ 131.396813906158201, 34.416102934423442 ], [ 131.396639144669734, 34.415318700000775 ], [ 131.395015863156743, 34.415552035120086 ], [ 131.394915708217866, 34.415121904845599 ], [ 131.392742175162255, 34.415433441303762 ], [ 131.392911773301762, 34.41627660405539 ], [ 131.392499109758916, 34.416345977063912 ], [ 131.392485996268675, 34.416791168752049 ], [ 131.392780651854139, 34.417328527263017 ] ] ] } },
{ "type": "Feature", "properties": { "CITY_NAME": "萩市", "S_NAME": "大字北古萩町", "JINKO": 288, "medical_area": "35_萩医療圏", "町丁目名": "萩市大字北古萩町" }, "geometry": { "type": "Polygon", "coordinates": [ [ [ 131.398077334276707, 34.417950925082145 ], [ 131.400462298966289, 34.417590315291221 ], [ 131.400272420724519, 34.416572578573657 ], [ 131.400434576823784, 34.416552509082798 ], [ 131.400287949117256, 34.416402999150172 ], [ 131.400206108110467, 34.415592934895237 ], [ 131.400030268841448, 34.415620853199229 ], [ 131.399786860755, 34.414870713559203 ], [ 131.399414809740279, 34.414921268091781 ], [ 131.39932949002764, 34.414520817557943 ], [ 131.397911588845261, 34.414698702431089 ], [ 131.397994987318185, 34.415110512199476 ], [ 131.397011288021218, 34.415258058779337 ], [ 131.397209307818798, 34.415321322806435 ], [ 131.397284114629855, 34.415659610674915 ], [ 131.39672855679683, 34.415725799153023 ], [ 131.396813906158201, 34.416102934423442 ], [ 131.397081149398332, 34.416064018135984 ], [ 131.397134175171118, 34.416294487653971 ], [ 131.397306899286775, 34.416264897197621 ], [ 131.397334958849967, 34.416855546478665 ], [ 131.39635130277793, 34.417005880980511 ], [ 131.39642006133414, 34.417322466069315 ], [ 131.395764390386262, 34.417434870501694 ], [ 131.395722264892584, 34.417705514073823 ], [ 131.39548762577968, 34.417726414425545 ], [ 131.397178996722715, 34.41860250479067 ], [ 131.397054050579271, 34.418730144238936 ], [ 131.398236529408962, 34.419497836875692 ], [ 131.39828317870041, 34.418665838629884 ], [ 131.398077334276707, 34.417950925082145 ] ] ] } },
{ "type": "Feature", "properties": { "CITY_NAME": "萩市", "S_NAME": "大字細工町", "JINKO": 100, "medical_area": "35_萩医療圏", "町丁目名": "萩市大字細工町" }, "geometry": { "type": "Polygon", "coordinates": [ [ [ 131.396639144669734, 34.415318700000775 ], [ 131.396545814438525, 34.414894108828662 ], [ 131.396821622828526, 34.414854288447593 ], [ 131.396712557183321, 34.414301411125017 ], [ 131.396163844378378, 34.41450865491224 ], [ 131.395944748137907, 34.414141772961848 ], [ 131.394335482207424, 34.414357010195374 ], [ 131.394511061845691, 34.415179643381528 ], [ 131.394915708217866, 34.415121904845599 ], [ 131.395015863156743, 34.415552035120086 ], [ 131.396639144669734, 34.415318700000775 ] ] ] } },
{ "type": "Feature", "properties": { "CITY_NAME": "萩市", "S_NAME": "大字塩屋町", "JINKO": 61, "medical_area": "35_萩医療圏", "町丁目名": "萩市大字塩屋町" }, "geometry": { "type": "Polygon", "coordinates": [ [ [ 131.397011288021218, 34.415258058779337 ], [ 131.397994987318185, 34.415110512199476 ], [ 131.398030822286273, 34.414070447202157 ], [ 131.396683869844509, 34.414155891961144 ], [ 131.396821622828611, 34.414854288447607 ], [ 131.396545814438525, 34.414894108828662 ], [ 131.39672855679683, 34.415725799153023 ], [ 131.397284114629855, 34.415659610674915 ], [ 131.397209307818798, 34.415321322806435 ], [ 131.397011288021218, 34.415258058779337 ] ] ] } },
{ "type": "Feature", "properties": { "CITY_NAME": "萩市", "S_NAME": "大字恵美須町", "JINKO": 170, "medical_area": "35_萩医療圏", "町丁目名": "萩市大字恵美須町" }, "geometry": { "type": "Polygon", "coordinates": [ [ [ 131.396527278698727, 34.414431954541058 ], [ 131.396683869844509, 34.414155891961144 ], [ 131.397586661629276, 34.414022978316844 ], [ 131.397481458669773, 34.413533825133129 ], [ 131.398108421419124, 34.413436633913101 ], [ 131.398081398991764, 34.413299772938529 ], [ 131.397745680528232, 34.413351993708957 ], [ 131.39750258232749, 34.412911249049799 ], [ 131.394820569004651, 34.413302639501516 ], [ 131.394884917370547, 34.41358816789154 ], [ 131.394467927730716, 34.413745110349133 ], [ 131.394589653879819, 34.414316857490171 ], [ 131.395944748137907, 34.414141772961848 ], [ 131.396163844378378, 34.41450865491224 ], [ 131.396527278698727, 34.414431954541058 ] ] ] } },
{ "type": "Feature", "properties": { "CITY_NAME": "萩市", "S_NAME": "大字瓦町", "JINKO": 201, "medical_area": "35_萩医療圏", "町丁目名": "萩市大字瓦町" }, "geometry": { "type": "Polygon", "coordinates": [ [ [ 131.397916145739998, 34.41242574642353 ], [ 131.397789155070058, 34.411370715115567 ], [ 131.395238686734729, 34.411456517047071 ], [ 131.395609102219339, 34.412357146873092 ], [ 131.395781166587938, 34.412332593091499 ], [ 131.395980398383415, 34.413135591711324 ], [ 131.397530478729522, 34.412906754318406 ], [ 131.39750244616377, 34.412771624385172 ], [ 131.397759154934249, 34.412732665411554 ], [ 131.3977102855591, 34.412455055213989 ], [ 131.397916145739998, 34.41242574642353 ] ] ] } },
{ "type": "Feature", "properties": { "CITY_NAME": "萩市", "S_NAME": "大字米屋町", "JINKO": 113, "medical_area": "35_萩医療圏", "町丁目名": "萩市大字米屋町" }, "geometry": { "type": "Polygon", "coordinates": [ [ [ 131.398694064621964, 34.414602342377357 ], [ 131.398460805862555, 34.413967691387732 ], [ 131.398730667940896, 34.413927123139402 ], [ 131.398412035724789, 34.412359973322495 ], [ 131.3977102855591, 34.412455055213989 ], [ 131.397759154934249, 34.412732665411554 ], [ 131.39750244616377, 34.412771624385172 ], [ 131.397579363571026, 34.413231496438939 ], [ 131.398081398991764, 34.413299772938529 ], [ 131.398108421419124, 34.413436633913101 ], [ 131.397481458669773, 34.413533825133129 ], [ 131.397484945736892, 34.413829595107821 ], [ 131.397586661629276, 34.414022978316844 ], [ 131.398030822286273, 34.414070447202157 ], [ 131.397988227401811, 34.414688493374847 ], [ 131.398694064621964, 34.414602342377357 ] ] ] } },
{ "type": "Feature", "properties": { "CITY_NAME": "萩市", "S_NAME": "大字東田町", "JINKO": 212, "medical_area": "35_萩医療圏", "町丁目名": "萩市大字東田町" }, "geometry": { "type": "Polygon", "coordinates": [ [ [ 131.400362050976781, 34.413129971576609 ], [ 131.403101851762898, 34.412766377148891 ], [ 131.403134556050105, 34.413122970346514 ], [ 131.404658400139169, 34.41289157446333 ], [ 131.404400959429381, 34.412266925670032 ], [ 131.4048026618905, 34.412203357451943 ], [ 131.404768390782806, 34.412020911809968 ], [ 131.405146553453221, 34.411937780316265 ], [ 131.404995995751989, 34.411301725297015 ], [ 131.404053385356434, 34.411414359104384 ], [ 131.404067638318622, 34.411611629336456 ], [ 131.403856902180848, 34.411723727309827 ], [ 131.402847050451953, 34.411124553824081 ], [ 131.400000146357115, 34.411261027667159 ], [ 131.400362050976781, 34.413129971576609 ] ] ] } },
{ "type": "Feature", "properties": { "CITY_NAME": "萩市", "S_NAME": "大字西田町", "JINKO": 136, "medical_area": "35_萩医療圏", "町丁目名": "萩市大字西田町" }, "geometry": { "type": "Polygon", "coordinates": [ [ [ 131.400362050976781, 34.413129971576609 ], [ 131.400000146357115, 34.411261027667159 ], [ 131.397789155070058, 34.411370715115567 ], [ 131.397916145739998, 34.41242574642353 ], [ 131.398412035724789, 34.412359973322495 ], [ 131.398535068306046, 34.41298491773496 ], [ 131.398993172752284, 34.412925243905462 ], [ 131.399055970321285, 34.413306959429384 ], [ 131.400362050976781, 34.413129971576609 ] ] ] } },
{ "type": "Feature", "properties": { "CITY_NAME": "萩市", "S_NAME": "大字津守町", "JINKO": 88, "medical_area": "35_萩医療圏", "町丁目名": "萩市大字津守町" }, "geometry": { "type": "Polygon", "coordinates": [ [ [ 131.399860331901863, 34.415240421221036 ], [ 131.399647398821003, 34.414021900865862 ], [ 131.399634069619992, 34.413229299667961 ], [ 131.399055970321285, 34.413306959429384 ], [ 131.398993172752284, 34.412925243905462 ], [ 131.398535068306046, 34.41298491773496 ], [ 131.398730667940896, 34.413927123139402 ], [ 131.398460805862555, 34.413967691387732 ], [ 131.398694064621964, 34.414602342377357 ], [ 131.39932949002764, 34.414520817557943 ], [ 131.399414809740279, 34.414921268091781 ], [ 131.399786860755, 34.414870713559203 ], [ 131.399860331901863, 34.415240421221036 ] ] ] } },
{ "type": "Feature", "properties": { "CITY_NAME": "萩市", "S_NAME": "大字上五間町", "JINKO": 70, "medical_area": "35_萩医療圏", "町丁目名": "萩市大字上五間町" }, "geometry": { "type": "Polygon", "coordinates": [ [ [ 131.399739395552359, 34.414470615148936 ], [ 131.40119030397824, 34.414255937386081 ], [ 131.400954684556268, 34.413048939138726 ], [ 131.399634069619964, 34.413229299667975 ], [ 131.399739395552359, 34.414470615148936 ] ] ] } },
{ "type": "Feature", "properties": { "CITY_NAME": "萩市", "S_NAME": "大字下五間町", "JINKO": 92, "medical_area": "35_萩医療圏", "町丁目名": "萩市大字下五間町" }, "geometry": { "type": "Polygon", "coordinates": [ [ [ 131.402932632991991, 34.414421196326622 ], [ 131.402770820052723, 34.414028862754463 ], [ 131.402949358903356, 34.414011944727235 ], [ 131.402890342133304, 34.413420100863107 ], [ 131.402582833494307, 34.413459017410041 ], [ 131.402468833606434, 34.412856107181021 ], [ 131.400954684556268, 34.413048939138747 ], [ 131.401182478777855, 34.414211871956553 ], [ 131.401739994673306, 34.414200064226392 ], [ 131.401811498700397, 34.414579015602669 ], [ 131.402932632991991, 34.414421196326622 ] ] ] } },
{ "type": "Feature", "properties": { "CITY_NAME": "萩市", "S_NAME": "大字吉田町", "JINKO": 169, "medical_area": "35_萩医療圏", "町丁目名": "萩市大字吉田町" }, "geometry": { "type": "Polygon", "coordinates": [ [ [ 131.403536943651801, 34.416111358587237 ], [ 131.403736497911979, 34.41564092672612 ], [ 131.403608467060195, 34.414119586404233 ], [ 131.405079666740505, 34.413697407811554 ], [ 131.404658400139169, 34.41289157446333 ], [ 131.403134556050105, 34.413122970346514 ], [ 131.403101851762898, 34.412766377148891 ], [ 131.402468833606434, 34.412856107181021 ], [ 131.402582833494307, 34.413459017410041 ], [ 131.402890342133304, 34.413420100863107 ], [ 131.402945744738361, 34.413747301661282 ], [ 131.402949358903356, 34.414011944727235 ], [ 131.402770820052723, 34.414028862754463 ], [ 131.403124413188493, 34.415190952711676 ], [ 131.403003773480123, 34.415209317407566 ], [ 131.403078010716627, 34.415596752491936 ], [ 131.402840641839106, 34.415626876542852 ], [ 131.402882362962657, 34.416032240485379 ], [ 131.403294787241265, 34.415969307984973 ], [ 131.403536943651801, 34.416111358587237 ] ] ] } },
{ "type": "Feature", "properties": { "CITY_NAME": "萩市", "S_NAME": "大字古萩町", "JINKO": 223, "medical_area": "35_萩医療圏", "町丁目名": "萩市大字古萩町" }, "geometry": { "type": "Polygon", "coordinates": [ [ [ 131.403404725729786, 34.418072902270502 ], [ 131.404407060946568, 34.416157430874037 ], [ 131.404626045598462, 34.41661250206451 ], [ 131.404739659158821, 34.416560018109976 ], [ 131.404583844726659, 34.416348088987945 ], [ 131.404773799565049, 34.416274442591622 ], [ 131.404625836474224, 34.416156322555587 ], [ 131.404726388872177, 34.415864849125278 ], [ 131.404424755516743, 34.416121339640043 ], [ 131.404861148852291, 34.415141610714272 ], [ 131.405279691001397, 34.414862762701645 ], [ 131.405320971058245, 34.414443662748937 ], [ 131.405079666740505, 34.413697407811554 ], [ 131.403608467060195, 34.414119586404233 ], [ 131.403736497911979, 34.41564092672612 ], [ 131.403536943651801, 34.416111358587237 ], [ 131.40329404674128, 34.416050724634331 ], [ 131.402878693933644, 34.417303949554004 ], [ 131.402473816788444, 34.417349319390013 ], [ 131.402297977463434, 34.417642728423715 ], [ 131.403404725729786, 34.418072902270502 ] ] ] } },
{ "type": "Feature", "properties": { "CITY_NAME": "萩市", "S_NAME": "大字今古萩町", "JINKO": 359, "medical_area": "35_萩医療圏", "町丁目名": "萩市大字今古萩町" }, "geometry": { "type": "Polygon", "coordinates": [ [ [ 131.402878693933644, 34.417303949554004 ], [ 131.403294787241265, 34.415969307984973 ], [ 131.402882362962657, 34.416032240485379 ], [ 131.402840641839106, 34.415626876542852 ], [ 131.403078010716627, 34.415596752491936 ], [ 131.403003773480123, 34.415209317407566 ], [ 131.403124413188493, 34.415190952711676 ], [ 131.402882721220294, 34.414428222920925 ], [ 131.401811498700397, 34.414579015602669 ], [ 131.401739994673306, 34.414200064226392 ], [ 131.400516399162001, 34.414316105470476 ], [ 131.400843400772317, 34.415502963225379 ], [ 131.401017505727197, 34.415687457707094 ], [ 131.401021726165993, 34.416292499202903 ], [ 131.401340499852694, 34.41624786412617 ], [ 131.401508172858712, 34.417087763767256 ], [ 131.402166257559429, 34.417011035012635 ], [ 131.402223676717028, 34.41737562018406 ], [ 131.402878693933644, 34.417303949554004 ] ] ] } },
{ "type": "Feature", "properties": { "CITY_NAME": "萩市", "S_NAME": "大字熊谷町", "JINKO": 135, "medical_area": "35_萩医療圏", "町丁目名": "萩市大字熊谷町" }, "geometry": { "type": "Polygon", "coordinates": [ [ [ 131.402223676717028, 34.41737562018406 ], [ 131.402166257559429, 34.417011035012635 ], [ 131.401508172858712, 34.417087763767256 ], [ 131.401340499852694, 34.41624786412617 ], [ 131.401021726165993, 34.416292499202903 ], [ 131.401017505727197, 34.415687457707094 ], [ 131.400521484528412, 34.414357335399785 ], [ 131.399801695326175, 34.414461594003775 ], [ 131.400030268841448, 34.415620853199229 ], [ 131.400206108110467, 34.415592934895237 ], [ 131.400287949117256, 34.416402999150172 ], [ 131.400434576823784, 34.416552509082798 ], [ 131.400272420724519, 34.416572578573657 ], [ 131.400462298966289, 34.417590315291221 ], [ 131.402223676717028, 34.41737562018406 ] ] ] } },
{ "type": "Feature", "properties": { "CITY_NAME": "萩市", "S_NAME": "大字浜崎新町", "JINKO": 212, "medical_area": "35_萩医療圏", "町丁目名": "萩市大字浜崎新町" }, "geometry": { "type": "Polygon", "coordinates": [ [ [ 131.399554097696694, 34.419989624432823 ], [ 131.399533233810757, 34.419594225070959 ], [ 131.400457843685103, 34.419541748690037 ], [ 131.400389303479187, 34.418976114052398 ], [ 131.400579540563967, 34.418961920735391 ], [ 131.400577560988978, 34.418821267699691 ], [ 131.400335886418105, 34.418841252647994 ], [ 131.400283979481628, 34.418531588107257 ], [ 131.400546768504398, 34.418500128192719 ], [ 131.400407527096888, 34.417598541903189 ], [ 131.398077334276707, 34.417950925082145 ], [ 131.39828317870041, 34.418665838629884 ], [ 131.398236529408962, 34.419497836875692 ], [ 131.398712160525434, 34.420061014312139 ], [ 131.399554097696694, 34.419989624432823 ] ] ] } },
{ "type": "Feature", "properties": { "CITY_NAME": "萩市", "S_NAME": "大字浜崎町", "JINKO": 338, "medical_area": "35_萩医療圏", "町丁目名": "萩市大字浜崎町" }, "geometry": { "type": "Polygon", "coordinates": [ [ [ 131.400669022578342, 34.422270221872061 ], [ 131.400885234318679, 34.421994012796311 ], [ 131.401146129364747, 34.422063510235226 ], [ 131.401193081777535, 34.421828138628221 ], [ 131.401704506562112, 34.421983018266168 ], [ 131.402705505705001, 34.420961987455485 ], [ 131.401283773510329, 34.420710797039547 ], [ 131.401324246826533, 34.420550156832014 ], [ 131.400982390749562, 34.420497908501282 ], [ 131.401175232221362, 34.4202148675312 ], [ 131.401363220116679, 34.420255104021834 ], [ 131.401492954872992, 34.419960238364396 ], [ 131.401390694899959, 34.419935983811222 ], [ 131.401558997598897, 34.419157250303378 ], [ 131.401180107258796, 34.418863860117334 ], [ 131.403130137636964, 34.419008577796788 ], [ 131.40308111593626, 34.418676732707674 ], [ 131.402002125997541, 34.418652404408689 ], [ 131.402192203899318, 34.417820588299406 ], [ 131.402473816788444, 34.417349319390013 ], [ 131.400407527096888, 34.417598541903189 ], [ 131.400546768504398, 34.418500128192719 ], [ 131.400283979481628, 34.418531588107257 ], [ 131.400335886418105, 34.418841252647994 ], [ 131.400577560988978, 34.418821267699691 ], [ 131.400579540563967, 34.418961920735391 ], [ 131.400389303479187, 34.418976114052398 ], [ 131.400457843685103, 34.419541748690037 ], [ 131.399533233810757, 34.419594225070959 ], [ 131.399554097696694, 34.419989624432823 ], [ 131.399068216174157, 34.420024896649522 ], [ 131.400325127546353, 34.421805582142326 ], [ 131.400152812085082, 34.421971288607587 ], [ 131.400669022578342, 34.422270221872061 ] ] ] } },
{ "type": "Feature", "properties": { "CITY_NAME": "萩市", "S_NAME": "大字東浜崎町", "JINKO": 309, "medical_area": "35_萩医療圏", "町丁目名": "萩市大字東浜崎町" }, "geometry": { "type": "Polygon", "coordinates": [ [ [ 131.403059482153026, 34.420431581807584 ], [ 131.403746034943282, 34.419956352603812 ], [ 131.403589765351541, 34.419657439924137 ], [ 131.403780191655045, 34.4185924258082 ], [ 131.404232747277405, 34.418712442606591 ], [ 131.404318917109038, 34.418447926377198 ], [ 131.4037003551731, 34.418286377578717 ], [ 131.403659806011234, 34.418910820811895 ], [ 131.403273619711996, 34.418805508838737 ], [ 131.403705473124518, 34.417836472468629 ], [ 131.403404725729786, 34.418072902270502 ], [ 131.402297977463434, 34.417642728423715 ], [ 131.402002125997541, 34.418652404408689 ], [ 131.40308111593626, 34.418676732707674 ], [ 131.403130137636964, 34.419008577796788 ], [ 131.401180107258796, 34.418863860117334 ], [ 131.401558997598897, 34.419157250303378 ], [ 131.401390694899959, 34.419935983811222 ], [ 131.401492954872992, 34.419960238364396 ], [ 131.401363220116679, 34.420255104021834 ], [ 131.401175232221362, 34.4202148675312 ], [ 131.400982390749562, 34.420497908501282 ], [ 131.401324246826533, 34.420550156832014 ], [ 131.401283773510329, 34.420710797039547 ], [ 131.402705505705001, 34.420961987455485 ], [ 131.403059482153026, 34.420431581807584 ] ] ] } },
{ "type": "Feature", "properties": { "CITY_NAME": "萩市", "S_NAME": "大字東浜崎町", "JINKO": 0, "medical_area": "35_萩医療圏", "町丁目名": "萩市大字東浜崎町" }, "geometry": { "type": "Polygon", "coordinates": [ [ [ 131.398604768291904, 34.424577009518032 ], [ 131.399882027189477, 34.422797150536617 ], [ 131.400848827913592, 34.422546963389074 ], [ 131.401704506562112, 34.421983018266168 ], [ 131.401193081777535, 34.421828138628221 ], [ 131.401146129364747, 34.422063510235226 ], [ 131.400885234318679, 34.421994012796311 ], [ 131.400669022578342, 34.422270221872061 ], [ 131.400300712723521, 34.422096626074357 ], [ 131.400152812085082, 34.421971288607587 ], [ 131.400325127546353, 34.421805582142326 ], [ 131.399986789368967, 34.421212917095907 ], [ 131.3991184224611, 34.420126689219956 ], [ 131.398712160525434, 34.420061014312139 ], [ 131.398236529408962, 34.419497836875692 ], [ 131.397103925678749, 34.418765689458183 ], [ 131.396826000996981, 34.419042634116352 ], [ 131.396626143200109, 34.418927836016763 ], [ 131.396052647878577, 34.419588218200921 ], [ 131.396432263847942, 34.419822122850412 ], [ 131.397623930751564, 34.421196289756288 ], [ 131.396124930119271, 34.422249830711223 ], [ 131.396533019020325, 34.42200532253139 ], [ 131.396775639223875, 34.422241248303038 ], [ 131.397757913469519, 34.421536192132578 ], [ 131.399259132316928, 34.422979895197365 ], [ 131.398392601539257, 34.424105047321369 ], [ 131.398169981100892, 34.424060406271984 ], [ 131.398728188924082, 34.424288304385669 ], [ 131.398604768291904, 34.424577009518032 ] ] ] } },
{ "type": "Feature", "properties": { "CITY_NAME": "萩市", "S_NAME": "大字椿東目代", "JINKO": 52, "medical_area": "35_萩医療圏", "町丁目名": "萩市大字椿東目代" }, "geometry": { "type": "Polygon", "coordinates": [ [ [ 131.439597630319213, 34.381921289242747 ], [ 131.438495444889526, 34.38050609758033 ], [ 131.431204307838698, 34.382810191610737 ], [ 131.429570508231194, 34.383694028424117 ], [ 131.428366903467492, 34.384567335967311 ], [ 131.425630974474132, 34.38744419984166 ], [ 131.423569972911849, 34.389246336792908 ], [ 131.421905416604233, 34.39031004265366 ], [ 131.419972406449517, 34.391261655903719 ], [ 131.421874171672158, 34.393790582701314 ], [ 131.422692210882104, 34.393955282519649 ], [ 131.422899670829423, 34.393862443701963 ], [ 131.422882126556715, 34.393550044002438 ], [ 131.4234784637828, 34.393410540436847 ], [ 131.423564815720368, 34.393205544216769 ], [ 131.423369327625636, 34.392492015681519 ], [ 131.423747031692585, 34.392170881414948 ], [ 131.42402887801677, 34.392255414993343 ], [ 131.423770414177113, 34.392784481675633 ], [ 131.423807436116732, 34.393056430665531 ], [ 131.424808847727803, 34.393624251008276 ], [ 131.42506900824236, 34.393008279909722 ], [ 131.425951989335204, 34.392832744951306 ], [ 131.425744143146147, 34.392314381694881 ], [ 131.425879278334691, 34.391923879859803 ], [ 131.426200901097701, 34.391640573786944 ], [ 131.426720058300987, 34.39152185827362 ], [ 131.426793980576292, 34.39087447496933 ], [ 131.427253173743935, 34.390907527786545 ], [ 131.427154266201285, 34.390126127815151 ], [ 131.427356086927915, 34.389697006339922 ], [ 131.428418085719699, 34.389710584516884 ], [ 131.42762469538755, 34.390407729560899 ], [ 131.427811057725876, 34.390973853950371 ], [ 131.428226679880453, 34.390705335005499 ], [ 131.428715728064589, 34.390734618366714 ], [ 131.429002436646755, 34.390487859548678 ], [ 131.429943417600214, 34.390922863451706 ], [ 131.430507113887103, 34.391402645681907 ], [ 131.430704612366128, 34.390941799073012 ], [ 131.430289911481225, 34.390329796735024 ], [ 131.43069228639169, 34.390146552369771 ], [ 131.430359410243568, 34.389747743837191 ], [ 131.43056974641965, 34.389246687444803 ], [ 131.431075760069177, 34.389016030100272 ], [ 131.432604733237042, 34.388909254551834 ], [ 131.432174396245017, 34.388540294844653 ], [ 131.430487437343402, 34.387672469496863 ], [ 131.430208355789745, 34.387234400588426 ], [ 131.431337878559958, 34.387373021868072 ], [ 131.431646612273255, 34.387112020499579 ], [ 131.43199576391379, 34.387232718106304 ], [ 131.432957432376099, 34.387076478614212 ], [ 131.432978764644162, 34.386890666581778 ], [ 131.432418970071296, 34.386559247915145 ], [ 131.431740499220865, 34.385692392539667 ], [ 131.432628139547603, 34.385664180251744 ], [ 131.432985434645303, 34.385221045570617 ], [ 131.433431054425085, 34.385307101093659 ], [ 131.433663769571609, 34.385695163470835 ], [ 131.435434621988719, 34.385327092913585 ], [ 131.434509339723093, 34.384312420371629 ], [ 131.434544003743781, 34.384009769766152 ], [ 131.439597630319213, 34.381921289242747 ] ] ] } },
{ "type": "Feature", "properties": { "CITY_NAME": "萩市", "S_NAME": "大字椿東中津江の一", "JINKO": 1126, "medical_area": "35_萩医療圏", "町丁目名": "萩市大字椿東中津江の一" }, "geometry": { "type": "Polygon", "coordinates": [ [ [ 131.418793508554273, 34.401883846992867 ], [ 131.418266064171036, 34.401789633589125 ], [ 131.418361210279016, 34.401429880950509 ], [ 131.417675527149044, 34.401252294310758 ], [ 131.417607510911807, 34.400903942337635 ], [ 131.417811127113055, 34.400815735582491 ], [ 131.418352261010227, 34.401032304299932 ], [ 131.418591802442933, 34.400936567618544 ], [ 131.419387825510853, 34.401147359517523 ], [ 131.41875153296985, 34.398838649588718 ], [ 131.419848561798545, 34.398373710623474 ], [ 131.420214404918198, 34.398378189252973 ], [ 131.420657866778811, 34.398081403977287 ], [ 131.421434121278509, 34.398008501395964 ], [ 131.421037767286123, 34.397296415795978 ], [ 131.42162093523757, 34.396852991620975 ], [ 131.421118284786672, 34.396476505396251 ], [ 131.421338436312993, 34.396304296019331 ], [ 131.421966122077919, 34.396224853469974 ], [ 131.421780641555102, 34.395879172895761 ], [ 131.422444191343175, 34.395491449374539 ], [ 131.422264991727985, 34.394551501143674 ], [ 131.421874171672158, 34.393790582701321 ], [ 131.419972406449517, 34.391261655903747 ], [ 131.417395862115228, 34.392286227216715 ], [ 131.414407968823042, 34.393098201509005 ], [ 131.411944079730546, 34.394118995438305 ], [ 131.411269252171337, 34.396910316633246 ], [ 131.410391778752654, 34.399591073950575 ], [ 131.410342136500475, 34.400367217356496 ], [ 131.413281763643539, 34.400537144071563 ], [ 131.413629922280592, 34.401027237106788 ], [ 131.414465418750297, 34.401060673245695 ], [ 131.414403891448472, 34.401706726107832 ], [ 131.415534032837201, 34.401831549622571 ], [ 131.416698169773241, 34.402650895312114 ], [ 131.418793508554273, 34.401883846992867 ] ] ] } },
{ "type": "Feature", "properties": { "CITY_NAME": "萩市", "S_NAME": "大字椿東上野の一", "JINKO": 1091, "medical_area": "35_萩医療圏", "町丁目名": "萩市大字椿東上野の一" }, "geometry": { "type": "Polygon", "coordinates": [ [ [ 131.417768110932911, 34.409827081348055 ], [ 131.418468074733454, 34.409859806301256 ], [ 131.418911217748388, 34.409673325541561 ], [ 131.419206906129489, 34.409277742702251 ], [ 131.419335114980868, 34.408516719636864 ], [ 131.419629059110974, 34.408421735372478 ], [ 131.42029223186006, 34.407170510574019 ], [ 131.4220736011018, 34.406783805516532 ], [ 131.422389325100625, 34.406944054233932 ], [ 131.423238584451468, 34.406140480153539 ], [ 131.424201418071448, 34.405715105522525 ], [ 131.424053329848419, 34.405249914778238 ], [ 131.423793170997186, 34.405167908525371 ], [ 131.423700965000933, 34.404812650456094 ], [ 131.42350149117712, 34.404681565062688 ], [ 131.424270496871316, 34.403762406605587 ], [ 131.42351355298868, 34.403393976401304 ], [ 131.423548220669716, 34.402510397485905 ], [ 131.422534240413199, 34.403034764043966 ], [ 131.421486380860614, 34.40304770734398 ], [ 131.420904807511079, 34.402770334421909 ], [ 131.420442510419292, 34.402276610507741 ], [ 131.419459334874404, 34.40202101795083 ], [ 131.4192806546219, 34.402114310061087 ], [ 131.419266675246519, 34.402682756736063 ], [ 131.419050984900906, 34.403000503662376 ], [ 131.419028192606049, 34.402697081662005 ], [ 131.418677553705095, 34.402318976895536 ], [ 131.418793508554273, 34.401883846992867 ], [ 131.416698169773241, 34.402650895312114 ], [ 131.415534032837201, 34.401831549622571 ], [ 131.414403891448472, 34.401706726107832 ], [ 131.414465418750297, 34.401060673245695 ], [ 131.413629922280592, 34.401027237106788 ], [ 131.413281763643539, 34.400537144071563 ], [ 131.410342136500475, 34.400367217356496 ], [ 131.410080601024987, 34.403479572673739 ], [ 131.410950864435961, 34.407206742802984 ], [ 131.411717102607838, 34.407029599964524 ], [ 131.413002770793184, 34.406289363900576 ], [ 131.413260763725418, 34.408601145057929 ], [ 131.412934228349258, 34.409959338345061 ], [ 131.416419470481259, 34.410756023478086 ], [ 131.416613631751062, 34.410511540490162 ], [ 131.417143727524689, 34.410333767118182 ], [ 131.417275494473046, 34.410043120899253 ], [ 131.417768110932911, 34.409827081348055 ] ] ] } },
{ "type": "Feature", "properties": { "CITY_NAME": "萩市", "S_NAME": "大字椿東椎原の一", "JINKO": 478, "medical_area": "35_萩医療圏", "町丁目名": "萩市大字椿東椎原の一" }, "geometry": { "type": "Polygon", "coordinates": [ [ [ 131.427652845185293, 34.414101570570878 ], [ 131.428990145805301, 34.413034373462743 ], [ 131.429186967267668, 34.412647606781078 ], [ 131.428829071082362, 34.412407250202051 ], [ 131.428972329923113, 34.411896902942779 ], [ 131.428729325723992, 34.411628922219457 ], [ 131.428336567078134, 34.411691501992628 ], [ 131.428189225521635, 34.411524111824491 ], [ 131.428490206517438, 34.410966677796253 ], [ 131.428028580135418, 34.410975031743277 ], [ 131.428214977919907, 34.410313654338246 ], [ 131.427633844805825, 34.40963780196045 ], [ 131.427565805388411, 34.409005322359079 ], [ 131.426335191665913, 34.409157376394504 ], [ 131.426052136008622, 34.409019734352441 ], [ 131.426824805855944, 34.408072127847028 ], [ 131.426114597540732, 34.408189841546537 ], [ 131.426343839651224, 34.40742194842101 ], [ 131.42598915939223, 34.407428122963402 ], [ 131.425730334587939, 34.407193569415014 ], [ 131.425201011923832, 34.407287575911432 ], [ 131.425125135760339, 34.407170621421137 ], [ 131.425374916964813, 34.406724454373126 ], [ 131.424699081336655, 34.406742492318237 ], [ 131.424468472714778, 34.40634470148656 ], [ 131.424795281358087, 34.405885053686077 ], [ 131.424664540079561, 34.405543226439065 ], [ 131.423238584451468, 34.406140480153539 ], [ 131.422389325100625, 34.406944054233932 ], [ 131.4220736011018, 34.406783805516532 ], [ 131.42029223186006, 34.407170510574019 ], [ 131.419629059110974, 34.408421735372478 ], [ 131.419335114980868, 34.408516719636864 ], [ 131.419206906129489, 34.409277742702251 ], [ 131.418911217748388, 34.409673325541561 ], [ 131.418468074733454, 34.409859806301256 ], [ 131.417885202742042, 34.40980004642843 ], [ 131.417275494473046, 34.410043120899253 ], [ 131.417143727524689, 34.410333767118182 ], [ 131.417752046468507, 34.410694858498523 ], [ 131.416954519816187, 34.410985242868676 ], [ 131.416494797287783, 34.411789875681457 ], [ 131.4185698176708, 34.411842833986107 ], [ 131.418809914534023, 34.411965300846511 ], [ 131.418514415470241, 34.412481744148216 ], [ 131.419503356272429, 34.412619480156948 ], [ 131.420597711044081, 34.412514433869767 ], [ 131.421055304959225, 34.413076311015217 ], [ 131.423597392390604, 34.414137940797403 ], [ 131.42383348519715, 34.413907503861736 ], [ 131.426852246721211, 34.414276493811904 ], [ 131.427652845185293, 34.414101570570878 ] ] ] } },
{ "type": "Feature", "properties": { "CITY_NAME": "萩市", "S_NAME": "大字椿東中ノ倉の一", "JINKO": 506, "medical_area": "35_萩医療圏", "町丁目名": "萩市大字椿東中ノ倉の一" }, "geometry": { "type": "Polygon", "coordinates": [ [ [ 131.441811272768575, 34.426002998643838 ], [ 131.443132297990815, 34.425328723993168 ], [ 131.44226170570775, 34.425429093479835 ], [ 131.442004966255723, 34.425107668672737 ], [ 131.441641338783285, 34.425205675521276 ], [ 131.440719667241069, 34.42487172226722 ], [ 131.440555147576248, 34.424453219877471 ], [ 131.44117342368915, 34.423892708482548 ], [ 131.439943672673991, 34.423713430542485 ], [ 131.440229383071653, 34.423414653808642 ], [ 131.440409296606816, 34.422689129644468 ], [ 131.439204694405305, 34.422936113653272 ], [ 131.438962610416638, 34.42267182053866 ], [ 131.439061898457197, 34.422100350624667 ], [ 131.438718397109454, 34.422162406563423 ], [ 131.438609737430397, 34.421841994550626 ], [ 131.438159237644726, 34.422000893349903 ], [ 131.43778611187571, 34.421754132174023 ], [ 131.43765426168423, 34.421187347967802 ], [ 131.4381043424371, 34.420889975550175 ], [ 131.437832421986855, 34.420715375890815 ], [ 131.437184935592597, 34.420870706851176 ], [ 131.436707800331249, 34.420573033381082 ], [ 131.437155776677145, 34.419969268297407 ], [ 131.435815647264405, 34.420097789865522 ], [ 131.436667221608616, 34.419470082529472 ], [ 131.435885236500383, 34.419405556216702 ], [ 131.435849894873002, 34.41911022557295 ], [ 131.435549112300066, 34.419148017961469 ], [ 131.435473116714206, 34.418983030082899 ], [ 131.436262040556471, 34.418580760797404 ], [ 131.436526453892952, 34.418140289637464 ], [ 131.437027778689782, 34.417881540124419 ], [ 131.435425745484821, 34.417764230999722 ], [ 131.43531377954568, 34.417581983153298 ], [ 131.435596772588752, 34.417223892007677 ], [ 131.435349670154409, 34.416865597239905 ], [ 131.434460684133398, 34.417409680258594 ], [ 131.433051611224357, 34.416960762541549 ], [ 131.434722379174531, 34.416188078459037 ], [ 131.435178349033492, 34.416257007327815 ], [ 131.435207223120983, 34.416044608981792 ], [ 131.435892533647774, 34.41554255484602 ], [ 131.436390817371233, 34.415485655936124 ], [ 131.437355164039531, 34.414000022736602 ], [ 131.438176053418033, 34.413266051342312 ], [ 131.438890859621068, 34.413004199823007 ], [ 131.43913740785959, 34.412345836971994 ], [ 131.438623554418086, 34.412613391794125 ], [ 131.437795222442617, 34.412657628403259 ], [ 131.437108019169074, 34.413186162110591 ], [ 131.43646349802421, 34.413437434550836 ], [ 131.435908594926218, 34.41435878884355 ], [ 131.435210353337226, 34.414257563566593 ], [ 131.435207833885187, 34.414732981295153 ], [ 131.434222829835534, 34.415287199306903 ], [ 131.433956145131276, 34.41499302338535 ], [ 131.43346923439961, 34.414818255456495 ], [ 131.432869411920393, 34.415126552365997 ], [ 131.43157282753657, 34.414784652815882 ], [ 131.431510783598355, 34.414609745655369 ], [ 131.4319427371872, 34.414177049764696 ], [ 131.431430778308624, 34.414000716507516 ], [ 131.431527568057533, 34.413068327535427 ], [ 131.431311441539009, 34.412922924825608 ], [ 131.430551603368173, 34.413220392686199 ], [ 131.429821768476984, 34.412275019078884 ], [ 131.42953293114968, 34.412649683964304 ], [ 131.429186967267668, 34.412647606781078 ], [ 131.428909293541324, 34.413144327718925 ], [ 131.428157728609392, 34.413805125167116 ], [ 131.427387308483986, 34.414221398318233 ], [ 131.426236360237681, 34.414225448754074 ], [ 131.42383348519715, 34.413907503861736 ], [ 131.423627957562047, 34.414131786314684 ], [ 131.423394358615752, 34.414031765843937 ], [ 131.42314563884409, 34.414969411860973 ], [ 131.424050739035749, 34.41582051147752 ], [ 131.425089030174206, 34.416296440501817 ], [ 131.425046217223638, 34.417604829235259 ], [ 131.425823838621909, 34.418710966150336 ], [ 131.426343674361476, 34.418979216920299 ], [ 131.426240587865209, 34.419518677541049 ], [ 131.42746075631635, 34.419673812592812 ], [ 131.427665637228841, 34.419349364156915 ], [ 131.428730524226125, 34.420918139196203 ], [ 131.429331214203501, 34.422426918517452 ], [ 131.428578453442071, 34.423649761978623 ], [ 131.430450630500957, 34.424076719003608 ], [ 131.430878486012602, 34.424002233771908 ], [ 131.431399265005439, 34.422117321365292 ], [ 131.431801328527399, 34.421987460108888 ], [ 131.431993433002276, 34.421674760791888 ], [ 131.432436407860422, 34.421969712882643 ], [ 131.433130001001416, 34.421626207489048 ], [ 131.434007975962487, 34.422274374470533 ], [ 131.434028482431387, 34.422867263358761 ], [ 131.434402008211862, 34.422764269369658 ], [ 131.434687244168941, 34.422297027652995 ], [ 131.43496889988154, 34.422241236006485 ], [ 131.437210355767519, 34.423291929272047 ], [ 131.438058139799978, 34.424154845764768 ], [ 131.43818599331675, 34.424673571291258 ], [ 131.438774176513732, 34.424882024566706 ], [ 131.439028975058562, 34.425239647107318 ], [ 131.439480183826589, 34.425285851266544 ], [ 131.440449256122093, 34.426007336552701 ], [ 131.441162901565491, 34.426020435304395 ], [ 131.441775690786642, 34.426314948545929 ], [ 131.441811272768575, 34.426002998643838 ] ] ] } },
{ "type": "Feature", "properties": { "CITY_NAME": "萩市", "S_NAME": "大字椿東長山", "JINKO": 198, "medical_area": "35_萩医療圏", "町丁目名": "萩市大字椿東長山" }, "geometry": { "type": "Polygon", "coordinates": [ [ [ 131.427993872578526, 34.419708581853079 ], [ 131.427665637228841, 34.419349364156915 ], [ 131.42746075631635, 34.419673812592812 ], [ 131.427582097802031, 34.420083340699847 ], [ 131.42711957781205, 34.420583445905827 ], [ 131.427347169459665, 34.42181346310926 ], [ 131.426820331245779, 34.42257984133262 ], [ 131.426719157670846, 34.42317171920935 ], [ 131.426866416671373, 34.423321363350752 ], [ 131.428578453442071, 34.423649761978623 ], [ 131.429295764084003, 34.42260208463204 ], [ 131.429324100439715, 34.42226896437964 ], [ 131.427993872578526, 34.419708581853079 ] ] ] } },
{ "type": "Feature", "properties": { "CITY_NAME": "萩市", "S_NAME": "大字椿東松本市の一", "JINKO": 273, "medical_area": "35_萩医療圏", "町丁目名": "萩市大字椿東松本市の一" }, "geometry": { "type": "Polygon", "coordinates": [ [ [ 131.423352602554957, 34.416718106407792 ], [ 131.423883689731326, 34.41721125585385 ], [ 131.425046217223638, 34.417604829235259 ], [ 131.425089030174206, 34.416296440501817 ], [ 131.424050739035749, 34.41582051147752 ], [ 131.42314563884409, 34.414969411860973 ], [ 131.423393533408444, 34.414125154929728 ], [ 131.423214235340112, 34.413872060060399 ], [ 131.42226445265706, 34.413646693467683 ], [ 131.421201809282024, 34.413154395666936 ], [ 131.420462254218279, 34.412475012332031 ], [ 131.419503356272429, 34.412619480156948 ], [ 131.418514415470241, 34.412481744148216 ], [ 131.416775975964271, 34.412593824761466 ], [ 131.41650761555951, 34.413371734834044 ], [ 131.417254378026087, 34.413582807660106 ], [ 131.418114621322928, 34.413562703476693 ], [ 131.418061389564372, 34.414291359013262 ], [ 131.417761086686625, 34.414582244531559 ], [ 131.417878834413472, 34.414782506565921 ], [ 131.41751984101171, 34.41510073480417 ], [ 131.417701691553475, 34.416014434202523 ], [ 131.417984925339937, 34.415881828318859 ], [ 131.418372070791179, 34.415946453377188 ], [ 131.419173461938868, 34.416526492361044 ], [ 131.41916865106208, 34.41592060006559 ], [ 131.419467620284308, 34.415722392060147 ], [ 131.419445449693313, 34.415424607968781 ], [ 131.420192569355947, 34.415120096789458 ], [ 131.420110874492394, 34.414557827519978 ], [ 131.421517907191998, 34.415231971946305 ], [ 131.421280443067047, 34.415481974080848 ], [ 131.421454233385447, 34.415780538018716 ], [ 131.422083770298457, 34.41581647759299 ], [ 131.422037544124322, 34.416141878359156 ], [ 131.422518278803892, 34.416378209451445 ], [ 131.422499223280056, 34.417840278767265 ], [ 131.423352602554957, 34.416718106407792 ] ] ] } },
{ "type": "Feature", "properties": { "CITY_NAME": "萩市", "S_NAME": "大字椿東船津の一", "JINKO": 470, "medical_area": "35_萩医療圏", "町丁目名": "萩市大字椿東船津の一" }, "geometry": { "type": "Polygon", "coordinates": [ [ [ 131.418809914534023, 34.411965300846511 ], [ 131.4185698176708, 34.411842833986107 ], [ 131.416494797287783, 34.411789875681457 ], [ 131.416954519816187, 34.410985242868676 ], [ 131.417752046468507, 34.410694858498523 ], [ 131.417143727524689, 34.410333767118182 ], [ 131.416613631751062, 34.410511540490162 ], [ 131.416419470481259, 34.410756023478086 ], [ 131.412934228349258, 34.409959338345061 ], [ 131.413260763725418, 34.408601145057929 ], [ 131.413002770793184, 34.406289363900576 ], [ 131.411717102607838, 34.407029599964524 ], [ 131.410950864435961, 34.407206742802984 ], [ 131.411273181034886, 34.408861219423322 ], [ 131.410884141456023, 34.410682891317464 ], [ 131.41037335278682, 34.412074029990862 ], [ 131.412284279663766, 34.412144817846901 ], [ 131.414090955148566, 34.411625272602059 ], [ 131.414346919322583, 34.411379482319958 ], [ 131.414814227960733, 34.411609422485604 ], [ 131.414448393369526, 34.412385181230682 ], [ 131.417249089519487, 34.412656196715687 ], [ 131.418514415470241, 34.412481744148216 ], [ 131.418809914534023, 34.411965300846511 ] ] ] } },
{ "type": "Feature", "properties": { "CITY_NAME": "萩市", "S_NAME": "大字椿東無田ケ原の一", "JINKO": 1262, "medical_area": "35_萩医療圏", "町丁目名": "萩市大字椿東無田ケ原の一" }, "geometry": { "type": "Polygon", "coordinates": [ [ [ 131.414437509273455, 34.420849734745062 ], [ 131.414638656042882, 34.420208758010141 ], [ 131.415011769982897, 34.419744776768816 ], [ 131.416603185870088, 34.418326844433793 ], [ 131.416910350341396, 34.418240821866 ], [ 131.41688709727714, 34.417693980504936 ], [ 131.417701691553475, 34.416014434202523 ], [ 131.41751984101171, 34.41510073480417 ], [ 131.417878834413472, 34.414782506565921 ], [ 131.417761086686625, 34.414582244531559 ], [ 131.418061389564372, 34.414291359013262 ], [ 131.418114621322928, 34.413562703476693 ], [ 131.417254378026087, 34.413582807660106 ], [ 131.41650761555951, 34.413371734834044 ], [ 131.416740502077175, 34.412569097302153 ], [ 131.414448393369526, 34.412385181230682 ], [ 131.414814227960733, 34.411609422485604 ], [ 131.414346919322583, 34.411379482319958 ], [ 131.414090955148566, 34.411625272602059 ], [ 131.412284279663766, 34.412144817846901 ], [ 131.41037335278682, 34.412074029990862 ], [ 131.409797635161794, 34.413679868051396 ], [ 131.409333150910101, 34.414305681882254 ], [ 131.412409994698749, 34.415207869714344 ], [ 131.411885381644225, 34.41608477157348 ], [ 131.411620131495084, 34.417227953415427 ], [ 131.412994181722752, 34.417322048517839 ], [ 131.412694120461737, 34.417828447751532 ], [ 131.412107695397737, 34.417807797620242 ], [ 131.411310005940038, 34.418275633614456 ], [ 131.411190578488885, 34.418513242732423 ], [ 131.411331340181988, 34.418842185292135 ], [ 131.41303331830548, 34.419008546966708 ], [ 131.412637211773358, 34.420334521352501 ], [ 131.413971390934961, 34.420689386686831 ], [ 131.414200996072736, 34.420600218204356 ], [ 131.414437509273455, 34.420849734745062 ] ] ] } },
{ "type": "Feature", "properties": { "CITY_NAME": "萩市", "S_NAME": "大字椿東無田ケ原口の一", "JINKO": 615, "medical_area": "35_萩医療圏", "町丁目名": "萩市大字椿東無田ケ原口の一" }, "geometry": { "type": "Polygon", "coordinates": [ [ [ 131.414437509273455, 34.420849734745062 ], [ 131.414200996072736, 34.420600218204356 ], [ 131.413971390934961, 34.420689386686831 ], [ 131.412637211773358, 34.420334521352501 ], [ 131.41303331830548, 34.419008546966708 ], [ 131.410216587982831, 34.418706404518304 ], [ 131.41007804286977, 34.420679802992787 ], [ 131.410609765107836, 34.421915658700435 ], [ 131.411616734970465, 34.422706345632598 ], [ 131.415171175849053, 34.424115997709492 ], [ 131.416020912341139, 34.422043420748842 ], [ 131.414765913146681, 34.421714837666109 ], [ 131.414437509273455, 34.420849734745062 ] ] ] } },
{ "type": "Feature", "properties": { "CITY_NAME": "萩市", "S_NAME": "大字椿東新川東の一", "JINKO": 713, "medical_area": "35_萩医療圏", "町丁目名": "萩市大字椿東新川東の一" }, "geometry": { "type": "Polygon", "coordinates": [ [ [ 131.412193133954986, 34.425395928824798 ], [ 131.413720326219448, 34.423539545146035 ], [ 131.411616734970465, 34.422706345632598 ], [ 131.410510944763388, 34.421799116777464 ], [ 131.41007804286977, 34.420679802992787 ], [ 131.410216587982831, 34.418706404518304 ], [ 131.411331340181988, 34.418842185292135 ], [ 131.411190578488885, 34.418513242732423 ], [ 131.411310005940038, 34.418275633614456 ], [ 131.412107695397737, 34.417807797620242 ], [ 131.412694120461737, 34.417828447751532 ], [ 131.412994181722752, 34.417322048517839 ], [ 131.411620131495084, 34.417227953415427 ], [ 131.411885381644225, 34.41608477157348 ], [ 131.412409994698749, 34.415207869714344 ], [ 131.409333150910101, 34.414305681882254 ], [ 131.407156664851783, 34.417356600927995 ], [ 131.405645478840796, 34.419014366018388 ], [ 131.406434407004809, 34.419572724174095 ], [ 131.405081604958553, 34.421079613121876 ], [ 131.405189746984888, 34.421263551491151 ], [ 131.4066799571535, 34.421279707384059 ], [ 131.407302974815792, 34.421559526603367 ], [ 131.409784693051336, 34.423792535209365 ], [ 131.410335442676541, 34.424719593053773 ], [ 131.410854643510476, 34.425056225024356 ], [ 131.412193133954986, 34.425395928824798 ] ] ] } },
{ "type": "Feature", "properties": { "CITY_NAME": "萩市", "S_NAME": "大字椿東鶴江一区の二", "JINKO": 150, "medical_area": "35_萩医療圏", "町丁目名": "萩市大字椿東鶴江一区の二" }, "geometry": { "type": "Polygon", "coordinates": [ [ [ 131.404108590105551, 34.428546615645601 ], [ 131.405042041005686, 34.428548761998265 ], [ 131.406143150584569, 34.427992565749399 ], [ 131.4058306073062, 34.426661558188499 ], [ 131.406080482522071, 34.426457446608268 ], [ 131.405769165129328, 34.42621040677205 ], [ 131.406018182568232, 34.424722582032153 ], [ 131.405743812960168, 34.424722709075333 ], [ 131.405765378039888, 34.424509854307047 ], [ 131.406380726240798, 34.423443237606634 ], [ 131.406367195316761, 34.422741501882875 ], [ 131.407793605830022, 34.4219299446451 ], [ 131.407282547754733, 34.421628424740753 ], [ 131.407153391120033, 34.421756093608828 ], [ 131.406665879814824, 34.42152951579456 ], [ 131.404817497545451, 34.421598328517689 ], [ 131.402155681155904, 34.422465254219858 ], [ 131.401308910956431, 34.423105411728606 ], [ 131.400185147899435, 34.423212908678579 ], [ 131.399741404695703, 34.423667098093944 ], [ 131.399871732867211, 34.424520007856678 ], [ 131.399550026578851, 34.425198654082656 ], [ 131.400418115417324, 34.426156055376254 ], [ 131.400424962676084, 34.426597851545168 ], [ 131.400917301974374, 34.427377239848333 ], [ 131.400631883985, 34.427655775996911 ], [ 131.400716902215095, 34.427989031958681 ], [ 131.401271024633104, 34.428314233058813 ], [ 131.402325936369294, 34.428363222245395 ], [ 131.402700135733141, 34.428612635592003 ], [ 131.403639222677384, 34.428714984378281 ], [ 131.404108590105551, 34.428546615645601 ] ] ] } },
{ "type": "Feature", "properties": { "CITY_NAME": "萩市", "S_NAME": "大字椿東香川津の一", "JINKO": 125, "medical_area": "35_萩医療圏", "町丁目名": "萩市大字椿東香川津の一" }, "geometry": { "type": "Polygon", "coordinates": [ [ [ 131.408134901985079, 34.428713052103177 ], [ 131.40895558114471, 34.42855233343014 ], [ 131.409566260820128, 34.427916016483309 ], [ 131.409774534367585, 34.427140993456291 ], [ 131.410657170904187, 34.426623549291989 ], [ 131.410945470010574, 34.426626313045801 ], [ 131.411084032711017, 34.426832690834338 ], [ 131.411486600768171, 34.427191281546143 ], [ 131.411681108161218, 34.428066976141196 ], [ 131.411531306073215, 34.427182541635851 ], [ 131.410972652374454, 34.426628312479906 ], [ 131.411756004367618, 34.426271537020483 ], [ 131.41184155926635, 34.425832139364886 ], [ 131.412193133954986, 34.425395928824798 ], [ 131.410854643510476, 34.425056225024356 ], [ 131.410335442676541, 34.424719593053773 ], [ 131.409784693051336, 34.423792535209365 ], [ 131.407793605830022, 34.4219299446451 ], [ 131.406367195316761, 34.422741501882875 ], [ 131.406380726240798, 34.423443237606634 ], [ 131.405765378039888, 34.424509854307047 ], [ 131.405743812960168, 34.424722709075333 ], [ 131.406018182568232, 34.424722582032153 ], [ 131.405769165129328, 34.42621040677205 ], [ 131.406080482522071, 34.426457446608268 ], [ 131.4058306073062, 34.426661558188499 ], [ 131.406143150584569, 34.427992565749399 ], [ 131.407162922591397, 34.428026364189549 ], [ 131.407538208457055, 34.428523692768771 ], [ 131.408134901985079, 34.428713052103177 ] ] ] } },
{ "type": "Feature", "properties": { "CITY_NAME": "萩市", "S_NAME": "大字椿東前小畑一区", "JINKO": 1868, "medical_area": "35_萩医療圏", "町丁目名": "萩市大字椿東前小畑一区" }, "geometry": { "type": "Polygon", "coordinates": [ [ [ 131.429243092014673, 34.451562184559123 ], [ 131.429883343808257, 34.451706062940396 ], [ 131.430180114645736, 34.451499224641132 ], [ 131.430075048510588, 34.451176851158536 ], [ 131.429468715556027, 34.450995285120968 ], [ 131.429474913929482, 34.450290140605908 ], [ 131.430178949991443, 34.450537797390894 ], [ 131.429375867259324, 34.449892861697393 ], [ 131.429324559162438, 34.449645893995424 ], [ 131.429629439842159, 34.449231466710778 ], [ 131.430669277257834, 34.448930772533231 ], [ 131.429970989212165, 34.448659064819218 ], [ 131.429498673089142, 34.448157833518145 ], [ 131.429822977338205, 34.447825365944837 ], [ 131.430733443022234, 34.447858310689689 ], [ 131.430461669164998, 34.447408154961565 ], [ 131.430961694851391, 34.446844447856186 ], [ 131.431494019227046, 34.446717482095778 ], [ 131.43126683682101, 34.446466078239233 ], [ 131.431425978068461, 34.445760160228033 ], [ 131.43107007738007, 34.445954815002501 ], [ 131.43056166540552, 34.446786965358577 ], [ 131.429269384499918, 34.447517620712979 ], [ 131.428924277948596, 34.446483688209085 ], [ 131.429366195637698, 34.446572982241285 ], [ 131.429583475285568, 34.446354255974363 ], [ 131.429394225449471, 34.446247184854911 ], [ 131.429674708713634, 34.445821338685477 ], [ 131.429235170405008, 34.44585827762026 ], [ 131.429184247059737, 34.445712878785628 ], [ 131.429785658467523, 34.444844104065702 ], [ 131.429124514854465, 34.445118762073463 ], [ 131.428285807897964, 34.445803537857103 ], [ 131.428268762258568, 34.44562481545978 ], [ 131.42855535834147, 34.445480462969144 ], [ 131.42873813433647, 34.445008813146835 ], [ 131.42820717824128, 34.445116195285671 ], [ 131.428304782178174, 34.444565289300996 ], [ 131.427410330837773, 34.444986300394113 ], [ 131.427306931963841, 34.444881998375294 ], [ 131.428106793469368, 34.444398718635306 ], [ 131.428352810930789, 34.443986052810388 ], [ 131.427536910616027, 34.444051286210609 ], [ 131.427132136901719, 34.443916288673343 ], [ 131.427066486680019, 34.443609366603205 ], [ 131.427278564206148, 34.443092820305061 ], [ 131.426440119384893, 34.443218483411854 ], [ 131.426294091115182, 34.44347510552128 ], [ 131.426069015371354, 34.443353586381683 ], [ 131.425664712466244, 34.443435662475203 ], [ 131.425021938515073, 34.443199344627388 ], [ 131.42486438831142, 34.442912009503345 ], [ 131.425391738511109, 34.442826735977384 ], [ 131.425521433833438, 34.442619460401325 ], [ 131.425179683405986, 34.44198194432736 ], [ 131.425266891409962, 34.441733702589566 ], [ 131.424993265323963, 34.441363116620018 ], [ 131.425464601659399, 34.441352585256709 ], [ 131.425582378750704, 34.441773079848865 ], [ 131.425896990710982, 34.441767233931721 ], [ 131.426076542598537, 34.441960320138939 ], [ 131.426390447642831, 34.441639349986062 ], [ 131.426651137550493, 34.441877157535416 ], [ 131.427135738064464, 34.441557779209248 ], [ 131.42644688343475, 34.441023821688553 ], [ 131.426128173499279, 34.440964423136215 ], [ 131.426045944085786, 34.440706422101748 ], [ 131.425541727774259, 34.440512642469166 ], [ 131.425527004801552, 34.44016756998753 ], [ 131.426459396525587, 34.439546487262852 ], [ 131.426774849033166, 34.439695175676086 ], [ 131.427205037503768, 34.439635506931516 ], [ 131.42760924822835, 34.440015889918747 ], [ 131.427717127102682, 34.439707337557444 ], [ 131.427944149423297, 34.439587560220652 ], [ 131.428705411554944, 34.439911490069278 ], [ 131.428152765005251, 34.439289052375536 ], [ 131.429531619250071, 34.439055481673563 ], [ 131.428147872998551, 34.438801482681413 ], [ 131.42759903035568, 34.438482070402415 ], [ 131.427944428514735, 34.438415690563644 ], [ 131.427837203562973, 34.438321790647763 ], [ 131.426991821267393, 34.438274715465106 ], [ 131.426241731238747, 34.437968311376231 ], [ 131.426957282420005, 34.437495654579742 ], [ 131.426996136783686, 34.437263599583382 ], [ 131.426864797987463, 34.437166595262063 ], [ 131.427205620022249, 34.436827753192446 ], [ 131.426819115844893, 34.436610318361019 ], [ 131.427221941798877, 34.4362870641855 ], [ 131.426741601139753, 34.436280364113756 ], [ 131.426269627219341, 34.436501211733301 ], [ 131.425494836813613, 34.436394684411518 ], [ 131.425547751360654, 34.436130315797669 ], [ 131.42609614045557, 34.436238433439499 ], [ 131.426459805858968, 34.435786334090629 ], [ 131.426682115301958, 34.435727807939706 ], [ 131.426748052444367, 34.436069103075994 ], [ 131.4270505191231, 34.436098396081576 ], [ 131.427854646510468, 34.435730369678296 ], [ 131.42738346750582, 34.43525294985227 ], [ 131.427969294988742, 34.434941080057477 ], [ 131.42894750488972, 34.435425210181236 ], [ 131.428988790390491, 34.434963838439167 ], [ 131.428576223339547, 34.434607358123316 ], [ 131.428613174231913, 34.434388110208189 ], [ 131.43013125268061, 34.434516550977186 ], [ 131.430315456435835, 34.434391863168365 ], [ 131.430142128030838, 34.434168112632676 ], [ 131.430255496020578, 34.434113854869004 ], [ 131.430941276188804, 34.434316452078136 ], [ 131.431323852328404, 34.434225211123483 ], [ 131.430997582942183, 34.433895598406224 ], [ 131.430035128911129, 34.433486378895843 ], [ 131.429052381623421, 34.433385386998637 ], [ 131.429558293163637, 34.432927090283847 ], [ 131.428661320868883, 34.432739414263366 ], [ 131.428328152415133, 34.432916168754659 ], [ 131.428193304973121, 34.433189765199877 ], [ 131.427964078873828, 34.43311738785286 ], [ 131.428346578045534, 34.432502554108446 ], [ 131.428723569184712, 34.432252953413339 ], [ 131.428244470842856, 34.432146251391799 ], [ 131.428121797551086, 34.431760241604167 ], [ 131.428363538216701, 34.43130782448273 ], [ 131.427658995049228, 34.431154262233761 ], [ 131.42809557268393, 34.430875440437262 ], [ 131.427891065866362, 34.430622057142052 ], [ 131.427510067709136, 34.43062229701934 ], [ 131.428304103693563, 34.430293789389061 ], [ 131.426876604562381, 34.429792012045695 ], [ 131.426671879604129, 34.429284079071046 ], [ 131.426915040419431, 34.429085515187296 ], [ 131.427622705488687, 34.429143029378764 ], [ 131.428019150456322, 34.429512234922946 ], [ 131.428571418803784, 34.429542184316368 ], [ 131.429143728806991, 34.428818894944754 ], [ 131.429863973563783, 34.428663199447115 ], [ 131.430965112690757, 34.4288187061535 ], [ 131.430798552673025, 34.428230996524512 ], [ 131.430909361842851, 34.427827092173722 ], [ 131.430819222879222, 34.427093058329611 ], [ 131.429541811089592, 34.427325423322728 ], [ 131.428585206600985, 34.428001465354122 ], [ 131.428103196583379, 34.427435518137919 ], [ 131.428463936832031, 34.427301331038919 ], [ 131.42830769823064, 34.427098529125246 ], [ 131.428470370632112, 34.426830028914225 ], [ 131.428021904366432, 34.426674910141358 ], [ 131.427933483852939, 34.425822543512574 ], [ 131.427146786081238, 34.425712974319289 ], [ 131.426844188876913, 34.426435379201919 ], [ 131.425950018113639, 34.426565213263409 ], [ 131.425293074059425, 34.426176111743743 ], [ 131.42547057660866, 34.42580769002528 ], [ 131.424323833820978, 34.425970919911251 ], [ 131.424187207819983, 34.425935861826026 ], [ 131.424192630432657, 34.425716564105123 ], [ 131.423595281653093, 34.42562602990256 ], [ 131.423654453915617, 34.424923178081841 ], [ 131.423146280008666, 34.425091532819714 ], [ 131.422990023352696, 34.424672209506561 ], [ 131.424036766363827, 34.423925053953759 ], [ 131.423681427013321, 34.423958962704326 ], [ 131.4235487179198, 34.423769818362352 ], [ 131.423454940293482, 34.424012668880152 ], [ 131.42280632730737, 34.424126499809468 ], [ 131.422720513376902, 34.423882559818153 ], [ 131.422350200837315, 34.423927643539216 ], [ 131.422283472569319, 34.423630853034382 ], [ 131.421935446597672, 34.423539994161217 ], [ 131.421801684414589, 34.423211381809203 ], [ 131.421308481269477, 34.423188099837461 ], [ 131.421471495492455, 34.42272944005844 ], [ 131.420726062919385, 34.422673068659904 ], [ 131.419747783687455, 34.42171358349718 ], [ 131.419452207348854, 34.421785597510222 ], [ 131.419239729270288, 34.421335499931359 ], [ 131.41794466818763, 34.420276028958625 ], [ 131.417572693631712, 34.421709333417056 ], [ 131.416989485622935, 34.422019762186117 ], [ 131.416020912341139, 34.422043420748842 ], [ 131.415171175849053, 34.424115997709492 ], [ 131.413720326219448, 34.423539545146035 ], [ 131.412712067725266, 34.424676055862776 ], [ 131.412491045496949, 34.425154570039474 ], [ 131.41329737181843, 34.426673221637465 ], [ 131.416239226190982, 34.427780284408414 ], [ 131.415594342277814, 34.427748440813744 ], [ 131.416209095976996, 34.427993793973911 ], [ 131.41571701220218, 34.429364789096617 ], [ 131.414037507714141, 34.428946111627788 ], [ 131.413811251959117, 34.429551431336662 ], [ 131.414541809606618, 34.42973805951209 ], [ 131.415319555733703, 34.430371095717604 ], [ 131.414318531148865, 34.431464834360511 ], [ 131.413689352655012, 34.431622399945375 ], [ 131.413480215703061, 34.431159495910499 ], [ 131.412187093124146, 34.430118426086331 ], [ 131.412294877962182, 34.429872010922431 ], [ 131.412095016553934, 34.42995910348732 ], [ 131.41195572865405, 34.429832029463419 ], [ 131.411078916748806, 34.428723220717671 ], [ 131.411952864319858, 34.430037676169597 ], [ 131.411189192599522, 34.430746877193648 ], [ 131.410758064620268, 34.43101918753699 ], [ 131.410399757728726, 34.431048529687672 ], [ 131.410152497462008, 34.431566374532366 ], [ 131.409808799792501, 34.431673280694248 ], [ 131.409275774285618, 34.432623787190757 ], [ 131.409227517356015, 34.433036507039198 ], [ 131.409818581627292, 34.43373336240424 ], [ 131.410338013561613, 34.434778838579582 ], [ 131.410689806888229, 34.434861163126719 ], [ 131.410981423185518, 34.435339934843256 ], [ 131.411561108931636, 34.435613973623049 ], [ 131.412522581725057, 34.435669484294948 ], [ 131.413236817108327, 34.435377217773073 ], [ 131.413733492948865, 34.435684966731905 ], [ 131.413414482367074, 34.435463112214244 ], [ 131.414225328514448, 34.433977876460673 ], [ 131.415974251328606, 34.43491536853503 ], [ 131.416191207016141, 34.434628204494487 ], [ 131.416401147193625, 34.434755707140617 ], [ 131.416158385138573, 34.435010174402009 ], [ 131.417077127432862, 34.435700975668645 ], [ 131.417598348746708, 34.435825929067647 ], [ 131.417716197404474, 34.436521740873125 ], [ 131.417196261205362, 34.436988262916486 ], [ 131.417026621753337, 34.436880782886746 ], [ 131.41723973442862, 34.437238256609447 ], [ 131.417126844028445, 34.43733307380564 ], [ 131.414604170831524, 34.437974881857777 ], [ 131.414115187817004, 34.438268541478429 ], [ 131.413199893489406, 34.438407157759961 ], [ 131.412897619548289, 34.438982283151404 ], [ 131.413321953479397, 34.439471727692244 ], [ 131.413314335689449, 34.440084728781329 ], [ 131.414197201787204, 34.44076899106809 ], [ 131.414869571509655, 34.440912861983769 ], [ 131.415337650714577, 34.440647950255915 ], [ 131.416287906341182, 34.440614056833518 ], [ 131.416937498149593, 34.440261928421407 ], [ 131.417178669243413, 34.439815451441568 ], [ 131.417288021929409, 34.438782867258247 ], [ 131.417536491871061, 34.438127248836551 ], [ 131.41774615208962, 34.437924697304034 ], [ 131.417862812798234, 34.438017396543565 ], [ 131.417777062800695, 34.438729937410983 ], [ 131.41788144050318, 34.438741421531219 ], [ 131.418008767969695, 34.437884889004941 ], [ 131.417841150031791, 34.437767508368388 ], [ 131.417772633977137, 34.437881613408763 ], [ 131.417779487589485, 34.437723041166038 ], [ 131.41795480093657, 34.437711434453931 ], [ 131.418012061535819, 34.437142968189704 ], [ 131.418299855074252, 34.436843554771905 ], [ 131.418618701475566, 34.436837334252559 ], [ 131.418615419656106, 34.436470498504704 ], [ 131.418740575471134, 34.436840895636159 ], [ 131.418653341962226, 34.437224363422125 ], [ 131.419855075165913, 34.437423700923233 ], [ 131.42043525301537, 34.437282991709765 ], [ 131.420693208844114, 34.43751896539306 ], [ 131.421417273540783, 34.438206718667296 ], [ 131.420969758504981, 34.438329141048705 ], [ 131.421572989955592, 34.439294985935817 ], [ 131.420856027520813, 34.439654616451762 ], [ 131.421485965664971, 34.440641362779367 ], [ 131.421043354891452, 34.441835918207566 ], [ 131.419294403478432, 34.441401485543743 ], [ 131.419200398316775, 34.441591458767213 ], [ 131.422191575477598, 34.442734225846728 ], [ 131.422588698060991, 34.443097964186848 ], [ 131.423235118357042, 34.443103858090566 ], [ 131.423787860383015, 34.443839151662502 ], [ 131.424665985022813, 34.444323558467403 ], [ 131.424606854839652, 34.44519403731087 ], [ 131.423576570570731, 34.445724353889929 ], [ 131.423316781696343, 34.446258352683373 ], [ 131.422655452740827, 34.446800053567571 ], [ 131.422522186591465, 34.447197613544517 ], [ 131.42214403891802, 34.447213906845711 ], [ 131.422016661399852, 34.447369070400917 ], [ 131.422081441144314, 34.44775318435763 ], [ 131.421666567085339, 34.448008443237335 ], [ 131.422020817672376, 34.448098642960765 ], [ 131.422026880255061, 34.448517334241885 ], [ 131.422811622105002, 34.447972165716841 ], [ 131.422685962508751, 34.448835052437154 ], [ 131.422916044740134, 34.448949002383756 ], [ 131.423225543992032, 34.448774517302844 ], [ 131.423269435835977, 34.449146530107782 ], [ 131.423591896594246, 34.449226950130807 ], [ 131.423549584476973, 34.449559701485029 ], [ 131.423040506437104, 34.449842850753306 ], [ 131.42313462707736, 34.449958088715142 ], [ 131.424502909013, 34.45004495160282 ], [ 131.424456924648496, 34.449467021525074 ], [ 131.424609356206076, 34.449324543348574 ], [ 131.424858000445539, 34.449416627326293 ], [ 131.42478742477067, 34.448753846025902 ], [ 131.424924643824966, 34.448677763044095 ], [ 131.425101496592475, 34.448859847870473 ], [ 131.425126862424889, 34.449385715855456 ], [ 131.425330302288529, 34.449445830137336 ], [ 131.425317558207013, 34.449752702559969 ], [ 131.425527387106257, 34.44970565463413 ], [ 131.425613898996062, 34.450018479847088 ], [ 131.425976669059509, 34.450069696962238 ], [ 131.426032919664635, 34.449688429170457 ], [ 131.426385854545629, 34.449726766577086 ], [ 131.426419851547365, 34.449583710554421 ], [ 131.425944532301031, 34.449279804459152 ], [ 131.426052290569828, 34.448938853230359 ], [ 131.425728195903929, 34.448725592328884 ], [ 131.42555093180286, 34.448281776505397 ], [ 131.426589668760869, 34.44870375565889 ], [ 131.426699953825079, 34.448586799388657 ], [ 131.426415137119477, 34.448161771843388 ], [ 131.426667428499343, 34.448042714535653 ], [ 131.426126471323471, 34.447855332698929 ], [ 131.425911195587759, 34.447595257342783 ], [ 131.426032629735488, 34.447448222429976 ], [ 131.425873044567368, 34.447351890466543 ], [ 131.425953696480605, 34.447163053220436 ], [ 131.425741184351381, 34.44710063169908 ], [ 131.425757250545814, 34.446937182520415 ], [ 131.425458769406134, 34.44696298660655 ], [ 131.425372723356929, 34.446472672198951 ], [ 131.425554384893474, 34.446254300904371 ], [ 131.425300175198743, 34.445926937968849 ], [ 131.425674607104298, 34.445589573292814 ], [ 131.426551270860301, 34.446435002639703 ], [ 131.426782281290571, 34.44652077743573 ], [ 131.42707749848492, 34.446324923707273 ], [ 131.427608571039542, 34.446726360115932 ], [ 131.428000975420815, 34.447765509350951 ], [ 131.428426338288403, 34.447775258355811 ], [ 131.428937643808041, 34.448598750520972 ], [ 131.428849406062483, 34.449350873784198 ], [ 131.428383845676137, 34.449299467038507 ], [ 131.428258105981342, 34.449597769741274 ], [ 131.427265257325331, 34.449427385698932 ], [ 131.427130064768107, 34.449611245760259 ], [ 131.427619265885596, 34.449922839552556 ], [ 131.426622435077945, 34.450213342445316 ], [ 131.426361017052841, 34.450566323586493 ], [ 131.426851701525976, 34.450420676771358 ], [ 131.427046191295119, 34.450792331015087 ], [ 131.427761650972741, 34.450428143989221 ], [ 131.427287013969305, 34.451106933251509 ], [ 131.427571218030465, 34.45117838007986 ], [ 131.428464634575846, 34.450563110179459 ], [ 131.428436413000981, 34.451335174812627 ], [ 131.428269056936557, 34.451560396707542 ], [ 131.428530196472025, 34.451576622208115 ], [ 131.428001717494709, 34.452225253543929 ], [ 131.428125052383365, 34.452679232832566 ], [ 131.428761319911985, 34.45181551917419 ], [ 131.429243092014673, 34.451562184559123 ] ] ] } },
{ "type": "Feature", "properties": { "CITY_NAME": "萩市", "S_NAME": "大字椿東越ケ浜二区の二", "JINKO": 1217, "medical_area": "35_萩医療圏", "町丁目名": "萩市大字椿東越ケ浜二区の二" }, "geometry": { "type": "Polygon", "coordinates": [ [ [ 131.397979188256272, 34.460376567426515 ], [ 131.398182234614637, 34.460192183586393 ], [ 131.397875967030672, 34.460357042894472 ], [ 131.397833291814209, 34.460142238378936 ], [ 131.397912975419274, 34.460122876708112 ], [ 131.397995312932295, 34.460045778259421 ], [ 131.397852075616555, 34.46011531042322 ], [ 131.397741096628891, 34.459633982654644 ], [ 131.397832949661847, 34.459474114609662 ], [ 131.397999779048831, 34.459558132355532 ], [ 131.397916041164933, 34.459426039080689 ], [ 131.398240907781712, 34.459374832938266 ], [ 131.398516572018906, 34.459580255166877 ], [ 131.398444854613729, 34.459686298445483 ], [ 131.398631375912856, 34.459644083399404 ], [ 131.398449371714236, 34.459908047191519 ], [ 131.398787628349396, 34.459694648713345 ], [ 131.398852053322855, 34.459428254984424 ], [ 131.399074966146685, 34.459451347705347 ], [ 131.399458233631663, 34.459680825892988 ], [ 131.399452775583654, 34.459915190331046 ], [ 131.399615311573399, 34.459994670655654 ], [ 131.399882724234544, 34.459912532779384 ], [ 131.399953167566821, 34.459592085398761 ], [ 131.400193872930998, 34.459454700882269 ], [ 131.401015158978993, 34.45962662790437 ], [ 131.401200739084402, 34.459323944592271 ], [ 131.401713581193235, 34.459303769279295 ], [ 131.401729674629223, 34.458732241767599 ], [ 131.4019468286711, 34.458911229716072 ], [ 131.402189326828449, 34.458809915009695 ], [ 131.402267105312831, 34.458513880795579 ], [ 131.402692990894479, 34.458480480252575 ], [ 131.402661383069841, 34.458132207255694 ], [ 131.4035505869671, 34.457894344434472 ], [ 131.404523890921411, 34.457383862688609 ], [ 131.404612406359661, 34.457103108528628 ], [ 131.404394603209767, 34.456873691227727 ], [ 131.404373576510721, 34.456558023836664 ], [ 131.405249097556492, 34.45530499487316 ], [ 131.405084052130348, 34.455024492144808 ], [ 131.405256058239473, 34.454537750157023 ], [ 131.405498825408813, 34.45429232550223 ], [ 131.405783080513316, 34.454385092860406 ], [ 131.405901702221314, 34.454149601759468 ], [ 131.406081883234037, 34.45420481446488 ], [ 131.405960417042792, 34.454031922068225 ], [ 131.406325878391527, 34.453814165218517 ], [ 131.40638199978639, 34.453992143620816 ], [ 131.406455646710128, 34.453793419192685 ], [ 131.406744937193224, 34.454052999084674 ], [ 131.406522117254639, 34.453542248552246 ], [ 131.407094111047172, 34.452628069496441 ], [ 131.40845036745884, 34.452362363564568 ], [ 131.409025160591284, 34.452585956456019 ], [ 131.410839375338412, 34.452470124766577 ], [ 131.411252555215924, 34.45203092563542 ], [ 131.411888302308597, 34.451887788962956 ], [ 131.412117345516123, 34.451596203171981 ], [ 131.412153507699315, 34.451205243127106 ], [ 131.412998358053954, 34.450925483822765 ], [ 131.414867773328098, 34.451079548228194 ], [ 131.412992434155399, 34.450856141584389 ], [ 131.412270911724846, 34.451093275392203 ], [ 131.412053792465343, 34.450796260078988 ], [ 131.41194616848415, 34.45114437804439 ], [ 131.411309868192575, 34.451349632910599 ], [ 131.41105294473428, 34.451717703447954 ], [ 131.41069275114566, 34.451645761262817 ], [ 131.410254189979213, 34.45128980936623 ], [ 131.410707268738861, 34.450946556117302 ], [ 131.41084503395021, 34.450512867041553 ], [ 131.411184328766495, 34.450299496843726 ], [ 131.411408452612903, 34.450427997833657 ], [ 131.411268189140486, 34.450292746616711 ], [ 131.41203472873886, 34.449643864949707 ], [ 131.412415031847075, 34.450079934755038 ], [ 131.412060002180283, 34.449622467975743 ], [ 131.41347703104077, 34.449002803345692 ], [ 131.413649647509345, 34.449417729385999 ], [ 131.413588807411202, 34.449157598974892 ], [ 131.414796187235766, 34.449227289886437 ], [ 131.414652284712702, 34.450352484795502 ], [ 131.415040415908095, 34.448690543973512 ], [ 131.416694502382541, 34.449073992339336 ], [ 131.417471050827032, 34.449736876773727 ], [ 131.417536345439686, 34.450471047533568 ], [ 131.417080910404678, 34.451257104298371 ], [ 131.417260466152101, 34.451382730239445 ], [ 131.417333116121512, 34.451902405338004 ], [ 131.417608790378267, 34.452109617722577 ], [ 131.417036418370117, 34.452459541382339 ], [ 131.41713297079994, 34.452616071665453 ], [ 131.417372934057937, 34.45268065051242 ], [ 131.417641258365904, 34.452492126164145 ], [ 131.420438434994338, 34.453086219338353 ], [ 131.421802011579132, 34.453219766720231 ], [ 131.423038916935582, 34.45377370871261 ], [ 131.42425389599947, 34.453857718923125 ], [ 131.425161239773104, 34.454259898697124 ], [ 131.425586050609354, 34.454961165010808 ], [ 131.425716990143826, 34.455664172947785 ], [ 131.425767007839539, 34.457269213223405 ], [ 131.425586933696451, 34.457574644422905 ], [ 131.426113745721182, 34.457695036548671 ], [ 131.429701693915689, 34.455493715389458 ], [ 131.432338540419153, 34.453434192402675 ], [ 131.433657141648553, 34.452617320147375 ], [ 131.43373510593463, 34.452034452869384 ], [ 131.434241648648509, 34.45149429840496 ], [ 131.435824225979388, 34.448704132480209 ], [ 131.437013868749574, 34.447812614728242 ], [ 131.437954159906042, 34.44579308614172 ], [ 131.438620313886474, 34.445515306659274 ], [ 131.438849173493566, 34.445261976036569 ], [ 131.438795244641284, 34.443082159472844 ], [ 131.43858153531977, 34.442394586300551 ], [ 131.439548335435802, 34.442394125959495 ], [ 131.440525359715934, 34.442057610101038 ], [ 131.44114462371013, 34.442134668668679 ], [ 131.442829148684694, 34.441924450802368 ], [ 131.44345002598547, 34.440524942574555 ], [ 131.443598419188845, 34.439584264989058 ], [ 131.44393986512452, 34.439353848251351 ], [ 131.44421697231283, 34.438884706099081 ], [ 131.444200701467423, 34.437774861854059 ], [ 131.444375996608301, 34.43713396565262 ], [ 131.444818588100787, 34.436292780969097 ], [ 131.445367141868559, 34.436008641720861 ], [ 131.445669313177717, 34.435628246607202 ], [ 131.446182364286642, 34.434322886598331 ], [ 131.446195602754614, 34.433644265112811 ], [ 131.445661668966466, 34.433515752622732 ], [ 131.445647594251199, 34.432574111240363 ], [ 131.446515019974925, 34.432108431639257 ], [ 131.446702896602858, 34.431712006250358 ], [ 131.445907109257377, 34.431154001920881 ], [ 131.444848649352025, 34.429808828286362 ], [ 131.442112597326087, 34.427484582781602 ], [ 131.441954889179186, 34.426520545904076 ], [ 131.443331713882998, 34.426871121588903 ], [ 131.444132450305574, 34.42728548224644 ], [ 131.44441721225499, 34.427641720962995 ], [ 131.446431569100668, 34.428084762118232 ], [ 131.447275389187098, 34.427777836126594 ], [ 131.449745544511046, 34.425814414108544 ], [ 131.44999514248272, 34.425100555190333 ], [ 131.450848077255216, 34.424142441236199 ], [ 131.450302016903834, 34.423289398900458 ], [ 131.450362942260256, 34.422632472060421 ], [ 131.450147164747278, 34.421970826435384 ], [ 131.450283127512051, 34.42160480574023 ], [ 131.450765707099009, 34.421247011213929 ], [ 131.450947037410856, 34.420752784988231 ], [ 131.450626920415573, 34.419787948096349 ], [ 131.450726300722664, 34.419345785989833 ], [ 131.45053566365786, 34.41841748482738 ], [ 131.449849354732777, 34.417301181687122 ], [ 131.449839865362151, 34.416798935841442 ], [ 131.45052324634122, 34.415833070325988 ], [ 131.451125505386329, 34.415500062878991 ], [ 131.452531871653576, 34.415382768603564 ], [ 131.453584424009847, 34.414749936644519 ], [ 131.454993976076906, 34.413451746240277 ], [ 131.454985233372781, 34.412858223846371 ], [ 131.455773735899328, 34.412486412899874 ], [ 131.455681431843914, 34.411995237631444 ], [ 131.456327900065446, 34.411308606374064 ], [ 131.45706112776233, 34.410959146443751 ], [ 131.45645228747324, 34.410447789859901 ], [ 131.455775119883413, 34.409063366777914 ], [ 131.456979348055654, 34.407592667584062 ], [ 131.456708243075298, 34.407066226679078 ], [ 131.457788122251571, 34.405629166245191 ], [ 131.457633295806488, 34.405200457638813 ], [ 131.457195717727558, 34.404809976583842 ], [ 131.457221565875841, 34.404199609918244 ], [ 131.457029636091448, 34.404084396330816 ], [ 131.455926645670104, 34.404180690108753 ], [ 131.456113351556922, 34.403280368964026 ], [ 131.457082237873408, 34.402749718307213 ], [ 131.457320647121435, 34.402249062248224 ], [ 131.456573169945983, 34.400808625897938 ], [ 131.455593220292428, 34.399450222083011 ], [ 131.452995423866099, 34.398234092293649 ], [ 131.452549140423002, 34.397523364238836 ], [ 131.451402749815514, 34.397468068231674 ], [ 131.45045783650923, 34.39761664575483 ], [ 131.448922546835064, 34.397420156958667 ], [ 131.448271864868843, 34.396809632425338 ], [ 131.447935986662969, 34.396858229856143 ], [ 131.447336704757191, 34.397372950439987 ], [ 131.446765402399251, 34.398191397012418 ], [ 131.44566421052744, 34.398551443474588 ], [ 131.445112104214644, 34.398902181233971 ], [ 131.444624037263509, 34.399790550154506 ], [ 131.444137022225789, 34.400149554336437 ], [ 131.443222437427835, 34.399961588296868 ], [ 131.441830982010515, 34.399970536237582 ], [ 131.441080416942953, 34.399535325087804 ], [ 131.439930543700825, 34.398689940729923 ], [ 131.438000607504563, 34.396447760105332 ], [ 131.437862276217345, 34.395722338721498 ], [ 131.437606923439461, 34.395381481029368 ], [ 131.437631578439095, 34.394919456644622 ], [ 131.43840162626654, 34.394285083356557 ], [ 131.438929195757908, 34.392223028165731 ], [ 131.439505496313103, 34.39128238909084 ], [ 131.439507863347643, 34.391008565666539 ], [ 131.438941333744395, 34.390417519669569 ], [ 131.438884747140492, 34.390191802577185 ], [ 131.439080367279416, 34.38987362834942 ], [ 131.438910277378795, 34.389627234113213 ], [ 131.436780490475002, 34.388630485432564 ], [ 131.436394644212953, 34.388243064313109 ], [ 131.436254111466042, 34.387774419107537 ], [ 131.436567648750184, 34.387359897953864 ], [ 131.438043792477146, 34.386698326271976 ], [ 131.438281819849664, 34.385053889452344 ], [ 131.438923639271763, 34.385696666115592 ], [ 131.439289181236319, 34.385641789048286 ], [ 131.439924093363629, 34.38508942931719 ], [ 131.439832749375398, 34.384501202199026 ], [ 131.440718397628387, 34.383619296475395 ], [ 131.440925011530254, 34.382821821568363 ], [ 131.44071591043803, 34.38231290744671 ], [ 131.439597630319213, 34.381921289242747 ], [ 131.434635954952029, 34.38393833707552 ], [ 131.434509339723093, 34.384312420371629 ], [ 131.435434621988719, 34.385327092913585 ], [ 131.433663769571638, 34.385695163470864 ], [ 131.433431054425085, 34.385307101093659 ], [ 131.432985434645275, 34.385221045570617 ], [ 131.432628139547603, 34.385664180251744 ], [ 131.431740499220865, 34.385692392539667 ], [ 131.432418970071296, 34.386559247915145 ], [ 131.433028883565925, 34.38701816577786 ], [ 131.43199576391379, 34.387232718106333 ], [ 131.431646612273255, 34.387112020499579 ], [ 131.431337878559958, 34.387373021868086 ], [ 131.430208355789745, 34.387234400588426 ], [ 131.430487437343402, 34.387672469496898 ], [ 131.432174396245017, 34.388540294844653 ], [ 131.432604733237099, 34.388909254551855 ], [ 131.431075760069177, 34.389016030100272 ], [ 131.43056974641965, 34.389246687444803 ], [ 131.430359410243568, 34.389747743837162 ], [ 131.43069228639169, 34.390146552369764 ], [ 131.430289911481225, 34.390329796735031 ], [ 131.430704612366128, 34.390941799073033 ], [ 131.430507113887103, 34.391402645681907 ], [ 131.429943417600271, 34.390922863451742 ], [ 131.429002436646812, 34.390487859548678 ], [ 131.428715728064589, 34.390734618366714 ], [ 131.428226679880453, 34.390705335005485 ], [ 131.427811057725876, 34.390973853950378 ], [ 131.42762469538755, 34.390407729560899 ], [ 131.428418085719699, 34.389710584516898 ], [ 131.427356086927915, 34.389697006339922 ], [ 131.427154266201285, 34.390126127815151 ], [ 131.427253173743935, 34.390907527786531 ], [ 131.426793980576292, 34.39087447496933 ], [ 131.426720058300987, 34.39152185827362 ], [ 131.426200901097701, 34.391640573786944 ], [ 131.425879278334691, 34.391923879859803 ], [ 131.425744143146147, 34.392314381694881 ], [ 131.425951989335204, 34.392832744951306 ], [ 131.42506900824236, 34.393008279909722 ], [ 131.424822326948174, 34.393617993662886 ], [ 131.423807436116732, 34.393056430665531 ], [ 131.423770414177113, 34.392784481675619 ], [ 131.42402887801677, 34.392255414993365 ], [ 131.423700630670623, 34.39220088603863 ], [ 131.423369327625636, 34.392492015681519 ], [ 131.423564815720368, 34.393205544216798 ], [ 131.4234784637828, 34.393410540436847 ], [ 131.422882126556715, 34.393550044002474 ], [ 131.422821953421249, 34.39394592696334 ], [ 131.421874171672158, 34.393790582701321 ], [ 131.422264991727985, 34.394551501143674 ], [ 131.422444191343175, 34.395491449374539 ], [ 131.421780641555102, 34.395879172895761 ], [ 131.421966122077919, 34.396224853469974 ], [ 131.421338436312993, 34.396304296019331 ], [ 131.421118284786672, 34.396476505396251 ], [ 131.42162093523757, 34.396852991620975 ], [ 131.421037767286123, 34.397296415795978 ], [ 131.421434121278509, 34.398008501395964 ], [ 131.420657866778811, 34.398081403977287 ], [ 131.420214404918198, 34.398378189252973 ], [ 131.419848561798545, 34.398373710623474 ], [ 131.41875153296985, 34.398838649588718 ], [ 131.419387825510853, 34.401147359517523 ], [ 131.417739993963522, 34.400807413245104 ], [ 131.41760906553003, 34.400996359390426 ], [ 131.417675527149044, 34.401252294310758 ], [ 131.418361210279016, 34.401429880950509 ], [ 131.418266064171036, 34.401789633589125 ], [ 131.418793508554273, 34.401883846992867 ], [ 131.418677553705095, 34.402318976895536 ], [ 131.419028192606049, 34.402697081662005 ], [ 131.419050984900906, 34.403000503662376 ], [ 131.419266675246519, 34.402682756736063 ], [ 131.4192806546219, 34.402114310061087 ], [ 131.419459334874404, 34.40202101795083 ], [ 131.420442510419292, 34.402276610507741 ], [ 131.420904807511079, 34.402770334421909 ], [ 131.421486380860614, 34.40304770734398 ], [ 131.422534240413199, 34.403034764043966 ], [ 131.423541567788533, 34.402503595770511 ], [ 131.42351355298868, 34.403393976401304 ], [ 131.424270496871316, 34.403762406605587 ], [ 131.42350149117712, 34.404681565062688 ], [ 131.423700965000933, 34.404812650456094 ], [ 131.423793170997186, 34.405167908525371 ], [ 131.424053329848419, 34.405249914778238 ], [ 131.424134837517641, 34.405681458935547 ], [ 131.424687712828046, 34.405565482347491 ], [ 131.424795281358087, 34.405885053686077 ], [ 131.424468472714778, 34.40634470148656 ], [ 131.424659389303997, 34.4066950624144 ], [ 131.425374916964813, 34.406724454373126 ], [ 131.425125135760339, 34.407170621421137 ], [ 131.425201011923832, 34.407287575911432 ], [ 131.425730334587939, 34.407193569415014 ], [ 131.42598915939223, 34.407428122963402 ], [ 131.426343839651224, 34.40742194842101 ], [ 131.426114597540732, 34.408189841546537 ], [ 131.426824805855944, 34.408072127847028 ], [ 131.426052136008622, 34.409019734352441 ], [ 131.426335191665913, 34.409157376394504 ], [ 131.427575735055427, 34.409016510573373 ], [ 131.427633844805825, 34.40963780196045 ], [ 131.428214977919907, 34.410313654338246 ], [ 131.428028580135418, 34.410975031743277 ], [ 131.428490206517438, 34.410966677796253 ], [ 131.428189225521635, 34.411524111824491 ], [ 131.428336567078134, 34.411691501992628 ], [ 131.428729325723992, 34.411628922219457 ], [ 131.428952539410886, 34.411856777736254 ], [ 131.428806338390359, 34.412247229157764 ], [ 131.428898545626339, 34.412509232970109 ], [ 131.42953293114968, 34.412649683964304 ], [ 131.429821768476984, 34.412275019078884 ], [ 131.430551603368173, 34.413220392686199 ], [ 131.431311441539009, 34.412922924825608 ], [ 131.431527568057533, 34.413068327535427 ], [ 131.431430778308624, 34.414000716507516 ], [ 131.4319427371872, 34.414177049764696 ], [ 131.431510783598355, 34.414609745655369 ], [ 131.43157282753657, 34.414784652815882 ], [ 131.432869411920393, 34.415126552365997 ], [ 131.43346923439961, 34.414818255456495 ], [ 131.433956145131276, 34.41499302338535 ], [ 131.434145991208652, 34.415278288483499 ], [ 131.434363540524942, 34.415271275789976 ], [ 131.435258590486029, 34.414672288576355 ], [ 131.435210353337226, 34.414257563566593 ], [ 131.435908594926218, 34.41435878884355 ], [ 131.436313776365836, 34.413816042561862 ], [ 131.436374647595471, 34.413490716775847 ], [ 131.437108019169074, 34.413186162110591 ], [ 131.437795222442617, 34.412657628403259 ], [ 131.438623554418086, 34.412613391794125 ], [ 131.43913740785959, 34.412345836971994 ], [ 131.438890859621068, 34.413004199823007 ], [ 131.438176053418033, 34.413266051342312 ], [ 131.437355164039531, 34.414000022736602 ], [ 131.436390817371233, 34.415485655936124 ], [ 131.435892533647774, 34.41554255484602 ], [ 131.435207223120983, 34.416044608981792 ], [ 131.435178349033492, 34.416257007327815 ], [ 131.434722379174531, 34.416188078459037 ], [ 131.433051611224357, 34.416960762541549 ], [ 131.434460684133398, 34.417409680258594 ], [ 131.435349670154409, 34.416865597239905 ], [ 131.435596772588752, 34.417223892007677 ], [ 131.43531377954568, 34.417581983153298 ], [ 131.435425745484821, 34.417764230999722 ], [ 131.437007293285149, 34.417862260081179 ], [ 131.436526453892952, 34.418140289637464 ], [ 131.436262040556471, 34.418580760797404 ], [ 131.435473116714206, 34.418983030082899 ], [ 131.435549112300066, 34.419148017961469 ], [ 131.435849894873002, 34.41911022557295 ], [ 131.435885236500383, 34.419405556216702 ], [ 131.436667221608616, 34.419470082529472 ], [ 131.435815647264405, 34.420097789865522 ], [ 131.437155776677145, 34.419969268297407 ], [ 131.436707800331249, 34.420573033381082 ], [ 131.437184935592597, 34.420870706851176 ], [ 131.437832421986855, 34.420715375890815 ], [ 131.4381043424371, 34.420889975550175 ], [ 131.43765426168423, 34.421187347967802 ], [ 131.43778611187571, 34.421754132174023 ], [ 131.438159237644726, 34.422000893349903 ], [ 131.438609737430397, 34.421841994550626 ], [ 131.438718397109454, 34.422162406563423 ], [ 131.439061898457197, 34.422100350624667 ], [ 131.438962610416638, 34.42267182053866 ], [ 131.439204694405305, 34.422936113653272 ], [ 131.440409296606816, 34.422689129644468 ], [ 131.440229383071653, 34.423414653808642 ], [ 131.439943672673991, 34.423713430542485 ], [ 131.44117342368915, 34.423892708482548 ], [ 131.440555147576248, 34.424453219877471 ], [ 131.440719667241069, 34.42487172226722 ], [ 131.441641338783285, 34.425205675521276 ], [ 131.442004966255723, 34.425107668672737 ], [ 131.44226170570775, 34.425429093479835 ], [ 131.443140517602217, 34.425371314197839 ], [ 131.441919966204409, 34.425887285312051 ], [ 131.441832660224776, 34.42630288903981 ], [ 131.441162901565491, 34.426020435304395 ], [ 131.440449256122093, 34.426007336552701 ], [ 131.439480183826589, 34.425285851266544 ], [ 131.439028975058562, 34.425239647107318 ], [ 131.438774176513732, 34.424882024566706 ], [ 131.43818599331675, 34.424673571291258 ], [ 131.43798170281579, 34.424069168501568 ], [ 131.437370047645317, 34.423411912272769 ], [ 131.436761242781927, 34.42317205625217 ], [ 131.436617627580745, 34.422933137126769 ], [ 131.434831845129793, 34.422226190172935 ], [ 131.434468286866291, 34.422707895044631 ], [ 131.434074143422009, 34.422884722000887 ], [ 131.434051520323209, 34.422388596887956 ], [ 131.433861208868194, 34.422076706442446 ], [ 131.433055825657306, 34.421613367212458 ], [ 131.432711482353398, 34.421937552578726 ], [ 131.432436407860422, 34.421969712882643 ], [ 131.431993433002276, 34.421674760791888 ], [ 131.431801328527399, 34.421987460108888 ], [ 131.431399265005439, 34.422117321365292 ], [ 131.430922596699617, 34.423915301992174 ], [ 131.430716967972103, 34.424062822958135 ], [ 131.426866416671373, 34.423321363350752 ], [ 131.426719157670846, 34.42317171920935 ], [ 131.426820331245779, 34.42257984133262 ], [ 131.427347169459665, 34.42181346310926 ], [ 131.42711957781205, 34.420583445905827 ], [ 131.427613793384552, 34.420006759261469 ], [ 131.42746075631635, 34.419673812592812 ], [ 131.426302008717954, 34.419570324083054 ], [ 131.426343674361476, 34.418979216920299 ], [ 131.425823838621909, 34.418710966150336 ], [ 131.425179916979516, 34.417710019781168 ], [ 131.423883689731326, 34.41721125585385 ], [ 131.423479464178627, 34.416721410810794 ], [ 131.423163761560858, 34.41689008630798 ], [ 131.422635532327575, 34.417823074984618 ], [ 131.422499223280056, 34.417840278767265 ], [ 131.422518278803892, 34.416378209451445 ], [ 131.422037544124322, 34.416141878359156 ], [ 131.422083770298457, 34.41581647759299 ], [ 131.421454233385447, 34.415780538018716 ], [ 131.421280443067047, 34.415481974080848 ], [ 131.421517907191998, 34.415231971946305 ], [ 131.420110874492394, 34.414557827519978 ], [ 131.420192569355947, 34.415120096789458 ], [ 131.419445449693313, 34.415424607968781 ], [ 131.419467620284308, 34.415722392060147 ], [ 131.41916865106208, 34.41592060006559 ], [ 131.419173461938868, 34.416526492361044 ], [ 131.418372070791179, 34.415946453377188 ], [ 131.417752950231716, 34.41595309914819 ], [ 131.41688709727714, 34.417693980504936 ], [ 131.416910350341396, 34.418240821866 ], [ 131.416603185870088, 34.418326844433793 ], [ 131.415011769982897, 34.419744776768816 ], [ 131.414638656042882, 34.420208758010141 ], [ 131.414432692136899, 34.420865623671382 ], [ 131.414568128543095, 34.421449218479452 ], [ 131.414824349691798, 34.421757315009806 ], [ 131.416020912341139, 34.422043420748842 ], [ 131.41685684867403, 34.422043603025301 ], [ 131.417572693631712, 34.421709333417056 ], [ 131.417966094359826, 34.420275173656897 ], [ 131.419239729270288, 34.421335499931359 ], [ 131.419452207348854, 34.421785597510222 ], [ 131.419747783687455, 34.42171358349718 ], [ 131.420806275987331, 34.422714126374764 ], [ 131.421471495492455, 34.42272944005844 ], [ 131.421308481269477, 34.423188099837461 ], [ 131.421801684414589, 34.423211381809203 ], [ 131.421935446597672, 34.423539994161217 ], [ 131.422283472569319, 34.423630853034382 ], [ 131.422350200837315, 34.423927643539216 ], [ 131.422720513376902, 34.423882559818153 ], [ 131.42280632730737, 34.424126499809468 ], [ 131.423454940293482, 34.424012668880152 ], [ 131.4235487179198, 34.423769818362352 ], [ 131.423681427013321, 34.423958962704326 ], [ 131.424036766363827, 34.423925053953759 ], [ 131.422990023352696, 34.424672209506561 ], [ 131.423146280008666, 34.425091532819714 ], [ 131.423654453915617, 34.424923178081841 ], [ 131.423595281653093, 34.42562602990256 ], [ 131.424192630432657, 34.425716564105123 ], [ 131.424187207819983, 34.425935861826026 ], [ 131.424323833820978, 34.425970919911251 ], [ 131.42547057660866, 34.42580769002528 ], [ 131.425293074059425, 34.426176111743743 ], [ 131.425950018113639, 34.426565213263409 ], [ 131.426844188876913, 34.426435379201919 ], [ 131.427146786081238, 34.425712974319289 ], [ 131.427933483852939, 34.425822543512574 ], [ 131.428021904366432, 34.426674910141358 ], [ 131.428470370632112, 34.426830028914225 ], [ 131.42830769823064, 34.427098529125246 ], [ 131.428463936832031, 34.427301331038919 ], [ 131.428103196583379, 34.427435518137919 ], [ 131.428585206600985, 34.428001465354122 ], [ 131.429541811089592, 34.427325423322728 ], [ 131.430819222879222, 34.427093058329611 ], [ 131.430909361842851, 34.427827092173722 ], [ 131.430798552673025, 34.428230996524512 ], [ 131.430965112690757, 34.4288187061535 ], [ 131.429863973563783, 34.428663199447115 ], [ 131.429143728806991, 34.428818894944754 ], [ 131.428571418803784, 34.429542184316368 ], [ 131.428019150456322, 34.429512234922946 ], [ 131.427622705488687, 34.429143029378764 ], [ 131.426915040419431, 34.429085515187296 ], [ 131.426671879604129, 34.429284079071046 ], [ 131.426876604562381, 34.429792012045695 ], [ 131.428304103693563, 34.430293789389061 ], [ 131.427510067709136, 34.43062229701934 ], [ 131.427891065866362, 34.430622057142052 ], [ 131.42809557268393, 34.430875440437262 ], [ 131.427658995049228, 34.431154262233761 ], [ 131.428363538216701, 34.43130782448273 ], [ 131.428121797551086, 34.431760241604167 ], [ 131.428244470842856, 34.432146251391799 ], [ 131.428723569184712, 34.432252953413339 ], [ 131.428346578045534, 34.432502554108446 ], [ 131.427964078873828, 34.43311738785286 ], [ 131.428193304973121, 34.433189765199877 ], [ 131.428328152415133, 34.432916168754659 ], [ 131.428661320868883, 34.432739414263366 ], [ 131.429558293163637, 34.432927090283847 ], [ 131.429052381623421, 34.433385386998637 ], [ 131.430035128911129, 34.433486378895843 ], [ 131.430997582942183, 34.433895598406224 ], [ 131.431323852328404, 34.434225211123483 ], [ 131.430941276188804, 34.434316452078136 ], [ 131.430255496020578, 34.434113854869004 ], [ 131.430142128030838, 34.434168112632676 ], [ 131.430315456435835, 34.434391863168365 ], [ 131.43013125268061, 34.434516550977186 ], [ 131.428613174231913, 34.434388110208189 ], [ 131.428576223339547, 34.434607358123316 ], [ 131.428988790390491, 34.434963838439167 ], [ 131.42894750488972, 34.435425210181236 ], [ 131.427969294988742, 34.434941080057477 ], [ 131.42738346750582, 34.43525294985227 ], [ 131.427854646510468, 34.435730369678296 ], [ 131.4270505191231, 34.436098396081576 ], [ 131.426748052444367, 34.436069103075994 ], [ 131.426682115301958, 34.435727807939706 ], [ 131.426459805858968, 34.435786334090629 ], [ 131.42609614045557, 34.436238433439499 ], [ 131.425547751360654, 34.436130315797669 ], [ 131.425494836813613, 34.436394684411518 ], [ 131.426269627219341, 34.436501211733301 ], [ 131.426741601139753, 34.436280364113756 ], [ 131.427221941798877, 34.4362870641855 ], [ 131.426819115844893, 34.436610318361019 ], [ 131.427205620022249, 34.436827753192446 ], [ 131.426864797987463, 34.437166595262063 ], [ 131.426996136783686, 34.437263599583382 ], [ 131.426957282420005, 34.437495654579742 ], [ 131.426241731238747, 34.437968311376231 ], [ 131.426991821267393, 34.438274715465106 ], [ 131.427837203562973, 34.438321790647763 ], [ 131.427944428514735, 34.438415690563644 ], [ 131.42759903035568, 34.438482070402415 ], [ 131.428147872998551, 34.438801482681413 ], [ 131.429531619250071, 34.439055481673563 ], [ 131.428152765005251, 34.439289052375536 ], [ 131.428705411554944, 34.439911490069278 ], [ 131.427944149423297, 34.439587560220652 ], [ 131.427717127102682, 34.439707337557444 ], [ 131.42760924822835, 34.440015889918747 ], [ 131.427205037503768, 34.439635506931516 ], [ 131.426774849033166, 34.439695175676086 ], [ 131.426459396525587, 34.439546487262852 ], [ 131.425527004801552, 34.44016756998753 ], [ 131.425541727774259, 34.440512642469166 ], [ 131.426045944085786, 34.440706422101748 ], [ 131.426128173499279, 34.440964423136215 ], [ 131.42644688343475, 34.441023821688553 ], [ 131.427135738064464, 34.441557779209248 ], [ 131.426651137550493, 34.441877157535416 ], [ 131.426390447642831, 34.441639349986062 ], [ 131.426076542598537, 34.441960320138939 ], [ 131.425896990710982, 34.441767233931721 ], [ 131.425582378750704, 34.441773079848865 ], [ 131.425464601659399, 34.441352585256709 ], [ 131.424993265323963, 34.441363116620018 ], [ 131.425266891409962, 34.441733702589566 ], [ 131.425179683405986, 34.44198194432736 ], [ 131.425521433833438, 34.442619460401325 ], [ 131.425391738511109, 34.442826735977384 ], [ 131.42486438831142, 34.442912009503345 ], [ 131.425021938515073, 34.443199344627388 ], [ 131.425664712466244, 34.443435662475203 ], [ 131.426069015371354, 34.443353586381683 ], [ 131.426294091115182, 34.44347510552128 ], [ 131.426440119384893, 34.443218483411854 ], [ 131.427278564206148, 34.443092820305061 ], [ 131.427066486680019, 34.443609366603205 ], [ 131.427132136901719, 34.443916288673343 ], [ 131.427536910616027, 34.444051286210609 ], [ 131.428352810930789, 34.443986052810388 ], [ 131.428106793469368, 34.444398718635306 ], [ 131.427306931963841, 34.444881998375294 ], [ 131.427410330837773, 34.444986300394113 ], [ 131.428304782178174, 34.444565289300996 ], [ 131.42820717824128, 34.445116195285671 ], [ 131.42873813433647, 34.445008813146835 ], [ 131.42855535834147, 34.445480462969144 ], [ 131.428268762258568, 34.44562481545978 ], [ 131.428285807897964, 34.445803537857103 ], [ 131.429124514854465, 34.445118762073463 ], [ 131.429785658467523, 34.444844104065702 ], [ 131.429184247059737, 34.445712878785628 ], [ 131.429235170405008, 34.44585827762026 ], [ 131.429674708713634, 34.445821338685477 ], [ 131.429394225449471, 34.446247184854911 ], [ 131.429583475285568, 34.446354255974363 ], [ 131.429366195637698, 34.446572982241285 ], [ 131.428924277948596, 34.446483688209085 ], [ 131.429269384499918, 34.447517620712979 ], [ 131.43056166540552, 34.446786965358577 ], [ 131.43107007738007, 34.445954815002501 ], [ 131.431425978068461, 34.445760160228033 ], [ 131.43126683682101, 34.446466078239233 ], [ 131.431494019227046, 34.446717482095778 ], [ 131.430961694851391, 34.446844447856186 ], [ 131.430461669164998, 34.447408154961565 ], [ 131.430733443022234, 34.447858310689689 ], [ 131.429822977338205, 34.447825365944837 ], [ 131.429498673089142, 34.448157833518145 ], [ 131.429970989212165, 34.448659064819218 ], [ 131.430669277257834, 34.448930772533231 ], [ 131.429629439842159, 34.449231466710778 ], [ 131.429324559162438, 34.449645893995424 ], [ 131.429375867259324, 34.449892861697393 ], [ 131.430178949991443, 34.450537797390894 ], [ 131.429683813480068, 34.450261675450967 ], [ 131.42944082537727, 34.450347550050751 ], [ 131.429468715556027, 34.450995285120968 ], [ 131.430075048510588, 34.451176851158536 ], [ 131.430153200216836, 34.451562593877178 ], [ 131.429883343808257, 34.451706062940396 ], [ 131.429031613803772, 34.451622469080029 ], [ 131.428125052383365, 34.452679232832566 ], [ 131.428001717494709, 34.452225253543929 ], [ 131.428530196472025, 34.451576622208115 ], [ 131.428269056936557, 34.451560396707542 ], [ 131.428436413000981, 34.451335174812627 ], [ 131.428464634575846, 34.450563110179459 ], [ 131.427571218030465, 34.45117838007986 ], [ 131.427287013969305, 34.451106933251509 ], [ 131.427761650972741, 34.450428143989221 ], [ 131.427046191295119, 34.450792331015087 ], [ 131.426851701525976, 34.450420676771358 ], [ 131.426361017052841, 34.450566323586493 ], [ 131.426622435077945, 34.450213342445316 ], [ 131.427619265885596, 34.449922839552556 ], [ 131.427130064768107, 34.449611245760259 ], [ 131.427265257325331, 34.449427385698932 ], [ 131.428258105981342, 34.449597769741274 ], [ 131.428383845676137, 34.449299467038507 ], [ 131.428849406062483, 34.449350873784198 ], [ 131.428937643808041, 34.448598750520972 ], [ 131.428426338288403, 34.447775258355811 ], [ 131.428000975420815, 34.447765509350951 ], [ 131.427608571039542, 34.446726360115932 ], [ 131.42707749848492, 34.446324923707273 ], [ 131.426782281290571, 34.44652077743573 ], [ 131.426551270860301, 34.446435002639703 ], [ 131.425674607104298, 34.445589573292814 ], [ 131.425300175198743, 34.445926937968849 ], [ 131.425554384893474, 34.446254300904371 ], [ 131.425372723356929, 34.446472672198951 ], [ 131.425458769406134, 34.44696298660655 ], [ 131.425757250545814, 34.446937182520415 ], [ 131.425741184351381, 34.44710063169908 ], [ 131.425953696480605, 34.447163053220436 ], [ 131.425873044567368, 34.447351890466543 ], [ 131.426032629735488, 34.447448222429976 ], [ 131.425911195587759, 34.447595257342783 ], [ 131.426126471323471, 34.447855332698929 ], [ 131.426658530982849, 34.4480199811956 ], [ 131.426413756428445, 34.448212334709936 ], [ 131.426701439099588, 34.448630476010131 ], [ 131.426549705304268, 34.448694357766016 ], [ 131.425548741681467, 34.448317964903559 ], [ 131.425728195903929, 34.448725592328884 ], [ 131.426052290569828, 34.448938853230359 ], [ 131.425944532301031, 34.449279804459152 ], [ 131.426409182887824, 34.449559416948141 ], [ 131.426400500358028, 34.449714741688148 ], [ 131.426071412772558, 34.44965246036795 ], [ 131.425976669059509, 34.450069696962238 ], [ 131.425613898996062, 34.450018479847088 ], [ 131.425549142453917, 34.449716492205027 ], [ 131.425348291780324, 34.449777117734385 ], [ 131.425330302288529, 34.449445830137336 ], [ 131.425126862424889, 34.449385715855456 ], [ 131.425101496592475, 34.448859847870473 ], [ 131.424924643824966, 34.448677763044095 ], [ 131.42478742477067, 34.448753846025902 ], [ 131.424858000445539, 34.449416627326293 ], [ 131.424609356206076, 34.449324543348574 ], [ 131.424456924648496, 34.449467021525074 ], [ 131.424502909013, 34.45004495160282 ], [ 131.42313462707736, 34.449958088715142 ], [ 131.423040506437104, 34.449842850753306 ], [ 131.423549584476973, 34.449559701485029 ], [ 131.423591896594246, 34.449226950130807 ], [ 131.423269435835977, 34.449146530107782 ], [ 131.423225543992032, 34.448774517302844 ], [ 131.422916044740134, 34.448949002383756 ], [ 131.422685962508751, 34.448835052437154 ], [ 131.422811622105002, 34.447972165716841 ], [ 131.422026880255061, 34.448517334241885 ], [ 131.422020817672376, 34.448098642960765 ], [ 131.421666717102056, 34.447991540209365 ], [ 131.422081441144314, 34.44775318435763 ], [ 131.422016661399852, 34.447369070400917 ], [ 131.42214403891802, 34.447213906845711 ], [ 131.422522186591465, 34.447197613544517 ], [ 131.422655452740827, 34.446800053567571 ], [ 131.423316781696343, 34.446258352683373 ], [ 131.423576570570731, 34.445724353889929 ], [ 131.424606854839652, 34.44519403731087 ], [ 131.424665985022813, 34.444323558467403 ], [ 131.423787860383015, 34.443839151662502 ], [ 131.423235118357042, 34.443103858090566 ], [ 131.422588698060991, 34.443097964186848 ], [ 131.422191575477598, 34.442734225846728 ], [ 131.419200398316775, 34.441591458767213 ], [ 131.418936205024949, 34.442246787249786 ], [ 131.419446544204988, 34.442372514054327 ], [ 131.420195919067993, 34.443275024551319 ], [ 131.419910122751446, 34.443474325404871 ], [ 131.417615102923094, 34.443591923142627 ], [ 131.41749477950728, 34.443665141170385 ], [ 131.417586269030664, 34.443778394072218 ], [ 131.417033664126762, 34.444234796348027 ], [ 131.416719551222883, 34.444069609019515 ], [ 131.415153706937787, 34.444543311447248 ], [ 131.415230010267948, 34.444776349544583 ], [ 131.41483205096867, 34.444736999087375 ], [ 131.414512886197826, 34.444899005219469 ], [ 131.41443949958915, 34.445071676735701 ], [ 131.414014702522621, 34.445237680310441 ], [ 131.41393428310127, 34.445464401628925 ], [ 131.411894992680004, 34.445457190698498 ], [ 131.413905586358226, 34.445507470776704 ], [ 131.414153140421064, 34.445690147841084 ], [ 131.414075784196569, 34.446428934175927 ], [ 131.413339240057553, 34.446895030987086 ], [ 131.413146272612465, 34.446692827544076 ], [ 131.411423540127828, 34.447416956753962 ], [ 131.411202619461534, 34.447420945933395 ], [ 131.411048115354077, 34.446572546567687 ], [ 131.411157985203829, 34.447420670255468 ], [ 131.40951874106932, 34.447453921070164 ], [ 131.409308699888982, 34.447694203843554 ], [ 131.408961203958427, 34.447498221602103 ], [ 131.408294354852615, 34.446023599912976 ], [ 131.40863218818302, 34.445725509701035 ], [ 131.408908656249082, 34.445839914476799 ], [ 131.408400566171593, 34.445465305780807 ], [ 131.409248425443565, 34.445213619877265 ], [ 131.409715822946424, 34.445632205015052 ], [ 131.410861743302121, 34.445628443035531 ], [ 131.411341079510578, 34.44533572714991 ], [ 131.410853331611008, 34.44559951370185 ], [ 131.40975208827038, 34.445589184350936 ], [ 131.408675615982474, 34.444530396940145 ], [ 131.40826546048379, 34.444515177308354 ], [ 131.407822143394782, 34.444801907402933 ], [ 131.407404972381471, 34.444847917212932 ], [ 131.407122020737233, 34.445206775406149 ], [ 131.406589088295817, 34.445418003526406 ], [ 131.40622783801129, 34.445409560586818 ], [ 131.406161129220095, 34.445208976306645 ], [ 131.40510528939717, 34.44523748439935 ], [ 131.404648446162355, 34.444857825668372 ], [ 131.404663247146289, 34.445025688529029 ], [ 131.403768588033074, 34.444915449919314 ], [ 131.403149765899911, 34.445118942582667 ], [ 131.402651292695055, 34.445597306429967 ], [ 131.402084531839989, 34.445815486749339 ], [ 131.401531078234711, 34.44576694987429 ], [ 131.401421733891254, 34.445581451509035 ], [ 131.400923578783221, 34.445678489827543 ], [ 131.400651183879432, 34.445472952884202 ], [ 131.400423795422711, 34.445711421927683 ], [ 131.400601146557108, 34.446186682370232 ], [ 131.40026991555834, 34.44670834287561 ], [ 131.399020449863684, 34.446850247166992 ], [ 131.398445269626677, 34.446676190431759 ], [ 131.39814516746253, 34.447120564131481 ], [ 131.397920307358902, 34.447193105097931 ], [ 131.397643424432658, 34.447719606947885 ], [ 131.397274378224864, 34.447856179305241 ], [ 131.397141751367684, 34.447716453816241 ], [ 131.396996772248826, 34.447987832725182 ], [ 131.396514123677491, 34.448042551436437 ], [ 131.396073242892243, 34.448298545374492 ], [ 131.396500163419063, 34.448851167005465 ], [ 131.396395463118182, 34.449708654431703 ], [ 131.395612476142276, 34.450007569423327 ], [ 131.395832447966711, 34.450107278078661 ], [ 131.395782296654318, 34.450708313167546 ], [ 131.39534837368808, 34.450797423723223 ], [ 131.394958417270544, 34.451190794894465 ], [ 131.395581090024478, 34.451166827605796 ], [ 131.395534145547259, 34.451307114091456 ], [ 131.395794856024281, 34.451118589487656 ], [ 131.396358724496679, 34.452175944554199 ], [ 131.395818287544841, 34.452956876150765 ], [ 131.395639888422892, 34.452949414528568 ], [ 131.395697668402676, 34.452814548543543 ], [ 131.395419170877602, 34.452920978472378 ], [ 131.395274478882158, 34.452798360121186 ], [ 131.395190392159833, 34.453307196326975 ], [ 131.394372282254409, 34.453510377446413 ], [ 131.394630439780201, 34.453951926368276 ], [ 131.394312654793794, 34.455962176082203 ], [ 131.395068237652197, 34.456292337393037 ], [ 131.395310301303113, 34.456127078629471 ], [ 131.395408674792321, 34.456312512880231 ], [ 131.396209430765197, 34.456344600037433 ], [ 131.396224547192418, 34.456948723218623 ], [ 131.396014212737697, 34.457103337438056 ], [ 131.396253131550395, 34.457280640089465 ], [ 131.396129013954464, 34.457518765706148 ], [ 131.395871659209263, 34.457571238026539 ], [ 131.395946643665269, 34.457822449245015 ], [ 131.396996965677289, 34.458291513990822 ], [ 131.397408978068427, 34.458825022634983 ], [ 131.397518248573846, 34.459251260710751 ], [ 131.39705578709831, 34.45959192451285 ], [ 131.397191917903513, 34.459703639969923 ], [ 131.396883931038843, 34.460176841320759 ], [ 131.397210171637795, 34.460207628144978 ], [ 131.397453105242619, 34.460541876194355 ], [ 131.397979188256272, 34.460376567426515 ] ] ] } },
{ "type": "Feature", "properties": { "CITY_NAME": "萩市", "S_NAME": "大字椿", "JINKO": 3886, "medical_area": "35_萩医療圏", "町丁目名": "萩市大字椿" }, "geometry": { "type": "Polygon", "coordinates": [ [ [ 131.406695186424884, 34.399188302408774 ], [ 131.408214086403802, 34.396622548487798 ], [ 131.410204798720969, 34.394867553529458 ], [ 131.411125547343005, 34.394313988559382 ], [ 131.411944079730546, 34.394118995438305 ], [ 131.414407968823042, 34.393098201509005 ], [ 131.417395862115228, 34.392286227216715 ], [ 131.419754993942092, 34.391365980655848 ], [ 131.421905416604119, 34.39031004265366 ], [ 131.424488411175332, 34.388476301892275 ], [ 131.428366903467492, 34.384567335967311 ], [ 131.429570508231194, 34.383694028424117 ], [ 131.431204307838698, 34.382810191610737 ], [ 131.439159434211803, 34.380241558066899 ], [ 131.439725460310854, 34.37977161675812 ], [ 131.439870335475234, 34.379197751128217 ], [ 131.439137237660418, 34.377543172801914 ], [ 131.436991190745687, 34.377448981784809 ], [ 131.435838073506261, 34.377048529274596 ], [ 131.435496340002231, 34.376792227909299 ], [ 131.433788797592172, 34.374352387563647 ], [ 131.433404324604936, 34.374070328326837 ], [ 131.431803589659125, 34.373477973764295 ], [ 131.430140499145608, 34.373519395726277 ], [ 131.428833196698605, 34.373188801672981 ], [ 131.426965215388321, 34.372989755705134 ], [ 131.425411268687725, 34.372522683773717 ], [ 131.424062482964359, 34.372488166543242 ], [ 131.422276357240378, 34.371538023394955 ], [ 131.421881925759408, 34.37089045908786 ], [ 131.422084718653196, 34.369543464062041 ], [ 131.421825354179902, 34.368587530787963 ], [ 131.42048978272112, 34.368909591556083 ], [ 131.419257204009909, 34.368392993234266 ], [ 131.41854567092804, 34.368582762795334 ], [ 131.418152826263935, 34.368515283744316 ], [ 131.417230662826995, 34.367910264091599 ], [ 131.41604005350689, 34.367758728165043 ], [ 131.415728872194933, 34.367354649254665 ], [ 131.415501299224076, 34.365282104117561 ], [ 131.415358006425748, 34.365206424543203 ], [ 131.414645277276037, 34.365532238636149 ], [ 131.413751760741718, 34.365292205693692 ], [ 131.413536748783059, 34.364622331498474 ], [ 131.413178659674372, 34.364413336111362 ], [ 131.412660817972011, 34.363729199588057 ], [ 131.412573290893704, 34.363222244821891 ], [ 131.411814533342948, 34.36252534823695 ], [ 131.411621939266951, 34.361972103928551 ], [ 131.411187759897018, 34.362227491447918 ], [ 131.410672261089672, 34.362959490787979 ], [ 131.409119521258987, 34.363059491263456 ], [ 131.40870019902448, 34.362955615186664 ], [ 131.408399341425593, 34.363278311411641 ], [ 131.407811281000676, 34.363510483140217 ], [ 131.40722134995832, 34.363215516007571 ], [ 131.405835572408478, 34.363363704679145 ], [ 131.404412504766469, 34.364299514036105 ], [ 131.404247493408633, 34.36274078270251 ], [ 131.403652605977783, 34.362066977586345 ], [ 131.403024072807227, 34.36086174980354 ], [ 131.403815617456473, 34.360152342807304 ], [ 131.403734643769837, 34.3596593677754 ], [ 131.403330432934041, 34.35900632653005 ], [ 131.403333628505123, 34.358653897144592 ], [ 131.404789648651217, 34.357220341926912 ], [ 131.40477451791557, 34.356621140125618 ], [ 131.404260577279871, 34.356578781595779 ], [ 131.402580724263402, 34.355678034861796 ], [ 131.402010707982981, 34.355667152733226 ], [ 131.40157356551029, 34.355202378515692 ], [ 131.401205973966114, 34.355177683942458 ], [ 131.400539934939388, 34.35476275063337 ], [ 131.400097929660717, 34.354758858110003 ], [ 131.399728696027609, 34.35539932453883 ], [ 131.399705596173305, 34.355818824382844 ], [ 131.399323684252295, 34.355874046731437 ], [ 131.399965383337701, 34.354597862254423 ], [ 131.398852391484581, 34.354713726423675 ], [ 131.398698979356965, 34.354578095285135 ], [ 131.398979257336435, 34.354370664740358 ], [ 131.398858486003178, 34.354185229861507 ], [ 131.399244612977242, 34.353806462611189 ], [ 131.399390045431971, 34.353121772765839 ], [ 131.399755237370442, 34.352774850315498 ], [ 131.399847348885942, 34.351677790984304 ], [ 131.399619074630266, 34.351249111778827 ], [ 131.399415394505496, 34.351178528948509 ], [ 131.398198270373229, 34.351236398381893 ], [ 131.39811222547462, 34.350745217600299 ], [ 131.398252739535508, 34.349855255002225 ], [ 131.398126061936409, 34.349740921287378 ], [ 131.396251493945243, 34.349334721550001 ], [ 131.394937837237052, 34.349799773088137 ], [ 131.39344676521776, 34.34909956457394 ], [ 131.392900104757103, 34.349213457306575 ], [ 131.392149902205517, 34.348993334574573 ], [ 131.391167510878859, 34.349531575162231 ], [ 131.390086662757568, 34.349123543467734 ], [ 131.389630489397661, 34.349737932615497 ], [ 131.389885129808533, 34.350036635676553 ], [ 131.390382876414435, 34.350227704817591 ], [ 131.390693601889126, 34.35142591561786 ], [ 131.391286115422474, 34.352144565491791 ], [ 131.391318508275447, 34.352785997413292 ], [ 131.391601947497065, 34.353454372540327 ], [ 131.391578642643907, 34.354325486154202 ], [ 131.39211675756485, 34.354793607893463 ], [ 131.394067942861909, 34.355403905506883 ], [ 131.394382659078417, 34.35599894052217 ], [ 131.394340595529485, 34.356917973467262 ], [ 131.393945443986325, 34.357230460318782 ], [ 131.3937967054637, 34.357908783186282 ], [ 131.393175437382439, 34.35814109479842 ], [ 131.392779830868761, 34.358834478033891 ], [ 131.392098093589624, 34.358982586073687 ], [ 131.390969906534508, 34.358859794022024 ], [ 131.390600049885137, 34.359088612847145 ], [ 131.390500041186499, 34.359296320611648 ], [ 131.390869129524788, 34.359980453419311 ], [ 131.390946367396509, 34.361414541438293 ], [ 131.39078864151162, 34.361903756158256 ], [ 131.390019005464609, 34.362103413102759 ], [ 131.389853725798929, 34.362913752064259 ], [ 131.389464191682237, 34.362944241956207 ], [ 131.388297114184098, 34.362374208115206 ], [ 131.3877076716538, 34.362484841591034 ], [ 131.387349364868413, 34.362784718422624 ], [ 131.386731340802129, 34.362835437968677 ], [ 131.385738908039116, 34.36260428898526 ], [ 131.385113941396327, 34.362075998317323 ], [ 131.384299357238348, 34.362009807473044 ], [ 131.383770270102417, 34.361720754644466 ], [ 131.383167410232488, 34.361620269591775 ], [ 131.382602111576915, 34.361764000855757 ], [ 131.381992316425709, 34.362243831507186 ], [ 131.381943398914274, 34.374463185820588 ], [ 131.38133854712234, 34.374857399452296 ], [ 131.380983408896725, 34.374781450180812 ], [ 131.380063090217533, 34.375053475764254 ], [ 131.380128750200015, 34.375381128346639 ], [ 131.379744994799466, 34.375494738578368 ], [ 131.379580964218007, 34.375739355258574 ], [ 131.377667469320357, 34.376176414286199 ], [ 131.377371028707728, 34.376716134776601 ], [ 131.379545481596551, 34.376526426091836 ], [ 131.378511677043548, 34.377003516038293 ], [ 131.378224100183729, 34.377295652582077 ], [ 131.378357590478686, 34.377554999788899 ], [ 131.37957748111333, 34.377809495793883 ], [ 131.378423216599032, 34.37814860726732 ], [ 131.37885481318591, 34.378379866032532 ], [ 131.378628291972461, 34.378792412872514 ], [ 131.37940469125121, 34.37898080957541 ], [ 131.379369144686876, 34.379184412741211 ], [ 131.378746803177478, 34.379545114236045 ], [ 131.378724549135626, 34.37970795174072 ], [ 131.379083831511736, 34.379779003217088 ], [ 131.38014795627808, 34.379251675483857 ], [ 131.381022885438597, 34.379014858452031 ], [ 131.381060338720744, 34.379580390162964 ], [ 131.380428243563784, 34.37988525443653 ], [ 131.380653051938793, 34.380346903030059 ], [ 131.380483330760569, 34.380908993631792 ], [ 131.379761482556631, 34.381116786132502 ], [ 131.379989404715047, 34.381390682529421 ], [ 131.380975595303539, 34.381441944699809 ], [ 131.381105839700609, 34.380667316073875 ], [ 131.381341522571034, 34.380392026266101 ], [ 131.38161830132421, 34.380419577694042 ], [ 131.381856790298997, 34.381091482968529 ], [ 131.382081456774785, 34.381159409665969 ], [ 131.382311016833739, 34.380984937754008 ], [ 131.38239461116558, 34.380629365509513 ], [ 131.382973039252448, 34.380668563339256 ], [ 131.383014937056998, 34.380338361536083 ], [ 131.384684579955291, 34.380132374660619 ], [ 131.384559268635797, 34.380526279239419 ], [ 131.384736104375236, 34.380722646575578 ], [ 131.383829536552412, 34.381017184233635 ], [ 131.383904682011917, 34.381323059774815 ], [ 131.383627117889205, 34.381498354897062 ], [ 131.383397110051618, 34.38202259395964 ], [ 131.383885848283597, 34.382554100649877 ], [ 131.38302354880588, 34.38283609703484 ], [ 131.384023256084873, 34.383629215279676 ], [ 131.384287581794979, 34.384084065629011 ], [ 131.383635011731201, 34.38388367365647 ], [ 131.3833625164701, 34.384207049240906 ], [ 131.38288521671015, 34.383878881601447 ], [ 131.382496824074849, 34.384531842810567 ], [ 131.382249516108544, 34.384211905336848 ], [ 131.382182847978754, 34.383790010284805 ], [ 131.381581552131934, 34.383385258926808 ], [ 131.381130881156025, 34.383345886953045 ], [ 131.380857443829143, 34.383568955059502 ], [ 131.381165999935007, 34.383888724512317 ], [ 131.38104099461242, 34.384456455025813 ], [ 131.381727233425977, 34.385191377745251 ], [ 131.381930050391162, 34.387183245199381 ], [ 131.381535281415609, 34.386896590373368 ], [ 131.381224153358204, 34.387087161612705 ], [ 131.381026239177743, 34.387000527901897 ], [ 131.380701158609355, 34.385975760506177 ], [ 131.380507694171655, 34.38581308905119 ], [ 131.379844827292345, 34.386131839176862 ], [ 131.379612546323585, 34.385613936491382 ], [ 131.379160537340368, 34.385634417040471 ], [ 131.379149487129297, 34.385108637366216 ], [ 131.378881175371674, 34.384837438801085 ], [ 131.37913104471059, 34.384582810151819 ], [ 131.378653217720057, 34.38445789145613 ], [ 131.378693655789277, 34.383941034825902 ], [ 131.378188560498302, 34.38402470061154 ], [ 131.378180184685704, 34.384419773561092 ], [ 131.377980754948027, 34.384695008886084 ], [ 131.378255327530354, 34.385095424191796 ], [ 131.378195488029093, 34.386711467008404 ], [ 131.377690797886345, 34.386560028831767 ], [ 131.376847183849264, 34.385921548134171 ], [ 131.376321127639642, 34.385874348399717 ], [ 131.375361705551342, 34.386421336272193 ], [ 131.375946001117626, 34.38729467000023 ], [ 131.37588528022269, 34.387481206994927 ], [ 131.375452999215412, 34.387624917582087 ], [ 131.375385981071105, 34.388001864455092 ], [ 131.374639001399686, 34.388153963403823 ], [ 131.374430973106826, 34.388374341813538 ], [ 131.374347560486285, 34.388696243220494 ], [ 131.374532981072633, 34.389134265748964 ], [ 131.374177605556724, 34.38946455167715 ], [ 131.374106770610837, 34.389993043430124 ], [ 131.375392345044048, 34.389950075946075 ], [ 131.375624451304475, 34.390231333981333 ], [ 131.376118936807615, 34.390430750181878 ], [ 131.375721139016974, 34.391340851779916 ], [ 131.374645644368172, 34.3918183406184 ], [ 131.374878075069887, 34.392065512204873 ], [ 131.375854276791415, 34.392071816701666 ], [ 131.376175018819652, 34.392568747681452 ], [ 131.376613240888531, 34.392400985457762 ], [ 131.377075648389649, 34.391631177402246 ], [ 131.376937601524901, 34.390978502986663 ], [ 131.377299107533361, 34.390646416613635 ], [ 131.377167945043311, 34.390345809483478 ], [ 131.377592636747011, 34.389962009336983 ], [ 131.37762998765669, 34.389459359737614 ], [ 131.377967213128443, 34.389694099254882 ], [ 131.378222240392233, 34.389652495028486 ], [ 131.378914641294017, 34.388916133751579 ], [ 131.379827182502652, 34.388359518731981 ], [ 131.380061853094844, 34.388404411757129 ], [ 131.379750450037136, 34.389158157817533 ], [ 131.380371619022299, 34.389393869146048 ], [ 131.379775783556482, 34.38974559037041 ], [ 131.379890525958928, 34.390040314180297 ], [ 131.379620728967694, 34.390515271808141 ], [ 131.379788378753489, 34.390731168886909 ], [ 131.379511171249732, 34.390963225814609 ], [ 131.379395359225867, 34.391941921833336 ], [ 131.379986007536019, 34.392262945327076 ], [ 131.379855875390774, 34.392576240535703 ], [ 131.379952505617183, 34.392863804727376 ], [ 131.380289374343988, 34.392993450934576 ], [ 131.380927153996225, 34.392937252223966 ], [ 131.380990376064801, 34.393172481113908 ], [ 131.381538545788544, 34.393249386346206 ], [ 131.381727881688022, 34.393473309142145 ], [ 131.381741247339278, 34.393597778850022 ], [ 131.381513519288887, 34.39359026292415 ], [ 131.381037673105595, 34.394074044910781 ], [ 131.380547171424695, 34.394316849598937 ], [ 131.38081327998438, 34.394617615138898 ], [ 131.381071789593733, 34.395476162651875 ], [ 131.380787151393548, 34.395983285711715 ], [ 131.380736860293979, 34.396571924521808 ], [ 131.381617694928536, 34.397867348229127 ], [ 131.381548424376774, 34.398150890498471 ], [ 131.381806776524456, 34.398637269026608 ], [ 131.382286607034928, 34.399156058759914 ], [ 131.383440133542877, 34.399744947127317 ], [ 131.384122385932841, 34.399389397820279 ], [ 131.384680711375239, 34.399447342682961 ], [ 131.384979087694006, 34.398823658105847 ], [ 131.385194262568746, 34.398683884315659 ], [ 131.385548090461583, 34.398865185953838 ], [ 131.388537721730103, 34.401693548557418 ], [ 131.390279839598691, 34.3995190669512 ], [ 131.391122844499421, 34.398838393267077 ], [ 131.391930855405775, 34.398513603692294 ], [ 131.392699968102022, 34.398481001969365 ], [ 131.393852047003037, 34.399103168005169 ], [ 131.397004318507925, 34.402226321746774 ], [ 131.399518134253185, 34.402343506506341 ], [ 131.404930100539588, 34.401426969307273 ], [ 131.406695186424884, 34.399188302408774 ] ] ] } },
{ "type": "Feature", "properties": { "CITY_NAME": "萩市", "S_NAME": "大字山田", "JINKO": 2750, "medical_area": "35_萩医療圏", "町丁目名": "萩市大字山田" }, "geometry": { "type": "Polygon", "coordinates": [ [ [ 131.348171254955929, 34.417315178266662 ], [ 131.348230428577352, 34.417155975148397 ], [ 131.348443680303433, 34.417154727483364 ], [ 131.348347472648697, 34.416980115660287 ], [ 131.348590605808226, 34.416475898842904 ], [ 131.348804127968066, 34.41633308337974 ], [ 131.349289184059188, 34.416348022713123 ], [ 131.349036632446598, 34.416029949759483 ], [ 131.34911537206122, 34.415877216071777 ], [ 131.350264304481129, 34.414401033075883 ], [ 131.35053723623912, 34.414414548318526 ], [ 131.350433302742942, 34.414028870556564 ], [ 131.352312082865353, 34.411766868878303 ], [ 131.352483121538995, 34.411296535822572 ], [ 131.354573193254623, 34.410576544433006 ], [ 131.355572260750336, 34.410408228906995 ], [ 131.358043361095639, 34.410781704611118 ], [ 131.359959115940768, 34.410880863407215 ], [ 131.360189924213842, 34.41108523284521 ], [ 131.360942728393525, 34.410853120147657 ], [ 131.3619291140472, 34.410988508723293 ], [ 131.362796114599917, 34.411557674789073 ], [ 131.363190099586262, 34.412447431557318 ], [ 131.362931686752944, 34.413075821619465 ], [ 131.363405676505607, 34.413340382234054 ], [ 131.363576267019909, 34.413133304347404 ], [ 131.363835623802061, 34.41331348368935 ], [ 131.363630362133563, 34.413502444345369 ], [ 131.363718791936009, 34.413586839247564 ], [ 131.364292857273057, 34.413731191810712 ], [ 131.364373348062969, 34.413614520587963 ], [ 131.364210249749988, 34.413268190333639 ], [ 131.363677399738151, 34.413017614927284 ], [ 131.363355045138064, 34.41306240444019 ], [ 131.363293219453368, 34.412808723214191 ], [ 131.365351631628783, 34.412668972643772 ], [ 131.365781614972661, 34.413092836155862 ], [ 131.36651176236856, 34.412616140828959 ], [ 131.367380381546724, 34.413020330265731 ], [ 131.368663008833011, 34.414379182440875 ], [ 131.36936193352247, 34.414559542761765 ], [ 131.370472524166416, 34.414562274091814 ], [ 131.370588798824485, 34.414919983856379 ], [ 131.370651788902592, 34.414703179703842 ], [ 131.371223049261431, 34.414688023162867 ], [ 131.371426640043069, 34.415015591249642 ], [ 131.371656058578708, 34.414454608999499 ], [ 131.371671596812007, 34.414653893216574 ], [ 131.371830504114712, 34.414646897864138 ], [ 131.371767510355227, 34.414864547299366 ], [ 131.372023823921865, 34.414910444935821 ], [ 131.372111305864763, 34.415204012902663 ], [ 131.372042370844497, 34.414782519187483 ], [ 131.371850255183546, 34.414625332528502 ], [ 131.372012828546048, 34.414572297356216 ], [ 131.371850561525918, 34.414592936111795 ], [ 131.371887388821108, 34.414149590992928 ], [ 131.372489534958049, 34.413860505293023 ], [ 131.372951759540115, 34.413178337770816 ], [ 131.372861970224449, 34.413129015848526 ], [ 131.373256462601887, 34.412824207365482 ], [ 131.373143638122571, 34.41255935404515 ], [ 131.37268763622609, 34.412466241653533 ], [ 131.373155781897026, 34.412542246721507 ], [ 131.373356366915971, 34.412837392811838 ], [ 131.373947941993521, 34.412513997415893 ], [ 131.375875080508337, 34.412097394775785 ], [ 131.377312265053348, 34.411499970480001 ], [ 131.378214104801202, 34.411374780426414 ], [ 131.379882983683501, 34.410835304453741 ], [ 131.383163189073883, 34.408385439413244 ], [ 131.385682649522522, 34.405577910601046 ], [ 131.388537721730103, 34.401693548557418 ], [ 131.385548090461583, 34.398865185953838 ], [ 131.385194262568746, 34.398683884315659 ], [ 131.384979087694006, 34.398823658105847 ], [ 131.384680711375239, 34.399447342682961 ], [ 131.384122385932841, 34.399389397820279 ], [ 131.383440133542877, 34.399744947127317 ], [ 131.382286607034928, 34.399156058759914 ], [ 131.381806776524456, 34.398637269026608 ], [ 131.381548424376774, 34.398150890498471 ], [ 131.381617694928536, 34.397867348229127 ], [ 131.380736860293979, 34.396571924521808 ], [ 131.380787151393548, 34.395983285711715 ], [ 131.381071789593733, 34.395476162651875 ], [ 131.38081327998438, 34.394617615138898 ], [ 131.380547171424695, 34.394316849598937 ], [ 131.381037673105595, 34.394074044910781 ], [ 131.381513519288887, 34.39359026292415 ], [ 131.381741247339278, 34.393597778850022 ], [ 131.381727881688022, 34.393473309142145 ], [ 131.381538545788544, 34.393249386346206 ], [ 131.380990376064801, 34.393172481113908 ], [ 131.380927153996225, 34.392937252223966 ], [ 131.380289374343988, 34.392993450934576 ], [ 131.379952505617183, 34.392863804727376 ], [ 131.379855875390774, 34.392576240535703 ], [ 131.379986007536019, 34.392262945327076 ], [ 131.379395359225867, 34.391941921833336 ], [ 131.379511171249732, 34.390963225814609 ], [ 131.379788378753489, 34.390731168886909 ], [ 131.379620728967694, 34.390515271808141 ], [ 131.379890525958928, 34.390040314180297 ], [ 131.379775783556482, 34.38974559037041 ], [ 131.380371619022299, 34.389393869146048 ], [ 131.379750450037136, 34.389158157817533 ], [ 131.380061853094844, 34.388404411757129 ], [ 131.379827182502652, 34.388359518731981 ], [ 131.378914641294017, 34.388916133751579 ], [ 131.378222240392233, 34.389652495028486 ], [ 131.377967213128443, 34.389694099254882 ], [ 131.37762998765669, 34.389459359737614 ], [ 131.377592636747011, 34.389962009336983 ], [ 131.377167945043311, 34.390345809483478 ], [ 131.377299107533361, 34.390646416613635 ], [ 131.376937601524901, 34.390978502986663 ], [ 131.377075648389649, 34.391631177402246 ], [ 131.376729401024249, 34.392309608320588 ], [ 131.376261542152832, 34.39256578369644 ], [ 131.375854276791415, 34.392071816701666 ], [ 131.374878075069887, 34.392065512204873 ], [ 131.374645644368172, 34.3918183406184 ], [ 131.375721139016974, 34.391340851779916 ], [ 131.376118936807615, 34.390430750181878 ], [ 131.375624451304475, 34.390231333981333 ], [ 131.375392345044048, 34.389950075946075 ], [ 131.374712994117317, 34.38991159867382 ], [ 131.374303858977072, 34.390059116039993 ], [ 131.374086952362148, 34.389914312878872 ], [ 131.374177605556724, 34.38946455167715 ], [ 131.374532981072633, 34.389134265748964 ], [ 131.374347560486285, 34.388696243220494 ], [ 131.374430973106826, 34.388374341813538 ], [ 131.374639001399686, 34.388153963403823 ], [ 131.375385981071105, 34.388001864455092 ], [ 131.375452999215412, 34.387624917582087 ], [ 131.375959395643321, 34.387378994620633 ], [ 131.375388460206153, 34.386386151819167 ], [ 131.376498288790287, 34.385845204522582 ], [ 131.378195488029093, 34.386711467008404 ], [ 131.378255327530354, 34.385095424191796 ], [ 131.377980754948027, 34.384695008886084 ], [ 131.378248974312754, 34.383978462838293 ], [ 131.378693655789277, 34.383941034825902 ], [ 131.378653217720057, 34.38445789145613 ], [ 131.37913104471059, 34.384582810151819 ], [ 131.378881175371674, 34.384837438801085 ], [ 131.379149487129297, 34.385108637366216 ], [ 131.379160537340368, 34.385634417040471 ], [ 131.379612546323585, 34.385613936491382 ], [ 131.379844827292345, 34.386131839176862 ], [ 131.380507694171655, 34.38581308905119 ], [ 131.380701158609355, 34.385975760506177 ], [ 131.381026239177743, 34.387000527901897 ], [ 131.381224153358204, 34.387087161612705 ], [ 131.381535281415609, 34.386896590373368 ], [ 131.381930050391162, 34.387183245199381 ], [ 131.381727233425977, 34.385191377745251 ], [ 131.38104099461242, 34.384456455025813 ], [ 131.381165999935007, 34.383888724512317 ], [ 131.380857443829143, 34.383568955059502 ], [ 131.381130881156025, 34.383345886953045 ], [ 131.381581552131934, 34.383385258926808 ], [ 131.382182847978754, 34.383790010284805 ], [ 131.382249516108544, 34.384211905336848 ], [ 131.382496824074849, 34.384531842810567 ], [ 131.38288521671015, 34.383878881601447 ], [ 131.3833625164701, 34.384207049240906 ], [ 131.383635011731201, 34.38388367365647 ], [ 131.384287581794979, 34.384084065629011 ], [ 131.384023256084873, 34.383629215279676 ], [ 131.38302354880588, 34.38283609703484 ], [ 131.383885848283597, 34.382554100649877 ], [ 131.383397110051618, 34.38202259395964 ], [ 131.383627117889205, 34.381498354897062 ], [ 131.383904682011917, 34.381323059774815 ], [ 131.383829536552412, 34.381017184233635 ], [ 131.384736104375236, 34.380722646575578 ], [ 131.384559268635797, 34.380526279239419 ], [ 131.384684579955291, 34.380132374660619 ], [ 131.383014937056998, 34.380338361536083 ], [ 131.382973039252448, 34.380668563339256 ], [ 131.38239461116558, 34.380629365509513 ], [ 131.382311016833739, 34.380984937754008 ], [ 131.382081456774785, 34.381159409665969 ], [ 131.381856790298997, 34.381091482968529 ], [ 131.38161830132421, 34.380419577694042 ], [ 131.381341522571034, 34.380392026266101 ], [ 131.381105839700609, 34.380667316073875 ], [ 131.380975595303539, 34.381441944699809 ], [ 131.379989404715047, 34.381390682529421 ], [ 131.379761482556631, 34.381116786132502 ], [ 131.380483330760569, 34.380908993631792 ], [ 131.380653051938793, 34.380346903030059 ], [ 131.380428243563784, 34.37988525443653 ], [ 131.381060338720744, 34.379580390162964 ], [ 131.381022885438597, 34.379014858452031 ], [ 131.38014795627808, 34.379251675483857 ], [ 131.379083831511736, 34.379779003217088 ], [ 131.378724549135626, 34.37970795174072 ], [ 131.378746803177478, 34.379545114236045 ], [ 131.379369144686876, 34.379184412741211 ], [ 131.37940469125121, 34.37898080957541 ], [ 131.378628291972461, 34.378792412872514 ], [ 131.37885481318591, 34.378379866032532 ], [ 131.378423216599032, 34.37814860726732 ], [ 131.37957748111333, 34.377809495793883 ], [ 131.378357590478686, 34.377554999788899 ], [ 131.378224100183729, 34.377295652582077 ], [ 131.378511677043548, 34.377003516038293 ], [ 131.379545481596551, 34.376526426091836 ], [ 131.377371028707728, 34.376716134776601 ], [ 131.377667469320357, 34.376176414286199 ], [ 131.379580964218007, 34.375739355258574 ], [ 131.379744994799466, 34.375494738578368 ], [ 131.380128750200015, 34.375381128346639 ], [ 131.380063090217533, 34.375053475764254 ], [ 131.380983408896725, 34.374781450180812 ], [ 131.38133854712234, 34.374857399452296 ], [ 131.381943398914274, 34.374463185820588 ], [ 131.381992316425709, 34.362243831507186 ], [ 131.381674517605063, 34.361812720735692 ], [ 131.381663304343505, 34.361375683724098 ], [ 131.381388281859984, 34.360793696530962 ], [ 131.381612496047779, 34.360084041741949 ], [ 131.382097275111278, 34.359693565552128 ], [ 131.382184032405661, 34.359433800682332 ], [ 131.381859535854062, 34.358738382389419 ], [ 131.381967796007643, 34.358294643043102 ], [ 131.381339169016428, 34.356862096516643 ], [ 131.380849479965349, 34.356724430588798 ], [ 131.380798942938071, 34.35616979900621 ], [ 131.380315356199873, 34.354979197669849 ], [ 131.379535095491889, 34.354974189220513 ], [ 131.378995786524598, 34.354531926173713 ], [ 131.378192554566454, 34.354740455317113 ], [ 131.377189546124612, 34.354707093263052 ], [ 131.376424121891006, 34.354361405811119 ], [ 131.375416158644953, 34.354358846867648 ], [ 131.375191429907261, 34.354053265139704 ], [ 131.374393666797431, 34.354429153861354 ], [ 131.373969072528297, 34.353893229685724 ], [ 131.372836280904522, 34.353583880353938 ], [ 131.371847115069812, 34.352832566962626 ], [ 131.37057884495627, 34.35236623612689 ], [ 131.368928360838567, 34.351306618346882 ], [ 131.36813936685266, 34.350999323859753 ], [ 131.366863111422504, 34.350887182823278 ], [ 131.366061611796965, 34.350181289838467 ], [ 131.364990314350877, 34.350012716286464 ], [ 131.364162174391112, 34.349672321763229 ], [ 131.363379067668092, 34.347708905414187 ], [ 131.363635851997998, 34.346738908263326 ], [ 131.363519588217997, 34.345679837403189 ], [ 131.363825918558518, 34.345346586318804 ], [ 131.363633309530684, 34.344349834209027 ], [ 131.363888497013761, 34.344089493969271 ], [ 131.365895559677057, 34.344259814616898 ], [ 131.367895224904913, 34.343885046008218 ], [ 131.368686528892368, 34.344372235553067 ], [ 131.369064990762496, 34.344427098012609 ], [ 131.370812741934458, 34.343966971199691 ], [ 131.37172654791749, 34.343522267117322 ], [ 131.372381622263219, 34.343725551609054 ], [ 131.372891575549232, 34.343640670491645 ], [ 131.373670499515725, 34.343795023509266 ], [ 131.374588934470069, 34.344438371052007 ], [ 131.375343735910661, 34.344612421525511 ], [ 131.375622024353021, 34.34437530790688 ], [ 131.37598268465328, 34.344327907104223 ], [ 131.377310907494461, 34.345446767718578 ], [ 131.378005128038438, 34.345680281940815 ], [ 131.380342559447371, 34.344798954212003 ], [ 131.38102620343173, 34.344883065881383 ], [ 131.382040735109229, 34.345526980917526 ], [ 131.38379645111803, 34.345229418786239 ], [ 131.384718823876511, 34.344159775091832 ], [ 131.384830118763716, 34.342527255997183 ], [ 131.385063366102031, 34.341971042128243 ], [ 131.38475602310686, 34.340156530504593 ], [ 131.385268349049227, 34.338697014276818 ], [ 131.386199848641326, 34.337977903468463 ], [ 131.385930416742326, 34.337750937893077 ], [ 131.385861336520179, 34.336969239984057 ], [ 131.386322013722321, 34.336697624068819 ], [ 131.386366229587622, 34.336167123490924 ], [ 131.386975612493842, 34.335494571073447 ], [ 131.387874235462618, 34.334944434148447 ], [ 131.388011624482289, 34.334583847146767 ], [ 131.388773615754388, 34.334320058185639 ], [ 131.388557670182308, 34.3335125131685 ], [ 131.388645434824269, 34.333073006591555 ], [ 131.389017563040824, 34.332695454523559 ], [ 131.389313715379132, 34.332067240468966 ], [ 131.388977908814468, 34.330934663846861 ], [ 131.38918363613169, 34.330426316940652 ], [ 131.388964281666887, 34.329989509790643 ], [ 131.389635457494506, 34.329266332714489 ], [ 131.389263052170463, 34.328476392823625 ], [ 131.388895887422592, 34.32831657864844 ], [ 131.387362330598677, 34.326875222029976 ], [ 131.387134620899758, 34.326132536299944 ], [ 131.386545150534602, 34.325860017825406 ], [ 131.385847824673903, 34.325179143407588 ], [ 131.384303734923492, 34.324279889114514 ], [ 131.382695283645205, 34.324297393229102 ], [ 131.382470334073531, 34.323865188817159 ], [ 131.381636587884458, 34.323452059540777 ], [ 131.381461599377133, 34.323052572123011 ], [ 131.380702856981316, 34.322973627815131 ], [ 131.38007032283943, 34.322534023602429 ], [ 131.379608822803021, 34.321724892112712 ], [ 131.379132062556579, 34.321351219669623 ], [ 131.378576862730256, 34.321004934095185 ], [ 131.378040356057966, 34.321056995455287 ], [ 131.377512008065281, 34.32082666887289 ], [ 131.377057785411608, 34.320386503371786 ], [ 131.376558023089018, 34.320259189790818 ], [ 131.376300561849604, 34.31976816563737 ], [ 131.376302010048306, 34.319307404060773 ], [ 131.37668323579399, 34.317504100002573 ], [ 131.376374092949277, 34.317122198591349 ], [ 131.374843872214825, 34.317149401542324 ], [ 131.373105552292259, 34.316739827754162 ], [ 131.371795456233968, 34.315934493678995 ], [ 131.371490930880157, 34.315077474026609 ], [ 131.371810080727954, 34.314460855889678 ], [ 131.371754483199283, 34.314245254618953 ], [ 131.3711915015042, 34.313602229892048 ], [ 131.371281616160644, 34.312834673618418 ], [ 131.370857251102564, 34.312766146841554 ], [ 131.370810286919692, 34.312401283981558 ], [ 131.370480874469507, 34.312201942215857 ], [ 131.370680936489691, 34.311611460882048 ], [ 131.370354731895247, 34.311065469195576 ], [ 131.369894651708137, 34.310593268329313 ], [ 131.369861017345414, 34.310336111674061 ], [ 131.367815381735511, 34.310334824248024 ], [ 131.36701006819564, 34.30942100796311 ], [ 131.366963457261591, 34.308646646312354 ], [ 131.366135147036147, 34.307129202649584 ], [ 131.36537761443472, 34.307261755945326 ], [ 131.363891750821438, 34.307099509955897 ], [ 131.362673698365967, 34.307175230076965 ], [ 131.361337924133693, 34.306807563736442 ], [ 131.360509565210833, 34.305731689661037 ], [ 131.360190457417787, 34.305604648570473 ], [ 131.360051288705193, 34.305132959252504 ], [ 131.359435269864179, 34.305007915689501 ], [ 131.358265388405158, 34.304199693230977 ], [ 131.357931616054174, 34.303701369738221 ], [ 131.357114733517818, 34.303265654113012 ], [ 131.356732629959794, 34.302640354774951 ], [ 131.356308711988476, 34.302637565261762 ], [ 131.355979860795998, 34.303029837868159 ], [ 131.355549451397309, 34.302714551583421 ], [ 131.355073452724326, 34.302734799807382 ], [ 131.35455295992449, 34.303213849767637 ], [ 131.354178568156186, 34.303926275075192 ], [ 131.353013001663044, 34.304125649371329 ], [ 131.35243643733142, 34.304038727408198 ], [ 131.351760907875388, 34.303137645534427 ], [ 131.350057603556081, 34.302382275359115 ], [ 131.349595988261086, 34.302450916162442 ], [ 131.348943368650623, 34.302165684450394 ], [ 131.347979065369685, 34.302075596096564 ], [ 131.347770725857089, 34.302761667266978 ], [ 131.347198331226224, 34.303110451595693 ], [ 131.346600211233266, 34.303877409853513 ], [ 131.345925111735909, 34.304416910547197 ], [ 131.344664821506427, 34.304770064285975 ], [ 131.344443777894611, 34.305276538140646 ], [ 131.343769066104414, 34.305774050430472 ], [ 131.343162054637475, 34.30597929796221 ], [ 131.34133857486168, 34.306098460424032 ], [ 131.339418765912342, 34.30722707944205 ], [ 131.338103086316806, 34.307708398163406 ], [ 131.338087989475895, 34.308509246641691 ], [ 131.336024735618793, 34.309473859225605 ], [ 131.336341808891831, 34.309916770071723 ], [ 131.336361001154302, 34.311258766852347 ], [ 131.336560722691189, 34.311457328992375 ], [ 131.337589518965274, 34.31158388697289 ], [ 131.338245679036874, 34.312245875167392 ], [ 131.338292920638338, 34.31256891302877 ], [ 131.338608148958912, 34.31274430475748 ], [ 131.338905832470175, 34.313236519969067 ], [ 131.339042434777724, 34.314002470739254 ], [ 131.340278629357073, 34.315020799619617 ], [ 131.341984462551295, 34.317363426127322 ], [ 131.342074926983543, 34.317686750521105 ], [ 131.34184068552824, 34.318435270110257 ], [ 131.342806775987896, 34.320755705224748 ], [ 131.34224621020914, 34.321530901414832 ], [ 131.342723176471651, 34.32243843547829 ], [ 131.342739535494132, 34.322875215140741 ], [ 131.342628939884008, 34.323619769214538 ], [ 131.342320950547105, 34.324209174756014 ], [ 131.342640267523706, 34.324701376863395 ], [ 131.343042172960679, 34.324865363026483 ], [ 131.343045213110116, 34.3252838820178 ], [ 131.343330498024585, 34.325584564507487 ], [ 131.343187319547951, 34.32622311274951 ], [ 131.34369692415396, 34.326791387708518 ], [ 131.343879293943957, 34.327294641016543 ], [ 131.343898431470052, 34.327551841124489 ], [ 131.343679143545756, 34.327873082202473 ], [ 131.343992983318373, 34.328197902151715 ], [ 131.344013737387428, 34.32865527403662 ], [ 131.343823196393146, 34.328988679716922 ], [ 131.343924990894493, 34.330364019697512 ], [ 131.344340057729852, 34.331027298435679 ], [ 131.34405007510415, 34.331945735518964 ], [ 131.34343497096441, 34.332222482663688 ], [ 131.343373590545582, 34.33260464740588 ], [ 131.342262833625995, 34.333096253720839 ], [ 131.342122645527326, 34.333436053218662 ], [ 131.342859500222488, 34.334708043875679 ], [ 131.343940412251385, 34.335432560059111 ], [ 131.34427517710651, 34.335835270818514 ], [ 131.344227416216825, 34.336301057161549 ], [ 131.344059180581183, 34.336556999554595 ], [ 131.343540567869638, 34.336817640059692 ], [ 131.342957434221546, 34.337754837937311 ], [ 131.342585053602875, 34.338750778469425 ], [ 131.343177680412481, 34.339120162384518 ], [ 131.343402042250915, 34.340064754843517 ], [ 131.343438426373808, 34.341129791394877 ], [ 131.344243992037121, 34.342251694178586 ], [ 131.344416773132679, 34.342784336130173 ], [ 131.345002894256027, 34.342910120962593 ], [ 131.345451589266958, 34.343213878265267 ], [ 131.345518583641194, 34.34364988154389 ], [ 131.345274070790396, 34.34522254183107 ], [ 131.346058277126758, 34.346259354650321 ], [ 131.345635084415591, 34.346308210903246 ], [ 131.345417027827267, 34.346533679043162 ], [ 131.345862071851428, 34.347441014780614 ], [ 131.345920267876153, 34.348554090106425 ], [ 131.344645519385665, 34.349444377820838 ], [ 131.344868055947188, 34.349892412240685 ], [ 131.34492231336975, 34.350946579835906 ], [ 131.345498256775841, 34.351216261395074 ], [ 131.346043390684713, 34.351214288661588 ], [ 131.346467263751805, 34.35156041992667 ], [ 131.347462941586429, 34.351677817955583 ], [ 131.347823075534933, 34.352178467306636 ], [ 131.348354174050115, 34.352477274190328 ], [ 131.348981528978015, 34.35249259961931 ], [ 131.349277242911342, 34.352745596478982 ], [ 131.349296733783234, 34.353029990226098 ], [ 131.350412956165513, 34.353523429561804 ], [ 131.351983715982641, 34.353533905304815 ], [ 131.353051314347738, 34.353366622749313 ], [ 131.354499528031738, 34.35286382499649 ], [ 131.359102819547303, 34.363694824034773 ], [ 131.358824045081349, 34.364119115102483 ], [ 131.354226870497797, 34.376776231447316 ], [ 131.354337976926843, 34.378253941278317 ], [ 131.355163882466172, 34.379666242915569 ], [ 131.35597894568312, 34.380224964696012 ], [ 131.356986488709083, 34.380610986488882 ], [ 131.358053579281034, 34.380760317244317 ], [ 131.36312741142126, 34.380420744356648 ], [ 131.363709367367136, 34.380568813675652 ], [ 131.364375031345872, 34.381060718798388 ], [ 131.364666251580729, 34.381639050974272 ], [ 131.365848272916395, 34.386747252330068 ], [ 131.365975517111934, 34.389235890356865 ], [ 131.36589225510528, 34.39045621555659 ], [ 131.365131456781029, 34.393263157856957 ], [ 131.364323593119053, 34.393841171101734 ], [ 131.361098895705538, 34.395420306383684 ], [ 131.360179758334738, 34.395644839308851 ], [ 131.356623651465611, 34.395933221909289 ], [ 131.351100945913487, 34.397218978073937 ], [ 131.346428001682938, 34.399507082046696 ], [ 131.34435278418897, 34.400727407513898 ], [ 131.341203634521833, 34.401833108792971 ], [ 131.340914876541603, 34.402068375470968 ], [ 131.340204958372397, 34.403809309123538 ], [ 131.3404663074962, 34.403786988214051 ], [ 131.340916466305117, 34.40323742342251 ], [ 131.341937181201445, 34.402683812613347 ], [ 131.342292778106781, 34.40290229734633 ], [ 131.342252229533415, 34.403094304672081 ], [ 131.341319153175704, 34.403584412647078 ], [ 131.34074868363183, 34.404573645318166 ], [ 131.341007589178929, 34.404791620154839 ], [ 131.342235422306601, 34.404807937183499 ], [ 131.343041265603347, 34.404476988172171 ], [ 131.34362931985055, 34.404657170276707 ], [ 131.344049468941677, 34.404211629155732 ], [ 131.345467010357112, 34.404605437624895 ], [ 131.346385042902142, 34.403704861125981 ], [ 131.347129526174456, 34.403380795994835 ], [ 131.347309928790281, 34.403685848726184 ], [ 131.347897361105026, 34.403790925289798 ], [ 131.347329631536383, 34.404410726870147 ], [ 131.345181373275693, 34.405269663188932 ], [ 131.344510158332724, 34.405910868841744 ], [ 131.344353478681398, 34.406308459374443 ], [ 131.344633011463941, 34.406530227914175 ], [ 131.3449992643624, 34.406391405003511 ], [ 131.345046391985221, 34.406986166997932 ], [ 131.34571916260424, 34.407291151906897 ], [ 131.345516054136169, 34.407439947787026 ], [ 131.345146936345429, 34.408410553093269 ], [ 131.344935095688214, 34.410512504814761 ], [ 131.345618826182346, 34.412995188327038 ], [ 131.346161883222976, 34.413847689755222 ], [ 131.347406985517466, 34.415140174365312 ], [ 131.347779716442489, 34.41572698122566 ], [ 131.347865154259836, 34.417355527435888 ], [ 131.348171254955929, 34.417315178266662 ] ] ] } },
{ "type": "Feature", "properties": { "CITY_NAME": "萩市", "S_NAME": "三見", "JINKO": 1027, "medical_area": "35_萩医療圏", "町丁目名": "萩市三見" }, "geometry": { "type": "Polygon", "coordinates": [ [ [ 131.337386983874552, 34.418113211795273 ], [ 131.337698891751188, 34.418251546744429 ], [ 131.337634089112072, 34.41798867611395 ], [ 131.338118920895539, 34.418018168905249 ], [ 131.338694845659006, 34.417644279143722 ], [ 131.338573833982053, 34.417453291522513 ], [ 131.338697878728311, 34.417448639850917 ], [ 131.338720653734129, 34.417233412367722 ], [ 131.338462942602547, 34.417227156401218 ], [ 131.338298426346824, 34.416363246632265 ], [ 131.338450388076978, 34.415845897318476 ], [ 131.338707215963154, 34.415622256713405 ], [ 131.339951720432481, 34.41539446178281 ], [ 131.340138219155222, 34.415459818489722 ], [ 131.340223622487713, 34.41573705428074 ], [ 131.340346274242535, 34.415536870614879 ], [ 131.340777695939124, 34.415698544887036 ], [ 131.340953614218961, 34.415621272949721 ], [ 131.342567581205515, 34.416542727193693 ], [ 131.342709002134285, 34.416430004830524 ], [ 131.34251848892319, 34.416227704605987 ], [ 131.342740758338863, 34.415965084228546 ], [ 131.343755039847281, 34.415596945329128 ], [ 131.344183724933345, 34.415031868655845 ], [ 131.344775491101956, 34.414918654968382 ], [ 131.345107347972061, 34.415024565141785 ], [ 131.345413155047964, 34.415682910413544 ], [ 131.346528576568716, 34.416305284220414 ], [ 131.347169100618714, 34.416439321892149 ], [ 131.34769598152397, 34.417072100479011 ], [ 131.347573644016961, 34.417346247916662 ], [ 131.347865154259836, 34.417355527435888 ], [ 131.347779716442489, 34.41572698122566 ], [ 131.347406985517466, 34.415140174365312 ], [ 131.346161883222976, 34.413847689755222 ], [ 131.345618826182346, 34.412995188327038 ], [ 131.344935095688214, 34.410512504814761 ], [ 131.345146936345429, 34.408410553093269 ], [ 131.345516054136169, 34.407439947787026 ], [ 131.34571916260424, 34.407291151906897 ], [ 131.345046391985221, 34.406986166997932 ], [ 131.3449992643624, 34.406391405003511 ], [ 131.344633011463941, 34.406530227914175 ], [ 131.344353478681398, 34.406308459374443 ], [ 131.344510158332724, 34.405910868841744 ], [ 131.345181373275693, 34.405269663188932 ], [ 131.347329631536383, 34.404410726870147 ], [ 131.347897361105026, 34.403790925289798 ], [ 131.347309928790281, 34.403685848726184 ], [ 131.347129526174456, 34.403380795994835 ], [ 131.346385042902142, 34.403704861125981 ], [ 131.345467010357112, 34.404605437624895 ], [ 131.344049468941677, 34.404211629155732 ], [ 131.34362931985055, 34.404657170276707 ], [ 131.343041265603347, 34.404476988172171 ], [ 131.342235422306601, 34.404807937183499 ], [ 131.341007589178929, 34.404791620154839 ], [ 131.34074868363183, 34.404573645318166 ], [ 131.341319153175704, 34.403584412647078 ], [ 131.342252229533415, 34.403094304672081 ], [ 131.342292778106781, 34.40290229734633 ], [ 131.341937181201445, 34.402683812613347 ], [ 131.340916466305117, 34.40323742342251 ], [ 131.3404663074962, 34.403786988214051 ], [ 131.340204958372397, 34.403809309123538 ], [ 131.340914876541603, 34.402068375470968 ], [ 131.341203634521833, 34.401833108792971 ], [ 131.34435278418897, 34.400727407513898 ], [ 131.346428001682938, 34.399507082046696 ], [ 131.351100945913487, 34.397218978073937 ], [ 131.356623651465611, 34.395933221909289 ], [ 131.360179758334738, 34.395644839308851 ], [ 131.361098895705538, 34.395420306383684 ], [ 131.364323593119053, 34.393841171101734 ], [ 131.365131456781029, 34.393263157856957 ], [ 131.36589225510528, 34.39045621555659 ], [ 131.365848272916395, 34.386747252330068 ], [ 131.364666251580729, 34.381639050974272 ], [ 131.364375031345872, 34.381060718798388 ], [ 131.363709367367136, 34.380568813675652 ], [ 131.36312741142126, 34.380420744356648 ], [ 131.358053579281034, 34.380760317244317 ], [ 131.356986488709083, 34.380610986488882 ], [ 131.35597894568312, 34.380224964696012 ], [ 131.355163882466172, 34.379666242915569 ], [ 131.354337976926843, 34.378253941278317 ], [ 131.354226870497797, 34.376776231447316 ], [ 131.358824045081349, 34.364119115102483 ], [ 131.359102819547303, 34.363694824034773 ], [ 131.354499528031738, 34.35286382499649 ], [ 131.353051314347738, 34.353366622749313 ], [ 131.351029503837879, 34.35358572223597 ], [ 131.350412956165513, 34.353523429561804 ], [ 131.349296733783234, 34.353029990226098 ], [ 131.34872624172894, 34.353455107747848 ], [ 131.347140155330919, 34.353885532864865 ], [ 131.346707257061269, 34.354665272427717 ], [ 131.345730919278736, 34.355226116631975 ], [ 131.345459076614219, 34.355660828606943 ], [ 131.344800529379796, 34.355515815204676 ], [ 131.344714936361697, 34.356062497060726 ], [ 131.344326662316433, 34.356548118360962 ], [ 131.343869811823879, 34.356759435854045 ], [ 131.343499272678741, 34.357714813888435 ], [ 131.343693587530623, 34.358818244628033 ], [ 131.34342165177037, 34.359260273123986 ], [ 131.342775848521114, 34.3596330074731 ], [ 131.341509088798631, 34.359661495249007 ], [ 131.34065724513539, 34.359219337487481 ], [ 131.339810465166238, 34.359161765443538 ], [ 131.339398867425729, 34.35884470955007 ], [ 131.338531651292755, 34.359060688214981 ], [ 131.338195412219079, 34.358784708716833 ], [ 131.3381106815973, 34.358332949226693 ], [ 131.336836117588234, 34.358250337767792 ], [ 131.335783090249436, 34.357862281841676 ], [ 131.335567552532922, 34.358911085914805 ], [ 131.335224179197979, 34.359367395455642 ], [ 131.333751821514852, 34.359438641252858 ], [ 131.332836441975218, 34.358659483367965 ], [ 131.332516313804348, 34.358568554210819 ], [ 131.332355628480229, 34.359477146997691 ], [ 131.33201348420431, 34.359807667741329 ], [ 131.330971641320701, 34.359637848174316 ], [ 131.33058687641909, 34.359761006009606 ], [ 131.330286443733428, 34.360380152624302 ], [ 131.329813019404185, 34.360450863024688 ], [ 131.329394211500471, 34.360418411980582 ], [ 131.32847108619319, 34.35996836394969 ], [ 131.32655574782595, 34.361083093287817 ], [ 131.326126689868403, 34.361183816657096 ], [ 131.325828348383766, 34.361581109047798 ], [ 131.325190146915247, 34.361184693730813 ], [ 131.324957181218309, 34.361286622786942 ], [ 131.324257557868464, 34.3616812860853 ], [ 131.323870789459306, 34.362451386075513 ], [ 131.323674999406705, 34.363300698462361 ], [ 131.32225639729819, 34.365125194369234 ], [ 131.321624443513741, 34.366322662893602 ], [ 131.321006381823594, 34.366584623688418 ], [ 131.320366162703436, 34.367275494648872 ], [ 131.320153098269088, 34.368166100567322 ], [ 131.320406353306339, 34.369197690687116 ], [ 131.319998661419589, 34.369475754011781 ], [ 131.31991979104555, 34.369826377368213 ], [ 131.319188064086148, 34.370028111711783 ], [ 131.31821353174854, 34.370226472996912 ], [ 131.317317374741208, 34.370182795415936 ], [ 131.316473485305295, 34.369833653246531 ], [ 131.31612730966819, 34.369612773029772 ], [ 131.315862152941719, 34.368830832350383 ], [ 131.314936292195682, 34.368207981723302 ], [ 131.314587581054241, 34.367601533692586 ], [ 131.313681577937984, 34.36722546060178 ], [ 131.312664677163241, 34.367240489187431 ], [ 131.311792927800525, 34.367005220871796 ], [ 131.310307943435618, 34.367438571070295 ], [ 131.309328794293037, 34.367475525450466 ], [ 131.307209174058158, 34.366839162065986 ], [ 131.306605854131163, 34.366287522467303 ], [ 131.306114222733953, 34.365080939451168 ], [ 131.305283172345469, 34.364285826464936 ], [ 131.304901522645736, 34.363339062878261 ], [ 131.304479000282186, 34.36312394467501 ], [ 131.304349624183175, 34.362770870841551 ], [ 131.304004398730029, 34.362505302471625 ], [ 131.303465483943086, 34.362667020003592 ], [ 131.302632891069919, 34.363274329983355 ], [ 131.301406991707267, 34.363566839114178 ], [ 131.299393302160098, 34.364581605126475 ], [ 131.297083716809908, 34.3650086583743 ], [ 131.296793536167002, 34.365367349114727 ], [ 131.296239486007778, 34.365503427517091 ], [ 131.295148210618066, 34.367608763883673 ], [ 131.294230090805883, 34.368803083607268 ], [ 131.294198784999423, 34.369846804612138 ], [ 131.294501380033495, 34.370765565906048 ], [ 131.29569170930958, 34.371949423529742 ], [ 131.295661439789512, 34.3723947611537 ], [ 131.295158144183489, 34.373061686612537 ], [ 131.295137253796838, 34.3740925218383 ], [ 131.29568464041941, 34.375341944707827 ], [ 131.295392436857497, 34.375883033371686 ], [ 131.294383987221835, 34.376654393488856 ], [ 131.293927967856376, 34.377198674984186 ], [ 131.293902384130973, 34.377690529788239 ], [ 131.294108088040957, 34.37833067663167 ], [ 131.293847049817941, 34.378829582785492 ], [ 131.293880709092861, 34.379529917147302 ], [ 131.293217667567262, 34.380293309670286 ], [ 131.293764682351934, 34.380795032977758 ], [ 131.293525238854443, 34.381135903023775 ], [ 131.292849780121543, 34.381262781033222 ], [ 131.293453958671421, 34.381193992972143 ], [ 131.293806303041663, 34.381497677293822 ], [ 131.293779655638474, 34.381862606158123 ], [ 131.294551475230605, 34.382305359548525 ], [ 131.294368941522009, 34.382393364697371 ], [ 131.294419334597649, 34.382563183170554 ], [ 131.294595037500443, 34.382503162198915 ], [ 131.29595849310158, 34.383351308246297 ], [ 131.297132219362965, 34.383721968916305 ], [ 131.297455011372335, 34.38363326721398 ], [ 131.297505622815009, 34.38325766181508 ], [ 131.298026322872118, 34.383171212017629 ], [ 131.29855536572893, 34.382589964519156 ], [ 131.300011593904514, 34.382035012597683 ], [ 131.300524734880099, 34.382145003195895 ], [ 131.301693036868784, 34.382836612334586 ], [ 131.301939946914274, 34.382617484245877 ], [ 131.302377246763427, 34.382602547460664 ], [ 131.302580811132515, 34.382789788301658 ], [ 131.302910728481891, 34.382635197008902 ], [ 131.303127821590323, 34.382779145792419 ], [ 131.303152590157339, 34.382592675445984 ], [ 131.303467265375218, 34.382656315911781 ], [ 131.304300457516263, 34.382415121153187 ], [ 131.305003758571956, 34.382546297735558 ], [ 131.305048904195672, 34.382699877441112 ], [ 131.306181660582837, 34.382827736338555 ], [ 131.30685858805009, 34.383195794507401 ], [ 131.307266217888923, 34.383955110318389 ], [ 131.306941893225058, 34.385148213736173 ], [ 131.306663128796259, 34.385185129969976 ], [ 131.306940501228581, 34.385176235626339 ], [ 131.306916696779865, 34.385377083147013 ], [ 131.306641379553554, 34.385293161494182 ], [ 131.306485768860966, 34.385415463705108 ], [ 131.306359721105963, 34.385935777818887 ], [ 131.306563239880717, 34.386344594295565 ], [ 131.306223876195702, 34.386458557569597 ], [ 131.306137485533753, 34.386714885918501 ], [ 131.30645823222207, 34.387041697423122 ], [ 131.306799903914197, 34.387017904005894 ], [ 131.306585885965802, 34.38731840960898 ], [ 131.306884094808993, 34.387714507060679 ], [ 131.307565649165809, 34.387634646195515 ], [ 131.308980263663017, 34.387114378389903 ], [ 131.309569699157663, 34.387103304396014 ], [ 131.309731097966335, 34.386954697601922 ], [ 131.310701251702795, 34.386831767559336 ], [ 131.311042018197014, 34.387005448193257 ], [ 131.311643177981921, 34.386803151438464 ], [ 131.312421879584178, 34.386902419656742 ], [ 131.313156963929288, 34.387331284568425 ], [ 131.313536150732972, 34.387252796806315 ], [ 131.314006515631377, 34.387414697477311 ], [ 131.315163772162151, 34.388244024751174 ], [ 131.315721876019381, 34.389079167344953 ], [ 131.315586217201258, 34.389270222027889 ], [ 131.316005049624295, 34.38957248272807 ], [ 131.316449405829218, 34.390257232093518 ], [ 131.316413273444908, 34.390922290392666 ], [ 131.316848567898745, 34.390891938976168 ], [ 131.317286379633657, 34.391150097707708 ], [ 131.31873808338716, 34.390837474353624 ], [ 131.319525062829541, 34.390440909814821 ], [ 131.319923431672322, 34.390617646060761 ], [ 131.320878610703318, 34.390584548981195 ], [ 131.32167863251567, 34.390941698936047 ], [ 131.321807891658381, 34.391174321219424 ], [ 131.321566431649131, 34.391394374384078 ], [ 131.321642102283391, 34.391650150306027 ], [ 131.3222807455073, 34.391404815353852 ], [ 131.32359597790591, 34.391798889156171 ], [ 131.325368022698143, 34.392613475081511 ], [ 131.325649147493408, 34.392996735145296 ], [ 131.325839275013578, 34.393668711799045 ], [ 131.325265804590401, 34.394130895601855 ], [ 131.325200398587981, 34.394586715256203 ], [ 131.326290885404774, 34.395593080299804 ], [ 131.326718518548972, 34.395576156359198 ], [ 131.327359532677377, 34.395964551001384 ], [ 131.327981231937656, 34.396764975982784 ], [ 131.328444429875276, 34.396343448479982 ], [ 131.328566482854484, 34.396424577242733 ], [ 131.327656657281437, 34.397028699125926 ], [ 131.328104398735519, 34.396845126263884 ], [ 131.328246885359135, 34.39706697717304 ], [ 131.327891374131951, 34.397595453175555 ], [ 131.328304166226474, 34.397099768533934 ], [ 131.329322650659435, 34.39923350562529 ], [ 131.329065481256322, 34.399281327393176 ], [ 131.329309657880344, 34.399991543970856 ], [ 131.328709584406255, 34.400069554618121 ], [ 131.328631175099645, 34.399752496363583 ], [ 131.328842696033007, 34.399374460602054 ], [ 131.328388271768375, 34.398267820983847 ], [ 131.328282441467508, 34.398297803406244 ], [ 131.328722017655707, 34.399368140142442 ], [ 131.328577068162645, 34.399614220073076 ], [ 131.327747096031004, 34.39799564183653 ], [ 131.327635719957698, 34.39803643157417 ], [ 131.327448626192961, 34.397712430210042 ], [ 131.326782025448438, 34.39759600655843 ], [ 131.327366935173046, 34.397835265581392 ], [ 131.328522778537319, 34.399826551993769 ], [ 131.328564715172348, 34.400307465407572 ], [ 131.327965546032516, 34.400405198063872 ], [ 131.328685191038915, 34.400334350819875 ], [ 131.328735254909077, 34.400111143929202 ], [ 131.329129520467973, 34.400059755197141 ], [ 131.329050636003501, 34.400659575055585 ], [ 131.32818202211763, 34.402042951489165 ], [ 131.327260174897361, 34.401666995858903 ], [ 131.327108677127001, 34.401912888376877 ], [ 131.326908341083737, 34.40182502096075 ], [ 131.327845206515263, 34.400151945113961 ], [ 131.326613896022025, 34.402124162244284 ], [ 131.328124896492142, 34.402752088064894 ], [ 131.327840962588112, 34.403190053657447 ], [ 131.327419381252582, 34.40336295387128 ], [ 131.327121218652366, 34.40371066572947 ], [ 131.327142723217946, 34.404824188805456 ], [ 131.32766379223645, 34.40579422525964 ], [ 131.327250147346518, 34.406260172408025 ], [ 131.327812296135022, 34.406282910367601 ], [ 131.328083354389719, 34.406480429463159 ], [ 131.328545644376049, 34.406257378634329 ], [ 131.329727023311904, 34.406356476634272 ], [ 131.329970982620864, 34.406536620685657 ], [ 131.330014828891024, 34.407270813340361 ], [ 131.329335039606434, 34.407591546193103 ], [ 131.328801427231554, 34.408200073583231 ], [ 131.328752219691864, 34.408558511969346 ], [ 131.328470094932158, 34.408702650037263 ], [ 131.328875226156555, 34.409525811246851 ], [ 131.329087212036995, 34.409325268977391 ], [ 131.32944743084002, 34.409522551925576 ], [ 131.329408112556223, 34.409980224727455 ], [ 131.330680580276834, 34.41152955205952 ], [ 131.33068799046751, 34.411766816841386 ], [ 131.3310758591671, 34.411817223759819 ], [ 131.33124811611097, 34.411996876637133 ], [ 131.331592535841537, 34.413015282485389 ], [ 131.33111894570149, 34.413935122294653 ], [ 131.331085460822521, 34.414345087941925 ], [ 131.332954779491246, 34.415288274420035 ], [ 131.333069022199936, 34.415500068764267 ], [ 131.333150251521488, 34.415322149572098 ], [ 131.333244928723445, 34.415424640124911 ], [ 131.33423987429228, 34.415029263816699 ], [ 131.334929069770112, 34.415076361688193 ], [ 131.335448538371111, 34.415571234098927 ], [ 131.336900777313986, 34.416451091192044 ], [ 131.337114591784115, 34.416943033489801 ], [ 131.336945037762462, 34.417364614980201 ], [ 131.337027474417056, 34.417941309147672 ], [ 131.336909273077623, 34.418231671845469 ], [ 131.337052978104339, 34.418336324685043 ], [ 131.337386983874552, 34.418113211795273 ] ] ] } },
{ "type": "Feature", "properties": { "CITY_NAME": "萩市", "S_NAME": "三見", "JINKO": 0, "medical_area": "35_萩医療圏", "町丁目名": "萩市三見" }, "geometry": { "type": "Polygon", "coordinates": [ [ [ 131.318982657785909, 34.432862908631748 ], [ 131.319212262081294, 34.432642640474057 ], [ 131.318990199238812, 34.432435576157808 ], [ 131.319672855480235, 34.432713453419531 ], [ 131.319534484367125, 34.432408647675459 ], [ 131.320165231991922, 34.432439224923641 ], [ 131.320160512305961, 34.432587101028005 ], [ 131.32037731434923, 34.432666925708652 ], [ 131.320436956038094, 34.432467310930313 ], [ 131.320777316801383, 34.432601238103956 ], [ 131.320416986107404, 34.43207852519204 ], [ 131.320790867566188, 34.432116333553815 ], [ 131.320870031807885, 34.432037575750122 ], [ 131.320659208143553, 34.431904405004531 ], [ 131.32095066089687, 34.431914595297805 ], [ 131.320941768276811, 34.43214794769105 ], [ 131.321109022441675, 34.432176152779455 ], [ 131.321322231967628, 34.432072262776387 ], [ 131.32119698891151, 34.431873057065175 ], [ 131.321515945066807, 34.431641711419033 ], [ 131.321144519122811, 34.431351492597116 ], [ 131.32111885950647, 34.430987177910445 ], [ 131.321623505784402, 34.431004196235797 ], [ 131.321927773759114, 34.430821487524298 ], [ 131.321050977223564, 34.430054462091995 ], [ 131.321623330314708, 34.429939395709575 ], [ 131.322084765905885, 34.429383636466007 ], [ 131.321938069468303, 34.42925556031021 ], [ 131.321974284522184, 34.428899703645335 ], [ 131.321516820477825, 34.428519722544969 ], [ 131.321789138254729, 34.428487378050193 ], [ 131.32178210692453, 34.42799500898311 ], [ 131.322044623332033, 34.427965272509915 ], [ 131.322158750224787, 34.42776505119302 ], [ 131.322065175286525, 34.427224336943517 ], [ 131.321502288268704, 34.426831940808789 ], [ 131.321718860780862, 34.426713566129557 ], [ 131.320845085200006, 34.42662271469333 ], [ 131.320121647343683, 34.426188631079597 ], [ 131.319005890905771, 34.426468388675438 ], [ 131.318374819461042, 34.426794045455004 ], [ 131.318004012875321, 34.426774282476607 ], [ 131.317979690373107, 34.426918357001654 ], [ 131.317745124276399, 34.426882496081106 ], [ 131.317465504931732, 34.427199746984599 ], [ 131.317090325753071, 34.427292640719216 ], [ 131.316928875878631, 34.427657479470803 ], [ 131.316455152807379, 34.42759389135891 ], [ 131.316556181438216, 34.42782349686869 ], [ 131.316913770852125, 34.427864724634105 ], [ 131.317191100094902, 34.428412079057196 ], [ 131.317184339432231, 34.428752925185123 ], [ 131.316982159708374, 34.428951546159823 ], [ 131.317253322978331, 34.429033725946574 ], [ 131.317349073947952, 34.429248084365099 ], [ 131.317050997266733, 34.429246855079192 ], [ 131.316985267246537, 34.42940064516921 ], [ 131.317116180714379, 34.429466354300679 ], [ 131.316881806136763, 34.429511630220034 ], [ 131.316855542784737, 34.42974683317302 ], [ 131.317329615158059, 34.429777179082244 ], [ 131.317601279763636, 34.43012968150871 ], [ 131.317516273107145, 34.430248120987564 ], [ 131.318016464113157, 34.430385985706586 ], [ 131.317993169175452, 34.430647269082499 ], [ 131.317297495069937, 34.430801888705155 ], [ 131.317442432003844, 34.431095050570811 ], [ 131.317297050524303, 34.431165317058721 ], [ 131.317261936187094, 34.431519347325988 ], [ 131.317497925730493, 34.431743697543261 ], [ 131.317734163306682, 34.431405433505972 ], [ 131.318289669671174, 34.431453387679838 ], [ 131.318331349709979, 34.4313157700727 ], [ 131.318541331953469, 34.43163276704005 ], [ 131.318529466255455, 34.432168253140723 ], [ 131.318096604314235, 34.432474442520018 ], [ 131.31827666915575, 34.432740802823247 ], [ 131.318715094975232, 34.432852034354688 ], [ 131.318670052276445, 34.43311218008273 ], [ 131.319114551361736, 34.43305131548253 ], [ 131.318982657785909, 34.432862908631748 ] ] ] } },
{ "type": "Feature", "properties": { "CITY_NAME": "萩市", "S_NAME": "大井", "JINKO": 1723, "medical_area": "35_萩医療圏", "町丁目名": "萩市大井" }, "geometry": { "type": "Polygon", "coordinates": [ [ [ 131.479873606398513, 34.48985392360062 ], [ 131.480643901281923, 34.489105466871358 ], [ 131.482990498200337, 34.488202160542187 ], [ 131.483387028563556, 34.488304819030326 ], [ 131.483768572759715, 34.488701802246069 ], [ 131.484988958768582, 34.488812443703409 ], [ 131.485717525857666, 34.48871269099336 ], [ 131.486409074970823, 34.488017008004491 ], [ 131.48709627718884, 34.487861516234403 ], [ 131.487860540053106, 34.488000858808114 ], [ 131.488501186789932, 34.488426872910473 ], [ 131.489430599088848, 34.488314268929521 ], [ 131.491883174918144, 34.486710166722901 ], [ 131.4923250979366, 34.486033088501628 ], [ 131.492578897255527, 34.484863503431633 ], [ 131.493019756926515, 34.484316717388609 ], [ 131.495625864232579, 34.4837238293171 ], [ 131.496379773644719, 34.483323279175721 ], [ 131.495950816329866, 34.482381090532876 ], [ 131.49455511519443, 34.480834486672002 ], [ 131.49436264201654, 34.480014593869392 ], [ 131.493841142615423, 34.479158091013261 ], [ 131.49310868269589, 34.478710750665549 ], [ 131.491922959915826, 34.478468667872932 ], [ 131.49083573560975, 34.477416876964895 ], [ 131.49183127958662, 34.476341837462783 ], [ 131.491632554594503, 34.475775736465252 ], [ 131.491241831714291, 34.475358588510325 ], [ 131.489059285484103, 34.474468188679367 ], [ 131.488445251671891, 34.473983162232599 ], [ 131.489020638089443, 34.473285711815564 ], [ 131.488893011398034, 34.472523074533477 ], [ 131.4890641498489, 34.472039176528753 ], [ 131.488954482126729, 34.471169302054491 ], [ 131.489177662920355, 34.47081739960268 ], [ 131.489093602874647, 34.47066381407889 ], [ 131.488577271793446, 34.470337097165618 ], [ 131.488176633893033, 34.469769583366173 ], [ 131.487104068410929, 34.469663593020215 ], [ 131.485709000956547, 34.468996285451553 ], [ 131.484059224172796, 34.468619133261463 ], [ 131.483755431744896, 34.468387828931014 ], [ 131.482810045971576, 34.468376619492567 ], [ 131.481724853513583, 34.467637484111769 ], [ 131.481754631757212, 34.46679317757237 ], [ 131.48164089749551, 34.466740701440891 ], [ 131.4812093073825, 34.46668080521043 ], [ 131.481016676851965, 34.4669687740423 ], [ 131.480472744018243, 34.466956419204145 ], [ 131.480788954325362, 34.466084704650257 ], [ 131.48054240316128, 34.465734962470762 ], [ 131.480293981934267, 34.464742027677744 ], [ 131.479574765527531, 34.463817292152051 ], [ 131.47766536250171, 34.462053459171024 ], [ 131.475095490886389, 34.460038324298843 ], [ 131.473943305334046, 34.459783849721909 ], [ 131.473006749921979, 34.459300416622241 ], [ 131.471010594035135, 34.456429507117264 ], [ 131.470991462112238, 34.456163865592153 ], [ 131.471551733712658, 34.455511166285397 ], [ 131.470828547370729, 34.453905276789619 ], [ 131.470489097155934, 34.453602320782664 ], [ 131.469485415986611, 34.45317430989639 ], [ 131.469303232534742, 34.452590108026847 ], [ 131.469520693451045, 34.451935773096544 ], [ 131.469202867386883, 34.451488139670658 ], [ 131.468263214519652, 34.451394332487205 ], [ 131.46621023487296, 34.451524194160655 ], [ 131.465698313072807, 34.451397310774425 ], [ 131.464848164363104, 34.450825898487466 ], [ 131.462017525274263, 34.448127188263676 ], [ 131.460993634518076, 34.447891121153475 ], [ 131.459560230181268, 34.448059929952741 ], [ 131.453858899265811, 34.449803710908313 ], [ 131.452974952615619, 34.450254420354618 ], [ 131.452171935854182, 34.450376955163939 ], [ 131.451262484258137, 34.449975828501039 ], [ 131.450041409581587, 34.449106610260586 ], [ 131.449241412725684, 34.448882752192368 ], [ 131.44815168048811, 34.449113178535626 ], [ 131.447499943662422, 34.448515752409683 ], [ 131.446964353193891, 34.448293423847446 ], [ 131.446381354886967, 34.447632718967078 ], [ 131.445486052232582, 34.447578015855086 ], [ 131.443394173794218, 34.446795440030549 ], [ 131.441655730775892, 34.444601170638194 ], [ 131.440433132819493, 34.443929607952633 ], [ 131.439917480855001, 34.443873586824751 ], [ 131.438795244641284, 34.443082159472844 ], [ 131.438849173493566, 34.445261976036569 ], [ 131.438620313886474, 34.445515306659274 ], [ 131.437954159906042, 34.44579308614172 ], [ 131.437013868749574, 34.447812614728242 ], [ 131.435824225979388, 34.448704132480209 ], [ 131.434241648648509, 34.45149429840496 ], [ 131.43373510593463, 34.452034452869384 ], [ 131.433657141648553, 34.452617320147375 ], [ 131.432338540419153, 34.453434192402675 ], [ 131.429701693915689, 34.455493715389458 ], [ 131.426113745721182, 34.457695036548671 ], [ 131.426642444790645, 34.458218453865733 ], [ 131.427423065548908, 34.459671979597076 ], [ 131.429263177020886, 34.461327566553322 ], [ 131.429308468057314, 34.461553647243008 ], [ 131.431369483910487, 34.462799729478377 ], [ 131.432236622644581, 34.463832663111646 ], [ 131.434802063897251, 34.466080262646649 ], [ 131.435278749431831, 34.46683220064596 ], [ 131.43556906806765, 34.467609220892406 ], [ 131.435531297258848, 34.467950722891757 ], [ 131.435166061476764, 34.468386622956437 ], [ 131.434943779770748, 34.468287962104483 ], [ 131.435128840931952, 34.46841260185937 ], [ 131.434809172620589, 34.468742415926044 ], [ 131.434464761589453, 34.468673587374603 ], [ 131.434653603511833, 34.468241150743573 ], [ 131.432071934771301, 34.471045555608903 ], [ 131.431782325366811, 34.471794742470976 ], [ 131.431972435706854, 34.472458490030704 ], [ 131.432787841694108, 34.472701435430139 ], [ 131.434452796041938, 34.472523922853469 ], [ 131.434656394738141, 34.472766714854622 ], [ 131.435173757615473, 34.472859955824028 ], [ 131.435620534950232, 34.472806694252483 ], [ 131.437001801936049, 34.47206849020705 ], [ 131.437407830856074, 34.47219161886995 ], [ 131.438386346133541, 34.471956835229435 ], [ 131.437362112665483, 34.472070629915009 ], [ 131.436891216032222, 34.471896547589061 ], [ 131.437154642851823, 34.471394115349973 ], [ 131.436834072907232, 34.471584203867636 ], [ 131.43653060657013, 34.471305751599679 ], [ 131.436672335717105, 34.470900917236783 ], [ 131.437640470485292, 34.470480142369588 ], [ 131.437758438590578, 34.470809891344423 ], [ 131.437423608914344, 34.471260486750779 ], [ 131.438255872645016, 34.470690293085156 ], [ 131.439769195026287, 34.470909307214924 ], [ 131.439670651112237, 34.471601079312585 ], [ 131.438266046129598, 34.47139442786461 ], [ 131.440601344115834, 34.471853596089197 ], [ 131.441268683814201, 34.47122375284102 ], [ 131.442825980286585, 34.47252214674846 ], [ 131.442291751492974, 34.47311849829125 ], [ 131.442890102777227, 34.472561401966857 ], [ 131.44353412951034, 34.473083419322165 ], [ 131.442867728257738, 34.47374026934483 ], [ 131.443533271166729, 34.473182579810462 ], [ 131.44417776838398, 34.473808410601634 ], [ 131.444872315968155, 34.474814010050444 ], [ 131.445225653619502, 34.475496722113242 ], [ 131.445243188212942, 34.475987299569809 ], [ 131.444128726467142, 34.475948351424975 ], [ 131.444047468093402, 34.476414824042223 ], [ 131.445471863168194, 34.476481793827531 ], [ 131.445289705497544, 34.477907777899858 ], [ 131.444790015708179, 34.477655096984208 ], [ 131.445411489286641, 34.478046395182616 ], [ 131.446078111190843, 34.477878177114626 ], [ 131.446126251781209, 34.477473627540114 ], [ 131.445950080121008, 34.477448225626496 ], [ 131.445956992568028, 34.477277965740718 ], [ 131.446109345496382, 34.477284212333743 ], [ 131.446262271448234, 34.476474741508071 ], [ 131.447389201865604, 34.476567833687916 ], [ 131.446579454794062, 34.478829543660048 ], [ 131.445706972582684, 34.478754978133274 ], [ 131.445729105589152, 34.478584663529737 ], [ 131.445121965661002, 34.478166397690991 ], [ 131.444527110189398, 34.478227838160215 ], [ 131.444347863848947, 34.478056343743141 ], [ 131.444548526880084, 34.478387561923917 ], [ 131.444208792331295, 34.478777726323159 ], [ 131.443943352362112, 34.479645148230858 ], [ 131.443398518308697, 34.480078332151471 ], [ 131.443413652088935, 34.48071934755793 ], [ 131.443003529457656, 34.480689884606988 ], [ 131.443190687931661, 34.480320518333649 ], [ 131.442818342285193, 34.480191265671188 ], [ 131.441435253937556, 34.480631044819965 ], [ 131.441169698173383, 34.480869363548159 ], [ 131.440896876387711, 34.481327525156409 ], [ 131.440941981153628, 34.48177587542191 ], [ 131.440597491416582, 34.482955671073327 ], [ 131.440665993790645, 34.483216672129672 ], [ 131.440864349551816, 34.48319615254524 ], [ 131.440882824777503, 34.483576730788705 ], [ 131.441972397148305, 34.483476822257927 ], [ 131.441903330779979, 34.483653900871538 ], [ 131.442279651735987, 34.484072653714364 ], [ 131.442286562721961, 34.484404426250848 ], [ 131.442783500214802, 34.484478636340661 ], [ 131.443763879404713, 34.483914629279511 ], [ 131.444629703320572, 34.483880147288446 ], [ 131.44481440418258, 34.484052523798049 ], [ 131.444828779953156, 34.484397862987471 ], [ 131.445166481820394, 34.484631570374546 ], [ 131.445358896018035, 34.485044585818954 ], [ 131.445566301759328, 34.484981008639799 ], [ 131.445789853786096, 34.48519587153249 ], [ 131.44622469888651, 34.485142645361748 ], [ 131.446265318080435, 34.48535474227765 ], [ 131.446840268916361, 34.485467992305757 ], [ 131.447038129710307, 34.485753134242181 ], [ 131.447324412345608, 34.485636770157605 ], [ 131.447821505911435, 34.485060034684217 ], [ 131.44933998164197, 34.484839051501005 ], [ 131.449412929833073, 34.484584375483436 ], [ 131.450253934074112, 34.484142056748851 ], [ 131.450978182395147, 34.48347648539837 ], [ 131.451346632055618, 34.482277775034909 ], [ 131.451622521112085, 34.481967513906085 ], [ 131.451452658563653, 34.481589711932067 ], [ 131.452687415809038, 34.481058675609518 ], [ 131.452807786672224, 34.480602274033899 ], [ 131.453195691884304, 34.480310692850317 ], [ 131.453896438531245, 34.480351678780806 ], [ 131.455187092397864, 34.48067105667235 ], [ 131.455291727722482, 34.48091423177928 ], [ 131.455808417058819, 34.481091198986789 ], [ 131.456269155524467, 34.481707899435442 ], [ 131.456588544959374, 34.481787226444702 ], [ 131.458552244855809, 34.483371767905467 ], [ 131.459879244086267, 34.484808361289403 ], [ 131.461973682117645, 34.486065662957252 ], [ 131.463017940998213, 34.48576415742437 ], [ 131.465777436466283, 34.485433588213084 ], [ 131.466958190201126, 34.485371453212593 ], [ 131.467881358838099, 34.485633655214542 ], [ 131.467962351155194, 34.486284482303937 ], [ 131.468411552414778, 34.487014327914984 ], [ 131.469445504172796, 34.487904150886941 ], [ 131.470749038143111, 34.488359094216015 ], [ 131.471681190956019, 34.489569218613674 ], [ 131.472185132324654, 34.489684065333478 ], [ 131.473267910811984, 34.489585691098448 ], [ 131.473834291744936, 34.489782881205919 ], [ 131.477857413511202, 34.492422528387536 ], [ 131.478618691949265, 34.492420059928911 ], [ 131.479456925323433, 34.491191920145539 ], [ 131.479465494585412, 34.490655127598643 ], [ 131.479873606398513, 34.48985392360062 ] ] ] } },
{ "type": "Feature", "properties": { "CITY_NAME": "萩市", "S_NAME": "大島", "JINKO": 585, "medical_area": "35_萩医療圏", "町丁目名": "萩市大島" }, "geometry": { "type": "Polygon", "coordinates": [ [ [ 131.412823311469623, 34.51257609738888 ], [ 131.413372610288832, 34.512653430655568 ], [ 131.413709461172971, 34.512134303993221 ], [ 131.413936451632452, 34.512088932076779 ], [ 131.414220181614922, 34.512385363089052 ], [ 131.41564890642897, 34.511801937496749 ], [ 131.415637334812402, 34.511631420355442 ], [ 131.415963876059607, 34.511528901177087 ], [ 131.415771618159283, 34.511354599589602 ], [ 131.415912598156012, 34.511175156933589 ], [ 131.416184570372224, 34.511208377192339 ], [ 131.416196262330459, 34.510882065436036 ], [ 131.416712969967676, 34.510579554396742 ], [ 131.416626761275978, 34.510240105696226 ], [ 131.416485045809765, 34.510369115563279 ], [ 131.416469768645129, 34.510137299106113 ], [ 131.416328523342543, 34.510213909474558 ], [ 131.416457981738745, 34.50974407421927 ], [ 131.416324177141291, 34.509484627032464 ], [ 131.41653883374255, 34.509475939983815 ], [ 131.416612621308303, 34.509748683250024 ], [ 131.416773242765856, 34.509570205786375 ], [ 131.416458281596817, 34.50874337345779 ], [ 131.415071838651812, 34.507298755338979 ], [ 131.415764791869918, 34.506657564272253 ], [ 131.416091765969895, 34.505897772395784 ], [ 131.416032988862327, 34.504920092159402 ], [ 131.416221131573394, 34.504100849032113 ], [ 131.417335609699478, 34.503686631928225 ], [ 131.417443190933653, 34.503225817602271 ], [ 131.418117749633097, 34.503055836198982 ], [ 131.418870374020003, 34.502423166768352 ], [ 131.418890261386736, 34.501302572404555 ], [ 131.418445909865, 34.500694984044642 ], [ 131.417890131535273, 34.500380555146677 ], [ 131.417803076993806, 34.500126748537703 ], [ 131.418502440200371, 34.499006788784122 ], [ 131.418581326446031, 34.49699685491565 ], [ 131.419120547988513, 34.494420796742588 ], [ 131.418975844559071, 34.494278486768316 ], [ 131.419011943359578, 34.494018113531283 ], [ 131.418803573495097, 34.493946548949843 ], [ 131.41811392309458, 34.493016446440834 ], [ 131.41677598382114, 34.492136457801315 ], [ 131.416507292078563, 34.491260344498976 ], [ 131.413319447873022, 34.49111721387375 ], [ 131.415376039135225, 34.491258894011715 ], [ 131.414827598164663, 34.492673567728772 ], [ 131.413910795085343, 34.49279315185953 ], [ 131.413864199682138, 34.492526074533693 ], [ 131.413832566260623, 34.492780133019863 ], [ 131.413146326726462, 34.492687586913561 ], [ 131.412739520631334, 34.492518243038518 ], [ 131.412958432576318, 34.491907469591453 ], [ 131.413900588227165, 34.491989057522574 ], [ 131.413484030071317, 34.491941416948904 ], [ 131.413523470397678, 34.491547671951039 ], [ 131.412120124744916, 34.491310182193175 ], [ 131.411978738483839, 34.491708055400885 ], [ 131.412793150620189, 34.491883068954465 ], [ 131.412343483571988, 34.492120885172568 ], [ 131.409824433387769, 34.491709649744969 ], [ 131.409900583057976, 34.491350362163757 ], [ 131.409742817364815, 34.491337699314229 ], [ 131.409697317806859, 34.491552936077092 ], [ 131.409253336944118, 34.491283269984002 ], [ 131.409372197519986, 34.491148776656011 ], [ 131.409231416376144, 34.491064097299777 ], [ 131.409010322151943, 34.491309804465153 ], [ 131.408632457057479, 34.491075758164008 ], [ 131.408833507887493, 34.490995862535698 ], [ 131.408649464447961, 34.490278029897986 ], [ 131.40877030496776, 34.490159748370729 ], [ 131.409403823906388, 34.490539610526952 ], [ 131.409483304289864, 34.490413889643008 ], [ 131.408935375641789, 34.490088646068578 ], [ 131.408938876835919, 34.489701866359255 ], [ 131.408660238607496, 34.48968944190846 ], [ 131.408668200663811, 34.489533417722967 ], [ 131.409601251639572, 34.489533818163764 ], [ 131.409600267083391, 34.489392255927825 ], [ 131.407036256234477, 34.489394447353945 ], [ 131.406802306822556, 34.489734728904786 ], [ 131.405898816603639, 34.490187922788259 ], [ 131.404867343715722, 34.491308422686089 ], [ 131.404404837703652, 34.492112410339196 ], [ 131.403762276443814, 34.493919624588983 ], [ 131.403327761755236, 34.494524607664061 ], [ 131.40281935997632, 34.494873043961114 ], [ 131.401434578748393, 34.495323236719713 ], [ 131.401723585152638, 34.495506327822277 ], [ 131.401460336196294, 34.495594844568764 ], [ 131.401664023732309, 34.495712324394667 ], [ 131.401236096603014, 34.496189308565583 ], [ 131.401143229526667, 34.496576391455314 ], [ 131.401318613116217, 34.496802866808359 ], [ 131.400695725379904, 34.497527403100349 ], [ 131.401041161311355, 34.497615199531445 ], [ 131.401144261167218, 34.498127040444508 ], [ 131.402382887062259, 34.50009290900708 ], [ 131.402387011020579, 34.500721334407793 ], [ 131.402079618981617, 34.501588419557308 ], [ 131.402077931933547, 34.502368237922134 ], [ 131.40238527717878, 34.503405084424436 ], [ 131.403083957457653, 34.504408438850731 ], [ 131.403338183011897, 34.505432272740535 ], [ 131.403234326218467, 34.506547699536441 ], [ 131.403867695733169, 34.507551489516345 ], [ 131.405787976369936, 34.508721021361346 ], [ 131.406832899941691, 34.509738896964137 ], [ 131.408509967677674, 34.512630642376628 ], [ 131.408751089080226, 34.512585222583532 ], [ 131.408569788408244, 34.512282936932941 ], [ 131.409040851085336, 34.512580671174703 ], [ 131.409345805102504, 34.512213910545746 ], [ 131.409746228617507, 34.51213791645079 ], [ 131.410437619219834, 34.512280932897689 ], [ 131.410791573485568, 34.512158733742794 ], [ 131.41083611003063, 34.512408760926682 ], [ 131.411073951539862, 34.512490521375412 ], [ 131.41128734469055, 34.512132915243129 ], [ 131.411502705521258, 34.512649946585405 ], [ 131.412114182372932, 34.512955727459762 ], [ 131.412301485750277, 34.513442862590495 ], [ 131.412649739333034, 34.513349360334772 ], [ 131.412492761048952, 34.512999614214912 ], [ 131.412823311469623, 34.51257609738888 ] ] ] } },
{ "type": "Feature", "properties": { "CITY_NAME": "萩市", "S_NAME": "相島", "JINKO": 124, "medical_area": "35_萩医療圏", "町丁目名": "萩市相島" }, "geometry": { "type": "Polygon", "coordinates": [ [ [ 131.27831675371084, 34.517610249207955 ], [ 131.278681227395026, 34.517951814016023 ], [ 131.279037296524137, 34.517754243032009 ], [ 131.279003762010689, 34.517530452876031 ], [ 131.279287728970814, 34.517560410415307 ], [ 131.278937403545058, 34.517320791592269 ], [ 131.278938123588063, 34.51714866494526 ], [ 131.278405235896884, 34.517274518254951 ], [ 131.27799173455324, 34.516830752173171 ], [ 131.278200784004838, 34.515918088975035 ], [ 131.278409145450809, 34.515783535021598 ], [ 131.278829000691701, 34.516037183219169 ], [ 131.279471667348389, 34.516133841693637 ], [ 131.279970381042034, 34.515835462462555 ], [ 131.280330706960626, 34.515853435752675 ], [ 131.280421380352664, 34.515615194428378 ], [ 131.279904025552725, 34.515312104348382 ], [ 131.280249457395172, 34.515193756390019 ], [ 131.279971630537375, 34.515203429136491 ], [ 131.279875031242454, 34.514964812248259 ], [ 131.281192995241497, 34.514026814771732 ], [ 131.281449229308492, 34.514199961448497 ], [ 131.281260110159195, 34.514993749084148 ], [ 131.282156450031351, 34.515610603139372 ], [ 131.282419382920494, 34.515665755594021 ], [ 131.281677239174826, 34.514781400059221 ], [ 131.281809225473438, 34.514248634256042 ], [ 131.283042306037345, 34.515053578983817 ], [ 131.282923668509227, 34.514741697992868 ], [ 131.283163747150098, 34.51459201124986 ], [ 131.283116432399794, 34.514326567728382 ], [ 131.282225011998122, 34.513864844748717 ], [ 131.282539475008917, 34.512859262296573 ], [ 131.282856832990831, 34.512505464465399 ], [ 131.282687769033004, 34.512424934793934 ], [ 131.282728303855123, 34.51230084854803 ], [ 131.283637587259847, 34.5116889101187 ], [ 131.28458186065356, 34.511477546053911 ], [ 131.285609408465206, 34.511534556292411 ], [ 131.286445789094302, 34.512261807647377 ], [ 131.286169980455668, 34.512695359831753 ], [ 131.286242648904107, 34.512937461357993 ], [ 131.286987182774112, 34.513281747623608 ], [ 131.287432791083233, 34.513061414589735 ], [ 131.287518498984412, 34.512678044926055 ], [ 131.288005040145038, 34.512910451239648 ], [ 131.288863424896391, 34.512581243436429 ], [ 131.290102838215347, 34.512891320985354 ], [ 131.29054272369487, 34.5124851398798 ], [ 131.290383026937747, 34.512240583793066 ], [ 131.290588599664375, 34.511638047312104 ], [ 131.292177126549603, 34.511261798883609 ], [ 131.292648768723041, 34.511357163003154 ], [ 131.293255764338824, 34.511739303653208 ], [ 131.29390437514482, 34.511264313851072 ], [ 131.293985985127392, 34.510854707820009 ], [ 131.293763086047676, 34.510085978218235 ], [ 131.292878582258965, 34.509269967585439 ], [ 131.293221178917946, 34.509101134072317 ], [ 131.293016590914306, 34.508877950848152 ], [ 131.293205333741156, 34.508532218988663 ], [ 131.29298401443225, 34.508453159687029 ], [ 131.292796460710662, 34.508578872628114 ], [ 131.292676878839472, 34.508460818248352 ], [ 131.29277019948367, 34.507964808001319 ], [ 131.292072522783542, 34.506786000907333 ], [ 131.292096406448223, 34.506478670760821 ], [ 131.292322138711739, 34.506240541862347 ], [ 131.2931043656952, 34.506630139619972 ], [ 131.293188970606138, 34.506553271058479 ], [ 131.291736364326709, 34.505500758128875 ], [ 131.291694154290326, 34.505062232489735 ], [ 131.290107038977368, 34.5043720173609 ], [ 131.289595249022852, 34.504271846144938 ], [ 131.289580957667965, 34.504385419681149 ], [ 131.289035754223448, 34.504145269881846 ], [ 131.286716684682261, 34.50410334064366 ], [ 131.285920982786507, 34.503859537477929 ], [ 131.284632766826832, 34.503132674193061 ], [ 131.28258565273913, 34.502709351943345 ], [ 131.282730267625311, 34.501904496201007 ], [ 131.281629746660599, 34.501760329832187 ], [ 131.281404915281882, 34.501299907731983 ], [ 131.281568013397873, 34.501834764146892 ], [ 131.282450958178401, 34.501955661063668 ], [ 131.282395859860117, 34.502326688415266 ], [ 131.282180569325135, 34.502296278604604 ], [ 131.282133237609571, 34.502651980627142 ], [ 131.281344873459233, 34.502545403201879 ], [ 131.281398696028049, 34.502298720124905 ], [ 131.280983440702329, 34.502436287011498 ], [ 131.280589646230766, 34.50229016890929 ], [ 131.280235787539453, 34.501980094872529 ], [ 131.280891514737391, 34.501451270672199 ], [ 131.280731564236589, 34.501331924532515 ], [ 131.279743651736823, 34.501560971430798 ], [ 131.279287041706795, 34.500872493459056 ], [ 131.279038662416554, 34.498935089594539 ], [ 131.278435220436023, 34.498128340928538 ], [ 131.278648137996328, 34.497768437295939 ], [ 131.278864707343047, 34.497778043867406 ], [ 131.278996521894271, 34.497565455253543 ], [ 131.278315421201881, 34.497207915095039 ], [ 131.277638366195276, 34.49718311991959 ], [ 131.275960592757144, 34.49809141624732 ], [ 131.275891877132466, 34.498609290223797 ], [ 131.274472291110271, 34.500934703869255 ], [ 131.27421577938307, 34.501806459548554 ], [ 131.273615105299854, 34.502689077855031 ], [ 131.273533201659518, 34.503117687164931 ], [ 131.272731548535745, 34.504049397466211 ], [ 131.271490501706836, 34.505032806433128 ], [ 131.271629605504103, 34.505470220914034 ], [ 131.27110336878232, 34.506101926349238 ], [ 131.271163121190824, 34.506218577763555 ], [ 131.271257547805618, 34.506044460679249 ], [ 131.271383450605128, 34.506284288944613 ], [ 131.271810780381827, 34.506349549314059 ], [ 131.271942433100008, 34.506768033181203 ], [ 131.271694444048734, 34.506838333397759 ], [ 131.271473201309817, 34.507160268874578 ], [ 131.271333099887613, 34.507738889546587 ], [ 131.271533770285316, 34.507813471336725 ], [ 131.271408789814558, 34.50798834948111 ], [ 131.271600840492511, 34.508161049635426 ], [ 131.271307968594442, 34.50835455613079 ], [ 131.271756729375539, 34.508453357961663 ], [ 131.272304002099901, 34.509007304954807 ], [ 131.272397907932628, 34.509288311608834 ], [ 131.272179518244883, 34.50944630492949 ], [ 131.272466019710208, 34.509745910371109 ], [ 131.272268532296522, 34.509986040388767 ], [ 131.272602134678465, 34.510153580187257 ], [ 131.273498129614751, 34.511405931247232 ], [ 131.27374749659856, 34.512428291822431 ], [ 131.274067330919905, 34.512970691086736 ], [ 131.275197872739511, 34.513783975058139 ], [ 131.275533179113069, 34.515639868431037 ], [ 131.276211498111024, 34.516167696684214 ], [ 131.27620807986807, 34.51639304864328 ], [ 131.275947829479236, 34.516485806629696 ], [ 131.276068646920891, 34.516598531621042 ], [ 131.275929283027722, 34.516901350080218 ], [ 131.275568236801831, 34.516742780674178 ], [ 131.275414906022547, 34.516822795953978 ], [ 131.275885717441156, 34.517101195256231 ], [ 131.276339954718139, 34.517098172809661 ], [ 131.277175308641347, 34.516590408502353 ], [ 131.277381429257645, 34.516763198127961 ], [ 131.277152056387735, 34.517241156494435 ], [ 131.277415473993898, 34.518276148884638 ], [ 131.27831675371084, 34.517610249207955 ] ] ] } },
{ "type": "Feature", "properties": { "CITY_NAME": "萩市", "S_NAME": "見島", "JINKO": 689, "medical_area": "35_萩医療圏", "町丁目名": "萩市見島" }, "geometry": { "type": "Polygon", "coordinates": [ [ [ 131.133894739923818, 34.793299715826308 ], [ 131.134350059504897, 34.792713975526802 ], [ 131.134620202208737, 34.792697392876363 ], [ 131.134600318129742, 34.792450171014899 ], [ 131.134850665990825, 34.792179183290692 ], [ 131.135614343606534, 34.791660140230753 ], [ 131.136329527991165, 34.791353366063142 ], [ 131.138078582683107, 34.791115755298037 ], [ 131.13969764250885, 34.790263053249625 ], [ 131.141109121441644, 34.788605587866229 ], [ 131.141733546983886, 34.788303369407195 ], [ 131.14347277678425, 34.787970101334217 ], [ 131.145204378540996, 34.788171274956632 ], [ 131.146552822500752, 34.788785567757863 ], [ 131.146705083773355, 34.789287146958493 ], [ 131.146849281479717, 34.789022428455034 ], [ 131.147471794851498, 34.788957358374873 ], [ 131.147637671181627, 34.789150727353984 ], [ 131.147561858801339, 34.789366439855691 ], [ 131.14783362424302, 34.78939040614604 ], [ 131.14791936318187, 34.789880581325349 ], [ 131.148083681201996, 34.789756599679812 ], [ 131.148116902254372, 34.789276434104238 ], [ 131.148362954604409, 34.789885139116244 ], [ 131.148721074323618, 34.789641222319979 ], [ 131.149017922245832, 34.788957619557983 ], [ 131.149338516615529, 34.788918888893534 ], [ 131.14957215359334, 34.788495330329745 ], [ 131.149567348870391, 34.788260913924994 ], [ 131.149221975484494, 34.788002945914073 ], [ 131.149546757312436, 34.787532400682188 ], [ 131.149272434766544, 34.787272351453417 ], [ 131.149339792569407, 34.787125865888562 ], [ 131.150169222513568, 34.787031946377212 ], [ 131.149826661320958, 34.786718929625891 ], [ 131.149884145614948, 34.786577009343588 ], [ 131.149983881153332, 34.786727426413854 ], [ 131.150245158302681, 34.786631436460766 ], [ 131.150093518587568, 34.785716044810819 ], [ 131.149788459872525, 34.785561096642091 ], [ 131.148750810560045, 34.785706653928315 ], [ 131.148288474933963, 34.785541370993712 ], [ 131.147631402474957, 34.785753205942463 ], [ 131.146550401714677, 34.785515971021702 ], [ 131.146338245449499, 34.785359256244952 ], [ 131.146595497778208, 34.784959281431277 ], [ 131.146329151968189, 34.785210441142404 ], [ 131.145949122880637, 34.784302989653618 ], [ 131.146571013041125, 34.784285667679313 ], [ 131.146235267820657, 34.784225243776426 ], [ 131.146268051550663, 34.783961423704937 ], [ 131.146141495200624, 34.783945008648878 ], [ 131.146212717294134, 34.782417651528398 ], [ 131.146027561568729, 34.782640476002378 ], [ 131.145693614429661, 34.782517837390166 ], [ 131.145724444995722, 34.78267584945705 ], [ 131.145250697066444, 34.782730450194414 ], [ 131.145170028565985, 34.782448484309349 ], [ 131.145025586795555, 34.782463610575071 ], [ 131.14506208912556, 34.782694630301535 ], [ 131.144520758362063, 34.782735157291043 ], [ 131.144214299267134, 34.782245800869624 ], [ 131.144426276536819, 34.782160112965933 ], [ 131.144157633582722, 34.78214799652271 ], [ 131.14394376688486, 34.781418702346457 ], [ 131.143342533376881, 34.78126490914115 ], [ 131.14356538336699, 34.781003531691759 ], [ 131.144143918549901, 34.780956138250176 ], [ 131.144735635852783, 34.781258586593701 ], [ 131.14478458035012, 34.781629437093528 ], [ 131.144989696675964, 34.781386922555669 ], [ 131.145970507982554, 34.781326699629986 ], [ 131.146111640888392, 34.781843398967943 ], [ 131.147562244602227, 34.782048520771326 ], [ 131.148446708804272, 34.78360556886404 ], [ 131.149074711746664, 34.783799138399438 ], [ 131.148488654792402, 34.783568030231848 ], [ 131.147620887197803, 34.78198591042117 ], [ 131.146186726826699, 34.781776420003148 ], [ 131.145856624079386, 34.779665247711378 ], [ 131.145245534698205, 34.779779984604325 ], [ 131.145269860967062, 34.779579165855175 ], [ 131.14590269177387, 34.779382947708484 ], [ 131.147075718969631, 34.778613590299422 ], [ 131.147765959600434, 34.778365133981822 ], [ 131.148808664750703, 34.778328785482124 ], [ 131.150876775992458, 34.777529265253939 ], [ 131.151970298404166, 34.777893612914383 ], [ 131.15229302437794, 34.777858413771618 ], [ 131.152311011921967, 34.777644046830126 ], [ 131.152705305277465, 34.777563525354672 ], [ 131.152593126001847, 34.777174967438654 ], [ 131.153014824202273, 34.777177494467651 ], [ 131.153554365889761, 34.776833237855996 ], [ 131.153744424044902, 34.776925809132592 ], [ 131.153809767064757, 34.77738975507846 ], [ 131.154257106055809, 34.776900354644226 ], [ 131.154611054131664, 34.777257539779924 ], [ 131.154929293678094, 34.777058204695308 ], [ 131.154741711183249, 34.776846635111852 ], [ 131.154784565174793, 34.776559513770707 ], [ 131.155020253624173, 34.776675844303348 ], [ 131.15509266797352, 34.776470097931579 ], [ 131.155382770109668, 34.77642194323392 ], [ 131.155488659343177, 34.775983929172142 ], [ 131.155132254447466, 34.775730252094881 ], [ 131.155301256681668, 34.775491926286051 ], [ 131.156299502529748, 34.775066675002975 ], [ 131.15713756623029, 34.774968129592608 ], [ 131.158239562218426, 34.774993461566368 ], [ 131.15924142284652, 34.775441637112756 ], [ 131.159837109856113, 34.775868417256277 ], [ 131.159718480369747, 34.776008146387852 ], [ 131.159848048020336, 34.776225566487369 ], [ 131.160057417951691, 34.775986582308207 ], [ 131.160233367756405, 34.776250303724382 ], [ 131.16040602732599, 34.775976788351855 ], [ 131.160774530053999, 34.776043920901827 ], [ 131.161353593177523, 34.776667043713111 ], [ 131.161288550206024, 34.776991029043707 ], [ 131.16150562041588, 34.777109165147806 ], [ 131.161501500528857, 34.77762478997785 ], [ 131.161812970274013, 34.777616515246066 ], [ 131.161876924101165, 34.77783973029679 ], [ 131.162043438735566, 34.777713914898776 ], [ 131.162534512384838, 34.777760362880507 ], [ 131.162599135524545, 34.777928510025127 ], [ 131.16280423291883, 34.777767094623592 ], [ 131.162953972448719, 34.778468495512492 ], [ 131.163543604222241, 34.778151798869331 ], [ 131.163526205036561, 34.77751613249918 ], [ 131.163311159947824, 34.777230403151393 ], [ 131.163883351091698, 34.777161170727325 ], [ 131.163795191675405, 34.776955787455037 ], [ 131.16344411188669, 34.776894300358023 ], [ 131.163729590740985, 34.776684811647229 ], [ 131.163753010480832, 34.776470486823477 ], [ 131.163325450635085, 34.776226248473272 ], [ 131.163219217317447, 34.776428199381925 ], [ 131.162280504083583, 34.77618255877676 ], [ 131.161590648583939, 34.775679235645576 ], [ 131.161113793162627, 34.774820749646203 ], [ 131.161096216423971, 34.774201278958635 ], [ 131.161360303225678, 34.773594980235465 ], [ 131.161779890601025, 34.772869114330994 ], [ 131.162278246149071, 34.772671386018857 ], [ 131.162148715863225, 34.7725422828535 ], [ 131.161769893318422, 34.769730288656007 ], [ 131.161778170026508, 34.768054506719992 ], [ 131.16138523965509, 34.767034456321227 ], [ 131.161083786873434, 34.763784918651943 ], [ 131.160876824056999, 34.763469532919594 ], [ 131.160432429183174, 34.763275571276552 ], [ 131.157728212812714, 34.763058534737034 ], [ 131.157494236116548, 34.762902504669384 ], [ 131.157522010098262, 34.762681879827554 ], [ 131.156736536465075, 34.762508598775163 ], [ 131.156652288438352, 34.762341976364496 ], [ 131.156527200541376, 34.762389673762215 ], [ 131.15659018782182, 34.762599219866019 ], [ 131.156073991200572, 34.762829313094159 ], [ 131.155838893204646, 34.762620965691319 ], [ 131.156394197826017, 34.762187489918503 ], [ 131.156390834302442, 34.761835896794089 ], [ 131.156132553695244, 34.761607489805719 ], [ 131.155369552926061, 34.762205025442285 ], [ 131.15475314363016, 34.761771815618296 ], [ 131.155711612109997, 34.762628971251594 ], [ 131.155228544246654, 34.763004412929149 ], [ 131.155003320831923, 34.762844788112474 ], [ 131.153890002650911, 34.76304018932256 ], [ 131.153878110053057, 34.762672327339899 ], [ 131.15376185978846, 34.763428577463657 ], [ 131.153539184468997, 34.763416724826996 ], [ 131.152217476228543, 34.762787381138011 ], [ 131.152730768409469, 34.761993029834109 ], [ 131.152522002122055, 34.761911850868167 ], [ 131.152152758055649, 34.762455136794529 ], [ 131.15182346672961, 34.762313512984854 ], [ 131.151777301033007, 34.762159881820118 ], [ 131.152290067558766, 34.761317779063909 ], [ 131.152763936102787, 34.761513706345418 ], [ 131.152757589929138, 34.761676759467527 ], [ 131.152841145714717, 34.761543224386671 ], [ 131.15411593847756, 34.761981034726816 ], [ 131.152488991687903, 34.761310421724879 ], [ 131.15261612102816, 34.759846623727135 ], [ 131.153697807218975, 34.7599042210134 ], [ 131.153656432177968, 34.760972095737408 ], [ 131.153776466147747, 34.759905861912124 ], [ 131.15511916574971, 34.759972801665178 ], [ 131.155388674039528, 34.759726295750859 ], [ 131.155103958038609, 34.759876332752498 ], [ 131.152078017937441, 34.75971945863246 ], [ 131.15068515614783, 34.759289656262808 ], [ 131.150654779820712, 34.759010797768596 ], [ 131.150546476735485, 34.759018908493921 ], [ 131.150570899384689, 34.759254335032225 ], [ 131.150411034706877, 34.759291875867831 ], [ 131.152018076070078, 34.75979924455612 ], [ 131.151954339488071, 34.760454096521002 ], [ 131.150948981616637, 34.760406838637628 ], [ 131.150774553203917, 34.760016914162591 ], [ 131.15061572776176, 34.760679985759246 ], [ 131.150417031362622, 34.760759457959416 ], [ 131.150682867535437, 34.760813932463435 ], [ 131.150793795983247, 34.761037544390327 ], [ 131.150667576177966, 34.761086916045471 ], [ 131.150820022418742, 34.761300028823335 ], [ 131.151104036442433, 34.761298877429994 ], [ 131.151084887851624, 34.761433935209723 ], [ 131.150670864383954, 34.761438508971111 ], [ 131.150605270217824, 34.761178372170455 ], [ 131.150597903333136, 34.761424378356956 ], [ 131.150415482612175, 34.761422010742848 ], [ 131.150315040670705, 34.760969461958261 ], [ 131.150189905066156, 34.761201948627829 ], [ 131.149554830269466, 34.76088198316387 ], [ 131.149738727442639, 34.760492373981045 ], [ 131.15016986941589, 34.760608655471017 ], [ 131.149833147925051, 34.760454428941252 ], [ 131.150010064011923, 34.759652629288233 ], [ 131.150136370020363, 34.759596076114732 ], [ 131.149191471083071, 34.759782839958319 ], [ 131.14918297771834, 34.758784835669296 ], [ 131.147811488187529, 34.758215454694984 ], [ 131.147012753709333, 34.758237502581089 ], [ 131.146009328266615, 34.758742922501099 ], [ 131.14471304786349, 34.75818667319907 ], [ 131.144728633167858, 34.757898340054382 ], [ 131.144579535089122, 34.758121605469498 ], [ 131.141857679095892, 34.757850830102321 ], [ 131.141539994653243, 34.758015769925606 ], [ 131.140930771468874, 34.758963499511943 ], [ 131.140115764844921, 34.759154950374153 ], [ 131.13905760223173, 34.758956720712561 ], [ 131.138511152337799, 34.75845180347293 ], [ 131.137915727132849, 34.75820155263353 ], [ 131.137748878425413, 34.757914496061879 ], [ 131.137244077254792, 34.757932765817174 ], [ 131.136579642046513, 34.758485059179783 ], [ 131.135926033536549, 34.75948379935911 ], [ 131.136110932425595, 34.761305306455398 ], [ 131.135666400758225, 34.762714132063145 ], [ 131.135310563016304, 34.763220432843333 ], [ 131.134947833847434, 34.763312997707956 ], [ 131.134906333182386, 34.763486595558021 ], [ 131.134415015006198, 34.763378766119139 ], [ 131.134694194361686, 34.763677622544343 ], [ 131.13111985271243, 34.768333093544491 ], [ 131.130674455468039, 34.769274834812528 ], [ 131.130159927595855, 34.771021095897702 ], [ 131.12988850405992, 34.773595097222518 ], [ 131.13023708758061, 34.775682239634705 ], [ 131.129847841758846, 34.776231486188131 ], [ 131.130521432528525, 34.777146835396294 ], [ 131.130594990143322, 34.7778172086255 ], [ 131.130213452821891, 34.779755738302804 ], [ 131.12955941083689, 34.780598375637389 ], [ 131.129664950613801, 34.780806607371964 ], [ 131.129982204808243, 34.780862550869621 ], [ 131.129967711915015, 34.781058914380296 ], [ 131.129252840220403, 34.781611723855796 ], [ 131.129378870611504, 34.781751536423528 ], [ 131.129700882419002, 34.781686670426815 ], [ 131.129875062950902, 34.781914500867373 ], [ 131.130033483593394, 34.782876736373758 ], [ 131.129567336974731, 34.783981547117875 ], [ 131.128384570848795, 34.785590550179691 ], [ 131.127835945283891, 34.785863486989243 ], [ 131.127914788044876, 34.786199526435844 ], [ 131.127484673219328, 34.78669432673361 ], [ 131.128220057808591, 34.788520536370527 ], [ 131.128237402095039, 34.78922747333516 ], [ 131.127980174627851, 34.79048195034791 ], [ 131.128177644144358, 34.791467900564861 ], [ 131.12794032376155, 34.792182524344362 ], [ 131.127576043123526, 34.792210965697045 ], [ 131.127342681343436, 34.792432644295552 ], [ 131.12696413721855, 34.793427197827803 ], [ 131.127236421878251, 34.793240220058117 ], [ 131.127672845846917, 34.793470292823855 ], [ 131.129333684774736, 34.795919203712735 ], [ 131.12999766350535, 34.797614222399247 ], [ 131.130489446396183, 34.798130402025947 ], [ 131.130901857591226, 34.798276312469135 ], [ 131.131426117671367, 34.798121190026514 ], [ 131.132057860561389, 34.797672318619213 ], [ 131.133894739923818, 34.793299715826308 ] ] ] } },
{ "type": "Feature", "properties": { "CITY_NAME": "萩市", "S_NAME": "川上", "JINKO": 759, "medical_area": "35_萩医療圏", "町丁目名": "萩市川上" }, "geometry": { "type": "Polygon", "coordinates": [ [ [ 131.4689086095986, 34.414469561763475 ], [ 131.469566051023691, 34.414961973614652 ], [ 131.470287654857202, 34.414307121976357 ], [ 131.471363364664626, 34.414331841016768 ], [ 131.471811547679209, 34.413811219566476 ], [ 131.472902023577603, 34.413415526744295 ], [ 131.47367516883665, 34.413631767232999 ], [ 131.474003669211413, 34.413297524845518 ], [ 131.475788127144028, 34.413162660966108 ], [ 131.476318882250467, 34.412481475654658 ], [ 131.475704393850293, 34.410866231050342 ], [ 131.476834309127355, 34.408345476249963 ], [ 131.478191659063242, 34.407845296570045 ], [ 131.479245111160111, 34.40694516924389 ], [ 131.478262019024243, 34.406382944197773 ], [ 131.478018808602059, 34.405807830764601 ], [ 131.478117805217323, 34.404542569780332 ], [ 131.477682393091783, 34.404386716840619 ], [ 131.477473520041372, 34.404014078457934 ], [ 131.476699374739724, 34.403820253529183 ], [ 131.476492973885115, 34.403054047696465 ], [ 131.475805467052112, 34.402529809204729 ], [ 131.475892907728792, 34.40198134506786 ], [ 131.475705581980918, 34.401666296198023 ], [ 131.47605827637085, 34.400950712708095 ], [ 131.47589553371111, 34.400467184843258 ], [ 131.475577878800578, 34.400285082430806 ], [ 131.475797399841611, 34.399173616153483 ], [ 131.476743981951955, 34.398866231933091 ], [ 131.477310884190643, 34.398329343875261 ], [ 131.477816401220281, 34.398211045038792 ], [ 131.478687450313146, 34.397215369767096 ], [ 131.478070331313972, 34.396701257457188 ], [ 131.478210756963193, 34.39642947072285 ], [ 131.477856536294695, 34.39472721785652 ], [ 131.479532736307448, 34.393915953786468 ], [ 131.48023395129519, 34.393041164968352 ], [ 131.481824559290686, 34.391893282469262 ], [ 131.482555738098881, 34.390719023822669 ], [ 131.483744979454201, 34.389992598138782 ], [ 131.48377090390494, 34.38948351079538 ], [ 131.484533158473255, 34.388410555870323 ], [ 131.485527190566955, 34.387401438405874 ], [ 131.485967038285224, 34.387230485822144 ], [ 131.485976777058596, 34.386567340869171 ], [ 131.486780947171098, 34.386050613481146 ], [ 131.48700411939987, 34.385741384241527 ], [ 131.488205087011721, 34.385526483307878 ], [ 131.488236650006144, 34.38467328282151 ], [ 131.489756468951356, 34.384348290632282 ], [ 131.490804640119791, 34.384717681094166 ], [ 131.491535662508198, 34.385348870641693 ], [ 131.49175900390199, 34.385381379426953 ], [ 131.492200218370584, 34.38503714399576 ], [ 131.493089950492532, 34.384708485465993 ], [ 131.493290306064694, 34.384343758932658 ], [ 131.493748522337427, 34.384416157474888 ], [ 131.493934313522402, 34.384060788338267 ], [ 131.493997487681867, 34.383241569962472 ], [ 131.495564242585544, 34.382846896743317 ], [ 131.495943587985153, 34.382065339368424 ], [ 131.495761571314517, 34.381405924172888 ], [ 131.497421636335844, 34.378700815797416 ], [ 131.498643180465251, 34.377225595967957 ], [ 131.499897476446762, 34.376306964935168 ], [ 131.502858771068077, 34.375780199871578 ], [ 131.503003475206555, 34.374551930287964 ], [ 131.503503302573392, 34.372980888888385 ], [ 131.504077798302205, 34.372421527826255 ], [ 131.50571167384669, 34.371679136517415 ], [ 131.505999143310305, 34.37080422024458 ], [ 131.505636722493904, 34.369179332626977 ], [ 131.504511883253969, 34.36837945589356 ], [ 131.504405364524587, 34.367689614834596 ], [ 131.507093373285414, 34.366120504620916 ], [ 131.510450438390194, 34.364617037040482 ], [ 131.513766260308103, 34.364272733698144 ], [ 131.514928928184901, 34.363832799135189 ], [ 131.515311344051355, 34.363530417214747 ], [ 131.515804898235444, 34.362782495317511 ], [ 131.516222432083879, 34.360396851866248 ], [ 131.516829454933259, 34.359304255226384 ], [ 131.517666804670597, 34.358941589931042 ], [ 131.519016828321611, 34.358726020311487 ], [ 131.522667842819089, 34.358815139492428 ], [ 131.52531144059256, 34.359494636836075 ], [ 131.526826653358654, 34.360071968686562 ], [ 131.528205162257933, 34.360687027775263 ], [ 131.529005005836154, 34.361438799879387 ], [ 131.530262303421694, 34.361966420320655 ], [ 131.532463766343227, 34.362017719367266 ], [ 131.535018720789992, 34.361377308811079 ], [ 131.535626100967988, 34.361477920123342 ], [ 131.536309177916394, 34.362131398899173 ], [ 131.536441081731567, 34.363322547758614 ], [ 131.536297986804612, 34.364018683286616 ], [ 131.535925174945987, 34.36476195463959 ], [ 131.535061548893907, 34.365536224067661 ], [ 131.534902422360886, 34.366448223441772 ], [ 131.535164217107081, 34.366795825650478 ], [ 131.535762332955471, 34.366931319818924 ], [ 131.538939932038488, 34.365539377782021 ], [ 131.539656007253399, 34.365670525901919 ], [ 131.540676519858039, 34.366437691068782 ], [ 131.541234185587598, 34.366399685749073 ], [ 131.54217302771653, 34.365652098280371 ], [ 131.543011556563414, 34.364340807466903 ], [ 131.543675561903825, 34.363851851468098 ], [ 131.545945684379092, 34.363652768390025 ], [ 131.548039005033189, 34.363014369428051 ], [ 131.549747291046657, 34.361837420021395 ], [ 131.551247288747561, 34.361579124978412 ], [ 131.552914782449591, 34.362005986853454 ], [ 131.553577012091125, 34.361890541438903 ], [ 131.553776160698504, 34.361699247988277 ], [ 131.554349170232939, 34.36025721290703 ], [ 131.55448330983188, 34.358691418518909 ], [ 131.556646974011898, 34.355558128086678 ], [ 131.557763498605226, 34.354839744303391 ], [ 131.557915264885509, 34.354597357590301 ], [ 131.557897288567602, 34.354252421473454 ], [ 131.5569574390274, 34.353639768301576 ], [ 131.556946426957523, 34.353277819632169 ], [ 131.558591074242969, 34.350704437308544 ], [ 131.559584450157104, 34.348625498954078 ], [ 131.560595405796562, 34.345374465160397 ], [ 131.560799356290033, 34.344109214006174 ], [ 131.560804499663334, 34.342182184755714 ], [ 131.560935090091675, 34.341811502416427 ], [ 131.561443098862043, 34.341524518352848 ], [ 131.561485399338238, 34.341298071372229 ], [ 131.558635324321386, 34.336384385051623 ], [ 131.558767799075326, 34.333783665751135 ], [ 131.559252043904991, 34.332906209519962 ], [ 131.56095081991819, 34.330751304345995 ], [ 131.56254531979954, 34.331366844379893 ], [ 131.563386030506393, 34.331286451351659 ], [ 131.56398153661894, 34.330947066788617 ], [ 131.565827389950186, 34.329342619224562 ], [ 131.566323496711618, 34.328259671497989 ], [ 131.56663199618086, 34.326170306379488 ], [ 131.565228117430593, 34.323293441390319 ], [ 131.563810771018183, 34.322312123272049 ], [ 131.563080722955334, 34.321563354475089 ], [ 131.562956988054765, 34.320983786360571 ], [ 131.56323468739069, 34.320358154581918 ], [ 131.562462964560865, 34.320043607422051 ], [ 131.56276007145712, 34.319658814042114 ], [ 131.562648174802035, 34.319050564791759 ], [ 131.56181422811531, 34.318607518084512 ], [ 131.56121817292447, 34.318048437873919 ], [ 131.560034252414226, 34.317706484626271 ], [ 131.560224462466721, 34.316806440610868 ], [ 131.560169020000757, 34.316182832166483 ], [ 131.559754067316049, 34.31487832703462 ], [ 131.558815008875996, 34.312891261866994 ], [ 131.558901415017743, 34.31219707468258 ], [ 131.55850647721428, 34.3113413221892 ], [ 131.558409769535359, 34.309838348600366 ], [ 131.558048072476424, 34.308005983474374 ], [ 131.555094793401821, 34.306855360130726 ], [ 131.553140261993292, 34.306659950892588 ], [ 131.552265475289374, 34.306146062216122 ], [ 131.552578584835373, 34.305159445228149 ], [ 131.552367798197963, 34.304574777995626 ], [ 131.552659663304638, 34.303199119249868 ], [ 131.552264626092864, 34.302372372877976 ], [ 131.551615068339942, 34.301773256826642 ], [ 131.551635588995254, 34.301348927557186 ], [ 131.549551685153347, 34.298977406217567 ], [ 131.548781442508073, 34.299397964771778 ], [ 131.547809362951796, 34.299197827416172 ], [ 131.546697841656055, 34.300180966090217 ], [ 131.545899054820069, 34.299733052431478 ], [ 131.54549798048248, 34.299735953803143 ], [ 131.544726111407897, 34.300766714603931 ], [ 131.544515206344755, 34.301783415370871 ], [ 131.544024863886534, 34.302463430815969 ], [ 131.543888705636363, 34.303591511831257 ], [ 131.543223302409643, 34.304362199589455 ], [ 131.542747596063037, 34.304239200284648 ], [ 131.542356633463697, 34.304444711028196 ], [ 131.541508434957251, 34.304387287001759 ], [ 131.540906576776109, 34.304813445789634 ], [ 131.537596352336635, 34.300120125467437 ], [ 131.536764019034962, 34.300275036483065 ], [ 131.535837793010018, 34.299778365188608 ], [ 131.532167992717888, 34.299310760968332 ], [ 131.532361316076674, 34.297555970861133 ], [ 131.533089743044599, 34.296522663155649 ], [ 131.533425609499915, 34.296295205510788 ], [ 131.533790947693348, 34.295626701272965 ], [ 131.533012563277453, 34.294797888403302 ], [ 131.532555151838039, 34.294563934442671 ], [ 131.532358587635855, 34.294039595170254 ], [ 131.530256393289051, 34.293816397698471 ], [ 131.530188703266106, 34.293541215667616 ], [ 131.530324099970017, 34.293310333877315 ], [ 131.529995135329244, 34.292621191904537 ], [ 131.529648553796449, 34.292339626416855 ], [ 131.528893814613753, 34.292234555189061 ], [ 131.52753970382858, 34.291465260924582 ], [ 131.526823330684266, 34.291669017187637 ], [ 131.526185710814161, 34.291065165805854 ], [ 131.52585538059293, 34.290942715391289 ], [ 131.525540188873606, 34.290357451817336 ], [ 131.524582985203409, 34.290130571977095 ], [ 131.524405204325802, 34.289437557808171 ], [ 131.522816338534568, 34.288980552880084 ], [ 131.521908278663744, 34.289173422938617 ], [ 131.521483676641367, 34.288457420449099 ], [ 131.520002902000726, 34.289450498727554 ], [ 131.520101924919572, 34.290184234949848 ], [ 131.519442631342145, 34.290901866012007 ], [ 131.52030909265298, 34.291591322233316 ], [ 131.520341712394696, 34.292264417763306 ], [ 131.52103720054248, 34.292514165921737 ], [ 131.521254255544477, 34.293012003112601 ], [ 131.521348542027965, 34.293984481453755 ], [ 131.522253087865892, 34.294259265375359 ], [ 131.522325303779837, 34.294693936611601 ], [ 131.522670660374416, 34.29513455515734 ], [ 131.521754508350966, 34.29676737496257 ], [ 131.520981062903815, 34.297209454156899 ], [ 131.520556055490289, 34.29806596813674 ], [ 131.520508414764038, 34.298219970347319 ], [ 131.520801235908039, 34.298689480883347 ], [ 131.520607240285159, 34.301264277211317 ], [ 131.519542661301358, 34.303287063131037 ], [ 131.518631236893555, 34.304283130159867 ], [ 131.518293485849483, 34.305125434433357 ], [ 131.517278744271522, 34.305942468445998 ], [ 131.516902902885448, 34.306442115774914 ], [ 131.516179015812554, 34.306848356458168 ], [ 131.515349153898256, 34.306675057577614 ], [ 131.514801337759991, 34.306860354126265 ], [ 131.513316254639278, 34.306854861477284 ], [ 131.512929984169972, 34.307195402259623 ], [ 131.511443963787315, 34.307310326300978 ], [ 131.510181478466933, 34.308205720842004 ], [ 131.509129425444968, 34.308200086785625 ], [ 131.508354986790636, 34.308000545438446 ], [ 131.50693685710209, 34.308828429025681 ], [ 131.506057395578352, 34.309752315442765 ], [ 131.504454654148901, 34.309694651886389 ], [ 131.503394185192718, 34.31055443464534 ], [ 131.503223388596894, 34.310838211583771 ], [ 131.503377678873079, 34.311176572553954 ], [ 131.503299754824866, 34.311480150923252 ], [ 131.50257608058655, 34.311104760503824 ], [ 131.502138410996508, 34.311324262662168 ], [ 131.502382651280215, 34.312049095302612 ], [ 131.502263760502018, 34.312386258237908 ], [ 131.50238307930104, 34.313103086983794 ], [ 131.502212387764814, 34.313372352343677 ], [ 131.501891819568527, 34.313481482544731 ], [ 131.499922973301523, 34.313253869983257 ], [ 131.499093026030295, 34.313459118702106 ], [ 131.498161831060202, 34.31396781227587 ], [ 131.497604337413435, 34.314630395962531 ], [ 131.49721022240044, 34.315949885496131 ], [ 131.498502285459125, 34.318696881859822 ], [ 131.498335099400293, 34.319115629996752 ], [ 131.497975551633289, 34.319142556783461 ], [ 131.49716728570138, 34.3185374567026 ], [ 131.495663328850867, 34.317813384571323 ], [ 131.495240088022058, 34.316786915979051 ], [ 131.495141522253505, 34.315623202703598 ], [ 131.493544390601841, 34.313809825585807 ], [ 131.492437718934355, 34.3128591697483 ], [ 131.491721070182706, 34.312576841466822 ], [ 131.490781970261423, 34.313148347792506 ], [ 131.489382485026596, 34.314353442511525 ], [ 131.488773715461207, 34.314071696897699 ], [ 131.488715302982285, 34.313882467355093 ], [ 131.489735153677714, 34.311457323871032 ], [ 131.489236344268193, 34.310907695573391 ], [ 131.487906195724378, 34.310940160552555 ], [ 131.486526139258501, 34.311220683251548 ], [ 131.484585207267344, 34.311219831737489 ], [ 131.483226670534862, 34.312539456469395 ], [ 131.482823124523605, 34.313551286373787 ], [ 131.482010019825395, 34.314829163746815 ], [ 131.48137455263776, 34.314885175221377 ], [ 131.481100439180125, 34.314704731535066 ], [ 131.48042914644995, 34.313269322015181 ], [ 131.479798648930313, 34.312709060008203 ], [ 131.480564701149831, 34.311321472709423 ], [ 131.481481447939814, 34.310561017503503 ], [ 131.48104969038809, 34.309877624870261 ], [ 131.480226446941117, 34.309455447465076 ], [ 131.480340607656927, 34.308670606737806 ], [ 131.481038694361303, 34.307547592283818 ], [ 131.482416513650151, 34.306855655058399 ], [ 131.482627500110311, 34.305050903438385 ], [ 131.482865709796442, 34.304739232411819 ], [ 131.483385890280886, 34.304529303211254 ], [ 131.484531646619644, 34.304679139960491 ], [ 131.483809143777705, 34.303677592862265 ], [ 131.482356389900161, 34.302954378957935 ], [ 131.480846789415438, 34.302467772611614 ], [ 131.480506601296099, 34.302439794331519 ], [ 131.479843554122027, 34.302827239428169 ], [ 131.479323874941826, 34.303300294200064 ], [ 131.479056719136452, 34.303950725961855 ], [ 131.478270115559496, 34.304072353392883 ], [ 131.476693649485298, 34.303757030223565 ], [ 131.47604737596086, 34.303375127708385 ], [ 131.475919507929405, 34.302996314324822 ], [ 131.475501591523255, 34.302867865956536 ], [ 131.474166435291949, 34.303788166981185 ], [ 131.474377413433018, 34.304245784541003 ], [ 131.474221839939332, 34.304696948990092 ], [ 131.473119106829216, 34.305047064947146 ], [ 131.473351591856698, 34.305758935091426 ], [ 131.471875330719826, 34.306311333016446 ], [ 131.470771292093161, 34.307132941431448 ], [ 131.47047389765055, 34.307631190788399 ], [ 131.469959374082265, 34.307780397074488 ], [ 131.469007524074811, 34.307609729268044 ], [ 131.468660909559532, 34.307725093057677 ], [ 131.468295212770585, 34.308244498111812 ], [ 131.467528913984154, 34.308755271211766 ], [ 131.466921350146634, 34.308756018660929 ], [ 131.466081182816708, 34.309012090959349 ], [ 131.466108337915244, 34.309525145699439 ], [ 131.464945211198, 34.310515951618747 ], [ 131.463685200657693, 34.310869464544567 ], [ 131.462529601103, 34.311577705187418 ], [ 131.461654690802362, 34.311603083340351 ], [ 131.460713906590172, 34.311984473085296 ], [ 131.459469050658015, 34.312088142443649 ], [ 131.456763062487312, 34.314021828019619 ], [ 131.456609486058795, 34.314220830358188 ], [ 131.456977277525766, 34.315024930562195 ], [ 131.457671559481042, 34.315928684901976 ], [ 131.456907521045736, 34.316778344786002 ], [ 131.457070553938138, 34.317322480987308 ], [ 131.4563516656209, 34.317470448423734 ], [ 131.455885759467833, 34.318054602540336 ], [ 131.455353415314619, 34.318191250740476 ], [ 131.454543716835076, 34.319260523747424 ], [ 131.454426730982192, 34.319678645834394 ], [ 131.454157603380963, 34.319942897363546 ], [ 131.454182522485695, 34.320153360648995 ], [ 131.453661607287216, 34.320733523890411 ], [ 131.453549030248553, 34.321683311192615 ], [ 131.453225110278623, 34.322377175359058 ], [ 131.452136055940059, 34.32228207310348 ], [ 131.451956020317994, 34.322524724713659 ], [ 131.450782442125643, 34.322176396660232 ], [ 131.450345802046684, 34.321730947981834 ], [ 131.450158501842054, 34.321264841607665 ], [ 131.449321298061307, 34.320586298227845 ], [ 131.449099114057248, 34.320559216656264 ], [ 131.448576060862308, 34.320862538001791 ], [ 131.447785675600102, 34.32174368327469 ], [ 131.447430942981924, 34.321868804655828 ], [ 131.447255878316412, 34.322576490797111 ], [ 131.446618449164816, 34.322720376822339 ], [ 131.446817745785268, 34.323609165791041 ], [ 131.44656968456772, 34.324006226893609 ], [ 131.445890616780133, 34.324341868132315 ], [ 131.445175322272718, 34.325011292965279 ], [ 131.443993592196705, 34.32534381854525 ], [ 131.443351940120806, 34.325729391647585 ], [ 131.443005464731044, 34.326185027254652 ], [ 131.442388140048536, 34.326583698181864 ], [ 131.44187028453527, 34.327567841108149 ], [ 131.440214882666936, 34.327620855943913 ], [ 131.438410931774285, 34.32813233641312 ], [ 131.437887913712018, 34.328420822563743 ], [ 131.437687277052675, 34.328991700749079 ], [ 131.438127044792225, 34.329837707732636 ], [ 131.437974056701677, 34.331318607888846 ], [ 131.438993040585189, 34.3325886974269 ], [ 131.43987413579751, 34.333341390610322 ], [ 131.440492533208669, 34.333337595540385 ], [ 131.441108439675588, 34.333632850253572 ], [ 131.441241231412306, 34.334224164878236 ], [ 131.44195614989647, 34.334647349158502 ], [ 131.443371162341748, 34.334622477196689 ], [ 131.444033902753262, 34.33568573714728 ], [ 131.443728809273608, 34.336756094736728 ], [ 131.44324205674809, 34.337227520458036 ], [ 131.443124654211601, 34.337946521605041 ], [ 131.442313962374811, 34.339346037736796 ], [ 131.442367663351945, 34.340082673210134 ], [ 131.44368747108345, 34.340892444509059 ], [ 131.443910560150243, 34.341157186568068 ], [ 131.443947982240189, 34.341516621477417 ], [ 131.443452898434288, 34.342727977550453 ], [ 131.442754280943262, 34.343768380051763 ], [ 131.441807176250961, 34.345755619544278 ], [ 131.441632483010494, 34.346664441705961 ], [ 131.441940376511582, 34.34837314571444 ], [ 131.441164814112483, 34.349296859385326 ], [ 131.439837479587226, 34.3485112559055 ], [ 131.437703374283132, 34.349869053096015 ], [ 131.435641184400282, 34.350702517202365 ], [ 131.435530897124124, 34.353044904087504 ], [ 131.434096932533464, 34.353824486224745 ], [ 131.433296361936073, 34.353996202031432 ], [ 131.43246196002687, 34.353752573084094 ], [ 131.431348511972487, 34.353895775461204 ], [ 131.430271810496549, 34.354575328399299 ], [ 131.430065506608599, 34.355052471503207 ], [ 131.42912544490261, 34.354800295631307 ], [ 131.428716220958279, 34.354301698128296 ], [ 131.428035611951884, 34.354379719663669 ], [ 131.426743868120326, 34.355008074948692 ], [ 131.425081064681962, 34.354912510809797 ], [ 131.421805123443306, 34.355906012147507 ], [ 131.419887440365301, 34.357162535663988 ], [ 131.419815933934387, 34.357401571521827 ], [ 131.419997246201689, 34.357814571189401 ], [ 131.42143154144685, 34.359137881155903 ], [ 131.422584534947106, 34.359092921526326 ], [ 131.424520137609534, 34.358387804641865 ], [ 131.426254054335686, 34.359250265147026 ], [ 131.426972197256305, 34.360220810395475 ], [ 131.427031865912511, 34.360553756696326 ], [ 131.424952168837393, 34.361733458911196 ], [ 131.423960645554672, 34.363197929465784 ], [ 131.423899380580309, 34.364732135978805 ], [ 131.422805852338172, 34.365401501231894 ], [ 131.422736203026091, 34.366093849224157 ], [ 131.421821131745304, 34.36763413381847 ], [ 131.421825354179902, 34.368587530787963 ], [ 131.422084718653196, 34.369543464062041 ], [ 131.421881925759408, 34.37089045908786 ], [ 131.422276357240378, 34.371538023394955 ], [ 131.424062482964359, 34.372488166543242 ], [ 131.425411268687725, 34.372522683773717 ], [ 131.426965215388321, 34.372989755705134 ], [ 131.428833196698605, 34.373188801672981 ], [ 131.430140499145608, 34.373519395726277 ], [ 131.431509020744187, 34.373455920807572 ], [ 131.432354835391777, 34.373649332525673 ], [ 131.433624453715964, 34.374183493009724 ], [ 131.435496340002231, 34.376792227909299 ], [ 131.435838073506261, 34.377048529274596 ], [ 131.436991190745687, 34.377448981784809 ], [ 131.439137237660418, 34.377543172801914 ], [ 131.439652572507498, 34.378552568722441 ], [ 131.439834967414413, 34.379496032316744 ], [ 131.439538735999832, 34.380007301086771 ], [ 131.438495444889554, 34.38050609758033 ], [ 131.439597630319213, 34.381921289242747 ], [ 131.440839115424751, 34.382399142531177 ], [ 131.440925011530254, 34.382821821568363 ], [ 131.440718397628387, 34.383619296475395 ], [ 131.439832749375398, 34.384501202199026 ], [ 131.439924093363629, 34.38508942931719 ], [ 131.439289181236319, 34.385641789048286 ], [ 131.438792957516313, 34.385678703649262 ], [ 131.438590150730818, 34.385238283580385 ], [ 131.438281819849664, 34.385053889452344 ], [ 131.438043792477146, 34.386698326271976 ], [ 131.436567648750184, 34.387359897953864 ], [ 131.43631736738152, 34.387632242959675 ], [ 131.436259257834109, 34.387974194417716 ], [ 131.436780490475002, 34.388630485432564 ], [ 131.438910277378795, 34.389627234113213 ], [ 131.439080367279416, 34.38987362834942 ], [ 131.438884747140492, 34.390191802577185 ], [ 131.438941333744395, 34.390417519669569 ], [ 131.43945428848383, 34.390837098503951 ], [ 131.439505496313103, 34.39128238909084 ], [ 131.438929195757908, 34.392223028165731 ], [ 131.43840162626654, 34.394285083356557 ], [ 131.437757174388366, 34.394732011253716 ], [ 131.43758087979694, 34.395210177248131 ], [ 131.437862276217345, 34.395722338721498 ], [ 131.438000607504563, 34.396447760105332 ], [ 131.439930543700825, 34.398689940729923 ], [ 131.441830982010515, 34.399970536237582 ], [ 131.443222437427835, 34.399961588296868 ], [ 131.444137022225789, 34.400149554336437 ], [ 131.444624037263509, 34.399790550154506 ], [ 131.445112104214644, 34.398902181233971 ], [ 131.44566421052744, 34.398551443474588 ], [ 131.446765402399251, 34.398191397012418 ], [ 131.447336704757191, 34.397372950439987 ], [ 131.447935986662969, 34.396858229856143 ], [ 131.448271864868843, 34.396809632425338 ], [ 131.448922546835064, 34.397420156958667 ], [ 131.45045783650923, 34.39761664575483 ], [ 131.451402749815514, 34.397468068231674 ], [ 131.452549140423002, 34.397523364238836 ], [ 131.452995423866099, 34.398234092293649 ], [ 131.455593220292428, 34.399450222083011 ], [ 131.457173225763057, 34.401757581133204 ], [ 131.457320647121435, 34.402249062248224 ], [ 131.457082237873408, 34.402749718307213 ], [ 131.456113351556922, 34.403280368964026 ], [ 131.455915195203147, 34.403906779219753 ], [ 131.455926645670104, 34.404180690108753 ], [ 131.457029636091448, 34.404084396330816 ], [ 131.457221565875841, 34.404199609918244 ], [ 131.457195717727558, 34.404809976583842 ], [ 131.457633295806488, 34.405200457638813 ], [ 131.457788122251571, 34.405629166245191 ], [ 131.456708243075298, 34.407066226679078 ], [ 131.456979348055654, 34.407592667584062 ], [ 131.455775119883413, 34.409063366777914 ], [ 131.45645228747324, 34.410447789859901 ], [ 131.45706112776233, 34.410959146443751 ], [ 131.458249363732591, 34.411490057057584 ], [ 131.45907853710986, 34.412264833870474 ], [ 131.459264775365227, 34.413108433523874 ], [ 131.45960658014539, 34.413619501384623 ], [ 131.460930056335343, 34.414206110314545 ], [ 131.461292082067615, 34.414166927185519 ], [ 131.461792850218046, 34.414557620737796 ], [ 131.462350823717486, 34.414192472673314 ], [ 131.462314701680242, 34.41390912412615 ], [ 131.462567434810069, 34.413636877265311 ], [ 131.463164299611947, 34.413842598652913 ], [ 131.463699201741491, 34.413470973723904 ], [ 131.465922651102858, 34.414861409880842 ], [ 131.467555260755688, 34.41517404188042 ], [ 131.4689086095986, 34.414469561763475 ] ] ] } },
{ "type": "Feature", "properties": { "CITY_NAME": "萩市", "S_NAME": "大字江崎", "JINKO": 0, "medical_area": "35_萩医療圏", "町丁目名": "萩市大字江崎" }, "geometry": { "type": "Polygon", "coordinates": [ [ [ 131.662026222334134, 34.645715893793174 ], [ 131.662570854550836, 34.644349948532394 ], [ 131.662375991645575, 34.644285137027993 ], [ 131.662174826955209, 34.643776258372192 ], [ 131.66179478068392, 34.64353358827357 ], [ 131.66186750445911, 34.64287308894702 ], [ 131.661686455731029, 34.642689335637023 ], [ 131.660900552182, 34.64277713379942 ], [ 131.661111451985676, 34.643228029365439 ], [ 131.660329369129499, 34.643495603058824 ], [ 131.660538764891214, 34.643622558188234 ], [ 131.660945018496079, 34.6444008717339 ], [ 131.660795977935521, 34.644610155414775 ], [ 131.660964967288777, 34.644918070409084 ], [ 131.661135319135411, 34.644893027191628 ], [ 131.662026222334134, 34.645715893793174 ] ] ] } },
{ "type": "Feature", "properties": { "CITY_NAME": "萩市", "S_NAME": "大字江崎", "JINKO": 585, "medical_area": "35_萩医療圏", "町丁目名": "萩市大字江崎" }, "geometry": { "type": "Polygon", "coordinates": [ [ [ 131.628301537221489, 34.665458235291645 ], [ 131.62955687033562, 34.6651986713347 ], [ 131.6294051742926, 34.665034887335899 ], [ 131.629456875515842, 34.664803399307509 ], [ 131.629682334522499, 34.664526757230604 ], [ 131.629880939254889, 34.66452129245075 ], [ 131.629865691871032, 34.66401088888054 ], [ 131.630177695057654, 34.663677014543808 ], [ 131.630086221517473, 34.663315022959608 ], [ 131.630512470818957, 34.663201533584726 ], [ 131.631518024153252, 34.663264549397802 ], [ 131.631929803331673, 34.66353230029835 ], [ 131.631989470144134, 34.663757938348567 ], [ 131.632513078059588, 34.663602469991289 ], [ 131.632398581258684, 34.663937356468146 ], [ 131.633126047066014, 34.664492291764581 ], [ 131.633331583097799, 34.664422760889153 ], [ 131.633440449479821, 34.664633400344904 ], [ 131.633647624900505, 34.664481050353878 ], [ 131.634434161033965, 34.664505191994003 ], [ 131.634585166607621, 34.664265121174346 ], [ 131.634403977961512, 34.663933450015115 ], [ 131.634901082991945, 34.663489374389357 ], [ 131.634792071513004, 34.663307752815342 ], [ 131.635050101606112, 34.66321957291543 ], [ 131.634780010652065, 34.662974143507654 ], [ 131.634765316044707, 34.662712643058121 ], [ 131.635680392944778, 34.662760721723508 ], [ 131.635563017596837, 34.662520466092751 ], [ 131.636179723830622, 34.662479907088411 ], [ 131.636448392170621, 34.662266546591418 ], [ 131.636266936303912, 34.661976289353532 ], [ 131.636949202145047, 34.661745851352336 ], [ 131.637355965121714, 34.661778184231814 ], [ 131.637455159158719, 34.661279266058074 ], [ 131.637639668029976, 34.661431491295509 ], [ 131.637478013851563, 34.661632642847437 ], [ 131.637788759324764, 34.661832322213797 ], [ 131.638367746225924, 34.661549168738183 ], [ 131.638544128224169, 34.661605713527543 ], [ 131.638576321348523, 34.661348078308414 ], [ 131.639672895408069, 34.661679196582647 ], [ 131.639901627670042, 34.661397056568475 ], [ 131.639757439417195, 34.661075553938836 ], [ 131.64044188274903, 34.661192043857774 ], [ 131.640623415455423, 34.660953083508559 ], [ 131.640474012502807, 34.660599866336931 ], [ 131.640721687819735, 34.660421619865659 ], [ 131.64066334733306, 34.660158100562811 ], [ 131.640866497512746, 34.659950786487983 ], [ 131.640530833631829, 34.659722129929307 ], [ 131.641236586472559, 34.659918012747575 ], [ 131.641990866217839, 34.659339792279617 ], [ 131.642261549081923, 34.658451285747695 ], [ 131.642124507492753, 34.658043187294162 ], [ 131.641627139821253, 34.657500142290033 ], [ 131.641576569447551, 34.657214119220441 ], [ 131.641734152561924, 34.657141833391442 ], [ 131.641271164158383, 34.656689929647236 ], [ 131.641279078134119, 34.656300485511316 ], [ 131.641744742586496, 34.65598344566753 ], [ 131.642697210592416, 34.656321948025486 ], [ 131.643187344821229, 34.656273628180237 ], [ 131.643287367329123, 34.655981913935115 ], [ 131.643691959417396, 34.65565727944567 ], [ 131.643687596869142, 34.655313844220082 ], [ 131.642922249412038, 34.654537093373698 ], [ 131.642940018116207, 34.653447194337161 ], [ 131.6426991954703, 34.653055835230525 ], [ 131.642438339058089, 34.65290230200101 ], [ 131.642024045490814, 34.653036729232227 ], [ 131.641403955266526, 34.652936580426555 ], [ 131.64088781828633, 34.652435849077428 ], [ 131.640750066722916, 34.651967459210724 ], [ 131.640345003719744, 34.651673564793057 ], [ 131.64012669397286, 34.65117496293405 ], [ 131.640184322515069, 34.650687555401518 ], [ 131.64097200420278, 34.64964606127468 ], [ 131.639705916973924, 34.649231389363138 ], [ 131.639613219509272, 34.648883909220842 ], [ 131.640590580910526, 34.648027201644837 ], [ 131.640808748537268, 34.648028144406311 ], [ 131.641035426575399, 34.647889390517697 ], [ 131.640611714966894, 34.647966863539907 ], [ 131.639698549360986, 34.647292138410918 ], [ 131.638270859969083, 34.646907317068525 ], [ 131.63803949112895, 34.646241030602212 ], [ 131.638658672706612, 34.645616328508048 ], [ 131.639761614961941, 34.645945649964652 ], [ 131.640521738531959, 34.645806388162811 ], [ 131.64050909259106, 34.64556208177612 ], [ 131.639850545163142, 34.645164402378967 ], [ 131.640014445149063, 34.6447774644096 ], [ 131.641019700705868, 34.645197348040824 ], [ 131.641515518582452, 34.6451093381894 ], [ 131.641794332745803, 34.644830229469569 ], [ 131.642148620787793, 34.644866831858351 ], [ 131.643856930460515, 34.644336095228489 ], [ 131.643980227326239, 34.643810087462491 ], [ 131.644418241592462, 34.643195281344212 ], [ 131.644364256403719, 34.64223860571272 ], [ 131.643993316795672, 34.641727660305712 ], [ 131.644274567728303, 34.641580119809632 ], [ 131.643772906395583, 34.640872956361441 ], [ 131.644370917107693, 34.640832282036335 ], [ 131.64490939198123, 34.641581013644618 ], [ 131.645407488569617, 34.641472292235093 ], [ 131.645259617869215, 34.641047105346281 ], [ 131.646477762011642, 34.640739470598803 ], [ 131.646197866257182, 34.639977344922841 ], [ 131.646570063318023, 34.639933862277964 ], [ 131.646973110358687, 34.6407190228582 ], [ 131.647210030994131, 34.640684848144097 ], [ 131.647031678873446, 34.640772406103892 ], [ 131.647332149763656, 34.641216413030108 ], [ 131.647486290697458, 34.640987187217654 ], [ 131.647350934005289, 34.640651220920837 ], [ 131.648257467232355, 34.640984976694533 ], [ 131.649752839567952, 34.640820096328142 ], [ 131.650039517280845, 34.641024094639924 ], [ 131.650300714429648, 34.640946883068125 ], [ 131.650370186316366, 34.641039721870477 ], [ 131.650041531284728, 34.641227927243001 ], [ 131.648384304958995, 34.641813210619866 ], [ 131.647632579149473, 34.642541076578624 ], [ 131.648113355668897, 34.643801567810364 ], [ 131.648955562978642, 34.645186278583481 ], [ 131.649582192584148, 34.644932009201995 ], [ 131.64985513204175, 34.644194919370108 ], [ 131.650734435297267, 34.643822687006413 ], [ 131.650100483335081, 34.645257901256855 ], [ 131.650527251522561, 34.645569740801065 ], [ 131.650848819418144, 34.645606315690316 ], [ 131.650992916731582, 34.646117118972469 ], [ 131.651801995521112, 34.646346897940127 ], [ 131.651932435274801, 34.646600713889633 ], [ 131.650743366533703, 34.646429898678598 ], [ 131.650282921431, 34.646098902038851 ], [ 131.649798825006371, 34.646406882866387 ], [ 131.649721027507297, 34.646995206047123 ], [ 131.649381830617671, 34.647161531230509 ], [ 131.648435504764564, 34.647074547826428 ], [ 131.64774913625871, 34.646757935018876 ], [ 131.646580802520049, 34.646767317622796 ], [ 131.646028347091118, 34.647366285993854 ], [ 131.645312911642463, 34.647166724069052 ], [ 131.644834670958176, 34.647406249114709 ], [ 131.644258537442937, 34.648821813250549 ], [ 131.644184861030965, 34.649615805870198 ], [ 131.644594579912479, 34.650383840910379 ], [ 131.644632427599987, 34.650783340037052 ], [ 131.645065271254481, 34.650997893698467 ], [ 131.645054364588304, 34.651344080140767 ], [ 131.6453485185543, 34.651406614188595 ], [ 131.64519997828711, 34.651608815943483 ], [ 131.645450795277128, 34.651793853417104 ], [ 131.645403048343439, 34.652449913687818 ], [ 131.645993086425449, 34.653348447627963 ], [ 131.646070197602313, 34.653052267189921 ], [ 131.646441911683326, 34.653449531567993 ], [ 131.646294443940292, 34.653132529902983 ], [ 131.646272765312688, 34.652238119333653 ], [ 131.646447668354739, 34.652181255832389 ], [ 131.646832855695152, 34.652693094329052 ], [ 131.648381979605801, 34.653211715003806 ], [ 131.648890271471885, 34.65304977166695 ], [ 131.648867583772869, 34.653189408060591 ], [ 131.649028927187629, 34.653209107966511 ], [ 131.649201946106217, 34.652927700624915 ], [ 131.649632900772446, 34.653278295264315 ], [ 131.649794565136347, 34.652889644368337 ], [ 131.650323476405788, 34.653270513511309 ], [ 131.650551293263504, 34.653126250408768 ], [ 131.650531554448207, 34.653319989670052 ], [ 131.65075608368636, 34.653527439201916 ], [ 131.650832869191618, 34.653287880377597 ], [ 131.651566557265198, 34.653364929879054 ], [ 131.651844963944455, 34.653860099835754 ], [ 131.652170498989392, 34.653439597460419 ], [ 131.653049145608861, 34.653540632847047 ], [ 131.653693842050501, 34.654256516030792 ], [ 131.653897696986633, 34.654106793744383 ], [ 131.653997414724699, 34.653678154762829 ], [ 131.654256022539215, 34.653847708924999 ], [ 131.654390181292598, 34.653500348245586 ], [ 131.654735037308711, 34.653656881716806 ], [ 131.655046740540286, 34.653312503449477 ], [ 131.654923629903692, 34.651905129414921 ], [ 131.65605690802397, 34.650800332311448 ], [ 131.656329532947922, 34.649647903821148 ], [ 131.656218799330844, 34.648787685097119 ], [ 131.656372687640868, 34.648514159712335 ], [ 131.657039721017213, 34.648061424377033 ], [ 131.657095801471201, 34.646986964413962 ], [ 131.657497164349422, 34.64599515901903 ], [ 131.657534192807788, 34.645303558905006 ], [ 131.656975078336814, 34.643621726339916 ], [ 131.656681134992539, 34.643350046523445 ], [ 131.65584183816722, 34.643098903807243 ], [ 131.655546888526544, 34.642787266588158 ], [ 131.655428577310175, 34.642336921446685 ], [ 131.65517589853954, 34.642274558980269 ], [ 131.655110787185976, 34.64186500314667 ], [ 131.655526413371973, 34.641168406715416 ], [ 131.656006687749141, 34.639822206327707 ], [ 131.65578284525327, 34.63927777091439 ], [ 131.656129958611984, 34.638956519183282 ], [ 131.656173535213867, 34.638535214246993 ], [ 131.656411514843427, 34.638398766208908 ], [ 131.656810308529117, 34.638574227606782 ], [ 131.657170292660538, 34.638104405467111 ], [ 131.657101085701044, 34.637826491793405 ], [ 131.657269739522235, 34.637565831369642 ], [ 131.657580352379682, 34.63744210076478 ], [ 131.658008309996546, 34.636750816616257 ], [ 131.657918546909372, 34.634927572166475 ], [ 131.657268067112454, 34.634591296505768 ], [ 131.656571356625165, 34.634730226373797 ], [ 131.65322178124174, 34.634778412756006 ], [ 131.652386105008901, 34.634506828608629 ], [ 131.651914558484975, 34.634520472120862 ], [ 131.651852204157308, 34.632861427841533 ], [ 131.651178752763059, 34.631809302952526 ], [ 131.645979201055752, 34.627843443403933 ], [ 131.644695006641712, 34.626620322729075 ], [ 131.643870592964078, 34.62558764044055 ], [ 131.64330762966577, 34.625960751917951 ], [ 131.64242898470215, 34.626070495443884 ], [ 131.641902806151052, 34.625640284035221 ], [ 131.64165187398055, 34.625176186791244 ], [ 131.640984891900359, 34.625269367479561 ], [ 131.64010780973905, 34.625125831079146 ], [ 131.638816410557382, 34.624368864764911 ], [ 131.638338228989539, 34.624496658638925 ], [ 131.637661929351196, 34.625272821648203 ], [ 131.636654545389177, 34.625797929196239 ], [ 131.636144129509916, 34.627112056844226 ], [ 131.635754701149978, 34.628777882908224 ], [ 131.636002470139942, 34.62952750886226 ], [ 131.635996888087362, 34.630884412241322 ], [ 131.637070033555659, 34.631652992539593 ], [ 131.637339923431, 34.632323687562184 ], [ 131.637387517476782, 34.633556158368314 ], [ 131.63657794223974, 34.634446259175355 ], [ 131.636791853746189, 34.635679455520147 ], [ 131.637959358496346, 34.63615290809323 ], [ 131.638073644994165, 34.637558922603603 ], [ 131.639188399872893, 34.638582051905345 ], [ 131.637990083590097, 34.639075918059369 ], [ 131.636990847973095, 34.640227477820403 ], [ 131.636262090836937, 34.638574389724077 ], [ 131.635695691689875, 34.638510923954072 ], [ 131.635398443637627, 34.638754020771714 ], [ 131.635503714995536, 34.639630357973225 ], [ 131.6363516188446, 34.63999029807168 ], [ 131.635667586595787, 34.640985458103351 ], [ 131.634591995060788, 34.63961608951405 ], [ 131.633005223239877, 34.639191624488298 ], [ 131.632843105366248, 34.639496441956389 ], [ 131.633157394906164, 34.640444974202389 ], [ 131.632799852621361, 34.640473831501666 ], [ 131.632608719102251, 34.639536122116148 ], [ 131.632323315425879, 34.639850540044286 ], [ 131.632232066109509, 34.640624172820253 ], [ 131.632599048561275, 34.641043298396632 ], [ 131.63262195480425, 34.641318360712653 ], [ 131.632298145461334, 34.642808802708466 ], [ 131.631186753684062, 34.643180718448463 ], [ 131.630901527858811, 34.643464565685079 ], [ 131.630052797512633, 34.645141296808305 ], [ 131.628930828869841, 34.645238181970484 ], [ 131.628090741310132, 34.645570414843093 ], [ 131.62770608808006, 34.645986219285668 ], [ 131.626595759930382, 34.64618511690211 ], [ 131.62597067764122, 34.646615060382047 ], [ 131.628024939103369, 34.647174095209316 ], [ 131.62840755083036, 34.647622456374251 ], [ 131.628399409036916, 34.647992318401833 ], [ 131.629104113934574, 34.648166158439132 ], [ 131.6290265467224, 34.648630653097918 ], [ 131.629265260113357, 34.648987380263819 ], [ 131.628901779314475, 34.649732752361871 ], [ 131.629891819745723, 34.651020220751938 ], [ 131.62961281213336, 34.652668597366478 ], [ 131.630496316901969, 34.653524985667886 ], [ 131.630005275373122, 34.654236706859862 ], [ 131.630087925314768, 34.655079143589163 ], [ 131.629761872342385, 34.656214319204551 ], [ 131.632435467474409, 34.657179155012045 ], [ 131.633120530919626, 34.657597981923885 ], [ 131.633468658347113, 34.658250988962543 ], [ 131.632274527372289, 34.657421011140492 ], [ 131.632214686201593, 34.657601050899096 ], [ 131.632530252690458, 34.658087421152146 ], [ 131.633230066149622, 34.658832122752585 ], [ 131.633421634444829, 34.659695876830853 ], [ 131.632321418836767, 34.659912771000279 ], [ 131.631756260353768, 34.660409362693628 ], [ 131.630585246420878, 34.659898241659882 ], [ 131.62827510325971, 34.659954401215998 ], [ 131.626605311326017, 34.658736157178588 ], [ 131.625636523402733, 34.658435763232369 ], [ 131.623876662398231, 34.661328441696213 ], [ 131.62303624649897, 34.663098136773421 ], [ 131.623209164539929, 34.664232132719455 ], [ 131.622945522711831, 34.664785385097318 ], [ 131.622995192385645, 34.665004644410132 ], [ 131.623303298322242, 34.664776133117442 ], [ 131.623679890190175, 34.664750765456134 ], [ 131.623696200152409, 34.664426295103844 ], [ 131.624242587308231, 34.663963464833159 ], [ 131.625614469187582, 34.664570048416287 ], [ 131.625592260487593, 34.664963937404394 ], [ 131.625791682059457, 34.665173859188307 ], [ 131.626089991171028, 34.665107568959364 ], [ 131.627270232505424, 34.665491428398958 ], [ 131.627723155894103, 34.665302424264624 ], [ 131.628301537221489, 34.665458235291645 ] ] ] } },
{ "type": "Feature", "properties": { "CITY_NAME": "萩市", "S_NAME": "大字下田万", "JINKO": 777, "medical_area": "35_萩医療圏", "町丁目名": "萩市大字下田万" }, "geometry": { "type": "Polygon", "coordinates": [ [ [ 131.690124243059699, 34.681488894407096 ], [ 131.689555930736219, 34.678193667198016 ], [ 131.688944127229149, 34.677492187129168 ], [ 131.689111565520903, 34.6771284357811 ], [ 131.688619639627206, 34.676397982744291 ], [ 131.688298553579841, 34.674711754524168 ], [ 131.688246830636871, 34.67411965586539 ], [ 131.688805319386233, 34.673406692966061 ], [ 131.688326838351799, 34.671814505678142 ], [ 131.687551369875962, 34.671565383858962 ], [ 131.687018076040573, 34.670712915121925 ], [ 131.686856489203393, 34.669903599721962 ], [ 131.686454156961474, 34.669525081735259 ], [ 131.685875327204997, 34.669330533483361 ], [ 131.684916275669195, 34.669729609220411 ], [ 131.684001747358423, 34.669132288476547 ], [ 131.683822750730997, 34.668789719777642 ], [ 131.684445006733881, 34.668177328837167 ], [ 131.684423394710052, 34.667122921350774 ], [ 131.685064951607075, 34.66668597199066 ], [ 131.685678420893112, 34.666642468818409 ], [ 131.687263319877104, 34.665640153183581 ], [ 131.688360452451434, 34.664660276378456 ], [ 131.689104639485407, 34.664360904156425 ], [ 131.689520363617476, 34.663683590598417 ], [ 131.69012383119744, 34.663438738413845 ], [ 131.689509644609473, 34.662650352543253 ], [ 131.68962246663034, 34.661977912279504 ], [ 131.689321140723109, 34.660733088610982 ], [ 131.68847726927001, 34.660391163925766 ], [ 131.688286866912364, 34.660097430581054 ], [ 131.688615656829, 34.658479672556382 ], [ 131.689059189282688, 34.657779359380783 ], [ 131.688802396784439, 34.657470154720947 ], [ 131.688855203881019, 34.656956081777537 ], [ 131.690351016099186, 34.656646106846651 ], [ 131.69081517736322, 34.656202231933072 ], [ 131.691455084291363, 34.6560430119548 ], [ 131.693690593707913, 34.656187605694697 ], [ 131.694076053129066, 34.656461237550147 ], [ 131.695271261512886, 34.656059185677485 ], [ 131.695432482018958, 34.655129141387491 ], [ 131.696187216618114, 34.653909658525471 ], [ 131.696625389143065, 34.652512181234748 ], [ 131.696501240420417, 34.652258298671271 ], [ 131.694438813426331, 34.650915155534761 ], [ 131.6946095932893, 34.650438301277198 ], [ 131.694391308759265, 34.6495263824565 ], [ 131.694879443029606, 34.648762272913281 ], [ 131.695507788281731, 34.648670035172223 ], [ 131.696094649194379, 34.649055287892416 ], [ 131.696408937483255, 34.648992545369175 ], [ 131.696995850876647, 34.648390511839757 ], [ 131.698110808813112, 34.648458875250007 ], [ 131.700419430093433, 34.649838532432327 ], [ 131.700880185966952, 34.649376437042882 ], [ 131.700925156677101, 34.649062492116443 ], [ 131.700227626862926, 34.647694769849252 ], [ 131.699053485560228, 34.646660326565964 ], [ 131.698572646435309, 34.645802344802711 ], [ 131.697912266567585, 34.645680791042558 ], [ 131.697166888867827, 34.643936916648734 ], [ 131.697298725965965, 34.643151570480846 ], [ 131.697056188118324, 34.642614954750087 ], [ 131.697118575612393, 34.642032319964066 ], [ 131.697330390671709, 34.641798179061205 ], [ 131.697933074623705, 34.641663150541532 ], [ 131.698218098280392, 34.641217014767555 ], [ 131.698093638529485, 34.640368145682167 ], [ 131.697678759542384, 34.639608312605411 ], [ 131.697423591348979, 34.638040138476825 ], [ 131.69763934476785, 34.635788630397762 ], [ 131.696975614452498, 34.635296180172546 ], [ 131.696646091822629, 34.634797543944245 ], [ 131.696240211006284, 34.635222224733212 ], [ 131.695516563465816, 34.635624131881563 ], [ 131.692821042375641, 34.636371277308839 ], [ 131.69186382367073, 34.636274181986856 ], [ 131.690576384796714, 34.635613344442319 ], [ 131.688954872712884, 34.635051904440978 ], [ 131.686680220886558, 34.635297264545954 ], [ 131.684644769644194, 34.633664730579319 ], [ 131.683111688991687, 34.632715195254661 ], [ 131.68183084527783, 34.632206828867545 ], [ 131.68044584766298, 34.631969049478897 ], [ 131.679663992601519, 34.632140885196158 ], [ 131.67770294089712, 34.633653640414252 ], [ 131.676796942550254, 34.634117668119082 ], [ 131.675580611355969, 34.634449161166465 ], [ 131.673568626235721, 34.634490221448416 ], [ 131.67074765976318, 34.634246377967273 ], [ 131.668265822440986, 34.633730297998234 ], [ 131.666626840811318, 34.633095921324546 ], [ 131.666362181960295, 34.633919430524919 ], [ 131.665491148677376, 34.634058124853411 ], [ 131.664739278895297, 34.634458457324001 ], [ 131.66302242938977, 34.634938195176005 ], [ 131.662456252071422, 34.631669316946422 ], [ 131.662303107761602, 34.628455387366394 ], [ 131.662391759371388, 34.627222524984589 ], [ 131.662925511220863, 34.626234623766841 ], [ 131.66160011048575, 34.62565133746061 ], [ 131.660880258314563, 34.62512928698338 ], [ 131.658862680885619, 34.621342027180923 ], [ 131.656459956333094, 34.617565056358842 ], [ 131.655870810465274, 34.617468199786444 ], [ 131.655254823884547, 34.618637429717673 ], [ 131.654758665269327, 34.618886915648858 ], [ 131.652987442995624, 34.617644777555654 ], [ 131.65316432489962, 34.614409365755165 ], [ 131.652469500363253, 34.612935817899995 ], [ 131.652205651595636, 34.611758920632425 ], [ 131.649042381480228, 34.607656311703245 ], [ 131.648289505771345, 34.608588846033129 ], [ 131.647554852689495, 34.609868961028461 ], [ 131.647665757617233, 34.611348637298562 ], [ 131.647237021343614, 34.612449196131216 ], [ 131.647364469822946, 34.612755275487039 ], [ 131.647793452348196, 34.613093213303102 ], [ 131.647410074551772, 34.613837582816679 ], [ 131.646032599034953, 34.614483450033504 ], [ 131.643949757180508, 34.615159366370257 ], [ 131.64332857621082, 34.615996797077415 ], [ 131.643248979925573, 34.616902910451749 ], [ 131.643015263296633, 34.617342381770193 ], [ 131.643023827611273, 34.61793813063241 ], [ 131.643287488532366, 34.618122532159745 ], [ 131.643345508623781, 34.618698210461979 ], [ 131.642711044828957, 34.619197085757136 ], [ 131.642690444340303, 34.619532956246076 ], [ 131.642003387918805, 34.620556169428994 ], [ 131.64215426764278, 34.621050683645869 ], [ 131.642582870811765, 34.62145990831489 ], [ 131.642589709320958, 34.622330604835824 ], [ 131.642276853072389, 34.622617033964033 ], [ 131.642263006637592, 34.622861369967161 ], [ 131.642735167292614, 34.623194293228586 ], [ 131.643521663384831, 34.623039639362112 ], [ 131.643753730082068, 34.623136848113603 ], [ 131.644141617309685, 34.624540515041282 ], [ 131.643870592964078, 34.62558764044055 ], [ 131.644695006641712, 34.626620322729075 ], [ 131.645979201055752, 34.627843443403933 ], [ 131.651178752763059, 34.631809302952526 ], [ 131.651852204157308, 34.632861427841533 ], [ 131.651914558484975, 34.634520472120862 ], [ 131.652386105008901, 34.634506828608629 ], [ 131.65322178124174, 34.634778412756006 ], [ 131.656571356625165, 34.634730226373797 ], [ 131.657268067112454, 34.634591296505768 ], [ 131.657948273515814, 34.634999393575121 ], [ 131.658008309996546, 34.636750816616257 ], [ 131.657580352379682, 34.63744210076478 ], [ 131.657269739522235, 34.637565831369642 ], [ 131.657101085701044, 34.637826491793405 ], [ 131.657170292660538, 34.638104405467111 ], [ 131.656810308529117, 34.638574227606782 ], [ 131.656411514843427, 34.638398766208908 ], [ 131.656173535213867, 34.638535214246993 ], [ 131.656129958611984, 34.638956519183282 ], [ 131.65578284525327, 34.63927777091439 ], [ 131.656006687749141, 34.639822206327707 ], [ 131.655526413371973, 34.641168406715416 ], [ 131.655110787185976, 34.64186500314667 ], [ 131.65517589853954, 34.642274558980269 ], [ 131.655428577310175, 34.642336921446685 ], [ 131.655546888526544, 34.642787266588158 ], [ 131.65584183816722, 34.643098903807243 ], [ 131.656681134992539, 34.643350046523445 ], [ 131.656975078336814, 34.643621726339916 ], [ 131.657543700776046, 34.645500270477086 ], [ 131.657421454335235, 34.645592103163928 ], [ 131.657525624209825, 34.645609346810986 ], [ 131.657472207406386, 34.646089090576595 ], [ 131.65712941337415, 34.646806971407351 ], [ 131.657039721017213, 34.648061424377033 ], [ 131.656372687640868, 34.648514159712335 ], [ 131.656218799330844, 34.648787685097119 ], [ 131.656329532947922, 34.649647903821148 ], [ 131.656040705950375, 34.650841533106657 ], [ 131.655145441761277, 34.651591535028096 ], [ 131.654909060415065, 34.651968173232973 ], [ 131.655046740540286, 34.653312503449477 ], [ 131.655274477353117, 34.653396722244878 ], [ 131.655154313535405, 34.653596379703409 ], [ 131.655284103637939, 34.653959355471564 ], [ 131.655424848241267, 34.653954593002062 ], [ 131.655438077509615, 34.653576862288126 ], [ 131.655752911491476, 34.654188525508886 ], [ 131.655953759969947, 34.653986528250485 ], [ 131.656316744951312, 34.654036643774717 ], [ 131.656155687105979, 34.654504751082499 ], [ 131.656344363991053, 34.65451554064451 ], [ 131.656396100963235, 34.654793391309063 ], [ 131.656683407364881, 34.654912633116965 ], [ 131.656422574998089, 34.655104520055986 ], [ 131.656664454529931, 34.655154269042974 ], [ 131.656419837835045, 34.655196489947592 ], [ 131.655920408818275, 34.655866019539609 ], [ 131.655201275370928, 34.65625248521733 ], [ 131.655215166551585, 34.657008817977434 ], [ 131.655464640731935, 34.657425540357899 ], [ 131.655994920176596, 34.657773006665487 ], [ 131.656372821209345, 34.65645656429448 ], [ 131.656901138241039, 34.656233396820134 ], [ 131.657258264966629, 34.656351238570309 ], [ 131.65750540487798, 34.656078156531258 ], [ 131.657717496247358, 34.656358506649354 ], [ 131.657951408360219, 34.656290038104331 ], [ 131.658197601791869, 34.656527285631192 ], [ 131.65855190617998, 34.656389028520287 ], [ 131.65883803280974, 34.655983699127745 ], [ 131.659221017390763, 34.656334060559566 ], [ 131.659608474664708, 34.656132833091405 ], [ 131.659466591979509, 34.655960112512368 ], [ 131.659225108894987, 34.656019537483083 ], [ 131.659594405797151, 34.655755974574944 ], [ 131.65955824267445, 34.655599048093237 ], [ 131.65985317499144, 34.655538012695082 ], [ 131.659710947280331, 34.655429241782116 ], [ 131.659832108011955, 34.655239585029733 ], [ 131.6602023283113, 34.654991377046933 ], [ 131.660531367506678, 34.655067538174258 ], [ 131.66065200923282, 34.654780403519354 ], [ 131.660947034409475, 34.654703308165772 ], [ 131.661419223134033, 34.655094599268196 ], [ 131.661391294467933, 34.655560587382276 ], [ 131.66187378548284, 34.655512155627569 ], [ 131.661903432563093, 34.655661871007908 ], [ 131.66222133884213, 34.655768688726582 ], [ 131.662850152998601, 34.655343072550615 ], [ 131.663867496184423, 34.655790832915407 ], [ 131.664400686238253, 34.656196871265479 ], [ 131.664439829665668, 34.656405222897412 ], [ 131.664636217410248, 34.656035570033687 ], [ 131.664564937191159, 34.655559313294582 ], [ 131.66323615095942, 34.65429526269277 ], [ 131.663164281130747, 34.653910982842838 ], [ 131.662691469203054, 34.65362238248801 ], [ 131.662817452118475, 34.653352452389193 ], [ 131.662792906938193, 34.652000104492508 ], [ 131.663702504040515, 34.652041747665152 ], [ 131.664349900801227, 34.65449198315553 ], [ 131.665133502182016, 34.656070997440253 ], [ 131.664852352549389, 34.656377197172155 ], [ 131.664897033044127, 34.656748826700358 ], [ 131.664699253961288, 34.657165379831945 ], [ 131.664090216336945, 34.657024973413066 ], [ 131.663909038476447, 34.6572180500157 ], [ 131.664162003086915, 34.657607581786216 ], [ 131.66472595698724, 34.657804708939558 ], [ 131.66433107832006, 34.657972538969943 ], [ 131.664724467729258, 34.658228407448135 ], [ 131.664071743071958, 34.658821557759808 ], [ 131.664379704408333, 34.658954528615432 ], [ 131.664776364160105, 34.658852486840985 ], [ 131.664921328614014, 34.65941468758578 ], [ 131.66548369191986, 34.659333185722218 ], [ 131.665028329469664, 34.659586411861753 ], [ 131.665036301175064, 34.659713499591511 ], [ 131.665886334167965, 34.659689097371533 ], [ 131.665913819882917, 34.660015581195722 ], [ 131.666557078911865, 34.660274156840046 ], [ 131.666773950541369, 34.659949660089268 ], [ 131.667056929628728, 34.659879543134913 ], [ 131.667131779345425, 34.66013325520457 ], [ 131.667428792116993, 34.66009657779891 ], [ 131.667441020926304, 34.659876605998861 ], [ 131.667719574031281, 34.659634339754781 ], [ 131.668345155651622, 34.659742396851286 ], [ 131.668328700590081, 34.659942490291726 ], [ 131.668489163020439, 34.660112598108633 ], [ 131.668574153608091, 34.659947013417444 ], [ 131.668737380915246, 34.660203759842545 ], [ 131.668978707963589, 34.66016417591684 ], [ 131.66914306498407, 34.659682544575197 ], [ 131.669346012339275, 34.659682526417413 ], [ 131.669331557609212, 34.659905024598544 ], [ 131.669646638194052, 34.659946874356997 ], [ 131.669703759930968, 34.659694687692792 ], [ 131.670217150413407, 34.659777909990346 ], [ 131.67041309081597, 34.660038449801007 ], [ 131.670293270489339, 34.66018487816217 ], [ 131.670640142232259, 34.660198824113095 ], [ 131.670866937710969, 34.660402581419838 ], [ 131.670972976400606, 34.660738395859958 ], [ 131.67087201188491, 34.660838981877532 ], [ 131.671122518138219, 34.661090585917229 ], [ 131.671016075832625, 34.661194812717682 ], [ 131.671515774429793, 34.661195852364621 ], [ 131.671244313895897, 34.661529291867161 ], [ 131.67137355517653, 34.661626163235496 ], [ 131.671569735530511, 34.661474689527374 ], [ 131.671822910257902, 34.662017457812688 ], [ 131.671469146577635, 34.66279680501065 ], [ 131.671988151050385, 34.663044001388194 ], [ 131.672092130473374, 34.663534891659353 ], [ 131.671692438107186, 34.663965991176433 ], [ 131.67131584987672, 34.663807549175615 ], [ 131.671099940013107, 34.663971760157629 ], [ 131.671182861884574, 34.664154085845048 ], [ 131.671576036402996, 34.664275690994209 ], [ 131.671971810068868, 34.665058777591675 ], [ 131.672548743668358, 34.665106186345646 ], [ 131.673362886037381, 34.664336017957183 ], [ 131.673936237999101, 34.664246349355999 ], [ 131.674453524577928, 34.664412532186581 ], [ 131.674833438803205, 34.664927067475887 ], [ 131.674763705701736, 34.665650658923482 ], [ 131.673461677666637, 34.666080809039606 ], [ 131.672792306821179, 34.666901145158818 ], [ 131.672864950605231, 34.667164702556107 ], [ 131.672734788692196, 34.66740124252221 ], [ 131.673071633207826, 34.667638821480743 ], [ 131.672997058478217, 34.667888262720844 ], [ 131.672589195602313, 34.668033531472112 ], [ 131.671047432475319, 34.667664861289211 ], [ 131.670666818658844, 34.667822064498843 ], [ 131.67085887374634, 34.668001311560381 ], [ 131.670553979110878, 34.668075856932639 ], [ 131.671089406724036, 34.66849806873288 ], [ 131.670308179193285, 34.669227786326317 ], [ 131.670238428667403, 34.669581763038735 ], [ 131.670547764165576, 34.669857974808949 ], [ 131.670560866142893, 34.670220459468069 ], [ 131.670285451835781, 34.670295969091804 ], [ 131.669769328870643, 34.670116248663113 ], [ 131.669516916058342, 34.670358627871039 ], [ 131.669113108112327, 34.670371492885046 ], [ 131.669131368785827, 34.670782595603235 ], [ 131.668968827008257, 34.670778412941495 ], [ 131.668538239151275, 34.671434754868237 ], [ 131.668148345502345, 34.671493453078497 ], [ 131.668113623105313, 34.671640368802137 ], [ 131.667879483189495, 34.671562785900406 ], [ 131.667869823402867, 34.672087307304871 ], [ 131.668617633796316, 34.672207552271118 ], [ 131.668221595026893, 34.672380884625731 ], [ 131.667957989414106, 34.673031566087879 ], [ 131.66825271667679, 34.673748616545147 ], [ 131.667846681302052, 34.673760482139777 ], [ 131.667306266156118, 34.674174796632492 ], [ 131.667374745340425, 34.674398619843323 ], [ 131.667641082775134, 34.674382523105386 ], [ 131.667614065151326, 34.674708784059945 ], [ 131.667889053488949, 34.67470723067845 ], [ 131.667728467842863, 34.675649487986107 ], [ 131.667985471289256, 34.676096780053079 ], [ 131.668205031398742, 34.675699185367733 ], [ 131.668290529199624, 34.675815038951178 ], [ 131.668421261807538, 34.675673022460622 ], [ 131.668663533487518, 34.676396196301276 ], [ 131.669021423687525, 34.676768115314104 ], [ 131.669351707485902, 34.676830734938946 ], [ 131.669507269551758, 34.676363573214502 ], [ 131.669794873062898, 34.676442216171587 ], [ 131.669675319165805, 34.676732886995396 ], [ 131.669960420873508, 34.676315834142365 ], [ 131.669871395189006, 34.676791436493474 ], [ 131.670163207604531, 34.676893619312715 ], [ 131.67088602077294, 34.676093233517904 ], [ 131.670885290636988, 34.676954164487505 ], [ 131.671137802308124, 34.676325123521579 ], [ 131.671563558902761, 34.676482781552743 ], [ 131.671435958502144, 34.677024011026631 ], [ 131.671754293213752, 34.676708929955097 ], [ 131.671727205126132, 34.677042375868794 ], [ 131.672405780212813, 34.677072168717629 ], [ 131.672867616269087, 34.676667515010578 ], [ 131.67262345479574, 34.676249020252612 ], [ 131.6731473501859, 34.676233106272569 ], [ 131.672714719990125, 34.675767085278423 ], [ 131.673164154046589, 34.675792423322349 ], [ 131.673242358669427, 34.675665543141456 ], [ 131.672601010326616, 34.67506627112607 ], [ 131.67281527399453, 34.674997692332688 ], [ 131.672557310399299, 34.674708169331964 ], [ 131.672763486129469, 34.674529546968181 ], [ 131.672693099353666, 34.674257966698292 ], [ 131.672475554824985, 34.674139892161961 ], [ 131.672466706473841, 34.673791792419962 ], [ 131.672815898212463, 34.673424572688944 ], [ 131.673288988461024, 34.67331830190944 ], [ 131.675148554825995, 34.673667375944945 ], [ 131.675080917380512, 34.673477788284806 ], [ 131.67544513555373, 34.67333599666263 ], [ 131.675620567111082, 34.673562922354414 ], [ 131.676059657555328, 34.673489888014032 ], [ 131.676161288987629, 34.67365439762937 ], [ 131.677187703222273, 34.673169866566575 ], [ 131.677033741894377, 34.673924682924536 ], [ 131.676862783441095, 34.674052885803405 ], [ 131.676838218430561, 34.674701024844374 ], [ 131.67710576937364, 34.675044668024427 ], [ 131.677323367841069, 34.674966234854459 ], [ 131.677769714067495, 34.675517938192066 ], [ 131.677509316072502, 34.675451115554615 ], [ 131.677303823904339, 34.675696375225456 ], [ 131.678699002228683, 34.676154535795639 ], [ 131.679086471916094, 34.675959440921368 ], [ 131.679005321912058, 34.676212524143899 ], [ 131.679348930603908, 34.676607880750637 ], [ 131.679555410485222, 34.676565318720826 ], [ 131.67957646537252, 34.676324813402168 ], [ 131.679890094384433, 34.676065470621168 ], [ 131.679815893569554, 34.675500889651794 ], [ 131.679462890917193, 34.675218185124649 ], [ 131.679491570026528, 34.674796423586066 ], [ 131.679805732040307, 34.674627233425305 ], [ 131.680745146025146, 34.675026788175607 ], [ 131.681276791287445, 34.674798029156385 ], [ 131.681694512138392, 34.674837578063119 ], [ 131.681585953121726, 34.675305086114527 ], [ 131.681871050675682, 34.675633434936465 ], [ 131.682182595466969, 34.675723835023746 ], [ 131.682235957776072, 34.675365274496436 ], [ 131.683733336635612, 34.674769864973271 ], [ 131.684577195222943, 34.674897715554621 ], [ 131.685569788588822, 34.675921174566824 ], [ 131.685204612306904, 34.67661305254466 ], [ 131.685256002611169, 34.676971040766894 ], [ 131.685103142201797, 34.676984946617793 ], [ 131.685028704799805, 34.677400191886058 ], [ 131.685447551652913, 34.677248585533199 ], [ 131.685029319315305, 34.6776778309683 ], [ 131.685640025167629, 34.677750666327945 ], [ 131.685659647092137, 34.677371123948156 ], [ 131.685929488154017, 34.677319081804484 ], [ 131.686005473977644, 34.67758166234951 ], [ 131.686269355800732, 34.677616928947899 ], [ 131.686563009561951, 34.677219589134516 ], [ 131.687509744645865, 34.677501925900756 ], [ 131.688716145535608, 34.678170102367233 ], [ 131.688907882198606, 34.678804719539862 ], [ 131.689492007342693, 34.678943070955349 ], [ 131.689201665636716, 34.679336766051705 ], [ 131.689183438089486, 34.679847873590283 ], [ 131.689792391746806, 34.680044073409533 ], [ 131.689947515059373, 34.680776724670729 ], [ 131.689527694891723, 34.680910311586665 ], [ 131.689873061065015, 34.681011669402217 ], [ 131.68997432625747, 34.681247440902148 ], [ 131.68979222263718, 34.681409000555561 ], [ 131.690124243059699, 34.681488894407096 ] ], [ [ 131.662026222334134, 34.645715893793174 ], [ 131.660964967288777, 34.644918070409084 ], [ 131.660795977935521, 34.644610155414775 ], [ 131.660945018496079, 34.6444008717339 ], [ 131.660538764891214, 34.643622558188234 ], [ 131.660329369129499, 34.643495603058824 ], [ 131.661111451985676, 34.643228029365439 ], [ 131.660900552182, 34.64277713379942 ], [ 131.661686455731029, 34.642689335637023 ], [ 131.66186750445911, 34.64287308894702 ], [ 131.66179478068392, 34.64353358827357 ], [ 131.662174826955209, 34.643776258372192 ], [ 131.662375991645575, 34.644285137027993 ], [ 131.662570854550836, 34.644349948532394 ], [ 131.662026222334134, 34.645715893793174 ] ] ] } },
{ "type": "Feature", "properties": { "CITY_NAME": "萩市", "S_NAME": "大字上田万", "JINKO": 202, "medical_area": "35_萩医療圏", "町丁目名": "萩市大字上田万" }, "geometry": { "type": "Polygon", "coordinates": [ [ [ 131.696240211006284, 34.635222224733212 ], [ 131.696646091822629, 34.634797543944245 ], [ 131.69655902207964, 34.634197572605011 ], [ 131.697853500132481, 34.632839864268853 ], [ 131.69843762609483, 34.631726634724636 ], [ 131.697476691552225, 34.631559704320765 ], [ 131.696745032493993, 34.631001491717782 ], [ 131.696631176785729, 34.630566081861794 ], [ 131.696105519538719, 34.630152048940033 ], [ 131.695570721491578, 34.629396113592414 ], [ 131.695082449420312, 34.628249892763982 ], [ 131.694251303293328, 34.627672819789382 ], [ 131.694860916636259, 34.626626883778513 ], [ 131.695135208843283, 34.624804494029284 ], [ 131.696204958767481, 34.623014037767447 ], [ 131.695795262963657, 34.622337878758991 ], [ 131.695249672982499, 34.621873473426959 ], [ 131.69482949602363, 34.620771729698859 ], [ 131.688293944699495, 34.618040728882349 ], [ 131.681681325405918, 34.614999422191367 ], [ 131.67030780345425, 34.611009066652706 ], [ 131.667129950649809, 34.610404212420455 ], [ 131.660414393922764, 34.60719400499687 ], [ 131.658326479770693, 34.606446716837908 ], [ 131.65705049247174, 34.606124693267439 ], [ 131.655052570758926, 34.605927799169258 ], [ 131.649042381480228, 34.607656311703245 ], [ 131.652205651595636, 34.611758920632425 ], [ 131.652469500363253, 34.612935817899995 ], [ 131.65316432489962, 34.614409365755165 ], [ 131.652987442995624, 34.617644777555654 ], [ 131.654758665269327, 34.618886915648858 ], [ 131.655254823884547, 34.618637429717673 ], [ 131.655870810465274, 34.617468199786444 ], [ 131.656459956333094, 34.617565056358842 ], [ 131.658862680885619, 34.621342027180923 ], [ 131.660880258314563, 34.62512928698338 ], [ 131.66160011048575, 34.62565133746061 ], [ 131.662925511220863, 34.626234623766841 ], [ 131.662391759371388, 34.627222524984589 ], [ 131.662303107761602, 34.628455387366394 ], [ 131.662456252071422, 34.631669316946422 ], [ 131.66302242938977, 34.634938195176005 ], [ 131.664739278895297, 34.634458457324001 ], [ 131.665491148677376, 34.634058124853411 ], [ 131.666362181960295, 34.633919430524919 ], [ 131.666626840811318, 34.633095921324546 ], [ 131.668265822440986, 34.633730297998234 ], [ 131.67074765976318, 34.634246377967273 ], [ 131.673568626235721, 34.634490221448416 ], [ 131.675580611355969, 34.634449161166465 ], [ 131.676796942550254, 34.634117668119082 ], [ 131.67770294089712, 34.633653640414252 ], [ 131.679663992601519, 34.632140885196158 ], [ 131.68044584766298, 34.631969049478897 ], [ 131.68183084527783, 34.632206828867545 ], [ 131.683111688991687, 34.632715195254661 ], [ 131.684644769644194, 34.633664730579319 ], [ 131.686680220886558, 34.635297264545954 ], [ 131.688954872712884, 34.635051904440978 ], [ 131.690576384796714, 34.635613344442319 ], [ 131.69186382367073, 34.636274181986856 ], [ 131.692821042375641, 34.636371277308839 ], [ 131.694833557350336, 34.635867725100681 ], [ 131.696240211006284, 34.635222224733212 ] ] ] } },
{ "type": "Feature", "properties": { "CITY_NAME": "萩市", "S_NAME": "大字下小川", "JINKO": 277, "medical_area": "35_萩医療圏", "町丁目名": "萩市大字下小川" }, "geometry": { "type": "Polygon", "coordinates": [ [ [ 131.69724179678505, 34.618582028850156 ], [ 131.698339863989048, 34.618505946149 ], [ 131.699168621076041, 34.617085164743031 ], [ 131.699969455180224, 34.616310111439525 ], [ 131.700273709816258, 34.616176750324293 ], [ 131.700648563988665, 34.616238465742832 ], [ 131.701242908616365, 34.615883223550384 ], [ 131.7017747485732, 34.615827773146457 ], [ 131.704749575199713, 34.614082784225936 ], [ 131.705540679694792, 34.613943636534863 ], [ 131.706534556704725, 34.61295219364164 ], [ 131.707406635445722, 34.612926729769242 ], [ 131.708727083712887, 34.612551205727293 ], [ 131.709608897545223, 34.612660707034308 ], [ 131.710090168826383, 34.612952534267492 ], [ 131.710448768681857, 34.613447866160669 ], [ 131.710461425349195, 34.613992200395984 ], [ 131.710219752792256, 34.614664759929511 ], [ 131.710749978187977, 34.614273303563778 ], [ 131.713515611738615, 34.6139172989242 ], [ 131.713914323930339, 34.613745087668484 ], [ 131.71425428016056, 34.613197687032397 ], [ 131.715497170175496, 34.613357347001141 ], [ 131.71592693912865, 34.613222571540597 ], [ 131.716709813740948, 34.613644783860281 ], [ 131.718241212018597, 34.613450784743513 ], [ 131.718460721623018, 34.613330867709635 ], [ 131.718920851680679, 34.612070293124226 ], [ 131.718266595282472, 34.610662121652922 ], [ 131.717008734116206, 34.606963893014431 ], [ 131.717164477406214, 34.605481489151643 ], [ 131.718133108213095, 34.603384809157625 ], [ 131.719934588107179, 34.600700098452585 ], [ 131.719949015997486, 34.600383496283698 ], [ 131.718151939463866, 34.599880965547285 ], [ 131.717474832241237, 34.598807239310254 ], [ 131.718926177786813, 34.597134473601052 ], [ 131.719237557851869, 34.596185645550428 ], [ 131.71973244313881, 34.595538506299576 ], [ 131.719484242186667, 34.594020105816227 ], [ 131.719865475828897, 34.593097589824723 ], [ 131.719826810561216, 34.592635565459737 ], [ 131.720358140142707, 34.592232386502005 ], [ 131.720477873045155, 34.591837284957549 ], [ 131.720473477812561, 34.591560195810608 ], [ 131.71977585423582, 34.590802354664582 ], [ 131.720525102143085, 34.589597625106158 ], [ 131.720488610892119, 34.589095040613209 ], [ 131.720051596218667, 34.588349560151272 ], [ 131.720316025930742, 34.588010062819123 ], [ 131.72036728233283, 34.587590483421302 ], [ 131.720076706711495, 34.586950901108864 ], [ 131.720066523393626, 34.586291211083015 ], [ 131.720882365945556, 34.583986178229075 ], [ 131.720178960571616, 34.583588218291837 ], [ 131.719914391045023, 34.583224255175359 ], [ 131.719896504910196, 34.582906407571059 ], [ 131.720852074939273, 34.581955275102693 ], [ 131.722303273542224, 34.581769261124535 ], [ 131.723633459112733, 34.5811144231348 ], [ 131.725272689235567, 34.580567736656448 ], [ 131.726019953830246, 34.580084172338843 ], [ 131.726963285354458, 34.578452305144289 ], [ 131.727619604871819, 34.576619943859576 ], [ 131.727531056291838, 34.576318184339414 ], [ 131.726693835596819, 34.575668348954075 ], [ 131.726383092402045, 34.575138863661358 ], [ 131.725274747540738, 34.574621157391839 ], [ 131.725395176978537, 34.57407702209877 ], [ 131.724965959173744, 34.573354267202809 ], [ 131.724848300490066, 34.572634184155447 ], [ 131.724473019882907, 34.57208333069434 ], [ 131.723311986519519, 34.572277046231029 ], [ 131.722292754793926, 34.57196050097933 ], [ 131.72163956829894, 34.572453961623211 ], [ 131.72096288507467, 34.572569966515964 ], [ 131.717679629109682, 34.570582261730031 ], [ 131.716842041082884, 34.570378181447552 ], [ 131.716960286990599, 34.569164672658538 ], [ 131.716242420745829, 34.568204177517401 ], [ 131.716146556073511, 34.567443595580869 ], [ 131.714879109867894, 34.566669120583988 ], [ 131.714318879578741, 34.565914994435445 ], [ 131.71365712661688, 34.564366311382258 ], [ 131.713106719205456, 34.563972116889808 ], [ 131.713236420540824, 34.563181659037589 ], [ 131.713224706847228, 34.562813684970642 ], [ 131.713084102023089, 34.562725689051604 ], [ 131.712433869745894, 34.562677923535823 ], [ 131.710595869635881, 34.563064947220433 ], [ 131.709320800357403, 34.562987212837591 ], [ 131.708330612069062, 34.563489184277032 ], [ 131.705970496219635, 34.56335223780232 ], [ 131.705098565041368, 34.56407338846077 ], [ 131.704474872837352, 34.565259051872836 ], [ 131.702979383472154, 34.565355493518588 ], [ 131.70141151771449, 34.566140454999939 ], [ 131.700821263021965, 34.566927448951155 ], [ 131.701015354571524, 34.567262032947191 ], [ 131.702156910280848, 34.568097897769867 ], [ 131.70209514476079, 34.568632514448744 ], [ 131.70167959260985, 34.569718523059102 ], [ 131.700386911572025, 34.570677917297601 ], [ 131.699704973358337, 34.571743312301784 ], [ 131.700033609671209, 34.572893712836958 ], [ 131.701041306999429, 34.57412559013413 ], [ 131.701160616473913, 34.574964166630338 ], [ 131.701068193998196, 34.576383829436708 ], [ 131.700851744011374, 34.576802062784616 ], [ 131.699452072119072, 34.57719717366988 ], [ 131.699026529659164, 34.578129729688541 ], [ 131.697392715952788, 34.5783908080518 ], [ 131.695274492095649, 34.577671311393495 ], [ 131.693855022773192, 34.576766289789035 ], [ 131.693306216718923, 34.57575123200499 ], [ 131.692772279596625, 34.575224031192839 ], [ 131.692562427306143, 34.574563422101747 ], [ 131.691485908840065, 34.575713882164692 ], [ 131.691280097027828, 34.576408655588395 ], [ 131.691586681329397, 34.578691524431491 ], [ 131.692142947202541, 34.57996679382093 ], [ 131.69329268199661, 34.581905143468674 ], [ 131.695698521658414, 34.584836051774268 ], [ 131.697592128386219, 34.587646772749345 ], [ 131.69957000974739, 34.588948322165223 ], [ 131.699490505035328, 34.594567162897214 ], [ 131.698897236622855, 34.600027831718052 ], [ 131.698426399876922, 34.601234632400931 ], [ 131.697148528151132, 34.601546251847061 ], [ 131.693364489029022, 34.601924932159918 ], [ 131.693255128379974, 34.602417949708901 ], [ 131.692700699743284, 34.602020397929522 ], [ 131.69288350752629, 34.602527367335696 ], [ 131.69184945684259, 34.603007777643924 ], [ 131.690210971567893, 34.604587503215711 ], [ 131.68742694762193, 34.606643623318867 ], [ 131.684990763435678, 34.607735727875344 ], [ 131.684293729737476, 34.608422077200991 ], [ 131.683323399399342, 34.60998378640766 ], [ 131.683093402242747, 34.610518294009061 ], [ 131.682971354567314, 34.611643440699098 ], [ 131.681600302545974, 34.613295804320245 ], [ 131.681681325405918, 34.614999422191367 ], [ 131.688293944699495, 34.618040728882349 ], [ 131.69482949602363, 34.620771729698859 ], [ 131.696325034546788, 34.619625379778569 ], [ 131.696578209551461, 34.619124891689154 ], [ 131.69724179678505, 34.618582028850156 ] ] ] } },
{ "type": "Feature", "properties": { "CITY_NAME": "萩市", "S_NAME": "大字中小川", "JINKO": 170, "medical_area": "35_萩医療圏", "町丁目名": "萩市大字中小川" }, "geometry": { "type": "Polygon", "coordinates": [ [ [ 131.68742694762193, 34.606643623318867 ], [ 131.690210971567893, 34.604587503215711 ], [ 131.69184945684259, 34.603007777643924 ], [ 131.69288350752629, 34.602527367335696 ], [ 131.692700699743284, 34.602020397929522 ], [ 131.693255128379974, 34.602417949708901 ], [ 131.693364489029022, 34.601924932159918 ], [ 131.697148528151132, 34.601546251847061 ], [ 131.698426399876922, 34.601234632400931 ], [ 131.698897236622855, 34.600027831718052 ], [ 131.699490505035328, 34.594567162897214 ], [ 131.69957000974739, 34.588948322165223 ], [ 131.697592128386219, 34.587646772749345 ], [ 131.695698521658414, 34.584836051774268 ], [ 131.69329268199661, 34.581905143468674 ], [ 131.692142947202541, 34.57996679382093 ], [ 131.691586681329397, 34.578691524431491 ], [ 131.691280097027828, 34.576408655588395 ], [ 131.691485908840065, 34.575713882164692 ], [ 131.692562427306143, 34.574563422101747 ], [ 131.690209370655936, 34.575388873406226 ], [ 131.686480857577521, 34.575854335385472 ], [ 131.685370786319169, 34.575836022183033 ], [ 131.683304812438251, 34.574969968534319 ], [ 131.682789021435667, 34.577358977935319 ], [ 131.683122836154894, 34.580295873260084 ], [ 131.682750739784069, 34.580976801661507 ], [ 131.682426203492099, 34.581439210511746 ], [ 131.681388850038758, 34.58232281006525 ], [ 131.681538684099792, 34.582424375206621 ], [ 131.681402841979462, 34.582541032233884 ], [ 131.681252961359604, 34.582447580062258 ], [ 131.678712456114567, 34.584613242589512 ], [ 131.677704761785947, 34.583773650006805 ], [ 131.676131071177991, 34.585573398454017 ], [ 131.675807439220534, 34.587483239112196 ], [ 131.676235664550802, 34.588382021226224 ], [ 131.677108473232693, 34.589347472074465 ], [ 131.67613277798236, 34.58998419830948 ], [ 131.674725331995859, 34.589924445616226 ], [ 131.673955903030702, 34.589736109645877 ], [ 131.673475155545162, 34.589964056426567 ], [ 131.670249612929638, 34.592194198204425 ], [ 131.667446314241118, 34.59467869196191 ], [ 131.666624993136821, 34.595798003090962 ], [ 131.663326258192683, 34.598997363252288 ], [ 131.661011802459143, 34.600032839896251 ], [ 131.659499317600506, 34.601425591402474 ], [ 131.655793293765953, 34.602843740953517 ], [ 131.654078798062102, 34.603095554229775 ], [ 131.652088593927459, 34.604019787440805 ], [ 131.650175169631638, 34.606032623706781 ], [ 131.649042381480228, 34.607656311703245 ], [ 131.655052570758926, 34.605927799169258 ], [ 131.65705049247174, 34.606124693267439 ], [ 131.660414393922764, 34.60719400499687 ], [ 131.667129950649809, 34.610404212420455 ], [ 131.67030780345425, 34.611009066652706 ], [ 131.681681325405918, 34.614999422191367 ], [ 131.681600302545974, 34.613295804320245 ], [ 131.682971354567314, 34.611643440699098 ], [ 131.683093402242747, 34.610518294009061 ], [ 131.684293729737476, 34.608422077200991 ], [ 131.684990763435678, 34.607735727875344 ], [ 131.68742694762193, 34.606643623318867 ] ] ] } },
{ "type": "Feature", "properties": { "CITY_NAME": "萩市", "S_NAME": "大字上小川東分", "JINKO": 256, "medical_area": "35_萩医療圏", "町丁目名": "萩市大字上小川東分" }, "geometry": { "type": "Polygon", "coordinates": [ [ [ 131.670249612929638, 34.592194198204425 ], [ 131.673955903030702, 34.589736109645877 ], [ 131.674725331995859, 34.589924445616226 ], [ 131.67613277798236, 34.58998419830948 ], [ 131.677108473232693, 34.589347472074465 ], [ 131.676235664550802, 34.588382021226224 ], [ 131.675807439220534, 34.587483239112196 ], [ 131.676131071177991, 34.585573398454017 ], [ 131.677704761785947, 34.583773650006805 ], [ 131.678712456114567, 34.584613242589512 ], [ 131.681252961359604, 34.582447580062258 ], [ 131.681402841979462, 34.582541032233884 ], [ 131.681538684099792, 34.582424375206621 ], [ 131.681388850038758, 34.58232281006525 ], [ 131.682426203492099, 34.581439210511746 ], [ 131.682750739784069, 34.580976801661507 ], [ 131.683122836154894, 34.580295873260084 ], [ 131.682789021435667, 34.577358977935319 ], [ 131.683304812438251, 34.574969968534319 ], [ 131.685370786319169, 34.575836022183033 ], [ 131.68802898382927, 34.575748986764715 ], [ 131.690209370655936, 34.575388873406226 ], [ 131.692562427306143, 34.574563422101747 ], [ 131.693152356866477, 34.573167097678024 ], [ 131.692981073939819, 34.572274921430179 ], [ 131.692452278367995, 34.571191897276883 ], [ 131.692119118992167, 34.570858310453694 ], [ 131.690732014929011, 34.570136485310243 ], [ 131.690842830146011, 34.569606995222827 ], [ 131.690592113283145, 34.568563917915277 ], [ 131.69093526232399, 34.568172955230601 ], [ 131.691292644310806, 34.567002515536281 ], [ 131.691008230051779, 34.566374147177171 ], [ 131.690601371271725, 34.566255925920629 ], [ 131.690141845166465, 34.565751675645821 ], [ 131.688404208797891, 34.56502027819873 ], [ 131.688163741137203, 34.564246281946573 ], [ 131.687557543628628, 34.564046131024547 ], [ 131.686664223817559, 34.563349011121034 ], [ 131.683992121856335, 34.56193814793339 ], [ 131.683647377406515, 34.561927063733364 ], [ 131.682047119962817, 34.562528535385901 ], [ 131.680766533095891, 34.562400184539023 ], [ 131.680215446197877, 34.562500111957043 ], [ 131.679292605680075, 34.562169061987653 ], [ 131.678481414122558, 34.562517409784171 ], [ 131.677601095267164, 34.562290192157526 ], [ 131.676455397277437, 34.562527874906117 ], [ 131.675940141519987, 34.562476922939013 ], [ 131.676338026131702, 34.562123690855259 ], [ 131.676625756199371, 34.561528295301621 ], [ 131.676440774104549, 34.5603150188781 ], [ 131.676767921325734, 34.557928170991424 ], [ 131.676665287221255, 34.557037374913136 ], [ 131.676359887193826, 34.556165344686704 ], [ 131.675955009076574, 34.555656477414431 ], [ 131.676261000191346, 34.554811834464417 ], [ 131.675984573898347, 34.554458008110075 ], [ 131.67564478280579, 34.554528623747785 ], [ 131.675354761435926, 34.55500976638929 ], [ 131.675466793449118, 34.556680547351306 ], [ 131.675125934135536, 34.556923992749141 ], [ 131.674725392822552, 34.55696548253777 ], [ 131.673882591605661, 34.556738960431169 ], [ 131.672937720665061, 34.556108736228225 ], [ 131.672022702727816, 34.557074152290269 ], [ 131.671333471845884, 34.558952833097543 ], [ 131.671485060176366, 34.56078252341284 ], [ 131.673114324907658, 34.565972289010404 ], [ 131.673645994291036, 34.566851027637384 ], [ 131.665515372586697, 34.569184373002223 ], [ 131.662829725403896, 34.570307665417104 ], [ 131.666412718874909, 34.572694120927849 ], [ 131.669021234763022, 34.574779423601719 ], [ 131.669613031096048, 34.575050463975501 ], [ 131.669665999433732, 34.575326196918027 ], [ 131.669164047880429, 34.575769087903851 ], [ 131.669307359848943, 34.576029715253078 ], [ 131.668686669479428, 34.576379101497004 ], [ 131.668568819694315, 34.577185057271812 ], [ 131.662285889435282, 34.583411783292973 ], [ 131.659401335924031, 34.586052645038684 ], [ 131.656909011854367, 34.58805827450071 ], [ 131.654427091003811, 34.589508753214623 ], [ 131.649924498410428, 34.590915537856787 ], [ 131.648567622743428, 34.592084279972624 ], [ 131.647712967873758, 34.593167530843374 ], [ 131.64466922588943, 34.597745166595899 ], [ 131.645223225025774, 34.598265910331754 ], [ 131.645429593562483, 34.598677122347503 ], [ 131.646176455811542, 34.598982748360889 ], [ 131.646654690780423, 34.599787417329168 ], [ 131.646702380478928, 34.600522067623935 ], [ 131.647838604640071, 34.601225308559698 ], [ 131.648114797375882, 34.601615123279743 ], [ 131.64820860475885, 34.602634367393961 ], [ 131.647881203287227, 34.603482503183812 ], [ 131.646830670423242, 34.605094273235267 ], [ 131.646826948389531, 34.605691938240362 ], [ 131.649042381480228, 34.607656311703245 ], [ 131.650175169631638, 34.606032623706781 ], [ 131.652088593927459, 34.604019787440805 ], [ 131.654078798062102, 34.603095554229775 ], [ 131.655793293765953, 34.602843740953517 ], [ 131.659499317600506, 34.601425591402474 ], [ 131.661011802459143, 34.600032839896251 ], [ 131.663326258192683, 34.598997363252288 ], [ 131.666624993136821, 34.595798003090962 ], [ 131.667446314241118, 34.59467869196191 ], [ 131.670249612929638, 34.592194198204425 ] ] ] } },
{ "type": "Feature", "properties": { "CITY_NAME": "萩市", "S_NAME": "大字上小川西分", "JINKO": 116, "medical_area": "35_萩医療圏", "町丁目名": "萩市大字上小川西分" }, "geometry": { "type": "Polygon", "coordinates": [ [ [ 131.64466922588943, 34.597745166595899 ], [ 131.648567622743428, 34.592084279972624 ], [ 131.649924498410428, 34.590915537856787 ], [ 131.654427091003811, 34.589508753214623 ], [ 131.655759750633734, 34.588813134956219 ], [ 131.658165526686304, 34.587099315193925 ], [ 131.662285889435282, 34.583411783292973 ], [ 131.668568819694315, 34.577185057271812 ], [ 131.668686669479428, 34.576379101497004 ], [ 131.669307359848943, 34.576029715253078 ], [ 131.669164047880429, 34.575769087903851 ], [ 131.669665999433732, 34.575326196918027 ], [ 131.669613031096048, 34.575050463975501 ], [ 131.669021234763022, 34.574779423601719 ], [ 131.666412718874909, 34.572694120927849 ], [ 131.662829725403896, 34.570307665417104 ], [ 131.665515372586697, 34.569184373002223 ], [ 131.673645994291036, 34.566851027637384 ], [ 131.673114324907658, 34.565972289010404 ], [ 131.671485060176366, 34.56078252341284 ], [ 131.671333471845884, 34.558952833097543 ], [ 131.672022702727816, 34.557074152290269 ], [ 131.673514944879827, 34.555628761068839 ], [ 131.673727637641434, 34.554974335032597 ], [ 131.673680936386546, 34.554045451103526 ], [ 131.673051606220696, 34.552304270898439 ], [ 131.671800108259617, 34.550564087996484 ], [ 131.671377174858151, 34.54924856800389 ], [ 131.671550663017484, 34.548724709795259 ], [ 131.670924229732123, 34.547864325906033 ], [ 131.670940248459459, 34.546758357158573 ], [ 131.669710450077105, 34.546332176859842 ], [ 131.669187064693403, 34.545668844735985 ], [ 131.665953619697603, 34.545430369028317 ], [ 131.665692058599973, 34.545576211995218 ], [ 131.663952317072898, 34.545287046665628 ], [ 131.660640327628698, 34.545471532523173 ], [ 131.660326039918715, 34.545642921922351 ], [ 131.659771152789261, 34.546749331741168 ], [ 131.659508956086796, 34.546935449945522 ], [ 131.659081976831885, 34.547034397008964 ], [ 131.657044997912607, 34.546460813936328 ], [ 131.655859289594019, 34.546844649863417 ], [ 131.652910712340883, 34.547354347507024 ], [ 131.651402513277134, 34.547815946143871 ], [ 131.649800223895852, 34.549421883650894 ], [ 131.648031176827402, 34.549137195228219 ], [ 131.647403871609271, 34.549264125712 ], [ 131.647087714544142, 34.549730713481502 ], [ 131.646791916572568, 34.549722414030001 ], [ 131.644102128581153, 34.54918175244682 ], [ 131.643673860099966, 34.549489528306054 ], [ 131.642994462476963, 34.549594518625518 ], [ 131.643066953183677, 34.550523644671038 ], [ 131.642366207714872, 34.551254933364739 ], [ 131.641956979628304, 34.551990990386884 ], [ 131.641813277716722, 34.552703254207685 ], [ 131.641358122302279, 34.553125984818664 ], [ 131.641583959138728, 34.553709824626104 ], [ 131.641040713713551, 34.554358817265879 ], [ 131.639862605459911, 34.554669548816022 ], [ 131.639191233925914, 34.555208109457269 ], [ 131.638366772619577, 34.556226890015139 ], [ 131.637742821123538, 34.555813732651025 ], [ 131.63711291372843, 34.555656202991671 ], [ 131.635128594432359, 34.555683646556815 ], [ 131.634812297642981, 34.556157383591049 ], [ 131.634664958044624, 34.55811141132228 ], [ 131.634341296664843, 34.558376509617922 ], [ 131.633785383436788, 34.559576310099715 ], [ 131.634025263981073, 34.560167680568775 ], [ 131.633343564238942, 34.560618281785217 ], [ 131.633099639368965, 34.561053173515276 ], [ 131.631824305686195, 34.562183801234923 ], [ 131.631033987057634, 34.562528004098048 ], [ 131.631332152615187, 34.564086666123295 ], [ 131.630782771538691, 34.564740542639079 ], [ 131.630781074444457, 34.5650050719305 ], [ 131.63099874554058, 34.565255627921665 ], [ 131.629243873742865, 34.566817288358365 ], [ 131.628134552796809, 34.567438690740644 ], [ 131.626460757903743, 34.567856166065972 ], [ 131.626198787685979, 34.567991787863463 ], [ 131.625912478405951, 34.568519596748175 ], [ 131.626425837220751, 34.56988989419095 ], [ 131.626891822925671, 34.570511029193256 ], [ 131.626890193373214, 34.570763022340721 ], [ 131.625987952970945, 34.572324991413623 ], [ 131.625782879357473, 34.573072900546357 ], [ 131.624760664077087, 34.57433175871202 ], [ 131.624616819399449, 34.575036691178987 ], [ 131.624117796906773, 34.575480867387668 ], [ 131.623918276248276, 34.576045113921111 ], [ 131.623550107453866, 34.576439438084755 ], [ 131.623825302711225, 34.576959024123546 ], [ 131.624045476615407, 34.578569184543255 ], [ 131.623920361257348, 34.579072624132387 ], [ 131.624196168107147, 34.580844871533159 ], [ 131.624075044720655, 34.5814022777421 ], [ 131.624583448480763, 34.582203768269487 ], [ 131.624342643876162, 34.58309532550868 ], [ 131.624908973599759, 34.583691840283194 ], [ 131.625200707585947, 34.584348269625657 ], [ 131.625893785927047, 34.584869700667227 ], [ 131.626142664846611, 34.585425083401759 ], [ 131.626567834637086, 34.585643041690851 ], [ 131.626634580681269, 34.58676288763273 ], [ 131.627323609125938, 34.587917881049989 ], [ 131.627783954114477, 34.588078238744252 ], [ 131.628854920909589, 34.58805408260168 ], [ 131.629546021399221, 34.588892279493827 ], [ 131.630445589606353, 34.589123157065664 ], [ 131.630929469586562, 34.589693930214104 ], [ 131.63081393972675, 34.590060503775064 ], [ 131.631011121667484, 34.590536629186111 ], [ 131.630905055551523, 34.590788161926071 ], [ 131.631278017478735, 34.59100573520022 ], [ 131.631564675239702, 34.591788199153477 ], [ 131.632362906625389, 34.592216386364093 ], [ 131.632886056372314, 34.59208922334259 ], [ 131.634468330835006, 34.59244165755527 ], [ 131.634847342424365, 34.593084079725237 ], [ 131.635300227310921, 34.59305717913945 ], [ 131.6366586090395, 34.59233232238531 ], [ 131.637118987814006, 34.592499978314819 ], [ 131.639536573862898, 34.594310393407262 ], [ 131.641592076848326, 34.594870051935573 ], [ 131.642251066375849, 34.59668718137597 ], [ 131.642762921868126, 34.596977306972292 ], [ 131.64421015345772, 34.597361603723925 ], [ 131.64466922588943, 34.597745166595899 ] ] ] } },
{ "type": "Feature", "properties": { "CITY_NAME": "萩市", "S_NAME": "大字吉部上", "JINKO": 362, "medical_area": "35_萩医療圏", "町丁目名": "萩市大字吉部上" }, "geometry": { "type": "Polygon", "coordinates": [ [ [ 131.571458005521379, 34.480453873176238 ], [ 131.57162587956654, 34.47993024713422 ], [ 131.572247646006218, 34.47993761684409 ], [ 131.572306296426518, 34.479011364634836 ], [ 131.572603100994826, 34.478607113992233 ], [ 131.573646039777174, 34.477834157994771 ], [ 131.574850115226241, 34.477363089653764 ], [ 131.57515999528141, 34.476953492041929 ], [ 131.575088083238199, 34.476345511100519 ], [ 131.57528177117419, 34.475431393621605 ], [ 131.575825207686847, 34.474935475960137 ], [ 131.575790124829382, 34.474123022473613 ], [ 131.575488061463517, 34.473347146341702 ], [ 131.576007162694196, 34.471049846471175 ], [ 131.575764573925937, 34.470564549581141 ], [ 131.576342058173594, 34.469865948423632 ], [ 131.576809551720117, 34.469637412737612 ], [ 131.576828714045178, 34.469234517435218 ], [ 131.577596859374921, 34.468043684048389 ], [ 131.577758018294929, 34.466794926076759 ], [ 131.57933678637238, 34.464705547097729 ], [ 131.579549609321106, 34.463534568591726 ], [ 131.57955126850581, 34.462364378231918 ], [ 131.577600683772857, 34.461300178361071 ], [ 131.578053833183873, 34.460468429034897 ], [ 131.579020964063773, 34.460220653576584 ], [ 131.580164397371362, 34.46032451955665 ], [ 131.580900270405579, 34.460581289260929 ], [ 131.582496569660208, 34.459537729461829 ], [ 131.583349210405004, 34.459215929520383 ], [ 131.582930742574291, 34.458296569817342 ], [ 131.583149979197714, 34.457914459262412 ], [ 131.585704877990281, 34.455950446248245 ], [ 131.58661463977009, 34.455806014280149 ], [ 131.587118591793825, 34.455482947406843 ], [ 131.588672192450105, 34.453979312883796 ], [ 131.589056044899621, 34.453234646507333 ], [ 131.590062400457327, 34.452330634405335 ], [ 131.591322263894284, 34.452068813044313 ], [ 131.591617424381809, 34.452193717040196 ], [ 131.591642877641448, 34.45197295552363 ], [ 131.591872071469226, 34.451877567166669 ], [ 131.594172408568255, 34.451284328072823 ], [ 131.594907007592354, 34.451283261329792 ], [ 131.595687844352057, 34.451684500885833 ], [ 131.596072946884249, 34.451415636267058 ], [ 131.595895077897893, 34.451924003204077 ], [ 131.59708887363945, 34.452267138491166 ], [ 131.597414164147864, 34.451480693024628 ], [ 131.597674377067733, 34.451785729291686 ], [ 131.59850728312324, 34.450930411080705 ], [ 131.59951674688503, 34.450682690171384 ], [ 131.60012640002904, 34.449886413967619 ], [ 131.601423191183557, 34.449747532396827 ], [ 131.601828707637935, 34.449078797506182 ], [ 131.601397331694017, 34.448357614739798 ], [ 131.601332067070217, 34.448011122730577 ], [ 131.601480707891909, 34.447767018434035 ], [ 131.601247595692939, 34.447129644582503 ], [ 131.601358137240311, 34.446748491080406 ], [ 131.60216196976657, 34.44572636836115 ], [ 131.605483179353257, 34.445739817321702 ], [ 131.604775377757193, 34.444993685341437 ], [ 131.604777005459397, 34.444424802791758 ], [ 131.605195154782422, 34.443793701401262 ], [ 131.605562170267319, 34.443412060571262 ], [ 131.608097849373166, 34.442357337819892 ], [ 131.608744537248583, 34.441820235415378 ], [ 131.609279544387164, 34.441221314768647 ], [ 131.6102910198492, 34.439164897597848 ], [ 131.610458434629692, 34.438202771358554 ], [ 131.611069740467997, 34.437579845784619 ], [ 131.611609375152483, 34.437263130375818 ], [ 131.612402397318476, 34.437298272525936 ], [ 131.613557830124591, 34.436828355423692 ], [ 131.61393109301099, 34.435662481449434 ], [ 131.613726523207049, 34.434921075041139 ], [ 131.613876744768731, 34.434491972667409 ], [ 131.614510786041564, 34.433543650797873 ], [ 131.615465596616019, 34.432947931451231 ], [ 131.615814289171823, 34.432444868386568 ], [ 131.61592984222483, 34.431623915700676 ], [ 131.616325499318009, 34.431217343850776 ], [ 131.616435312151424, 34.430349030311781 ], [ 131.615874978795773, 34.429964467094834 ], [ 131.616216632708642, 34.428988479313212 ], [ 131.615374284228238, 34.428505585739678 ], [ 131.61523698956151, 34.427597882094261 ], [ 131.6144632585534, 34.427225314609011 ], [ 131.614413044623177, 34.426358291286014 ], [ 131.614880206440887, 34.425738432181106 ], [ 131.614716059665028, 34.425195048571275 ], [ 131.613208640120206, 34.424943574756753 ], [ 131.612250993140066, 34.423655626745244 ], [ 131.610637829195639, 34.423102328840564 ], [ 131.610080103036523, 34.421710388537157 ], [ 131.609021554481131, 34.421202692429858 ], [ 131.608621995005194, 34.419450835832002 ], [ 131.607492071611631, 34.418876600758317 ], [ 131.607191649814411, 34.418431920593427 ], [ 131.606690412867437, 34.418165089772884 ], [ 131.605705423046373, 34.418012553366168 ], [ 131.60570655123567, 34.417843092547841 ], [ 131.606407743666125, 34.417422828378896 ], [ 131.605888607923077, 34.416079382232354 ], [ 131.60635103463261, 34.415700293212197 ], [ 131.606784631889212, 34.414530509335606 ], [ 131.606639899485884, 34.413245255945498 ], [ 131.606906939644489, 34.412787798579437 ], [ 131.606843566815712, 34.412067524174489 ], [ 131.607238322995244, 34.411617409762869 ], [ 131.60673478255589, 34.410500017472856 ], [ 131.606737966929956, 34.410020099397848 ], [ 131.606196013337438, 34.409551784753013 ], [ 131.605039591132453, 34.409292383357659 ], [ 131.602986447594731, 34.408139569313128 ], [ 131.602205466850222, 34.407768885732807 ], [ 131.601796786250759, 34.407752921326392 ], [ 131.600805296735416, 34.408298868107948 ], [ 131.599166612473482, 34.408841962500411 ], [ 131.597597731715467, 34.409131092987863 ], [ 131.595419141413231, 34.408909270241764 ], [ 131.594597444985112, 34.40952653504651 ], [ 131.59325050023557, 34.40973198571092 ], [ 131.592701413549094, 34.410322334969692 ], [ 131.591918855205336, 34.41019175880858 ], [ 131.591204138801061, 34.409603254566285 ], [ 131.588403784232185, 34.414994844845104 ], [ 131.586973774549875, 34.41832925698629 ], [ 131.58566572414037, 34.420220304711826 ], [ 131.582645594015787, 34.422969503950952 ], [ 131.582253906282233, 34.42378227737305 ], [ 131.582313729055983, 34.424133045441856 ], [ 131.584042936962362, 34.42529107444976 ], [ 131.585494991242115, 34.426009518684054 ], [ 131.586262132977197, 34.426724694501694 ], [ 131.586678929475909, 34.427685574161103 ], [ 131.587140953604091, 34.431121456256349 ], [ 131.58730096101263, 34.431400713336075 ], [ 131.587785020046113, 34.431640231059845 ], [ 131.58886720456357, 34.431830877420722 ], [ 131.590306509619126, 34.431708779978521 ], [ 131.591230341014153, 34.431383218409117 ], [ 131.592476664700143, 34.431244690772459 ], [ 131.592956913046635, 34.43160883843327 ], [ 131.592720341191949, 34.432039912895483 ], [ 131.590337299402933, 34.432667960827189 ], [ 131.589386493260605, 34.43329245256939 ], [ 131.589284706410808, 34.433601319988355 ], [ 131.589325576291742, 34.434911030746598 ], [ 131.589765937955093, 34.436078377276026 ], [ 131.590830746646816, 34.437903425026093 ], [ 131.591436469931978, 34.438576391004283 ], [ 131.591620875613586, 34.438927881765537 ], [ 131.591569156648433, 34.439206137697312 ], [ 131.590882335152997, 34.439451255372049 ], [ 131.586136030859649, 34.439835352978278 ], [ 131.585602009772117, 34.439709274655343 ], [ 131.583465754785664, 34.438305539143172 ], [ 131.582803856867656, 34.436926021274829 ], [ 131.582335069084252, 34.437035033511734 ], [ 131.581539891437984, 34.437628055823218 ], [ 131.580702062508294, 34.437937779033469 ], [ 131.580194038636392, 34.438434331582158 ], [ 131.579905731986514, 34.438286242900247 ], [ 131.579577759233672, 34.437633456496215 ], [ 131.577231740024956, 34.436308994262156 ], [ 131.574272328551046, 34.436857713551831 ], [ 131.57379221895485, 34.437658474473537 ], [ 131.572372732286112, 34.441828046770013 ], [ 131.571845282611747, 34.444828939300258 ], [ 131.572330120425477, 34.446668361381533 ], [ 131.573950597811233, 34.44918820118756 ], [ 131.573821695848039, 34.449485933472886 ], [ 131.571874892877105, 34.450467609711581 ], [ 131.571865345729691, 34.450754088713062 ], [ 131.571380609146956, 34.450655091331306 ], [ 131.570010892330259, 34.452240215393616 ], [ 131.571065546841652, 34.452634722507632 ], [ 131.571297149206089, 34.452881948660199 ], [ 131.57170377421761, 34.452852797896803 ], [ 131.571775124261279, 34.453404502379236 ], [ 131.570628385670432, 34.455116794129893 ], [ 131.570353845958465, 34.455889521614502 ], [ 131.569607158209038, 34.456107176779753 ], [ 131.569034484673125, 34.455665150806922 ], [ 131.56834428572742, 34.460639471729543 ], [ 131.567224651819316, 34.46080654391978 ], [ 131.567076649099761, 34.460424911366033 ], [ 131.565702530036248, 34.46000006256731 ], [ 131.565840936292773, 34.461438720253405 ], [ 131.565674691549674, 34.461896422860917 ], [ 131.565993948089044, 34.462265512024217 ], [ 131.565991100346565, 34.462663303345614 ], [ 131.56561889241982, 34.463999979919308 ], [ 131.565055014100352, 34.464219630930714 ], [ 131.563515415407664, 34.464137942719475 ], [ 131.562816508690275, 34.464343392842217 ], [ 131.564528455824217, 34.469939427531088 ], [ 131.564688693632178, 34.470884437308982 ], [ 131.565605901864672, 34.472376489149788 ], [ 131.565657529801342, 34.472868080436854 ], [ 131.565380316268801, 34.473521879423423 ], [ 131.565028743655233, 34.473681157727775 ], [ 131.563536061659818, 34.473486589533501 ], [ 131.564543318273081, 34.476089250396754 ], [ 131.565712327915776, 34.477112189146077 ], [ 131.566092491668485, 34.477759923483589 ], [ 131.566280100277112, 34.478272043341406 ], [ 131.565985959384903, 34.478816454112334 ], [ 131.566022285087712, 34.479271487611442 ], [ 131.566500717713666, 34.480075081430279 ], [ 131.567399351409989, 34.480256839668655 ], [ 131.567866376097982, 34.480535788084701 ], [ 131.568882438010775, 34.480288328514433 ], [ 131.570366332533808, 34.480618438653757 ], [ 131.571458005521379, 34.480453873176238 ] ] ] } },
{ "type": "Feature", "properties": { "CITY_NAME": "萩市", "S_NAME": "大字吉部下", "JINKO": 417, "medical_area": "35_萩医療圏", "町丁目名": "萩市大字吉部下" }, "geometry": { "type": "Polygon", "coordinates": [ [ [ 131.563536061659818, 34.473486589533501 ], [ 131.565028743655233, 34.473681157727775 ], [ 131.565380316268801, 34.473521879423423 ], [ 131.565657529801342, 34.472868080436854 ], [ 131.565605901864672, 34.472376489149788 ], [ 131.564688693632178, 34.470884437308982 ], [ 131.564528455824217, 34.469939427531088 ], [ 131.562816508690275, 34.464343392842217 ], [ 131.563515415407664, 34.464137942719475 ], [ 131.565055014100352, 34.464219630930714 ], [ 131.56561889241982, 34.463999979919308 ], [ 131.565991100346565, 34.462663303345614 ], [ 131.565993948089044, 34.462265512024217 ], [ 131.565674691549674, 34.461896422860917 ], [ 131.565840936292773, 34.461438720253405 ], [ 131.565702530036248, 34.46000006256731 ], [ 131.567076649099761, 34.460424911366033 ], [ 131.567224651819316, 34.46080654391978 ], [ 131.56834428572742, 34.460639471729543 ], [ 131.569034484673125, 34.455665150806922 ], [ 131.569607158209038, 34.456107176779753 ], [ 131.570353845958465, 34.455889521614502 ], [ 131.570628385670432, 34.455116794129893 ], [ 131.571775124261279, 34.453404502379236 ], [ 131.57170377421761, 34.452852797896803 ], [ 131.571297149206089, 34.452881948660199 ], [ 131.571065546841652, 34.452634722507632 ], [ 131.570010892330259, 34.452240215393616 ], [ 131.571380609146956, 34.450655091331306 ], [ 131.571865345729691, 34.450754088713062 ], [ 131.571874892877105, 34.450467609711581 ], [ 131.573821695848039, 34.449485933472886 ], [ 131.573950597811233, 34.44918820118756 ], [ 131.572330120425477, 34.446668361381533 ], [ 131.571845282611747, 34.444828939300258 ], [ 131.572372732286112, 34.441828046770013 ], [ 131.57379221895485, 34.437658474473537 ], [ 131.574272328551046, 34.436857713551831 ], [ 131.577231740024956, 34.436308994262156 ], [ 131.579577759233672, 34.437633456496215 ], [ 131.579905731986514, 34.438286242900247 ], [ 131.580194038636392, 34.438434331582158 ], [ 131.580702062508294, 34.437937779033469 ], [ 131.581539891437984, 34.437628055823218 ], [ 131.582335069084252, 34.437035033511734 ], [ 131.582803856867656, 34.436926021274829 ], [ 131.583465754785664, 34.438305539143172 ], [ 131.585602009772117, 34.439709274655343 ], [ 131.586136030859649, 34.439835352978278 ], [ 131.590882335152997, 34.439451255372049 ], [ 131.591569156648433, 34.439206137697312 ], [ 131.591620875613586, 34.438927881765537 ], [ 131.591436469931978, 34.438576391004283 ], [ 131.590830746646816, 34.437903425026093 ], [ 131.589765937955093, 34.436078377276004 ], [ 131.589325576291742, 34.434911030746576 ], [ 131.589284706410808, 34.433601319988355 ], [ 131.589386493260577, 34.43329245256939 ], [ 131.590337299402933, 34.432667960827189 ], [ 131.592720341191921, 34.432039912895455 ], [ 131.592956913046635, 34.43160883843327 ], [ 131.592848045782944, 34.43143111488596 ], [ 131.592476664700143, 34.431244690772459 ], [ 131.591230341014153, 34.431383218409117 ], [ 131.590306509619126, 34.431708779978521 ], [ 131.58886720456357, 34.431830877420722 ], [ 131.587785020046113, 34.431640231059845 ], [ 131.58730096101263, 34.431400713336075 ], [ 131.587140953604091, 34.431121456256349 ], [ 131.586678929475909, 34.427685574161103 ], [ 131.586262132977197, 34.426724694501694 ], [ 131.585494991242115, 34.426009518684054 ], [ 131.582796587532783, 34.424537533978786 ], [ 131.582251463299798, 34.423999345376174 ], [ 131.582645594015787, 34.422969503950952 ], [ 131.58566572414037, 34.420220304711826 ], [ 131.586973774549875, 34.41832925698629 ], [ 131.588403784232185, 34.414994844845104 ], [ 131.591204138801061, 34.409603254566285 ], [ 131.589920207133986, 34.408558909320639 ], [ 131.589493461531788, 34.408698056357572 ], [ 131.589307729707514, 34.408457286948057 ], [ 131.587644900834874, 34.407545947672389 ], [ 131.586744183095703, 34.407259405844982 ], [ 131.585995072995729, 34.407213470739663 ], [ 131.581210253521562, 34.407927355359263 ], [ 131.579918473505586, 34.407831880864208 ], [ 131.578413889743871, 34.407356021330109 ], [ 131.577253441851553, 34.407729952086228 ], [ 131.576472599048287, 34.407726202183589 ], [ 131.576094080413583, 34.407947514802522 ], [ 131.575170596585849, 34.409081269135307 ], [ 131.574728781016546, 34.410641345023471 ], [ 131.572791488313413, 34.410431113287203 ], [ 131.569284523431207, 34.41323729743371 ], [ 131.565334881096447, 34.412012723753158 ], [ 131.562396508630485, 34.412466919040966 ], [ 131.558632730121303, 34.411622547058151 ], [ 131.556747548092176, 34.410271449016768 ], [ 131.556256383286069, 34.410222658133243 ], [ 131.555394790248016, 34.409735904911734 ], [ 131.555302702991497, 34.409415966684698 ], [ 131.554899381565804, 34.40910250348341 ], [ 131.554379899084068, 34.40904595785365 ], [ 131.553598755411798, 34.409219117317278 ], [ 131.551413306992913, 34.408461727757782 ], [ 131.55108335504795, 34.408517824008321 ], [ 131.55042015661013, 34.409068506018265 ], [ 131.548387906709337, 34.409278014449704 ], [ 131.546746910524632, 34.409913175020648 ], [ 131.546005573543852, 34.410028159647467 ], [ 131.54464535229846, 34.40984305220443 ], [ 131.5435531461967, 34.408946532391276 ], [ 131.543124208155916, 34.40880573613434 ], [ 131.54264399845232, 34.409139946435701 ], [ 131.542183173571374, 34.413295325784567 ], [ 131.541630803742493, 34.413688475413082 ], [ 131.540795903049144, 34.414731117469678 ], [ 131.540875893496377, 34.415337530912723 ], [ 131.54163047762475, 34.416201795979731 ], [ 131.54122767748396, 34.417230027864882 ], [ 131.541342029870265, 34.417594186140448 ], [ 131.542033032240539, 34.418161317188293 ], [ 131.542481485526622, 34.418866663274351 ], [ 131.543242109337541, 34.418931111381738 ], [ 131.544160908463965, 34.419372185320789 ], [ 131.544893815535318, 34.420058963244379 ], [ 131.545190495798124, 34.420910734300811 ], [ 131.545053598544911, 34.422716218676634 ], [ 131.545534421016583, 34.423132099263924 ], [ 131.544964885267603, 34.423281907803023 ], [ 131.545132050709043, 34.423530679707795 ], [ 131.544869462166872, 34.42372655866474 ], [ 131.54509156359407, 34.423810373614224 ], [ 131.545661201103087, 34.423641548683236 ], [ 131.545775417478552, 34.42377566833413 ], [ 131.544476155061972, 34.424971221091546 ], [ 131.543397035627891, 34.426435526219784 ], [ 131.542658443864781, 34.426873096720918 ], [ 131.542214104721069, 34.427561496457479 ], [ 131.541599838646391, 34.427868830859239 ], [ 131.541222084907872, 34.428511083102109 ], [ 131.540579203203606, 34.429052672040193 ], [ 131.54065534089537, 34.429437346362981 ], [ 131.540969051703314, 34.429725050910882 ], [ 131.541493615087433, 34.431529840762529 ], [ 131.542212987593217, 34.431688746826509 ], [ 131.541657445450483, 34.432062027331312 ], [ 131.54191668892426, 34.432377906296395 ], [ 131.541902265867833, 34.432990885771353 ], [ 131.542334019014788, 34.433336240085289 ], [ 131.542342884112486, 34.434133169757537 ], [ 131.542608998271703, 34.434423444687972 ], [ 131.542856495744985, 34.434302292632907 ], [ 131.54291869235999, 34.434048485474946 ], [ 131.543372891863072, 34.434136868976658 ], [ 131.542367972352849, 34.43698374474512 ], [ 131.542076188196091, 34.438588719016686 ], [ 131.543949373942411, 34.441073469695851 ], [ 131.5464879665235, 34.441063831788277 ], [ 131.547647369922373, 34.441591626324417 ], [ 131.548057884939197, 34.441944889566649 ], [ 131.548322437387071, 34.442927239622207 ], [ 131.549388281337599, 34.443612174857194 ], [ 131.549471132871844, 34.444913096241855 ], [ 131.551031613965137, 34.445614030739527 ], [ 131.553178471681292, 34.447168449853116 ], [ 131.553100023043669, 34.447590520687491 ], [ 131.552752371752263, 34.447929254314779 ], [ 131.552947257295813, 34.448398337734751 ], [ 131.55253114698769, 34.449058893188109 ], [ 131.552614784000468, 34.449673356772152 ], [ 131.551541033245513, 34.450883794516535 ], [ 131.551590025677797, 34.451212404408757 ], [ 131.5526876330552, 34.451765050533965 ], [ 131.552811412884239, 34.452419159413409 ], [ 131.552199452653923, 34.452744449568137 ], [ 131.55149651740561, 34.453452158007266 ], [ 131.549785424726451, 34.453926853931712 ], [ 131.549136083245088, 34.454343078669467 ], [ 131.54897979538768, 34.454621910185431 ], [ 131.548830366256936, 34.45646017215438 ], [ 131.548233160272957, 34.456773257988658 ], [ 131.548023138372201, 34.457368061852158 ], [ 131.547682555851651, 34.457737099139976 ], [ 131.547527694769173, 34.458316967661752 ], [ 131.547209531681631, 34.458631322898384 ], [ 131.547246670529745, 34.459072282236306 ], [ 131.547821779566505, 34.460273122781317 ], [ 131.547643441169214, 34.460928658187775 ], [ 131.547716794895592, 34.462749453409927 ], [ 131.547454040171544, 34.46350965036806 ], [ 131.548007413366832, 34.464091978744172 ], [ 131.548183580449233, 34.465405608844335 ], [ 131.549577210215887, 34.466743419688825 ], [ 131.549750683443875, 34.467172529965254 ], [ 131.550330349220587, 34.467549877158703 ], [ 131.551011212701127, 34.467655857629218 ], [ 131.551883536489726, 34.468685894697956 ], [ 131.553709890580762, 34.469756629820687 ], [ 131.554522550125995, 34.470060602964679 ], [ 131.554458840589888, 34.47030130568384 ], [ 131.554729286922111, 34.471028259413266 ], [ 131.555463347397932, 34.472334514439417 ], [ 131.55570533649896, 34.473140911762172 ], [ 131.556520438693639, 34.473967916435278 ], [ 131.556684698201167, 34.474384148257435 ], [ 131.557497290737047, 34.474745994790354 ], [ 131.557519025420646, 34.475523963489103 ], [ 131.557722459655849, 34.475781773339953 ], [ 131.55906455190771, 34.475543901248599 ], [ 131.559393562215405, 34.475162380058215 ], [ 131.560218753421537, 34.475095618348718 ], [ 131.561820185857528, 34.474636303215235 ], [ 131.563536061659818, 34.473486589533501 ] ] ] } },
{ "type": "Feature", "properties": { "CITY_NAME": "萩市", "S_NAME": "大字高佐下", "JINKO": 275, "medical_area": "35_萩医療圏", "町丁目名": "萩市大字高佐下" }, "geometry": { "type": "Polygon", "coordinates": [ [ [ 131.609738624167278, 34.478690384999624 ], [ 131.610611986575066, 34.478098080939603 ], [ 131.611913705718337, 34.47599032174849 ], [ 131.612423322634328, 34.476155753535934 ], [ 131.613008161370715, 34.475236584988814 ], [ 131.613630656152338, 34.474730035438839 ], [ 131.61784551685227, 34.471742548699133 ], [ 131.619902194701069, 34.470032646540396 ], [ 131.621452083199387, 34.469063649207314 ], [ 131.623491082482929, 34.466912693752114 ], [ 131.624871152134119, 34.465745694983489 ], [ 131.625570791625051, 34.465413677680552 ], [ 131.628093071832495, 34.465052379999619 ], [ 131.631452759551479, 34.464144340421491 ], [ 131.633416912879824, 34.463937972776606 ], [ 131.634829735040597, 34.464183043536138 ], [ 131.636845989773491, 34.464860643614529 ], [ 131.637509856344678, 34.464863523496895 ], [ 131.637943868397912, 34.464698196315673 ], [ 131.638307635918324, 34.46408277853903 ], [ 131.638088737869879, 34.463487094434782 ], [ 131.638217028767968, 34.46306110740737 ], [ 131.638044406209872, 34.462550564743886 ], [ 131.638512107288591, 34.462084491997317 ], [ 131.638528265572916, 34.461512363500795 ], [ 131.638642432084055, 34.461336068753134 ], [ 131.63954767501869, 34.461183900639675 ], [ 131.639774886210716, 34.461007952838479 ], [ 131.640012372537541, 34.460192373498309 ], [ 131.640480000584517, 34.459726288672606 ], [ 131.640457425528353, 34.459320494818279 ], [ 131.640137181265885, 34.458647602501784 ], [ 131.638884528124805, 34.458322707437333 ], [ 131.638543304137272, 34.458026256609358 ], [ 131.638618748212707, 34.457463678964352 ], [ 131.639045851488532, 34.4570920866026 ], [ 131.638753120932051, 34.456879662534185 ], [ 131.638691160648278, 34.456343536948346 ], [ 131.638204220641398, 34.455668790242818 ], [ 131.637973174215375, 34.455969245125708 ], [ 131.636555164751002, 34.456354002585108 ], [ 131.635487212802815, 34.455746309141276 ], [ 131.634618763103134, 34.455575037310744 ], [ 131.634418481336667, 34.455267074298185 ], [ 131.634224497059051, 34.453443128649042 ], [ 131.633890434924268, 34.452972578733359 ], [ 131.634097784257932, 34.451962320752052 ], [ 131.634040044557821, 34.45090793960388 ], [ 131.634202259458135, 34.450559995480909 ], [ 131.634098214949603, 34.449964225555163 ], [ 131.634317214518632, 34.449429312649599 ], [ 131.634074571473633, 34.448492877843378 ], [ 131.634859818742768, 34.44696575242908 ], [ 131.634306567398596, 34.446377883605791 ], [ 131.634244887461364, 34.445233892473667 ], [ 131.633842274618019, 34.444502706808962 ], [ 131.63251021759487, 34.44396114396951 ], [ 131.631780553272932, 34.444277864193445 ], [ 131.630171830266505, 34.443923545614027 ], [ 131.628963026879376, 34.444243211951004 ], [ 131.62817598333649, 34.443698928409027 ], [ 131.627393004715657, 34.44345725161628 ], [ 131.62739669364629, 34.442881802790112 ], [ 131.628131190108888, 34.441810757979908 ], [ 131.627337888727538, 34.439914342164748 ], [ 131.626237253284842, 34.439252004186173 ], [ 131.625806389102223, 34.438272571693894 ], [ 131.623820315251521, 34.437497228064451 ], [ 131.623290261746632, 34.437048290421373 ], [ 131.622996667256359, 34.436148907835069 ], [ 131.622779433722144, 34.435937047449478 ], [ 131.62273934818586, 34.434721269902738 ], [ 131.622302603566993, 34.434195838198477 ], [ 131.622746178038938, 34.433195497116529 ], [ 131.621657451425421, 34.432557994019255 ], [ 131.620854176346967, 34.431770460505575 ], [ 131.619556640231565, 34.431945844495424 ], [ 131.619112111524686, 34.432162075436636 ], [ 131.617670283463326, 34.43196221178448 ], [ 131.617202240507822, 34.432113950429333 ], [ 131.616608720469316, 34.431307466638636 ], [ 131.616325499318009, 34.431217343850776 ], [ 131.616055636449829, 34.431410218272354 ], [ 131.615650166748821, 34.432734440275453 ], [ 131.614510786041564, 34.433543650797873 ], [ 131.613876744768731, 34.434491972667409 ], [ 131.613726523207049, 34.434921075041139 ], [ 131.61393109301099, 34.435662481449434 ], [ 131.613557830124591, 34.436828355423692 ], [ 131.612402397318476, 34.437298272525936 ], [ 131.611609375152483, 34.437263130375818 ], [ 131.611069740467997, 34.437579845784619 ], [ 131.610458434629692, 34.438202771358554 ], [ 131.6102910198492, 34.439164897597848 ], [ 131.609279544387164, 34.441221314768647 ], [ 131.608744537248583, 34.441820235415378 ], [ 131.608097849373166, 34.442357337819892 ], [ 131.605562170267319, 34.443412060571262 ], [ 131.605195154782422, 34.443793701401262 ], [ 131.604777005459397, 34.444424802791758 ], [ 131.604775377757193, 34.444993685341437 ], [ 131.605483179353257, 34.445739817321702 ], [ 131.60216196976657, 34.44572636836115 ], [ 131.601519970356748, 34.446525799513587 ], [ 131.601247595692939, 34.447129644582503 ], [ 131.601480707891909, 34.447767018434035 ], [ 131.601332067070217, 34.448011122730577 ], [ 131.601828707637935, 34.449078797506182 ], [ 131.601423191183557, 34.449747532396827 ], [ 131.60012640002904, 34.449886413967619 ], [ 131.59951674688503, 34.450682690171384 ], [ 131.59850728312324, 34.450930411080705 ], [ 131.597674377067733, 34.451785729291686 ], [ 131.597414164147864, 34.451480693024628 ], [ 131.59708887363945, 34.452267138491166 ], [ 131.595895077897893, 34.451924003204077 ], [ 131.596072946884249, 34.4514156362671 ], [ 131.595687844352113, 34.451684500885811 ], [ 131.594907007592354, 34.451283261329792 ], [ 131.594172408568255, 34.451284328072852 ], [ 131.591872071469226, 34.451877567166669 ], [ 131.591642877641448, 34.451972955523651 ], [ 131.591617424381809, 34.452193717040196 ], [ 131.591322263894284, 34.452068813044313 ], [ 131.590062400457327, 34.452330634405335 ], [ 131.589056044899621, 34.453234646507333 ], [ 131.588672192450105, 34.453979312883796 ], [ 131.587118591793825, 34.455482947406843 ], [ 131.58661463977009, 34.455806014280149 ], [ 131.585704877990281, 34.455950446248245 ], [ 131.583149979197714, 34.457914459262412 ], [ 131.582930742574291, 34.458296569817342 ], [ 131.583349210405004, 34.459215929520383 ], [ 131.582496569660208, 34.459537729461829 ], [ 131.580900270405579, 34.460581289260929 ], [ 131.580164397371362, 34.46032451955665 ], [ 131.579020964063773, 34.460220653576584 ], [ 131.578053833183873, 34.460468429034897 ], [ 131.577659386276764, 34.460999342715901 ], [ 131.577600683772857, 34.461300178361071 ], [ 131.57955126850581, 34.462364378231918 ], [ 131.579549609321106, 34.463534568591726 ], [ 131.57933678637238, 34.464705547097729 ], [ 131.577758018294929, 34.466794926076759 ], [ 131.577596859374921, 34.468043684048389 ], [ 131.576828714045178, 34.469234517435218 ], [ 131.576809551720117, 34.469637412737612 ], [ 131.576342058173594, 34.469865948423632 ], [ 131.575764573925937, 34.470564549581141 ], [ 131.576007162694196, 34.471049846471175 ], [ 131.575488061463517, 34.473347146341702 ], [ 131.575790124829382, 34.474123022473613 ], [ 131.578029454115409, 34.473714625756564 ], [ 131.579896313636567, 34.472941978958765 ], [ 131.580564787811198, 34.472149133798929 ], [ 131.580813843059445, 34.471402054889793 ], [ 131.581215842262822, 34.471232011703364 ], [ 131.581142763852142, 34.470782982213237 ], [ 131.582898272959341, 34.469897596143603 ], [ 131.585263016602624, 34.469636581160081 ], [ 131.587441342821222, 34.469861464851498 ], [ 131.588521619845096, 34.469817137464581 ], [ 131.592609910815924, 34.468708505008394 ], [ 131.59520569409176, 34.467653336121593 ], [ 131.595799777849777, 34.467270987760251 ], [ 131.596822078421837, 34.466216733066588 ], [ 131.597322642264658, 34.464876478033915 ], [ 131.597500096515745, 34.463643886736264 ], [ 131.598730544150669, 34.464550582730098 ], [ 131.600054754179155, 34.466441787142962 ], [ 131.600049092119917, 34.469621235336369 ], [ 131.599431906404675, 34.473440462297553 ], [ 131.602445414798268, 34.474344668641479 ], [ 131.603362242019983, 34.474819665133019 ], [ 131.60412570727209, 34.475609909374597 ], [ 131.604329688233435, 34.477047807741229 ], [ 131.604915532177102, 34.476891041059432 ], [ 131.605242817213167, 34.477294087349577 ], [ 131.605934275153714, 34.477390686134854 ], [ 131.607025057191038, 34.478548010089078 ], [ 131.607405979041431, 34.478710957148571 ], [ 131.609164887920372, 34.478760457186432 ], [ 131.609375153350015, 34.479141494637545 ], [ 131.609738624167278, 34.478690384999624 ] ] ] } },
{ "type": "Feature", "properties": { "CITY_NAME": "萩市", "S_NAME": "大字片俣", "JINKO": 98, "medical_area": "35_萩医療圏", "町丁目名": "萩市大字片俣" }, "geometry": { "type": "Polygon", "coordinates": [ [ [ 131.633169452240793, 34.506817560490049 ], [ 131.634267247616719, 34.505938984095991 ], [ 131.635749354172248, 34.505684538436675 ], [ 131.636737857685631, 34.504594164927298 ], [ 131.637382584703005, 34.505008978175965 ], [ 131.63944542270508, 34.504820096630809 ], [ 131.640290415429121, 34.505062774578526 ], [ 131.640819978189086, 34.504793039173066 ], [ 131.641854639665837, 34.504970596250693 ], [ 131.642562260799309, 34.504891218706945 ], [ 131.643146991449242, 34.504423794052705 ], [ 131.643392619198892, 34.501950575427053 ], [ 131.64327324709177, 34.501097425013668 ], [ 131.644247353466852, 34.500035672228655 ], [ 131.645445210720055, 34.499377026747233 ], [ 131.645651219680389, 34.498837694690593 ], [ 131.645445958059724, 34.497758518313496 ], [ 131.645761535229184, 34.497341920913875 ], [ 131.646106734382414, 34.496219162038621 ], [ 131.646432113388641, 34.495852610247155 ], [ 131.64797156169692, 34.49507354396107 ], [ 131.648310647704648, 34.494122051136657 ], [ 131.649186821998427, 34.493653447675705 ], [ 131.649162297043517, 34.492725492464274 ], [ 131.649386680024975, 34.492358793076853 ], [ 131.650258715879829, 34.491743951444683 ], [ 131.650764447134407, 34.490772169787846 ], [ 131.650579200281811, 34.489709862010436 ], [ 131.649210254254484, 34.489068804350794 ], [ 131.647268129613764, 34.488872533647026 ], [ 131.646163354358805, 34.487956749331012 ], [ 131.645913068878997, 34.48762142125387 ], [ 131.64582624618933, 34.486977315140322 ], [ 131.646566797831326, 34.486395328118967 ], [ 131.646470152636454, 34.485709487278726 ], [ 131.646572219513985, 34.485526096896272 ], [ 131.647261120252381, 34.485136164527908 ], [ 131.647800442846886, 34.484444711710651 ], [ 131.649290551544226, 34.483447941557891 ], [ 131.649354318880228, 34.482114958975522 ], [ 131.649547616906176, 34.481873353228892 ], [ 131.650063955430397, 34.481624937124245 ], [ 131.650683316835369, 34.481042267216132 ], [ 131.651633965519011, 34.480753835514435 ], [ 131.652183601794775, 34.480020563570228 ], [ 131.653155782205914, 34.479506266755074 ], [ 131.65311286166633, 34.479100686966362 ], [ 131.652892544202018, 34.478815645495928 ], [ 131.651818051495951, 34.477916805026162 ], [ 131.650654381825831, 34.477881770870901 ], [ 131.650103126137509, 34.477640121048019 ], [ 131.649790433134484, 34.477420463072136 ], [ 131.64932465939421, 34.476560210169815 ], [ 131.649263012366248, 34.476372599675187 ], [ 131.649697387533706, 34.475198913144574 ], [ 131.650479409604571, 34.474681995643692 ], [ 131.650105593415333, 34.474191477968915 ], [ 131.650206751859656, 34.473063154823251 ], [ 131.649909043080982, 34.472458434033143 ], [ 131.649963887025365, 34.471709685853341 ], [ 131.649366148366767, 34.470864507397792 ], [ 131.649850300766332, 34.469763859518679 ], [ 131.648899735264308, 34.469104393318702 ], [ 131.648573102858336, 34.468099199056176 ], [ 131.647358649912974, 34.467459447166071 ], [ 131.646911632923207, 34.466625166694186 ], [ 131.64604763420968, 34.466194941311706 ], [ 131.644520457097144, 34.466360132601551 ], [ 131.642859240428379, 34.46687323338481 ], [ 131.642548568024722, 34.466341256168597 ], [ 131.641624477601056, 34.465484199199892 ], [ 131.640369770121509, 34.465270736918889 ], [ 131.639376903175759, 34.465360126756003 ], [ 131.638307635918324, 34.46408277853903 ], [ 131.637943868397912, 34.464698196315673 ], [ 131.637509856344678, 34.464863523496895 ], [ 131.636845989773491, 34.464860643614529 ], [ 131.631404081885051, 34.476948374345952 ], [ 131.630464833032619, 34.477669283253697 ], [ 131.628326673390035, 34.478602393138395 ], [ 131.62768050155276, 34.479167500751785 ], [ 131.626546942617153, 34.480564356872826 ], [ 131.625618179829587, 34.482049866925429 ], [ 131.625784563798362, 34.483143277342108 ], [ 131.626395640964773, 34.483913546263537 ], [ 131.628724295402009, 34.486017622215051 ], [ 131.626126807905365, 34.487706929419993 ], [ 131.624878186322007, 34.488221604125101 ], [ 131.621805496805592, 34.488626161704801 ], [ 131.61824214259758, 34.488651100728973 ], [ 131.617562454373797, 34.493590560519202 ], [ 131.616708459775992, 34.497332300287042 ], [ 131.617296525671264, 34.498682590197426 ], [ 131.619192838587679, 34.498912956345471 ], [ 131.620505434514712, 34.499511581946436 ], [ 131.620924134938122, 34.499996896781809 ], [ 131.621017249732574, 34.500531327395855 ], [ 131.621421525043473, 34.500894587857353 ], [ 131.621661750412272, 34.501864239879616 ], [ 131.622552970727099, 34.502571542897833 ], [ 131.624414218303173, 34.502974504049504 ], [ 131.626713458403003, 34.503205260014873 ], [ 131.628096809198809, 34.503102044211083 ], [ 131.628752299370234, 34.502886025345411 ], [ 131.629040419696622, 34.503016462327686 ], [ 131.629355311960182, 34.504230117495524 ], [ 131.630189229418761, 34.504986268760938 ], [ 131.630344161012715, 34.505403200309914 ], [ 131.630738391297569, 34.505758071462068 ], [ 131.631356772764889, 34.506038278445722 ], [ 131.632194139460125, 34.506020666793269 ], [ 131.631790992317462, 34.506480234360396 ], [ 131.632378760239021, 34.506732834454638 ], [ 131.633169452240793, 34.506817560490049 ] ] ] } },
{ "type": "Feature", "properties": { "CITY_NAME": "萩市", "S_NAME": "大字高佐上", "JINKO": 89, "medical_area": "35_萩医療圏", "町丁目名": "萩市大字高佐上" }, "geometry": { "type": "Polygon", "coordinates": [ [ [ 131.614208730378664, 34.496241872891865 ], [ 131.615031991833177, 34.496270663208037 ], [ 131.615832943618159, 34.49659389486429 ], [ 131.616708459775992, 34.497332300287042 ], [ 131.617562454373797, 34.493590560519202 ], [ 131.61824214259758, 34.488651100728973 ], [ 131.621805496805592, 34.488626161704801 ], [ 131.624878186322007, 34.488221604125101 ], [ 131.626126807905365, 34.487706929419993 ], [ 131.628724295402009, 34.486017622215051 ], [ 131.626395640964745, 34.48391354626353 ], [ 131.625784563798305, 34.483143277342087 ], [ 131.625618179829587, 34.482049866925429 ], [ 131.626546942617153, 34.480564356872826 ], [ 131.62768050155276, 34.479167500751785 ], [ 131.628326673390035, 34.478602393138388 ], [ 131.630464833032619, 34.477669283253682 ], [ 131.631404081885023, 34.476948374345952 ], [ 131.636845989773491, 34.464860643614514 ], [ 131.63482973504054, 34.464183043536124 ], [ 131.633416912879824, 34.463937972776606 ], [ 131.631452759551479, 34.46414434042147 ], [ 131.628093071832495, 34.465052379999619 ], [ 131.625570791625051, 34.465413677680552 ], [ 131.624871152134119, 34.465745694983489 ], [ 131.623491082482929, 34.466912693752114 ], [ 131.621452083199387, 34.469063649207314 ], [ 131.619902194701069, 34.470032646540396 ], [ 131.61784551685227, 34.471742548699133 ], [ 131.613630656152338, 34.474730035438839 ], [ 131.613008161370715, 34.475236584988814 ], [ 131.612423322634328, 34.476155753535934 ], [ 131.611913705718337, 34.47599032174849 ], [ 131.610611986575066, 34.478098080939603 ], [ 131.609738624167278, 34.478690384999624 ], [ 131.609375153350015, 34.479141494637545 ], [ 131.609164887920372, 34.478760457186432 ], [ 131.607405979041431, 34.478710957148571 ], [ 131.607025057191038, 34.478548010089078 ], [ 131.605934275153714, 34.477390686134854 ], [ 131.605242817213167, 34.477294087349577 ], [ 131.605005325983456, 34.476912583144696 ], [ 131.604329688233435, 34.477047807741229 ], [ 131.60412570727209, 34.475609909374597 ], [ 131.603362242019983, 34.474819665133019 ], [ 131.602445414798268, 34.474344668641479 ], [ 131.599431906404675, 34.473440462297553 ], [ 131.600049092119917, 34.469621235336369 ], [ 131.600054754179155, 34.466441787142962 ], [ 131.598730544150669, 34.464550582730098 ], [ 131.597500096515745, 34.463643886736264 ], [ 131.597322642264658, 34.464876478033915 ], [ 131.596822078421837, 34.466216733066588 ], [ 131.595799777849777, 34.467270987760251 ], [ 131.59520569409176, 34.467653336121593 ], [ 131.592609910815924, 34.468708505008394 ], [ 131.588521619845096, 34.469817137464581 ], [ 131.58409958330509, 34.469691469686367 ], [ 131.582898272959341, 34.469897596143603 ], [ 131.581496583046231, 34.470502102284378 ], [ 131.581142763852142, 34.470782982213237 ], [ 131.581215842262822, 34.471232011703364 ], [ 131.580813843059445, 34.471402054889793 ], [ 131.580564787811198, 34.472149133798929 ], [ 131.579896313636567, 34.472941978958765 ], [ 131.578029454115409, 34.473714625756564 ], [ 131.575790124829382, 34.474123022473613 ], [ 131.575825207686847, 34.474935475960137 ], [ 131.57528177117419, 34.475431393621605 ], [ 131.575088083238199, 34.476345511100519 ], [ 131.57515999528141, 34.476953492041929 ], [ 131.574850115226241, 34.477363089653764 ], [ 131.573646039777174, 34.477834157994771 ], [ 131.572603100994826, 34.478607113992233 ], [ 131.572306296426518, 34.479011364634836 ], [ 131.572247646006218, 34.47993761684409 ], [ 131.573184511318857, 34.480059252239045 ], [ 131.574228822436964, 34.480526079819782 ], [ 131.5748071108126, 34.481394924537817 ], [ 131.577218528537173, 34.480831290745641 ], [ 131.579870205016249, 34.481915477687473 ], [ 131.581652830956926, 34.481391558256902 ], [ 131.582834295986657, 34.481800224679183 ], [ 131.584548864146058, 34.481844750480612 ], [ 131.585472052739505, 34.482300756025396 ], [ 131.585954933649958, 34.482841857601883 ], [ 131.586899626020198, 34.483154694672983 ], [ 131.587096836280921, 34.483466376058971 ], [ 131.587804774698498, 34.483683280780845 ], [ 131.588048316220437, 34.484072937997162 ], [ 131.588688555904412, 34.4841482295002 ], [ 131.58910751631106, 34.48462633057261 ], [ 131.590754230095143, 34.484254752580171 ], [ 131.592288293196845, 34.484581730618672 ], [ 131.593093424122543, 34.485091493994226 ], [ 131.594321424399737, 34.485513783396996 ], [ 131.594605044734493, 34.486080679065196 ], [ 131.594664081676768, 34.48664638336772 ], [ 131.595451755078074, 34.487351568135615 ], [ 131.59573573837767, 34.487841973838208 ], [ 131.596116802055235, 34.487966725722231 ], [ 131.596668683373991, 34.489020283789536 ], [ 131.596519648877717, 34.489259198604955 ], [ 131.59653539966871, 34.489932037489538 ], [ 131.597387021358145, 34.491760750832157 ], [ 131.598413607434736, 34.493270512252096 ], [ 131.598156746663221, 34.493673033233065 ], [ 131.598305911086641, 34.49416139636579 ], [ 131.599193626727327, 34.494421891205597 ], [ 131.599871549955679, 34.494887491151616 ], [ 131.600350632388967, 34.495448941930654 ], [ 131.6004669921345, 34.496281848140313 ], [ 131.602665428352395, 34.497778266509279 ], [ 131.606896736756227, 34.499413560121788 ], [ 131.60862994625964, 34.499874217777041 ], [ 131.612688705044889, 34.498589257175389 ], [ 131.613724581225767, 34.497206575661288 ], [ 131.613963434311501, 34.49644248182797 ], [ 131.614208730378664, 34.496241872891865 ] ] ] } },
{ "type": "Feature", "properties": { "CITY_NAME": "萩市", "S_NAME": "大字須佐", "JINKO": 1805, "medical_area": "35_萩医療圏", "町丁目名": "萩市大字須佐" }, "geometry": { "type": "Polygon", "coordinates": [ [ [ 131.613293555317227, 34.666428621193639 ], [ 131.613438443085187, 34.666458155254027 ], [ 131.613503980014968, 34.666287165842782 ], [ 131.613670928951109, 34.66644751914945 ], [ 131.613935441662903, 34.666376597959975 ], [ 131.613999539836755, 34.665761044911001 ], [ 131.614357895505862, 34.665363327897182 ], [ 131.61464152544454, 34.66537179702997 ], [ 131.614921864282024, 34.664725809953744 ], [ 131.615435828346762, 34.664384716310408 ], [ 131.616706950405586, 34.664551743737412 ], [ 131.616722433517708, 34.665014400563471 ], [ 131.617480588560966, 34.665367575258259 ], [ 131.617813565020128, 34.664679420334089 ], [ 131.618669928203246, 34.66437126681695 ], [ 131.618934999865957, 34.664045237910841 ], [ 131.619207341185358, 34.664110553507633 ], [ 131.619193228757467, 34.663936386172104 ], [ 131.619463119235007, 34.663706867427699 ], [ 131.620476548416036, 34.663407575678967 ], [ 131.621433127424211, 34.66361385236489 ], [ 131.621916840524506, 34.663559248601025 ], [ 131.621953161690499, 34.664013686314206 ], [ 131.622995192385645, 34.665004644410132 ], [ 131.622945522711831, 34.664785385097318 ], [ 131.623209164539929, 34.664232132719455 ], [ 131.62303624649897, 34.663098136773421 ], [ 131.623876662398231, 34.661328441696213 ], [ 131.625636523402733, 34.658435763232369 ], [ 131.626605311326017, 34.658736157178588 ], [ 131.628496331671954, 34.660007497046863 ], [ 131.629373553571753, 34.659841066763519 ], [ 131.630585246420878, 34.659898241659882 ], [ 131.631756260353768, 34.660409362693628 ], [ 131.632321418836767, 34.659912771000279 ], [ 131.633421634444829, 34.659695876830853 ], [ 131.633230066149622, 34.658832122752585 ], [ 131.632214686201593, 34.657601050899096 ], [ 131.632274527372289, 34.657421011140492 ], [ 131.633468658347113, 34.658250988962543 ], [ 131.633120530919626, 34.657597981923885 ], [ 131.631615729205066, 34.65682903518433 ], [ 131.629761872342385, 34.656214319204551 ], [ 131.630087925314768, 34.655079143589163 ], [ 131.630005275373122, 34.654236706859862 ], [ 131.630496316901969, 34.653524985667886 ], [ 131.62961281213336, 34.652668597366478 ], [ 131.629891819745723, 34.651020220751938 ], [ 131.628901779314475, 34.649732752361871 ], [ 131.629265260113357, 34.648987380263819 ], [ 131.6290265467224, 34.648630653097918 ], [ 131.629104113934574, 34.648166158439132 ], [ 131.628399409036916, 34.647992318401833 ], [ 131.62840755083036, 34.647622456374251 ], [ 131.628024939103369, 34.647174095209316 ], [ 131.62597067764122, 34.646615060382047 ], [ 131.626595759930382, 34.64618511690211 ], [ 131.62770608808006, 34.645986219285668 ], [ 131.628090741310132, 34.645570414843093 ], [ 131.628930828869841, 34.645238181970484 ], [ 131.630052797512633, 34.645141296808305 ], [ 131.630901527858811, 34.643464565685079 ], [ 131.631186753684062, 34.643180718448463 ], [ 131.632298145461334, 34.642808802708466 ], [ 131.63262195480425, 34.641318360712653 ], [ 131.632599048561275, 34.641043298396632 ], [ 131.632232066109509, 34.640624172820253 ], [ 131.632323315425879, 34.639850540044286 ], [ 131.632608719102251, 34.639536122116148 ], [ 131.632799852621361, 34.640473831501666 ], [ 131.633157394906164, 34.640444974202389 ], [ 131.632843105366248, 34.639496441956389 ], [ 131.633005223239877, 34.639191624488298 ], [ 131.634591995060788, 34.63961608951405 ], [ 131.635667586595787, 34.640985458103351 ], [ 131.6363516188446, 34.63999029807168 ], [ 131.635503714995536, 34.639630357973225 ], [ 131.635398443637627, 34.638754020771714 ], [ 131.635695691689875, 34.638510923954072 ], [ 131.636262090836937, 34.638574389724077 ], [ 131.636990847973095, 34.640227477820403 ], [ 131.637990083590097, 34.639075918059369 ], [ 131.639188399872893, 34.638582051905345 ], [ 131.638073644994165, 34.637558922603603 ], [ 131.637959358496346, 34.63615290809323 ], [ 131.636791853746189, 34.635679455520147 ], [ 131.63657794223974, 34.634446259175355 ], [ 131.637387517476782, 34.633556158368314 ], [ 131.637393019266568, 34.632690583512108 ], [ 131.637070033555659, 34.631652992539593 ], [ 131.635996888087362, 34.630884412241322 ], [ 131.636002470139942, 34.62952750886226 ], [ 131.635754701149978, 34.628777882908224 ], [ 131.636144129509916, 34.627112056844226 ], [ 131.636654545389177, 34.625797929196239 ], [ 131.637661929351196, 34.625272821648203 ], [ 131.638338228989539, 34.624496658638925 ], [ 131.638816410557382, 34.624368864764911 ], [ 131.64010780973905, 34.625125831079146 ], [ 131.640984891900359, 34.625269367479561 ], [ 131.64165187398055, 34.625176186791244 ], [ 131.641902806151052, 34.625640284035221 ], [ 131.64242898470215, 34.626070495443884 ], [ 131.64330762966577, 34.625960751917951 ], [ 131.643870592964078, 34.62558764044055 ], [ 131.644141617309685, 34.624540515041282 ], [ 131.643753730082068, 34.623136848113603 ], [ 131.643521663384831, 34.623039639362112 ], [ 131.642735167292614, 34.623194293228586 ], [ 131.642263006637592, 34.622861369967161 ], [ 131.642276853072389, 34.622617033964033 ], [ 131.642589709320958, 34.622330604835824 ], [ 131.642582870811765, 34.62145990831489 ], [ 131.64215426764278, 34.621050683645869 ], [ 131.642003387918805, 34.620556169428994 ], [ 131.642690444340303, 34.619532956246076 ], [ 131.642711044828957, 34.619197085757136 ], [ 131.643345508623781, 34.618698210461979 ], [ 131.643287488532366, 34.618122532159745 ], [ 131.643023827611273, 34.61793813063241 ], [ 131.643015263296633, 34.617342381770193 ], [ 131.643248979925573, 34.616902910451749 ], [ 131.64332857621082, 34.615996797077415 ], [ 131.643800924890058, 34.615316491811214 ], [ 131.647410074551772, 34.613837582816679 ], [ 131.647793452348196, 34.613093213303102 ], [ 131.647364469822946, 34.612755275487039 ], [ 131.647237021343614, 34.612449196131216 ], [ 131.647665757617233, 34.611348637298562 ], [ 131.647554852689495, 34.609868961028461 ], [ 131.648289505771345, 34.608588846033129 ], [ 131.649042381480228, 34.607656311703245 ], [ 131.647337298695163, 34.606234048387641 ], [ 131.646741289079387, 34.605461120181111 ], [ 131.64727521807427, 34.604315088979611 ], [ 131.647881203287227, 34.603482503183812 ], [ 131.64820860475885, 34.602634367393961 ], [ 131.648195469705939, 34.601943108855444 ], [ 131.647838604640071, 34.601225308559698 ], [ 131.646702380478928, 34.600522067623935 ], [ 131.646654690780423, 34.599787417329168 ], [ 131.646176455811542, 34.598982748360889 ], [ 131.645429593562483, 34.598677122347503 ], [ 131.645223225025774, 34.598265910331754 ], [ 131.64421015345772, 34.597361603723925 ], [ 131.642762921868126, 34.596977306972292 ], [ 131.642251066375849, 34.59668718137597 ], [ 131.641592076848326, 34.594870051935573 ], [ 131.639536573862898, 34.594310393407262 ], [ 131.637118987814006, 34.592499978314819 ], [ 131.6366586090395, 34.59233232238531 ], [ 131.635300227310921, 34.59305717913945 ], [ 131.634847342424365, 34.593084079725237 ], [ 131.634468330835006, 34.59244165755527 ], [ 131.632886056372314, 34.59208922334259 ], [ 131.632362906625389, 34.592216386364093 ], [ 131.631564675239702, 34.591788199153477 ], [ 131.631278017478735, 34.59100573520022 ], [ 131.630905055551523, 34.590788161926071 ], [ 131.631011121667484, 34.590536629186111 ], [ 131.63081393972675, 34.590060503775064 ], [ 131.630929469586562, 34.589693930214104 ], [ 131.630445589606353, 34.589123157065664 ], [ 131.629546021399221, 34.588892279493827 ], [ 131.628854920909589, 34.58805408260168 ], [ 131.627783954114477, 34.588078238744252 ], [ 131.62718539310444, 34.587751619905241 ], [ 131.626634580681269, 34.58676288763273 ], [ 131.626567834637086, 34.585643041690851 ], [ 131.626142664846611, 34.585425083401759 ], [ 131.625893785927047, 34.584869700667227 ], [ 131.625200707585947, 34.584348269625657 ], [ 131.624908973599759, 34.583691840283194 ], [ 131.624342643876162, 34.58309532550868 ], [ 131.624583448480763, 34.582203768269487 ], [ 131.624075044720655, 34.5814022777421 ], [ 131.600110696946928, 34.583434619837959 ], [ 131.599262778129827, 34.584114266320292 ], [ 131.598772239253918, 34.585089956031467 ], [ 131.597887040952827, 34.586012253912294 ], [ 131.597613881486524, 34.586582436643759 ], [ 131.597614540487029, 34.587415469377561 ], [ 131.596892193443807, 34.588482493620901 ], [ 131.596693912792091, 34.58849833588031 ], [ 131.59612242669067, 34.588113397730325 ], [ 131.594185331847285, 34.588132700470794 ], [ 131.593753172842099, 34.588362817330186 ], [ 131.593725890199323, 34.589005558102976 ], [ 131.59270656461976, 34.589650990532739 ], [ 131.592087890742107, 34.590585070346947 ], [ 131.59070248410859, 34.590529277965331 ], [ 131.59001803123752, 34.590687766602414 ], [ 131.589507231591455, 34.590347032281684 ], [ 131.588362296683471, 34.590050778206198 ], [ 131.588103958510374, 34.590307888943251 ], [ 131.587762526509408, 34.591186621731936 ], [ 131.586808429918506, 34.591945690415024 ], [ 131.58628062125311, 34.59222053649605 ], [ 131.584924509859974, 34.592332713558612 ], [ 131.584867491650613, 34.593407160439405 ], [ 131.584690726073887, 34.593798039114148 ], [ 131.584142372195771, 34.594292235112334 ], [ 131.584064087315397, 34.59512910593876 ], [ 131.583516004677222, 34.596487886205381 ], [ 131.583485039076805, 34.596920450392624 ], [ 131.582853623918311, 34.597655821382986 ], [ 131.583023724277439, 34.598759675006391 ], [ 131.582480202460971, 34.599456582005544 ], [ 131.582500700574428, 34.600881016849591 ], [ 131.581920917240893, 34.602397245391685 ], [ 131.581618817299557, 34.602727660630023 ], [ 131.580816223014068, 34.60286989507393 ], [ 131.579896568865365, 34.602671116043403 ], [ 131.578529249638933, 34.603091073006603 ], [ 131.578096509511823, 34.60338634243795 ], [ 131.576630978106749, 34.60313660139105 ], [ 131.575913445269947, 34.603641494291885 ], [ 131.57465951199373, 34.603646993847505 ], [ 131.574034350704522, 34.604024283832892 ], [ 131.572651305366179, 34.604319019653289 ], [ 131.571871657680362, 34.604797392894454 ], [ 131.571143627957127, 34.60498908690824 ], [ 131.57050147191481, 34.604720316214078 ], [ 131.569683193366274, 34.604739438384307 ], [ 131.568920537958235, 34.605678041857679 ], [ 131.567747769338183, 34.606053471999296 ], [ 131.564855902770461, 34.606461589160112 ], [ 131.564234345518372, 34.606679111966031 ], [ 131.563431307034989, 34.607220401109288 ], [ 131.563160055482655, 34.607137089473866 ], [ 131.56276060016927, 34.60668453590592 ], [ 131.562154456197533, 34.605651076221513 ], [ 131.561596923251074, 34.605104217160765 ], [ 131.560525338058056, 34.604839479493194 ], [ 131.560322867701274, 34.604207184457394 ], [ 131.559522670718195, 34.603837719313304 ], [ 131.558970163429876, 34.603873012530393 ], [ 131.557825232266111, 34.60312884840188 ], [ 131.557230249105913, 34.603982273079438 ], [ 131.556687211531226, 34.604440160510734 ], [ 131.556231589530228, 34.605318644077947 ], [ 131.55603179410042, 34.605354554165544 ], [ 131.555702580739222, 34.605940692889632 ], [ 131.555504991560127, 34.605977598864577 ], [ 131.555338865689009, 34.606474404138673 ], [ 131.555428388260339, 34.606608237106215 ], [ 131.555142144034306, 34.606688789057678 ], [ 131.555278163587502, 34.606725524457957 ], [ 131.555168639926279, 34.606937807070814 ], [ 131.55528314155643, 34.607086131937031 ], [ 131.554818311190019, 34.607578773872362 ], [ 131.555770169080262, 34.608474119460496 ], [ 131.555751154419056, 34.609133073948058 ], [ 131.556021916692771, 34.609085683242739 ], [ 131.556405826108687, 34.609517610614454 ], [ 131.556771473067357, 34.610507360233562 ], [ 131.556679515530135, 34.611153274471079 ], [ 131.556805927591739, 34.611462225758245 ], [ 131.557180708331657, 34.612095130061569 ], [ 131.557463512210859, 34.612190202489707 ], [ 131.558072261545107, 34.613190362870796 ], [ 131.557952645082423, 34.61404169349786 ], [ 131.55784113506445, 34.614227781790674 ], [ 131.557675994361716, 34.614146673356849 ], [ 131.557597198232514, 34.614338275417538 ], [ 131.557716756604322, 34.614391127140706 ], [ 131.557477455709517, 34.614455864413792 ], [ 131.557473646053722, 34.614679389830542 ], [ 131.556894005678544, 34.615210235106808 ], [ 131.556771707657902, 34.615681930707922 ], [ 131.556962765832395, 34.615499057115407 ], [ 131.557226321908701, 34.61554262214257 ], [ 131.557595455607014, 34.615762643490783 ], [ 131.557607425139452, 34.615919620874472 ], [ 131.559103220440051, 34.61670232084488 ], [ 131.559030848544751, 34.616906633667192 ], [ 131.559370354630744, 34.617002970812578 ], [ 131.559389140132367, 34.617265345436159 ], [ 131.559762460387077, 34.617065197052639 ], [ 131.560211819498818, 34.617348717374767 ], [ 131.560459805734382, 34.617734917555687 ], [ 131.560076849192058, 34.618362245817359 ], [ 131.560911841920614, 34.618253690121456 ], [ 131.561300631558254, 34.618473805324165 ], [ 131.561611670446439, 34.618438437409992 ], [ 131.561718842951279, 34.61869589607435 ], [ 131.562010614178888, 34.618609861959492 ], [ 131.561988483889877, 34.618806252804553 ], [ 131.562419985441267, 34.618999529419014 ], [ 131.562987448947268, 34.619094309376074 ], [ 131.563623945391498, 34.61973751178229 ], [ 131.563641849563282, 34.619976498143664 ], [ 131.56347937839314, 34.619977388770522 ], [ 131.563588710851548, 34.620085261464148 ], [ 131.56346058777649, 34.620160413852453 ], [ 131.563711084149361, 34.620203904675606 ], [ 131.56365661154598, 34.620349707552847 ], [ 131.563806228893668, 34.62031804605558 ], [ 131.563802467531929, 34.620084482177973 ], [ 131.564416474508022, 34.620530224252477 ], [ 131.564685016550783, 34.620187141304292 ], [ 131.565238497906421, 34.621010226435693 ], [ 131.565159033388539, 34.621290147221117 ], [ 131.565369283401878, 34.621622058760593 ], [ 131.565842021085416, 34.621393650192829 ], [ 131.565988412211965, 34.620752469429902 ], [ 131.566362607983734, 34.620731765743734 ], [ 131.566740935712204, 34.621048159224593 ], [ 131.566696834638378, 34.621262613629838 ], [ 131.567187340691504, 34.621292904229215 ], [ 131.567530173248798, 34.621688566110038 ], [ 131.568279245659113, 34.621251335419409 ], [ 131.568901313844549, 34.621943176794701 ], [ 131.56950885208758, 34.621924446981104 ], [ 131.569479066699444, 34.622121787411011 ], [ 131.56984858021994, 34.621845953563586 ], [ 131.570447995460285, 34.621896622891462 ], [ 131.570688824671606, 34.622071756651884 ], [ 131.570896635760477, 34.621831192454565 ], [ 131.57122862268551, 34.621768715543958 ], [ 131.571898818125561, 34.62228681356995 ], [ 131.572110672036132, 34.622094018409534 ], [ 131.572852157033424, 34.621953376379025 ], [ 131.573184605603132, 34.622124444726651 ], [ 131.57354846338265, 34.621564601226737 ], [ 131.573825277256702, 34.621437057211672 ], [ 131.574065247830902, 34.621584151217363 ], [ 131.574811030722657, 34.621293084158609 ], [ 131.574840080455658, 34.620424964683977 ], [ 131.575348780008085, 34.620963820036955 ], [ 131.575826336613545, 34.620976128984211 ], [ 131.575787248644332, 34.621261745061609 ], [ 131.576770783981658, 34.620198214059215 ], [ 131.577264658233986, 34.620522319201577 ], [ 131.579862599225038, 34.620307749593614 ], [ 131.580209213122089, 34.620488725924226 ], [ 131.580381770581255, 34.620912412923339 ], [ 131.580243912158579, 34.621905232717552 ], [ 131.580575699515833, 34.623109337538949 ], [ 131.579496354821856, 34.623843390773601 ], [ 131.579130405846286, 34.624389717923158 ], [ 131.578529691251219, 34.62467629712043 ], [ 131.578378898920676, 34.625024481395052 ], [ 131.578982576431514, 34.625711535372353 ], [ 131.57954588139873, 34.625782838294739 ], [ 131.579838299105631, 34.625611969543471 ], [ 131.57989902429469, 34.625814252813235 ], [ 131.580083114051632, 34.625842180313512 ], [ 131.580022637562479, 34.625761600687085 ], [ 131.580223122091809, 34.625784253925922 ], [ 131.580226413934582, 34.625625521983615 ], [ 131.580657754835329, 34.625393198766034 ], [ 131.581169865943195, 34.625299302554602 ], [ 131.581441574037683, 34.62543131950212 ], [ 131.581863963226596, 34.625229515327575 ], [ 131.581999804909913, 34.62498225265864 ], [ 131.582863800417528, 34.625098219923132 ], [ 131.58301908497728, 34.624884433184228 ], [ 131.583458341222695, 34.624918924600856 ], [ 131.583472688543537, 34.624737849082855 ], [ 131.583721696067869, 34.624839044880595 ], [ 131.583779715663013, 34.624650852766223 ], [ 131.584808114576049, 34.624497140165964 ], [ 131.585436315630261, 34.624018678734899 ], [ 131.585949806855183, 34.624044649176589 ], [ 131.586276256194083, 34.624306652849029 ], [ 131.586478600598923, 34.624063366225123 ], [ 131.58762979713913, 34.623811068743272 ], [ 131.587963685347802, 34.622845232255003 ], [ 131.586979662876786, 34.621331533344858 ], [ 131.586632037065925, 34.621450597875857 ], [ 131.586542736925395, 34.622063191936434 ], [ 131.584689532570138, 34.622273544269952 ], [ 131.584589509691568, 34.621762736418532 ], [ 131.584401506100477, 34.621668170930263 ], [ 131.584618063723241, 34.621730474798404 ], [ 131.585273960768745, 34.620881683464525 ], [ 131.586575249844145, 34.620681377508348 ], [ 131.587270019452376, 34.620199699893966 ], [ 131.587928259636044, 34.620258744219832 ], [ 131.587906898992486, 34.619881844515909 ], [ 131.588059562050944, 34.619723818808701 ], [ 131.589340968259222, 34.619242229669958 ], [ 131.589692301082977, 34.61937277762069 ], [ 131.589782414258423, 34.61974465092792 ], [ 131.590184570117145, 34.619936711781904 ], [ 131.590538323596633, 34.619718500299243 ], [ 131.591295544788835, 34.619816729886914 ], [ 131.591956524582685, 34.62042920501699 ], [ 131.591792958191604, 34.620902570942462 ], [ 131.590949055401666, 34.621509924827656 ], [ 131.590879300021982, 34.622448850502792 ], [ 131.591291299126851, 34.622168651618502 ], [ 131.591730743902076, 34.622169878806922 ], [ 131.592067972612455, 34.622291340190785 ], [ 131.591991281441864, 34.622502832741638 ], [ 131.592182145663003, 34.622660651007344 ], [ 131.59234861623392, 34.622556775343575 ], [ 131.592653169213406, 34.622672728838651 ], [ 131.592830798395028, 34.622371559956221 ], [ 131.594196969312918, 34.621936241109061 ], [ 131.594667466963614, 34.622185519084596 ], [ 131.594661636983602, 34.622556801130536 ], [ 131.595130989364236, 34.622495896062603 ], [ 131.59529571580984, 34.622329042759198 ], [ 131.595304554644343, 34.622630245679836 ], [ 131.595591361122615, 34.622632433795637 ], [ 131.595806972134596, 34.622362989880195 ], [ 131.596449863350017, 34.622595883228755 ], [ 131.596546687229818, 34.622154594741026 ], [ 131.596879978326399, 34.621893868829915 ], [ 131.5969120092997, 34.621994029533006 ], [ 131.597077008194361, 34.621786607456166 ], [ 131.597988734821428, 34.621783540194706 ], [ 131.598002962313132, 34.621615136149281 ], [ 131.598288801951327, 34.621596608624856 ], [ 131.598236220738272, 34.62147367326321 ], [ 131.59845212858059, 34.621315225557481 ], [ 131.598934764516343, 34.621548207495039 ], [ 131.598149087786283, 34.622574944592451 ], [ 131.598161367229523, 34.623653298455025 ], [ 131.598394364313208, 34.624187969752604 ], [ 131.598207167776678, 34.623652525160928 ], [ 131.598213355503844, 34.622589754482497 ], [ 131.599061429311462, 34.622965021923825 ], [ 131.598254058745965, 34.622536697709904 ], [ 131.598804232650451, 34.621818053193643 ], [ 131.600460537269896, 34.622651497654942 ], [ 131.599932928306799, 34.623423499882456 ], [ 131.600337144139246, 34.623639067745899 ], [ 131.601021560500129, 34.622741579680202 ], [ 131.602995064013328, 34.622964418740821 ], [ 131.603485592418195, 34.623804253027245 ], [ 131.60391035456442, 34.623565483728363 ], [ 131.60398934539856, 34.623652337908737 ], [ 131.603443753466735, 34.624025775307217 ], [ 131.601975080511096, 34.624777090681576 ], [ 131.601277685358724, 34.624534952782227 ], [ 131.6006691829879, 34.624690876056427 ], [ 131.600127809253792, 34.624591023327575 ], [ 131.599875033699817, 34.624074997128098 ], [ 131.599622818944454, 34.623802523316115 ], [ 131.59911536615661, 34.623527028895609 ], [ 131.599830193210181, 34.624097326240481 ], [ 131.600067872395414, 34.624584405094645 ], [ 131.600105651211578, 34.624967724468178 ], [ 131.599871479565252, 34.625561633893675 ], [ 131.600060435721332, 34.625677879065648 ], [ 131.600368663518594, 34.625582822958556 ], [ 131.601355193342869, 34.626453848066475 ], [ 131.601619888970987, 34.626822866008773 ], [ 131.601676648819392, 34.627298256178101 ], [ 131.601941706437287, 34.62728765366041 ], [ 131.602399310524845, 34.6276819343067 ], [ 131.602163307230086, 34.627906218716028 ], [ 131.602298214214272, 34.628116023157098 ], [ 131.602261135973862, 34.627954565271729 ], [ 131.602688831463098, 34.627764412245227 ], [ 131.603526545820699, 34.627912532696925 ], [ 131.604097541523174, 34.62733918889996 ], [ 131.604683694521668, 34.627587136974256 ], [ 131.604609852699127, 34.627052085099365 ], [ 131.604736211507173, 34.626912933620766 ], [ 131.605248394287628, 34.627459867541184 ], [ 131.605446955730656, 34.628100014061658 ], [ 131.606404003757234, 34.628179219624307 ], [ 131.606838312138251, 34.627815118636448 ], [ 131.607118500598773, 34.627994032975828 ], [ 131.606970537462644, 34.628426080661626 ], [ 131.605190499495251, 34.62957816446022 ], [ 131.60477757361096, 34.629352710984193 ], [ 131.604541432504988, 34.629439941281426 ], [ 131.604547714382164, 34.62963914983397 ], [ 131.605517471528316, 34.630262994184868 ], [ 131.605517765541435, 34.630700231423745 ], [ 131.605257678950466, 34.630938920815666 ], [ 131.604737684011468, 34.631067241442956 ], [ 131.604609363856582, 34.631818429194688 ], [ 131.603938881273592, 34.632262568922634 ], [ 131.603026965840826, 34.633567239449611 ], [ 131.60260612454789, 34.633861100158853 ], [ 131.602283602700652, 34.633653100966832 ], [ 131.60193266581939, 34.632973504591924 ], [ 131.602803528109774, 34.631125911160659 ], [ 131.60308130422095, 34.62939980557492 ], [ 131.602853322778458, 34.629407765021853 ], [ 131.602776636535367, 34.629615745368447 ], [ 131.601989668545798, 34.629546173886958 ], [ 131.601964687456189, 34.629693117997746 ], [ 131.602352643482561, 34.629899448822393 ], [ 131.602442560600025, 34.630154121095849 ], [ 131.602070515206748, 34.630655414980744 ], [ 131.601587313174207, 34.630980536209421 ], [ 131.601031630974575, 34.631061767728298 ], [ 131.60051954347486, 34.630821330306041 ], [ 131.599971011215359, 34.630809762728369 ], [ 131.599394720839229, 34.631352496195568 ], [ 131.59903984756437, 34.631412117429974 ], [ 131.598461988833463, 34.630908233919968 ], [ 131.598742986670487, 34.630960959866364 ], [ 131.599189134006878, 34.630635818639306 ], [ 131.599479081278815, 34.630174579085356 ], [ 131.599947113533176, 34.629837844325216 ], [ 131.5999006936093, 34.62960323376565 ], [ 131.599192679714349, 34.629470061009783 ], [ 131.598301585521398, 34.628358023177626 ], [ 131.597999092563555, 34.628253781176987 ], [ 131.597725590182591, 34.628696077831208 ], [ 131.597782104591204, 34.629367127536426 ], [ 131.597392914963393, 34.629499549006091 ], [ 131.597093644750231, 34.629403489643508 ], [ 131.597388193573096, 34.629554604529822 ], [ 131.597791571490546, 34.629415768628348 ], [ 131.597920174442521, 34.629593151945848 ], [ 131.598295999550402, 34.629658858089208 ], [ 131.598026131852123, 34.63020484671592 ], [ 131.598118702710508, 34.630543347939614 ], [ 131.598515934081206, 34.630831856782152 ], [ 131.598064222641824, 34.630860456121454 ], [ 131.597885158447582, 34.63120388629094 ], [ 131.597343098132939, 34.631205014182591 ], [ 131.597247662467112, 34.631448823069078 ], [ 131.596013263599076, 34.632206655524776 ], [ 131.595991130113816, 34.632577160352888 ], [ 131.595723178792895, 34.632840019844458 ], [ 131.595968214719363, 34.633373063706813 ], [ 131.59541263206529, 34.633754448173377 ], [ 131.594954049064256, 34.633826248338941 ], [ 131.594396501454383, 34.63369826240168 ], [ 131.594270256846187, 34.633338892651814 ], [ 131.594806315683343, 34.632623860157125 ], [ 131.594817705021029, 34.631919744554843 ], [ 131.595182024422968, 34.631277855840004 ], [ 131.594320753691278, 34.630748253386471 ], [ 131.593901935673102, 34.629796026565216 ], [ 131.592279846556124, 34.628572178387074 ], [ 131.591369361646201, 34.628544494435708 ], [ 131.591277523919757, 34.629364442670578 ], [ 131.591534045292235, 34.629808245026084 ], [ 131.591607562425907, 34.630379366466755 ], [ 131.59129109735369, 34.630404916589718 ], [ 131.59152484687732, 34.630512371734504 ], [ 131.591360903179606, 34.630717115141316 ], [ 131.590862877484454, 34.630820266312654 ], [ 131.590958825655377, 34.631140759326293 ], [ 131.590350068265764, 34.631478624889326 ], [ 131.590021109514595, 34.63189359712009 ], [ 131.589947745085652, 34.632251181386117 ], [ 131.589632879035122, 34.632358716345429 ], [ 131.589878914008864, 34.632427496143414 ], [ 131.589784675458333, 34.632803011249962 ], [ 131.589278321517526, 34.632845686928803 ], [ 131.589182267123789, 34.633329375873608 ], [ 131.588976786284263, 34.633390520861909 ], [ 131.589283879704283, 34.633458746284553 ], [ 131.589395000598017, 34.633322214114983 ], [ 131.589480993167228, 34.633504756809849 ], [ 131.589702498449611, 34.633492283866332 ], [ 131.589863181222512, 34.633754485651508 ], [ 131.589816429669497, 34.634046272302733 ], [ 131.590261675759507, 34.633858216212076 ], [ 131.590915181129105, 34.633990197092501 ], [ 131.591160083859478, 34.634378162599781 ], [ 131.591114591835606, 34.634648403074891 ], [ 131.591525143846781, 34.634264521862185 ], [ 131.591888766179807, 34.634204822947893 ], [ 131.592275656364791, 34.634410475672439 ], [ 131.592391149072313, 34.634740074458165 ], [ 131.591998150357028, 34.634950922276481 ], [ 131.592122686664624, 34.635241826879479 ], [ 131.591972397640262, 34.635361977992247 ], [ 131.591843759068354, 34.636303457029953 ], [ 131.592128555815719, 34.636443549627778 ], [ 131.592760670807877, 34.636046341406015 ], [ 131.592919836163162, 34.636531093593206 ], [ 131.592687030301477, 34.636760869177621 ], [ 131.592909237656897, 34.636647395281017 ], [ 131.592987519848492, 34.636998511452028 ], [ 131.593260053890475, 34.636859073053863 ], [ 131.593176733831086, 34.637079552616029 ], [ 131.593476154297207, 34.637318033735518 ], [ 131.593795013822671, 34.637425039166423 ], [ 131.59412890835884, 34.637247292323892 ], [ 131.594373557675283, 34.637514389824631 ], [ 131.594406248827454, 34.637680337567502 ], [ 131.594125087467688, 34.637959473181724 ], [ 131.594279660247082, 34.638482093176833 ], [ 131.59376843356273, 34.638435600394089 ], [ 131.593714882940304, 34.638608327174182 ], [ 131.593461491807233, 34.638658549104086 ], [ 131.59383894130417, 34.63880907516161 ], [ 131.593753032921086, 34.63925140123402 ], [ 131.593891918634228, 34.639675767515328 ], [ 131.593190294629608, 34.640028565811889 ], [ 131.59331186526444, 34.640275223593356 ], [ 131.593198234572327, 34.640460344963536 ], [ 131.593772186338725, 34.640749700313208 ], [ 131.593719710219602, 34.641082169144795 ], [ 131.593921821659791, 34.641514016464313 ], [ 131.594187131158805, 34.641479202760053 ], [ 131.594330999594433, 34.641811609284545 ], [ 131.593936711056529, 34.64220642384327 ], [ 131.593409833305344, 34.641892076854425 ], [ 131.593045265023648, 34.64192374524675 ], [ 131.592326086258026, 34.642291810994976 ], [ 131.592289711435882, 34.642667459579798 ], [ 131.591870006684474, 34.642630405103716 ], [ 131.591501793975056, 34.642874753609817 ], [ 131.591092571509279, 34.642584335508396 ], [ 131.590647161792162, 34.64263547704445 ], [ 131.590746585599305, 34.643083888715111 ], [ 131.591242521591852, 34.643299919108479 ], [ 131.591064231311066, 34.643369367761728 ], [ 131.59152419012716, 34.644533651449954 ], [ 131.59119119100788, 34.645045944631995 ], [ 131.590780919447582, 34.644906102219167 ], [ 131.590551533899031, 34.645111381883211 ], [ 131.59058535962896, 34.645266630688631 ], [ 131.590882192554574, 34.645247326828141 ], [ 131.59102344464867, 34.645803274154474 ], [ 131.590673533202306, 34.645764714155121 ], [ 131.590518951262993, 34.646034439022529 ], [ 131.590608362918459, 34.646198966367344 ], [ 131.590930451902381, 34.646157244480158 ], [ 131.590944057276488, 34.646402409239911 ], [ 131.591283959365938, 34.646465430788801 ], [ 131.591845314493867, 34.645891952593736 ], [ 131.59222431331699, 34.645827957138373 ], [ 131.592524199553026, 34.646157439683641 ], [ 131.592677635732542, 34.64557668236823 ], [ 131.59311556522016, 34.645822154788789 ], [ 131.593162554890256, 34.646127202358265 ], [ 131.593350519435575, 34.646237959640864 ], [ 131.593906550613355, 34.646120700056322 ], [ 131.594058261347328, 34.646267487528448 ], [ 131.594484260133498, 34.645868312177676 ], [ 131.594656359154499, 34.646223389532238 ], [ 131.595290358623203, 34.645871250121857 ], [ 131.595865754298501, 34.646273291882402 ], [ 131.596250156400259, 34.646689791663796 ], [ 131.595973291324754, 34.647296036191527 ], [ 131.596158809592282, 34.647447486628899 ], [ 131.596254084757618, 34.647871647485303 ], [ 131.596103396749101, 34.648371285810811 ], [ 131.596375989980203, 34.648389747432802 ], [ 131.596582207364634, 34.64806348929347 ], [ 131.597010497007687, 34.648126767400527 ], [ 131.59778152145924, 34.649276146434147 ], [ 131.597680543115587, 34.650646973345921 ], [ 131.597036172027629, 34.652188238086701 ], [ 131.597130303943601, 34.652781005947894 ], [ 131.59755634673337, 34.653339121987337 ], [ 131.598047397048703, 34.65347762428248 ], [ 131.598096510232608, 34.653793383072177 ], [ 131.598312502074265, 34.653641132208328 ], [ 131.598674416743052, 34.65416302040142 ], [ 131.599180263893317, 34.654376244293992 ], [ 131.599486875296122, 34.655166496159353 ], [ 131.599445310135053, 34.655663122631232 ], [ 131.599594247837899, 34.656064989552526 ], [ 131.599314351391541, 34.657433989650166 ], [ 131.599536759152556, 34.657773937327498 ], [ 131.601695654416545, 34.658612514784394 ], [ 131.602085141175053, 34.659253410380131 ], [ 131.602059092650194, 34.659556284376663 ], [ 131.601790631321336, 34.659727172677911 ], [ 131.601864443839446, 34.659947541837809 ], [ 131.602435499958631, 34.660524341792531 ], [ 131.60283941384526, 34.660647917020619 ], [ 131.602894727377873, 34.660535483389204 ], [ 131.603076455378698, 34.660768042023356 ], [ 131.603766906381338, 34.660959708640924 ], [ 131.603914615993773, 34.661219155704465 ], [ 131.603728493308807, 34.661957536164358 ], [ 131.604782516882636, 34.662437386928474 ], [ 131.604388175682544, 34.662668268782156 ], [ 131.604627510166068, 34.662929824808018 ], [ 131.605096335570778, 34.662657027471944 ], [ 131.605044047612978, 34.662485499532494 ], [ 131.605403537752238, 34.662404190520832 ], [ 131.605305582876895, 34.662045952399389 ], [ 131.605520419802247, 34.66189537628199 ], [ 131.606441693550153, 34.661671563754197 ], [ 131.607432675588399, 34.66179246986345 ], [ 131.608105384816469, 34.662509582065823 ], [ 131.60903578316379, 34.662552582495351 ], [ 131.60953585472231, 34.662824339114614 ], [ 131.609615474496422, 34.663154740105455 ], [ 131.609475389412609, 34.663382998792279 ], [ 131.609604746369286, 34.663617983310729 ], [ 131.610478352877578, 34.663666204442919 ], [ 131.610632327646499, 34.663974266049586 ], [ 131.610815794183509, 34.663950874677006 ], [ 131.610628901638506, 34.664487265470626 ], [ 131.611653701402531, 34.665103131116005 ], [ 131.611559791263545, 34.665444432104529 ], [ 131.611929983929315, 34.665887857003916 ], [ 131.612411594227638, 34.665985551267589 ], [ 131.61227726649463, 34.666168904790254 ], [ 131.612568883531992, 34.666450543720963 ], [ 131.612545745349763, 34.666814704752078 ], [ 131.613189605887356, 34.666799599378393 ], [ 131.613293555317227, 34.666428621193639 ] ] ] } },
{ "type": "Feature", "properties": { "CITY_NAME": "萩市", "S_NAME": "大字須佐", "JINKO": 0, "medical_area": "35_萩医療圏", "町丁目名": "萩市大字須佐" }, "geometry": { "type": "Polygon", "coordinates": [ [ [ 131.586595341912499, 34.638166268679925 ], [ 131.586582047451657, 34.638356511126396 ], [ 131.5867287298272, 34.638438346397123 ], [ 131.586726991063614, 34.638369737545247 ], [ 131.586595341912499, 34.638166268679925 ] ] ] } },
{ "type": "Feature", "properties": { "CITY_NAME": "萩市", "S_NAME": "大字須佐", "JINKO": 0, "medical_area": "35_萩医療圏", "町丁目名": "萩市大字須佐" }, "geometry": { "type": "Polygon", "coordinates": [ [ [ 131.586267845795192, 34.637580551738424 ], [ 131.586060763193302, 34.637557872458999 ], [ 131.586070948475935, 34.637814854249143 ], [ 131.586267845795192, 34.637580551738424 ] ] ] } },
{ "type": "Feature", "properties": { "CITY_NAME": "萩市", "S_NAME": "大字須佐", "JINKO": 0, "medical_area": "35_萩医療圏", "町丁目名": "萩市大字須佐" }, "geometry": { "type": "Polygon", "coordinates": [ [ [ 131.579475451300567, 34.631600750608172 ], [ 131.580006049799351, 34.631524837118477 ], [ 131.579882051595234, 34.631473813287833 ], [ 131.579995665215051, 34.631141643224254 ], [ 131.57977607292537, 34.631035225326826 ], [ 131.579475451300567, 34.631600750608172 ] ] ] } },
{ "type": "Feature", "properties": { "CITY_NAME": "萩市", "S_NAME": "大字須佐", "JINKO": 0, "medical_area": "35_萩医療圏", "町丁目名": "萩市大字須佐" }, "geometry": { "type": "Polygon", "coordinates": [ [ [ 131.581852111816545, 34.631421972783841 ], [ 131.581901755040604, 34.631183307974354 ], [ 131.582061371166276, 34.631441003385767 ], [ 131.582488898099569, 34.631129346261474 ], [ 131.582542614725071, 34.630777024074938 ], [ 131.582335366096373, 34.630629115144309 ], [ 131.582270022450274, 34.630457514633626 ], [ 131.582420115140081, 34.630517675827797 ], [ 131.582211707005314, 34.630219179555915 ], [ 131.582482769565132, 34.630294426096889 ], [ 131.582080943507179, 34.629893162746157 ], [ 131.582582661853081, 34.630046140253576 ], [ 131.58261029653741, 34.629676649599709 ], [ 131.582733267862835, 34.629715973555562 ], [ 131.582842792073592, 34.629497455240092 ], [ 131.582802679402192, 34.629147503339631 ], [ 131.58219902273035, 34.629225758793673 ], [ 131.582049070419799, 34.629614385663501 ], [ 131.581986375745117, 34.629222911368046 ], [ 131.581709660518186, 34.62918285260352 ], [ 131.581397209148179, 34.629573518876008 ], [ 131.581654174073122, 34.6297874487435 ], [ 131.581279132026282, 34.62976579371356 ], [ 131.581219335719908, 34.630054979676153 ], [ 131.580834988981195, 34.630272179993625 ], [ 131.580839691505361, 34.63084649723681 ], [ 131.581072545406556, 34.631388522013587 ], [ 131.581852111816545, 34.631421972783841 ] ] ] } },
{ "type": "Feature", "properties": { "CITY_NAME": "萩市", "S_NAME": "大字須佐", "JINKO": 0, "medical_area": "35_萩医療圏", "町丁目名": "萩市大字須佐" }, "geometry": { "type": "Polygon", "coordinates": [ [ [ 131.594852578958154, 34.629691469403184 ], [ 131.59525891069157, 34.629128097250558 ], [ 131.595686844190624, 34.629067844442922 ], [ 131.596327859811595, 34.6286300929033 ], [ 131.596266968300796, 34.628444996451641 ], [ 131.595943787393054, 34.628338820273115 ], [ 131.594734551989774, 34.628612614358687 ], [ 131.594774792448163, 34.628950872690019 ], [ 131.59520333473688, 34.629118821149376 ], [ 131.594852578958154, 34.629691469403184 ] ] ] } },
{ "type": "Feature", "properties": { "CITY_NAME": "萩市", "S_NAME": "大字須佐", "JINKO": 0, "medical_area": "35_萩医療圏", "町丁目名": "萩市大字須佐" }, "geometry": { "type": "Polygon", "coordinates": [ [ [ 131.564146306436953, 34.621698031435422 ], [ 131.563894860129182, 34.620725989735085 ], [ 131.563752206103601, 34.620701763741742 ], [ 131.563357883499407, 34.621242555006809 ], [ 131.563394259528735, 34.621489802493009 ], [ 131.563696718755864, 34.621587639404787 ], [ 131.563893824041884, 34.621475075849382 ], [ 131.564146306436953, 34.621698031435422 ] ] ] } },
{ "type": "Feature", "properties": { "CITY_NAME": "萩市", "S_NAME": "大字須佐", "JINKO": 0, "medical_area": "35_萩医療圏", "町丁目名": "萩市大字須佐" }, "geometry": { "type": "Polygon", "coordinates": [ [ [ 131.591208960984545, 34.675817270625622 ], [ 131.591891071399345, 34.675328328731986 ], [ 131.59187825605423, 34.674974006436372 ], [ 131.592155220985092, 34.674525406970801 ], [ 131.5919403932009, 34.674030397742307 ], [ 131.591363784901773, 34.674415320653942 ], [ 131.590707804744795, 34.675539942587015 ], [ 131.591208960984545, 34.675817270625622 ] ] ] } },
{ "type": "Feature", "properties": { "CITY_NAME": "萩市", "S_NAME": "大字須佐", "JINKO": 0, "medical_area": "35_萩医療圏", "町丁目名": "萩市大字須佐" }, "geometry": { "type": "Polygon", "coordinates": [ [ [ 131.604643794004403, 34.674911911893879 ], [ 131.605361400955559, 34.674810563992189 ], [ 131.605702394608244, 34.674407445943082 ], [ 131.605745107100802, 34.673894630150798 ], [ 131.605557712852885, 34.673529502980713 ], [ 131.605257809395766, 34.673338804203439 ], [ 131.604844397567604, 34.673640731099162 ], [ 131.604186393498679, 34.673160881553478 ], [ 131.603491939748523, 34.672903417531941 ], [ 131.603403738340432, 34.674001858523347 ], [ 131.603938577192679, 34.674630031831803 ], [ 131.604643794004403, 34.674911911893879 ] ] ] } },
{ "type": "Feature", "properties": { "CITY_NAME": "萩市", "S_NAME": "大字須佐", "JINKO": 0, "medical_area": "35_萩医療圏", "町丁目名": "萩市大字須佐" }, "geometry": { "type": "Polygon", "coordinates": [ [ [ 131.609700650723653, 34.679134324835509 ], [ 131.610406327766384, 34.67869849284498 ], [ 131.610371526430953, 34.678356612222963 ], [ 131.610568754909025, 34.67823679527806 ], [ 131.610146939447816, 34.67767143211897 ], [ 131.609108954605631, 34.678188568902662 ], [ 131.609095487517237, 34.679060279587226 ], [ 131.609700650723653, 34.679134324835509 ] ] ] } },
{ "type": "Feature", "properties": { "CITY_NAME": "萩市", "S_NAME": "大字須佐", "JINKO": 0, "medical_area": "35_萩医療圏", "町丁目名": "萩市大字須佐" }, "geometry": { "type": "Polygon", "coordinates": [ [ [ 131.580268294321542, 34.630211712082541 ], [ 131.580096860526169, 34.63024244343616 ], [ 131.580272638787761, 34.630369498192849 ], [ 131.580051126019413, 34.630851733847955 ], [ 131.580618194843765, 34.631168995659678 ], [ 131.580709943654966, 34.630995470689626 ], [ 131.580268294321542, 34.630211712082541 ] ] ] } },
{ "type": "Feature", "properties": { "CITY_NAME": "萩市", "S_NAME": "大字須佐", "JINKO": 0, "medical_area": "35_萩医療圏", "町丁目名": "萩市大字須佐" }, "geometry": { "type": "Polygon", "coordinates": [ [ [ 131.583534692970687, 34.630368888967567 ], [ 131.583568876117852, 34.629530638816426 ], [ 131.58327138153922, 34.629342578379649 ], [ 131.58313318372717, 34.629610544591934 ], [ 131.583246943201772, 34.630188059186409 ], [ 131.583435886906642, 34.630144869439739 ], [ 131.583534692970687, 34.630368888967567 ] ] ] } },
{ "type": "Feature", "properties": { "CITY_NAME": "萩市", "S_NAME": "大字須佐", "JINKO": 0, "medical_area": "35_萩医療圏", "町丁目名": "萩市大字須佐" }, "geometry": { "type": "Polygon", "coordinates": [ [ [ 131.589036422970082, 34.676906815412551 ], [ 131.588187634565628, 34.676876726930026 ], [ 131.587650894630997, 34.677168854000207 ], [ 131.587502746689211, 34.677600870358731 ], [ 131.587665952238552, 34.677829839338038 ], [ 131.587452267624883, 34.678110964337584 ], [ 131.587766935174784, 34.678211576488188 ], [ 131.587895277795127, 34.677806560453128 ], [ 131.588574194363474, 34.677623146916339 ], [ 131.588667935937764, 34.677481182825836 ], [ 131.588506813528568, 34.677271241122497 ], [ 131.588941054054402, 34.677123710002512 ], [ 131.589036422970082, 34.676906815412551 ] ] ] } },
{ "type": "Feature", "properties": { "CITY_NAME": "萩市", "S_NAME": "大字須佐", "JINKO": 0, "medical_area": "35_萩医療圏", "町丁目名": "萩市大字須佐" }, "geometry": { "type": "Polygon", "coordinates": [ [ [ 131.596351641828562, 34.65992002291506 ], [ 131.596948616509337, 34.659729837775288 ], [ 131.596803175657101, 34.659459689968216 ], [ 131.597020836850817, 34.659383093374515 ], [ 131.596684130073157, 34.659162478215791 ], [ 131.596191066061124, 34.659470346189678 ], [ 131.596086471354738, 34.65976453793985 ], [ 131.596351641828562, 34.65992002291506 ] ] ] } },
{ "type": "Feature", "properties": { "CITY_NAME": "萩市", "S_NAME": "大字須佐", "JINKO": 0, "medical_area": "35_萩医療圏", "町丁目名": "萩市大字須佐" }, "geometry": { "type": "Polygon", "coordinates": [ [ [ 131.58607938982604, 34.638169304569658 ], [ 131.586039327313557, 34.638440414236349 ], [ 131.586113288500485, 34.638630931704945 ], [ 131.586167113088607, 34.638421161703057 ], [ 131.58607938982604, 34.638169304569658 ] ] ] } },
{ "type": "Feature", "properties": { "CITY_NAME": "萩市", "S_NAME": "大字須佐", "JINKO": 0, "medical_area": "35_萩医療圏", "町丁目名": "萩市大字須佐" }, "geometry": { "type": "Polygon", "coordinates": [ [ [ 131.586403162070184, 34.637728116086812 ], [ 131.586194247794253, 34.637968700352047 ], [ 131.586356972174713, 34.638568140801567 ], [ 131.586468693837361, 34.638340616664962 ], [ 131.586403162070184, 34.637728116086812 ] ] ] } },
{ "type": "Feature", "properties": { "CITY_NAME": "萩市", "S_NAME": "大字弥富上", "JINKO": 91, "medical_area": "35_萩医療圏", "町丁目名": "萩市大字弥富上" }, "geometry": { "type": "Polygon", "coordinates": [ [ [ 131.62472316797394, 34.574749243538008 ], [ 131.624760664077087, 34.57433175871202 ], [ 131.625782879357473, 34.573072900546357 ], [ 131.625987952970945, 34.572324991413623 ], [ 131.626890193373214, 34.570763022340721 ], [ 131.626891822925671, 34.570511029193256 ], [ 131.626425837220751, 34.56988989419095 ], [ 131.625912478405951, 34.568519596748175 ], [ 131.626198787685979, 34.567991787863463 ], [ 131.628134552796809, 34.567438690740644 ], [ 131.628824561271216, 34.567060126697037 ], [ 131.630175542926764, 34.566094381911206 ], [ 131.63099874554058, 34.565255627921665 ], [ 131.630782476946507, 34.564786461540436 ], [ 131.629689564346421, 34.564021037085254 ], [ 131.628735758592342, 34.563035767059709 ], [ 131.627688118579272, 34.561192811062995 ], [ 131.627159481132935, 34.559577394182533 ], [ 131.627068608056703, 34.554466550465015 ], [ 131.625701591757064, 34.553681450166629 ], [ 131.624137576938921, 34.552150745715032 ], [ 131.625136670286537, 34.552031344706194 ], [ 131.625101988337747, 34.551047439758143 ], [ 131.624885210979329, 34.550773077815286 ], [ 131.624229088401933, 34.55054114258315 ], [ 131.622710090163167, 34.550892478139723 ], [ 131.621703930075171, 34.550885191353089 ], [ 131.62140083537858, 34.550659033379773 ], [ 131.620333697271292, 34.54860422884672 ], [ 131.61956022675588, 34.547996636537739 ], [ 131.618971040824135, 34.548123030557917 ], [ 131.618490532719903, 34.548822356151739 ], [ 131.618223015558073, 34.549039067395668 ], [ 131.617864440015978, 34.549064928737486 ], [ 131.616805944225348, 34.548691134499428 ], [ 131.615643466562375, 34.546908843055576 ], [ 131.613882900904485, 34.54724770598267 ], [ 131.613351209940276, 34.547669431257731 ], [ 131.612818759252178, 34.546980340141644 ], [ 131.61199633256166, 34.547479343453027 ], [ 131.611457326115925, 34.546965163335166 ], [ 131.610656131865909, 34.54712534898259 ], [ 131.609985570358106, 34.546817203678259 ], [ 131.609629494927987, 34.545711392880115 ], [ 131.609164969291214, 34.54541755897452 ], [ 131.608741832596849, 34.545420137188259 ], [ 131.608556709863734, 34.545527049114149 ], [ 131.608092009977184, 34.546474035236244 ], [ 131.606726424282726, 34.547073769650886 ], [ 131.604813500882273, 34.548804335156319 ], [ 131.60483152480964, 34.549749162750132 ], [ 131.604530308784604, 34.55017416176171 ], [ 131.60319958349595, 34.549620384895498 ], [ 131.603058267756438, 34.549660161405846 ], [ 131.602886808589858, 34.550148578380309 ], [ 131.602549042980229, 34.550362538901432 ], [ 131.601296377018457, 34.550695532352258 ], [ 131.600445436077592, 34.550583985104183 ], [ 131.599949781866883, 34.550882430034818 ], [ 131.599800965861505, 34.551624498360923 ], [ 131.599364392306029, 34.55200857653638 ], [ 131.599565298300348, 34.552776913826179 ], [ 131.598686726540308, 34.554334829709831 ], [ 131.598017681381208, 34.554596540928877 ], [ 131.597950790889996, 34.554856536173169 ], [ 131.598192881390986, 34.555158390492387 ], [ 131.598091313004289, 34.555335259589548 ], [ 131.597499549113508, 34.555404209890611 ], [ 131.596962461322846, 34.556200663448173 ], [ 131.595996663890134, 34.556615931993761 ], [ 131.595917544636677, 34.557082367357864 ], [ 131.595715806761177, 34.557229471100854 ], [ 131.595373290464977, 34.557335632669961 ], [ 131.594875946250113, 34.557077517884615 ], [ 131.593769362963172, 34.557058833737877 ], [ 131.593225328738924, 34.557285186783631 ], [ 131.592451903896915, 34.557333124346698 ], [ 131.591200744619186, 34.557040052268491 ], [ 131.59002109517445, 34.557389054033266 ], [ 131.589543801495893, 34.557373428406912 ], [ 131.589233153669795, 34.557578465092746 ], [ 131.589178025449627, 34.558096564147476 ], [ 131.589488806767463, 34.558654557962072 ], [ 131.58993154296877, 34.558966245486843 ], [ 131.591101460511823, 34.559254722476261 ], [ 131.591443131139044, 34.559520574401063 ], [ 131.591385828354362, 34.560102895052751 ], [ 131.591049737007182, 34.56073771620089 ], [ 131.591335900723948, 34.561437010519178 ], [ 131.591113924829017, 34.562158569609629 ], [ 131.591259472699278, 34.563083842013718 ], [ 131.592227980797503, 34.563465455178054 ], [ 131.593433879516937, 34.56476783004954 ], [ 131.594271144646115, 34.56488738238491 ], [ 131.594829288241272, 34.565523280983818 ], [ 131.595086484138704, 34.566351173403184 ], [ 131.595865529718196, 34.566994435390036 ], [ 131.595410958009182, 34.567924093341453 ], [ 131.596216982304554, 34.568714674667049 ], [ 131.596096726121658, 34.570327500933473 ], [ 131.595357082368338, 34.570970174609116 ], [ 131.595638360199302, 34.571435752261728 ], [ 131.595684657402472, 34.571905447548843 ], [ 131.59514823472378, 34.572728659091744 ], [ 131.595593784025141, 34.573122460240135 ], [ 131.595800424865644, 34.573546700367004 ], [ 131.5965804195489, 34.57388021747127 ], [ 131.596720355968102, 34.574216954991101 ], [ 131.596637085841763, 34.574696612085098 ], [ 131.597669189068569, 34.574746621609542 ], [ 131.598309148218988, 34.574572113832104 ], [ 131.598993540088401, 34.57477488516421 ], [ 131.598681318233986, 34.575867903441043 ], [ 131.599055445089874, 34.576689995889176 ], [ 131.599641701233423, 34.577127682566804 ], [ 131.599620139862765, 34.579368061012232 ], [ 131.599804812178007, 34.579666124790165 ], [ 131.600540773847825, 34.580138163394643 ], [ 131.600801257898127, 34.582739026166159 ], [ 131.600627573002214, 34.583067123405542 ], [ 131.600110696946928, 34.583434619837959 ], [ 131.624075044720655, 34.5814022777421 ], [ 131.624196168107147, 34.580844871533159 ], [ 131.623920361257348, 34.579072624132387 ], [ 131.624045476615407, 34.578569184543255 ], [ 131.623825302711225, 34.576959024123546 ], [ 131.623550107453866, 34.576439438084755 ], [ 131.62472316797394, 34.574749243538008 ] ] ] } },
{ "type": "Feature", "properties": { "CITY_NAME": "萩市", "S_NAME": "大字弥富下", "JINKO": 270, "medical_area": "35_萩医療圏", "町丁目名": "萩市大字弥富下" }, "geometry": { "type": "Polygon", "coordinates": [ [ [ 131.634900673073105, 34.555941833847378 ], [ 131.635128594432359, 34.555683646556815 ], [ 131.63711291372843, 34.555656202991671 ], [ 131.637742821123538, 34.555813732651025 ], [ 131.638366772619577, 34.556226890015139 ], [ 131.639191233925914, 34.555208109457269 ], [ 131.639862605459911, 34.554669548816022 ], [ 131.641040713713551, 34.554358817265879 ], [ 131.641583959138728, 34.553709824626104 ], [ 131.641358122302279, 34.553125984818664 ], [ 131.641813277716722, 34.552703254207685 ], [ 131.641956979628304, 34.551990990386884 ], [ 131.642366207714872, 34.551254933364739 ], [ 131.643066953183677, 34.550523644671038 ], [ 131.642950784955985, 34.549623066623994 ], [ 131.643673860099966, 34.549489528306054 ], [ 131.644102128581153, 34.54918175244682 ], [ 131.646791916572568, 34.549722414030001 ], [ 131.647087714544142, 34.549730713481502 ], [ 131.647403871609271, 34.549264125712 ], [ 131.648031176827402, 34.549137195228219 ], [ 131.649800223895852, 34.549421883650894 ], [ 131.651402513277134, 34.547815946143871 ], [ 131.652910712340883, 34.547354347507024 ], [ 131.655859289594019, 34.546844649863417 ], [ 131.657044997912607, 34.546460813936328 ], [ 131.659081976831885, 34.547034397008964 ], [ 131.659771152789261, 34.546749331741168 ], [ 131.660036402585291, 34.546052044652285 ], [ 131.660640327628698, 34.545471532523173 ], [ 131.663952317072898, 34.545287046665628 ], [ 131.665692058599973, 34.545576211995218 ], [ 131.665953619697603, 34.545430369028317 ], [ 131.668986034875275, 34.545599565492722 ], [ 131.669293370208095, 34.545728016708146 ], [ 131.669710450077105, 34.546332176859842 ], [ 131.670893342892839, 34.546679848130644 ], [ 131.670924229732123, 34.547864325906033 ], [ 131.671550663017484, 34.548724709795259 ], [ 131.671377174858151, 34.54924856800389 ], [ 131.671800108259617, 34.550564087996484 ], [ 131.673051606220696, 34.552304270898439 ], [ 131.673680936386546, 34.554045451103526 ], [ 131.673727637641434, 34.554974335032597 ], [ 131.673514944879827, 34.555628761068839 ], [ 131.672937720665061, 34.556108736228225 ], [ 131.673882591605661, 34.556738960431169 ], [ 131.675125934135536, 34.556923992749141 ], [ 131.675466793449118, 34.556680547351306 ], [ 131.675354761435926, 34.55500976638929 ], [ 131.67564478280579, 34.554528623747785 ], [ 131.676149556394307, 34.554523326384896 ], [ 131.676221480911437, 34.554880134405295 ], [ 131.677958193161231, 34.554693268192075 ], [ 131.678433374129725, 34.555046054240549 ], [ 131.679174836072804, 34.555212133602289 ], [ 131.679539353102967, 34.555069345160774 ], [ 131.679967108384631, 34.554469428302589 ], [ 131.680390891992602, 34.552593854083028 ], [ 131.68062224468099, 34.55241644518614 ], [ 131.680586712118384, 34.552188673201229 ], [ 131.680032543609826, 34.551711204501103 ], [ 131.67983615309501, 34.546638454732701 ], [ 131.67992176553534, 34.545847580950976 ], [ 131.680998477291979, 34.542550936097356 ], [ 131.679778197193912, 34.541169743682353 ], [ 131.679054536717814, 34.539118335474448 ], [ 131.677063231938064, 34.535060812334116 ], [ 131.675546959543624, 34.534006611653112 ], [ 131.670333679849676, 34.531810049519763 ], [ 131.666031232034612, 34.524969142643727 ], [ 131.664277017792358, 34.522873236550403 ], [ 131.657814310256555, 34.520564080138463 ], [ 131.656413196132974, 34.52499730259666 ], [ 131.655950554621114, 34.525622915598042 ], [ 131.654342666934667, 34.526725469919249 ], [ 131.653669002953251, 34.527106347364992 ], [ 131.650615499744674, 34.526871584904015 ], [ 131.649572771609286, 34.527176919282063 ], [ 131.648734027762288, 34.526905574402299 ], [ 131.647038092833554, 34.527006402778831 ], [ 131.645336109611236, 34.527696574982308 ], [ 131.643893664310127, 34.527032878046924 ], [ 131.643545005470202, 34.526407791982869 ], [ 131.642954284594651, 34.526645154046257 ], [ 131.642564742851874, 34.52637965201351 ], [ 131.641752581659091, 34.526496045920403 ], [ 131.641693187174127, 34.52596023332881 ], [ 131.642740100944195, 34.524987416169694 ], [ 131.642557474424592, 34.524838729179358 ], [ 131.641794290649727, 34.524855462223151 ], [ 131.641600316936774, 34.524211031732612 ], [ 131.642063691287689, 34.523103727367918 ], [ 131.642180940354081, 34.5222046832465 ], [ 131.641626451755343, 34.523017899503103 ], [ 131.640020365009178, 34.523809832203312 ], [ 131.639417968402284, 34.523612990356078 ], [ 131.638208092433331, 34.524030924154772 ], [ 131.637693946040912, 34.524458896488674 ], [ 131.637464864466807, 34.524888239840401 ], [ 131.637308713205016, 34.525720199711898 ], [ 131.636130864778238, 34.525704677177124 ], [ 131.635777057157014, 34.525966836750797 ], [ 131.635723986281135, 34.526403700866638 ], [ 131.636315721303646, 34.526961402531477 ], [ 131.636159995218179, 34.527717015459281 ], [ 131.636318595358034, 34.528103664171923 ], [ 131.637013722524898, 34.528765197013932 ], [ 131.637761644024977, 34.528993807657713 ], [ 131.637350768934994, 34.529355873806701 ], [ 131.636517765438583, 34.529498622724411 ], [ 131.635714015638513, 34.52920975582385 ], [ 131.634738898222167, 34.52942512608557 ], [ 131.634791516553008, 34.530896500173711 ], [ 131.634523675135711, 34.531246644464062 ], [ 131.633487904859038, 34.531927711869784 ], [ 131.631190625770785, 34.531272279735248 ], [ 131.630970870658274, 34.531029744627979 ], [ 131.630746075065701, 34.530194447283328 ], [ 131.630517144298551, 34.530003144984434 ], [ 131.627968889316918, 34.529816465151896 ], [ 131.62720923804801, 34.529564225966119 ], [ 131.625448113149019, 34.528558472624709 ], [ 131.624697908709948, 34.529179592114474 ], [ 131.624058547923141, 34.530158558978442 ], [ 131.623284257929413, 34.530606163899414 ], [ 131.621513145001273, 34.530917477363786 ], [ 131.621091077909, 34.531352683579442 ], [ 131.620839651795791, 34.531337756492483 ], [ 131.619921878931137, 34.53064668117392 ], [ 131.61968713064735, 34.530645631068921 ], [ 131.619063560273872, 34.531121623390881 ], [ 131.618339215227394, 34.532400062145811 ], [ 131.617793956398032, 34.534078499512319 ], [ 131.618434457239772, 34.535237269560483 ], [ 131.619745381562524, 34.535896166011618 ], [ 131.619960254991156, 34.536211244895227 ], [ 131.619899888762518, 34.537148954876479 ], [ 131.619484256081762, 34.537667851141372 ], [ 131.619046759008853, 34.537387556793512 ], [ 131.617626997781258, 34.537607834050839 ], [ 131.616289222317732, 34.538957309385268 ], [ 131.614886863879633, 34.539815023336551 ], [ 131.614744023067288, 34.540088209478682 ], [ 131.614721156409587, 34.54149064094301 ], [ 131.614928153586646, 34.542178262092627 ], [ 131.614049365166665, 34.542187821622676 ], [ 131.613972609040616, 34.542723867067728 ], [ 131.613497391985902, 34.543219940565628 ], [ 131.61301437742037, 34.544075027735758 ], [ 131.613024137783725, 34.544642734803524 ], [ 131.613812220577842, 34.545229871630305 ], [ 131.613773711300723, 34.545716645542086 ], [ 131.614138726717044, 34.546297361276423 ], [ 131.614205767175378, 34.546822783804039 ], [ 131.614828314261871, 34.547018565908964 ], [ 131.615643466562375, 34.546908843055576 ], [ 131.615833027623665, 34.547031397069993 ], [ 131.616550783064298, 34.54840207473783 ], [ 131.616893330424347, 34.548754349433324 ], [ 131.618116000642885, 34.549073943242838 ], [ 131.618490532719903, 34.548822356151739 ], [ 131.618971040824135, 34.548123030557917 ], [ 131.61956022675588, 34.547996636537739 ], [ 131.620333697271292, 34.54860422884672 ], [ 131.62140083537858, 34.550659033379773 ], [ 131.621703930075171, 34.550885191353089 ], [ 131.622710090163167, 34.550892478139723 ], [ 131.623943546431292, 34.550539879584726 ], [ 131.624885210979329, 34.550773077815286 ], [ 131.625150540747939, 34.551206401541734 ], [ 131.625136670286537, 34.552031344706194 ], [ 131.624137576938921, 34.552150745715032 ], [ 131.625701591757064, 34.553681450166629 ], [ 131.62692075465975, 34.554332649288853 ], [ 131.627129345778627, 34.554651199765765 ], [ 131.627159481132935, 34.559577394182533 ], [ 131.627688118579272, 34.561192811062995 ], [ 131.628140658020641, 34.562116578777967 ], [ 131.629178482429836, 34.56357030012002 ], [ 131.630782476946507, 34.564786461540436 ], [ 131.631332152615187, 34.564086666123295 ], [ 131.631033987057634, 34.562528004098048 ], [ 131.631824305686195, 34.562183801234923 ], [ 131.633099639368965, 34.561053173515276 ], [ 131.633343564238942, 34.560618281785217 ], [ 131.634025263981073, 34.560167680568775 ], [ 131.633785383436788, 34.559576310099715 ], [ 131.634767022636481, 34.557798729348626 ], [ 131.634730080845031, 34.556769049089183 ], [ 131.634900673073105, 34.555941833847378 ] ] ] } },
{ "type": "Feature", "properties": { "CITY_NAME": "萩市", "S_NAME": "大字鈴野川", "JINKO": 66, "medical_area": "35_萩医療圏", "町丁目名": "萩市大字鈴野川" }, "geometry": { "type": "Polygon", "coordinates": [ [ [ 131.703170862715098, 34.562078648649155 ], [ 131.703850576629577, 34.560857132019372 ], [ 131.704611299567603, 34.560147809439876 ], [ 131.705476752119978, 34.559748075021957 ], [ 131.705536871790457, 34.55953080772121 ], [ 131.705026857637847, 34.559165304896979 ], [ 131.704999931356554, 34.558709787848244 ], [ 131.703973617422179, 34.557076938227347 ], [ 131.703251917325446, 34.556669774506496 ], [ 131.703120465865652, 34.555892548754031 ], [ 131.703354461478625, 34.555325472808811 ], [ 131.703001114243563, 34.554403720593413 ], [ 131.702151843603644, 34.553864780856991 ], [ 131.702100440898903, 34.553336061807073 ], [ 131.700892868760661, 34.551129446462582 ], [ 131.701735071042862, 34.550613005015023 ], [ 131.703245102384159, 34.55038998268072 ], [ 131.70377558353303, 34.54910434010997 ], [ 131.70392774511069, 34.548225913036987 ], [ 131.703849291394391, 34.547670603539679 ], [ 131.70430580578406, 34.546647109390605 ], [ 131.704248163329993, 34.546015247525411 ], [ 131.705166814686379, 34.545392711802492 ], [ 131.705631885705657, 34.544861993030167 ], [ 131.704901320626419, 34.543845285149651 ], [ 131.705104356679783, 34.541954793589738 ], [ 131.704978244178506, 34.541412547935295 ], [ 131.70420076581803, 34.541094768495491 ], [ 131.703354905548935, 34.540456112714786 ], [ 131.702882822116464, 34.539805771088197 ], [ 131.701486494127266, 34.538775085277173 ], [ 131.701005143426585, 34.538173436592018 ], [ 131.700881443881343, 34.537207605109103 ], [ 131.701192438631239, 34.536843950073354 ], [ 131.703873005833685, 34.536365935639012 ], [ 131.704079229773669, 34.53525350172017 ], [ 131.705424102757974, 34.534121005393196 ], [ 131.705905966959932, 34.533408659983834 ], [ 131.706750401063971, 34.533070675401973 ], [ 131.706427086190018, 34.532552214454235 ], [ 131.70476408633877, 34.53142314199993 ], [ 131.703774641317892, 34.53218230160045 ], [ 131.702943169442364, 34.531412593473569 ], [ 131.701578816921568, 34.530751295635454 ], [ 131.700699779502884, 34.528774387692955 ], [ 131.699548428401243, 34.528513226172571 ], [ 131.698830673889887, 34.528071859630366 ], [ 131.698099090860808, 34.527276166949726 ], [ 131.697979351468632, 34.526822139594834 ], [ 131.697208058324861, 34.525835287757566 ], [ 131.696325663062311, 34.525357645301746 ], [ 131.695800793362679, 34.524559001383437 ], [ 131.695177880799918, 34.524186261823296 ], [ 131.69442284105827, 34.524069583073548 ], [ 131.693679285266569, 34.52373088405556 ], [ 131.692390126509878, 34.523586542410683 ], [ 131.691508593740878, 34.523218022918094 ], [ 131.690766217732545, 34.523239441909915 ], [ 131.690516693917402, 34.522560362151793 ], [ 131.690041634730562, 34.522020175265077 ], [ 131.687802343682932, 34.521298922487922 ], [ 131.687634158439323, 34.520840196616831 ], [ 131.687715115247983, 34.519956772644178 ], [ 131.687259174900021, 34.51841518403787 ], [ 131.686804200580355, 34.517656320202128 ], [ 131.685184384930039, 34.516985396400855 ], [ 131.684768195815764, 34.517540454890067 ], [ 131.683580502583027, 34.51856013167739 ], [ 131.682841802357416, 34.518752731363691 ], [ 131.681743798293354, 34.518564838194862 ], [ 131.679582447494965, 34.517191696460259 ], [ 131.678364381360694, 34.516927647712258 ], [ 131.677394984244273, 34.515255652426056 ], [ 131.676031324086352, 34.514744058674282 ], [ 131.675956335499905, 34.513622191379305 ], [ 131.675539192099393, 34.513451899445677 ], [ 131.675418272971996, 34.513198419731012 ], [ 131.674900235737113, 34.512850512434795 ], [ 131.673831266577878, 34.512534187764565 ], [ 131.673608924790841, 34.512187466293497 ], [ 131.673481624590494, 34.511293163354793 ], [ 131.673168166459249, 34.510836340903374 ], [ 131.672308065691254, 34.510558879496429 ], [ 131.669523816724649, 34.510589689499753 ], [ 131.668841622483825, 34.510409840922264 ], [ 131.668732493446413, 34.509895093110707 ], [ 131.668912780247638, 34.509396459245103 ], [ 131.668528606006532, 34.50834557807508 ], [ 131.668617532023717, 34.507978844229314 ], [ 131.668122480355947, 34.506931451292168 ], [ 131.668261790253069, 34.506197826187595 ], [ 131.66797104122918, 34.505650073630079 ], [ 131.667963565889181, 34.505290973845405 ], [ 131.668109182700334, 34.504226479612548 ], [ 131.667255665076226, 34.503428911028351 ], [ 131.665796186752885, 34.502645486737435 ], [ 131.66476726996234, 34.502474042031409 ], [ 131.663989417421419, 34.502537736586142 ], [ 131.663227991743298, 34.503220008757779 ], [ 131.66264196310604, 34.504116037308961 ], [ 131.662019564896639, 34.503511665050901 ], [ 131.661343656938868, 34.503408558156529 ], [ 131.658942862131227, 34.503854181904821 ], [ 131.658081732563772, 34.504327043727919 ], [ 131.657182713901534, 34.50439023707672 ], [ 131.655635568756367, 34.503945018190258 ], [ 131.655183989574226, 34.503483350570512 ], [ 131.654904770806183, 34.502913805702164 ], [ 131.653969869272544, 34.502249561991164 ], [ 131.653683374078355, 34.501220227286687 ], [ 131.654134767329595, 34.500060291931362 ], [ 131.652850983813522, 34.500305664777521 ], [ 131.65187992630436, 34.499779147691036 ], [ 131.649881298040668, 34.49970399130342 ], [ 131.645651219680389, 34.498837694690593 ], [ 131.645445210720055, 34.499377026747233 ], [ 131.644247353466852, 34.500035672228655 ], [ 131.64327324709177, 34.501097425013668 ], [ 131.643392619198892, 34.501950575427053 ], [ 131.643251676239629, 34.503996295469094 ], [ 131.643146991449242, 34.504423794052705 ], [ 131.642832061551417, 34.504752353503349 ], [ 131.641854639665837, 34.504970596250693 ], [ 131.640819978189086, 34.504793039173066 ], [ 131.640290415429121, 34.505062774578526 ], [ 131.63944542270508, 34.504820096630809 ], [ 131.63768121263206, 34.505035059566886 ], [ 131.637094431875369, 34.504900676865311 ], [ 131.636737857685631, 34.504594164927298 ], [ 131.635749354172248, 34.505684538436675 ], [ 131.634267247616719, 34.505938984095991 ], [ 131.633473539523834, 34.5067084482355 ], [ 131.632866133729465, 34.506806236976679 ], [ 131.631790992317462, 34.506480234360396 ], [ 131.63175547508493, 34.506832097880427 ], [ 131.631938595512878, 34.507120118203623 ], [ 131.632823235438309, 34.507255545616303 ], [ 131.634192741415973, 34.507732275888046 ], [ 131.63526029589292, 34.507736913900871 ], [ 131.636024363133629, 34.508299454764973 ], [ 131.637592723026245, 34.508672626005243 ], [ 131.638130309520989, 34.509157123932631 ], [ 131.638258911031585, 34.510025118297264 ], [ 131.641171485393443, 34.510738451044148 ], [ 131.641595836118228, 34.511239916677674 ], [ 131.642193649688494, 34.51148180794231 ], [ 131.643216116912612, 34.511513933752795 ], [ 131.643617081918308, 34.511730746851853 ], [ 131.645090635676155, 34.5120145340655 ], [ 131.646730098098601, 34.513253216880614 ], [ 131.647165895366072, 34.513275914510473 ], [ 131.647340600633839, 34.513484852190857 ], [ 131.64788462613518, 34.513625908495598 ], [ 131.647528281031413, 34.51431138820336 ], [ 131.646663974983085, 34.514453373944505 ], [ 131.646469403553112, 34.514737091403482 ], [ 131.646040597241893, 34.514943323553325 ], [ 131.646005821913747, 34.515144469392602 ], [ 131.646267276242185, 34.515565353484966 ], [ 131.646004011035131, 34.516112474411891 ], [ 131.645238223905409, 34.516580967385487 ], [ 131.64446859189016, 34.516327937233974 ], [ 131.643570388412115, 34.516518354390442 ], [ 131.643119545452777, 34.517564311102021 ], [ 131.642567012454549, 34.518113568859626 ], [ 131.642805418771587, 34.518863981991238 ], [ 131.642485319754883, 34.519112362661936 ], [ 131.642424039332184, 34.519528492499532 ], [ 131.64210424122885, 34.519721374447421 ], [ 131.642370413253872, 34.520725172727836 ], [ 131.642093419184874, 34.522983980953263 ], [ 131.641600316936774, 34.524211031732612 ], [ 131.641794290649727, 34.524855462223201 ], [ 131.642557474424592, 34.524838729179358 ], [ 131.642740100944195, 34.524987416169722 ], [ 131.641693187174127, 34.52596023332881 ], [ 131.641752581659091, 34.526496045920403 ], [ 131.642564742851874, 34.52637965201351 ], [ 131.642954284594651, 34.526645154046278 ], [ 131.643545005470202, 34.526407791982884 ], [ 131.643893664310156, 34.527032878046924 ], [ 131.645336109611236, 34.527696574982308 ], [ 131.647038092833554, 34.527006402778852 ], [ 131.648734027762288, 34.526905574402313 ], [ 131.649572771609314, 34.527176919282077 ], [ 131.650615499744674, 34.526871584904015 ], [ 131.653669002953251, 34.527106347364992 ], [ 131.655950554621114, 34.525622915598056 ], [ 131.656413196132974, 34.524997302596667 ], [ 131.657814310256555, 34.520564080138463 ], [ 131.664277017792358, 34.522873236550403 ], [ 131.666031232034612, 34.524969142643727 ], [ 131.670333679849676, 34.531810049519763 ], [ 131.675546959543624, 34.534006611653112 ], [ 131.677063231938064, 34.535060812334116 ], [ 131.679054536717814, 34.539118335474448 ], [ 131.679778197193912, 34.541169743682353 ], [ 131.680998477291979, 34.542550936097356 ], [ 131.67992176553534, 34.545847580950976 ], [ 131.67983615309501, 34.546638454732701 ], [ 131.680032543609826, 34.551711204501103 ], [ 131.680586712118384, 34.552188673201229 ], [ 131.68062224468099, 34.55241644518614 ], [ 131.680390891992602, 34.552593854083028 ], [ 131.679967108384631, 34.554469428302589 ], [ 131.679539353102967, 34.555069345160774 ], [ 131.678833934552785, 34.555210772762699 ], [ 131.677958193161231, 34.554693268192075 ], [ 131.676221480911437, 34.554880134405295 ], [ 131.67603665541958, 34.555199570438639 ], [ 131.675955009076574, 34.555656477414431 ], [ 131.676359887193826, 34.556165344686704 ], [ 131.676665287221255, 34.557037374913136 ], [ 131.676767921325734, 34.557928170991424 ], [ 131.676440774104549, 34.5603150188781 ], [ 131.676625756199371, 34.561528295301621 ], [ 131.676338026131702, 34.562123690855259 ], [ 131.675922592075153, 34.562442481842687 ], [ 131.676200439717519, 34.562551359674451 ], [ 131.677601095267164, 34.562290192157526 ], [ 131.678481414122558, 34.562517409784171 ], [ 131.679292605680075, 34.562169061987653 ], [ 131.680215446197877, 34.562500111957043 ], [ 131.680766533095891, 34.562400184539023 ], [ 131.682047119962817, 34.562528535385901 ], [ 131.683647377406515, 34.561927063733364 ], [ 131.684121293445543, 34.561964577941666 ], [ 131.686664223817559, 34.563349011121034 ], [ 131.687557543628628, 34.564046131024547 ], [ 131.688163741137203, 34.564246281946573 ], [ 131.688404208797891, 34.56502027819873 ], [ 131.690141845166465, 34.565751675645821 ], [ 131.690601371271725, 34.566255925920629 ], [ 131.690918516010839, 34.566302520982497 ], [ 131.691292644310806, 34.567002515536281 ], [ 131.69093526232399, 34.568172955230601 ], [ 131.690592113283145, 34.568563917915277 ], [ 131.690842830146011, 34.569606995222827 ], [ 131.690732014929011, 34.570136485310243 ], [ 131.692119118992167, 34.570858310453694 ], [ 131.692452278367995, 34.571191897276883 ], [ 131.693149910888309, 34.572907762369098 ], [ 131.693049889068675, 34.573615625577368 ], [ 131.692562427306143, 34.574563422101747 ], [ 131.692632622528578, 34.574970502313747 ], [ 131.693306216718923, 34.57575123200499 ], [ 131.693855022773192, 34.576766289789035 ], [ 131.695274492095649, 34.577671311393495 ], [ 131.697392715952788, 34.5783908080518 ], [ 131.699026529659164, 34.578129729688541 ], [ 131.699452072119072, 34.57719717366988 ], [ 131.70093106273427, 34.576718553799907 ], [ 131.701162529261325, 34.575629881204733 ], [ 131.701041306999429, 34.57412559013413 ], [ 131.700033609671209, 34.572893712836958 ], [ 131.699704973358337, 34.571743312301784 ], [ 131.700386911572025, 34.570677917297601 ], [ 131.70167959260985, 34.569718523059102 ], [ 131.70209514476079, 34.568632514448744 ], [ 131.702156910280848, 34.568097897769867 ], [ 131.701015354571524, 34.567262032947191 ], [ 131.700821263021965, 34.566927448951155 ], [ 131.701553347452716, 34.565998304061566 ], [ 131.702979383472154, 34.565355493518588 ], [ 131.702776924234882, 34.564472505048649 ], [ 131.702802299999064, 34.563582213892914 ], [ 131.702937744794269, 34.562855459779819 ], [ 131.703226972511715, 34.562584838037267 ], [ 131.703170862715098, 34.562078648649155 ] ] ] } },
{ "type": "Feature", "properties": { "CITY_NAME": "萩市", "S_NAME": "大字明木下横瀬", "JINKO": 484, "medical_area": "35_萩医療圏", "町丁目名": "萩市大字明木下横瀬" }, "geometry": { "type": "Polygon", "coordinates": [ [ [ 131.413028460108279, 34.342380041827141 ], [ 131.413361178008017, 34.342187550764407 ], [ 131.414451453482087, 34.342114100548784 ], [ 131.414659602952128, 34.341978174578117 ], [ 131.414744143897991, 34.341772744565453 ], [ 131.41458243488384, 34.341348443691928 ], [ 131.416329987382056, 34.339076400188617 ], [ 131.417142006739795, 34.338864998880041 ], [ 131.418054577475914, 34.338164266391821 ], [ 131.419417961598867, 34.337717023680526 ], [ 131.41991527842606, 34.337372533496527 ], [ 131.42038757026009, 34.336766156055234 ], [ 131.420464272120597, 34.336245409771713 ], [ 131.421858003465104, 34.33352315477449 ], [ 131.422440090201036, 34.331661735157404 ], [ 131.422950229738944, 34.331051774165758 ], [ 131.423865858567012, 34.330451595587739 ], [ 131.424832433135975, 34.329193719190869 ], [ 131.425412121170439, 34.328868158639516 ], [ 131.426143155088141, 34.328767914221807 ], [ 131.427970127534763, 34.328053750889346 ], [ 131.429783505746343, 34.325279281733486 ], [ 131.430369747209369, 34.325237870553842 ], [ 131.432652073426652, 34.32448510698503 ], [ 131.433621459961813, 34.323915185745875 ], [ 131.434799717356668, 34.32357513478199 ], [ 131.43507228103303, 34.323364334714967 ], [ 131.435553515646944, 34.322301682568551 ], [ 131.43677930873838, 34.321359822711564 ], [ 131.438291671623062, 34.323109813805715 ], [ 131.439817478258846, 34.324233428528757 ], [ 131.441433505123854, 34.325226553485123 ], [ 131.443192072874439, 34.325987082372379 ], [ 131.443351940120806, 34.325729391647585 ], [ 131.443993592196705, 34.32534381854525 ], [ 131.445175322272718, 34.325011292965279 ], [ 131.445890616780133, 34.324341868132315 ], [ 131.44656968456772, 34.324006226893609 ], [ 131.446817745785268, 34.323609165791041 ], [ 131.446618449164816, 34.322720376822339 ], [ 131.447255878316412, 34.322576490797111 ], [ 131.447430942981924, 34.321868804655828 ], [ 131.447785675600102, 34.32174368327469 ], [ 131.448576060862308, 34.320862538001791 ], [ 131.449288024958548, 34.3205758196546 ], [ 131.449439775277909, 34.319681908904386 ], [ 131.450110182821817, 34.318189675405158 ], [ 131.450162793102209, 34.316992884443735 ], [ 131.449961437108101, 34.315724312856901 ], [ 131.450218398118182, 34.312944511528265 ], [ 131.449946594397176, 34.311226441169538 ], [ 131.448339647475109, 34.308101312112456 ], [ 131.447418526566338, 34.30667003817365 ], [ 131.446825485063187, 34.306560903808865 ], [ 131.442472484817159, 34.307063362156079 ], [ 131.440982462478729, 34.307634358257197 ], [ 131.438768205077082, 34.308198358971254 ], [ 131.437975646267233, 34.308242529348334 ], [ 131.437194010605367, 34.307868238988704 ], [ 131.435655410846778, 34.306714932978373 ], [ 131.434372075312837, 34.305492562654955 ], [ 131.433827007173818, 34.304749887554919 ], [ 131.433809159115356, 34.304362533170917 ], [ 131.434060354107601, 34.303527837887003 ], [ 131.434295958604196, 34.30326525716508 ], [ 131.435402745965376, 34.302831796904023 ], [ 131.435638272058668, 34.302586686919589 ], [ 131.435811584717925, 34.302165263197431 ], [ 131.435452504578933, 34.299540328446469 ], [ 131.435520121853358, 34.299082916369166 ], [ 131.437233331139623, 34.297192143341547 ], [ 131.435698849773701, 34.29804551621941 ], [ 131.434647770357543, 34.298171232559795 ], [ 131.432700149455485, 34.297737133713099 ], [ 131.430925265922241, 34.296952014632048 ], [ 131.430314481878924, 34.296455315950539 ], [ 131.429570716131508, 34.294959352505202 ], [ 131.428224697136102, 34.294004634691241 ], [ 131.422200508051247, 34.291091583780535 ], [ 131.421780101915516, 34.290275669121634 ], [ 131.421350692201742, 34.288453914354811 ], [ 131.421050203972186, 34.288185850425933 ], [ 131.419395462240203, 34.28790954449002 ], [ 131.418485718883147, 34.288022467028185 ], [ 131.415921478573978, 34.288842277535352 ], [ 131.414542954352981, 34.289573378771358 ], [ 131.413025733050688, 34.28985988457989 ], [ 131.410398803774484, 34.290701448123279 ], [ 131.41026488535897, 34.289739212792135 ], [ 131.41052418887412, 34.288646565298684 ], [ 131.412432761488816, 34.285441493177402 ], [ 131.413653193840531, 34.284457993095877 ], [ 131.414683926112502, 34.282763631364759 ], [ 131.416194287501668, 34.281219966263137 ], [ 131.417179296580684, 34.280649139900838 ], [ 131.420154616218213, 34.279654172243667 ], [ 131.420174134974758, 34.279462007965442 ], [ 131.419435853745171, 34.278333536108974 ], [ 131.417767410846835, 34.276615192411732 ], [ 131.416204069970519, 34.27611752789138 ], [ 131.411586473810161, 34.272510003708192 ], [ 131.410892411299017, 34.272431913333158 ], [ 131.410327969456461, 34.272790746683611 ], [ 131.409346326609779, 34.272991626205489 ], [ 131.408629254630853, 34.273490098371624 ], [ 131.407439931638351, 34.27300942806017 ], [ 131.405128398344345, 34.272521927866016 ], [ 131.404260994638747, 34.271910102394571 ], [ 131.40403340302052, 34.271465093339501 ], [ 131.403718737701467, 34.269813989870627 ], [ 131.403490971371184, 34.269398419770567 ], [ 131.402817743832827, 34.268980218948364 ], [ 131.401503960169947, 34.268547316057344 ], [ 131.400638599694986, 34.268520646758631 ], [ 131.398183274168531, 34.267368072029754 ], [ 131.397576177980483, 34.267759685903798 ], [ 131.396326389354044, 34.267224432504321 ], [ 131.39563862582807, 34.267315758441335 ], [ 131.395422181416222, 34.267532038265358 ], [ 131.394382369187412, 34.265745349391807 ], [ 131.393137499609679, 34.265539724763819 ], [ 131.392621002133268, 34.266439708594362 ], [ 131.391837313439453, 34.267028093358633 ], [ 131.391848969394033, 34.26749626992784 ], [ 131.390530045671653, 34.267998855421148 ], [ 131.390096911965259, 34.268464216446802 ], [ 131.389909294417379, 34.269003677063068 ], [ 131.389313030855959, 34.269078925129037 ], [ 131.389514423584387, 34.269634092701459 ], [ 131.388412263436152, 34.271595181247342 ], [ 131.387853737892129, 34.271881684810218 ], [ 131.387136575365872, 34.271283787258653 ], [ 131.386755224145588, 34.271301084112956 ], [ 131.386702794398587, 34.271815064519188 ], [ 131.386960471283601, 34.27229143160946 ], [ 131.386864588285505, 34.272788654019074 ], [ 131.387082967342252, 34.273211944862872 ], [ 131.387040400902549, 34.27438525472872 ], [ 131.387180432950572, 34.274702537269846 ], [ 131.386161503841038, 34.275385047657586 ], [ 131.386333744849679, 34.276513518872385 ], [ 131.386106192926832, 34.277072589125076 ], [ 131.386206093069973, 34.277435821743339 ], [ 131.38608848809497, 34.278133925386761 ], [ 131.384961925171552, 34.278852094240193 ], [ 131.383513387666227, 34.27863675808625 ], [ 131.383117428626804, 34.279244058561261 ], [ 131.382385257426392, 34.279889919130625 ], [ 131.381155007133344, 34.280706278882164 ], [ 131.381465828911644, 34.281534898638917 ], [ 131.381410871770669, 34.281887145259866 ], [ 131.380965112151614, 34.282289433103458 ], [ 131.381161287152082, 34.28280050083422 ], [ 131.38033437102402, 34.283145404125008 ], [ 131.380986124975408, 34.283430619279734 ], [ 131.381478685248027, 34.28416292138408 ], [ 131.38089370103711, 34.286262792393856 ], [ 131.380341161643315, 34.287333792526759 ], [ 131.380588243202055, 34.287916596073188 ], [ 131.380498401408204, 34.288321014032462 ], [ 131.380748802406089, 34.289473365503525 ], [ 131.380410235808483, 34.290066783041652 ], [ 131.381083890909395, 34.292003235707895 ], [ 131.381789185623319, 34.293010722978103 ], [ 131.380413943974702, 34.293344933050307 ], [ 131.380354263111144, 34.294197503454804 ], [ 131.380159492490407, 34.294595755897305 ], [ 131.380479695250187, 34.294939549737705 ], [ 131.381396884512299, 34.295380692690145 ], [ 131.381259659138095, 34.296794383165732 ], [ 131.380806146851057, 34.296791482493688 ], [ 131.37974178628491, 34.298431525800616 ], [ 131.378277402102384, 34.298904461732555 ], [ 131.37800077272297, 34.299305562211899 ], [ 131.377460357842722, 34.299490289150334 ], [ 131.376732293825796, 34.300044284904814 ], [ 131.376366100888987, 34.30091544026152 ], [ 131.375602875778213, 34.301433988355342 ], [ 131.37522181474921, 34.302007959087277 ], [ 131.375249414887804, 34.30284333057709 ], [ 131.374802127101105, 34.30404907725422 ], [ 131.373844881577128, 34.304095874349684 ], [ 131.373386550034326, 34.30571329341317 ], [ 131.373538933288842, 34.30609658436979 ], [ 131.373208629103601, 34.306541419386406 ], [ 131.372940302059391, 34.308313042218366 ], [ 131.373107109884813, 34.308661210802008 ], [ 131.373034683192515, 34.30882541445748 ], [ 131.372177692446826, 34.30950209410112 ], [ 131.370329683840225, 34.310037129364702 ], [ 131.369861017345414, 34.310336111674061 ], [ 131.369894651708137, 34.310593268329313 ], [ 131.370680936489691, 34.311611460882048 ], [ 131.370480874469507, 34.312201942215857 ], [ 131.370810286919692, 34.312401283981558 ], [ 131.370857251102564, 34.312766146841554 ], [ 131.371281616160644, 34.312834673618418 ], [ 131.3711915015042, 34.313602229892048 ], [ 131.371810080727954, 34.314460855889678 ], [ 131.371490930880157, 34.315077474026609 ], [ 131.371795456233968, 34.315934493678995 ], [ 131.373105552292259, 34.316739827754162 ], [ 131.374843872214825, 34.317149401542324 ], [ 131.376374092949277, 34.317122198591349 ], [ 131.37668323579399, 34.317504100002573 ], [ 131.376302010048306, 34.319307404060773 ], [ 131.376300561849604, 34.31976816563737 ], [ 131.376558023089018, 34.320259189790818 ], [ 131.377057785411608, 34.320386503371786 ], [ 131.377512008065281, 34.32082666887289 ], [ 131.378040356057966, 34.321056995455287 ], [ 131.378576862730256, 34.321004934095185 ], [ 131.379132062556579, 34.321351219669623 ], [ 131.379608822803021, 34.321724892112712 ], [ 131.38007032283943, 34.322534023602429 ], [ 131.380702856981316, 34.322973627815131 ], [ 131.381461599377133, 34.323052572123011 ], [ 131.381636587884458, 34.323452059540777 ], [ 131.382470334073531, 34.323865188817159 ], [ 131.382695283645205, 34.324297393229102 ], [ 131.384303734923492, 34.324279889114514 ], [ 131.385847824673903, 34.325179143407588 ], [ 131.386722649918084, 34.325990884423902 ], [ 131.387068240840648, 34.32606717522544 ], [ 131.387362330598677, 34.326875222029976 ], [ 131.388895887422592, 34.32831657864844 ], [ 131.389263052170463, 34.328476392823625 ], [ 131.389515768005225, 34.32892270714283 ], [ 131.389635457494506, 34.329266332714489 ], [ 131.388964281666887, 34.329989509790643 ], [ 131.38918363613169, 34.330426316940652 ], [ 131.388990736960153, 34.330758663701104 ], [ 131.389110215156308, 34.331328095518963 ], [ 131.389976061853559, 34.33101297287886 ], [ 131.390624690543291, 34.330960029606338 ], [ 131.392402597590319, 34.331074100965402 ], [ 131.39493301731531, 34.331845100722767 ], [ 131.39637533177762, 34.332460464963781 ], [ 131.398711878237663, 34.334082573794568 ], [ 131.399634809284805, 34.334202743329612 ], [ 131.400031570080671, 34.33454852308148 ], [ 131.40157494695228, 34.334683972140191 ], [ 131.40354921185309, 34.335205391153188 ], [ 131.404225860921144, 34.336628292178709 ], [ 131.406523178566857, 34.338043927513411 ], [ 131.409023426981662, 34.340667869439812 ], [ 131.412283513189692, 34.342398273821331 ], [ 131.413028460108279, 34.342380041827141 ] ] ] } },
{ "type": "Feature", "properties": { "CITY_NAME": "萩市", "S_NAME": "大字明木惣田", "JINKO": 359, "medical_area": "35_萩医療圏", "町丁目名": "萩市大字明木惣田" }, "geometry": { "type": "Polygon", "coordinates": [ [ [ 131.421825354179902, 34.368587530787963 ], [ 131.421821131745304, 34.36763413381847 ], [ 131.422736203026091, 34.366093849224157 ], [ 131.422805852338172, 34.365401501231894 ], [ 131.423899380580309, 34.364732135978805 ], [ 131.42406251510829, 34.362972741922704 ], [ 131.425199380962454, 34.361505347278261 ], [ 131.427031865912511, 34.360553756696326 ], [ 131.426972197256305, 34.360220810395475 ], [ 131.426254054335686, 34.359250265147026 ], [ 131.424520137609534, 34.358387804641865 ], [ 131.422584534947106, 34.359092921526326 ], [ 131.42143154144685, 34.359137881155903 ], [ 131.419997246201689, 34.357814571189401 ], [ 131.419815933934387, 34.357401571521827 ], [ 131.419887440365301, 34.357162535663988 ], [ 131.421805123443306, 34.355906012147507 ], [ 131.425081064681962, 34.354912510809797 ], [ 131.426743868120326, 34.355008074948692 ], [ 131.428035611951884, 34.354379719663669 ], [ 131.428716220958279, 34.354301698128296 ], [ 131.42912544490261, 34.354800295631307 ], [ 131.430065506608599, 34.355052471503207 ], [ 131.430271810496549, 34.354575328399299 ], [ 131.431348511972487, 34.353895775461204 ], [ 131.43246196002687, 34.353752573084094 ], [ 131.433296361936073, 34.353996202031432 ], [ 131.434096932533464, 34.353824486224745 ], [ 131.435530897124124, 34.353044904087504 ], [ 131.435641184400282, 34.350702517202365 ], [ 131.437703374283132, 34.349869053096015 ], [ 131.439837479587226, 34.3485112559055 ], [ 131.441164814112483, 34.349296859385326 ], [ 131.441940376511582, 34.34837314571444 ], [ 131.441632483010494, 34.346664441705961 ], [ 131.441807176250961, 34.345755619544278 ], [ 131.442754280943262, 34.343768380051763 ], [ 131.443452898434288, 34.342727977550453 ], [ 131.443947982240189, 34.341516621477417 ], [ 131.443910560150243, 34.341157186568068 ], [ 131.44368747108345, 34.340892444509059 ], [ 131.442367663351945, 34.340082673210134 ], [ 131.442313962374811, 34.339346037736796 ], [ 131.443124654211601, 34.337946521605041 ], [ 131.44324205674809, 34.337227520458036 ], [ 131.443728809273608, 34.336756094736728 ], [ 131.444033902753262, 34.33568573714728 ], [ 131.443371162341748, 34.334622477196689 ], [ 131.44195614989647, 34.334647349158502 ], [ 131.441241231412306, 34.334224164878236 ], [ 131.441108439675588, 34.333632850253572 ], [ 131.440492533208669, 34.333337595540385 ], [ 131.43987413579751, 34.333341390610322 ], [ 131.438993040585189, 34.3325886974269 ], [ 131.437974056701677, 34.331318607888846 ], [ 131.438127044792225, 34.329837707732636 ], [ 131.437687277052675, 34.328991700749079 ], [ 131.437887913712018, 34.328420822563743 ], [ 131.438410931774285, 34.32813233641312 ], [ 131.440451018309972, 34.327577883462745 ], [ 131.44187028453527, 34.327567841108149 ], [ 131.442388140048536, 34.326583698181864 ], [ 131.443192072874439, 34.325987082372379 ], [ 131.441433505123854, 34.325226553485123 ], [ 131.439817478258846, 34.324233428528757 ], [ 131.438291671623062, 34.323109813805715 ], [ 131.43677930873838, 34.321359822711564 ], [ 131.435553515646944, 34.322301682568551 ], [ 131.43507228103303, 34.323364334714967 ], [ 131.434799717356668, 34.32357513478199 ], [ 131.433621459961813, 34.323915185745875 ], [ 131.432652073426652, 34.32448510698503 ], [ 131.430369747209369, 34.325237870553842 ], [ 131.429783505746343, 34.325279281733486 ], [ 131.427970127534763, 34.328053750889346 ], [ 131.426143155088141, 34.328767914221807 ], [ 131.425412121170439, 34.328868158639516 ], [ 131.424832433135975, 34.329193719190869 ], [ 131.423865858567012, 34.330451595587739 ], [ 131.422950229738944, 34.331051774165758 ], [ 131.422440090201036, 34.331661735157404 ], [ 131.421858003465104, 34.33352315477449 ], [ 131.420464272120597, 34.336245409771713 ], [ 131.42038757026009, 34.336766156055234 ], [ 131.41991527842606, 34.337372533496527 ], [ 131.419417961598867, 34.337717023680526 ], [ 131.418054577475914, 34.338164266391821 ], [ 131.417142006739795, 34.338864998880041 ], [ 131.416329987382056, 34.339076400188617 ], [ 131.41458243488384, 34.341348443691928 ], [ 131.414744143897991, 34.341772744565453 ], [ 131.414451453482087, 34.342114100548784 ], [ 131.413361178008017, 34.342187550764407 ], [ 131.412476187406668, 34.342445242854062 ], [ 131.409530429001649, 34.341036980541659 ], [ 131.408407988625498, 34.340091996275817 ], [ 131.406523178566857, 34.338043927513411 ], [ 131.404225860921144, 34.336628292178709 ], [ 131.40354921185309, 34.335205391153188 ], [ 131.40157494695228, 34.334683972140191 ], [ 131.400031570080671, 34.33454852308148 ], [ 131.399634809284805, 34.334202743329612 ], [ 131.398711878237663, 34.334082573794568 ], [ 131.39637533177762, 34.332460464963781 ], [ 131.393805614113973, 34.33147188558484 ], [ 131.392402597590319, 34.331074100965402 ], [ 131.390624690543291, 34.330960029606338 ], [ 131.389976061853559, 34.33101297287886 ], [ 131.389110215156308, 34.331328095518963 ], [ 131.389313715379132, 34.332067240468966 ], [ 131.389017563040824, 34.332695454523559 ], [ 131.388645434824269, 34.333073006591555 ], [ 131.388557670182308, 34.3335125131685 ], [ 131.388739397844887, 34.334393935618309 ], [ 131.388011624482289, 34.334583847146767 ], [ 131.387874235462618, 34.334944434148447 ], [ 131.386975612493842, 34.335494571073447 ], [ 131.386366229587622, 34.336167123490924 ], [ 131.386322013722321, 34.336697624068819 ], [ 131.385861336520179, 34.336969239984057 ], [ 131.385930416742326, 34.337750937893077 ], [ 131.386199848641326, 34.337977903468463 ], [ 131.385268349049227, 34.338697014276818 ], [ 131.38475602310686, 34.340156530504593 ], [ 131.385063366102031, 34.341971042128243 ], [ 131.384830118763716, 34.342527255997183 ], [ 131.384718823876511, 34.344159775091832 ], [ 131.38379645111803, 34.345229418786239 ], [ 131.382040735109229, 34.345526980917526 ], [ 131.38102620343173, 34.344883065881383 ], [ 131.380342559447371, 34.344798954212003 ], [ 131.378005128038438, 34.345680281940815 ], [ 131.377310907494461, 34.345446767718578 ], [ 131.37598268465328, 34.344327907104223 ], [ 131.375622024353021, 34.34437530790688 ], [ 131.375343735910661, 34.344612421525511 ], [ 131.374588934470069, 34.344438371052007 ], [ 131.373670499515725, 34.343795023509266 ], [ 131.372891575549232, 34.343640670491645 ], [ 131.372381622263219, 34.343725551609054 ], [ 131.37172654791749, 34.343522267117322 ], [ 131.369406372344656, 34.344398044461933 ], [ 131.368686528892368, 34.344372235553067 ], [ 131.367895224904913, 34.343885046008218 ], [ 131.365895559677057, 34.344259814616898 ], [ 131.364645112440598, 34.344230658799752 ], [ 131.364141404166503, 34.344059735333566 ], [ 131.363723383365596, 34.344182652701463 ], [ 131.363633309530684, 34.344349834209027 ], [ 131.363825918558518, 34.345346586318804 ], [ 131.363519588217997, 34.345679837403189 ], [ 131.363635851997998, 34.346738908263326 ], [ 131.363379067668092, 34.347708905414187 ], [ 131.364162174391112, 34.349672321763229 ], [ 131.364990314350877, 34.350012716286464 ], [ 131.366061611796965, 34.350181289838467 ], [ 131.366863111422504, 34.350887182823278 ], [ 131.36813936685266, 34.350999323859753 ], [ 131.368928360838567, 34.351306618346882 ], [ 131.37057884495627, 34.35236623612689 ], [ 131.371847115069812, 34.352832566962626 ], [ 131.372836280904522, 34.353583880353938 ], [ 131.373969072528297, 34.353893229685724 ], [ 131.374393666797431, 34.354429153861354 ], [ 131.375191429907261, 34.354053265139704 ], [ 131.375416158644953, 34.354358846867648 ], [ 131.376424121891006, 34.354361405811119 ], [ 131.377189546124612, 34.354707093263052 ], [ 131.378192554566454, 34.354740455317113 ], [ 131.378995786524598, 34.354531926173713 ], [ 131.379535095491889, 34.354974189220513 ], [ 131.380315356199873, 34.354979197669849 ], [ 131.380798942938071, 34.35616979900621 ], [ 131.380849479965349, 34.356724430588798 ], [ 131.381339169016428, 34.356862096516643 ], [ 131.381967796007643, 34.358294643043102 ], [ 131.381859535854062, 34.358738382389419 ], [ 131.382179769738599, 34.359563229121726 ], [ 131.381612496047779, 34.360084041741949 ], [ 131.381388281859984, 34.360793696530962 ], [ 131.381663304343505, 34.361375683724098 ], [ 131.381674517605063, 34.361812720735692 ], [ 131.381992316425709, 34.362243831507186 ], [ 131.382602111576915, 34.361764000855757 ], [ 131.383167410232488, 34.361620269591775 ], [ 131.383770270102417, 34.361720754644466 ], [ 131.384299357238348, 34.362009807473044 ], [ 131.385113941396327, 34.362075998317323 ], [ 131.385738908039116, 34.36260428898526 ], [ 131.386731340802129, 34.362835437968677 ], [ 131.387349364868413, 34.362784718422624 ], [ 131.3877076716538, 34.362484841591034 ], [ 131.388297114184098, 34.362374208115206 ], [ 131.389464191682237, 34.362944241956207 ], [ 131.389853725798929, 34.362913752064259 ], [ 131.390019005464609, 34.362103413102759 ], [ 131.39078864151162, 34.361903756158256 ], [ 131.390946367396509, 34.361414541438293 ], [ 131.390869129524788, 34.359980453419311 ], [ 131.390500041186499, 34.359296320611648 ], [ 131.390600049885137, 34.359088612847145 ], [ 131.390969906534508, 34.358859794022024 ], [ 131.392098093589624, 34.358982586073687 ], [ 131.392779830868761, 34.358834478033891 ], [ 131.393175437382439, 34.35814109479842 ], [ 131.3937967054637, 34.357908783186282 ], [ 131.393945443986325, 34.357230460318782 ], [ 131.394340595529485, 34.356917973467262 ], [ 131.394402675880798, 34.356159091723249 ], [ 131.394007117889771, 34.355350274781465 ], [ 131.39211675756485, 34.354793607893463 ], [ 131.391578642643907, 34.354325486154202 ], [ 131.391601947497065, 34.353454372540327 ], [ 131.391318508275447, 34.352785997413292 ], [ 131.391286115422474, 34.352144565491791 ], [ 131.390693601889126, 34.35142591561786 ], [ 131.390382876414435, 34.350227704817591 ], [ 131.389885129808533, 34.350036635676553 ], [ 131.389634156703579, 34.349671889187178 ], [ 131.390086662757568, 34.349123543467734 ], [ 131.391283626119588, 34.349528506227223 ], [ 131.392149902205517, 34.348993334574573 ], [ 131.392900104757103, 34.349213457306575 ], [ 131.39344676521776, 34.34909956457394 ], [ 131.394937837237052, 34.349799773088137 ], [ 131.396047010904311, 34.3493525942947 ], [ 131.396464845574826, 34.349359164377475 ], [ 131.398126061936409, 34.349740921287378 ], [ 131.398252739535508, 34.349855255002225 ], [ 131.39811222547462, 34.350745217600299 ], [ 131.398198270373229, 34.351236398381893 ], [ 131.399415394505496, 34.351178528948509 ], [ 131.399619074630266, 34.351249111778827 ], [ 131.399847348885942, 34.351677790984304 ], [ 131.399755237370442, 34.352774850315498 ], [ 131.399390045431971, 34.353121772765839 ], [ 131.399244612977242, 34.353806462611189 ], [ 131.398858486003178, 34.354185229861507 ], [ 131.398979257336435, 34.354370664740358 ], [ 131.398698979356965, 34.354578095285135 ], [ 131.398852391484581, 34.354713726423675 ], [ 131.399965383337701, 34.354597862254423 ], [ 131.399323684252295, 34.355874046731437 ], [ 131.399705596173305, 34.355818824382844 ], [ 131.399728696027609, 34.35539932453883 ], [ 131.400097929660717, 34.354758858110003 ], [ 131.400539934939388, 34.35476275063337 ], [ 131.401205973966114, 34.355177683942458 ], [ 131.40157356551029, 34.355202378515692 ], [ 131.402010707982981, 34.355667152733226 ], [ 131.402580724263402, 34.355678034861796 ], [ 131.404008757391921, 34.356467197499164 ], [ 131.404804110920622, 34.356663865995081 ], [ 131.404789648651217, 34.357220341926912 ], [ 131.403333628505123, 34.358653897144592 ], [ 131.403330432934041, 34.35900632653005 ], [ 131.403734643769837, 34.3596593677754 ], [ 131.403815617456473, 34.360152342807304 ], [ 131.403024072807227, 34.36086174980354 ], [ 131.403652605977783, 34.362066977586345 ], [ 131.404247493408633, 34.36274078270251 ], [ 131.404412504766469, 34.364299514036105 ], [ 131.405835572408478, 34.363363704679145 ], [ 131.40722134995832, 34.363215516007571 ], [ 131.407811281000676, 34.363510483140217 ], [ 131.408399341425593, 34.363278311411641 ], [ 131.40870019902448, 34.362955615186664 ], [ 131.409119521258987, 34.363059491263456 ], [ 131.410672261089672, 34.362959490787979 ], [ 131.411187759897018, 34.362227491447918 ], [ 131.411621939266951, 34.361972103928551 ], [ 131.411814533342948, 34.36252534823695 ], [ 131.412573290893704, 34.363222244821891 ], [ 131.412660817972011, 34.363729199588057 ], [ 131.413178659674372, 34.364413336111362 ], [ 131.413536748783059, 34.364622331498474 ], [ 131.413751760741718, 34.365292205693692 ], [ 131.414645277276037, 34.365532238636149 ], [ 131.415358006425748, 34.365206424543203 ], [ 131.415501299224076, 34.365282104117561 ], [ 131.415728872194933, 34.367354649254665 ], [ 131.41604005350689, 34.367758728165043 ], [ 131.417230662826995, 34.367910264091599 ], [ 131.418152826263935, 34.368515283744316 ], [ 131.41854567092804, 34.368582762795334 ], [ 131.419257204009909, 34.368392993234266 ], [ 131.42048978272112, 34.368909591556083 ], [ 131.421825354179902, 34.368587530787963 ] ] ] } },
{ "type": "Feature", "properties": { "CITY_NAME": "萩市", "S_NAME": "大字佐々並久年", "JINKO": 418, "medical_area": "35_萩医療圏", "町丁目名": "萩市大字佐々並久年" }, "geometry": { "type": "Polygon", "coordinates": [ [ [ 131.452064532705691, 34.322322225711858 ], [ 131.453225110278623, 34.322377175359058 ], [ 131.453549030248553, 34.321683311192615 ], [ 131.453661607287216, 34.320733523890411 ], [ 131.454182522485695, 34.320153360648995 ], [ 131.454157603380963, 34.319942897363546 ], [ 131.454426730982192, 34.319678645834394 ], [ 131.454543716835076, 34.319260523747424 ], [ 131.455290580672369, 34.318253572584133 ], [ 131.455885759467833, 34.318054602540336 ], [ 131.4563516656209, 34.317470448423734 ], [ 131.457070553938138, 34.317322480987308 ], [ 131.456907521045736, 34.316778344786002 ], [ 131.457671559481042, 34.315928684901976 ], [ 131.457506991297748, 34.315566965821937 ], [ 131.457090822478563, 34.315225482001736 ], [ 131.456646849143567, 34.314138498411921 ], [ 131.459469050658015, 34.312088142443649 ], [ 131.460713906590172, 34.311984473085296 ], [ 131.461654690802362, 34.311603083340351 ], [ 131.462529601103, 34.311577705187418 ], [ 131.463685200657693, 34.310869464544567 ], [ 131.465150437718108, 34.310399787681803 ], [ 131.466108337915244, 34.309525145699439 ], [ 131.466081182816708, 34.309012090959349 ], [ 131.466921350146634, 34.308756018660929 ], [ 131.467528913984154, 34.308755271211766 ], [ 131.468295212770585, 34.308244498111812 ], [ 131.468660909559532, 34.307725093057677 ], [ 131.469007524074811, 34.307609729268044 ], [ 131.469959374082265, 34.307780397074488 ], [ 131.47047389765055, 34.307631190788399 ], [ 131.470771292093161, 34.307132941431448 ], [ 131.471875330719826, 34.306311333016446 ], [ 131.473351591856698, 34.305758935091426 ], [ 131.473119106829216, 34.305047064947146 ], [ 131.474221839939332, 34.304696948990092 ], [ 131.474377413433018, 34.304245784541003 ], [ 131.474166435291949, 34.303788166981185 ], [ 131.475380947299101, 34.302888873130797 ], [ 131.475919507929405, 34.302996314324822 ], [ 131.47604737596086, 34.303375127708385 ], [ 131.476693649485298, 34.303757030223565 ], [ 131.478595032908373, 34.304047990415739 ], [ 131.479125136736769, 34.303907583679212 ], [ 131.479323874941826, 34.303300294200064 ], [ 131.480506601296099, 34.302439794331519 ], [ 131.481823854313376, 34.302751491102413 ], [ 131.483809143777705, 34.303677592862265 ], [ 131.484531646619644, 34.304679139960491 ], [ 131.483385890280886, 34.304529303211254 ], [ 131.482865709796442, 34.304739232411819 ], [ 131.482627500110311, 34.305050903438385 ], [ 131.482416513650151, 34.306855655058399 ], [ 131.481038694361303, 34.307547592283818 ], [ 131.480340607656927, 34.308670606737806 ], [ 131.480226446941117, 34.309455447465076 ], [ 131.48104969038809, 34.309877624870261 ], [ 131.481481447939814, 34.310561017503503 ], [ 131.480564701149831, 34.311321472709423 ], [ 131.479798648930313, 34.312709060008203 ], [ 131.48042914644995, 34.313269322015181 ], [ 131.481100439180125, 34.314704731535066 ], [ 131.48137455263776, 34.314885175221377 ], [ 131.482010019825395, 34.314829163746815 ], [ 131.482823124523605, 34.313551286373787 ], [ 131.483226670534862, 34.312539456469395 ], [ 131.484585207267344, 34.311219831737489 ], [ 131.486526139258501, 34.311220683251548 ], [ 131.487906195724378, 34.310940160552555 ], [ 131.489236344268193, 34.310907695573391 ], [ 131.489735153677714, 34.311457323871032 ], [ 131.488715302982285, 34.313882467355093 ], [ 131.488773715461207, 34.314071696897699 ], [ 131.489382485026596, 34.314353442511525 ], [ 131.490781970261423, 34.313148347792506 ], [ 131.491721070182706, 34.312576841466822 ], [ 131.492437718934355, 34.3128591697483 ], [ 131.493544390601841, 34.313809825585807 ], [ 131.495141522253505, 34.315623202703598 ], [ 131.495240088022058, 34.316786915979051 ], [ 131.495663328850867, 34.317813384571323 ], [ 131.49716728570138, 34.3185374567026 ], [ 131.497975551633289, 34.319142556783461 ], [ 131.498335099400293, 34.319115629996752 ], [ 131.498502285459125, 34.318696881859822 ], [ 131.49721022240044, 34.315949885496131 ], [ 131.497604337413435, 34.314630395962531 ], [ 131.498161831060202, 34.31396781227587 ], [ 131.499093026030295, 34.313459118702106 ], [ 131.499922973301523, 34.313253869983257 ], [ 131.501891819568527, 34.313481482544731 ], [ 131.502212387764814, 34.313372352343677 ], [ 131.50238307930104, 34.313103086983794 ], [ 131.502263760502018, 34.312386258237908 ], [ 131.502382651280215, 34.312049095302612 ], [ 131.502138410996508, 34.311324262662168 ], [ 131.50257608058655, 34.311104760503824 ], [ 131.503299754824866, 34.311480150923252 ], [ 131.503377678873079, 34.311176572553954 ], [ 131.503223388596894, 34.310838211583771 ], [ 131.503394185192718, 34.31055443464534 ], [ 131.504454654148901, 34.309694651886389 ], [ 131.506057395578352, 34.309752315442765 ], [ 131.50693685710209, 34.308828429025681 ], [ 131.508354986790636, 34.308000545438446 ], [ 131.509129425444968, 34.308200086785625 ], [ 131.510181478466933, 34.308205720842004 ], [ 131.511443963787315, 34.307310326300978 ], [ 131.512929984169972, 34.307195402259623 ], [ 131.513316254639278, 34.306854861477284 ], [ 131.514801337759991, 34.306860354126265 ], [ 131.515349153898256, 34.306675057577614 ], [ 131.516179015812554, 34.306848356458168 ], [ 131.516902902885448, 34.306442115774914 ], [ 131.517278744271522, 34.305942468445998 ], [ 131.518293485849483, 34.305125434433378 ], [ 131.518631236893555, 34.304283130159867 ], [ 131.519542661301358, 34.303287063131052 ], [ 131.520607240285131, 34.301264277211317 ], [ 131.520801235908039, 34.298689480883375 ], [ 131.520508414764038, 34.298219970347354 ], [ 131.520556055490289, 34.298065968136775 ], [ 131.520981062903815, 34.297209454156913 ], [ 131.521754508350966, 34.29676737496257 ], [ 131.522670660374416, 34.295134555157375 ], [ 131.522325303779837, 34.29469393661163 ], [ 131.522253087865892, 34.294259265375359 ], [ 131.521348542028022, 34.293984481453776 ], [ 131.521254255544477, 34.293012003112601 ], [ 131.52103720054248, 34.292514165921766 ], [ 131.520341712394696, 34.292264417763306 ], [ 131.52030909265298, 34.291591322233351 ], [ 131.519442631342173, 34.290901866012007 ], [ 131.520101924919572, 34.290184234949848 ], [ 131.520002902000755, 34.289450498727575 ], [ 131.521483676641395, 34.288457420449113 ], [ 131.521508979742805, 34.287910001100933 ], [ 131.522061430124211, 34.287244063633501 ], [ 131.52243193547406, 34.287052034471756 ], [ 131.522757652838692, 34.286277850533502 ], [ 131.52312861859923, 34.286024408916937 ], [ 131.523009042892141, 34.285574557967337 ], [ 131.523687770566511, 34.28528216117283 ], [ 131.524045041907584, 34.284400803292392 ], [ 131.524676332707969, 34.283883331513451 ], [ 131.525638131794693, 34.283571841387783 ], [ 131.526221234500952, 34.282911269853457 ], [ 131.526483791488943, 34.281539332503364 ], [ 131.525123529834076, 34.280868591550131 ], [ 131.525336812288572, 34.280318356778423 ], [ 131.524172759449186, 34.279730333711427 ], [ 131.524015426419737, 34.279392415158604 ], [ 131.522931884567328, 34.279539987476852 ], [ 131.522502891759757, 34.279343757042973 ], [ 131.52207671195211, 34.279581415027067 ], [ 131.520333785405569, 34.279102591790334 ], [ 131.520262731375198, 34.279546370089918 ], [ 131.519745053028032, 34.279686621731557 ], [ 131.518577967303429, 34.279506911502203 ], [ 131.518320517011176, 34.279393138026116 ], [ 131.517980898770105, 34.278768566645645 ], [ 131.517010900916489, 34.278548890596426 ], [ 131.516826090406369, 34.27858876343214 ], [ 131.515993560105926, 34.279687200650415 ], [ 131.515358376782217, 34.279913585568082 ], [ 131.515200447312878, 34.279657351793126 ], [ 131.51530298792585, 34.279116824262708 ], [ 131.514864392154465, 34.278573279918724 ], [ 131.514080624731804, 34.278130166382276 ], [ 131.514058303970955, 34.277833942623651 ], [ 131.515519903540564, 34.275702636652817 ], [ 131.515720147677627, 34.275254474239539 ], [ 131.515440584131227, 34.274824187236923 ], [ 131.51546746834714, 34.274528083997161 ], [ 131.516299791443231, 34.273450358466228 ], [ 131.515981325232246, 34.27327497841668 ], [ 131.515612166415963, 34.273303726674897 ], [ 131.51533237427887, 34.272904004727998 ], [ 131.514852616850817, 34.272911595156678 ], [ 131.514565070225672, 34.272721161792788 ], [ 131.513621909450734, 34.271424657788522 ], [ 131.513467863644962, 34.270668219291636 ], [ 131.513113577815233, 34.270360080597257 ], [ 131.512278962242959, 34.270141078866423 ], [ 131.510383549612499, 34.268742396124452 ], [ 131.510093595597027, 34.268066928882916 ], [ 131.510814530206773, 34.266289089822457 ], [ 131.510401103349579, 34.265684523814627 ], [ 131.510295704626941, 34.264999761956766 ], [ 131.509643549278621, 34.265047402288829 ], [ 131.509374132945936, 34.264902974277135 ], [ 131.508876598165102, 34.264042696888559 ], [ 131.508156683843737, 34.263313918528375 ], [ 131.507605803912867, 34.262994424993408 ], [ 131.507449682230401, 34.262513644688333 ], [ 131.50696233390093, 34.261929092552542 ], [ 131.506484430849696, 34.261711972528509 ], [ 131.506340497418961, 34.26124153942672 ], [ 131.505310740829657, 34.260046481215483 ], [ 131.50496035885476, 34.259248255454061 ], [ 131.504031946486009, 34.258457041888306 ], [ 131.505488658186891, 34.256948599421939 ], [ 131.50563092669222, 34.256050903499705 ], [ 131.506212252388451, 34.255239533104763 ], [ 131.500900822096895, 34.254597853526157 ], [ 131.500478730250933, 34.254743893548969 ], [ 131.498115558026683, 34.257585585340557 ], [ 131.496804435637245, 34.258849481522432 ], [ 131.493073372910601, 34.259623379624031 ], [ 131.491152320430018, 34.26056605757536 ], [ 131.488835217778814, 34.262380319251541 ], [ 131.487740844835429, 34.263634748717536 ], [ 131.486472762265947, 34.266651592974981 ], [ 131.485110570274742, 34.267883374803873 ], [ 131.48451524448123, 34.268139539444775 ], [ 131.48248372104527, 34.268520099831505 ], [ 131.481381021298972, 34.268413354064158 ], [ 131.479830638312364, 34.267663137034617 ], [ 131.475236961206889, 34.266207470773303 ], [ 131.473994942994722, 34.265983373218397 ], [ 131.473202118878731, 34.266211741012789 ], [ 131.472308550217974, 34.267837929642532 ], [ 131.471582301188391, 34.270052758971715 ], [ 131.470704747469853, 34.27127641251343 ], [ 131.466985461266233, 34.273627819000026 ], [ 131.464592158108587, 34.277607127119218 ], [ 131.46345874917003, 34.281442189344446 ], [ 131.462965943197702, 34.28170784672313 ], [ 131.46203628642499, 34.281789129105235 ], [ 131.460466290488114, 34.282300015828767 ], [ 131.458184500409516, 34.283796342976842 ], [ 131.457732306602196, 34.284249987112034 ], [ 131.457793929577406, 34.284785072127278 ], [ 131.457253478578423, 34.28615622658269 ], [ 131.456191498889211, 34.287505610004807 ], [ 131.455379942758015, 34.286464401445521 ], [ 131.454651772371164, 34.285913039878871 ], [ 131.452992525801051, 34.285411039355779 ], [ 131.450338629662895, 34.285353400382398 ], [ 131.449657700809837, 34.28548154106057 ], [ 131.448596037325956, 34.286159772832839 ], [ 131.447091018383816, 34.286234883208088 ], [ 131.445626997538909, 34.286586462618466 ], [ 131.444665992427446, 34.285324847380096 ], [ 131.442907636124175, 34.280144012680154 ], [ 131.442368562199789, 34.279155895204845 ], [ 131.441344224106587, 34.277549453023227 ], [ 131.439894202159905, 34.276366586464398 ], [ 131.438882549753487, 34.274618192900995 ], [ 131.438464236428246, 34.274189582839455 ], [ 131.436898016421338, 34.27327109783829 ], [ 131.436221661723465, 34.272339030872139 ], [ 131.434906850979957, 34.271365250540107 ], [ 131.433417679943375, 34.270778641909473 ], [ 131.431664992282833, 34.270332566253146 ], [ 131.42805551996824, 34.268303193084108 ], [ 131.425570493626793, 34.265522942550867 ], [ 131.428011036481081, 34.263241983637116 ], [ 131.429382657311464, 34.262375751184493 ], [ 131.430162811174881, 34.262007855808214 ], [ 131.43368428509018, 34.261089839197908 ], [ 131.435648458096864, 34.25857146631089 ], [ 131.437615831837888, 34.25666217188855 ], [ 131.440502216291037, 34.254285103150096 ], [ 131.444468940469307, 34.251735402688645 ], [ 131.448354177922113, 34.250618448812745 ], [ 131.45113831706999, 34.248192923101705 ], [ 131.450250386657785, 34.244551033137135 ], [ 131.44912284150621, 34.241946783378673 ], [ 131.449641653801336, 34.240927809153348 ], [ 131.450973966518802, 34.239539581541536 ], [ 131.455226148545592, 34.237121537980649 ], [ 131.456071476692443, 34.236528171897262 ], [ 131.456768422321687, 34.235734460752091 ], [ 131.457254855786715, 34.23498939332142 ], [ 131.457409707392003, 34.234416943432862 ], [ 131.457294275163775, 34.233867861867353 ], [ 131.456239469764029, 34.232602914381829 ], [ 131.456361715374527, 34.23140931328826 ], [ 131.455989525290391, 34.231299808671466 ], [ 131.455941803880847, 34.230721816034681 ], [ 131.455688731806191, 34.230332808296723 ], [ 131.453996016118111, 34.230207728917215 ], [ 131.45391461165562, 34.229643485173732 ], [ 131.453556242140934, 34.229278369859458 ], [ 131.453302811686228, 34.228681567524902 ], [ 131.452461045373298, 34.228823306294295 ], [ 131.452256420637269, 34.227919687379611 ], [ 131.449596352458997, 34.224288238455124 ], [ 131.449389448030985, 34.224159677388194 ], [ 131.448793881160157, 34.224259159671341 ], [ 131.447923731123041, 34.223051286731341 ], [ 131.446361587179439, 34.222169427533679 ], [ 131.444844855215848, 34.222252088740376 ], [ 131.444258827729783, 34.222108617152266 ], [ 131.44365098158525, 34.22222731692834 ], [ 131.442754383501239, 34.221834356315412 ], [ 131.441672247132288, 34.222178882961508 ], [ 131.439229690035745, 34.222331655763064 ], [ 131.438039623453989, 34.222169924466797 ], [ 131.437333153075372, 34.222900094698247 ], [ 131.437039701019557, 34.222879616838995 ], [ 131.436908350363922, 34.222605402613098 ], [ 131.435618994528141, 34.222394597901364 ], [ 131.435306481341826, 34.222402034257058 ], [ 131.434570889588571, 34.222789837094169 ], [ 131.43403158106824, 34.22247106630855 ], [ 131.43294352721054, 34.222269179371843 ], [ 131.432847784783576, 34.221370407495712 ], [ 131.432643826193186, 34.221012921036532 ], [ 131.431800052442213, 34.220421986787535 ], [ 131.431166367424765, 34.219482244135399 ], [ 131.429756194749075, 34.218662938013026 ], [ 131.42857547951013, 34.21830113095146 ], [ 131.427826245841914, 34.21788105611261 ], [ 131.426762943227232, 34.217873098308665 ], [ 131.425672684533936, 34.218358718964147 ], [ 131.425056733460195, 34.218201873638989 ], [ 131.424024808311913, 34.219334567727401 ], [ 131.423765091801869, 34.219326657709665 ], [ 131.421000891574948, 34.217530414890604 ], [ 131.419534936875351, 34.21557944075326 ], [ 131.418851684508155, 34.215269864502588 ], [ 131.418760275519872, 34.214531841805908 ], [ 131.418265092527804, 34.214345967022865 ], [ 131.418054355095762, 34.213593973491619 ], [ 131.418848762624236, 34.212613708029529 ], [ 131.417325485089549, 34.211524046914448 ], [ 131.416882349006073, 34.210977577706046 ], [ 131.416550435868601, 34.210930184897862 ], [ 131.416052658490912, 34.210341118267102 ], [ 131.414343907977127, 34.210623637055029 ], [ 131.413294507893539, 34.210205141913661 ], [ 131.411947206028913, 34.210091898754982 ], [ 131.411471782259554, 34.21039535471715 ], [ 131.409934863307342, 34.210876932188469 ], [ 131.409319654379914, 34.211261090481941 ], [ 131.408155746101954, 34.212495138722772 ], [ 131.406473327046285, 34.212929193756644 ], [ 131.405436533392646, 34.213861272061202 ], [ 131.40341256545716, 34.214323871938838 ], [ 131.402575305810359, 34.215115441483768 ], [ 131.402172986347438, 34.21523943946378 ], [ 131.401507190338407, 34.215434484984385 ], [ 131.399494893664638, 34.21561350826169 ], [ 131.398337818960329, 34.217092751728444 ], [ 131.397319610495515, 34.216990574818183 ], [ 131.397215065226277, 34.217327024151068 ], [ 131.397294660622464, 34.217702947781277 ], [ 131.398244442971219, 34.218751076235307 ], [ 131.398424610918937, 34.219219477321353 ], [ 131.398367626612554, 34.220931704785613 ], [ 131.39954324981278, 34.221483118461109 ], [ 131.399473838923711, 34.222528521504849 ], [ 131.399014344542735, 34.223353128476852 ], [ 131.400092203247624, 34.223505396884036 ], [ 131.400698998810867, 34.224750559995634 ], [ 131.400696227679447, 34.225057081291723 ], [ 131.400376023203819, 34.225265824459186 ], [ 131.399563380149061, 34.226387014602871 ], [ 131.399942033748118, 34.227872067084689 ], [ 131.399975381867847, 34.228263055621952 ], [ 131.39976782655819, 34.228775089544854 ], [ 131.400821519303292, 34.229563233239418 ], [ 131.400865969129143, 34.229739741125336 ], [ 131.400803341146428, 34.230551469300153 ], [ 131.399334088627683, 34.231844904689908 ], [ 131.399264072972869, 34.232711946862821 ], [ 131.399981973287083, 34.23364280950743 ], [ 131.400252041236655, 34.234508178502786 ], [ 131.399807710470668, 34.235355832197271 ], [ 131.401006117775751, 34.235389676166307 ], [ 131.40140844976176, 34.235669143750378 ], [ 131.401078658303334, 34.23658682690877 ], [ 131.401962921862435, 34.237113282872215 ], [ 131.402447730655695, 34.237933906239114 ], [ 131.401806651991166, 34.239034166503075 ], [ 131.403806309485788, 34.240892702805198 ], [ 131.403482808615365, 34.24287184704086 ], [ 131.403288167725833, 34.243332116906863 ], [ 131.402715100475433, 34.243931883696099 ], [ 131.402348478554956, 34.244971314636651 ], [ 131.402561105132889, 34.246485670405661 ], [ 131.401409867736533, 34.247361859816088 ], [ 131.401000146904096, 34.247893463446594 ], [ 131.400151137623169, 34.24915721355044 ], [ 131.399795044279927, 34.249900022691534 ], [ 131.399816372158227, 34.250176955609923 ], [ 131.400232364248978, 34.252028971424529 ], [ 131.400785461616209, 34.252322466305046 ], [ 131.401266354753744, 34.253584807296015 ], [ 131.402305944325747, 34.25408235394562 ], [ 131.4023177523367, 34.254530809648024 ], [ 131.402551576219764, 34.255013469587787 ], [ 131.402793910657635, 34.25543701734891 ], [ 131.403535722800456, 34.255942696949653 ], [ 131.404067732520701, 34.257261280632655 ], [ 131.405390909030586, 34.258462775689239 ], [ 131.404840239129925, 34.258769268343663 ], [ 131.404574805458935, 34.25958845437728 ], [ 131.404544907556925, 34.260260767520094 ], [ 131.40485240803261, 34.260506656157048 ], [ 131.404206819747458, 34.260772975565231 ], [ 131.404204804448597, 34.261428980994893 ], [ 131.403682580639725, 34.262104725754803 ], [ 131.402425625965492, 34.263237527575399 ], [ 131.402247968149226, 34.263997957422283 ], [ 131.402371698769969, 34.264367943696975 ], [ 131.402294480024921, 34.265007006105549 ], [ 131.401995491446769, 34.26557214027644 ], [ 131.402183111681012, 34.266334702889687 ], [ 131.401836527615757, 34.266899539054357 ], [ 131.401760319036498, 34.26829690122625 ], [ 131.401503960169947, 34.268547316057344 ], [ 131.402817743832827, 34.268980218948364 ], [ 131.403490971371184, 34.269398419770567 ], [ 131.403866753989348, 34.270192156057092 ], [ 131.403896097124317, 34.270887383523537 ], [ 131.404260994638747, 34.271910102394571 ], [ 131.405128398344345, 34.272521927866016 ], [ 131.407439931638351, 34.27300942806017 ], [ 131.408629254630853, 34.273490098371624 ], [ 131.409346326609779, 34.272991626205489 ], [ 131.410327969456461, 34.272790746683611 ], [ 131.410892411299017, 34.272431913333158 ], [ 131.411586473810161, 34.272510003708192 ], [ 131.416204069970519, 34.27611752789138 ], [ 131.417767410846835, 34.276615192411732 ], [ 131.419435853745171, 34.278333536108974 ], [ 131.420174134974758, 34.279462007965442 ], [ 131.420154616218213, 34.279654172243667 ], [ 131.417179296580684, 34.280649139900838 ], [ 131.416194287501668, 34.281219966263137 ], [ 131.415224444559016, 34.282086557830837 ], [ 131.413653193840531, 34.284457993095877 ], [ 131.412432761488816, 34.285441493177402 ], [ 131.41052418887412, 34.288646565298684 ], [ 131.41026488535897, 34.289739212792135 ], [ 131.410398803774484, 34.290701448123279 ], [ 131.413025733050688, 34.28985988457989 ], [ 131.414542954352981, 34.289573378771358 ], [ 131.417235785415073, 34.288325305940148 ], [ 131.419395462240203, 34.28790954449002 ], [ 131.420410282151323, 34.288004608452532 ], [ 131.421050203972186, 34.288185850425933 ], [ 131.421350692201742, 34.288453914354811 ], [ 131.421780101915516, 34.290275669121634 ], [ 131.422200508051247, 34.291091583780535 ], [ 131.428224697136102, 34.294004634691241 ], [ 131.429570716131508, 34.294959352505202 ], [ 131.430314481878924, 34.296455315950539 ], [ 131.430925265922241, 34.296952014632048 ], [ 131.432700149455485, 34.297737133713099 ], [ 131.434647770357543, 34.298171232559795 ], [ 131.435698849773701, 34.29804551621941 ], [ 131.437233331139623, 34.297192143341547 ], [ 131.435520121853358, 34.299082916369166 ], [ 131.435452504578933, 34.299540328446469 ], [ 131.435811584717925, 34.302165263197431 ], [ 131.435402745965376, 34.302831796904023 ], [ 131.434295958604196, 34.30326525716508 ], [ 131.434060354107601, 34.303527837887003 ], [ 131.433827007173818, 34.304749887554919 ], [ 131.434770921525171, 34.30597023428669 ], [ 131.435655410846778, 34.306714932978373 ], [ 131.437194010605367, 34.307868238988704 ], [ 131.437975646267233, 34.308242529348334 ], [ 131.438768205077082, 34.308198358971254 ], [ 131.440982462478729, 34.307634358257197 ], [ 131.442472484817159, 34.307063362156079 ], [ 131.446825485063187, 34.306560903808865 ], [ 131.447418526566338, 34.30667003817365 ], [ 131.449509149336279, 34.310273305687069 ], [ 131.449946594397176, 34.311226441169538 ], [ 131.450160419188762, 34.312275187985342 ], [ 131.450233190147742, 34.313701484175212 ], [ 131.449961437108101, 34.315724312856901 ], [ 131.450162793102209, 34.316992884443735 ], [ 131.450110182821817, 34.318189675405158 ], [ 131.449439775277909, 34.319681908904386 ], [ 131.449288024958548, 34.3205758196546 ], [ 131.450158501842054, 34.321264841607665 ], [ 131.450345802046684, 34.321730947981834 ], [ 131.450782442125643, 34.322176396660232 ], [ 131.451956020317994, 34.322524724713659 ], [ 131.452064532705691, 34.322322225711858 ] ] ] } },
{ "type": "Feature", "properties": { "CITY_NAME": "萩市", "S_NAME": "大字佐々並深瀬", "JINKO": 121, "medical_area": "35_萩医療圏", "町丁目名": "萩市大字佐々並深瀬" }, "geometry": { "type": "Polygon", "coordinates": [ [ [ 131.457253478578423, 34.28615622658269 ], [ 131.457793929577406, 34.284785072127278 ], [ 131.457732306602196, 34.284249987112034 ], [ 131.459858308976834, 34.282608523276878 ], [ 131.461000422262316, 34.28208644449159 ], [ 131.462965943197702, 34.28170784672313 ], [ 131.46345874917003, 34.281442189344446 ], [ 131.464592158108587, 34.277607127119218 ], [ 131.466985461266233, 34.273627819000026 ], [ 131.47070474746991, 34.271276412513416 ], [ 131.471582301188391, 34.270052758971715 ], [ 131.472854018909999, 34.266654771901372 ], [ 131.473432967864142, 34.266064854761083 ], [ 131.47399494299475, 34.265983373218397 ], [ 131.475236961206889, 34.266207470773303 ], [ 131.479830638312393, 34.267663137034617 ], [ 131.481381021298972, 34.268413354064158 ], [ 131.48248372104527, 34.268520099831505 ], [ 131.48451524448123, 34.268139539444775 ], [ 131.485110570274742, 34.267883374803873 ], [ 131.486472762265947, 34.266651592974981 ], [ 131.487740844835429, 34.263634748717536 ], [ 131.488835217778814, 34.262380319251541 ], [ 131.491152320430018, 34.26056605757536 ], [ 131.493073372910601, 34.259623379624031 ], [ 131.496804435637245, 34.258849481522432 ], [ 131.498115558026683, 34.257585585340557 ], [ 131.500478730250933, 34.254743893548969 ], [ 131.501296132924438, 34.254610566923013 ], [ 131.506212252388451, 34.255239533104763 ], [ 131.506914543819363, 34.254719847243528 ], [ 131.506686335355397, 34.253369370877557 ], [ 131.506868394904473, 34.252349038168987 ], [ 131.506803763567262, 34.251853811498066 ], [ 131.507029868600711, 34.251319014407621 ], [ 131.50622176599191, 34.250711170272616 ], [ 131.50517352500097, 34.25032333481731 ], [ 131.50497812142109, 34.249853743211389 ], [ 131.50442882663944, 34.249398018468668 ], [ 131.503910040796598, 34.248605351550459 ], [ 131.501901992325571, 34.249020894253007 ], [ 131.501569320527409, 34.248266278510528 ], [ 131.501229402789846, 34.248115956022822 ], [ 131.500885220646069, 34.247699084074576 ], [ 131.500376633336629, 34.247873393951451 ], [ 131.500597226329802, 34.246916252894792 ], [ 131.500411037070762, 34.246244417859941 ], [ 131.500686799237599, 34.245842744426156 ], [ 131.50062959050311, 34.245379110829816 ], [ 131.501683032868954, 34.244770773149142 ], [ 131.502368094291029, 34.244565009500185 ], [ 131.502568070678564, 34.244286041649183 ], [ 131.502401448712988, 34.243221567581536 ], [ 131.501693758740373, 34.242108943420732 ], [ 131.501223244224065, 34.241965241439331 ], [ 131.500312049208361, 34.242224570042183 ], [ 131.499215497739641, 34.240422234793748 ], [ 131.497403832323897, 34.24007428182113 ], [ 131.496897730097459, 34.23972554022918 ], [ 131.496047851112451, 34.240057992765387 ], [ 131.495676461935915, 34.240856804997051 ], [ 131.496178429193719, 34.241803099277064 ], [ 131.496035251791994, 34.241992347868475 ], [ 131.495395030403273, 34.242337352805428 ], [ 131.495085070846386, 34.242258739741949 ], [ 131.494176855666552, 34.24272440355751 ], [ 131.493588517384296, 34.242707507546477 ], [ 131.493371096409248, 34.242638413117312 ], [ 131.492646582350687, 34.241589177636897 ], [ 131.491887511090567, 34.241291991078072 ], [ 131.491762356279878, 34.240927014041276 ], [ 131.488167962030332, 34.240200141978171 ], [ 131.487463452383395, 34.239723341313855 ], [ 131.48660710995614, 34.24034419174366 ], [ 131.486180172479237, 34.241094061487836 ], [ 131.485682055716069, 34.241545031494155 ], [ 131.485655632903246, 34.242294870183862 ], [ 131.485472646569463, 34.242685328318395 ], [ 131.485651163638039, 34.243525757364147 ], [ 131.485285883453486, 34.243887872247733 ], [ 131.484846049992967, 34.244207873288666 ], [ 131.484005263093422, 34.244411399574396 ], [ 131.482731741563299, 34.24405917232496 ], [ 131.482284049438988, 34.244552394283652 ], [ 131.481680663231344, 34.244847668272342 ], [ 131.481289815543249, 34.244813648449323 ], [ 131.480844606245967, 34.244277262804893 ], [ 131.480431194277656, 34.243235613141458 ], [ 131.479018270226959, 34.242905804695916 ], [ 131.478350145764693, 34.243209997092073 ], [ 131.477744204792032, 34.243115732520366 ], [ 131.474942734865692, 34.241546285848159 ], [ 131.473601690764639, 34.24119230575365 ], [ 131.473007670806169, 34.241446174287915 ], [ 131.472810353689283, 34.241364618156062 ], [ 131.471577679661777, 34.239882690817247 ], [ 131.470906866236248, 34.240001430592109 ], [ 131.470458445354495, 34.240275690245554 ], [ 131.467572492483725, 34.239536683091579 ], [ 131.467048014423568, 34.239286030905049 ], [ 131.466750146968508, 34.238880731185461 ], [ 131.46548029087154, 34.238563957346301 ], [ 131.464786654981424, 34.238056504588926 ], [ 131.464167165648519, 34.238214525403677 ], [ 131.463528938070567, 34.237908265568201 ], [ 131.463408827461421, 34.237269289041507 ], [ 131.462721367784468, 34.236745662147356 ], [ 131.462871693372932, 34.236193748505329 ], [ 131.462660600706272, 34.235651585841602 ], [ 131.462693746299095, 34.235189435161395 ], [ 131.462274014945478, 34.234249094793796 ], [ 131.463170323674404, 34.23319757321201 ], [ 131.462808583669641, 34.231759869172947 ], [ 131.462360272891374, 34.231645718387142 ], [ 131.461591187244807, 34.231138515257925 ], [ 131.460164624767316, 34.230850938489581 ], [ 131.457447286690609, 34.231374615966722 ], [ 131.456361715374527, 34.23140931328826 ], [ 131.456239469764029, 34.232602914381829 ], [ 131.457294275163775, 34.233867861867353 ], [ 131.457409707392003, 34.234416943432862 ], [ 131.457254855786715, 34.234989393321463 ], [ 131.456768422321716, 34.235734460752091 ], [ 131.456071476692443, 34.236528171897262 ], [ 131.455226148545592, 34.237121537980649 ], [ 131.450973966518774, 34.23953958154155 ], [ 131.449641653801336, 34.240927809153348 ], [ 131.44912284150621, 34.241946783378694 ], [ 131.450250386657814, 34.244551033137149 ], [ 131.45113831706999, 34.248192923101705 ], [ 131.448354177922113, 34.250618448812745 ], [ 131.444468940469307, 34.251735402688645 ], [ 131.440502216291037, 34.254285103150096 ], [ 131.437615831837888, 34.25666217188855 ], [ 131.435648458096864, 34.25857146631089 ], [ 131.43368428509018, 34.261089839197908 ], [ 131.430162811174881, 34.262007855808214 ], [ 131.429382657311464, 34.262375751184493 ], [ 131.428011036481081, 34.263241983637116 ], [ 131.425570493626793, 34.265522942550867 ], [ 131.42805551996824, 34.268303193084108 ], [ 131.431664992282833, 34.270332566253146 ], [ 131.433417679943375, 34.270778641909473 ], [ 131.434906850979957, 34.271365250540107 ], [ 131.436221661723465, 34.272339030872139 ], [ 131.436898016421338, 34.27327109783829 ], [ 131.438464236428246, 34.274189582839455 ], [ 131.438882549753487, 34.274618192900995 ], [ 131.439894202159905, 34.276366586464398 ], [ 131.441344224106587, 34.277549453023227 ], [ 131.442368562199789, 34.279155895204845 ], [ 131.442907636124175, 34.280144012680154 ], [ 131.444665992427446, 34.285324847380096 ], [ 131.445626997538909, 34.286586462618466 ], [ 131.447091018383816, 34.286234883208088 ], [ 131.448596037325956, 34.286159772832839 ], [ 131.449657700809837, 34.28548154106057 ], [ 131.450338629662895, 34.285353400382398 ], [ 131.452992525801051, 34.285411039355779 ], [ 131.454651772371164, 34.285913039878871 ], [ 131.455379942758015, 34.286464401445521 ], [ 131.456191498889211, 34.287505610004807 ], [ 131.457253478578423, 34.28615622658269 ] ] ] } },
{ "type": "Feature", "properties": { "CITY_NAME": "萩市", "S_NAME": "大字福井上", "JINKO": 138, "medical_area": "35_萩医療圏", "町丁目名": "萩市大字福井上" }, "geometry": { "type": "Polygon", "coordinates": [ [ [ 131.516006084139065, 34.439662138009261 ], [ 131.521655659439404, 34.43173991288797 ], [ 131.523528210662022, 34.432046287660938 ], [ 131.524597879825649, 34.431868919940477 ], [ 131.525278965856984, 34.43148482894722 ], [ 131.525870426649789, 34.430798388883574 ], [ 131.526799898515776, 34.430427280849834 ], [ 131.532031727270123, 34.430007835520733 ], [ 131.532863721792353, 34.430012146891372 ], [ 131.533872739185625, 34.430370097881841 ], [ 131.540628864624949, 34.429368749674687 ], [ 131.540667292328578, 34.428877461181592 ], [ 131.541222084907872, 34.428511083102109 ], [ 131.541401008060745, 34.428059956605367 ], [ 131.542214104721069, 34.427561496457479 ], [ 131.542807533050905, 34.426734962768286 ], [ 131.543397035627834, 34.426435526219784 ], [ 131.544476155061972, 34.424971221091546 ], [ 131.545713071937911, 34.423902553321504 ], [ 131.545661201103059, 34.423641548683243 ], [ 131.54509156359407, 34.423810373614224 ], [ 131.544869462166844, 34.423726558664747 ], [ 131.545132050709043, 34.423530679707795 ], [ 131.544964885267603, 34.423281907802995 ], [ 131.545534421016583, 34.423132099263903 ], [ 131.545053598544911, 34.422716218676591 ], [ 131.545190495798124, 34.420910734300804 ], [ 131.544893815535289, 34.420058963244372 ], [ 131.544160908463937, 34.419372185320789 ], [ 131.543242109337541, 34.418931111381738 ], [ 131.542481485526622, 34.418866663274351 ], [ 131.542033032240539, 34.418161317188272 ], [ 131.541342029870265, 34.417594186140448 ], [ 131.541227677483903, 34.417230027864882 ], [ 131.541630477624693, 34.416201795979696 ], [ 131.540875893496377, 34.415337530912723 ], [ 131.540050485305926, 34.412183122049917 ], [ 131.539311553641568, 34.411169472179417 ], [ 131.538694089011926, 34.410686242527916 ], [ 131.537480880206033, 34.410803678148262 ], [ 131.536677129397788, 34.410477949468472 ], [ 131.537426269804627, 34.409318573054733 ], [ 131.537990099736447, 34.407230660301799 ], [ 131.537558744737765, 34.40655019153769 ], [ 131.537827513369393, 34.404892079076021 ], [ 131.538475575106645, 34.4043075920153 ], [ 131.538676423385226, 34.403711789832307 ], [ 131.539280303110814, 34.403199331932171 ], [ 131.53949713681385, 34.402653188412224 ], [ 131.539105112543069, 34.40108674751729 ], [ 131.538510547456895, 34.400351064384111 ], [ 131.538906263142167, 34.399955155270433 ], [ 131.538936233088805, 34.3994336908262 ], [ 131.539759484865868, 34.398856707598803 ], [ 131.539768150846982, 34.398131726455716 ], [ 131.540413160722267, 34.397738639093426 ], [ 131.54047107187867, 34.397000386255336 ], [ 131.541783203547965, 34.396751708012459 ], [ 131.542866108364905, 34.396059393040744 ], [ 131.543830507049194, 34.394994444313674 ], [ 131.543885457559128, 34.394204475157366 ], [ 131.545514350382234, 34.394533220256641 ], [ 131.546722754836281, 34.394131966638611 ], [ 131.546650805791415, 34.393230067964303 ], [ 131.547097360669625, 34.3930803353051 ], [ 131.547256257079425, 34.392858432705069 ], [ 131.547254914001513, 34.392013095575621 ], [ 131.54695681045618, 34.391305995283005 ], [ 131.547002498253903, 34.39041398923731 ], [ 131.54818976901646, 34.388619309181855 ], [ 131.546204466722145, 34.387181749985366 ], [ 131.544525193395344, 34.386376362906127 ], [ 131.542843611685299, 34.385950289095 ], [ 131.54215445451652, 34.385567569297947 ], [ 131.541375431009612, 34.385446960179557 ], [ 131.540717202754564, 34.384459091564317 ], [ 131.540285596007749, 34.38414571508126 ], [ 131.53945530127524, 34.382641533420916 ], [ 131.538336002900962, 34.382548321616255 ], [ 131.536694386069541, 34.381336621235675 ], [ 131.536033078385117, 34.38116305449585 ], [ 131.535767484393801, 34.380216058364809 ], [ 131.535101418797211, 34.379896665841549 ], [ 131.534177844440507, 34.377947251962937 ], [ 131.533328860562222, 34.37778720773953 ], [ 131.533145797176388, 34.377483116036181 ], [ 131.533322827476951, 34.375546832081682 ], [ 131.533201510752377, 34.374600988633446 ], [ 131.532860577853086, 34.374033221807814 ], [ 131.533704895825224, 34.372786128316456 ], [ 131.533903983052028, 34.371935054143762 ], [ 131.533492626893775, 34.371120689864121 ], [ 131.533337664013629, 34.37037427943774 ], [ 131.533843989252148, 34.36923192967852 ], [ 131.53624630368472, 34.366827736377061 ], [ 131.535402408590329, 34.366881854268215 ], [ 131.534902422360886, 34.366448223441772 ], [ 131.535061548893907, 34.365536224067661 ], [ 131.535787330490223, 34.364948880858421 ], [ 131.536297986804612, 34.364018683286616 ], [ 131.536459895954295, 34.363134868181525 ], [ 131.536394578460801, 34.362358071084685 ], [ 131.536197358581262, 34.361945442350539 ], [ 131.535626100967988, 34.361477920123342 ], [ 131.535184192831167, 34.361373231246723 ], [ 131.532463766343227, 34.362017719367266 ], [ 131.530262303421694, 34.361966420320655 ], [ 131.529005005836154, 34.361438799879387 ], [ 131.528205162257933, 34.360687027775263 ], [ 131.52531144059256, 34.359494636836075 ], [ 131.522667842819089, 34.358815139492428 ], [ 131.519507575466548, 34.358699735446464 ], [ 131.517666804670597, 34.358941589931042 ], [ 131.516648247034993, 34.359459799579639 ], [ 131.516222432083879, 34.360396851866248 ], [ 131.515804898235444, 34.362782495317511 ], [ 131.515311344051355, 34.363530417214747 ], [ 131.514928928184901, 34.363832799135189 ], [ 131.513766260308103, 34.364272733698144 ], [ 131.510450438390194, 34.364617037040482 ], [ 131.507093373285414, 34.366120504620916 ], [ 131.504405364524587, 34.367689614834596 ], [ 131.504511883253969, 34.36837945589356 ], [ 131.505636722493904, 34.369179332626977 ], [ 131.505999143310305, 34.37080422024458 ], [ 131.50571167384669, 34.371679136517415 ], [ 131.504077798302205, 34.372421527826255 ], [ 131.503503302573392, 34.372980888888385 ], [ 131.503003475206555, 34.374551930287964 ], [ 131.502858771068077, 34.375780199871578 ], [ 131.499897476446762, 34.376306964935168 ], [ 131.498643180465251, 34.377225595967957 ], [ 131.497421636335844, 34.378700815797416 ], [ 131.495761571314517, 34.381405924172888 ], [ 131.495943587985153, 34.382065339368424 ], [ 131.495564242585544, 34.382846896743317 ], [ 131.493997487681867, 34.383241569962472 ], [ 131.493809994391569, 34.384351416372873 ], [ 131.493240448347308, 34.3844060288395 ], [ 131.495066618030222, 34.385731654836569 ], [ 131.496940220542513, 34.386639698229814 ], [ 131.498816615215304, 34.387201187818384 ], [ 131.501872363347758, 34.387580182554828 ], [ 131.503047387525584, 34.387948883031591 ], [ 131.503764819702241, 34.388519762065584 ], [ 131.503913213941217, 34.390784674869899 ], [ 131.504926526270594, 34.392196700077761 ], [ 131.506409457437428, 34.392834674439257 ], [ 131.508592605829307, 34.393003809696395 ], [ 131.509223096466968, 34.393348519768878 ], [ 131.509396101578261, 34.39433620011615 ], [ 131.508938838105792, 34.396787153222569 ], [ 131.509094335247511, 34.397678104159297 ], [ 131.509906002190633, 34.399152094403057 ], [ 131.510088163481186, 34.400150522474817 ], [ 131.509765640349457, 34.400909731654927 ], [ 131.50906378934792, 34.401588440561 ], [ 131.507761126996087, 34.402158685125599 ], [ 131.505818863845661, 34.403539234362938 ], [ 131.505147985230536, 34.404296697937198 ], [ 131.504472960754867, 34.405578994998571 ], [ 131.503530624939344, 34.406898297848549 ], [ 131.502290340795895, 34.407930446305862 ], [ 131.501303003849358, 34.409210330940446 ], [ 131.500871569728815, 34.410035564408787 ], [ 131.500060424195851, 34.413200470161222 ], [ 131.499858438452549, 34.415743394301472 ], [ 131.500010547936199, 34.416649420620864 ], [ 131.500323716372037, 34.417330094202356 ], [ 131.501460181946186, 34.417506013833595 ], [ 131.502185981140286, 34.417811686206399 ], [ 131.502544723725549, 34.418492600988117 ], [ 131.502850459596772, 34.420116178384191 ], [ 131.505952411309465, 34.42501758878953 ], [ 131.50816407750591, 34.426469124517375 ], [ 131.508641801034628, 34.427152064874925 ], [ 131.508846284231396, 34.427766908832567 ], [ 131.508878522253326, 34.428787924946988 ], [ 131.508091295144709, 34.430611554485658 ], [ 131.508084693435478, 34.431452055344046 ], [ 131.508177732816279, 34.431906136485544 ], [ 131.509016869482366, 34.432704542349853 ], [ 131.50979762944084, 34.433762803295593 ], [ 131.510189542022687, 34.435125785013952 ], [ 131.508282375778691, 34.438064144794247 ], [ 131.507613322183573, 34.44020212182285 ], [ 131.507542735939438, 34.440988893887479 ], [ 131.508103370691316, 34.44342025065172 ], [ 131.507985069434511, 34.44474500919366 ], [ 131.513498098677019, 34.443566203738889 ], [ 131.515204747884951, 34.442995528667169 ], [ 131.515511118724532, 34.4425113202132 ], [ 131.516006084139065, 34.439662138009261 ] ] ] } },
{ "type": "Feature", "properties": { "CITY_NAME": "萩市", "S_NAME": "大字福井下", "JINKO": 512, "medical_area": "35_萩医療圏", "町丁目名": "萩市大字福井下" }, "geometry": { "type": "Polygon", "coordinates": [ [ [ 131.50271875810131, 34.446979126359132 ], [ 131.503386315169735, 34.446277529721364 ], [ 131.50558890600982, 34.445192546921568 ], [ 131.507985069434511, 34.44474500919366 ], [ 131.508103370691316, 34.44342025065172 ], [ 131.507542735939438, 34.440988893887479 ], [ 131.507613322183573, 34.44020212182285 ], [ 131.508282375778691, 34.438064144794247 ], [ 131.509487486187311, 34.436349515228301 ], [ 131.510189542022687, 34.435125785013952 ], [ 131.510192048832437, 34.434805614852792 ], [ 131.50979762944084, 34.433762803295593 ], [ 131.509016869482366, 34.432704542349853 ], [ 131.508177732816279, 34.431906136485544 ], [ 131.508084693435478, 34.431452055344046 ], [ 131.508091295144709, 34.430611554485658 ], [ 131.508878522253326, 34.428787924946988 ], [ 131.508846284231396, 34.427766908832567 ], [ 131.508641801034628, 34.427152064874925 ], [ 131.50816407750591, 34.426469124517375 ], [ 131.505952411309465, 34.42501758878953 ], [ 131.502850459596772, 34.420116178384191 ], [ 131.502544723725549, 34.418492600988117 ], [ 131.502185981140286, 34.417811686206399 ], [ 131.501460181946186, 34.417506013833595 ], [ 131.500323716372037, 34.417330094202356 ], [ 131.500010547936199, 34.416649420620864 ], [ 131.499858438452549, 34.415743394301472 ], [ 131.500060424195851, 34.413200470161222 ], [ 131.500871569728815, 34.410035564408787 ], [ 131.501303003849358, 34.409210330940446 ], [ 131.502290340795895, 34.407930446305862 ], [ 131.503530624939344, 34.406898297848549 ], [ 131.504472960754867, 34.405578994998571 ], [ 131.505147985230536, 34.404296697937198 ], [ 131.505818863845661, 34.403539234362938 ], [ 131.506838221781834, 34.40275745040497 ], [ 131.507761126996087, 34.402158685125599 ], [ 131.50906378934792, 34.401588440561 ], [ 131.509765640349457, 34.400909731654927 ], [ 131.510088163481186, 34.400150522474817 ], [ 131.509906002190633, 34.399152094403057 ], [ 131.509094335247511, 34.397678104159297 ], [ 131.508938838105792, 34.396787153222569 ], [ 131.509396101578261, 34.39433620011615 ], [ 131.509223096466968, 34.393348519768878 ], [ 131.508592605829307, 34.393003809696395 ], [ 131.506409457437428, 34.392834674439257 ], [ 131.504926526270594, 34.392196700077761 ], [ 131.503913213941217, 34.390784674869899 ], [ 131.503764819702241, 34.388519762065584 ], [ 131.503047387525584, 34.387948883031591 ], [ 131.501872363347758, 34.387580182554828 ], [ 131.498816615215304, 34.387201187818384 ], [ 131.496940220542513, 34.386639698229814 ], [ 131.495066618030222, 34.385731654836569 ], [ 131.493240448347308, 34.3844060288395 ], [ 131.493089950492532, 34.384708485465993 ], [ 131.492200218370584, 34.38503714399576 ], [ 131.49175900390199, 34.385381379426953 ], [ 131.491535662508198, 34.385348870641693 ], [ 131.490804640119791, 34.384717681094166 ], [ 131.489756468951356, 34.384348290632282 ], [ 131.488236650006144, 34.38467328282151 ], [ 131.488205087011721, 34.385526483307878 ], [ 131.48700411939987, 34.385741384241527 ], [ 131.486780947171098, 34.386050613481146 ], [ 131.485976777058596, 34.386567340869171 ], [ 131.485967038285224, 34.387230485822144 ], [ 131.485527190566955, 34.387401438405874 ], [ 131.484533158473255, 34.388410555870323 ], [ 131.48377090390494, 34.38948351079538 ], [ 131.483744979454201, 34.389992598138782 ], [ 131.482555738098881, 34.390719023822669 ], [ 131.481824559290686, 34.391893282469262 ], [ 131.48023395129519, 34.393041164968352 ], [ 131.479532736307448, 34.393915953786468 ], [ 131.477856536294695, 34.39472721785652 ], [ 131.478210756963193, 34.39642947072285 ], [ 131.478070331313972, 34.396701257457188 ], [ 131.478687450313146, 34.397215369767096 ], [ 131.477816401220281, 34.398211045038792 ], [ 131.477310884190643, 34.398329343875261 ], [ 131.476743981951955, 34.398866231933091 ], [ 131.475797399841611, 34.399173616153483 ], [ 131.475577878800578, 34.400285082430806 ], [ 131.47589553371111, 34.400467184843258 ], [ 131.47605827637085, 34.400950712708095 ], [ 131.475705581980918, 34.401666296198023 ], [ 131.475892907728792, 34.40198134506786 ], [ 131.475805467052112, 34.402529809204729 ], [ 131.476492973885115, 34.403054047696465 ], [ 131.476699374739724, 34.403820253529183 ], [ 131.477473520041372, 34.404014078457934 ], [ 131.477682393091783, 34.404386716840619 ], [ 131.478117805217323, 34.404542569780332 ], [ 131.478018808602059, 34.405807830764601 ], [ 131.478262019024243, 34.406382944197773 ], [ 131.479245111160111, 34.40694516924389 ], [ 131.478191659063242, 34.407845296570045 ], [ 131.476834309127355, 34.408345476249963 ], [ 131.475704393850293, 34.410866231050342 ], [ 131.476309335422599, 34.412309144165896 ], [ 131.475997329208241, 34.413000720359186 ], [ 131.475415274903014, 34.413269303177444 ], [ 131.474003669211413, 34.413297524845518 ], [ 131.47367516883665, 34.413631767232999 ], [ 131.472902023577603, 34.413415526744295 ], [ 131.471811547679209, 34.413811219566476 ], [ 131.471363364664626, 34.414331841016768 ], [ 131.470287654857202, 34.414307121976357 ], [ 131.469566051023691, 34.414961973614652 ], [ 131.468983273084859, 34.414448717414523 ], [ 131.467555260755688, 34.41517404188042 ], [ 131.465922651102858, 34.414861409880842 ], [ 131.463699201741491, 34.413470973723904 ], [ 131.463164299611947, 34.413842598652913 ], [ 131.462567434810069, 34.413636877265311 ], [ 131.462314701680242, 34.41390912412615 ], [ 131.462350823717486, 34.414192472673314 ], [ 131.461792850218046, 34.414557620737796 ], [ 131.461292082067615, 34.414166927185519 ], [ 131.460930056335343, 34.414206110314545 ], [ 131.45960658014539, 34.413619501384623 ], [ 131.459264775365227, 34.413108433523874 ], [ 131.45907853710986, 34.412264833870474 ], [ 131.45793931547243, 34.41128132807161 ], [ 131.45706112776233, 34.410959146443751 ], [ 131.456327900065446, 34.411308606374064 ], [ 131.455681431843914, 34.411995237631444 ], [ 131.455773735899328, 34.412486412899874 ], [ 131.454985233372781, 34.412858223846371 ], [ 131.454993976076906, 34.413451746240277 ], [ 131.453584424009847, 34.414749936644519 ], [ 131.452531871653576, 34.415382768603564 ], [ 131.451125505386329, 34.415500062878991 ], [ 131.45052324634122, 34.415833070325988 ], [ 131.449839865362151, 34.416798935841442 ], [ 131.449849354732777, 34.417301181687122 ], [ 131.45053566365786, 34.41841748482738 ], [ 131.450726300722664, 34.419345785989833 ], [ 131.450626920415573, 34.419787948096349 ], [ 131.450947037410856, 34.420752784988231 ], [ 131.450765707099009, 34.421247011213929 ], [ 131.450283127512051, 34.42160480574023 ], [ 131.450147164747278, 34.421970826435384 ], [ 131.450362942260256, 34.422632472060421 ], [ 131.450302016903834, 34.423289398900458 ], [ 131.450848077255216, 34.424142441236199 ], [ 131.44999514248272, 34.425100555190333 ], [ 131.449745544511046, 34.425814414108544 ], [ 131.447275389187098, 34.427777836126594 ], [ 131.446431569100668, 34.428084762118232 ], [ 131.44441721225499, 34.427641720962995 ], [ 131.444132450305574, 34.42728548224644 ], [ 131.443331713882998, 34.426871121588903 ], [ 131.441954889179186, 34.426520545904076 ], [ 131.442112597326087, 34.427484582781602 ], [ 131.444848649352025, 34.429808828286362 ], [ 131.445907109257377, 34.431154001920881 ], [ 131.446702896602858, 34.431712006250358 ], [ 131.446600300309029, 34.431928480651997 ], [ 131.447705862562543, 34.433366045259412 ], [ 131.448678025457866, 34.434172579044834 ], [ 131.450252081016117, 34.435055453573177 ], [ 131.45206668989178, 34.435700516795812 ], [ 131.453945078654186, 34.436231538723597 ], [ 131.458515349116254, 34.436845587200395 ], [ 131.461959407966447, 34.437047460659514 ], [ 131.463429849563028, 34.436837585830027 ], [ 131.465090920677056, 34.436347901672271 ], [ 131.46741074328034, 34.435133965202454 ], [ 131.474612035124522, 34.437980283996545 ], [ 131.475040354334368, 34.438340086002597 ], [ 131.476193533793094, 34.440176171513009 ], [ 131.478562122364735, 34.442186473387963 ], [ 131.482919923356235, 34.444285837681292 ], [ 131.484934716631813, 34.445066831874293 ], [ 131.48771762621044, 34.445571051531452 ], [ 131.489113110847626, 34.446104041779257 ], [ 131.490049883895153, 34.446691542024098 ], [ 131.492170193325876, 34.448785055345404 ], [ 131.494452564185679, 34.447583749996923 ], [ 131.495493651240196, 34.446896108200974 ], [ 131.49578750364401, 34.4465158264168 ], [ 131.496142380913994, 34.446482408244719 ], [ 131.496480887255586, 34.446731054907453 ], [ 131.497307341682841, 34.44804013097221 ], [ 131.497459633071344, 34.448511034497791 ], [ 131.497218896444735, 34.44980315658092 ], [ 131.497715887230157, 34.450394409634043 ], [ 131.498757001417175, 34.450436277412713 ], [ 131.499591002933016, 34.450221479072852 ], [ 131.501015525752052, 34.449476968217702 ], [ 131.501625292183462, 34.448916230112424 ], [ 131.50271875810131, 34.446979126359132 ] ] ] } },
{ "type": "Feature", "properties": { "CITY_NAME": "萩市", "S_NAME": "大字黒川", "JINKO": 127, "medical_area": "35_萩医療圏", "町丁目名": "萩市大字黒川" }, "geometry": { "type": "Polygon", "coordinates": [ [ [ 131.485269456185478, 34.458626901933911 ], [ 131.484874416187012, 34.458354377349245 ], [ 131.482731820514886, 34.45838926194746 ], [ 131.482236714889211, 34.458210256503008 ], [ 131.482070108281732, 34.457762779460772 ], [ 131.482370341762902, 34.457482458287771 ], [ 131.483874647907243, 34.457432029472457 ], [ 131.48526856508181, 34.456993301334862 ], [ 131.485540147252834, 34.456748021106073 ], [ 131.485814842261959, 34.45611496005656 ], [ 131.485873534744627, 34.455004716657804 ], [ 131.487657261306026, 34.453733752090308 ], [ 131.489302600268189, 34.452027006414113 ], [ 131.489673687546031, 34.450871579365966 ], [ 131.489551073495733, 34.450248001273714 ], [ 131.489666528996679, 34.450001845454878 ], [ 131.490038039484574, 34.449674838576421 ], [ 131.492170193325876, 34.448785055345404 ], [ 131.490049883895153, 34.446691542024098 ], [ 131.489113110847626, 34.446104041779257 ], [ 131.48771762621044, 34.445571051531452 ], [ 131.484934716631813, 34.445066831874293 ], [ 131.482919923356235, 34.444285837681292 ], [ 131.478562122364735, 34.442186473387963 ], [ 131.476193533793094, 34.440176171513009 ], [ 131.475040354334368, 34.438340086002597 ], [ 131.474612035124522, 34.437980283996545 ], [ 131.46741074328034, 34.435133965202454 ], [ 131.465090920677056, 34.436347901672271 ], [ 131.463429849563028, 34.436837585830027 ], [ 131.461959407966447, 34.437047460659514 ], [ 131.458515349116254, 34.436845587200395 ], [ 131.453945078654186, 34.436231538723597 ], [ 131.450252081016117, 34.435055453573177 ], [ 131.448678025457866, 34.434172579044834 ], [ 131.447705862562543, 34.433366045259412 ], [ 131.446600300309029, 34.431928480651997 ], [ 131.446448160800401, 34.432162976642225 ], [ 131.445647594251199, 34.432574111240363 ], [ 131.445661668966466, 34.433515752622732 ], [ 131.446195602754614, 34.433644265112811 ], [ 131.446182364286642, 34.434322886598331 ], [ 131.445669313177717, 34.435628246607202 ], [ 131.445367141868559, 34.436008641720861 ], [ 131.444818588100787, 34.436292780969097 ], [ 131.444375996608301, 34.43713396565262 ], [ 131.444200701467423, 34.437774861854059 ], [ 131.44421697231283, 34.438884706099081 ], [ 131.44393986512452, 34.439353848251351 ], [ 131.443598419188845, 34.439584264989058 ], [ 131.44345002598547, 34.440524942574555 ], [ 131.442829148684694, 34.441924450802368 ], [ 131.44114462371013, 34.442134668668679 ], [ 131.440525359715934, 34.442057610101038 ], [ 131.439548335435802, 34.442394125959495 ], [ 131.43858153531977, 34.442394586300551 ], [ 131.438738490411026, 34.443019137251483 ], [ 131.43910303455786, 34.443352760555484 ], [ 131.439917480855001, 34.443873586824751 ], [ 131.440433132819493, 34.443929607952633 ], [ 131.441655730775892, 34.444601170638194 ], [ 131.443394173794218, 34.446795440030549 ], [ 131.445486052232582, 34.447578015855086 ], [ 131.446381354886967, 34.447632718967078 ], [ 131.446964353193891, 34.448293423847446 ], [ 131.447499943662422, 34.448515752409683 ], [ 131.44815168048811, 34.449113178535626 ], [ 131.449241412725684, 34.448882752192368 ], [ 131.450041409581587, 34.449106610260586 ], [ 131.451262484258137, 34.449975828501039 ], [ 131.452171935854182, 34.450376955163939 ], [ 131.452974952615619, 34.450254420354618 ], [ 131.453858899265811, 34.449803710908313 ], [ 131.459560230181268, 34.448059929952741 ], [ 131.460993634518076, 34.447891121153475 ], [ 131.462017525274263, 34.448127188263676 ], [ 131.464848164363104, 34.450825898487466 ], [ 131.465698313072807, 34.451397310774425 ], [ 131.46621023487296, 34.451524194160655 ], [ 131.468263214519652, 34.451394332487205 ], [ 131.469202867386883, 34.451488139670658 ], [ 131.469520693451045, 34.451935773096544 ], [ 131.469303232534742, 34.452590108026847 ], [ 131.469485415986611, 34.45317430989639 ], [ 131.470489097155934, 34.453602320782664 ], [ 131.470828547370729, 34.453905276789619 ], [ 131.471551733712658, 34.455511166285397 ], [ 131.470991462112238, 34.456163865592153 ], [ 131.471010594035135, 34.456429507117264 ], [ 131.473006749921979, 34.459300416622241 ], [ 131.473943305334046, 34.459783849721909 ], [ 131.475095490886389, 34.460038324298843 ], [ 131.478429491816513, 34.46271293680983 ], [ 131.479977433697002, 34.464244405714688 ], [ 131.480483032174419, 34.465150327238895 ], [ 131.480676197661523, 34.465944051900372 ], [ 131.482132853016083, 34.464423309790973 ], [ 131.483224490831276, 34.463642152263681 ], [ 131.484227954762048, 34.463254205300281 ], [ 131.484924698969223, 34.461756794639882 ], [ 131.48585334229486, 34.460974690326481 ], [ 131.486128003100021, 34.460347404771873 ], [ 131.485269456185478, 34.458626901933911 ] ] ] } },
{ "type": "Feature", "properties": { "CITY_NAME": "萩市", "S_NAME": "大字紫福", "JINKO": 721, "medical_area": "35_萩医療圏", "町丁目名": "萩市大字紫福" }, "geometry": { "type": "Polygon", "coordinates": [ [ [ 131.543025284129868, 34.51686248361068 ], [ 131.543768920118509, 34.516160676899133 ], [ 131.543591191117514, 34.515695477050507 ], [ 131.543571072873505, 34.514341933696279 ], [ 131.544996819137452, 34.514063511984254 ], [ 131.546085337168478, 34.514458252500688 ], [ 131.546812571196796, 34.514126256236764 ], [ 131.547036624823704, 34.512998910274916 ], [ 131.546868525677439, 34.512398108758831 ], [ 131.547136486412853, 34.511745986598022 ], [ 131.546952689621378, 34.51093804308573 ], [ 131.547232530311106, 34.510432350348154 ], [ 131.546850457535214, 34.509594669425503 ], [ 131.54636688728209, 34.509067358686494 ], [ 131.546535438065945, 34.508446862893699 ], [ 131.546459774257016, 34.508175033647603 ], [ 131.545441700934873, 34.50643794054514 ], [ 131.545627533998129, 34.505810349379431 ], [ 131.54594022062895, 34.505526265290968 ], [ 131.546170503039889, 34.504720423481189 ], [ 131.548347443460528, 34.504331408055648 ], [ 131.549412157086635, 34.503261863335673 ], [ 131.549816242387948, 34.502278424228471 ], [ 131.55022458826005, 34.501887617155745 ], [ 131.550067105194898, 34.499262110261725 ], [ 131.549502000300834, 34.498098682248539 ], [ 131.549488265598569, 34.497290478417597 ], [ 131.550175888879465, 34.496787965762721 ], [ 131.551887476883479, 34.496303701830861 ], [ 131.553719871649548, 34.496402209778829 ], [ 131.554640257402781, 34.495585440173272 ], [ 131.555513533132881, 34.49531131855241 ], [ 131.556456836658271, 34.493833427790463 ], [ 131.557555543943664, 34.49273198685151 ], [ 131.558016686875789, 34.491814292807319 ], [ 131.558175236504866, 34.49097989272439 ], [ 131.560881325364392, 34.490170389197132 ], [ 131.561832517231835, 34.48958515450542 ], [ 131.562274048548829, 34.488529016823442 ], [ 131.562927734248461, 34.487728610051427 ], [ 131.563044657566763, 34.486966965443543 ], [ 131.562926102273963, 34.486740713959215 ], [ 131.563437458065891, 34.484531647841393 ], [ 131.56391156641331, 34.48417125689155 ], [ 131.564765554717582, 34.48415024885692 ], [ 131.565224199272734, 34.483975860226195 ], [ 131.565378635464754, 34.48299703987464 ], [ 131.565652438873798, 34.482675803620843 ], [ 131.565702936594846, 34.482175978593808 ], [ 131.566138734865007, 34.48190624897952 ], [ 131.566337885993164, 34.481521254890296 ], [ 131.566500717713666, 34.480075081430279 ], [ 131.565958481905056, 34.478965495428668 ], [ 131.566280100277112, 34.478272043341406 ], [ 131.565712327915776, 34.477112189146077 ], [ 131.564543318273081, 34.476089250396754 ], [ 131.563536061659818, 34.473486589533501 ], [ 131.561820185857528, 34.474636303215235 ], [ 131.560218753421537, 34.475095618348718 ], [ 131.559393562215405, 34.475162380058215 ], [ 131.55906455190771, 34.475543901248599 ], [ 131.557722459655849, 34.475781773339953 ], [ 131.557519025420646, 34.475523963489103 ], [ 131.557497290737047, 34.474745994790354 ], [ 131.556684698201167, 34.474384148257435 ], [ 131.556520438693639, 34.473967916435278 ], [ 131.55570533649896, 34.473140911762172 ], [ 131.555463347397932, 34.472334514439417 ], [ 131.554729286922111, 34.471028259413266 ], [ 131.554458840589888, 34.47030130568384 ], [ 131.554522550125995, 34.470060602964679 ], [ 131.553709890580762, 34.469756629820687 ], [ 131.551883536489726, 34.468685894697956 ], [ 131.551011212701127, 34.467655857629218 ], [ 131.550027973404013, 34.467384242565771 ], [ 131.549750683443875, 34.467172529965254 ], [ 131.549577210215887, 34.466743419688825 ], [ 131.548183580449233, 34.465405608844335 ], [ 131.548007413366832, 34.464091978744172 ], [ 131.547454040171544, 34.46350965036806 ], [ 131.547716794895592, 34.462749453409927 ], [ 131.547643441169214, 34.460928658187775 ], [ 131.547821779566505, 34.460273122781317 ], [ 131.547246670529745, 34.459072282236306 ], [ 131.547209531681631, 34.458631322898384 ], [ 131.547527694769173, 34.458316967661752 ], [ 131.547682555851651, 34.457737099139976 ], [ 131.548023138372201, 34.457368061852158 ], [ 131.548233160272957, 34.456773257988658 ], [ 131.548830366256936, 34.45646017215438 ], [ 131.54897979538768, 34.454621910185431 ], [ 131.549136083245088, 34.454343078669467 ], [ 131.549785424726451, 34.453926853931712 ], [ 131.55149651740561, 34.453452158007266 ], [ 131.552199452653923, 34.452744449568137 ], [ 131.552811412884239, 34.452419159413409 ], [ 131.5526876330552, 34.451765050533965 ], [ 131.551590025677797, 34.451212404408757 ], [ 131.551541033245513, 34.450883794516535 ], [ 131.552614784000468, 34.449673356772152 ], [ 131.55253114698769, 34.449058893188109 ], [ 131.552947257295813, 34.448398337734751 ], [ 131.552752371752263, 34.447929254314779 ], [ 131.553100023043669, 34.447590520687491 ], [ 131.553178471681292, 34.447168449853116 ], [ 131.551031613965137, 34.445614030739527 ], [ 131.549471132871844, 34.444913096241855 ], [ 131.549388281337599, 34.443612174857194 ], [ 131.548322437387071, 34.442927239622207 ], [ 131.548057884939197, 34.441944889566649 ], [ 131.547647369922373, 34.441591626324417 ], [ 131.5464879665235, 34.441063831788277 ], [ 131.543949373942411, 34.441073469695851 ], [ 131.542258312285327, 34.438949708193057 ], [ 131.542076188196091, 34.438588719016664 ], [ 131.542367972352849, 34.43698374474512 ], [ 131.543372891863072, 34.434136868976637 ], [ 131.54291869235999, 34.434048485474925 ], [ 131.542856495744985, 34.434302292632879 ], [ 131.542608998271703, 34.434423444687944 ], [ 131.542342884112486, 34.434133169757516 ], [ 131.542334019014788, 34.433336240085289 ], [ 131.541902265867833, 34.432990885771339 ], [ 131.54191668892426, 34.432377906296395 ], [ 131.541657445450483, 34.432062027331298 ], [ 131.542212987593217, 34.431688746826502 ], [ 131.541493615087433, 34.431529840762529 ], [ 131.540969051703314, 34.429725050910882 ], [ 131.540628864624949, 34.429368749674687 ], [ 131.533872739185625, 34.430370097881841 ], [ 131.532863721792353, 34.430012146891372 ], [ 131.532031727270123, 34.430007835520733 ], [ 131.526799898515776, 34.430427280849834 ], [ 131.525870426649789, 34.430798388883574 ], [ 131.525278965856984, 34.43148482894722 ], [ 131.524597879825649, 34.431868919940477 ], [ 131.523528210662022, 34.432046287660938 ], [ 131.521655659439404, 34.43173991288797 ], [ 131.516006084139065, 34.439662138009261 ], [ 131.515511118724532, 34.4425113202132 ], [ 131.515204747884951, 34.442995528667169 ], [ 131.513498098677019, 34.443566203738889 ], [ 131.50558890600982, 34.445192546921568 ], [ 131.504222242866518, 34.445811943912894 ], [ 131.503386315169735, 34.446277529721364 ], [ 131.50271875810131, 34.446979126359132 ], [ 131.501625292183462, 34.448916230112424 ], [ 131.501015525752052, 34.449476968217702 ], [ 131.499591002933016, 34.450221479072852 ], [ 131.498092430513566, 34.450477175881623 ], [ 131.497489495064769, 34.450242447746909 ], [ 131.497218896444735, 34.44980315658092 ], [ 131.497459633071344, 34.448511034497791 ], [ 131.497307341682841, 34.44804013097221 ], [ 131.496480887255586, 34.446731054907453 ], [ 131.496142380913994, 34.446482408244719 ], [ 131.49578750364401, 34.4465158264168 ], [ 131.495493651240196, 34.446896108200974 ], [ 131.494452564185679, 34.447583749996923 ], [ 131.491887843123209, 34.448979867331374 ], [ 131.490038039484574, 34.449674838576421 ], [ 131.489551073495733, 34.450248001273714 ], [ 131.489673687546031, 34.450871579365966 ], [ 131.489302600268189, 34.452027006414113 ], [ 131.487657261306026, 34.453733752090308 ], [ 131.485873534744627, 34.455004716657804 ], [ 131.485910351181616, 34.455710085156689 ], [ 131.485540147252834, 34.456748021106073 ], [ 131.484741461710314, 34.457260671595265 ], [ 131.482370341762902, 34.457482458287771 ], [ 131.482070108281732, 34.457762779460772 ], [ 131.482236714889211, 34.458210256503008 ], [ 131.482731820514886, 34.45838926194746 ], [ 131.484874416187012, 34.458354377349245 ], [ 131.485269456185478, 34.458626901933911 ], [ 131.486128003100021, 34.460347404771873 ], [ 131.48585334229486, 34.460974690326481 ], [ 131.484924698969223, 34.461756794639882 ], [ 131.484227954762048, 34.463254205300281 ], [ 131.483224490831276, 34.463642152263681 ], [ 131.482132853016083, 34.464423309790973 ], [ 131.480676197661523, 34.465944051900372 ], [ 131.480788954325362, 34.466084704650257 ], [ 131.480472744018243, 34.466956419204145 ], [ 131.481016676851965, 34.4669687740423 ], [ 131.4812093073825, 34.46668080521043 ], [ 131.48164089749551, 34.466740701440891 ], [ 131.481754631757212, 34.46679317757237 ], [ 131.481724853513583, 34.467637484111769 ], [ 131.482810045971576, 34.468376619492567 ], [ 131.483755431744896, 34.468387828931014 ], [ 131.484059224172796, 34.468619133261463 ], [ 131.485709000956547, 34.468996285451553 ], [ 131.487104068410929, 34.469663593020215 ], [ 131.48835354947218, 34.469870722176971 ], [ 131.488577271793446, 34.470337097165618 ], [ 131.489177662920355, 34.47081739960268 ], [ 131.488954482126729, 34.471169302054491 ], [ 131.4890641498489, 34.472039176528753 ], [ 131.488891671400069, 34.472689285275841 ], [ 131.489020638089443, 34.473285711815564 ], [ 131.488455077192071, 34.473872075591252 ], [ 131.488542415642996, 34.474146680898578 ], [ 131.491018906087675, 34.475238746424118 ], [ 131.491632554594503, 34.475775736465252 ], [ 131.49183127958662, 34.476341837462783 ], [ 131.49083573560975, 34.477416876964895 ], [ 131.491922959915826, 34.478468667872932 ], [ 131.49310868269589, 34.478710750665549 ], [ 131.493841142615423, 34.479158091013261 ], [ 131.49436264201654, 34.480014593869392 ], [ 131.49455511519443, 34.480834486672002 ], [ 131.495950816329866, 34.482381090532876 ], [ 131.496379773644719, 34.483323279175721 ], [ 131.497225315303069, 34.483784315691061 ], [ 131.49741463274438, 34.484294851657815 ], [ 131.498318141302946, 34.484383060127229 ], [ 131.498682432084166, 34.484684530168209 ], [ 131.49998988966874, 34.484091482409582 ], [ 131.500607655390098, 34.484114159490758 ], [ 131.500926154805256, 34.483652465675412 ], [ 131.501615097584477, 34.483521143214979 ], [ 131.501909439316876, 34.483155804456295 ], [ 131.502880570527168, 34.482726682433309 ], [ 131.502922412908788, 34.483335151709298 ], [ 131.503659055768139, 34.48454592716071 ], [ 131.503584860249248, 34.485076571684154 ], [ 131.502722549633148, 34.485752518114339 ], [ 131.503100734137234, 34.4865848188904 ], [ 131.503542036286575, 34.486809361496199 ], [ 131.504213018280552, 34.487479149636052 ], [ 131.50486893123599, 34.488583270151253 ], [ 131.505426513877239, 34.488847033799516 ], [ 131.506011186009431, 34.489376325524773 ], [ 131.505440281057616, 34.490802131138125 ], [ 131.505572859781722, 34.491729581519621 ], [ 131.505838393908164, 34.49206894909733 ], [ 131.506744543816126, 34.491620285568487 ], [ 131.507458690557087, 34.490523176080906 ], [ 131.508790707020495, 34.489410666765089 ], [ 131.508923801172102, 34.488969643087792 ], [ 131.508551288838277, 34.488333612171253 ], [ 131.50856864407973, 34.48806240615113 ], [ 131.510358076038358, 34.488425338122454 ], [ 131.51080575388616, 34.48871805940518 ], [ 131.511269002845722, 34.489461760139811 ], [ 131.512771823988771, 34.489090474562822 ], [ 131.513227489918506, 34.489249270015968 ], [ 131.513528360231874, 34.489635292127033 ], [ 131.513432470054397, 34.489971438695264 ], [ 131.514104934523402, 34.49064722705468 ], [ 131.514342530323859, 34.491114890428022 ], [ 131.514108445475813, 34.492162356715177 ], [ 131.513239311596976, 34.493154446822878 ], [ 131.513213869843469, 34.493798894312164 ], [ 131.512912935616157, 34.494073513067427 ], [ 131.512812903770879, 34.494470630085246 ], [ 131.512993057432169, 34.494826989174292 ], [ 131.512807681302775, 34.495139279968114 ], [ 131.51241703693475, 34.495418918335616 ], [ 131.511860865428844, 34.49534353132514 ], [ 131.511508651265473, 34.495554630778919 ], [ 131.51088712793009, 34.496555386511432 ], [ 131.511898283450876, 34.497636745531267 ], [ 131.512571664064495, 34.498009703246417 ], [ 131.51303095551981, 34.498738606009901 ], [ 131.514943220620779, 34.499975616237819 ], [ 131.515630720437372, 34.500790240721273 ], [ 131.51633904957751, 34.501088983036972 ], [ 131.516782803386718, 34.501732981708102 ], [ 131.518078425027596, 34.502040607665656 ], [ 131.518791387883198, 34.50273758144256 ], [ 131.519504452214392, 34.502999843052152 ], [ 131.520388492874076, 34.503997062143121 ], [ 131.520921232711572, 34.503871264092439 ], [ 131.521671736020068, 34.503985945601215 ], [ 131.522830192742276, 34.505169272603162 ], [ 131.524200513462858, 34.505866863634864 ], [ 131.525372843445098, 34.506109669570009 ], [ 131.52599382595281, 34.506536648910128 ], [ 131.526847694867115, 34.506099641495581 ], [ 131.527649155765772, 34.506251457677799 ], [ 131.529473076553813, 34.505075580879669 ], [ 131.529843937231846, 34.504978905577325 ], [ 131.531156373292816, 34.506433691622952 ], [ 131.532782078308713, 34.5093315632623 ], [ 131.53497185323144, 34.510295416229987 ], [ 131.53623810168807, 34.512333508920293 ], [ 131.536432390017495, 34.513378604429832 ], [ 131.536804115273611, 34.514165984695289 ], [ 131.537312743109027, 34.514496678540667 ], [ 131.537547627980672, 34.515220385986893 ], [ 131.5381981960183, 34.515839313247596 ], [ 131.538574247511434, 34.51601436906639 ], [ 131.539077001574498, 34.515843263062671 ], [ 131.539626508503233, 34.515921867670478 ], [ 131.539902573283797, 34.516370813698643 ], [ 131.540332998282508, 34.516359072911428 ], [ 131.541478622988222, 34.516787392711862 ], [ 131.54190032924356, 34.516775601928003 ], [ 131.542307656401249, 34.516558495223698 ], [ 131.543025284129868, 34.51686248361068 ] ] ] } },
{ "type": "Feature", "properties": { "CITY_NAME": "萩市", "S_NAME": "肥島", "JINKO": 0, "medical_area": "35_萩医療圏", "町丁目名": "萩市肥島" }, "geometry": { "type": "Polygon", "coordinates": [ [ [ 131.376105453088627, 34.482038142113545 ], [ 131.37586425809954, 34.48290839360844 ], [ 131.376081139518533, 34.483224344795914 ], [ 131.376070673693334, 34.484223286655002 ], [ 131.375627631945264, 34.484445807815639 ], [ 131.375639386867221, 34.484812694298881 ], [ 131.375951280925818, 34.484867955121118 ], [ 131.375983427753141, 34.485039453655304 ], [ 131.376799237366498, 34.48500147407249 ], [ 131.377007162160794, 34.48466375560934 ], [ 131.377591182661206, 34.484842473743683 ], [ 131.377345025246854, 34.486121906797621 ], [ 131.377548795632038, 34.486684000476579 ], [ 131.378162362775555, 34.486969260033867 ], [ 131.3784792915163, 34.486608855977302 ], [ 131.378792312928653, 34.486897530700503 ], [ 131.378891381352503, 34.487360767592172 ], [ 131.380127426362264, 34.486869207615257 ], [ 131.380124902158229, 34.48725501969826 ], [ 131.380626444868511, 34.487179779528908 ], [ 131.380430094347105, 34.48768070076791 ], [ 131.380658382756195, 34.487944597933016 ], [ 131.381114483813462, 34.487844693398166 ], [ 131.381610780559498, 34.487395278430952 ], [ 131.381841985010254, 34.487013608702533 ], [ 131.381818541610812, 34.486258002210562 ], [ 131.382086167120832, 34.485819798719348 ], [ 131.382018910126305, 34.485209849104081 ], [ 131.381563978149529, 34.484498385484954 ], [ 131.380516304444939, 34.483487301730939 ], [ 131.379989668275272, 34.482642818170383 ], [ 131.379590893609503, 34.482330213558967 ], [ 131.378822369712651, 34.482091717015443 ], [ 131.378864024113057, 34.481940555961607 ], [ 131.378788824544529, 34.482068118227772 ], [ 131.378115026009766, 34.481941086930533 ], [ 131.378558364061576, 34.481802373539026 ], [ 131.378070426061981, 34.481935446818817 ], [ 131.37644072889583, 34.481931278194239 ], [ 131.376105453088627, 34.482038142113545 ] ] ] } },
{ "type": "Feature", "properties": { "CITY_NAME": "萩市", "S_NAME": "羽島", "JINKO": 0, "medical_area": "35_萩医療圏", "町丁目名": "萩市羽島" }, "geometry": { "type": "Polygon", "coordinates": [ [ [ 131.377171932393708, 34.461663240985921 ], [ 131.37567473892986, 34.462196327232213 ], [ 131.375424120936117, 34.462109062284277 ], [ 131.375114109261204, 34.46243062278424 ], [ 131.375436589343934, 34.462741904872814 ], [ 131.374477034257694, 34.46361652255284 ], [ 131.374072253138138, 34.463716733367214 ], [ 131.373731756733832, 34.464158110125354 ], [ 131.373850830781578, 34.464801643800115 ], [ 131.373686093460378, 34.465306278965542 ], [ 131.374436167333471, 34.465292259631688 ], [ 131.373938949722032, 34.465957018424817 ], [ 131.375029009765143, 34.466706989799533 ], [ 131.374884281881947, 34.46704764974956 ], [ 131.375238100799152, 34.466933724353993 ], [ 131.375241839393453, 34.466763302962953 ], [ 131.375599302679802, 34.466722368218953 ], [ 131.375874724423937, 34.466832331389121 ], [ 131.375420048625415, 34.466910531061799 ], [ 131.376452377672763, 34.467212027997299 ], [ 131.377015455591163, 34.466947034207628 ], [ 131.377266619179011, 34.466518595354259 ], [ 131.377641445645679, 34.466475935345358 ], [ 131.377810220240576, 34.466695222189756 ], [ 131.378158379237107, 34.46648645021881 ], [ 131.378578614123398, 34.466588324717605 ], [ 131.379378594094675, 34.466133691537408 ], [ 131.379689806687537, 34.465684082537159 ], [ 131.379512379704323, 34.465453051407195 ], [ 131.379827600707074, 34.464920357300947 ], [ 131.380088884578129, 34.464914851773905 ], [ 131.380240915482602, 34.464373079143151 ], [ 131.380595823564221, 34.46436732872931 ], [ 131.380400687182629, 34.464165907487825 ], [ 131.380156861093212, 34.462892337468901 ], [ 131.37976515722076, 34.4624165163819 ], [ 131.379887223656226, 34.462167547979938 ], [ 131.37970210876415, 34.462402588144478 ], [ 131.378997046059197, 34.462145625112953 ], [ 131.379059104969599, 34.462029669930338 ], [ 131.379729721477105, 34.462015951753685 ], [ 131.379026843715224, 34.461988048831095 ], [ 131.378942866527666, 34.462119920948659 ], [ 131.377171932393708, 34.461663240985921 ] ] ] } },
{ "type": "Feature", "properties": { "CITY_NAME": "萩市", "S_NAME": "尾島", "JINKO": 0, "medical_area": "35_萩医療圏", "町丁目名": "萩市尾島" }, "geometry": { "type": "Polygon", "coordinates": [ [ [ 131.33823758329882, 34.500439056125039 ], [ 131.338471084970678, 34.50061362080487 ], [ 131.338379147504327, 34.500765411199566 ], [ 131.339077486489316, 34.501396707992704 ], [ 131.339366861380455, 34.502855481254933 ], [ 131.339041580860908, 34.502936245368645 ], [ 131.339006442555586, 34.503073913291331 ], [ 131.33925491079026, 34.503052213068074 ], [ 131.339120045333772, 34.503217518287705 ], [ 131.340783978639934, 34.502820982357768 ], [ 131.341545845951117, 34.503225480244453 ], [ 131.342203824383176, 34.503813513820013 ], [ 131.342279899380173, 34.503630484668953 ], [ 131.342524100791195, 34.503782995759394 ], [ 131.343012397061187, 34.503640780522744 ], [ 131.34357678032589, 34.503711917089326 ], [ 131.344248062293701, 34.503224832586994 ], [ 131.344853952925206, 34.503106218963914 ], [ 131.344590225799863, 34.502906108396282 ], [ 131.345133138363082, 34.502953992953735 ], [ 131.345030118767369, 34.502684674113993 ], [ 131.345373522100743, 34.502759106093585 ], [ 131.345329121942797, 34.502628086351599 ], [ 131.345565744798279, 34.50247810869196 ], [ 131.345841584161036, 34.502779296950273 ], [ 131.345596621224871, 34.502331395346864 ], [ 131.345928603935306, 34.502459840505679 ], [ 131.345914765015664, 34.502205489859875 ], [ 131.346173417720451, 34.502142430917203 ], [ 131.345827944489457, 34.501949802365907 ], [ 131.345999057183064, 34.501713034940209 ], [ 131.34579530816265, 34.501391624070756 ], [ 131.345836373760136, 34.501203424492594 ], [ 131.346171411146685, 34.501020018957114 ], [ 131.345723297980925, 34.50096192894889 ], [ 131.345712290906334, 34.500644490465184 ], [ 131.345948317391361, 34.500563249515722 ], [ 131.345662609943048, 34.500488220190263 ], [ 131.345697328953605, 34.500279272154884 ], [ 131.34582937345354, 34.500364959069302 ], [ 131.346004848229285, 34.500125403196236 ], [ 131.345725523148303, 34.500067603285743 ], [ 131.346022303681622, 34.499785617904315 ], [ 131.345716275885252, 34.499796237793966 ], [ 131.346020445242573, 34.499315966562833 ], [ 131.345760033977086, 34.49943775309842 ], [ 131.345557021554754, 34.49882518243313 ], [ 131.345014322917308, 34.498420352397375 ], [ 131.343011597208488, 34.498330227812652 ], [ 131.342428621259899, 34.498043157091274 ], [ 131.342414638957621, 34.497692312962187 ], [ 131.341879216085687, 34.497656297637683 ], [ 131.34232160751813, 34.497740423060414 ], [ 131.342333821838309, 34.498046180032453 ], [ 131.342178968109806, 34.498065840736331 ], [ 131.341022713441731, 34.49805351897966 ], [ 131.341012426989124, 34.497880327993109 ], [ 131.341648477396348, 34.497650230908874 ], [ 131.340915991135802, 34.497833754756179 ], [ 131.340930054785986, 34.498063739357342 ], [ 131.339241459259, 34.499019617378629 ], [ 131.33854678056511, 34.499782051546582 ], [ 131.33852227150598, 34.500057837942933 ], [ 131.338253124687213, 34.500295761717602 ], [ 131.338381946895993, 34.50037960440509 ], [ 131.33823758329882, 34.500439056125039 ] ] ] } },
{ "type": "Feature", "properties": { "CITY_NAME": "萩市", "S_NAME": "大字南片河町", "JINKO": 42, "medical_area": "35_萩医療圏", "町丁目名": "萩市大字南片河町" }, "geometry": { "type": "Polygon", "coordinates": [ [ [ 131.392356438624262, 34.413637307588466 ], [ 131.392223438536718, 34.413045441035599 ], [ 131.392831262423982, 34.412810813361148 ], [ 131.392462372153204, 34.410841702496207 ], [ 131.391900728948229, 34.410909783211089 ], [ 131.391685351931017, 34.410176711222853 ], [ 131.391341521189275, 34.410203411216706 ], [ 131.392013982509468, 34.413683691548506 ], [ 131.392356438624262, 34.413637307588466 ] ] ] } },
{ "type": "Feature", "properties": { "CITY_NAME": "萩市", "S_NAME": "大字南古萩町", "JINKO": 126, "medical_area": "35_萩医療圏", "町丁目名": "萩市大字南古萩町" }, "geometry": { "type": "Polygon", "coordinates": [ [ [ 131.393219815300142, 34.411897193950772 ], [ 131.393486683675974, 34.411858310654402 ], [ 131.393539862790135, 34.412082667893841 ], [ 131.393842329923501, 34.412036947231101 ], [ 131.393798940247848, 34.41184464099014 ], [ 131.394189518832661, 34.411780316971878 ], [ 131.394282011328727, 34.412210532897959 ], [ 131.395238023239017, 34.412096546899498 ], [ 131.395131936899077, 34.411566675769372 ], [ 131.394252717290101, 34.411593665465588 ], [ 131.394279057732831, 34.411013533254298 ], [ 131.394647539913223, 34.410985399571288 ], [ 131.39459081459168, 34.410602030217106 ], [ 131.393901375425628, 34.410685753888387 ], [ 131.393972951731229, 34.410260814659132 ], [ 131.394211473640581, 34.410252474390056 ], [ 131.393433609029074, 34.410084794924281 ], [ 131.391685351931017, 34.410176711222853 ], [ 131.391900728948229, 34.410909783211089 ], [ 131.392462372153204, 34.410841702496207 ], [ 131.392770603489993, 34.412561379114656 ], [ 131.393338808627448, 34.412478760509259 ], [ 131.393219815300142, 34.411897193950772 ] ] ] } },
{ "type": "Feature", "properties": { "CITY_NAME": "萩市", "S_NAME": "大字呉服町一丁目", "JINKO": 40, "medical_area": "35_萩医療圏", "町丁目名": "萩市大字呉服町一丁目" }, "geometry": { "type": "Polygon", "coordinates": [ [ [ 131.392356899919861, 34.413639339845318 ], [ 131.394142371076526, 34.413389598568827 ], [ 131.39384232992353, 34.412036947231087 ], [ 131.393539862790135, 34.412082667893841 ], [ 131.393486683675974, 34.411858310654388 ], [ 131.393219815300142, 34.411897193950772 ], [ 131.393338808627448, 34.412478760509252 ], [ 131.392770603489993, 34.412561379114656 ], [ 131.392831262423982, 34.412810813361148 ], [ 131.392223438536718, 34.413045441035599 ], [ 131.392356899919861, 34.413639339845318 ] ] ] } },
{ "type": "Feature", "properties": { "CITY_NAME": "萩市", "S_NAME": "大字呉服町二丁目", "JINKO": 95, "medical_area": "35_萩医療圏", "町丁目名": "萩市大字呉服町二丁目" }, "geometry": { "type": "Polygon", "coordinates": [ [ [ 131.394142371076526, 34.413389598568827 ], [ 131.395980398383387, 34.413135591711324 ], [ 131.395781166587938, 34.412332593091499 ], [ 131.395609102219368, 34.412357146873113 ], [ 131.395336268273383, 34.411556017972543 ], [ 131.394928899070237, 34.411431179743758 ], [ 131.394725176724961, 34.41051835868236 ], [ 131.393972951731229, 34.410260814659132 ], [ 131.393901375425656, 34.410685753888387 ], [ 131.39459081459168, 34.410602030217085 ], [ 131.394647539913194, 34.410985399571302 ], [ 131.394279057732831, 34.411013533254327 ], [ 131.394252717290101, 34.411593665465588 ], [ 131.395131936899105, 34.411566675769386 ], [ 131.395238023238988, 34.412096546899534 ], [ 131.394282011328727, 34.412210532897959 ], [ 131.394189518832661, 34.411780316971878 ], [ 131.393798940247848, 34.411844640990147 ], [ 131.394142371076526, 34.413389598568827 ] ] ] } },
{ "type": "Feature", "properties": { "CITY_NAME": "萩市", "S_NAME": "大字油屋町", "JINKO": 29, "medical_area": "35_萩医療圏", "町丁目名": "萩市大字油屋町" }, "geometry": { "type": "Polygon", "coordinates": [ [ [ 131.393841108114145, 34.414422501321262 ], [ 131.394589653879819, 34.414316857490171 ], [ 131.394467927730716, 34.413745110349133 ], [ 131.394884917370547, 34.413588167891518 ], [ 131.394820569004651, 34.413302639501516 ], [ 131.393690550934139, 34.4134545140897 ], [ 131.393841108114145, 34.414422501321262 ] ] ] } },
{ "type": "Feature", "properties": { "CITY_NAME": "萩市", "S_NAME": "大字古魚店町", "JINKO": 77, "medical_area": "35_萩医療圏", "町丁目名": "萩市大字古魚店町" }, "geometry": { "type": "Polygon", "coordinates": [ [ [ 131.393841108114145, 34.414422501321262 ], [ 131.393690550934139, 34.4134545140897 ], [ 131.392356899919861, 34.413639339845318 ], [ 131.392564771970086, 34.414602016943725 ], [ 131.393841108114145, 34.414422501321262 ] ] ] } },
{ "type": "Feature", "properties": { "CITY_NAME": "萩市", "S_NAME": "大字春若町", "JINKO": 59, "medical_area": "35_萩医療圏", "町丁目名": "萩市大字春若町" }, "geometry": { "type": "Polygon", "coordinates": [ [ [ 131.394511061845691, 34.415179643381528 ], [ 131.394335482207424, 34.414357010195374 ], [ 131.392564771970115, 34.414602016943725 ], [ 131.39274647870036, 34.415432824163609 ], [ 131.394511061845691, 34.415179643381528 ] ] ] } },
{ "type": "Feature", "properties": { "CITY_NAME": "萩市", "S_NAME": "大字北片河町", "JINKO": 0, "medical_area": "35_萩医療圏", "町丁目名": "萩市大字北片河町" }, "geometry": { "type": "Polygon", "coordinates": [ [ [ 131.392911773301762, 34.416276604055405 ], [ 131.392356438624262, 34.413637307588466 ], [ 131.392013982509468, 34.413683691548506 ], [ 131.392499109758916, 34.416345977063912 ], [ 131.392911773301762, 34.416276604055405 ] ] ] } },
{ "type": "Feature", "properties": { "CITY_NAME": "萩市", "S_NAME": "櫃島", "JINKO": 2, "medical_area": "35_萩医療圏", "町丁目名": "萩市櫃島" }, "geometry": { "type": "Polygon", "coordinates": [ [ [ 131.384372405305356, 34.52051432525657 ], [ 131.38422010796674, 34.520957763636709 ], [ 131.384011922350624, 34.521089826085415 ], [ 131.384145821799251, 34.521330566843112 ], [ 131.384419746997111, 34.521275553615496 ], [ 131.384523811245998, 34.521449195209783 ], [ 131.385045011740004, 34.521267719907897 ], [ 131.385183710476639, 34.521468765883277 ], [ 131.385930607767222, 34.521731440615575 ], [ 131.386223125301001, 34.522365200708599 ], [ 131.386058601479277, 34.522605727722777 ], [ 131.386147546682906, 34.52299577190761 ], [ 131.386382631993314, 34.522780908018163 ], [ 131.386707638973917, 34.523088643537754 ], [ 131.386941672705234, 34.522986459816217 ], [ 131.387583307551694, 34.523333112108041 ], [ 131.388322373548419, 34.523388235740612 ], [ 131.389434184621336, 34.523771248156784 ], [ 131.389672975515509, 34.523633029068151 ], [ 131.389830831987211, 34.523752070766413 ], [ 131.390506210423212, 34.52363732383867 ], [ 131.391889093393843, 34.522979944807311 ], [ 131.392012426317024, 34.522600260143818 ], [ 131.39217700793543, 34.522590454016942 ], [ 131.392151723358694, 34.522380271154148 ], [ 131.392517302588743, 34.522067053062067 ], [ 131.392039901330236, 34.521158867443503 ], [ 131.392363480151005, 34.521153727358431 ], [ 131.392167240572917, 34.520934295132442 ], [ 131.392271468950554, 34.52062308768695 ], [ 131.392118813488281, 34.520402099573012 ], [ 131.392333312342799, 34.520294427937138 ], [ 131.391940804224248, 34.520098123968921 ], [ 131.391871746689191, 34.519910202122801 ], [ 131.391995458463214, 34.519728006308014 ], [ 131.392422222122235, 34.519744224677595 ], [ 131.391747757550718, 34.518955651051932 ], [ 131.392193227021693, 34.518954802148201 ], [ 131.391921474980364, 34.518776446799457 ], [ 131.392066458765811, 34.518649319524449 ], [ 131.391863524501673, 34.518446043344937 ], [ 131.392001403635362, 34.518139555888716 ], [ 131.391295876323142, 34.516820728322287 ], [ 131.391101596622889, 34.515335533550207 ], [ 131.390878331110997, 34.515105225204152 ], [ 131.391195563227512, 34.514836776544257 ], [ 131.391184131907437, 34.514307490251319 ], [ 131.390352382361868, 34.513446649643726 ], [ 131.388402532501544, 34.512667190601924 ], [ 131.388297807647376, 34.512802597963237 ], [ 131.387965802749449, 34.51230833048691 ], [ 131.387784233930148, 34.512399161909492 ], [ 131.388110282757907, 34.512582372994956 ], [ 131.388059640380106, 34.512757845181682 ], [ 131.386825759575316, 34.512405619742808 ], [ 131.386839383522187, 34.512221885161686 ], [ 131.387581205640146, 34.512208559652002 ], [ 131.386786442434072, 34.512178164539392 ], [ 131.386774540537118, 34.512405294728019 ], [ 131.385647006174338, 34.513021999341184 ], [ 131.384993390124777, 34.514204154447263 ], [ 131.384702098373367, 34.514253702820611 ], [ 131.384470947775071, 34.515452200883701 ], [ 131.38410615647021, 34.515790602151974 ], [ 131.384267406074883, 34.516718346109776 ], [ 131.384153339954395, 34.517851671362614 ], [ 131.384413183319822, 34.518946822876067 ], [ 131.384461563449577, 34.519952301872742 ], [ 131.384263936416488, 34.520347698873984 ], [ 131.384372405305356, 34.52051432525657 ] ] ] } },
{ "type": "Feature", "properties": { "CITY_NAME": "阿武町", "S_NAME": "大字奈古", "JINKO": 1841, "medical_area": "35_萩医療圏", "町丁目名": "阿武町大字奈古" }, "geometry": { "type": "Polygon", "coordinates": [ [ [ 131.562437931825968, 34.539841362376329 ], [ 131.561772037369536, 34.538241861601279 ], [ 131.559153005568419, 34.534072719145392 ], [ 131.558806677747697, 34.533782923435922 ], [ 131.554814086276537, 34.53256491802739 ], [ 131.553765003537791, 34.532045356238363 ], [ 131.552524631367618, 34.531135752833265 ], [ 131.551317050979435, 34.529879774018156 ], [ 131.548660749528949, 34.526145266308525 ], [ 131.547933353440044, 34.524156090416845 ], [ 131.546778753718996, 34.522175311732177 ], [ 131.546326406698938, 34.521501652742401 ], [ 131.544985957255903, 34.520162817723808 ], [ 131.545027630357112, 34.519198942863468 ], [ 131.543356862821099, 34.517611890895459 ], [ 131.543073550218082, 34.516842726816009 ], [ 131.542307656401249, 34.516558495223698 ], [ 131.54190032924356, 34.516775601928003 ], [ 131.541478622988222, 34.516787392711862 ], [ 131.540332998282508, 34.516359072911428 ], [ 131.539902573283797, 34.516370813698643 ], [ 131.539626508503233, 34.515921867670478 ], [ 131.539077001574498, 34.515843263062671 ], [ 131.538446687976688, 34.515993288309673 ], [ 131.537946561490116, 34.515622354692816 ], [ 131.537547627980672, 34.515220385986893 ], [ 131.537312743109027, 34.514496678540667 ], [ 131.536804115273611, 34.514165984695289 ], [ 131.536432390017495, 34.513378604429832 ], [ 131.53623810168807, 34.512333508920293 ], [ 131.53497185323144, 34.510295416229987 ], [ 131.532782078308713, 34.5093315632623 ], [ 131.531156373292816, 34.506433691622952 ], [ 131.529927386845031, 34.505036108972078 ], [ 131.529622609827896, 34.504990290387909 ], [ 131.527649155765772, 34.506251457677799 ], [ 131.526847694867115, 34.506099641495581 ], [ 131.52599382595281, 34.506536648910128 ], [ 131.525372843445098, 34.506109669570009 ], [ 131.524200513462858, 34.505866863634864 ], [ 131.522596933586527, 34.505006752385682 ], [ 131.521671736020068, 34.503985945601215 ], [ 131.520921232711572, 34.503871264092439 ], [ 131.520388492874076, 34.503997062143121 ], [ 131.519504452214392, 34.502999843052152 ], [ 131.518791387883198, 34.50273758144256 ], [ 131.518078425027596, 34.502040607665656 ], [ 131.516891203542059, 34.501812864746007 ], [ 131.516409985383831, 34.50115105866864 ], [ 131.515630720437372, 34.500790240721273 ], [ 131.514943220620779, 34.499975616237819 ], [ 131.51303095551981, 34.498738606009901 ], [ 131.512571664064495, 34.498009703246417 ], [ 131.511898283450876, 34.497636745531267 ], [ 131.510970565533, 34.496698250066309 ], [ 131.510967455558699, 34.496259577297316 ], [ 131.511508651265473, 34.495554630778919 ], [ 131.511860865428844, 34.49534353132514 ], [ 131.51241703693475, 34.495418918335616 ], [ 131.512807681302775, 34.495139279968114 ], [ 131.512993057432169, 34.494826989174292 ], [ 131.512812903770879, 34.494470630085246 ], [ 131.512912935616157, 34.494073513067427 ], [ 131.513213869843469, 34.493798894312164 ], [ 131.513239311596976, 34.493154446822878 ], [ 131.513973007164225, 34.492426594010588 ], [ 131.514305257730825, 34.491499103556549 ], [ 131.514284077365261, 34.49094202281438 ], [ 131.513432470054397, 34.489971438695264 ], [ 131.513528360231874, 34.489635292127033 ], [ 131.513137775656247, 34.48916427284766 ], [ 131.512771823988771, 34.489090474562822 ], [ 131.511269002845722, 34.489461760139811 ], [ 131.51080575388616, 34.48871805940518 ], [ 131.510358076038358, 34.488425338122454 ], [ 131.50856864407973, 34.48806240615113 ], [ 131.508551288838277, 34.488333612171253 ], [ 131.508923801172102, 34.488969643087792 ], [ 131.508790707020495, 34.489410666765089 ], [ 131.507458690557087, 34.490523176080906 ], [ 131.506744543816126, 34.491620285568487 ], [ 131.505838393908164, 34.49206894909733 ], [ 131.505572859781722, 34.491729581519621 ], [ 131.505440281057616, 34.490802131138125 ], [ 131.506011186009431, 34.489376325524773 ], [ 131.505426513877239, 34.488847033799516 ], [ 131.50486893123599, 34.488583270151253 ], [ 131.504213018280552, 34.487479149636052 ], [ 131.503542036286575, 34.486809361496199 ], [ 131.503100734137234, 34.4865848188904 ], [ 131.502722549633148, 34.485752518114339 ], [ 131.503584860249248, 34.485076571684154 ], [ 131.503659055768139, 34.48454592716071 ], [ 131.502922412908788, 34.483335151709298 ], [ 131.502880570527168, 34.482726682433309 ], [ 131.501909439316876, 34.483155804456295 ], [ 131.501615097584477, 34.483521143214979 ], [ 131.500926154805256, 34.483652465675412 ], [ 131.500607655390098, 34.484114159490758 ], [ 131.49998988966874, 34.484091482409582 ], [ 131.498682432084166, 34.484684530168209 ], [ 131.498318141302946, 34.484383060127229 ], [ 131.49741463274438, 34.484294851657815 ], [ 131.497225315303069, 34.483784315691061 ], [ 131.496379773644719, 34.483323279175721 ], [ 131.495625864232579, 34.4837238293171 ], [ 131.493019756926515, 34.484316717388609 ], [ 131.492578897255527, 34.484863503431633 ], [ 131.4923250979366, 34.486033088501628 ], [ 131.491883174918144, 34.486710166722901 ], [ 131.489430599088848, 34.488314268929521 ], [ 131.488501186789932, 34.488426872910473 ], [ 131.487860540053106, 34.488000858808114 ], [ 131.48709627718884, 34.487861516234403 ], [ 131.486409074970823, 34.488017008004491 ], [ 131.485717525857666, 34.48871269099336 ], [ 131.484988958768582, 34.488812443703409 ], [ 131.483768572759715, 34.488701802246069 ], [ 131.483220396562075, 34.488220774907958 ], [ 131.482596779828157, 34.488276162563118 ], [ 131.482016451508571, 34.488660712913948 ], [ 131.480643901281923, 34.489105466871358 ], [ 131.479873606398513, 34.48985392360062 ], [ 131.479465494585412, 34.490655127598643 ], [ 131.479456925323433, 34.491191920145539 ], [ 131.478433977594477, 34.492502129816565 ], [ 131.477473998798644, 34.49225428345742 ], [ 131.476943048843196, 34.491717963843435 ], [ 131.475434217207152, 34.490937057728331 ], [ 131.473510920262441, 34.489639192233668 ], [ 131.471681190956019, 34.489569218613674 ], [ 131.470749038143111, 34.488359094216015 ], [ 131.469445504172796, 34.487904150886941 ], [ 131.468411552414778, 34.487014327914984 ], [ 131.467962351155194, 34.486284482303937 ], [ 131.467881358838099, 34.485633655214542 ], [ 131.466958190201126, 34.485371453212593 ], [ 131.465777436466283, 34.485433588213084 ], [ 131.463017940998213, 34.48576415742437 ], [ 131.461973682117645, 34.486065662957252 ], [ 131.462804574312287, 34.487545151313313 ], [ 131.463233706648452, 34.490640735729919 ], [ 131.464889865591175, 34.492580518327138 ], [ 131.465970618285752, 34.494723359410585 ], [ 131.467481463340704, 34.496217722132556 ], [ 131.467618295119763, 34.496916217924792 ], [ 131.467538554294521, 34.497989588631022 ], [ 131.466998307095821, 34.498915935618136 ], [ 131.465822547507429, 34.498755091315815 ], [ 131.465303127328212, 34.499015391287323 ], [ 131.465468854460596, 34.499380480891055 ], [ 131.463746466446736, 34.499861925761927 ], [ 131.465907111031783, 34.499319041503426 ], [ 131.466059797869235, 34.499682366640478 ], [ 131.465844266331231, 34.500581688324026 ], [ 131.465638953035409, 34.500783357678834 ], [ 131.465762338330563, 34.500871543650348 ], [ 131.465999390664649, 34.500653856503924 ], [ 131.467012662362265, 34.50071558868158 ], [ 131.467249582774116, 34.500905283497538 ], [ 131.466890236316317, 34.501423445402395 ], [ 131.466290943457778, 34.50172653540892 ], [ 131.465293389099372, 34.501864212626927 ], [ 131.465224997101785, 34.501451785862685 ], [ 131.463550684392231, 34.501131971973372 ], [ 131.463055078856684, 34.500757655879994 ], [ 131.463299069794573, 34.500621152930755 ], [ 131.463411566989492, 34.50045050787331 ], [ 131.462952853716899, 34.500743543928451 ], [ 131.461543080499126, 34.500562431881477 ], [ 131.460956899647329, 34.500342678139553 ], [ 131.460793619331781, 34.499820533790412 ], [ 131.460272905047731, 34.499712157510096 ], [ 131.460021724464809, 34.500443625223369 ], [ 131.459835456966772, 34.500579610354762 ], [ 131.459843968487235, 34.50099253419323 ], [ 131.459487430020602, 34.501818053025815 ], [ 131.458707953069421, 34.502177816880653 ], [ 131.458758251757047, 34.502286292439841 ], [ 131.458266163632999, 34.50265476026761 ], [ 131.458619215328895, 34.503275343903042 ], [ 131.458590260454798, 34.503479855604589 ], [ 131.458371567467452, 34.503585786840205 ], [ 131.458610140497427, 34.503704370503364 ], [ 131.458514529406813, 34.503933710403253 ], [ 131.458900514932083, 34.504136118186779 ], [ 131.459304020423986, 34.504711782033247 ], [ 131.459352117191628, 34.505201712274697 ], [ 131.459125945246569, 34.506065885916279 ], [ 131.458544587677011, 34.50694687596814 ], [ 131.457695767391129, 34.507772219088238 ], [ 131.456085380089348, 34.508635668589335 ], [ 131.455521003292716, 34.508663937972251 ], [ 131.455056814406532, 34.508436693280998 ], [ 131.454930727567131, 34.508151127848635 ], [ 131.455283084235077, 34.507952023602691 ], [ 131.455009893660872, 34.508061434779663 ], [ 131.454973504386459, 34.507858375503886 ], [ 131.453036654496856, 34.507287132080599 ], [ 131.452776539839419, 34.506626640768566 ], [ 131.451934961794507, 34.506219547762377 ], [ 131.451608395676828, 34.506327652491578 ], [ 131.4513284590399, 34.506081751941998 ], [ 131.451128993648751, 34.506101291087887 ], [ 131.450654373756862, 34.506335587615382 ], [ 131.450124525747128, 34.506908622550981 ], [ 131.450113676240676, 34.507032943516009 ], [ 131.450277253725659, 34.507006856679524 ], [ 131.450128096548553, 34.507256582311399 ], [ 131.450425897368376, 34.507453146937564 ], [ 131.450191347201553, 34.507759140287014 ], [ 131.450326645846474, 34.507975459204324 ], [ 131.450831550497327, 34.50777275491712 ], [ 131.451047758028608, 34.507959823403539 ], [ 131.451366916274509, 34.507952677388829 ], [ 131.451687717237206, 34.508261079939821 ], [ 131.452212285705087, 34.508176671580671 ], [ 131.452480018250299, 34.508323329842483 ], [ 131.452630606457774, 34.508543397766161 ], [ 131.452315357904837, 34.508859770190078 ], [ 131.452813913666063, 34.50901228472037 ], [ 131.452394593824607, 34.509270435347538 ], [ 131.45239233910047, 34.509534545880641 ], [ 131.452758278701737, 34.50940511712259 ], [ 131.452936534429654, 34.509957790201831 ], [ 131.453428567078191, 34.509983203161902 ], [ 131.453749570618157, 34.510654049606146 ], [ 131.454795209791826, 34.51115416692668 ], [ 131.4547953137197, 34.512036832177508 ], [ 131.454040967825165, 34.51365252708586 ], [ 131.453166084684881, 34.514328079870999 ], [ 131.452793410415381, 34.513967962408238 ], [ 131.453122299675755, 34.514353884657943 ], [ 131.452606854015642, 34.514641194377475 ], [ 131.452064845759708, 34.514725500710959 ], [ 131.451668089062821, 34.514510471741325 ], [ 131.452727861558941, 34.513862070931495 ], [ 131.451712338064794, 34.514430437039493 ], [ 131.451004223200187, 34.514322611639152 ], [ 131.45182307374921, 34.513450239648314 ], [ 131.450535216485775, 34.512747523387276 ], [ 131.450908909014487, 34.512350360472908 ], [ 131.450807111678586, 34.512284825368411 ], [ 131.449790389478039, 34.513366199700485 ], [ 131.448800401814026, 34.513366723020681 ], [ 131.448474500698268, 34.514538495537515 ], [ 131.449146071656912, 34.514333399976181 ], [ 131.448910870376778, 34.514583461441646 ], [ 131.449554466693172, 34.514723460456281 ], [ 131.450304628977278, 34.514362741304474 ], [ 131.44996882477966, 34.514666306884358 ], [ 131.449990144160864, 34.514839555453086 ], [ 131.45037926355792, 34.514808453844417 ], [ 131.450984155961379, 34.514375741665368 ], [ 131.451077278618584, 34.514441085533598 ], [ 131.45084131596613, 34.51465156382482 ], [ 131.45101215198514, 34.514668905669389 ], [ 131.450771693018538, 34.514768355564478 ], [ 131.451253497922721, 34.514973180013456 ], [ 131.451071132370146, 34.515159603043884 ], [ 131.451317146541726, 34.515171891356971 ], [ 131.451257547657974, 34.515395095431913 ], [ 131.451553444815119, 34.51543472173055 ], [ 131.451313670254507, 34.515578408902421 ], [ 131.451597004421387, 34.515689238820194 ], [ 131.451719911744135, 34.516092974946609 ], [ 131.450559976286769, 34.516470174790108 ], [ 131.45010649151132, 34.516902083133459 ], [ 131.450689137673521, 34.516908178171391 ], [ 131.450743485658421, 34.517174450534583 ], [ 131.451157722908732, 34.517257172949691 ], [ 131.451435960848698, 34.517073988186496 ], [ 131.451903092948527, 34.516323939812445 ], [ 131.452216693189115, 34.516204067803699 ], [ 131.452320940575504, 34.516621075869416 ], [ 131.452672112123622, 34.516695253325771 ], [ 131.452882994323772, 34.516487442273828 ], [ 131.453414415143016, 34.516752839133744 ], [ 131.453397058844502, 34.517126876276819 ], [ 131.45311325359333, 34.51720001722672 ], [ 131.453147939785254, 34.517477866215486 ], [ 131.453443814669527, 34.517521150014943 ], [ 131.453644468498794, 34.518129029534094 ], [ 131.453856347090607, 34.518188867004277 ], [ 131.454064677676143, 34.518025975161635 ], [ 131.454404701496458, 34.518385898774405 ], [ 131.453886148232783, 34.519549519625429 ], [ 131.453863181254519, 34.520327381580046 ], [ 131.454408287971916, 34.520143073862457 ], [ 131.454861843868798, 34.520342225359116 ], [ 131.455441416472439, 34.520202204016179 ], [ 131.456044891442957, 34.521094716257323 ], [ 131.456026120056094, 34.52163637160082 ], [ 131.455268961949912, 34.52203948122898 ], [ 131.455475525952977, 34.522210145275196 ], [ 131.455852740838765, 34.522171774106361 ], [ 131.455955169539692, 34.522420292325329 ], [ 131.45592908841266, 34.522800615575669 ], [ 131.455592178100062, 34.522837390505956 ], [ 131.45547638049851, 34.523005330486605 ], [ 131.455841407694749, 34.523630360397021 ], [ 131.455242241511087, 34.524795339743541 ], [ 131.455324254075322, 34.525013030385608 ], [ 131.455538300068639, 34.524950326272211 ], [ 131.455533122848493, 34.525428953007037 ], [ 131.456062672412429, 34.525536560596144 ], [ 131.456229603388209, 34.526016330684612 ], [ 131.457096596922327, 34.525896007129568 ], [ 131.45805049379544, 34.526190042358408 ], [ 131.459529427101302, 34.527384141302804 ], [ 131.461158186182047, 34.529032520692198 ], [ 131.461397072267289, 34.528996995534719 ], [ 131.462433600130993, 34.529702507522344 ], [ 131.463252204638366, 34.530548461425546 ], [ 131.463545794129089, 34.530996406369248 ], [ 131.463489216097344, 34.53124751917877 ], [ 131.463970000687851, 34.531462146928291 ], [ 131.463727597748544, 34.53178895979287 ], [ 131.463807833427438, 34.531963387270785 ], [ 131.464429342412757, 34.532026411394575 ], [ 131.464501902277902, 34.532208118531699 ], [ 131.464317304947087, 34.532522587650007 ], [ 131.464751881103894, 34.532534949532554 ], [ 131.465034677727687, 34.532845770167647 ], [ 131.464801013213645, 34.533170803594366 ], [ 131.465072696846477, 34.533117430233482 ], [ 131.465375569474133, 34.533505839891824 ], [ 131.465246554561361, 34.533692726823034 ], [ 131.465465287594981, 34.533976131350123 ], [ 131.465513786506534, 34.535078940276819 ], [ 131.465307086516077, 34.535176919025353 ], [ 131.465418705083039, 34.535375050430169 ], [ 131.465625847002201, 34.535356379019689 ], [ 131.465569588366463, 34.535569744460652 ], [ 131.465929665572304, 34.535760146144511 ], [ 131.465847165990169, 34.535986883182062 ], [ 131.466088691541785, 34.536024331477321 ], [ 131.46626563711763, 34.536491461337732 ], [ 131.466551220339483, 34.53673101511913 ], [ 131.466408975030333, 34.536937544702255 ], [ 131.466554252476016, 34.537279260158371 ], [ 131.466306509152417, 34.537724927524209 ], [ 131.466751698192411, 34.537901444878131 ], [ 131.46654611499531, 34.538124796186636 ], [ 131.466825797680286, 34.538419389940849 ], [ 131.467342117142493, 34.538298816499577 ], [ 131.467468700269762, 34.538011060732565 ], [ 131.468299313662271, 34.537826502835422 ], [ 131.468151701813809, 34.537498439971884 ], [ 131.468286801967764, 34.537367510002674 ], [ 131.468249722899799, 34.536981481689153 ], [ 131.468662556433912, 34.5368586208632 ], [ 131.468259634057318, 34.536706579755233 ], [ 131.468679473855076, 34.53652417436809 ], [ 131.468466164719729, 34.536368849999114 ], [ 131.468794697019177, 34.535644021482476 ], [ 131.469664227879576, 34.535356985115421 ], [ 131.469819036067491, 34.535081920652495 ], [ 131.46969132391709, 34.534985685638773 ], [ 131.47007678347299, 34.534745323004941 ], [ 131.470165695298647, 34.534533973580444 ], [ 131.469796465035444, 34.534134350127566 ], [ 131.470154819560747, 34.533484626195033 ], [ 131.472159656805331, 34.532782025690686 ], [ 131.475550062674586, 34.533008598291417 ], [ 131.476079995122092, 34.533346987503137 ], [ 131.477223327898514, 34.533538253996433 ], [ 131.477500800371075, 34.533845350389385 ], [ 131.478063443928619, 34.534042348574538 ], [ 131.478055342767334, 34.53370338698106 ], [ 131.478261468816896, 34.533941619893966 ], [ 131.478329910308418, 34.533702257225578 ], [ 131.47797088391178, 34.533510915379495 ], [ 131.478217007349286, 34.533387920853578 ], [ 131.478152636317049, 34.53326754330886 ], [ 131.478779784620428, 34.533175569193943 ], [ 131.478930306683935, 34.532621136340701 ], [ 131.480015147516298, 34.531980816514817 ], [ 131.481292556597907, 34.531497502382933 ], [ 131.482638746347988, 34.53193058982059 ], [ 131.482508198976461, 34.532574446767597 ], [ 131.482619492424533, 34.532686915199371 ], [ 131.483479140076639, 34.532668198706098 ], [ 131.483967195393262, 34.533198315640213 ], [ 131.484806715714598, 34.532982129337377 ], [ 131.485414563409648, 34.533382188444783 ], [ 131.485608180458087, 34.533283255104671 ], [ 131.485441739548719, 34.532987501818326 ], [ 131.485740610308596, 34.533073967330125 ], [ 131.486124073997246, 34.532805646931905 ], [ 131.486400954412176, 34.532917061382861 ], [ 131.487205470178793, 34.532717848953389 ], [ 131.487899934729541, 34.532781152683164 ], [ 131.488373402016094, 34.533234542179073 ], [ 131.489023389399534, 34.533414930228084 ], [ 131.491899792095211, 34.532683428090621 ], [ 131.49149818115842, 34.532640641516473 ], [ 131.491254151191612, 34.532370667795732 ], [ 131.49231862188438, 34.531405578842694 ], [ 131.492050524632845, 34.530169718377792 ], [ 131.49324382168021, 34.52856412401696 ], [ 131.491352783983018, 34.527156042271507 ], [ 131.490970444714321, 34.526606532588929 ], [ 131.491086614679375, 34.525485054441326 ], [ 131.490721067189611, 34.522982419288205 ], [ 131.490702640316499, 34.521715529034722 ], [ 131.490960486142342, 34.519994754477615 ], [ 131.491475609796197, 34.518640354555274 ], [ 131.494001731384316, 34.519496389908852 ], [ 131.498485077565391, 34.519658471651155 ], [ 131.499561614844055, 34.520042428965368 ], [ 131.505564643555971, 34.52362366222409 ], [ 131.509639776196082, 34.525553204458411 ], [ 131.518755427766223, 34.529494204204902 ], [ 131.525354676762532, 34.531342068393904 ], [ 131.527016204477633, 34.534014369485739 ], [ 131.528238887577658, 34.538606985444005 ], [ 131.53446814212046, 34.539457055194696 ], [ 131.535860511646035, 34.540228425379297 ], [ 131.538293272110053, 34.54095879437547 ], [ 131.540531149683062, 34.540634608997891 ], [ 131.542193939309357, 34.539296760179298 ], [ 131.543008403229948, 34.538872417415092 ], [ 131.543682042600125, 34.538818664706938 ], [ 131.545938287245264, 34.539494453664425 ], [ 131.548505181950105, 34.539596773679406 ], [ 131.549228409454059, 34.539836092227731 ], [ 131.550225031792138, 34.540455280174406 ], [ 131.553129798586156, 34.542744659682917 ], [ 131.558555240435169, 34.546196342149273 ], [ 131.560769215829453, 34.547382086294277 ], [ 131.562369791148086, 34.544436431274256 ], [ 131.56278154666623, 34.543301298345021 ], [ 131.56281591667701, 34.541875122673403 ], [ 131.562437931825968, 34.539841362376329 ] ] ] } },
{ "type": "Feature", "properties": { "CITY_NAME": "阿武町", "S_NAME": "大字奈古", "JINKO": 0, "medical_area": "35_萩医療圏", "町丁目名": "阿武町大字奈古" }, "geometry": { "type": "Polygon", "coordinates": [ [ [ 131.449443952708776, 34.512746611889384 ], [ 131.449169958204862, 34.512570047591069 ], [ 131.448978447347088, 34.512796137857521 ], [ 131.449094144255412, 34.51291753933161 ], [ 131.449011560711199, 34.513131732664128 ], [ 131.449568446035897, 34.513092603880203 ], [ 131.449601936125759, 34.512997294431678 ], [ 131.44920614888477, 34.512923832081931 ], [ 131.449443952708776, 34.512746611889384 ] ] ] } },
{ "type": "Feature", "properties": { "CITY_NAME": "阿武町", "S_NAME": "大字奈古", "JINKO": 0, "medical_area": "35_萩医療圏", "町丁目名": "阿武町大字奈古" }, "geometry": { "type": "Polygon", "coordinates": [ [ [ 131.457029547926282, 34.495789727854095 ], [ 131.457697789536098, 34.495826847611077 ], [ 131.457251881262039, 34.495377156392031 ], [ 131.45696635057061, 34.495407053578504 ], [ 131.457029547926282, 34.495789727854095 ] ] ] } },
{ "type": "Feature", "properties": { "CITY_NAME": "阿武町", "S_NAME": "大字奈古", "JINKO": 0, "medical_area": "35_萩医療圏", "町丁目名": "阿武町大字奈古" }, "geometry": { "type": "Polygon", "coordinates": [ [ [ 131.456334628596949, 34.497870912996419 ], [ 131.457162556233641, 34.497954182403625 ], [ 131.458272089586046, 34.497446740943616 ], [ 131.45760522497207, 34.497114660083788 ], [ 131.457678524163725, 34.496947456523806 ], [ 131.457405049921022, 34.497220838672639 ], [ 131.456353028733588, 34.49724079135526 ], [ 131.455976601881645, 34.49758569454572 ], [ 131.456334628596949, 34.497870912996419 ] ] ] } },
{ "type": "Feature", "properties": { "CITY_NAME": "阿武町", "S_NAME": "大字木与", "JINKO": 218, "medical_area": "35_萩医療圏", "町丁目名": "阿武町大字木与" }, "geometry": { "type": "Polygon", "coordinates": [ [ [ 131.515472510137784, 34.54489240430334 ], [ 131.517044607810931, 34.544736531653072 ], [ 131.51944820944837, 34.54476718163599 ], [ 131.521366515563869, 34.544484478781705 ], [ 131.52419599093875, 34.541888907467502 ], [ 131.528238887577658, 34.538606985444005 ], [ 131.527016204477633, 34.534014369485739 ], [ 131.525354676762532, 34.531342068393904 ], [ 131.518755427766223, 34.529494204204902 ], [ 131.509639776196082, 34.525553204458411 ], [ 131.505564643555971, 34.52362366222409 ], [ 131.499561614844055, 34.520042428965368 ], [ 131.498485077565391, 34.519658471651155 ], [ 131.494001731384316, 34.519496389908852 ], [ 131.491475609796197, 34.518640354555274 ], [ 131.490960486142342, 34.519994754477615 ], [ 131.490702640316499, 34.521715529034722 ], [ 131.490721067189611, 34.522982419288205 ], [ 131.491086614679375, 34.525485054441326 ], [ 131.490970444714321, 34.526606532588929 ], [ 131.491352783983018, 34.527156042271507 ], [ 131.49324382168021, 34.52856412401696 ], [ 131.492050524632845, 34.530169718377792 ], [ 131.49231862188438, 34.531405578842694 ], [ 131.493907554868429, 34.531054713720465 ], [ 131.496742368144652, 34.531143252281403 ], [ 131.499128132167868, 34.531946970478117 ], [ 131.499085832763512, 34.532468637371721 ], [ 131.499831501442145, 34.532263667963157 ], [ 131.500145750184089, 34.532881939587718 ], [ 131.500402402896611, 34.532389332322445 ], [ 131.500822738405844, 34.532271748822161 ], [ 131.503478697132124, 34.533347316330705 ], [ 131.504695616725655, 34.534432084292561 ], [ 131.504754494853472, 34.534841753234268 ], [ 131.505046039988287, 34.535167882174775 ], [ 131.505151052785351, 34.535249588302925 ], [ 131.505490432950666, 34.535038580309333 ], [ 131.50477676259203, 34.535601831932311 ], [ 131.504727319322768, 34.536207418387221 ], [ 131.504826892626681, 34.536422492526434 ], [ 131.504864751190411, 34.53563569388912 ], [ 131.505022650081827, 34.53550399617 ], [ 131.505586811915975, 34.535936121186673 ], [ 131.505725184537766, 34.536480463118046 ], [ 131.505552416649834, 34.53711425036704 ], [ 131.504527894246962, 34.536901352028366 ], [ 131.505448172513923, 34.537348925236678 ], [ 131.506024917372173, 34.537978598527005 ], [ 131.506493717167388, 34.539037735534038 ], [ 131.506785914036584, 34.540663026233048 ], [ 131.507008980368596, 34.541112171316868 ], [ 131.507883797209047, 34.542355631193004 ], [ 131.509348498538742, 34.543544511289973 ], [ 131.509522402732898, 34.543872669311455 ], [ 131.509199008790517, 34.543985448107264 ], [ 131.509612366700622, 34.54393273869524 ], [ 131.510161310253238, 34.544367432768226 ], [ 131.510596424991462, 34.545147747128553 ], [ 131.511393455752227, 34.546044514932284 ], [ 131.511559092364621, 34.546734208315144 ], [ 131.513395061740198, 34.545652660048866 ], [ 131.515472510137784, 34.54489240430334 ] ] ] } },
{ "type": "Feature", "properties": { "CITY_NAME": "阿武町", "S_NAME": "大字木与", "JINKO": 0, "medical_area": "35_萩医療圏", "町丁目名": "阿武町大字木与" }, "geometry": { "type": "Polygon", "coordinates": [ [ [ 131.491690124271912, 34.545292581847669 ], [ 131.491549794585751, 34.54499346573801 ], [ 131.491814281548358, 34.545027325654956 ], [ 131.491988824977426, 34.544593877676597 ], [ 131.492301183273923, 34.545040015568688 ], [ 131.492237074741325, 34.544071388269366 ], [ 131.492971975393345, 34.543327193126864 ], [ 131.492850242616896, 34.542885769709649 ], [ 131.492064161268104, 34.543222171789012 ], [ 131.491669173883253, 34.543565238573578 ], [ 131.491223336715336, 34.543596157860605 ], [ 131.490800182213917, 34.544053585341771 ], [ 131.491013847253441, 34.544309020999023 ], [ 131.490711126992437, 34.54469316192781 ], [ 131.490679270969537, 34.545127538341589 ], [ 131.491258699918205, 34.5455561389848 ], [ 131.491559788565382, 34.545511038456304 ], [ 131.491690124271912, 34.545292581847669 ] ] ] } },
{ "type": "Feature", "properties": { "CITY_NAME": "阿武町", "S_NAME": "大字宇田", "JINKO": 0, "medical_area": "35_萩医療圏", "町丁目名": "阿武町大字宇田" }, "geometry": { "type": "Polygon", "coordinates": [ [ [ 131.51582077829886, 34.566236526174912 ], [ 131.516182385617469, 34.565703897657968 ], [ 131.517205351333899, 34.56588696699162 ], [ 131.517497550862089, 34.565591029325944 ], [ 131.5175986834073, 34.565056025046758 ], [ 131.517740443426788, 34.565466112155669 ], [ 131.517888356597524, 34.565506480101035 ], [ 131.518106917306966, 34.5652859306051 ], [ 131.517917000038011, 34.56518392613355 ], [ 131.518131296173465, 34.564673891830743 ], [ 131.51799263695321, 34.564423554597923 ], [ 131.517792916528663, 34.564323328951872 ], [ 131.517473825200881, 34.564437839478678 ], [ 131.517324789056431, 34.564263087021544 ], [ 131.517429010479304, 34.564452954631278 ], [ 131.516917746662955, 34.564613348176458 ], [ 131.51680406292445, 34.564939110433677 ], [ 131.516614433371416, 34.56494260809928 ], [ 131.516614890216289, 34.564462989489797 ], [ 131.516414577699805, 34.564296977164275 ], [ 131.516248060453677, 34.564268200026298 ], [ 131.51622154595043, 34.564595271963242 ], [ 131.515970219003549, 34.564262211654274 ], [ 131.515399135788499, 34.564270856973188 ], [ 131.515223042023592, 34.564351051473729 ], [ 131.515208384552835, 34.564554654545418 ], [ 131.513940077573608, 34.564670565308163 ], [ 131.513093516772727, 34.565485407144905 ], [ 131.51315145641891, 34.566153806618125 ], [ 131.513699962914558, 34.565833050333943 ], [ 131.514043320770753, 34.566520020190794 ], [ 131.514579812671059, 34.566897992940753 ], [ 131.515698118179074, 34.566735354551057 ], [ 131.51582077829886, 34.566236526174912 ] ] ] } },
{ "type": "Feature", "properties": { "CITY_NAME": "阿武町", "S_NAME": "大字宇田", "JINKO": 336, "medical_area": "35_萩医療圏", "町丁目名": "阿武町大字宇田" }, "geometry": { "type": "Polygon", "coordinates": [ [ [ 131.585440212312704, 34.575372012833583 ], [ 131.581923286957306, 34.569306203206267 ], [ 131.578468209866031, 34.560263236411167 ], [ 131.572802476526249, 34.557093115583484 ], [ 131.570028805180243, 34.555768699618497 ], [ 131.564101136243721, 34.550974915759042 ], [ 131.560769215829453, 34.547382086294277 ], [ 131.558555240435169, 34.546196342149273 ], [ 131.553129798586156, 34.542744659682917 ], [ 131.549228409454059, 34.539836092227731 ], [ 131.548505181950105, 34.539596773679406 ], [ 131.545938287245264, 34.539494453664425 ], [ 131.543682042600125, 34.538818664706938 ], [ 131.543008403229948, 34.538872417415092 ], [ 131.542193939309357, 34.539296760179298 ], [ 131.540531149683062, 34.540634608997891 ], [ 131.538293272110053, 34.54095879437547 ], [ 131.535860511646035, 34.540228425379297 ], [ 131.53446814212046, 34.539457055194696 ], [ 131.528238887577658, 34.538606985444005 ], [ 131.52419599093875, 34.541888907467502 ], [ 131.521366515563869, 34.544484478781705 ], [ 131.51944820944837, 34.54476718163599 ], [ 131.517044607810931, 34.544736531653072 ], [ 131.515472510137784, 34.54489240430334 ], [ 131.513395061740198, 34.545652660048866 ], [ 131.511559092364621, 34.546734208315144 ], [ 131.511832684329676, 34.546997957614323 ], [ 131.511686239754312, 34.547192826129944 ], [ 131.512002656784716, 34.547135080067108 ], [ 131.512201351397721, 34.547501254295405 ], [ 131.512471597674505, 34.547355786055626 ], [ 131.513617119599189, 34.54785943582948 ], [ 131.514775593763744, 34.548941234591226 ], [ 131.515119554216227, 34.549958108425542 ], [ 131.51490707094905, 34.550102060640867 ], [ 131.514934863022461, 34.550871305260486 ], [ 131.51518800357988, 34.551102540295467 ], [ 131.51495912360312, 34.551111178143159 ], [ 131.514945568216405, 34.551310282501603 ], [ 131.515011584465441, 34.551511783193106 ], [ 131.515452932899592, 34.551781772961661 ], [ 131.515605233715917, 34.552233337873112 ], [ 131.515523110339785, 34.552699991900582 ], [ 131.515086970754169, 34.552323539799232 ], [ 131.515060570106357, 34.552772319372345 ], [ 131.514919837804058, 34.552796781852166 ], [ 131.515007283016644, 34.553175880660902 ], [ 131.516591529467746, 34.554164283753337 ], [ 131.5170404231107, 34.554030464325926 ], [ 131.517554770255231, 34.554302803994347 ], [ 131.517873991125754, 34.554029545437587 ], [ 131.518136681252201, 34.554436614491536 ], [ 131.518669787806004, 34.553981514938549 ], [ 131.520331652339678, 34.554237253347047 ], [ 131.520506726161898, 34.553999284232873 ], [ 131.520360970969534, 34.554249240740511 ], [ 131.521224163385398, 34.554926267396283 ], [ 131.521393340601492, 34.555457212842065 ], [ 131.521220789637141, 34.555787177159466 ], [ 131.520574608915865, 34.55606955998757 ], [ 131.520191571084297, 34.556707592850728 ], [ 131.520621421110121, 34.556643102121626 ], [ 131.521100799313814, 34.556789877979789 ], [ 131.521508307615278, 34.556228598708614 ], [ 131.522316772126146, 34.555953406514853 ], [ 131.524002926505318, 34.555893824423528 ], [ 131.524660349434612, 34.556557201634973 ], [ 131.525554855166888, 34.557139697604612 ], [ 131.5255449039133, 34.557443478100097 ], [ 131.52604842521734, 34.557430763873015 ], [ 131.526294561533973, 34.557733210435003 ], [ 131.526450188167246, 34.557477098659831 ], [ 131.526482656658288, 34.557789130016367 ], [ 131.526666815012277, 34.557503446069106 ], [ 131.526938177241419, 34.557924908091927 ], [ 131.527131802083574, 34.557825911208383 ], [ 131.52739933519166, 34.558041838934585 ], [ 131.527939747886961, 34.558904750546489 ], [ 131.5282057901982, 34.559026856314865 ], [ 131.527957461444515, 34.559154445592583 ], [ 131.527998864004275, 34.559295379725988 ], [ 131.528899937088227, 34.558879902251483 ], [ 131.529037313176104, 34.559156561852106 ], [ 131.529517070018045, 34.559403313947008 ], [ 131.529317860699507, 34.559804429261163 ], [ 131.529697298761306, 34.559921770827671 ], [ 131.529419425218236, 34.560060899806203 ], [ 131.52954775860681, 34.560240038324061 ], [ 131.529825775276805, 34.560221767203302 ], [ 131.529583609676394, 34.560110493203716 ], [ 131.530625042015942, 34.560011260046437 ], [ 131.530837361035282, 34.55974923929594 ], [ 131.531066954323393, 34.559935241358822 ], [ 131.531249271372531, 34.559750395099918 ], [ 131.531781616915794, 34.560102071198784 ], [ 131.532378877399907, 34.55951919616583 ], [ 131.533171902471537, 34.559411467148053 ], [ 131.533841333219925, 34.559508747363047 ], [ 131.53559881039817, 34.560546393111927 ], [ 131.536929343946753, 34.561989452035093 ], [ 131.53784145066922, 34.56271801240505 ], [ 131.539085573992821, 34.563202191290685 ], [ 131.539572551477278, 34.563656279155651 ], [ 131.540101145836672, 34.564515403986036 ], [ 131.539605863254167, 34.564729224100603 ], [ 131.539883676004251, 34.565176040594267 ], [ 131.540393896487188, 34.565002862935295 ], [ 131.539708294991811, 34.565311210665868 ], [ 131.540127628294243, 34.565200672658698 ], [ 131.540581246429298, 34.565887282854895 ], [ 131.540358584387093, 34.566077287855101 ], [ 131.540630918257648, 34.565950641405863 ], [ 131.540808589767295, 34.566236365210379 ], [ 131.54079899338501, 34.567078364685258 ], [ 131.539981867911365, 34.56704798189638 ], [ 131.539723837259032, 34.566868192837596 ], [ 131.539640993326373, 34.566290814277195 ], [ 131.53906796951938, 34.565542314938767 ], [ 131.539554445438284, 34.566353474984226 ], [ 131.539627653074888, 34.566904605185307 ], [ 131.539967007750022, 34.567139041376635 ], [ 131.540697262598144, 34.567275186640195 ], [ 131.541099968589322, 34.56763432079773 ], [ 131.541907171300352, 34.567825083131773 ], [ 131.541917669972548, 34.568026140400619 ], [ 131.54116192659356, 34.567802258496933 ], [ 131.541188718845433, 34.568152146152158 ], [ 131.540824540895159, 34.568178313754956 ], [ 131.54140073100092, 34.568219151459807 ], [ 131.541409330740748, 34.568525702144086 ], [ 131.540999367582003, 34.568548819080277 ], [ 131.541402363816729, 34.568580600553162 ], [ 131.54122148615258, 34.568868998516095 ], [ 131.540820605835819, 34.568844411018425 ], [ 131.54066686672482, 34.568420909401652 ], [ 131.540509003057394, 34.568688717418659 ], [ 131.540725248055821, 34.568917872956348 ], [ 131.540482503334744, 34.569315117501752 ], [ 131.541238406474378, 34.569229681133756 ], [ 131.541639326458835, 34.569828544358785 ], [ 131.542659661470225, 34.570088002001917 ], [ 131.544381344500096, 34.570123817021383 ], [ 131.547226858915764, 34.571451762205314 ], [ 131.548147956991869, 34.570625918305424 ], [ 131.549047832005584, 34.570122100618867 ], [ 131.550818515782396, 34.569580400323268 ], [ 131.552060000669627, 34.569618327800889 ], [ 131.554251134644488, 34.570217101454446 ], [ 131.560484940745766, 34.571195797650788 ], [ 131.563346894623407, 34.571982932960786 ], [ 131.565664273983998, 34.572846773472726 ], [ 131.570956310577856, 34.575774071185869 ], [ 131.571211366355072, 34.576097446160105 ], [ 131.580521877177944, 34.576832288105528 ], [ 131.585734367083717, 34.57705242837978 ], [ 131.585878209882168, 34.576363189586573 ], [ 131.585440212312704, 34.575372012833583 ] ] ] } },
{ "type": "Feature", "properties": { "CITY_NAME": "阿武町", "S_NAME": "大字宇田", "JINKO": 0, "medical_area": "35_萩医療圏", "町丁目名": "阿武町大字宇田" }, "geometry": { "type": "Polygon", "coordinates": [ [ [ 131.480055181987069, 34.575007746508604 ], [ 131.480743069661372, 34.574986393759616 ], [ 131.480846301113388, 34.574496501014679 ], [ 131.480241898919417, 34.573903614203203 ], [ 131.480140852054518, 34.572939287618809 ], [ 131.479294296792432, 34.572641544968519 ], [ 131.478541680310599, 34.57323948503101 ], [ 131.478182819140869, 34.574332785289549 ], [ 131.477781790805722, 34.574587453427057 ], [ 131.478169835909995, 34.574585131627316 ], [ 131.47776924988591, 34.574920091803143 ], [ 131.478033456519228, 34.574999052640401 ], [ 131.47817100201857, 34.574706840421932 ], [ 131.478464059243493, 34.574854561144114 ], [ 131.478674919631885, 34.574660094553259 ], [ 131.480055181987069, 34.575007746508604 ] ] ] } },
{ "type": "Feature", "properties": { "CITY_NAME": "阿武町", "S_NAME": "大字惣郷", "JINKO": 164, "medical_area": "35_萩医療圏", "町丁目名": "阿武町大字惣郷" }, "geometry": { "type": "Polygon", "coordinates": [ [ [ 131.564855902770461, 34.606461589160112 ], [ 131.567747769338183, 34.606053471999296 ], [ 131.568920537958235, 34.605678041857679 ], [ 131.569683193366274, 34.604739438384307 ], [ 131.57050147191481, 34.604720316214078 ], [ 131.571008977584739, 34.604986461869544 ], [ 131.57139039814561, 34.604946337473784 ], [ 131.572544339831694, 34.604358363920774 ], [ 131.574034350704522, 34.604024283832892 ], [ 131.57465951199373, 34.603646993847505 ], [ 131.575913445269947, 34.603641494291885 ], [ 131.576630978106749, 34.60313660139105 ], [ 131.578096509511823, 34.60338634243795 ], [ 131.578529249638933, 34.603091073006603 ], [ 131.579896568865365, 34.602671116043403 ], [ 131.580816223014068, 34.60286989507393 ], [ 131.581618817299557, 34.602727660630023 ], [ 131.581920917240893, 34.602397245391685 ], [ 131.582500700574428, 34.600881016849591 ], [ 131.582480202460971, 34.599456582005544 ], [ 131.583023724277439, 34.598759675006391 ], [ 131.582853623918311, 34.597655821382986 ], [ 131.583485039076805, 34.596920450392624 ], [ 131.583516004677222, 34.596487886205381 ], [ 131.584064087315397, 34.59512910593876 ], [ 131.584142372195771, 34.594292235112334 ], [ 131.584690726073887, 34.593798039114148 ], [ 131.584867491650613, 34.593407160439405 ], [ 131.584924509859974, 34.592332713558612 ], [ 131.58628062125311, 34.59222053649605 ], [ 131.586808429918506, 34.591945690415024 ], [ 131.587762526509408, 34.591186621731936 ], [ 131.588103958510374, 34.590307888943251 ], [ 131.588362296683471, 34.590050778206198 ], [ 131.589507231591455, 34.590347032281684 ], [ 131.59001803123752, 34.590687766602414 ], [ 131.59070248410859, 34.590529277965331 ], [ 131.592087890742107, 34.590585070346947 ], [ 131.59270656461976, 34.589650990532739 ], [ 131.593725890199323, 34.589005558102976 ], [ 131.593753172842099, 34.588362817330186 ], [ 131.594185331847285, 34.588132700470794 ], [ 131.59612242669067, 34.588113397730325 ], [ 131.596693912792091, 34.58849833588031 ], [ 131.596892193443807, 34.588482493620901 ], [ 131.597614540487029, 34.587415469377561 ], [ 131.597613881486524, 34.586582436643759 ], [ 131.597887040952827, 34.586012253912294 ], [ 131.598772239253918, 34.585089956031467 ], [ 131.599262778129827, 34.584114266320292 ], [ 131.600717185513673, 34.582962458882641 ], [ 131.600540773847825, 34.580138163394643 ], [ 131.599804812178007, 34.579666124790165 ], [ 131.599620139862765, 34.579368061012232 ], [ 131.599641701233423, 34.577127682566804 ], [ 131.599055445089874, 34.576689995889176 ], [ 131.598681318233986, 34.575867903441043 ], [ 131.598993540088401, 34.57477488516421 ], [ 131.598309148218988, 34.574572113832104 ], [ 131.597669189068569, 34.574746621609542 ], [ 131.596637085841763, 34.574696612085098 ], [ 131.596720355968102, 34.574216954991101 ], [ 131.5965804195489, 34.57388021747127 ], [ 131.595800424865644, 34.573546700367004 ], [ 131.595593784025141, 34.573122460240135 ], [ 131.59514823472378, 34.572728659091744 ], [ 131.595684657402472, 34.571905447548843 ], [ 131.595638360199302, 34.571435752261728 ], [ 131.595357082368338, 34.570970174609116 ], [ 131.596096726121658, 34.570327500933473 ], [ 131.596216982304554, 34.568714674667049 ], [ 131.595410958009182, 34.567924093341453 ], [ 131.595865529718196, 34.566994435390036 ], [ 131.595086484138704, 34.566351173403184 ], [ 131.594829288241272, 34.565523280983818 ], [ 131.594271144646115, 34.56488738238491 ], [ 131.59320758871047, 34.564624929077162 ], [ 131.592227980797503, 34.563465455178054 ], [ 131.59116812880103, 34.562953261206204 ], [ 131.588583216190955, 34.562149351903408 ], [ 131.582272262696733, 34.56171407763987 ], [ 131.578468209866031, 34.560263236411167 ], [ 131.581923286957306, 34.569306203206267 ], [ 131.585440212312704, 34.575372012833583 ], [ 131.585878209882168, 34.576363189586573 ], [ 131.585734367083717, 34.57705242837978 ], [ 131.580521877177944, 34.576832288105528 ], [ 131.571211366355072, 34.576097446160105 ], [ 131.570956310577856, 34.575774071185869 ], [ 131.565664273983998, 34.572846773472726 ], [ 131.563346894623407, 34.571982932960786 ], [ 131.560484940745766, 34.571195797650788 ], [ 131.554251134644488, 34.570217101454446 ], [ 131.552060000669627, 34.569618327800889 ], [ 131.550818515782396, 34.569580400323268 ], [ 131.549047832005584, 34.570122100618867 ], [ 131.548147956991869, 34.570625918305424 ], [ 131.547226858915764, 34.571451762205314 ], [ 131.549203693146296, 34.572797786179422 ], [ 131.550362224098279, 34.573972744331947 ], [ 131.550748911444231, 34.574595873810502 ], [ 131.550944243349278, 34.574411205173014 ], [ 131.551082835126067, 34.574392040185124 ], [ 131.55076397150836, 34.574620318020074 ], [ 131.552166519181611, 34.57582184076275 ], [ 131.553506032898781, 34.57774324130429 ], [ 131.553396956384745, 34.577754527272688 ], [ 131.553634005299585, 34.578276748023377 ], [ 131.554080624222195, 34.578607041121018 ], [ 131.55427089115048, 34.578966898396757 ], [ 131.554462488074847, 34.579001098794961 ], [ 131.554281579062064, 34.578995686836038 ], [ 131.554372312735126, 34.579255882331914 ], [ 131.554989521659621, 34.580105381055702 ], [ 131.55496538368601, 34.580725458062304 ], [ 131.554777305057542, 34.580802975547414 ], [ 131.554650819058423, 34.581259426913256 ], [ 131.553209074355777, 34.581067406192048 ], [ 131.553107177574532, 34.581138170131901 ], [ 131.553791394623516, 34.581178501231491 ], [ 131.55365159677666, 34.58181152017648 ], [ 131.553460583587082, 34.581847609697505 ], [ 131.554364385132459, 34.581968340439232 ], [ 131.554101078051872, 34.582496225695088 ], [ 131.554559647455534, 34.582837423785392 ], [ 131.554073710076807, 34.582512287381547 ], [ 131.553781201964568, 34.582564067476603 ], [ 131.552901032290009, 34.580714281646941 ], [ 131.552760255082461, 34.58073977595263 ], [ 131.553313766652622, 34.582248036863518 ], [ 131.553876340564642, 34.583117128488929 ], [ 131.553875564188587, 34.583813102391183 ], [ 131.553635843066559, 34.583952477923333 ], [ 131.553826070953676, 34.583873283081424 ], [ 131.553911220507416, 34.584152184452385 ], [ 131.55355650661167, 34.584364934823149 ], [ 131.553952860698075, 34.584274093937779 ], [ 131.554454604083247, 34.584819329415588 ], [ 131.554877149859493, 34.585759837040669 ], [ 131.554768793631808, 34.58626863668416 ], [ 131.555807336039521, 34.587195171472132 ], [ 131.555989041011884, 34.588134608311051 ], [ 131.555035544419923, 34.589873229067685 ], [ 131.554314235169073, 34.59042051155263 ], [ 131.554169042905386, 34.590893907663535 ], [ 131.553797366403757, 34.591035438558237 ], [ 131.55390809008739, 34.591103604493583 ], [ 131.553763683339781, 34.591168660476249 ], [ 131.553682453778691, 34.59169294492839 ], [ 131.552674637435132, 34.592064680536581 ], [ 131.55227631718833, 34.592416934399033 ], [ 131.551689616587595, 34.59244469287659 ], [ 131.551600651415669, 34.592532561949966 ], [ 131.551939205455483, 34.592599199545695 ], [ 131.551646072005298, 34.592880705878613 ], [ 131.551163254942281, 34.593014485562627 ], [ 131.550935027601184, 34.593507319603155 ], [ 131.551100409929376, 34.593405327016264 ], [ 131.551064353123849, 34.593559383848905 ], [ 131.551200536495571, 34.593570774419355 ], [ 131.551131633964729, 34.594043705199084 ], [ 131.551861834174531, 34.594220490690837 ], [ 131.553038344991194, 34.595966238725815 ], [ 131.553506585094254, 34.596333679439368 ], [ 131.553640124652304, 34.596704935072275 ], [ 131.554432779949337, 34.596986525571694 ], [ 131.557296417447475, 34.599560959084222 ], [ 131.557879683959726, 34.600749274883981 ], [ 131.5579944446919, 34.600710124671863 ], [ 131.558109149900076, 34.602321624069084 ], [ 131.557825232266111, 34.60312884840188 ], [ 131.558970163429876, 34.603873012530393 ], [ 131.559522670718195, 34.603837719313304 ], [ 131.560322867701274, 34.604207184457394 ], [ 131.560525338058056, 34.604839479493194 ], [ 131.561596923251074, 34.605104217160765 ], [ 131.562154456197533, 34.605651076221513 ], [ 131.562352850429477, 34.606148838527844 ], [ 131.563160055482655, 34.607137089473866 ], [ 131.563505170121857, 34.607195411300026 ], [ 131.563990725511871, 34.606809188892825 ], [ 131.564855902770461, 34.606461589160112 ] ] ] } },
{ "type": "Feature", "properties": { "CITY_NAME": "阿武町", "S_NAME": "大字宇生賀", "JINKO": 190, "medical_area": "35_萩医療圏", "町丁目名": "阿武町大字宇生賀" }, "geometry": { "type": "Polygon", "coordinates": [ [ [ 131.562056773488194, 34.538846706862756 ], [ 131.566826927845256, 34.532588873866516 ], [ 131.569260357730741, 34.533348320783595 ], [ 131.571440632062547, 34.533720234827413 ], [ 131.573801591865191, 34.534092840038959 ], [ 131.577194603398624, 34.534352176036684 ], [ 131.578249015135214, 34.534270042683865 ], [ 131.578943919723883, 34.53393699289925 ], [ 131.579580762920642, 34.533292215049329 ], [ 131.580011145362221, 34.532035806937202 ], [ 131.579975130351443, 34.530739980903782 ], [ 131.578772117778755, 34.5273516700694 ], [ 131.578437518468064, 34.525705330535011 ], [ 131.577193530144314, 34.521743732790753 ], [ 131.580614039545111, 34.512640079999116 ], [ 131.581700559926645, 34.512107321911358 ], [ 131.582593216301944, 34.51143783710647 ], [ 131.583222449608456, 34.507857389081018 ], [ 131.584577460908662, 34.508088381089465 ], [ 131.590806694131203, 34.507883166119733 ], [ 131.592310377801198, 34.508012642268532 ], [ 131.59432386495709, 34.50842790445428 ], [ 131.59651635987268, 34.503104151168834 ], [ 131.600524293616957, 34.496324514163597 ], [ 131.600350632388967, 34.495448941930654 ], [ 131.599871549955679, 34.494887491151616 ], [ 131.599193626727327, 34.494421891205597 ], [ 131.598305911086641, 34.49416139636579 ], [ 131.598156746663221, 34.493673033233065 ], [ 131.598413607434736, 34.493270512252096 ], [ 131.597387021358145, 34.491760750832157 ], [ 131.59653539966871, 34.489932037489538 ], [ 131.596519648877717, 34.489259198604955 ], [ 131.596668683373991, 34.489020283789536 ], [ 131.596116802055235, 34.487966725722231 ], [ 131.59573573837767, 34.487841973838208 ], [ 131.595451755078074, 34.487351568135615 ], [ 131.594664081676768, 34.48664638336772 ], [ 131.594605044734493, 34.486080679065196 ], [ 131.594321424399737, 34.485513783396996 ], [ 131.593093424122543, 34.485091493994226 ], [ 131.592288293196845, 34.484581730618672 ], [ 131.590754230095143, 34.484254752580171 ], [ 131.58910751631106, 34.48462633057261 ], [ 131.588688555904412, 34.4841482295002 ], [ 131.588048316220437, 34.484072937997162 ], [ 131.587804774698498, 34.483683280780845 ], [ 131.587096836280921, 34.483466376058971 ], [ 131.586899626020198, 34.483154694672983 ], [ 131.585954933649958, 34.482841857601883 ], [ 131.585472052739505, 34.482300756025396 ], [ 131.584548864146058, 34.481844750480612 ], [ 131.582834295986657, 34.481800224679183 ], [ 131.581652830956926, 34.481391558256902 ], [ 131.579870205016249, 34.481915477687473 ], [ 131.577218528537173, 34.480831290745641 ], [ 131.576850306097498, 34.48099911503904 ], [ 131.576088053939799, 34.480995431953069 ], [ 131.574898432810699, 34.481416496797586 ], [ 131.574228822436964, 34.480526079819782 ], [ 131.572674988443652, 34.479979017328709 ], [ 131.57162587956654, 34.47993024713422 ], [ 131.571458005521379, 34.480453873176238 ], [ 131.570366332533808, 34.480618438653757 ], [ 131.568882438010775, 34.480288328514433 ], [ 131.567866376097982, 34.480535788084701 ], [ 131.567399351409989, 34.480256839668655 ], [ 131.566500717713666, 34.480075081430279 ], [ 131.566337885993164, 34.481521254890296 ], [ 131.566138734865007, 34.48190624897952 ], [ 131.565702936594846, 34.482175978593808 ], [ 131.565652438873798, 34.482675803620843 ], [ 131.565378635464754, 34.48299703987464 ], [ 131.565224199272734, 34.483975860226195 ], [ 131.563728192426169, 34.484229235173977 ], [ 131.563330513530474, 34.484730163348139 ], [ 131.562926102273963, 34.486740713959215 ], [ 131.563044657566763, 34.486966965443543 ], [ 131.562927734248461, 34.487728610051427 ], [ 131.562274048548829, 34.488529016823442 ], [ 131.561832517231835, 34.48958515450542 ], [ 131.560881325364392, 34.490170389197132 ], [ 131.558175236504866, 34.49097989272439 ], [ 131.558016686875789, 34.491814292807319 ], [ 131.557555543943664, 34.49273198685151 ], [ 131.556456836658271, 34.493833427790463 ], [ 131.555513533132881, 34.49531131855241 ], [ 131.554640257402781, 34.495585440173272 ], [ 131.553719871649548, 34.496402209778829 ], [ 131.551887476883479, 34.496303701830861 ], [ 131.550175888879465, 34.496787965762721 ], [ 131.549488265598569, 34.497290478417597 ], [ 131.549502000300834, 34.498098682248539 ], [ 131.550067105194898, 34.499262110261725 ], [ 131.55022458826005, 34.501887617155745 ], [ 131.549816242387948, 34.502278424228471 ], [ 131.549412157086635, 34.503261863335673 ], [ 131.548347443460528, 34.504331408055648 ], [ 131.546170503039889, 34.504720423481189 ], [ 131.54594022062895, 34.505526265290968 ], [ 131.545627533998129, 34.505810349379431 ], [ 131.545441700934873, 34.50643794054514 ], [ 131.546459774257016, 34.508175033647603 ], [ 131.546535438065945, 34.508446862893699 ], [ 131.54636688728209, 34.509067358686494 ], [ 131.546850457535214, 34.509594669425503 ], [ 131.547232530311106, 34.510432350348154 ], [ 131.546952689621378, 34.51093804308573 ], [ 131.547136486412853, 34.511745986598022 ], [ 131.546868525677439, 34.512398108758831 ], [ 131.547036624823704, 34.512998910274916 ], [ 131.546812571196796, 34.514126256236764 ], [ 131.546085337168478, 34.514458252500688 ], [ 131.544996819137452, 34.514063511984254 ], [ 131.543571072873505, 34.514341933696279 ], [ 131.543591191117514, 34.515695477050507 ], [ 131.543768920118509, 34.516160676899133 ], [ 131.543073550218082, 34.516842726816009 ], [ 131.543356862821099, 34.517611890895459 ], [ 131.545027630357112, 34.519198942863468 ], [ 131.544985957255903, 34.520162817723808 ], [ 131.546326406698938, 34.521501652742401 ], [ 131.546778753718996, 34.522175311732177 ], [ 131.547933353440044, 34.524156090416845 ], [ 131.548660749528949, 34.526145266308525 ], [ 131.551317050979435, 34.529879774018156 ], [ 131.552524631367618, 34.531135752833265 ], [ 131.553765003537791, 34.532045356238363 ], [ 131.554814086276537, 34.53256491802739 ], [ 131.558806677747697, 34.533782923435922 ], [ 131.559480553309982, 34.534423134186476 ], [ 131.562056773488194, 34.538846706862756 ] ] ] } },
{ "type": "Feature", "properties": { "CITY_NAME": "阿武町", "S_NAME": "大字福田下", "JINKO": 237, "medical_area": "35_萩医療圏", "町丁目名": "阿武町大字福田下" }, "geometry": { "type": "Polygon", "coordinates": [ [ [ 131.589807750620253, 34.540058234491639 ], [ 131.592416928295421, 34.530846635556159 ], [ 131.59353026056661, 34.530674782717433 ], [ 131.596176306187914, 34.529125116289038 ], [ 131.609200076294314, 34.524412901570187 ], [ 131.609509851289573, 34.524058073474897 ], [ 131.609452491537155, 34.523440837556471 ], [ 131.607890265790559, 34.52261319178794 ], [ 131.607651785646397, 34.522074573460245 ], [ 131.607626108971488, 34.520172538871435 ], [ 131.60796629211373, 34.519868704390099 ], [ 131.610459560276297, 34.518782880675019 ], [ 131.612113693882122, 34.518497671756379 ], [ 131.613935201210609, 34.518467877376068 ], [ 131.614951334382283, 34.518205243822635 ], [ 131.615342934017093, 34.517087423736662 ], [ 131.616338243300305, 34.515590998378293 ], [ 131.619191123618862, 34.513156982303229 ], [ 131.61994570437912, 34.512823970354823 ], [ 131.622101318815339, 34.512816812880942 ], [ 131.623353594637052, 34.512561635932094 ], [ 131.623639633507764, 34.512361187534708 ], [ 131.623746769345786, 34.511520704059357 ], [ 131.622357819000769, 34.510384106219263 ], [ 131.618766377365404, 34.508171875542388 ], [ 131.618529617539963, 34.507818796373989 ], [ 131.617635427743494, 34.504644777186037 ], [ 131.617970258272493, 34.500781953801116 ], [ 131.61787737041675, 34.500287245108126 ], [ 131.618268935748546, 34.498828664239682 ], [ 131.617296525671264, 34.498682590197426 ], [ 131.616793865940451, 34.497423259963874 ], [ 131.616025422110141, 34.496695620416681 ], [ 131.615031991833177, 34.496270663208037 ], [ 131.614208730378664, 34.496241872891865 ], [ 131.613963434311501, 34.49644248182797 ], [ 131.613724581225767, 34.497206575661288 ], [ 131.612688705044889, 34.498589257175389 ], [ 131.60862994625964, 34.499874217777041 ], [ 131.606896736756227, 34.499413560121788 ], [ 131.602665428352395, 34.497778266509279 ], [ 131.600524293616957, 34.496324514163597 ], [ 131.59651635987268, 34.503104151168834 ], [ 131.59432386495709, 34.50842790445428 ], [ 131.592310377801198, 34.508012642268532 ], [ 131.590806694131203, 34.507883166119733 ], [ 131.584577460908662, 34.508088381089465 ], [ 131.583222449608456, 34.507857389081018 ], [ 131.582593216301944, 34.51143783710647 ], [ 131.581700559926645, 34.512107321911358 ], [ 131.580614039545111, 34.512640079999116 ], [ 131.577193530144314, 34.521743732790753 ], [ 131.578437518468064, 34.525705330535011 ], [ 131.578772117778755, 34.5273516700694 ], [ 131.579975130351443, 34.530739980903782 ], [ 131.580011145362221, 34.532035806937202 ], [ 131.579580762920642, 34.533292215049329 ], [ 131.578943919723883, 34.53393699289925 ], [ 131.578249015135214, 34.534270042683865 ], [ 131.577194603398624, 34.534352176036684 ], [ 131.573801591865191, 34.534092840038959 ], [ 131.571440632062547, 34.533720234827413 ], [ 131.569260357730741, 34.533348320783595 ], [ 131.566826927845256, 34.532588873866516 ], [ 131.562056773488194, 34.538846706862756 ], [ 131.562437931825968, 34.539841362376329 ], [ 131.56281591667701, 34.541875122673403 ], [ 131.56278154666623, 34.543301298345021 ], [ 131.562369791148086, 34.544436431274256 ], [ 131.560769215829453, 34.547382086294277 ], [ 131.564101136243721, 34.550974915759042 ], [ 131.568896891274363, 34.554973259644356 ], [ 131.570028805180243, 34.555768699618497 ], [ 131.572802476526249, 34.557093115583484 ], [ 131.578468209866031, 34.560263236411167 ], [ 131.582272262696733, 34.56171407763987 ], [ 131.588214424585658, 34.562086623459031 ], [ 131.59116812880103, 34.562953261206204 ], [ 131.591113924829017, 34.562158569609629 ], [ 131.591335900723948, 34.561437010519178 ], [ 131.591049737007182, 34.56073771620089 ], [ 131.591385828354362, 34.560102895052751 ], [ 131.591443131139044, 34.559520574401063 ], [ 131.591101460511823, 34.559254722476261 ], [ 131.58993154296877, 34.558966245486843 ], [ 131.589488806767463, 34.558654557962072 ], [ 131.589147390286996, 34.55781808398325 ], [ 131.589386011953906, 34.557435508914622 ], [ 131.58930158059124, 34.55683604184118 ], [ 131.589629437721243, 34.556425432314057 ], [ 131.591916949450336, 34.554643326361948 ], [ 131.592634628668407, 34.55333853646507 ], [ 131.593282214871152, 34.551319938058178 ], [ 131.594318578021813, 34.544417539359316 ], [ 131.593950487446847, 34.543696172638789 ], [ 131.590092868772814, 34.541514513403122 ], [ 131.589718287967969, 34.54087634999469 ], [ 131.589807750620253, 34.540058234491639 ] ] ] } },
{ "type": "Feature", "properties": { "CITY_NAME": "阿武町", "S_NAME": "大字福田上", "JINKO": 69, "medical_area": "35_萩医療圏", "町丁目名": "阿武町大字福田上" }, "geometry": { "type": "Polygon", "coordinates": [ [ [ 131.589386011953906, 34.557435508914622 ], [ 131.591200744619186, 34.557040052268491 ], [ 131.592451903896915, 34.557333124346698 ], [ 131.593225328738924, 34.557285186783631 ], [ 131.593769362963172, 34.557058833737877 ], [ 131.594875946250113, 34.557077517884615 ], [ 131.595373290464977, 34.557335632669961 ], [ 131.595715806761177, 34.557229471100854 ], [ 131.595917544636677, 34.557082367357864 ], [ 131.595996663890134, 34.556615931993761 ], [ 131.596962461322846, 34.556200663448173 ], [ 131.597499549113508, 34.555404209890611 ], [ 131.598091313004289, 34.555335259589548 ], [ 131.598192881390986, 34.555158390492387 ], [ 131.597950790889996, 34.554856536173169 ], [ 131.598017681381208, 34.554596540928877 ], [ 131.598686726540308, 34.554334829709831 ], [ 131.599565298300348, 34.552776913826179 ], [ 131.599364392306029, 34.55200857653638 ], [ 131.599800965861505, 34.551624498360923 ], [ 131.599949781866883, 34.550882430034818 ], [ 131.600445436077592, 34.550583985104183 ], [ 131.601296377018457, 34.550695532352258 ], [ 131.602549042980229, 34.550362538901432 ], [ 131.602886808589858, 34.550148578380309 ], [ 131.603058267756438, 34.549660161405846 ], [ 131.60319958349595, 34.549620384895498 ], [ 131.604530308784604, 34.55017416176171 ], [ 131.60483152480964, 34.549749162750132 ], [ 131.604813500882273, 34.548804335156319 ], [ 131.606726424282726, 34.547073769650886 ], [ 131.608092009977184, 34.546474035236244 ], [ 131.608556709863734, 34.545527049114149 ], [ 131.608741832596849, 34.545420137188259 ], [ 131.609164969291214, 34.54541755897452 ], [ 131.609629494927987, 34.545711392880115 ], [ 131.609985570358106, 34.546817203678259 ], [ 131.610656131865909, 34.54712534898259 ], [ 131.611457326115925, 34.546965163335166 ], [ 131.61199633256166, 34.547479343453027 ], [ 131.612818759252178, 34.546980340141644 ], [ 131.613351209940276, 34.547669431257731 ], [ 131.613882900904485, 34.54724770598267 ], [ 131.614828314261871, 34.547018565908964 ], [ 131.614205767175378, 34.546822783804039 ], [ 131.614138726717044, 34.546297361276423 ], [ 131.613773711300723, 34.545716645542086 ], [ 131.613812220577842, 34.545229871630305 ], [ 131.613024137783725, 34.544642734803524 ], [ 131.61301437742037, 34.544075027735758 ], [ 131.613497391985902, 34.543219940565628 ], [ 131.613972609040616, 34.542723867067728 ], [ 131.614049365166665, 34.542187821622676 ], [ 131.614928153586646, 34.542178262092627 ], [ 131.614721156409587, 34.54149064094301 ], [ 131.614744023067288, 34.540088209478682 ], [ 131.614886863879633, 34.539815023336551 ], [ 131.616289222317732, 34.538957309385268 ], [ 131.617626997781258, 34.537607834050839 ], [ 131.619046759008853, 34.537387556793512 ], [ 131.619484256081762, 34.537667851141372 ], [ 131.619899888762518, 34.537148954876479 ], [ 131.619960254991156, 34.536211244895227 ], [ 131.619745381562524, 34.535896166011618 ], [ 131.618434457239772, 34.535237269560483 ], [ 131.617793956398032, 34.534078499512319 ], [ 131.618339215227394, 34.532400062145811 ], [ 131.619063560273872, 34.531121623390881 ], [ 131.61968713064735, 34.530645631068921 ], [ 131.619921878931137, 34.53064668117392 ], [ 131.620839651795791, 34.531337756492483 ], [ 131.621091077909, 34.531352683579442 ], [ 131.621513145001273, 34.530917477363786 ], [ 131.623284257929413, 34.530606163899414 ], [ 131.624058547923141, 34.530158558978442 ], [ 131.624697908709948, 34.529179592114474 ], [ 131.625448113149019, 34.528558472624709 ], [ 131.62720923804801, 34.529564225966119 ], [ 131.627968889316918, 34.529816465151896 ], [ 131.630517144298551, 34.530003144984434 ], [ 131.630746075065701, 34.530194447283328 ], [ 131.630970870658274, 34.531029744627979 ], [ 131.631190625770785, 34.531272279735248 ], [ 131.633487904859038, 34.531927711869784 ], [ 131.634523675135711, 34.531246644464062 ], [ 131.634791516553008, 34.530896500173711 ], [ 131.634738898222167, 34.52942512608557 ], [ 131.635714015638513, 34.52920975582385 ], [ 131.636517765438583, 34.529498622724411 ], [ 131.637350768934994, 34.529355873806701 ], [ 131.637761644024977, 34.528993807657713 ], [ 131.637013722524898, 34.528765197013932 ], [ 131.636318595358034, 34.528103664171923 ], [ 131.636159995218179, 34.527717015459281 ], [ 131.636315721303646, 34.526961402531477 ], [ 131.635723986281135, 34.526403700866638 ], [ 131.635777057157014, 34.525966836750797 ], [ 131.636130864778238, 34.525704677177124 ], [ 131.637308713205016, 34.525720199711898 ], [ 131.637464864466807, 34.524888239840401 ], [ 131.637693946040912, 34.524458896488674 ], [ 131.638208092433331, 34.524030924154772 ], [ 131.639417968402284, 34.523612990356078 ], [ 131.640020365009178, 34.523809832203312 ], [ 131.641626451755343, 34.523017899503103 ], [ 131.642193592770894, 34.522181636022211 ], [ 131.642370413253872, 34.520725172727829 ], [ 131.64210424122885, 34.519721374447393 ], [ 131.642424039332184, 34.519528492499532 ], [ 131.642485319754883, 34.5191123626619 ], [ 131.642805418771559, 34.518863981991238 ], [ 131.642567012454549, 34.51811356885959 ], [ 131.643119545452748, 34.517564311102021 ], [ 131.64346082608165, 34.516615082081472 ], [ 131.644259065791914, 34.516320141279245 ], [ 131.645070601962999, 34.516573351254451 ], [ 131.645549404323731, 34.51642269381955 ], [ 131.646173098538952, 34.515884290341674 ], [ 131.646267276242156, 34.515565353484959 ], [ 131.646005821913747, 34.515144469392581 ], [ 131.646040597241893, 34.514943323553283 ], [ 131.646469403553112, 34.514737091403482 ], [ 131.646663974983085, 34.514453373944484 ], [ 131.647528281031413, 34.51431138820336 ], [ 131.647884626135152, 34.513625908495598 ], [ 131.647340600633839, 34.513484852190835 ], [ 131.647165895366072, 34.513275914510473 ], [ 131.646730098098601, 34.513253216880614 ], [ 131.645090635676155, 34.5120145340655 ], [ 131.643617081918308, 34.511730746851825 ], [ 131.643216116912612, 34.511513933752795 ], [ 131.642193649688494, 34.51148180794231 ], [ 131.641595836118199, 34.511239916677674 ], [ 131.641171485393443, 34.510738451044148 ], [ 131.638258911031585, 34.510025118297264 ], [ 131.638130309520989, 34.509157123932617 ], [ 131.63730025128632, 34.508525568274592 ], [ 131.636024363133657, 34.508299454764931 ], [ 131.63526029589292, 34.507736913900871 ], [ 131.634192741415944, 34.507732275888038 ], [ 131.632823235438309, 34.507255545616275 ], [ 131.631938595512878, 34.507120118203623 ], [ 131.63172230585954, 34.506597555902715 ], [ 131.632194139460125, 34.506020666793269 ], [ 131.631174097697993, 34.50598705033066 ], [ 131.630445070746589, 34.50552140438171 ], [ 131.630189229418761, 34.504986268760938 ], [ 131.629355311960126, 34.504230117495524 ], [ 131.629040419696622, 34.503016462327686 ], [ 131.628752299370234, 34.502886025345376 ], [ 131.628096809198809, 34.503102044211083 ], [ 131.626713458403003, 34.503205260014873 ], [ 131.624414218303173, 34.502974504049504 ], [ 131.622552970727099, 34.502571542897833 ], [ 131.621661750412272, 34.501864239879616 ], [ 131.621421525043473, 34.500894587857353 ], [ 131.621017249732574, 34.500531327395855 ], [ 131.620924134938122, 34.499996896781809 ], [ 131.620505434514712, 34.499511581946436 ], [ 131.619436372864413, 34.498981238042795 ], [ 131.618268935748546, 34.498828664239682 ], [ 131.61787737041675, 34.500287245108126 ], [ 131.617970258272493, 34.500781953801116 ], [ 131.617635427743494, 34.504644777186037 ], [ 131.618529617539963, 34.507818796373989 ], [ 131.618766377365404, 34.508171875542388 ], [ 131.622357819000769, 34.510384106219263 ], [ 131.623746769345786, 34.511520704059357 ], [ 131.623639633507764, 34.512361187534708 ], [ 131.623353594637052, 34.512561635932094 ], [ 131.622101318815339, 34.512816812880942 ], [ 131.61994570437912, 34.512823970354823 ], [ 131.619191123618862, 34.513156982303229 ], [ 131.616338243300305, 34.515590998378293 ], [ 131.615342934017093, 34.517087423736662 ], [ 131.614951334382283, 34.518205243822635 ], [ 131.613935201210609, 34.518467877376068 ], [ 131.612113693882122, 34.518497671756379 ], [ 131.610459560276297, 34.518782880675019 ], [ 131.60796629211373, 34.519868704390099 ], [ 131.607626108971488, 34.520172538871435 ], [ 131.607651785646397, 34.522074573460245 ], [ 131.607890265790559, 34.52261319178794 ], [ 131.609452491537155, 34.523440837556471 ], [ 131.609509851289573, 34.524058073474897 ], [ 131.609200076294314, 34.524412901570187 ], [ 131.596176306187914, 34.529125116289038 ], [ 131.59353026056661, 34.530674782717433 ], [ 131.592416928295421, 34.530846635556159 ], [ 131.589807750620253, 34.540058234491639 ], [ 131.589718287967969, 34.54087634999469 ], [ 131.590092868772814, 34.541514513403122 ], [ 131.593950487446847, 34.543696172638789 ], [ 131.594261403993215, 34.544123581174063 ], [ 131.594328430599035, 34.54471127747118 ], [ 131.593282214871152, 34.551319938058178 ], [ 131.592634628668407, 34.55333853646507 ], [ 131.591916949450336, 34.554643326361948 ], [ 131.589629437721243, 34.556425432314057 ], [ 131.58930158059124, 34.55683604184118 ], [ 131.589386011953906, 34.557435508914622 ] ] ] } }
]
}
