{
"type": "FeatureCollection",
"name": "geo_35_通所介護",
"crs": { "type": "name", "properties": { "name": "urn:ogc:def:crs:OGC:1.3:CRS84" } },
"features": [
{ "type": "Feature", "properties": { "内容": "デイサービス　花水木【通所介護】山口県下関市大字吉母218番地", "url": "https://www.kaigokensaku.mhlw.go.jp/35/index.php?action_kouhyou_detail_004_kani=true&JigyosyoCd=3570104384-00&ServiceCd=150&Type=search", "url2": null }, "geometry": { "type": "Point", "coordinates": [ 130.882009599999947, 34.091355800000038 ] } },
{ "type": "Feature", "properties": { "内容": "ハートケアしおはまデイサービス【通所介護】下関市彦島塩浜町3-14-52", "url": "https://www.kaigokensaku.mhlw.go.jp/35/index.php?action_kouhyou_detail_004_kani=true&JigyosyoCd=3570104657-00&ServiceCd=150&Type=search", "url2": "http://heartcaregroup.net" }, "geometry": { "type": "Point", "coordinates": [ 130.911156799999958, 33.9198647 ] } },
{ "type": "Feature", "properties": { "内容": "デイサービスかがやき【通所介護】山口県下関市豊浦町黒井１５３６－１", "url": "https://www.kaigokensaku.mhlw.go.jp/35/index.php?action_kouhyou_detail_004_kani=true&JigyosyoCd=3570105183-00&ServiceCd=150&Type=search", "url2": "http://takurousho-ajisai.com" }, "geometry": { "type": "Point", "coordinates": [ 130.913156699999945, 34.1257049 ] } },
{ "type": "Feature", "properties": { "内容": "歩行リハビリセンター　テクラ【通所介護】山口県下関市王司上町5-3-45", "url": "https://www.kaigokensaku.mhlw.go.jp/35/index.php?action_kouhyou_detail_004_kani=true&JigyosyoCd=3570105688-00&ServiceCd=150&Type=search", "url2": "http://tekura-rehapis.com/" }, "geometry": { "type": "Point", "coordinates": [ 131.014901099999946, 34.0435117 ] } },
{ "type": "Feature", "properties": { "内容": "シンフォニー川棚　デイサービスセンター【通所介護】豊浦町川棚6923－6", "url": "https://www.kaigokensaku.mhlw.go.jp/35/index.php?action_kouhyou_detail_004_kani=true&JigyosyoCd=3570105696-00&ServiceCd=150&Type=search", "url2": null }, "geometry": { "type": "Point", "coordinates": [ 130.9242663, 34.1471221 ] } },
{ "type": "Feature", "properties": { "内容": "やすらぎデイサービスＳＵＮ【通所介護】下関市豊浦町吉永１８１５－１", "url": "https://www.kaigokensaku.mhlw.go.jp/35/index.php?action_kouhyou_detail_004_kani=true&JigyosyoCd=3570103386-00&ServiceCd=150&Type=search", "url2": "http://hibikikai.byoinnavi.jp" }, "geometry": { "type": "Point", "coordinates": [ 130.923744400000032, 34.1393564 ] } },
{ "type": "Feature", "properties": { "内容": "デイサービスセンターＳＵＮ【通所介護】下関市豊浦町川棚１２１３９－２", "url": "https://www.kaigokensaku.mhlw.go.jp/35/index.php?action_kouhyou_detail_004_kani=true&JigyosyoCd=3577800554-00&ServiceCd=150&Type=search", "url2": "http://hibikikai.byoinnavi.jp" }, "geometry": { "type": "Point", "coordinates": [ 130.924427599999945, 34.1389425 ] } },
{ "type": "Feature", "properties": { "内容": "TryQ（トライク）デイフィットネス【通所介護】山口県下関市武久町２丁目３番３号１階第２はまのビル", "url": "https://www.kaigokensaku.mhlw.go.jp/35/index.php?action_kouhyou_detail_004_kani=true&JigyosyoCd=3570106454-00&ServiceCd=150&Type=search", "url2": "info@tryq-sports.com" }, "geometry": { "type": "Point", "coordinates": [ 130.92092310000001, 33.9768267 ] } },
{ "type": "Feature", "properties": { "内容": "デイサービス健歩【通所介護】山口県下関市椋野町3丁目21-11", "url": "https://www.kaigokensaku.mhlw.go.jp/35/index.php?action_kouhyou_detail_004_kani=true&JigyosyoCd=3570104558-00&ServiceCd=150&Type=search", "url2": null }, "geometry": { "type": "Point", "coordinates": [ 130.94465839999998, 33.9804229 ] } },
{ "type": "Feature", "properties": { "内容": "GreenDelsole【通所介護】山口県下関市菊川町大字久野94-1", "url": "https://www.kaigokensaku.mhlw.go.jp/35/index.php?action_kouhyou_detail_004_kani=true&JigyosyoCd=3570106868-00&ServiceCd=150&Type=search", "url2": "https://shiennomori.com/" }, "geometry": { "type": "Point", "coordinates": [ 130.9783069, 34.1450163 ] } },
{ "type": "Feature", "properties": { "内容": "ファインデイサービス【通所介護】山口県下関市大字冨任91番地ルナテラス", "url": "https://www.kaigokensaku.mhlw.go.jp/35/index.php?action_kouhyou_detail_004_kani=true&JigyosyoCd=3570105779-00&ServiceCd=150&Type=search", "url2": "http:lunar.cafe" }, "geometry": { "type": "Point", "coordinates": [ 130.927517, 34.0248211 ] } },
{ "type": "Feature", "properties": { "内容": "愛グループ　シャングリラ【通所介護】下関市みもすそ川町23-1", "url": "https://www.kaigokensaku.mhlw.go.jp/35/index.php?action_kouhyou_detail_004_kani=true&JigyosyoCd=3570102750-00&ServiceCd=150&Type=search", "url2": "http://www.aigroup.co.jp" }, "geometry": { "type": "Point", "coordinates": [ 130.954868900000065, 33.9672936 ] } },
{ "type": "Feature", "properties": { "内容": "はまゆう苑デイサービスセンター【通所介護】山口県下関市綾羅木新町3丁目11番40号", "url": "https://www.kaigokensaku.mhlw.go.jp/35/index.php?action_kouhyou_detail_004_kani=true&JigyosyoCd=3570101430-00&ServiceCd=150&Type=search", "url2": "http://www.syoutoukai.or.jp/" }, "geometry": { "type": "Point", "coordinates": [ 130.923057774893863, 34.011252190990874 ] } },
{ "type": "Feature", "properties": { "内容": "コンパスウォーク綾羅木【通所介護】山口県下関市綾羅木本町２丁目5-25", "url": "https://www.kaigokensaku.mhlw.go.jp/35/index.php?action_kouhyou_detail_004_kani=true&JigyosyoCd=3570106363-00&ServiceCd=150&Type=search", "url2": "https://kinoukaifuku.com/shop/shop_info/chugoku/yamaguchi/350001/350001_017/350001_017.html" }, "geometry": { "type": "Point", "coordinates": [ 130.925553799999989, 34.0033798 ] } },
{ "type": "Feature", "properties": { "内容": "コンパスカインド安岡【通所介護】山口県下関市安岡本町2-10-17", "url": "https://www.kaigokensaku.mhlw.go.jp/35/index.php?action_kouhyou_detail_004_kani=true&JigyosyoCd=3570106603-00&ServiceCd=150&Type=search", "url2": null }, "geometry": { "type": "Point", "coordinates": [ 130.912456100000014, 34.0279269 ] } },
{ "type": "Feature", "properties": { "内容": "デイサービス四季の森【通所介護】山口県下関市一の宮町1ｰ3ｰ46", "url": "https://www.kaigokensaku.mhlw.go.jp/35/index.php?action_kouhyou_detail_004_kani=true&JigyosyoCd=3570106579-00&ServiceCd=150&Type=search", "url2": "http://www.e-saving.jp/" }, "geometry": { "type": "Point", "coordinates": [ 130.946291591401632, 34.004302135791022 ] } },
{ "type": "Feature", "properties": { "内容": "IMLデイサービスリライブ【通所介護】山口県下関市一の宮町2丁目14-5", "url": "https://www.kaigokensaku.mhlw.go.jp/35/index.php?action_kouhyou_detail_004_kani=true&JigyosyoCd=3570106215-00&ServiceCd=150&Type=search", "url2": "www.inmylife24.com" }, "geometry": { "type": "Point", "coordinates": [ 130.950954, 34.002593 ] } },
{ "type": "Feature", "properties": { "内容": "ハートケア一の宮デイサービス【通所介護】山口県下関市一の宮町３丁目3-15ハートケア一の宮　有料老人ホーム　デイサービス", "url": "https://www.kaigokensaku.mhlw.go.jp/35/index.php?action_kouhyou_detail_004_kani=true&JigyosyoCd=3570104467-00&ServiceCd=150&Type=search", "url2": "heartcaregroup.net" }, "geometry": { "type": "Point", "coordinates": [ 130.950604500000054, 33.9985102 ] } },
{ "type": "Feature", "properties": { "内容": "三伶デイサービスセンンター【通所介護】山口県下関市一の宮町四丁目１０番１９号", "url": "https://www.kaigokensaku.mhlw.go.jp/35/index.php?action_kouhyou_detail_004_kani=true&JigyosyoCd=3570103618-00&ServiceCd=150&Type=search", "url2": null }, "geometry": { "type": "Point", "coordinates": [ 130.948779800000011, 33.9950688 ] } },
{ "type": "Feature", "properties": { "内容": "デイサービスセンター員光【通所介護】山口県下関市員光１５４４番地", "url": "https://www.kaigokensaku.mhlw.go.jp/35/index.php?action_kouhyou_detail_004_kani=true&JigyosyoCd=3570100598-00&ServiceCd=150&Type=search", "url2": "http://care-net.biz/35/yamabatokai/index.php" }, "geometry": { "type": "Point", "coordinates": [ 130.983857162612253, 34.051055406230105 ] } },
{ "type": "Feature", "properties": { "内容": "コンパスウォーク安岡【通所介護】山口県下関市梶栗町3-3-5", "url": "https://www.kaigokensaku.mhlw.go.jp/35/index.php?action_kouhyou_detail_004_kani=true&JigyosyoCd=3570106512-00&ServiceCd=150&Type=search", "url2": null }, "geometry": { "type": "Point", "coordinates": [ 130.9214716, 34.0153556 ] } },
{ "type": "Feature", "properties": { "内容": "株式会社　夢【通所介護】山口県下関市梶栗町４丁目８－１５髙橋ふとん店ビル１F", "url": "https://www.kaigokensaku.mhlw.go.jp/35/index.php?action_kouhyou_detail_004_kani=true&JigyosyoCd=3570106074-00&ServiceCd=150&Type=search", "url2": null }, "geometry": { "type": "Point", "coordinates": [ 130.922506500000054, 34.0146112 ] } },
{ "type": "Feature", "properties": { "内容": "きくがわ苑デイサービスセンター【通所介護】下関市菊川町大字下岡枝1064番地", "url": "https://www.kaigokensaku.mhlw.go.jp/35/index.php?action_kouhyou_detail_004_kani=true&JigyosyoCd=3577800190-00&ServiceCd=150&Type=search", "url2": "https://kikusuikai.jp/" }, "geometry": { "type": "Point", "coordinates": [ 131.04154410000001, 34.1262668 ] } },
{ "type": "Feature", "properties": { "内容": "デイサービスセンター　すずらん後田【通所介護】下関市後田町3丁目1-28住宅型有料老人ホーム　すずらん後田", "url": "https://www.kaigokensaku.mhlw.go.jp/35/index.php?action_kouhyou_detail_004_kani=true&JigyosyoCd=3570100960-00&ServiceCd=150&Type=search", "url2": "golden-age-sv.com" }, "geometry": { "type": "Point", "coordinates": [ 130.932698599999981, 33.9725014 ] } },
{ "type": "Feature", "properties": { "内容": "ケアライフ綾羅木デイサービスセンター【通所介護】山口県下関市大字垢田字洞ノ上10341番1", "url": "https://www.kaigokensaku.mhlw.go.jp/35/index.php?action_kouhyou_detail_004_kani=true&JigyosyoCd=3570104012-00&ServiceCd=150&Type=search", "url2": "http://www.bestlife1165.com/" }, "geometry": { "type": "Point", "coordinates": [ 130.910712838062324, 34.001215708070241 ] } },
{ "type": "Feature", "properties": { "内容": "あおぞらの里　下関デイサービスセンター【通所介護】下関市今浦町１０－１１", "url": "https://www.kaigokensaku.mhlw.go.jp/35/index.php?action_kouhyou_detail_004_kani=true&JigyosyoCd=3570100929-00&ServiceCd=150&Type=search", "url2": "http://www.cedar-web.com" }, "geometry": { "type": "Point", "coordinates": [ 130.921249699999947, 33.9536475 ] } },
{ "type": "Feature", "properties": { "内容": "デイサービス想やい【通所介護】山口県下関市山の田西町10-11", "url": "https://www.kaigokensaku.mhlw.go.jp/35/index.php?action_kouhyou_detail_004_kani=true&JigyosyoCd=3570106223-00&ServiceCd=150&Type=search", "url2": "http://hp.kaipoke.biz.2nd/" }, "geometry": { "type": "Point", "coordinates": [ 130.922982300000058, 33.987239 ] } },
{ "type": "Feature", "properties": { "内容": "デイサービスアドバンス山の田【通所介護】下関市山の田東町1-2０", "url": "https://www.kaigokensaku.mhlw.go.jp/35/index.php?action_kouhyou_detail_004_kani=true&JigyosyoCd=3570106645-00&ServiceCd=150&Type=search", "url2": null }, "geometry": { "type": "Point", "coordinates": [ 130.9300871, 33.9876728 ] } },
{ "type": "Feature", "properties": { "内容": "デイサービス小月【通所介護】山口県下関市小月宮の町7-3", "url": "https://www.kaigokensaku.mhlw.go.jp/35/index.php?action_kouhyou_detail_004_kani=true&JigyosyoCd=3570101018-00&ServiceCd=150&Type=search", "url2": "http://www.e-saving.jp/" }, "geometry": { "type": "Point", "coordinates": [ 131.038065299999971, 34.0743782 ] } },
{ "type": "Feature", "properties": { "内容": "フェニックス　デイサービスセンター【通所介護】下関市大字小野６４番地の１社会福祉法人暁会　フェニックス", "url": "https://www.kaigokensaku.mhlw.go.jp/35/index.php?action_kouhyou_detail_004_kani=true&JigyosyoCd=3570100473-00&ServiceCd=150&Type=search", "url2": "http://www.akatsukikai.com" }, "geometry": { "type": "Point", "coordinates": [ 130.961961699999961, 34.0353505 ] } },
{ "type": "Feature", "properties": { "内容": "リハビリデイサービスさくらやま【通所介護】山口県下関市上新地町3-2-3", "url": "https://www.kaigokensaku.mhlw.go.jp/35/index.php?action_kouhyou_detail_004_kani=true&JigyosyoCd=3570106157-00&ServiceCd=150&Type=search", "url2": null }, "geometry": { "type": "Point", "coordinates": [ 130.91932769999994, 33.9597469 ] } },
{ "type": "Feature", "properties": { "内容": "デイサービス　夢の里【通所介護】下関市新地町3-28", "url": "https://www.kaigokensaku.mhlw.go.jp/35/index.php?action_kouhyou_detail_004_kani=true&JigyosyoCd=3570105878-00&ServiceCd=150&Type=search", "url2": "http://www.yume-no-kai.com/gaiyo/" }, "geometry": { "type": "Point", "coordinates": [ 130.921541, 33.956175 ] } },
{ "type": "Feature", "properties": { "内容": "デイサービスセンター　すずらん【通所介護】山口県下関市神田町２丁目１３番５号", "url": "https://www.kaigokensaku.mhlw.go.jp/35/index.php?action_kouhyou_detail_004_kani=true&JigyosyoCd=3570103683-00&ServiceCd=150&Type=search", "url2": null }, "geometry": { "type": "Point", "coordinates": [ 130.923366100000067, 33.9620024 ] } },
{ "type": "Feature", "properties": { "内容": "ツクイ下関生野【通所介護】山口県下関市生野町1-2-18", "url": "https://www.kaigokensaku.mhlw.go.jp/35/index.php?action_kouhyou_detail_004_kani=true&JigyosyoCd=3570106496-00&ServiceCd=150&Type=search", "url2": null }, "geometry": { "type": "Point", "coordinates": [ 130.9363232, 33.9796406 ] } },
{ "type": "Feature", "properties": { "内容": "デイサービス風の丘【通所介護】山口県下関市生野町2丁目24-22", "url": "https://www.kaigokensaku.mhlw.go.jp/35/index.php?action_kouhyou_detail_004_kani=true&JigyosyoCd=3570106058-00&ServiceCd=150&Type=search", "url2": "http://reiwakai.com" }, "geometry": { "type": "Point", "coordinates": [ 130.933514800000012, 33.983931 ] } },
{ "type": "Feature", "properties": { "内容": "デイサービス笑笑歩【通所介護】山口県下関市西大坪町18-12", "url": "https://www.kaigokensaku.mhlw.go.jp/35/index.php?action_kouhyou_detail_004_kani=true&JigyosyoCd=3570105167-00&ServiceCd=150&Type=search", "url2": "http://hp.kaipoke.biz/2nd/" }, "geometry": { "type": "Point", "coordinates": [ 130.914575499999955, 33.9618049 ] } },
{ "type": "Feature", "properties": { "内容": "燦燦デイサービスセンター【通所介護】下関市大字石原字上岡175－11", "url": "https://www.kaigokensaku.mhlw.go.jp/35/index.php?action_kouhyou_detail_004_kani=true&JigyosyoCd=3570105597-00&ServiceCd=150&Type=search", "url2": null }, "geometry": { "type": "Point", "coordinates": [ 130.947993099999962, 34.0171773 ] } },
{ "type": "Feature", "properties": { "内容": "オーシャンビューまえだデイサービスセンター【通所介護】山口県下関市前田2-1-21", "url": "https://www.kaigokensaku.mhlw.go.jp/35/index.php?action_kouhyou_detail_004_kani=true&JigyosyoCd=3570106793-00&ServiceCd=150&Type=search", "url2": "http://www.yume-no-kai.com/gaiyo/" }, "geometry": { "type": "Point", "coordinates": [ 130.9672048, 33.9706726 ] } },
{ "type": "Feature", "properties": { "内容": "みどり園デイサービスセンター【通所介護】山口県下関市長府才川二丁目21-1", "url": "https://www.kaigokensaku.mhlw.go.jp/35/index.php?action_kouhyou_detail_004_kani=true&JigyosyoCd=3570100549-00&ServiceCd=150&Type=search", "url2": "http://www.care-net.biz/35/houaikai/" }, "geometry": { "type": "Point", "coordinates": [ 130.9995583, 34.0252383 ] } },
{ "type": "Feature", "properties": { "内容": "敬老デイサービスセンター【通所介護】下関市長府中浜町２番５号まつなが医院　４階", "url": "https://www.kaigokensaku.mhlw.go.jp/35/index.php?action_kouhyou_detail_004_kani=true&JigyosyoCd=3570100846-00&ServiceCd=150&Type=search", "url2": "http://www.matsunagaiin.com/dayservice" }, "geometry": { "type": "Point", "coordinates": [ 130.990017500000022, 33.9979547 ] } },
{ "type": "Feature", "properties": { "内容": "晴晴伶デイサービスセンター【通所介護】山口県下関市長府浜浦町１４番４号", "url": "https://www.kaigokensaku.mhlw.go.jp/35/index.php?action_kouhyou_detail_004_kani=true&JigyosyoCd=3570104194-00&ServiceCd=150&Type=search", "url2": null }, "geometry": { "type": "Point", "coordinates": [ 130.979401899999971, 33.9835393 ] } },
{ "type": "Feature", "properties": { "内容": "コンパスウォーク勝山【通所介護】山口県下関市田倉御殿町1-1-1", "url": "https://www.kaigokensaku.mhlw.go.jp/35/index.php?action_kouhyou_detail_004_kani=true&JigyosyoCd=3570106769-00&ServiceCd=150&Type=search", "url2": "https://kinoukaifuku.com/shop/shop_info/chugoku/yamaguchi/350001_017/350001_017.html" }, "geometry": { "type": "Point", "coordinates": [ 130.973548599999987, 34.0132964 ] } },
{ "type": "Feature", "properties": { "内容": "デイサービス豆たん【通所介護】下関市内日下1028-2", "url": "https://www.kaigokensaku.mhlw.go.jp/35/index.php?action_kouhyou_detail_004_kani=true&JigyosyoCd=3570101489-00&ServiceCd=150&Type=search", "url2": "http://www.mametan.net/" }, "geometry": { "type": "Point", "coordinates": [ 130.969484100000045, 34.100754 ] } },
{ "type": "Feature", "properties": { "内容": "デイサービスセンター　大正浪漫館【通所介護】下関市幡生宮の下町16-3", "url": "https://www.kaigokensaku.mhlw.go.jp/35/index.php?action_kouhyou_detail_004_kani=true&JigyosyoCd=3570101455-00&ServiceCd=150&Type=search", "url2": "http://www.shinsetsu.net/" }, "geometry": { "type": "Point", "coordinates": [ 130.933337100000017, 33.9827894 ] } },
{ "type": "Feature", "properties": { "内容": "デイサービス　ほほ笑み倶楽部【通所介護】山口県下関市稗田南町７番地９号", "url": "https://www.kaigokensaku.mhlw.go.jp/35/index.php?action_kouhyou_detail_004_kani=true&JigyosyoCd=3570105712-00&ServiceCd=150&Type=search", "url2": null }, "geometry": { "type": "Point", "coordinates": [ 130.930948822088908, 33.990317558721515 ] } },
{ "type": "Feature", "properties": { "内容": "デイサービス新遊楽【通所介護】下関市彦島江の浦町3－11－12", "url": "https://www.kaigokensaku.mhlw.go.jp/35/index.php?action_kouhyou_detail_004_kani=true&JigyosyoCd=3570102412-00&ServiceCd=150&Type=search", "url2": null }, "geometry": { "type": "Point", "coordinates": [ 130.914403399999969, 33.9305079 ] } },
{ "type": "Feature", "properties": { "内容": "フロイデ彦島デイサービスセンター【通所介護】下関市彦島西山町３丁目１２番１号", "url": "https://www.kaigokensaku.mhlw.go.jp/35/index.php?action_kouhyou_detail_004_kani=true&JigyosyoCd=3570102339-00&ServiceCd=150&Type=search", "url2": "https://www.syoutoukai.or.jp/" }, "geometry": { "type": "Point", "coordinates": [ 130.879868200000033, 33.9448667 ] } },
{ "type": "Feature", "properties": { "内容": "リゾートデイ　遊とぴあ【通所介護】下関市彦島弟子待東町８－１", "url": "https://www.kaigokensaku.mhlw.go.jp/35/index.php?action_kouhyou_detail_004_kani=true&JigyosyoCd=3570102677-00&ServiceCd=150&Type=search", "url2": "http://hc-h.jp/" }, "geometry": { "type": "Point", "coordinates": [ 130.9251246, 33.9273808 ] } },
{ "type": "Feature", "properties": { "内容": "アイユウの苑デイサービスセンター【通所介護】山口県下関市彦島迫町三丁目17番2号", "url": "https://www.kaigokensaku.mhlw.go.jp/35/index.php?action_kouhyou_detail_004_kani=true&JigyosyoCd=3570100457-00&ServiceCd=150&Type=search", "url2": "http://www.shoubikai.or.jp" }, "geometry": { "type": "Point", "coordinates": [ 130.9002994, 33.9383705 ] } },
{ "type": "Feature", "properties": { "内容": "デイサービスセンター山茶花【通所介護】山口県下関市富任町三丁目４番２８号", "url": "https://www.kaigokensaku.mhlw.go.jp/35/index.php?action_kouhyou_detail_004_kani=true&JigyosyoCd=3570105449-00&ServiceCd=150&Type=search", "url2": "https://www.mizunoki.jp/" }, "geometry": { "type": "Point", "coordinates": [ 130.919301099999984, 34.0210409 ] } },
{ "type": "Feature", "properties": { "内容": "デイサービスセンターあかだ【通所介護】下関市富任町８－８－３", "url": "https://www.kaigokensaku.mhlw.go.jp/35/index.php?action_kouhyou_detail_004_kani=true&JigyosyoCd=3570101422-00&ServiceCd=150&Type=search", "url2": null }, "geometry": { "type": "Point", "coordinates": [ 130.927825942974891, 34.023857968018994 ] } },
{ "type": "Feature", "properties": { "内容": "ファインブランデイサービス【通所介護】大字冨任131番地ルナレーヴ富任", "url": "https://www.kaigokensaku.mhlw.go.jp/35/index.php?action_kouhyou_detail_004_kani=true&JigyosyoCd=3570104848-00&ServiceCd=150&Type=search", "url2": "http://lunar.care/" }, "geometry": { "type": "Point", "coordinates": [ 130.927969100000013, 34.0247337 ] } },
{ "type": "Feature", "properties": { "内容": "ベストライフ川棚　デイサービスセンター【通所介護】山口県下関市豊浦町大字吉永字越藤１０１６５－１", "url": "https://www.kaigokensaku.mhlw.go.jp/35/index.php?action_kouhyou_detail_004_kani=true&JigyosyoCd=3577800521-00&ServiceCd=150&Type=search", "url2": "http:/carelife1165.web.fc2.com/" }, "geometry": { "type": "Point", "coordinates": [ 130.931458, 34.1262526 ] } },
{ "type": "Feature", "properties": { "内容": "豊寿苑デイサービスセンター【通所介護】山口県下関市豊浦町大字厚母郷１０４４２番地", "url": "https://www.kaigokensaku.mhlw.go.jp/35/index.php?action_kouhyou_detail_004_kani=true&JigyosyoCd=3570102875-00&ServiceCd=150&Type=search", "url2": "http://care-net.biz/35/houjyu/" }, "geometry": { "type": "Point", "coordinates": [ 130.905686076781336, 34.118592107787194 ] } },
{ "type": "Feature", "properties": { "内容": "ケアライフくろい　デイサービスセンター【通所介護】山口県下関市豊浦町黒井10634-5", "url": "https://www.kaigokensaku.mhlw.go.jp/35/index.php?action_kouhyou_detail_004_kani=true&JigyosyoCd=3570103204-00&ServiceCd=150&Type=search", "url2": "http://carelife1165.web.fc2.com/" }, "geometry": { "type": "Point", "coordinates": [ 130.909293199999979, 34.1263353 ] } },
{ "type": "Feature", "properties": { "内容": "デイサービス　デイホーム川棚【通所介護】山口県下関市豊浦町大字川棚１５００－３", "url": "https://www.kaigokensaku.mhlw.go.jp/35/index.php?action_kouhyou_detail_004_kani=true&JigyosyoCd=3570103139-00&ServiceCd=150&Type=search", "url2": null }, "geometry": { "type": "Point", "coordinates": [ 130.923821558765894, 34.15851542679458 ] } },
{ "type": "Feature", "properties": { "内容": "通所介護野の花【通所介護】山口県下関市豊浦町大字川棚古川3615番地", "url": "https://www.kaigokensaku.mhlw.go.jp/35/index.php?action_kouhyou_detail_004_kani=true&JigyosyoCd=3570106538-00&ServiceCd=150&Type=search", "url2": null }, "geometry": { "type": "Point", "coordinates": [ 130.931922318874342, 34.150431131493811 ] } },
{ "type": "Feature", "properties": { "内容": "とよたデイサービスセンター【通所介護】下関市豊田町大字荒木１００５１－２", "url": "https://www.kaigokensaku.mhlw.go.jp/35/index.php?action_kouhyou_detail_004_kani=true&JigyosyoCd=3577800109-00&ServiceCd=150&Type=search", "url2": "http://houzyukai.jp/" }, "geometry": { "type": "Point", "coordinates": [ 131.042815900000051, 34.2528649 ] } },
{ "type": "Feature", "properties": { "内容": "デイサービスセンター　道【通所介護】山口県下関市本町4丁目14番13号", "url": "https://www.kaigokensaku.mhlw.go.jp/35/index.php?action_kouhyou_detail_004_kani=true&JigyosyoCd=3570103188-00&ServiceCd=150&Type=search", "url2": "http://www.you-hodo.co.jp" }, "geometry": { "type": "Point", "coordinates": [ 130.950310899999977, 33.9676852 ] } },
{ "type": "Feature", "properties": { "内容": "王喜の郷デイサービスセンター【通所介護】下関市王喜本町6丁目1番12号", "url": "https://www.kaigokensaku.mhlw.go.jp/35/index.php?action_kouhyou_detail_004_kani=true&JigyosyoCd=3570100671-00&ServiceCd=150&Type=search", "url2": "http://www.ryokujukai.jp/" }, "geometry": { "type": "Point", "coordinates": [ 131.052084, 34.0636432 ] } },
{ "type": "Feature", "properties": { "内容": "デイサービス　海と空【通所介護】山口県下関市壇之浦町4-28", "url": "https://www.kaigokensaku.mhlw.go.jp/35/index.php?action_kouhyou_detail_004_kani=true&JigyosyoCd=3570106066-00&ServiceCd=150&Type=search", "url2": "http://reiwakai.com" }, "geometry": { "type": "Point", "coordinates": [ 130.952233708598328, 33.961750531338119 ] } },
{ "type": "Feature", "properties": { "内容": "橘デイサービス【通所介護】山口県下関市豊浦町川棚1545-10", "url": "https://www.kaigokensaku.mhlw.go.jp/35/index.php?action_kouhyou_detail_004_kani=true&JigyosyoCd=3570105290-00&ServiceCd=150&Type=search", "url2": null }, "geometry": { "type": "Point", "coordinates": [ 130.9224855, 34.160426 ] } },
{ "type": "Feature", "properties": { "内容": "夢乃舎plus【通所介護】山口県下関市弟子待町1丁目5-27", "url": "https://www.kaigokensaku.mhlw.go.jp/35/index.php?action_kouhyou_detail_004_kani=true&JigyosyoCd=3570106967-00&ServiceCd=150&Type=search", "url2": "https://reiwakai.com/" }, "geometry": { "type": "Point", "coordinates": [ 130.926274827647404, 33.925844255917056 ] } },
{ "type": "Feature", "properties": { "内容": "あおぞらの里　下関幡生デイサービスセンター【通所介護】山口県　下関市　幡生本町１２－５", "url": "https://www.kaigokensaku.mhlw.go.jp/35/index.php?action_kouhyou_detail_004_kani=true&JigyosyoCd=3570102222-00&ServiceCd=150&Type=search", "url2": "ds-hatabu@cedar-web.com" }, "geometry": { "type": "Point", "coordinates": [ 130.9278961, 33.977987 ] } },
{ "type": "Feature", "properties": { "内容": "長府ケアハウスデイサービスセンター【通所介護】山口県下関市長府黒門南町６番５４号昇陽館", "url": "https://www.kaigokensaku.mhlw.go.jp/35/index.php?action_kouhyou_detail_004_kani=true&JigyosyoCd=3570104889-00&ServiceCd=150&Type=search", "url2": "http://www.shinsetsu.net" }, "geometry": { "type": "Point", "coordinates": [ 130.9859318, 33.9844642 ] } },
{ "type": "Feature", "properties": { "内容": "IMLデイサービスみもすそ川【通所介護】みもすそ川10番20号", "url": "https://www.kaigokensaku.mhlw.go.jp/35/index.php?action_kouhyou_detail_004_kani=true&JigyosyoCd=3570106843-00&ServiceCd=150&Type=search", "url2": "https://www.inmylife24.com/" }, "geometry": { "type": "Point", "coordinates": [ 130.9542111, 33.9699479 ] } },
{ "type": "Feature", "properties": { "内容": "宅老所　喜楽苑　山村【通所介護】宇部市大字西岐波2636-7", "url": "https://www.kaigokensaku.mhlw.go.jp/35/index.php?action_kouhyou_detail_004_kani=true&JigyosyoCd=3570202766-00&ServiceCd=150&Type=search", "url2": null }, "geometry": { "type": "Point", "coordinates": [ 131.308798199999956, 33.9649109 ] } },
{ "type": "Feature", "properties": { "内容": "むべの里光栄　デイサービスセンター　オパール光栄【通所介護】山口県宇部市大字東岐波5860-10-1", "url": "https://www.kaigokensaku.mhlw.go.jp/35/index.php?action_kouhyou_detail_004_kani=true&JigyosyoCd=3570204218-00&ServiceCd=150&Type=search", "url2": "https://mubekouei.com/" }, "geometry": { "type": "Point", "coordinates": [ 131.336045, 33.9817641 ] } },
{ "type": "Feature", "properties": { "内容": "若菜東岐波デイサービス新館【通所介護】宇部市東岐波5436-4", "url": "https://www.kaigokensaku.mhlw.go.jp/35/index.php?action_kouhyou_detail_004_kani=true&JigyosyoCd=3570204069-00&ServiceCd=150&Type=search", "url2": null }, "geometry": { "type": "Point", "coordinates": [ 131.3457785, 33.9719026 ] } },
{ "type": "Feature", "properties": { "内容": "むべのさとでいさーびすせんたーしょうよう【通所介護】山口県宇部市東岐波4940-1", "url": "https://www.kaigokensaku.mhlw.go.jp/35/index.php?action_kouhyou_detail_004_kani=true&JigyosyoCd=3570204705-00&ServiceCd=150&Type=search", "url2": "https://mubekouei.com/company/overview/" }, "geometry": { "type": "Point", "coordinates": [ 131.2468161, 33.9515554 ] } },
{ "type": "Feature", "properties": { "内容": "リハビリデイサービスあい【通所介護】宇部市中村1丁目2番21号", "url": "https://www.kaigokensaku.mhlw.go.jp/35/index.php?action_kouhyou_detail_004_kani=true&JigyosyoCd=3570202857-00&ServiceCd=150&Type=search", "url2": null }, "geometry": { "type": "Point", "coordinates": [ 131.260501100000056, 33.9679237 ] } },
{ "type": "Feature", "properties": { "内容": "デイサービスセンターおの【通所介護】山口県宇部市大字小野８２９４番地の２デイサービスセンターおの", "url": "https://www.kaigokensaku.mhlw.go.jp/35/index.php?action_kouhyou_detail_004_kani=true&JigyosyoCd=3570201545-00&ServiceCd=150&Type=search", "url2": null }, "geometry": { "type": "Point", "coordinates": [ 131.321607300000011, 34.117373900000018 ] } },
{ "type": "Feature", "properties": { "内容": "むべの里デイサービスセンターららら【通所介護】山口県宇部市中村2丁目7番43号", "url": "https://www.kaigokensaku.mhlw.go.jp/35/index.php?action_kouhyou_detail_004_kani=true&JigyosyoCd=3570204283-00&ServiceCd=150&Type=search", "url2": "http://www.mubenosato.com/" }, "geometry": { "type": "Point", "coordinates": [ 131.2617175, 33.9631363 ] } },
{ "type": "Feature", "properties": { "内容": "かわ村デイサービスセンター宇部南【通所介護】山口県宇部市浜町２丁目１１番地１２", "url": "https://www.kaigokensaku.mhlw.go.jp/35/index.php?action_kouhyou_detail_004_kani=true&JigyosyoCd=3570203947-00&ServiceCd=150&Type=search", "url2": "www.kawamura-fs.com/" }, "geometry": { "type": "Point", "coordinates": [ 131.2340547, 33.96551240000003 ] } },
{ "type": "Feature", "properties": { "内容": "私の家Living【通所介護】山口県宇部市浜田3−1−6", "url": "https://www.kaigokensaku.mhlw.go.jp/35/index.php?action_kouhyou_detail_004_kani=true&JigyosyoCd=3570203731-00&ServiceCd=150&Type=search", "url2": "http://fomax.jp/" }, "geometry": { "type": "Point", "coordinates": [ 131.232321599999977, 33.9897572 ] } },
{ "type": "Feature", "properties": { "内容": "デイサービスセンター　宇部あいおい苑【通所介護】宇部市恩田3丁目8番1号", "url": "https://www.kaigokensaku.mhlw.go.jp/35/index.php?action_kouhyou_detail_004_kani=true&JigyosyoCd=3570201776-00&ServiceCd=150&Type=search", "url2": "http://hitotsunokai.jp" }, "geometry": { "type": "Point", "coordinates": [ 131.265732, 33.9470178 ] } },
{ "type": "Feature", "properties": { "内容": "デイサービスほっとスマイル　心【通所介護】山口県宇部市居能町１丁目2-13", "url": "https://www.kaigokensaku.mhlw.go.jp/35/index.php?action_kouhyou_detail_004_kani=true&JigyosyoCd=3570203657-00&ServiceCd=150&Type=search", "url2": null }, "geometry": { "type": "Point", "coordinates": [ 131.231367500000033, 33.9646273 ] } },
{ "type": "Feature", "properties": { "内容": "JA山口県デイサービス宇部【通所介護】山口県宇部市厚南中央一丁目7番10号", "url": "https://www.kaigokensaku.mhlw.go.jp/35/index.php?action_kouhyou_detail_004_kani=true&JigyosyoCd=3570203913-00&ServiceCd=150&Type=search", "url2": null }, "geometry": { "type": "Point", "coordinates": [ 131.22023779999995, 33.9959439 ] } },
{ "type": "Feature", "properties": { "内容": "ツクイ宇部厚南【通所介護】厚南中央６丁目3-22", "url": "https://www.kaigokensaku.mhlw.go.jp/35/index.php?action_kouhyou_detail_004_kani=true&JigyosyoCd=3570204143-00&ServiceCd=150&Type=search", "url2": "https://www.tsukui.net" }, "geometry": { "type": "Point", "coordinates": [ 131.210579599999988, 33.9911097 ] } },
{ "type": "Feature", "properties": { "内容": "デイサービス　きたえるーむ西宇部【通所介護】山口県宇部市厚南北1-3-23際波グランフォート2号室", "url": "https://www.kaigokensaku.mhlw.go.jp/35/index.php?action_kouhyou_detail_004_kani=true&JigyosyoCd=3570204036-00&ServiceCd=150&Type=search", "url2": "http://www.kitaeroom.com/" }, "geometry": { "type": "Point", "coordinates": [ 131.219452600000068, 33.9992293 ] } },
{ "type": "Feature", "properties": { "内容": "まどか苑　厚南北デイサービスセンター【通所介護】宇部市厚南北2丁目4番14号まどか苑厚南北有料老人ホーム", "url": "https://www.kaigokensaku.mhlw.go.jp/35/index.php?action_kouhyou_detail_004_kani=true&JigyosyoCd=3570202683-00&ServiceCd=150&Type=search", "url2": null }, "geometry": { "type": "Point", "coordinates": [ 131.216948960747914, 33.998701548706634 ] } },
{ "type": "Feature", "properties": { "内容": "むべの里デイサービスセンター【通所介護】山口県宇部市厚南北3丁目1－37", "url": "https://www.kaigokensaku.mhlw.go.jp/35/index.php?action_kouhyou_detail_004_kani=true&JigyosyoCd=3570200406-00&ServiceCd=150&Type=search", "url2": "kaigo-kouhyou@mubenosato.com" }, "geometry": { "type": "Point", "coordinates": [ 131.214223611917078, 34.001690066617776 ] } },
{ "type": "Feature", "properties": { "内容": "やまもとクリニックデイサービスセンター有るる【通所介護】山口県宇部市黒石北三丁目１番５７号ホスピサイドプレイス", "url": "https://www.kaigokensaku.mhlw.go.jp/35/index.php?action_kouhyou_detail_004_kani=true&JigyosyoCd=3570202667-00&ServiceCd=150&Type=search", "url2": null }, "geometry": { "type": "Point", "coordinates": [ 131.212525223942549, 33.983904759269969 ] } },
{ "type": "Feature", "properties": { "内容": "むべの里デイサービスセンター厚南【通所介護】山口県宇部市黒石北4丁目5番39号", "url": "https://www.kaigokensaku.mhlw.go.jp/35/index.php?action_kouhyou_detail_004_kani=true&JigyosyoCd=3570203335-00&ServiceCd=150&Type=search", "url2": "http://mubekouei.com/" }, "geometry": { "type": "Point", "coordinates": [ 131.205262522240417, 33.986150334388753 ] } },
{ "type": "Feature", "properties": { "内容": "むべの里　デイサービスセンター　はぎわら【通所介護】宇部市今村北５丁目１０番３８号", "url": "https://www.kaigokensaku.mhlw.go.jp/35/index.php?action_kouhyou_detail_004_kani=true&JigyosyoCd=3570201164-00&ServiceCd=150&Type=search", "url2": "http://www/mubenosato.com" }, "geometry": { "type": "Point", "coordinates": [ 131.304912400000035, 33.9612723 ] } },
{ "type": "Feature", "properties": { "内容": "セントヒルデイサービスこうなん【通所介護】宇部市宇部市大字妻崎開作108番地", "url": "https://www.kaigokensaku.mhlw.go.jp/35/index.php?action_kouhyou_detail_004_kani=true&JigyosyoCd=3570203392-00&ServiceCd=150&Type=search", "url2": "http://www.sthill-hp.or.jp/k_st/" }, "geometry": { "type": "Point", "coordinates": [ 131.217501613830507, 33.978132795260869 ] } },
{ "type": "Feature", "properties": { "内容": "宇部西デイサービス【通所介護】宇部市大字際波字東河田287-1", "url": "https://www.kaigokensaku.mhlw.go.jp/35/index.php?action_kouhyou_detail_004_kani=true&JigyosyoCd=3570200786-00&ServiceCd=150&Type=search", "url2": "https://www.ubenishireha.jp/" }, "geometry": { "type": "Point", "coordinates": [ 131.224255244274872, 33.996377961742688 ] } },
{ "type": "Feature", "properties": { "内容": "きわなみ苑デイサービスセンター【通所介護】大字際波663番地3", "url": "https://www.kaigokensaku.mhlw.go.jp/35/index.php?action_kouhyou_detail_004_kani=true&JigyosyoCd=3570202618-00&ServiceCd=150&Type=search", "url2": "https://kiwanami-kaigo.com/" }, "geometry": { "type": "Point", "coordinates": [ 131.223785899999939, 33.9932483 ] } },
{ "type": "Feature", "properties": { "内容": "デイサービスセンターここわ【通所介護】山口県宇部市大字際波701番地", "url": "https://www.kaigokensaku.mhlw.go.jp/35/index.php?action_kouhyou_detail_004_kani=true&JigyosyoCd=3570203574-00&ServiceCd=150&Type=search", "url2": "http://www.kiwanami-kaigo.com" }, "geometry": { "type": "Point", "coordinates": [ 131.222105101188617, 33.993709734530277 ] } },
{ "type": "Feature", "properties": { "内容": "ケアビレッジきわなみデイサービスセンター【通所介護】山口県宇部市大字際波725番地6", "url": "https://www.kaigokensaku.mhlw.go.jp/35/index.php?action_kouhyou_detail_004_kani=true&JigyosyoCd=3570202105-00&ServiceCd=150&Type=search", "url2": "https://kiwanami-kaigo.com/" }, "geometry": { "type": "Point", "coordinates": [ 131.222591500000021, 33.9943621 ] } },
{ "type": "Feature", "properties": { "内容": "デイサービスセンターメルローズ【通所介護】山口県宇部市大字際波７２６－３グラディアスきわなみ", "url": "https://www.kaigokensaku.mhlw.go.jp/35/index.php?action_kouhyou_detail_004_kani=true&JigyosyoCd=3570204101-00&ServiceCd=150&Type=search", "url2": "https://kiwanami-kaigo.com/" }, "geometry": { "type": "Point", "coordinates": [ 131.222762613491824, 33.994692298648083 ] } },
{ "type": "Feature", "properties": { "内容": "デイサービスオアシスことしば【通所介護】宇部市寿町三丁目2-5", "url": "https://www.kaigokensaku.mhlw.go.jp/35/index.php?action_kouhyou_detail_004_kani=true&JigyosyoCd=3570200984-00&ServiceCd=150&Type=search", "url2": "www.jinsinkai.or.jp" }, "geometry": { "type": "Point", "coordinates": [ 131.253482599999984, 33.9514672 ] } },
{ "type": "Feature", "properties": { "内容": "リハビリデイサービスプラスワン宇部店【通所介護】山口県宇部市常藤町5-25アビリティ常藤1階テナントA", "url": "https://www.kaigokensaku.mhlw.go.jp/35/index.php?action_kouhyou_detail_004_kani=true&JigyosyoCd=3570204481-00&ServiceCd=150&Type=search", "url2": "https://plusone-onoda.jimdofree.com" }, "geometry": { "type": "Point", "coordinates": [ 131.254459799999978, 33.9478879 ] } },
{ "type": "Feature", "properties": { "内容": "第2希望苑デイサービスセンター【通所介護】宇部市西宇部南4丁目11-2", "url": "https://www.kaigokensaku.mhlw.go.jp/35/index.php?action_kouhyou_detail_004_kani=true&JigyosyoCd=3570203046-00&ServiceCd=150&Type=search", "url2": null }, "geometry": { "type": "Point", "coordinates": [ 131.218324899999971, 34.0032027 ] } },
{ "type": "Feature", "properties": { "内容": "ケアビレジ桜　弐番館デイサービス【通所介護】宇部市大字西岐波２０６６番地", "url": "https://www.kaigokensaku.mhlw.go.jp/35/index.php?action_kouhyou_detail_004_kani=true&JigyosyoCd=3570202717-00&ServiceCd=150&Type=search", "url2": "https://keahouse-sakura.jp/" }, "geometry": { "type": "Point", "coordinates": [ 131.295249199999944, 33.9615723 ] } },
{ "type": "Feature", "properties": { "内容": "宇部あかり園デイサービスセンター【通所介護】宇部市大字西岐波229－105", "url": "https://www.kaigokensaku.mhlw.go.jp/35/index.php?action_kouhyou_detail_004_kani=true&JigyosyoCd=3570200414-00&ServiceCd=150&Type=search", "url2": "http://www.hakuaikai-yamaguchi.jp" }, "geometry": { "type": "Point", "coordinates": [ 131.301501284377991, 33.966700369615694 ] } },
{ "type": "Feature", "properties": { "内容": "片倉温泉くぼたデイサービスセンター【通所介護】宇部市大字西岐波5351番1", "url": "https://www.kaigokensaku.mhlw.go.jp/35/index.php?action_kouhyou_detail_004_kani=true&JigyosyoCd=3570201370-00&ServiceCd=150&Type=search", "url2": "https://katakura-day.com" }, "geometry": { "type": "Point", "coordinates": [ 131.298023699999931, 33.973457300000021 ] } },
{ "type": "Feature", "properties": { "内容": "ニチイケアセンター西岐波【通所介護】山口県宇部市大字西岐波浜田1545－1", "url": "https://www.kaigokensaku.mhlw.go.jp/35/index.php?action_kouhyou_detail_004_kani=true&JigyosyoCd=3570200190-00&ServiceCd=150&Type=search", "url2": null }, "geometry": { "type": "Point", "coordinates": [ 131.315846, 33.9618525 ] } },
{ "type": "Feature", "properties": { "内容": "かわ村デイサービスセンター【通所介護】宇部市大字川上720－9", "url": "https://www.kaigokensaku.mhlw.go.jp/35/index.php?action_kouhyou_detail_004_kani=true&JigyosyoCd=3570202824-00&ServiceCd=150&Type=search", "url2": "http://kawamura-fs.com/" }, "geometry": { "type": "Point", "coordinates": [ 131.276454899999976, 33.9934746 ] } },
{ "type": "Feature", "properties": { "内容": "デイサービス愛華【通所介護】山口県宇部市船木１０１６番地１ケアホーム愛華", "url": "https://www.kaigokensaku.mhlw.go.jp/35/index.php?action_kouhyou_detail_004_kani=true&JigyosyoCd=3570204416-00&ServiceCd=150&Type=search", "url2": "https//aiyuukai-mirai.jp" }, "geometry": { "type": "Point", "coordinates": [ 131.215566, 34.0493108 ] } },
{ "type": "Feature", "properties": { "内容": "デイサービス星華【通所介護】山口県宇部市大字船木1017番地1ケアホーム星華", "url": "https://www.kaigokensaku.mhlw.go.jp/35/index.php?action_kouhyou_detail_004_kani=true&JigyosyoCd=3570203285-00&ServiceCd=150&Type=search", "url2": "https://aiyuukai-mirai.jp" }, "geometry": { "type": "Point", "coordinates": [ 131.221726399999966, 34.0415574 ] } },
{ "type": "Feature", "properties": { "内容": "デイサービスセンターゆず【通所介護】山口県宇部市大字船木１０１７番地４ケアホームゆず", "url": "https://www.kaigokensaku.mhlw.go.jp/35/index.php?action_kouhyou_detail_004_kani=true&JigyosyoCd=3570202204-00&ServiceCd=150&Type=search", "url2": "https://aiyuukai-mirai.jp/" }, "geometry": { "type": "Point", "coordinates": [ 131.221704199999976, 34.0416018 ] } },
{ "type": "Feature", "properties": { "内容": "デイサービス来夢【通所介護】山口県宇部市大字船木１０１７番地５ケアホーム来夢", "url": "https://www.kaigokensaku.mhlw.go.jp/35/index.php?action_kouhyou_detail_004_kani=true&JigyosyoCd=3570202626-00&ServiceCd=150&Type=search", "url2": "https://aiyuukai-mirai.jp" }, "geometry": { "type": "Point", "coordinates": [ 131.221490300000028, 34.0415713 ] } },
{ "type": "Feature", "properties": { "内容": "楠園デイサービスセンター【通所介護】山口県宇部市大字船木字向ヒ８３３番３", "url": "https://www.kaigokensaku.mhlw.go.jp/35/index.php?action_kouhyou_detail_004_kani=true&JigyosyoCd=3577700051-00&ServiceCd=150&Type=search", "url2": "http://www.furoukai.jp" }, "geometry": { "type": "Point", "coordinates": [ 131.192154566784637, 34.04982001252408 ] } },
{ "type": "Feature", "properties": { "内容": "はーとけあさんちの生活支援【通所介護】山口県宇部市草江四丁目11番38-5", "url": "https://www.kaigokensaku.mhlw.go.jp/35/index.php?action_kouhyou_detail_004_kani=true&JigyosyoCd=3570203798-00&ServiceCd=150&Type=search", "url2": null }, "geometry": { "type": "Point", "coordinates": [ 131.269371400000011, 33.9344789 ] } },
{ "type": "Feature", "properties": { "内容": "あさひデイサービスセンター則貞【通所介護】宇部市則貞三丁目10番41号", "url": "https://www.kaigokensaku.mhlw.go.jp/35/index.php?action_kouhyou_detail_004_kani=true&JigyosyoCd=3570202816-00&ServiceCd=150&Type=search", "url2": "http://www.asahicorporation.co.jp" }, "geometry": { "type": "Point", "coordinates": [ 131.280170099999964, 33.94450429999997 ] } },
{ "type": "Feature", "properties": { "内容": "第３希望苑デイサービスセンター【通所介護】山口県宇部市大字中宇部字西岩田１５７０－１第３希望苑デイサービスセンター", "url": "https://www.kaigokensaku.mhlw.go.jp/35/index.php?action_kouhyou_detail_004_kani=true&JigyosyoCd=3570203186-00&ServiceCd=150&Type=search", "url2": "http://www.yic-trust.com/" }, "geometry": { "type": "Point", "coordinates": [ 131.2590401, 33.9698408 ] } },
{ "type": "Feature", "properties": { "内容": "デイサービスセンターアポロプラス【通所介護】山口県宇部市中宇部1858-1ドリームライフアポロ", "url": "https://www.kaigokensaku.mhlw.go.jp/35/index.php?action_kouhyou_detail_004_kani=true&JigyosyoCd=3570203293-00&ServiceCd=150&Type=search", "url2": "https://y-apl.com/" }, "geometry": { "type": "Point", "coordinates": [ 131.255247232818618, 33.981001945273512 ] } },
{ "type": "Feature", "properties": { "内容": "ドリームライフアポロデイサービスセンター【通所介護】宇部市大字中宇部1858-30", "url": "https://www.kaigokensaku.mhlw.go.jp/35/index.php?action_kouhyou_detail_004_kani=true&JigyosyoCd=3570202303-00&ServiceCd=150&Type=search", "url2": "https://y-apl.com/" }, "geometry": { "type": "Point", "coordinates": [ 131.255642858648315, 33.981011953946897 ] } },
{ "type": "Feature", "properties": { "内容": "むべの里デイサービスセンター中山【通所介護】宇部市大字中山1135-1", "url": "https://www.kaigokensaku.mhlw.go.jp/35/index.php?action_kouhyou_detail_004_kani=true&JigyosyoCd=3570201040-00&ServiceCd=150&Type=search", "url2": "http://www.mubekouei.com" }, "geometry": { "type": "Point", "coordinates": [ 131.233411164544123, 33.989209246542558 ] } },
{ "type": "Feature", "properties": { "内容": "リハビリデイサービスエール【通所介護】山口県宇部市中村2丁目6番11号", "url": "https://www.kaigokensaku.mhlw.go.jp/35/index.php?action_kouhyou_detail_004_kani=true&JigyosyoCd=3570204192-00&ServiceCd=150&Type=search", "url2": "https://yell-kaigo.co.jp/" }, "geometry": { "type": "Point", "coordinates": [ 131.263012, 33.963225 ] } },
{ "type": "Feature", "properties": { "内容": "デイサービス　きたえるーむ上宇部【通所介護】山口県宇部市中尾１－７－１３グリーンハイツ琴崎1Ｆ", "url": "https://www.kaigokensaku.mhlw.go.jp/35/index.php?action_kouhyou_detail_004_kani=true&JigyosyoCd=3570203624-00&ServiceCd=150&Type=search", "url2": "http://www.kitaeroom.com/" }, "geometry": { "type": "Point", "coordinates": [ 131.267405300000064, 33.9693244 ] } },
{ "type": "Feature", "properties": { "内容": "かわ村デイサービスセンター海の家【通所介護】山口県宇部市大字東岐波１４６４番地１", "url": "https://www.kaigokensaku.mhlw.go.jp/35/index.php?action_kouhyou_detail_004_kani=true&JigyosyoCd=3570203418-00&ServiceCd=150&Type=search", "url2": "http://www.kawamura-fs.com/" }, "geometry": { "type": "Point", "coordinates": [ 131.348814, 33.9838378 ] } },
{ "type": "Feature", "properties": { "内容": "デイサービスセンター優【通所介護】山口県宇部市大字東岐波字道田１３８１番７", "url": "https://www.kaigokensaku.mhlw.go.jp/35/index.php?action_kouhyou_detail_004_kani=true&JigyosyoCd=3570204242-00&ServiceCd=150&Type=search", "url2": "http://www.mubenosato.com/" }, "geometry": { "type": "Point", "coordinates": [ 131.348680840117026, 33.997212980872206 ] } },
{ "type": "Feature", "properties": { "内容": "むべの里デイサービスセンター東芝中【通所介護】宇部市東芝中町3番27号", "url": "https://www.kaigokensaku.mhlw.go.jp/35/index.php?action_kouhyou_detail_004_kani=true&JigyosyoCd=3570202485-00&ServiceCd=150&Type=search", "url2": "http://www.mubenosato.com" }, "geometry": { "type": "Point", "coordinates": [ 131.258782600000018, 33.9389187 ] } },
{ "type": "Feature", "properties": { "内容": "むべの里　デイサービスセンター東本町【通所介護】東本町1－2－7", "url": "https://www.kaigokensaku.mhlw.go.jp/35/index.php?action_kouhyou_detail_004_kani=true&JigyosyoCd=3570204507-00&ServiceCd=150&Type=search", "url2": null }, "geometry": { "type": "Point", "coordinates": [ 130.966990399999986, 33.9479936 ] } },
{ "type": "Feature", "properties": { "内容": "若菜楠デイサービス【通所介護】宇部市東万倉652-1", "url": "https://www.kaigokensaku.mhlw.go.jp/35/index.php?action_kouhyou_detail_004_kani=true&JigyosyoCd=3570203525-00&ServiceCd=150&Type=search", "url2": "https://www.kamura-clinic.com/" }, "geometry": { "type": "Point", "coordinates": [ 131.239996674313687, 34.061729474488139 ] } },
{ "type": "Feature", "properties": { "内容": "若菜楠デイサービス南館【通所介護】山口県宇部市東万倉652-1", "url": "https://www.kaigokensaku.mhlw.go.jp/35/index.php?action_kouhyou_detail_004_kani=true&JigyosyoCd=3570203970-00&ServiceCd=150&Type=search", "url2": "https://www.kamura-clinic.com/" }, "geometry": { "type": "Point", "coordinates": [ 131.240044933951594, 34.061737207852779 ] } },
{ "type": "Feature", "properties": { "内容": "アスワン山荘デイサービスセンター【通所介護】山口県宇部市二俣瀬山王坂40-221", "url": "https://www.kaigokensaku.mhlw.go.jp/35/index.php?action_kouhyou_detail_004_kani=true&JigyosyoCd=3570200281-00&ServiceCd=150&Type=search", "url2": "https://www.asuwansansou.jp/" }, "geometry": { "type": "Point", "coordinates": [ 131.282005886574524, 34.063417463458336 ] } },
{ "type": "Feature", "properties": { "内容": "デイサービスセービング浜町【通所介護】山口県宇部市浜町2ｰ4ｰ11", "url": "https://www.kaigokensaku.mhlw.go.jp/35/index.php?action_kouhyou_detail_004_kani=true&JigyosyoCd=3570204598-00&ServiceCd=150&Type=search", "url2": null }, "geometry": { "type": "Point", "coordinates": [ 131.235439926319884, 33.965227479038539 ] } },
{ "type": "Feature", "properties": { "内容": "デイサービスセンター立花【通所介護】山口県宇部市浜田３丁目２４－１", "url": "https://www.kaigokensaku.mhlw.go.jp/35/index.php?action_kouhyou_detail_004_kani=true&JigyosyoCd=3570203715-00&ServiceCd=150&Type=search", "url2": "https://rikka-homenurse.com" }, "geometry": { "type": "Point", "coordinates": [ 131.229507900000044, 33.9890489 ] } },
{ "type": "Feature", "properties": { "内容": "リハビリステップげんき【通所介護】宇部市末広町1-13", "url": "https://www.kaigokensaku.mhlw.go.jp/35/index.php?action_kouhyou_detail_004_kani=true&JigyosyoCd=3570201677-00&ServiceCd=150&Type=search", "url2": "http://genki6220.web.fc2.com/" }, "geometry": { "type": "Point", "coordinates": [ 131.2651962, 33.9374661 ] } },
{ "type": "Feature", "properties": { "内容": "ツクイ宇部【通所介護】山口県宇部市岬町2丁目1-18", "url": "https://www.kaigokensaku.mhlw.go.jp/35/index.php?action_kouhyou_detail_004_kani=true&JigyosyoCd=3570204135-00&ServiceCd=150&Type=search", "url2": "https://www.tsukui.net/" }, "geometry": { "type": "Point", "coordinates": [ 131.2655225, 33.932682 ] } },
{ "type": "Feature", "properties": { "内容": "フレンドサービス【通所介護】宇部市大字中宇部1964番地1", "url": "https://www.kaigokensaku.mhlw.go.jp/35/index.php?action_kouhyou_detail_004_kani=true&JigyosyoCd=3570200968-00&ServiceCd=150&Type=search", "url2": "friendservice@plum.ocn.ne.jp" }, "geometry": { "type": "Point", "coordinates": [ 131.251262499999939, 33.9762283 ] } },
{ "type": "Feature", "properties": { "内容": "ひだまりの花【通所介護】山口県宇部市ひらき台２丁目２５－８", "url": "https://www.kaigokensaku.mhlw.go.jp/35/index.php?action_kouhyou_detail_004_kani=true&JigyosyoCd=3570202287-00&ServiceCd=150&Type=search", "url2": null }, "geometry": { "type": "Point", "coordinates": [ 131.279597919187921, 33.973218311005425 ] } },
{ "type": "Feature", "properties": { "内容": "若菜東岐波デイサービス【通所介護】宇部市東岐波5436-4", "url": "https://www.kaigokensaku.mhlw.go.jp/35/index.php?action_kouhyou_detail_004_kani=true&JigyosyoCd=3570202949-00&ServiceCd=150&Type=search", "url2": "https://www.kamura-clinic.com/" }, "geometry": { "type": "Point", "coordinates": [ 131.345958507548517, 33.972264215018363 ] } },
{ "type": "Feature", "properties": { "内容": "デイサービスセンター　友癒【通所介護】山口県宇部市大字妻崎開作269-6", "url": "https://www.kaigokensaku.mhlw.go.jp/35/index.php?action_kouhyou_detail_004_kani=true&JigyosyoCd=3570203558-00&ServiceCd=150&Type=search", "url2": null }, "geometry": { "type": "Point", "coordinates": [ 131.204463199999964, 33.9734474 ] } },
{ "type": "Feature", "properties": { "内容": "サービス付き高齢者向け住宅　にじのさと【通所介護】山口市仁保下郷沖田734-1", "url": "https://www.kaigokensaku.mhlw.go.jp/35/index.php?action_kouhyou_detail_004_kani=true&JigyosyoCd=3570302939-00&ServiceCd=150&Type=search", "url2": null }, "geometry": { "type": "Point", "coordinates": [ 131.53735990859829, 34.194259114285401 ] } },
{ "type": "Feature", "properties": { "内容": "第１奏拠デイサービスセンター【通所介護】山口市吉敷下東４丁目１３－２０", "url": "https://www.kaigokensaku.mhlw.go.jp/35/index.php?action_kouhyou_detail_004_kani=true&JigyosyoCd=3570303762-00&ServiceCd=150&Type=search", "url2": null }, "geometry": { "type": "Point", "coordinates": [ 131.44265870000001, 34.1612085 ] } },
{ "type": "Feature", "properties": { "内容": "デイサービス　花咲美【通所介護】山口市大内矢田北6丁目4番26号", "url": "https://www.kaigokensaku.mhlw.go.jp/35/index.php?action_kouhyou_detail_004_kani=true&JigyosyoCd=3570301071-00&ServiceCd=150&Type=search", "url2": "http://ds-kazami.com/" }, "geometry": { "type": "Point", "coordinates": [ 131.511777879098531, 34.154058290804556 ] } },
{ "type": "Feature", "properties": { "内容": "テルマエ維新【通所介護】山口県山口市湯田温泉2-5-20", "url": "https://www.kaigokensaku.mhlw.go.jp/35/index.php?action_kouhyou_detail_004_kani=true&JigyosyoCd=3571300528-00&ServiceCd=150&Type=search", "url2": "http://veryhuman.jp/" }, "geometry": { "type": "Point", "coordinates": [ 131.456334214405075, 34.163196688670318 ] } },
{ "type": "Feature", "properties": { "内容": "デイサービスあいツ【通所介護】山口県山口市平井字原河内868-1", "url": "https://www.kaigokensaku.mhlw.go.jp/35/index.php?action_kouhyou_detail_004_kani=true&JigyosyoCd=3570303937-00&ServiceCd=150&Type=search", "url2": "https://www.emi-aitsu.com" }, "geometry": { "type": "Point", "coordinates": [ 131.460690024050933, 34.154215745472086 ] } },
{ "type": "Feature", "properties": { "内容": "なぎの森デイサービスセンター【通所介護】山口市小郡下郷745-2", "url": "https://www.kaigokensaku.mhlw.go.jp/35/index.php?action_kouhyou_detail_004_kani=true&JigyosyoCd=3570303093-00&ServiceCd=150&Type=search", "url2": "https://www.hp-hayashi.or.jp/" }, "geometry": { "type": "Point", "coordinates": [ 131.392088466001184, 34.099934115947079 ] } },
{ "type": "Feature", "properties": { "内容": "ツクイ山口【通所介護】大内御堀六丁目2番5号", "url": "https://www.kaigokensaku.mhlw.go.jp/35/index.php?action_kouhyou_detail_004_kani=true&JigyosyoCd=3570303606-00&ServiceCd=150&Type=search", "url2": "https://www.tsukui.net//home-care/2019" }, "geometry": { "type": "Point", "coordinates": [ 131.4856727, 34.1650776 ] } },
{ "type": "Feature", "properties": { "内容": "明日葉デイサービス【通所介護】阿知須101-1", "url": "https://www.kaigokensaku.mhlw.go.jp/35/index.php?action_kouhyou_detail_004_kani=true&JigyosyoCd=3570303895-00&ServiceCd=150&Type=search", "url2": null }, "geometry": { "type": "Point", "coordinates": [ 131.356360758462358, 34.029272603078702 ] } },
{ "type": "Feature", "properties": { "内容": "ケアタウン日の山デイサービスセンター【通所介護】山口県山口市阿知須2581-1ケアタウン日の山", "url": "https://www.kaigokensaku.mhlw.go.jp/35/index.php?action_kouhyou_detail_004_kani=true&JigyosyoCd=3570303689-00&ServiceCd=150&Type=search", "url2": "https://www.mubekouei.com" }, "geometry": { "type": "Point", "coordinates": [ 131.353138690346412, 33.999089624163531 ] } },
{ "type": "Feature", "properties": { "内容": "宅老所あじす喜楽苑　つどい【通所介護】山口市阿知須3257-34", "url": "https://www.kaigokensaku.mhlw.go.jp/35/index.php?action_kouhyou_detail_004_kani=true&JigyosyoCd=3570302582-00&ServiceCd=150&Type=search", "url2": null }, "geometry": { "type": "Point", "coordinates": [ 131.362981399999967, 34.0099078 ] } },
{ "type": "Feature", "properties": { "内容": "白松苑デイサービスセンター【通所介護】山口県山口市阿知須4167番地1", "url": "https://www.kaigokensaku.mhlw.go.jp/35/index.php?action_kouhyou_detail_004_kani=true&JigyosyoCd=3577600160-00&ServiceCd=150&Type=search", "url2": "http://www.hakusyoen.jp/" }, "geometry": { "type": "Point", "coordinates": [ 131.354207, 34.0143876 ] } },
{ "type": "Feature", "properties": { "内容": "あじす陽だまりの家デイサービス【通所介護】山口県山口市阿知須4724-1", "url": "https://www.kaigokensaku.mhlw.go.jp/35/index.php?action_kouhyou_detail_004_kani=true&JigyosyoCd=3570302426-00&ServiceCd=150&Type=search", "url2": null }, "geometry": { "type": "Point", "coordinates": [ 131.357306943130425, 34.008534150821625 ] } },
{ "type": "Feature", "properties": { "内容": "阿東園デイサービスセンター【通所介護】山口県山口市阿東地福下１０２８８番地１", "url": "https://www.kaigokensaku.mhlw.go.jp/35/index.php?action_kouhyou_detail_004_kani=true&JigyosyoCd=3578100152-00&ServiceCd=150&Type=search", "url2": "https://www.c-able.ne.jp/~atouen" }, "geometry": { "type": "Point", "coordinates": [ 131.6312193, 34.3439371 ] } },
{ "type": "Feature", "properties": { "内容": "ケアライフ小鯖デイサービスセンター【通所介護】山口県山口市下小鯖520", "url": "https://www.kaigokensaku.mhlw.go.jp/35/index.php?action_kouhyou_detail_004_kani=true&JigyosyoCd=3570302293-00&ServiceCd=150&Type=search", "url2": "http://carelife1165.web.fc2.com/index.html" }, "geometry": { "type": "Point", "coordinates": [ 131.524415580373528, 34.147836224528007 ] } },
{ "type": "Feature", "properties": { "内容": "デイサービスセンター四つ葉【通所介護】山口県山口市宮野下１１３８４－１", "url": "https://www.kaigokensaku.mhlw.go.jp/35/index.php?action_kouhyou_detail_004_kani=true&JigyosyoCd=3570302921-00&ServiceCd=150&Type=search", "url2": null }, "geometry": { "type": "Point", "coordinates": [ 131.50188859370121, 34.190387206987026 ] } },
{ "type": "Feature", "properties": { "内容": "一の坂デイサービスセンター【通所介護】山口市後河原23番地３", "url": "https://www.kaigokensaku.mhlw.go.jp/35/index.php?action_kouhyou_detail_004_kani=true&JigyosyoCd=3570301923-00&ServiceCd=150&Type=search", "url2": "http://www.kizuna-y.jp" }, "geometry": { "type": "Point", "coordinates": [ 131.475648699999965, 34.186287 ] } },
{ "type": "Feature", "properties": { "内容": "山口あかり園デイサービスセンター【通所介護】山口市黒川３３６３番地", "url": "https://www.kaigokensaku.mhlw.go.jp/35/index.php?action_kouhyou_detail_004_kani=true&JigyosyoCd=3570300362-00&ServiceCd=150&Type=search", "url2": "http:www.hakuaikai-yamaguchi.jp/" }, "geometry": { "type": "Point", "coordinates": [ 131.438716399999947, 34.1310547 ] } },
{ "type": "Feature", "properties": { "内容": "デイサービス双葉【通所介護】山口市佐山２７６８－１", "url": "https://www.kaigokensaku.mhlw.go.jp/35/index.php?action_kouhyou_detail_004_kani=true&JigyosyoCd=3570303325-00&ServiceCd=150&Type=search", "url2": null }, "geometry": { "type": "Point", "coordinates": [ 131.356242191723567, 34.033703854900331 ] } },
{ "type": "Feature", "properties": { "内容": "びーだまデイサービスセンター【通所介護】山口県山口市桜畠1丁目3-42", "url": "https://www.kaigokensaku.mhlw.go.jp/35/index.php?action_kouhyou_detail_004_kani=true&JigyosyoCd=3570303721-00&ServiceCd=150&Type=search", "url2": "http：//biidama.com" }, "geometry": { "type": "Point", "coordinates": [ 131.4964449, 34.1917593 ] } },
{ "type": "Feature", "properties": { "内容": "山口市秋穂デイサービスセンター【通所介護】山口市秋穂東３９９３番地", "url": "https://www.kaigokensaku.mhlw.go.jp/35/index.php?action_kouhyou_detail_004_kani=true&JigyosyoCd=3570303424-00&ServiceCd=150&Type=search", "url2": "http://www.hakuaikai-yamaguchi.jp/" }, "geometry": { "type": "Point", "coordinates": [ 131.444301, 34.0149959 ] } },
{ "type": "Feature", "properties": { "内容": "みんなのふるさと通所介護事業所【通所介護】小郡下郷1063-10", "url": "https://www.kaigokensaku.mhlw.go.jp/35/index.php?action_kouhyou_detail_004_kani=true&JigyosyoCd=3570303564-00&ServiceCd=150&Type=search", "url2": "https://www.minfuru555.jp/" }, "geometry": { "type": "Point", "coordinates": [ 131.40120362698363, 34.103795265107003 ] } },
{ "type": "Feature", "properties": { "内容": "ニチイケアセンター郷【通所介護】山口市小郡下郷2203-1", "url": "https://www.kaigokensaku.mhlw.go.jp/35/index.php?action_kouhyou_detail_004_kani=true&JigyosyoCd=3570302566-00&ServiceCd=150&Type=search", "url2": null }, "geometry": { "type": "Point", "coordinates": [ 131.390602199999989, 34.0991545 ] } },
{ "type": "Feature", "properties": { "内容": "福祉複合施設　ぬくもり山口【通所介護】山口県山口市小郡上郷字森下4188-2ぬくもり山口", "url": "https://www.kaigokensaku.mhlw.go.jp/35/index.php?action_kouhyou_detail_004_kani=true&JigyosyoCd=3570303192-00&ServiceCd=150&Type=search", "url2": "http://nehari-nukumori.com" }, "geometry": { "type": "Point", "coordinates": [ 131.407891899999981, 34.1127558 ] } },
{ "type": "Feature", "properties": { "内容": "ケアホーム小郡デイサービスセンター【通所介護】山口県山口市小郡新町２丁目１０番２１号", "url": "https://www.kaigokensaku.mhlw.go.jp/35/index.php?action_kouhyou_detail_004_kani=true&JigyosyoCd=3570302988-00&ServiceCd=150&Type=search", "url2": "https://care-net.biz/35/carehomeogoori" }, "geometry": { "type": "Point", "coordinates": [ 131.395870699999932, 34.1144694 ] } },
{ "type": "Feature", "properties": { "内容": "済生会山口地域ケアセンター居宅介護サービス複合施設にほ苑通所介護事業所【通所介護】山口市仁保中郷988-1", "url": "https://www.kaigokensaku.mhlw.go.jp/35/index.php?action_kouhyou_detail_004_kani=true&JigyosyoCd=3570301469-00&ServiceCd=150&Type=search", "url2": null }, "geometry": { "type": "Point", "coordinates": [ 131.559498399999939, 34.2098807 ] } },
{ "type": "Feature", "properties": { "内容": "デイサービスセンターおおうち【通所介護】山口県山口市大内千坊六丁目１１－２", "url": "https://www.kaigokensaku.mhlw.go.jp/35/index.php?action_kouhyou_detail_004_kani=true&JigyosyoCd=3570303036-00&ServiceCd=150&Type=search", "url2": "http://i-kenshinkai.com/" }, "geometry": { "type": "Point", "coordinates": [ 131.493564500000048, 34.1582146 ] } },
{ "type": "Feature", "properties": { "内容": "デイサービスセンター日日【通所介護】山口県山口市大内長野708－2", "url": "https://www.kaigokensaku.mhlw.go.jp/35/index.php?action_kouhyou_detail_004_kani=true&JigyosyoCd=3570303267-00&ServiceCd=150&Type=search", "url2": "https://tuna-gari.com" }, "geometry": { "type": "Point", "coordinates": [ 131.51493430000005, 34.166191900000022 ] } },
{ "type": "Feature", "properties": { "内容": "ケアライフ山口デイサービスセンター【通所介護】山口県山口市大内問田3-18-10ケアライフ山口", "url": "https://www.kaigokensaku.mhlw.go.jp/35/index.php?action_kouhyou_detail_004_kani=true&JigyosyoCd=3570303218-00&ServiceCd=150&Type=search", "url2": "https://bestlife1165.com/" }, "geometry": { "type": "Point", "coordinates": [ 131.484690100041689, 34.151128453389966 ] } },
{ "type": "Feature", "properties": { "内容": "デイサービスセンターしずく【通所介護】山口県山口市大内矢田北五丁目2番15号住宅型有料老人ホームReLifeしずく　内", "url": "https://www.kaigokensaku.mhlw.go.jp/35/index.php?action_kouhyou_detail_004_kani=true&JigyosyoCd=3570303499-00&ServiceCd=150&Type=search", "url2": "http://www.suiseikai.org" }, "geometry": { "type": "Point", "coordinates": [ 131.509871700000019, 34.1557973 ] } },
{ "type": "Feature", "properties": { "内容": "夢のみずうみ村　山口デイサービスセンター【通所介護】山口市中尾木乃７８７－１", "url": "https://www.kaigokensaku.mhlw.go.jp/35/index.php?action_kouhyou_detail_004_kani=true&JigyosyoCd=3570302061-00&ServiceCd=150&Type=search", "url2": "www.yumenomizuumi.com" }, "geometry": { "type": "Point", "coordinates": [ 131.430081400000063, 34.1888965 ] } },
{ "type": "Feature", "properties": { "内容": "山口市デイサービスセンター梅光苑【通所介護】山口県山口市鋳銭司12361-3山口市デイサービスセンター梅光苑", "url": "https://www.kaigokensaku.mhlw.go.jp/35/index.php?action_kouhyou_detail_004_kani=true&JigyosyoCd=3570300230-00&ServiceCd=150&Type=search", "url2": "http://www.aikawaiin.or.jp/baikouen/" }, "geometry": { "type": "Point", "coordinates": [ 131.4388367, 34.06665880000002 ] } },
{ "type": "Feature", "properties": { "内容": "済生会山口地域ケアセンター在宅複合型施設やすらぎデイサービスセンター朝倉【通所介護】山口市朝倉４－５５－６", "url": "https://www.kaigokensaku.mhlw.go.jp/35/index.php?action_kouhyou_detail_004_kani=true&JigyosyoCd=3570300289-00&ServiceCd=150&Type=search", "url2": "http://www.c-able.ne.jp/~saiyama/top2html" }, "geometry": { "type": "Point", "coordinates": [ 131.453462700000046, 34.1763789 ] } },
{ "type": "Feature", "properties": { "内容": "デイサービスアドバンス湯田【通所介護】山口県山口市湯田温泉１丁目１番７号", "url": "https://www.kaigokensaku.mhlw.go.jp/35/index.php?action_kouhyou_detail_004_kani=true&JigyosyoCd=3570303788-00&ServiceCd=150&Type=search", "url2": null }, "geometry": { "type": "Point", "coordinates": [ 131.4604273, 34.1658627 ] } },
{ "type": "Feature", "properties": { "内容": "デイサービス「マザーベル湯田温泉」【通所介護】湯田温泉4丁目3-15", "url": "https://www.kaigokensaku.mhlw.go.jp/35/index.php?action_kouhyou_detail_004_kani=true&JigyosyoCd=3570302624-00&ServiceCd=150&Type=search", "url2": null }, "geometry": { "type": "Point", "coordinates": [ 131.455208699999986, 34.1654645 ] } },
{ "type": "Feature", "properties": { "内容": "デイサービスセンター　むっちゃん方【通所介護】山口市徳地島地590-2", "url": "https://www.kaigokensaku.mhlw.go.jp/35/index.php?action_kouhyou_detail_004_kani=true&JigyosyoCd=3570301535-00&ServiceCd=150&Type=search", "url2": null }, "geometry": { "type": "Point", "coordinates": [ 131.69551690000003, 34.1646131 ] } },
{ "type": "Feature", "properties": { "内容": "とくぢ苑デイサービスセンター【通所介護】山口県山口市徳地八坂1330番地", "url": "https://www.kaigokensaku.mhlw.go.jp/35/index.php?action_kouhyou_detail_004_kani=true&JigyosyoCd=3577500071-00&ServiceCd=150&Type=search", "url2": "www.tokudien.jp" }, "geometry": { "type": "Point", "coordinates": [ 131.659968299999946, 34.2341075 ] } },
{ "type": "Feature", "properties": { "内容": "デイサービスおはな【通所介護】山口県山口市徳地堀1751", "url": "https://www.kaigokensaku.mhlw.go.jp/35/index.php?action_kouhyou_detail_004_kani=true&JigyosyoCd=3570301634-00&ServiceCd=150&Type=search", "url2": "http://おはな.com" }, "geometry": { "type": "Point", "coordinates": [ 131.655849667984029, 34.188346319418315 ] } },
{ "type": "Feature", "properties": { "内容": "ヨシヤデイサービス【通所介護】山口県山口市徳地堀3939番地1", "url": "https://www.kaigokensaku.mhlw.go.jp/35/index.php?action_kouhyou_detail_004_kani=true&JigyosyoCd=3570301972-00&ServiceCd=150&Type=search", "url2": null }, "geometry": { "type": "Point", "coordinates": [ 131.628726124763489, 34.177811890616077 ] } },
{ "type": "Feature", "properties": { "内容": "サンキ・ウエルビィ　デイサービスセンター山口【通所介護】山口県山口市平井1417-8マンション平川1F", "url": "https://www.kaigokensaku.mhlw.go.jp/35/index.php?action_kouhyou_detail_004_kani=true&JigyosyoCd=3570301493-00&ServiceCd=150&Type=search", "url2": null }, "geometry": { "type": "Point", "coordinates": [ 131.45965810000007, 34.1457623 ] } },
{ "type": "Feature", "properties": { "内容": "デイサービスふしの【通所介護】山口県山口市矢原町14-24", "url": "https://www.kaigokensaku.mhlw.go.jp/35/index.php?action_kouhyou_detail_004_kani=true&JigyosyoCd=3570303275-00&ServiceCd=150&Type=search", "url2": null }, "geometry": { "type": "Point", "coordinates": [ 131.452236942327886, 34.155015739172022 ] } },
{ "type": "Feature", "properties": { "内容": "デイサービスセンターさらら【通所介護】山口県山口市平井116-2有料老人ホームさらら", "url": "https://www.kaigokensaku.mhlw.go.jp/35/index.php?action_kouhyou_detail_004_kani=true&JigyosyoCd=3570302970-00&ServiceCd=150&Type=search", "url2": "http://www.ygnext.jp/" }, "geometry": { "type": "Point", "coordinates": [ 131.469817, 34.16255 ] } },
{ "type": "Feature", "properties": { "内容": "ハートホーム南山口デイサービスセンター【通所介護】山口県山口市深溝803-1", "url": "https://www.kaigokensaku.mhlw.go.jp/35/index.php?action_kouhyou_detail_004_kani=true&JigyosyoCd=3570300784-00&ServiceCd=150&Type=search", "url2": "http://www.seirankai.or.jp" }, "geometry": { "type": "Point", "coordinates": [ 131.36716320000005, 34.0515201 ] } },
{ "type": "Feature", "properties": { "内容": "ウェルネスセンター中央　デイトレセンター【通所介護】山口県山口市神田町1-42", "url": "https://www.kaigokensaku.mhlw.go.jp/35/index.php?action_kouhyou_detail_004_kani=true&JigyosyoCd=3570303812-00&ServiceCd=150&Type=search", "url2": "http://www.seirankai.or.jp" }, "geometry": { "type": "Point", "coordinates": [ 131.457304599999986, 34.1717333 ] } },
{ "type": "Feature", "properties": { "内容": "デイサービスひなた【通所介護】山口県山口市宮野下1395-7", "url": "https://www.kaigokensaku.mhlw.go.jp/35/index.php?action_kouhyou_detail_004_kani=true&JigyosyoCd=3570303283-00&ServiceCd=150&Type=search", "url2": "http://y-fukushi.com/" }, "geometry": { "type": "Point", "coordinates": [ 131.493531764341526, 34.185671157323561 ] } },
{ "type": "Feature", "properties": { "内容": "デイサービスセンター空音【通所介護】小郡下郷3358-3有料老人ホーム花音", "url": "https://www.kaigokensaku.mhlw.go.jp/35/index.php?action_kouhyou_detail_004_kani=true&JigyosyoCd=3570303549-00&ServiceCd=150&Type=search", "url2": "https://www.hananone-soraoto.com/" }, "geometry": { "type": "Point", "coordinates": [ 131.3879251, 34.0843035 ] } },
{ "type": "Feature", "properties": { "内容": "萩市無田ヶ原口デイサービスセンターおとずれ【通所介護】山口県萩市大字椿東3143-1", "url": "https://www.kaigokensaku.mhlw.go.jp/35/index.php?action_kouhyou_detail_004_kani=true&JigyosyoCd=3570400576-00&ServiceCd=150&Type=search", "url2": "http://www.hagi-kagayaki.or.jp/modules/tinyd2/index.php?id=28" }, "geometry": { "type": "Point", "coordinates": [ 131.4135364, 34.4223563 ] } },
{ "type": "Feature", "properties": { "内容": "ラウレアたまがわ【通所介護】山口県萩市大字下田万字袴田2412-1なし", "url": "https://www.kaigokensaku.mhlw.go.jp/35/index.php?action_kouhyou_detail_004_kani=true&JigyosyoCd=3570400766-00&ServiceCd=150&Type=search", "url2": "：http:/hp.kaipoke.biz/und/" }, "geometry": { "type": "Point", "coordinates": [ 131.667166326620418, 34.642769832262324 ] } },
{ "type": "Feature", "properties": { "内容": "ケアサポートいわみ株式会社　デイサービスセンターのどか【通所介護】大字下田万字袴田２４１７－１デイサービスセンター　のどか", "url": "https://www.kaigokensaku.mhlw.go.jp/35/index.php?action_kouhyou_detail_004_kani=true&JigyosyoCd=3570400840-00&ServiceCd=150&Type=search", "url2": "http://www.care-iwami.jp/" }, "geometry": { "type": "Point", "coordinates": [ 138.945145899999943, 34.6796171 ] } },
{ "type": "Feature", "properties": { "内容": "医療法人社団　裕嵩会波多野医院タンポポ【通所介護】萩市大字堀内247番地5", "url": "https://www.kaigokensaku.mhlw.go.jp/35/index.php?action_kouhyou_detail_004_kani=true&JigyosyoCd=3570400535-00&ServiceCd=150&Type=search", "url2": null }, "geometry": { "type": "Point", "coordinates": [ 131.389216336770659, 34.413436369966647 ] } },
{ "type": "Feature", "properties": { "内容": "グッドタイム・グランドハギ【通所介護】山口県萩市古萩町25番地", "url": "https://www.kaigokensaku.mhlw.go.jp/35/index.php?action_kouhyou_detail_004_kani=true&JigyosyoCd=3570400899-00&ServiceCd=150&Type=search", "url2": "http://www.souseikai.or.jp" }, "geometry": { "type": "Point", "coordinates": [ 131.4042481, 34.4161049 ] } },
{ "type": "Feature", "properties": { "内容": "田町診療所　デイサービスセンター　暖家【通所介護】萩市大字下五間町49番地", "url": "https://www.kaigokensaku.mhlw.go.jp/35/index.php?action_kouhyou_detail_004_kani=true&JigyosyoCd=3570400469-00&ServiceCd=150&Type=search", "url2": "http://www.tamachi.net/" }, "geometry": { "type": "Point", "coordinates": [ 131.401294733660166, 34.413751278757218 ] } },
{ "type": "Feature", "properties": { "内容": "萩市デイサービスセンターさんみ苑【通所介護】山口県萩市三見3852番地1", "url": "https://www.kaigokensaku.mhlw.go.jp/35/index.php?action_kouhyou_detail_004_kani=true&JigyosyoCd=3570400428-00&ServiceCd=150&Type=search", "url2": "http://www.futaba-hagi.jp/sanmi_02/menu_02.html" }, "geometry": { "type": "Point", "coordinates": [ 131.329748099999961, 34.392988 ] } },
{ "type": "Feature", "properties": { "内容": "阿北苑デイサービスセンター【通所介護】山口県萩市大字上小川東分1406番地", "url": "https://www.kaigokensaku.mhlw.go.jp/35/index.php?action_kouhyou_detail_004_kani=true&JigyosyoCd=3578100293-00&ServiceCd=150&Type=search", "url2": "http://www.ahoku.or.jp/" }, "geometry": { "type": "Point", "coordinates": [ 131.671739500000058, 34.5894553 ] } },
{ "type": "Feature", "properties": { "内容": "すさ苑デイサービスセンター【通所介護】萩市大字須佐1378-1", "url": "https://www.kaigokensaku.mhlw.go.jp/35/index.php?action_kouhyou_detail_004_kani=true&JigyosyoCd=3578100160-00&ServiceCd=150&Type=search", "url2": null }, "geometry": { "type": "Point", "coordinates": [ 131.607869, 34.6128762 ] } },
{ "type": "Feature", "properties": { "内容": "デイサービスセンターオアシスはぎ園【通所介護】山口県萩市大井1689番地13", "url": "https://www.kaigokensaku.mhlw.go.jp/35/index.php?action_kouhyou_detail_004_kani=true&JigyosyoCd=3570400253-00&ServiceCd=150&Type=search", "url2": "https://jigyodan-yg.jp/hagien/publics/inndex/18/" }, "geometry": { "type": "Point", "coordinates": [ 131.445040899475089, 34.473755816898915 ] } },
{ "type": "Feature", "properties": { "内容": "JAデイサービス萩【通所介護】山口県萩市大字椿3032番地", "url": "https://www.kaigokensaku.mhlw.go.jp/35/index.php?action_kouhyou_detail_004_kani=true&JigyosyoCd=3570400949-00&ServiceCd=150&Type=search", "url2": null }, "geometry": { "type": "Point", "coordinates": [ 131.4010854, 34.3980496 ] } },
{ "type": "Feature", "properties": { "内容": "萩市デイサービスセンターかがやき【通所介護】萩市大字椿字門田3460-2", "url": "https://www.kaigokensaku.mhlw.go.jp/35/index.php?action_kouhyou_detail_004_kani=true&JigyosyoCd=3570400386-00&ServiceCd=150&Type=search", "url2": "http://hagi-kagayaki.or.jp/" }, "geometry": { "type": "Point", "coordinates": [ 131.394112084486324, 34.397572522008502 ] } },
{ "type": "Feature", "properties": { "内容": "萩市中津江デイサービスセンターなごみ【通所介護】山口県萩市大字椿東315番地6", "url": "https://www.kaigokensaku.mhlw.go.jp/35/index.php?action_kouhyou_detail_004_kani=true&JigyosyoCd=3570400394-00&ServiceCd=150&Type=search", "url2": "http://www.hagi-kagayaki.or.jp/" }, "geometry": { "type": "Point", "coordinates": [ 131.416066688360615, 34.394962873479955 ] } },
{ "type": "Feature", "properties": { "内容": "デイサービスセンター椿の郷【通所介護】萩市大字椿東6030-13有料老人ホーム「椿の郷」内", "url": "https://www.kaigokensaku.mhlw.go.jp/35/index.php?action_kouhyou_detail_004_kani=true&JigyosyoCd=3570400709-00&ServiceCd=150&Type=search", "url2": "http://www.mizunoki.jp/index.html" }, "geometry": { "type": "Point", "coordinates": [ 131.42198124841002, 34.439934659004301 ] } },
{ "type": "Feature", "properties": { "内容": "かしまリハビリステーション【通所介護】山口県萩市大字唐樋町20-3", "url": "https://www.kaigokensaku.mhlw.go.jp/35/index.php?action_kouhyou_detail_004_kani=true&JigyosyoCd=3570400873-00&ServiceCd=150&Type=search", "url2": null }, "geometry": { "type": "Point", "coordinates": [ 131.402656134072714, 34.410170799570643 ] } },
{ "type": "Feature", "properties": { "内容": "萩市須佐デイサービスセンターやまびこ【通所介護】萩市大字弥富下3998番地", "url": "https://www.kaigokensaku.mhlw.go.jp/35/index.php?action_kouhyou_detail_004_kani=true&JigyosyoCd=3570400329-00&ServiceCd=150&Type=search", "url2": "http://hagi-kagayaki.or.jp" }, "geometry": { "type": "Point", "coordinates": [ 131.641873499999946, 34.5474821 ] } },
{ "type": "Feature", "properties": { "内容": "むつみ園デイサービスセンター【通所介護】山口県萩市大字吉部上3301-1", "url": "https://www.kaigokensaku.mhlw.go.jp/35/index.php?action_kouhyou_detail_004_kani=true&JigyosyoCd=3578100251-00&ServiceCd=150&Type=search", "url2": "http://siukai.jp/" }, "geometry": { "type": "Point", "coordinates": [ 131.57447, 34.4374346 ] } },
{ "type": "Feature", "properties": { "内容": "生活処　遊夢庵【通所介護】山口県防府市中央町6-30", "url": "https://www.kaigokensaku.mhlw.go.jp/35/index.php?action_kouhyou_detail_004_kani=true&JigyosyoCd=3570600894-00&ServiceCd=150&Type=search", "url2": null }, "geometry": { "type": "Point", "coordinates": [ 131.5683285, 34.0500407 ] } },
{ "type": "Feature", "properties": { "内容": "デイサービスきたえるーむ防府中央【通所介護】山口県防府市東三田尻1丁目1-1", "url": "https://www.kaigokensaku.mhlw.go.jp/35/index.php?action_kouhyou_detail_004_kani=true&JigyosyoCd=3570602213-00&ServiceCd=150&Type=search", "url2": null }, "geometry": { "type": "Point", "coordinates": [ 131.574643, 34.0492284 ] } },
{ "type": "Feature", "properties": { "内容": "ヘスティア華城機能訓練デイサービスセンター【通所介護】山口県防府市大字伊佐江1569番1", "url": "https://www.kaigokensaku.mhlw.go.jp/35/index.php?action_kouhyou_detail_004_kani=true&JigyosyoCd=3570602494-00&ServiceCd=150&Type=search", "url2": "http://kaseikai.com/" }, "geometry": { "type": "Point", "coordinates": [ 131.544131, 34.040622 ] } },
{ "type": "Feature", "properties": { "内容": "デイサービスきたえるーむ防府北【通所介護】山口県防府市国衙5丁目11-6", "url": "https://www.kaigokensaku.mhlw.go.jp/35/index.php?action_kouhyou_detail_004_kani=true&JigyosyoCd=3570602221-00&ServiceCd=150&Type=search", "url2": null }, "geometry": { "type": "Point", "coordinates": [ 131.589931900000011, 34.0551852 ] } },
{ "type": "Feature", "properties": { "内容": "障害福祉サービスあゆみの里【通所介護】浜方169-1", "url": "https://www.kaigokensaku.mhlw.go.jp/35/index.php?action_kouhyou_detail_004_kani=true&JigyosyoCd=3570602528-00&ServiceCd=150&Type=search", "url2": null }, "geometry": { "type": "Point", "coordinates": [ 131.568877018261276, 34.020982162422769 ] } },
{ "type": "Feature", "properties": { "内容": "グリーンライフ防府沖今宿デイサービスセンター【通所介護】山口県防府市沖今宿一丁目18番20号", "url": "https://www.kaigokensaku.mhlw.go.jp/35/index.php?action_kouhyou_detail_004_kani=true&JigyosyoCd=3570602627-00&ServiceCd=150&Type=search", "url2": "https://www.greenlife-inc.co.jp/" }, "geometry": { "type": "Point", "coordinates": [ 131.59945110000001, 34.0487465 ] } },
{ "type": "Feature", "properties": { "内容": "グリーンライフ防府江泊デイサービスセンター【通所介護】山口県防府市江泊1987－143", "url": "https://www.kaigokensaku.mhlw.go.jp/35/index.php?action_kouhyou_detail_004_kani=true&JigyosyoCd=3570602635-00&ServiceCd=150&Type=search", "url2": "https://www.greenlife-inc.co.jp/" }, "geometry": { "type": "Point", "coordinates": [ 131.6056123, 34.0485519 ] } },
{ "type": "Feature", "properties": { "内容": "ヘスティア華城　デイサービスセンター【通所介護】防府市大字伊佐江１０３９番地の１", "url": "https://www.kaigokensaku.mhlw.go.jp/35/index.php?action_kouhyou_detail_004_kani=true&JigyosyoCd=3570600340-00&ServiceCd=150&Type=search", "url2": "http://care-net.biz/35/kaseikai/idex.html" }, "geometry": { "type": "Point", "coordinates": [ 131.5441558, 34.0395198 ] } },
{ "type": "Feature", "properties": { "内容": "ケアライフ防府デイサービスセンター【通所介護】山口県防府市大字下右田797-1ケアライフ防府", "url": "https://www.kaigokensaku.mhlw.go.jp/35/index.php?action_kouhyou_detail_004_kani=true&JigyosyoCd=3570601884-00&ServiceCd=150&Type=search", "url2": "http://www.bestlife1165.com/" }, "geometry": { "type": "Point", "coordinates": [ 131.56172289999995, 34.070873800000015 ] } },
{ "type": "Feature", "properties": { "内容": "デイサービスセンターフィラージュ開出【通所介護】山口県防府市開出西町32-8", "url": "https://www.kaigokensaku.mhlw.go.jp/35/index.php?action_kouhyou_detail_004_kani=true&JigyosyoCd=3570602007-00&ServiceCd=150&Type=search", "url2": "http://hitotsunokai.jp/" }, "geometry": { "type": "Point", "coordinates": [ 131.542472299999986, 34.0511848 ] } },
{ "type": "Feature", "properties": { "内容": "デイサービス円笑【通所介護】山口県防府市岸津２丁目14-50", "url": "https://www.kaigokensaku.mhlw.go.jp/35/index.php?action_kouhyou_detail_004_kani=true&JigyosyoCd=3570601876-00&ServiceCd=150&Type=search", "url2": null }, "geometry": { "type": "Point", "coordinates": [ 131.596249, 34.0512508 ] } },
{ "type": "Feature", "properties": { "内容": "岸津苑デイサービスセンター【通所介護】山口県防府市岸津二丁目２４番２０号", "url": "https://www.kaigokensaku.mhlw.go.jp/35/index.php?action_kouhyou_detail_004_kani=true&JigyosyoCd=3570600175-00&ServiceCd=150&Type=search", "url2": "http://www.shuyou.jp/" }, "geometry": { "type": "Point", "coordinates": [ 131.593274306082094, 34.049869398168077 ] } },
{ "type": "Feature", "properties": { "内容": "なごみ処しゅしゅ【通所介護】防府市警固町１丁目１４－４０", "url": "https://www.kaigokensaku.mhlw.go.jp/35/index.php?action_kouhyou_detail_004_kani=true&JigyosyoCd=3570602262-00&ServiceCd=150&Type=search", "url2": "https://hofucare.jp/" }, "geometry": { "type": "Point", "coordinates": [ 131.5802387, 34.0482688 ] } },
{ "type": "Feature", "properties": { "内容": "株式会社ピーエー　デイサービスセンターゆうの風三田尻【通所介護】山口県防府市警固町一丁目6番42号", "url": "https://www.kaigokensaku.mhlw.go.jp/35/index.php?action_kouhyou_detail_004_kani=true&JigyosyoCd=3570601330-00&ServiceCd=150&Type=search", "url2": "http://care-net.biz/35/younokaze/" }, "geometry": { "type": "Point", "coordinates": [ 131.579405400000041, 34.0504823 ] } },
{ "type": "Feature", "properties": { "内容": "デイサービスセンターおおひらの里【通所介護】山口県防府市大字江泊１７９０番地デイサービスセンター　おおひらの里", "url": "https://www.kaigokensaku.mhlw.go.jp/35/index.php?action_kouhyou_detail_004_kani=true&JigyosyoCd=3570601553-00&ServiceCd=150&Type=search", "url2": "http://www.akatsukikai.com/" }, "geometry": { "type": "Point", "coordinates": [ 131.606209957672149, 34.055017232325838 ] } },
{ "type": "Feature", "properties": { "内容": "デイサービスセンター　ふじ防府【通所介護】防府市高倉1丁目　１４－１", "url": "https://www.kaigokensaku.mhlw.go.jp/35/index.php?action_kouhyou_detail_004_kani=true&JigyosyoCd=3570601017-00&ServiceCd=150&Type=search", "url2": "http://www.fujicare.jp/" }, "geometry": { "type": "Point", "coordinates": [ 131.557740299999978, 34.054881699999989 ] } },
{ "type": "Feature", "properties": { "内容": "デイサービスふうき【通所介護】山口県防府市国分寺町5番29号", "url": "https://www.kaigokensaku.mhlw.go.jp/35/index.php?action_kouhyou_detail_004_kani=true&JigyosyoCd=3570602361-00&ServiceCd=150&Type=search", "url2": "http://hp.kaipoke.biz/0a3/" }, "geometry": { "type": "Point", "coordinates": [ 131.579605300000026, 34.0643275 ] } },
{ "type": "Feature", "properties": { "内容": "ツクイ防府東【通所介護】山口県防府市国衙３丁目4-41", "url": "https://www.kaigokensaku.mhlw.go.jp/35/index.php?action_kouhyou_detail_004_kani=true&JigyosyoCd=3570602460-00&ServiceCd=150&Type=search", "url2": "https://www.tsukui.net" }, "geometry": { "type": "Point", "coordinates": [ 131.588274500000011, 34.0558496 ] } },
{ "type": "Feature", "properties": { "内容": "デイサービスセンター　たまのや【通所介護】山口県防府市大字佐野152-1", "url": "https://www.kaigokensaku.mhlw.go.jp/35/index.php?action_kouhyou_detail_004_kani=true&JigyosyoCd=3570600837-00&ServiceCd=150&Type=search", "url2": "http://hitotsunokai.jp/" }, "geometry": { "type": "Point", "coordinates": [ 131.529056699999956, 34.0574838 ] } },
{ "type": "Feature", "properties": { "内容": "宅粋庵デイサービスセンター【通所介護】防府市勝間2丁目10-30", "url": "https://www.kaigokensaku.mhlw.go.jp/35/index.php?action_kouhyou_detail_004_kani=true&JigyosyoCd=3570601926-00&ServiceCd=150&Type=search", "url2": null }, "geometry": { "type": "Point", "coordinates": [ 131.58543114738805, 34.048101682270392 ] } },
{ "type": "Feature", "properties": { "内容": "ライフケア高砂デイサービスセンター【通所介護】山口県防府市大字上右田３３４", "url": "https://www.kaigokensaku.mhlw.go.jp/35/index.php?action_kouhyou_detail_004_kani=true&JigyosyoCd=3570600266-00&ServiceCd=150&Type=search", "url2": "life-care-takasago.jp" }, "geometry": { "type": "Point", "coordinates": [ 131.5808677, 34.0951633 ] } },
{ "type": "Feature", "properties": { "内容": "ポシブル防府【通所介護】防府市大字新田818-3", "url": "https://www.kaigokensaku.mhlw.go.jp/35/index.php?action_kouhyou_detail_004_kani=true&JigyosyoCd=3570601967-00&ServiceCd=150&Type=search", "url2": "https://actlight.org/" }, "geometry": { "type": "Point", "coordinates": [ 131.564361837637307, 34.030094670035581 ] } },
{ "type": "Feature", "properties": { "内容": "デイサービスセンター新田の楽さん家【通所介護】防府市新田966-1", "url": "https://www.kaigokensaku.mhlw.go.jp/35/index.php?action_kouhyou_detail_004_kani=true&JigyosyoCd=3570601124-00&ServiceCd=150&Type=search", "url2": "http://www.c-able.ne.jp/~s-raku/" }, "geometry": { "type": "Point", "coordinates": [ 131.565998700000023, 34.0283269 ] } },
{ "type": "Feature", "properties": { "内容": "渚デイサービス【通所介護】山口県防府市西浦2367-12", "url": "https://www.kaigokensaku.mhlw.go.jp/35/index.php?action_kouhyou_detail_004_kani=true&JigyosyoCd=3570302038-00&ServiceCd=150&Type=search", "url2": null }, "geometry": { "type": "Point", "coordinates": [ 131.515349830024746, 34.012844118470603 ] } },
{ "type": "Feature", "properties": { "内容": "風の丘デイサービス【通所介護】防府市大字西浦2367-65", "url": "https://www.kaigokensaku.mhlw.go.jp/35/index.php?action_kouhyou_detail_004_kani=true&JigyosyoCd=3570601660-00&ServiceCd=150&Type=search", "url2": null }, "geometry": { "type": "Point", "coordinates": [ 131.516875569450349, 34.013274141925194 ] } },
{ "type": "Feature", "properties": { "内容": "夢のみずうみ村　防府デイサービスセンター【通所介護】防府市大字西浦2429-1", "url": "https://www.kaigokensaku.mhlw.go.jp/35/index.php?action_kouhyou_detail_004_kani=true&JigyosyoCd=3570601025-00&ServiceCd=150&Type=search", "url2": "http://www.yumenomizuumi.com/" }, "geometry": { "type": "Point", "coordinates": [ 131.510484799999972, 34.0099966 ] } },
{ "type": "Feature", "properties": { "内容": "デイサービス　ワンエフ【通所介護】山口県防府市石が口1丁目3番42号", "url": "https://www.kaigokensaku.mhlw.go.jp/35/index.php?action_kouhyou_detail_004_kani=true&JigyosyoCd=3570600662-00&ServiceCd=150&Type=search", "url2": "https://onefweb.wixsite.com/my-site" }, "geometry": { "type": "Point", "coordinates": [ 131.564209669975298, 34.044095530039286 ] } },
{ "type": "Feature", "properties": { "内容": "ＮＰＯさわやか中西【通所介護】防府市中西29-7", "url": "https://www.kaigokensaku.mhlw.go.jp/35/index.php?action_kouhyou_detail_004_kani=true&JigyosyoCd=3570601579-00&ServiceCd=150&Type=search", "url2": "https://www.sawayakahofu.com" }, "geometry": { "type": "Point", "coordinates": [ 131.604244200000039, 34.0616207 ] } },
{ "type": "Feature", "properties": { "内容": "acotデイサービスセンター【通所介護】山口県防府市田島1943-4ACOT", "url": "https://www.kaigokensaku.mhlw.go.jp/35/index.php?action_kouhyou_detail_004_kani=true&JigyosyoCd=3570602452-00&ServiceCd=150&Type=search", "url2": "www.lcraft-kabushikigaisya.com" }, "geometry": { "type": "Point", "coordinates": [ 131.540248464383325, 34.028383452415625 ] } },
{ "type": "Feature", "properties": { "内容": "デイサービスセンター元気の里２号館【通所介護】山口県防府市大字田島６７４番地の１２", "url": "https://www.kaigokensaku.mhlw.go.jp/35/index.php?action_kouhyou_detail_004_kani=true&JigyosyoCd=3570601611-00&ServiceCd=150&Type=search", "url2": "https://www.soubi-genkinosato12.com/" }, "geometry": { "type": "Point", "coordinates": [ 131.5579272, 34.0261187 ] } },
{ "type": "Feature", "properties": { "内容": "デイサービスセンター元気の里【通所介護】山口県防府市大字田島６７４－５", "url": "https://www.kaigokensaku.mhlw.go.jp/35/index.php?action_kouhyou_detail_004_kani=true&JigyosyoCd=3570601348-00&ServiceCd=150&Type=search", "url2": "https://www.soubi-genkinosato12.com/" }, "geometry": { "type": "Point", "coordinates": [ 131.5579272, 34.0261187 ] } },
{ "type": "Feature", "properties": { "内容": "サンキ・ウエルビィデイサービスセンター防府【通所介護】山口県防府市八王子二丁目８－８ゆめタウン防府　３階", "url": "https://www.kaigokensaku.mhlw.go.jp/35/index.php?action_kouhyou_detail_004_kani=true&JigyosyoCd=3570601223-00&ServiceCd=150&Type=search", "url2": null }, "geometry": { "type": "Point", "coordinates": [ 131.568624821426425, 34.058578045588739 ] } },
{ "type": "Feature", "properties": { "内容": "古民家デイサービスとのみ【通所介護】山口県防府市大字富海2519", "url": "https://www.kaigokensaku.mhlw.go.jp/35/index.php?action_kouhyou_detail_004_kani=true&JigyosyoCd=3570601991-00&ServiceCd=150&Type=search", "url2": null }, "geometry": { "type": "Point", "coordinates": [ 131.64124860000004, 34.0478096 ] } },
{ "type": "Feature", "properties": { "内容": "デイサービスセンターさわやか防府【通所介護】防府市牟礼今宿１丁目２１－２７", "url": "https://www.kaigokensaku.mhlw.go.jp/35/index.php?action_kouhyou_detail_004_kani=true&JigyosyoCd=3570601157-00&ServiceCd=150&Type=search", "url2": "https://www.sawayakahofu.com" }, "geometry": { "type": "Point", "coordinates": [ 131.600355900000068, 34.053941922714564 ] } },
{ "type": "Feature", "properties": { "内容": "デイサービスそよ風【通所介護】山口県防府市牟礼柳20番ー1号", "url": "https://www.kaigokensaku.mhlw.go.jp/35/index.php?action_kouhyou_detail_004_kani=true&JigyosyoCd=3570602379-00&ServiceCd=150&Type=search", "url2": "http://k-houyuukai.com" }, "geometry": { "type": "Point", "coordinates": [ 131.602584899999982, 34.056260099999982 ] } },
{ "type": "Feature", "properties": { "内容": "デイサービスあおば【通所介護】山口県防府市牟礼柳20番－1号", "url": "https://www.kaigokensaku.mhlw.go.jp/35/index.php?action_kouhyou_detail_004_kani=true&JigyosyoCd=3570602536-00&ServiceCd=150&Type=search", "url2": null }, "geometry": { "type": "Point", "coordinates": [ 131.602935800000012, 34.0562236 ] } },
{ "type": "Feature", "properties": { "内容": "医療法人康淳会ナーシングホーム緑町通所介護【通所介護】山口県防府市緑町1丁目7番61号", "url": "https://www.kaigokensaku.mhlw.go.jp/35/index.php?action_kouhyou_detail_004_kani=true&JigyosyoCd=3570601538-00&ServiceCd=150&Type=search", "url2": "https://nursing-home.jp" }, "geometry": { "type": "Point", "coordinates": [ 131.577977700000019, 34.0546595 ] } },
{ "type": "Feature", "properties": { "内容": "防府あかり園デイサービスセンター【通所介護】防府市大字台道1671番地", "url": "https://www.kaigokensaku.mhlw.go.jp/35/index.php?action_kouhyou_detail_004_kani=true&JigyosyoCd=3570600142-00&ServiceCd=150&Type=search", "url2": null }, "geometry": { "type": "Point", "coordinates": [ 131.492720700000064, 34.0690156 ] } },
{ "type": "Feature", "properties": { "内容": "ケアパートナー防府【通所介護】防府市本橋町１７番１６号ポラリス1Ｆ", "url": "https://www.kaigokensaku.mhlw.go.jp/35/index.php?action_kouhyou_detail_004_kani=true&JigyosyoCd=3570601041-00&ServiceCd=150&Type=search", "url2": "http://www.care-partner.com/" }, "geometry": { "type": "Point", "coordinates": [ 131.566186600000037, 34.0674548 ] } },
{ "type": "Feature", "properties": { "内容": "デイサービスセンター　ブリスケア【通所介護】下松市望町一丁目１１番２８号", "url": "https://www.kaigokensaku.mhlw.go.jp/35/index.php?action_kouhyou_detail_004_kani=true&JigyosyoCd=3570700702-00&ServiceCd=150&Type=search", "url2": null }, "geometry": { "type": "Point", "coordinates": [ 131.861020300000064, 34.0280701 ] } },
{ "type": "Feature", "properties": { "内容": "デイサービス優【通所介護】せせらぎ町3丁目3-22", "url": "https://www.kaigokensaku.mhlw.go.jp/35/index.php?action_kouhyou_detail_004_kani=true&JigyosyoCd=3570701247-00&ServiceCd=150&Type=search", "url2": null }, "geometry": { "type": "Point", "coordinates": [ 131.860876599999983, 34.018675600000037 ] } },
{ "type": "Feature", "properties": { "内容": "グレイシア下松デイサービスセンター【通所介護】山口県下松市中島町二丁目１番５０号", "url": "https://www.kaigokensaku.mhlw.go.jp/35/index.php?action_kouhyou_detail_004_kani=true&JigyosyoCd=3570701270-00&ServiceCd=150&Type=search", "url2": null }, "geometry": { "type": "Point", "coordinates": [ 131.8603872, 34.0113553 ] } },
{ "type": "Feature", "properties": { "内容": "ニチイケアセンター下松【通所介護】下松市せせらぎ町1丁目2-31", "url": "https://www.kaigokensaku.mhlw.go.jp/35/index.php?action_kouhyou_detail_004_kani=true&JigyosyoCd=3570700454-00&ServiceCd=150&Type=search", "url2": "http://www.nichiigakkan.co.jp" }, "geometry": { "type": "Point", "coordinates": [ 131.860723499999949, 34.0162379 ] } },
{ "type": "Feature", "properties": { "内容": "山口県下松市大字笠戸島100３２－３８【通所介護】山口県下松市大字笠戸島10032-38笠戸島福祉介護センター", "url": "https://www.kaigokensaku.mhlw.go.jp/35/index.php?action_kouhyou_detail_004_kani=true&JigyosyoCd=3570701155-00&ServiceCd=150&Type=search", "url2": null }, "geometry": { "type": "Point", "coordinates": [ 131.851144699999963, 33.951995 ] } },
{ "type": "Feature", "properties": { "内容": "来歩リハビリステージ【通所介護】山口県下松市古川町4-5-7", "url": "https://www.kaigokensaku.mhlw.go.jp/35/index.php?action_kouhyou_detail_004_kani=true&JigyosyoCd=3570700579-00&ServiceCd=150&Type=search", "url2": "http://sogoreha.info/" }, "geometry": { "type": "Point", "coordinates": [ 131.871250002191118, 34.006253809428358 ] } },
{ "type": "Feature", "properties": { "内容": "さくら苑デイサービスセンター【通所介護】下松市瑞穂町2丁目21番1号", "url": "https://www.kaigokensaku.mhlw.go.jp/35/index.php?action_kouhyou_detail_004_kani=true&JigyosyoCd=3570700264-00&ServiceCd=150&Type=search", "url2": "https://www.abe-medicare.jp/" }, "geometry": { "type": "Point", "coordinates": [ 131.851790700000038, 34.0237453 ] } },
{ "type": "Feature", "properties": { "内容": "ほしのさとデイサービスセンター【通所介護】下松市生野屋南１－１３－１", "url": "https://www.kaigokensaku.mhlw.go.jp/35/index.php?action_kouhyou_detail_004_kani=true&JigyosyoCd=3570700124-00&ServiceCd=150&Type=search", "url2": "http://hoshiosato.strikingly.com/" }, "geometry": { "type": "Point", "coordinates": [ 131.87411910000003, 34.0314425 ] } },
{ "type": "Feature", "properties": { "内容": "ＪＡデイサービス　生野屋【通所介護】山口県下松市生野屋南3丁目8番3号", "url": "https://www.kaigokensaku.mhlw.go.jp/35/index.php?action_kouhyou_detail_004_kani=true&JigyosyoCd=3570701007-00&ServiceCd=150&Type=search", "url2": "http://www.jp-syunan.or.jp" }, "geometry": { "type": "Point", "coordinates": [ 131.893853300000046, 34.0354121 ] } },
{ "type": "Feature", "properties": { "内容": "多機能型事業所来歩【通所介護】山口県下松市西柳三丁目4番27号", "url": "https://www.kaigokensaku.mhlw.go.jp/35/index.php?action_kouhyou_detail_004_kani=true&JigyosyoCd=3570701197-00&ServiceCd=150&Type=search", "url2": "https://sogoreha.info/" }, "geometry": { "type": "Point", "coordinates": [ 131.863420499999961, 34.0145437 ] } },
{ "type": "Feature", "properties": { "内容": "JAデイサービス久保【通所介護】山口県下松市大字河内７３５番地", "url": "https://www.kaigokensaku.mhlw.go.jp/35/index.php?action_kouhyou_detail_004_kani=true&JigyosyoCd=3570701015-00&ServiceCd=150&Type=search", "url2": "http://www.ja-syunan" }, "geometry": { "type": "Point", "coordinates": [ 131.907815869935234, 34.028993943668929 ] } },
{ "type": "Feature", "properties": { "内容": "デイサービスセンター　いこい【通所介護】山口県下松市大手町２－１０－２９下松市NTTビル１階", "url": "https://www.kaigokensaku.mhlw.go.jp/35/index.php?action_kouhyou_detail_004_kani=true&JigyosyoCd=3570700967-00&ServiceCd=150&Type=search", "url2": null }, "geometry": { "type": "Point", "coordinates": [ 131.867656300000021, 34.0125995 ] } },
{ "type": "Feature", "properties": { "内容": "デイサービスセンター　ねがい星【通所介護】下松市東陽6-1-1サービス付き高齢者向け住宅ねがい星", "url": "https://www.kaigokensaku.mhlw.go.jp/35/index.php?action_kouhyou_detail_004_kani=true&JigyosyoCd=3570700827-00&ServiceCd=150&Type=search", "url2": null }, "geometry": { "type": "Point", "coordinates": [ 131.914096, 34.0321825 ] } },
{ "type": "Feature", "properties": { "内容": "松寿苑デイサ－ビスセンタ－【通所介護】下松市大字来巻９４４番地の１", "url": "https://www.kaigokensaku.mhlw.go.jp/35/index.php?action_kouhyou_detail_004_kani=true&JigyosyoCd=3570700082-00&ServiceCd=150&Type=search", "url2": "http://www.syojuen.com" }, "geometry": { "type": "Point", "coordinates": [ 131.930286600000045, 34.0238309 ] } },
{ "type": "Feature", "properties": { "内容": "デイサービス　マル【通所介護】下松市大字来巻９５１番地３", "url": "https://www.kaigokensaku.mhlw.go.jp/35/index.php?action_kouhyou_detail_004_kani=true&JigyosyoCd=3570700793-00&ServiceCd=150&Type=search", "url2": null }, "geometry": { "type": "Point", "coordinates": [ 131.929859699999952, 34.0230044 ] } },
{ "type": "Feature", "properties": { "内容": "えむデイサービス【通所介護】下松市古川町１－１－５", "url": "https://www.kaigokensaku.mhlw.go.jp/35/index.php?action_kouhyou_detail_004_kani=true&JigyosyoCd=3570701254-00&ServiceCd=150&Type=search", "url2": null }, "geometry": { "type": "Point", "coordinates": [ 131.869710700000013, 34.0085447 ] } },
{ "type": "Feature", "properties": { "内容": "のんびり村花岡デイサービスセンター【通所介護】下松市末武上久保田1800-1", "url": "https://www.kaigokensaku.mhlw.go.jp/35/index.php?action_kouhyou_detail_004_kani=true&JigyosyoCd=3570700868-00&ServiceCd=150&Type=search", "url2": "http://www.homecare-yamaguchi.co.jp/" }, "geometry": { "type": "Point", "coordinates": [ 131.870239068647834, 34.036128252185726 ] } },
{ "type": "Feature", "properties": { "内容": "生活リハビリセンター友・遊【通所介護】下松市大字河内中戸原１８９７番地", "url": "https://www.kaigokensaku.mhlw.go.jp/35/index.php?action_kouhyou_detail_004_kani=true&JigyosyoCd=3570700371-00&ServiceCd=150&Type=search", "url2": null }, "geometry": { "type": "Point", "coordinates": [ 131.8874098, 34.021277130952122 ] } },
{ "type": "Feature", "properties": { "内容": "プレストガーデン瑞穂デイサービスセンター【通所介護】山口県下松市瑞穂町4丁目16－16", "url": "https://www.kaigokensaku.mhlw.go.jp/35/index.php?action_kouhyou_detail_004_kani=true&JigyosyoCd=3570701338-00&ServiceCd=150&Type=search", "url2": null }, "geometry": { "type": "Point", "coordinates": [ 131.84666, 34.0253448 ] } },
{ "type": "Feature", "properties": { "内容": "デイサービスセンター星ひろば【通所介護】山口県下松市古川町3丁目１－２", "url": "https://www.kaigokensaku.mhlw.go.jp/35/index.php?action_kouhyou_detail_004_kani=true&JigyosyoCd=3570701049-00&ServiceCd=150&Type=search", "url2": "http://ryokuzankai.jp/index.html" }, "geometry": { "type": "Point", "coordinates": [ 131.872328299999907, 34.0073529 ] } },
{ "type": "Feature", "properties": { "内容": "有限会社渡辺薬局在宅ケアサービス本通りデイサービス【通所介護】山口県岩国市麻里布町2-1-9", "url": "https://www.kaigokensaku.mhlw.go.jp/35/index.php?action_kouhyou_detail_004_kani=true&JigyosyoCd=3570800148-00&ServiceCd=150&Type=search", "url2": "http://iwayaku.com/watanabe/" }, "geometry": { "type": "Point", "coordinates": [ 132.224241900000067, 34.1713972 ] } },
{ "type": "Feature", "properties": { "内容": "緑風荘デイサービスセンター【通所介護】山口県岩国市由宇町3018番地1", "url": "https://www.kaigokensaku.mhlw.go.jp/35/index.php?action_kouhyou_detail_004_kani=true&JigyosyoCd=3577200375-00&ServiceCd=150&Type=search", "url2": "http://ryokufuukai.net/" }, "geometry": { "type": "Point", "coordinates": [ 132.1632257, 34.0282774 ] } },
{ "type": "Feature", "properties": { "内容": "岩国デイサービスセンターにしみ苑【通所介護】岩国市錦見2-６-12", "url": "https://www.kaigokensaku.mhlw.go.jp/35/index.php?action_kouhyou_detail_004_kani=true&JigyosyoCd=3570801161-00&ServiceCd=150&Type=search", "url2": "http://www.iwasha.jp" }, "geometry": { "type": "Point", "coordinates": [ 132.1925857, 34.1665616 ] } },
{ "type": "Feature", "properties": { "内容": "錦苑デイサービスセンター【通所介護】岩国市錦町広瀬７５８番地", "url": "https://www.kaigokensaku.mhlw.go.jp/35/index.php?action_kouhyou_detail_004_kani=true&JigyosyoCd=3577200326-00&ServiceCd=150&Type=search", "url2": "https://nishiki-f.com/" }, "geometry": { "type": "Point", "coordinates": [ 131.950292200000035, 34.2569949 ] } },
{ "type": "Feature", "properties": { "内容": "玖珂苑デイサービスセンター【通所介護】山口県岩国市玖珂町3813番地6", "url": "https://www.kaigokensaku.mhlw.go.jp/35/index.php?action_kouhyou_detail_004_kani=true&JigyosyoCd=3577200276-00&ServiceCd=150&Type=search", "url2": "http://www.takamori-fukushikai.or.jp/" }, "geometry": { "type": "Point", "coordinates": [ 132.098622400000068, 34.0818525 ] } },
{ "type": "Feature", "properties": { "内容": "平成デイサービスセンター黒磯【通所介護】山口県岩国市黒磯町2-50-14", "url": "https://www.kaigokensaku.mhlw.go.jp/35/index.php?action_kouhyou_detail_004_kani=true&JigyosyoCd=3570800403-00&ServiceCd=150&Type=search", "url2": "https://kuroiso.heisei-ds.jp/" }, "geometry": { "type": "Point", "coordinates": [ 132.194534699999963, 34.1035295 ] } },
{ "type": "Feature", "properties": { "内容": "デイサービスセンターあかしあ【通所介護】山口県岩国市今津町1丁目10－9", "url": "https://www.kaigokensaku.mhlw.go.jp/35/index.php?action_kouhyou_detail_004_kani=true&JigyosyoCd=3570800999-00&ServiceCd=150&Type=search", "url2": null }, "geometry": { "type": "Point", "coordinates": [ 132.220839399999932, 34.1671504 ] } },
{ "type": "Feature", "properties": { "内容": "岩国ケアセンターそよ風【通所介護】山口県岩国市今津町1丁目12番27号岩国ケアセンターそよ風", "url": "https://www.kaigokensaku.mhlw.go.jp/35/index.php?action_kouhyou_detail_004_kani=true&JigyosyoCd=3570802342-00&ServiceCd=150&Type=search", "url2": "https://www.sykz.co.jp/" }, "geometry": { "type": "Point", "coordinates": [ 132.221310100000011, 34.1663246 ] } },
{ "type": "Feature", "properties": { "内容": "デイサービスセンターさくらんぼ麻里布【通所介護】岩国市室の木町1丁目1-50いしいケアビルディング", "url": "https://www.kaigokensaku.mhlw.go.jp/35/index.php?action_kouhyou_detail_004_kani=true&JigyosyoCd=3570800437-00&ServiceCd=150&Type=search", "url2": null }, "geometry": { "type": "Point", "coordinates": [ 132.213761283822578, 34.172021198693258 ] } },
{ "type": "Feature", "properties": { "内容": "デイサービスセンターだんけ【通所介護】山口県岩国市周東町下久原36番地1グループホームだんけぐーと有延", "url": "https://www.kaigokensaku.mhlw.go.jp/35/index.php?action_kouhyou_detail_004_kani=true&JigyosyoCd=3570802490-00&ServiceCd=150&Type=search", "url2": "https://danke.heisei-ds.jp/" }, "geometry": { "type": "Point", "coordinates": [ 132.07355720000001, 34.0889741 ] } },
{ "type": "Feature", "properties": { "内容": "せんぞく苑　デイサービスセンター【通所介護】山口県岩国市周東町下久原443番地６", "url": "https://www.kaigokensaku.mhlw.go.jp/35/index.php?action_kouhyou_detail_004_kani=true&JigyosyoCd=3577200854-00&ServiceCd=150&Type=search", "url2": "http://www.takamori-fukushikai.hello-net.info/" }, "geometry": { "type": "Point", "coordinates": [ 132.061834299999987, 34.0898539 ] } },
{ "type": "Feature", "properties": { "内容": "高森苑デイサービスセンター【通所介護】山口県岩国市周東町西長野621番地1", "url": "https://www.kaigokensaku.mhlw.go.jp/35/index.php?action_kouhyou_detail_004_kani=true&JigyosyoCd=3577200268-00&ServiceCd=150&Type=search", "url2": "http://www.takamori-fukushikai.or.jp/" }, "geometry": { "type": "Point", "coordinates": [ 132.0272692, 34.0876673 ] } },
{ "type": "Feature", "properties": { "内容": "デイサービスセンター　なごみ【通所介護】岩国市昭和町2丁目ー１８－２３", "url": "https://www.kaigokensaku.mhlw.go.jp/35/index.php?action_kouhyou_detail_004_kani=true&JigyosyoCd=3570800510-00&ServiceCd=150&Type=search", "url2": null }, "geometry": { "type": "Point", "coordinates": [ 132.232074499999953, 34.1735834 ] } },
{ "type": "Feature", "properties": { "内容": "デイサービスセンターつづの里【通所介護】山口県岩国市通津字迫田11117番地297", "url": "https://www.kaigokensaku.mhlw.go.jp/35/index.php?action_kouhyou_detail_004_kani=true&JigyosyoCd=3570801294-00&ServiceCd=150&Type=search", "url2": "http://www.tudunanwakai.jp/" }, "geometry": { "type": "Point", "coordinates": [ 132.207281599999988, 34.071848 ] } },
{ "type": "Feature", "properties": { "内容": "デイサービス一楽　通津【通所介護】山口県岩国市通津２４０９番地１", "url": "https://www.kaigokensaku.mhlw.go.jp/35/index.php?action_kouhyou_detail_004_kani=true&JigyosyoCd=3570802136-00&ServiceCd=150&Type=search", "url2": null }, "geometry": { "type": "Point", "coordinates": [ 132.208400899999987, 34.0737366 ] } },
{ "type": "Feature", "properties": { "内容": "シンシアゆうわデイサービスセンター【通所介護】岩国市藤生町３丁目２７番８号", "url": "https://www.kaigokensaku.mhlw.go.jp/35/index.php?action_kouhyou_detail_004_kani=true&JigyosyoCd=3570801740-00&ServiceCd=150&Type=search", "url2": "http://www.yuwaen.net" }, "geometry": { "type": "Point", "coordinates": [ 132.191473200000019, 34.1195723 ] } },
{ "type": "Feature", "properties": { "内容": "ウェルネス【通所介護】岩国市南岩国町一丁目18番20号", "url": "https://www.kaigokensaku.mhlw.go.jp/35/index.php?action_kouhyou_detail_004_kani=true&JigyosyoCd=3570800916-00&ServiceCd=150&Type=search", "url2": null }, "geometry": { "type": "Point", "coordinates": [ 132.20283280000001, 34.1364319 ] } },
{ "type": "Feature", "properties": { "内容": "デイサービスセンター　かえで【通所介護】山口県岩国市南岩国町4丁目59-5-1", "url": "https://www.kaigokensaku.mhlw.go.jp/35/index.php?action_kouhyou_detail_004_kani=true&JigyosyoCd=3570801021-00&ServiceCd=150&Type=search", "url2": "http://www.sansikai.com/ins/kaede-top.html" }, "geometry": { "type": "Point", "coordinates": [ 132.196739100000059, 34.130899100000029 ] } },
{ "type": "Feature", "properties": { "内容": "平成デイサービスセンター平田【通所介護】山口県岩国市平田5丁目31－7", "url": "https://www.kaigokensaku.mhlw.go.jp/35/index.php?action_kouhyou_detail_004_kani=true&JigyosyoCd=3570800262-00&ServiceCd=150&Type=search", "url2": "https://hirata.heisei-ds.jp/" }, "geometry": { "type": "Point", "coordinates": [ 132.190267100000028, 34.1403203 ] } },
{ "type": "Feature", "properties": { "内容": "ウェルネス通津【通所介護】山口県岩国市保津町2丁目9-33", "url": "https://www.kaigokensaku.mhlw.go.jp/35/index.php?action_kouhyou_detail_004_kani=true&JigyosyoCd=3570802292-00&ServiceCd=150&Type=search", "url2": null }, "geometry": { "type": "Point", "coordinates": [ 132.208909100000028, 34.0793997 ] } },
{ "type": "Feature", "properties": { "内容": "グラントリハビリセンター【通所介護】山口県岩国市麻里布町6丁目10-32安藤ビル1F", "url": "https://www.kaigokensaku.mhlw.go.jp/35/index.php?action_kouhyou_detail_004_kani=true&JigyosyoCd=3570802151-00&ServiceCd=150&Type=search", "url2": null }, "geometry": { "type": "Point", "coordinates": [ 132.2195312, 34.1696224 ] } },
{ "type": "Feature", "properties": { "内容": "いしいケア・クリニック　デイサービスセンターのぞみ【通所介護】山口県岩国市麻里布町3丁目5番5号", "url": "https://www.kaigokensaku.mhlw.go.jp/35/index.php?action_kouhyou_detail_004_kani=true&JigyosyoCd=3570800486-00&ServiceCd=150&Type=search", "url2": "http://www.i-shinseikai.or.jp" }, "geometry": { "type": "Point", "coordinates": [ 132.213756500000045, 34.1721193 ] } },
{ "type": "Feature", "properties": { "内容": "ディサービスわくわく【通所介護】山口県岩国市麻里布町5丁目15-272F", "url": "https://www.kaigokensaku.mhlw.go.jp/35/index.php?action_kouhyou_detail_004_kani=true&JigyosyoCd=3570802425-00&ServiceCd=150&Type=search", "url2": null }, "geometry": { "type": "Point", "coordinates": [ 132.2226205, 34.1754272 ] } },
{ "type": "Feature", "properties": { "内容": "寺迫デイサービスセンター【通所介護】山口県岩国市由宇町3918-1", "url": "https://www.kaigokensaku.mhlw.go.jp/35/index.php?action_kouhyou_detail_004_kani=true&JigyosyoCd=3570802110-00&ServiceCd=150&Type=search", "url2": null }, "geometry": { "type": "Point", "coordinates": [ 132.216429191172551, 34.031091651467882 ] } },
{ "type": "Feature", "properties": { "内容": "美和苑デイサービスセンター【通所介護】山口県岩国市美和町生見１２５３８", "url": "https://www.kaigokensaku.mhlw.go.jp/35/index.php?action_kouhyou_detail_004_kani=true&JigyosyoCd=3577200318-00&ServiceCd=150&Type=search", "url2": "http://miwafukushikai.jp" }, "geometry": { "type": "Point", "coordinates": [ 132.068294275810217, 34.227064483909516 ] } },
{ "type": "Feature", "properties": { "内容": "渡辺薬局デイサービスセンター　なごやか【通所介護】岩国市麻里布町5丁目3-8岩国ウィークリーマンション　２Ｆ", "url": "https://www.kaigokensaku.mhlw.go.jp/35/index.php?action_kouhyou_detail_004_kani=true&JigyosyoCd=3570801609-00&ServiceCd=150&Type=search", "url2": "http://www.iwayaku.com/watanabe/" }, "geometry": { "type": "Point", "coordinates": [ 132.22398069999997, 34.1739748 ] } },
{ "type": "Feature", "properties": { "内容": "株式会社ミズタ　デイサービス美ら海【通所介護】山口県光市室積8丁目3番1号デイサービス美ら海", "url": "https://www.kaigokensaku.mhlw.go.jp/35/index.php?action_kouhyou_detail_004_kani=true&JigyosyoCd=3571000722-00&ServiceCd=150&Type=search", "url2": null }, "geometry": { "type": "Point", "coordinates": [ 131.969616099999939, 33.9213298 ] } },
{ "type": "Feature", "properties": { "内容": "デーサービス風車ひかり【通所介護】光市光が丘４番５号", "url": "https://www.kaigokensaku.mhlw.go.jp/35/index.php?action_kouhyou_detail_004_kani=true&JigyosyoCd=3571000565-00&ServiceCd=150&Type=search", "url2": null }, "geometry": { "type": "Point", "coordinates": [ 131.920874700000013, 33.9811768 ] } },
{ "type": "Feature", "properties": { "内容": "在宅リハビリテーション光ケ丘【通所介護】山口県光市光ケ丘5番18号高齢者複合施設ひかり苑", "url": "https://www.kaigokensaku.mhlw.go.jp/35/index.php?action_kouhyou_detail_004_kani=true&JigyosyoCd=3571000870-00&ServiceCd=150&Type=search", "url2": "URLhttp://www.hikari-en.jp" }, "geometry": { "type": "Point", "coordinates": [ 131.919272099999944, 33.9813378 ] } },
{ "type": "Feature", "properties": { "内容": "デイサービスセンターひかり苑【通所介護】山口県光市大字三井１０４６番地１", "url": "https://www.kaigokensaku.mhlw.go.jp/35/index.php?action_kouhyou_detail_004_kani=true&JigyosyoCd=3571000573-00&ServiceCd=150&Type=search", "url2": "http://www.hikari-en.jp" }, "geometry": { "type": "Point", "coordinates": [ 131.950916099999972, 33.992715200000021 ] } },
{ "type": "Feature", "properties": { "内容": "デイサービスセンターきらら光【通所介護】山口県光市小周防１６５６－８", "url": "https://www.kaigokensaku.mhlw.go.jp/35/index.php?action_kouhyou_detail_004_kani=true&JigyosyoCd=3571000821-00&ServiceCd=150&Type=search", "url2": "http://yu-kikai.org/" }, "geometry": { "type": "Point", "coordinates": [ 131.977491200000031, 34.019476900000015 ] } },
{ "type": "Feature", "properties": { "内容": "さくらデイサービス光【通所介護】山口県光市中央三丁目7番18号", "url": "https://www.kaigokensaku.mhlw.go.jp/35/index.php?action_kouhyou_detail_004_kani=true&JigyosyoCd=3571000763-00&ServiceCd=150&Type=search", "url2": null }, "geometry": { "type": "Point", "coordinates": [ 131.945751300000012, 33.9573035 ] } },
{ "type": "Feature", "properties": { "内容": "指定通所介護事業所ほっとはーと【通所介護】山口県光市虹ケ浜1-1-10ケアホームあさひ", "url": "https://www.kaigokensaku.mhlw.go.jp/35/index.php?action_kouhyou_detail_004_kani=true&JigyosyoCd=3571000912-00&ServiceCd=150&Type=search", "url2": "https://hot-heart.co.jp" }, "geometry": { "type": "Point", "coordinates": [ 131.919821500000012, 33.9741545 ] } },
{ "type": "Feature", "properties": { "内容": "光富士白苑デイサービスセンター【通所介護】山口県光市虹ヶ浜2丁目5番12号", "url": "https://www.kaigokensaku.mhlw.go.jp/35/index.php?action_kouhyou_detail_004_kani=true&JigyosyoCd=3571000052-00&ServiceCd=150&Type=search", "url2": "http://www.h-fuji.com/" }, "geometry": { "type": "Point", "coordinates": [ 131.918386400000031, 33.968867 ] } },
{ "type": "Feature", "properties": { "内容": "ニチイケアセンター光【通所介護】山口県光市木園1-5-32", "url": "https://www.kaigokensaku.mhlw.go.jp/35/index.php?action_kouhyou_detail_004_kani=true&JigyosyoCd=3571000177-00&ServiceCd=150&Type=search", "url2": null }, "geometry": { "type": "Point", "coordinates": [ 131.930330187460129, 33.978313875442986 ] } },
{ "type": "Feature", "properties": { "内容": "やまと苑デイサービスセンター【通所介護】山口県光市大字岩田２６７番地", "url": "https://www.kaigokensaku.mhlw.go.jp/35/index.php?action_kouhyou_detail_004_kani=true&JigyosyoCd=3577300175-00&ServiceCd=150&Type=search", "url2": "http://www.yamatoｆukushikai.jp/" }, "geometry": { "type": "Point", "coordinates": [ 131.988627100000031, 33.974638 ] } },
{ "type": "Feature", "properties": { "内容": "光寿苑デイサービスセンター【通所介護】山口県光市室積沖田3035番地1", "url": "https://www.kaigokensaku.mhlw.go.jp/35/index.php?action_kouhyou_detail_004_kani=true&JigyosyoCd=3571000060-00&ServiceCd=150&Type=search", "url2": "https://koujyuen-top.jimdofree.com/光寿苑デイサービスセンター" }, "geometry": { "type": "Point", "coordinates": [ 131.974369188807714, 33.934814035107763 ] } },
{ "type": "Feature", "properties": { "内容": "デイサービスセンターきくや【通所介護】山口県光市大字立野1403-1", "url": "https://www.kaigokensaku.mhlw.go.jp/35/index.php?action_kouhyou_detail_004_kani=true&JigyosyoCd=3571001027-00&ServiceCd=150&Type=search", "url2": "https://carehomekikuya.com/" }, "geometry": { "type": "Point", "coordinates": [ 131.972499699999986, 34.0057167 ] } },
{ "type": "Feature", "properties": { "内容": "デイサービスセンター明和苑【通所介護】長門市三隅中1811番地", "url": "https://www.kaigokensaku.mhlw.go.jp/35/index.php?action_kouhyou_detail_004_kani=true&JigyosyoCd=3578000162-00&ServiceCd=150&Type=search", "url2": "http://meiwaen.jp/" }, "geometry": { "type": "Point", "coordinates": [ 131.265298199999961, 34.3619474 ] } },
{ "type": "Feature", "properties": { "内容": "清風ポラリスデイサービスセンター【通所介護】山口県長門市三隅中326番地", "url": "https://www.kaigokensaku.mhlw.go.jp/35/index.php?action_kouhyou_detail_004_kani=true&JigyosyoCd=3571100266-00&ServiceCd=150&Type=search", "url2": "http://www.seifuu.or.jp" }, "geometry": { "type": "Point", "coordinates": [ 131.260785100000021, 34.3564813 ] } },
{ "type": "Feature", "properties": { "内容": "花笑デイサービス【通所介護】長門市西深川338-1", "url": "https://www.kaigokensaku.mhlw.go.jp/35/index.php?action_kouhyou_detail_004_kani=true&JigyosyoCd=3571100555-00&ServiceCd=150&Type=search", "url2": "http://nikoniko-survice.com/" }, "geometry": { "type": "Point", "coordinates": [ 131.167656698654014, 34.371252102085968 ] } },
{ "type": "Feature", "properties": { "内容": "恵光苑デイサービスセンター【通所介護】山口県長門市東深川10062番地27（緑ヶ丘）恵光苑デイサービスセンター", "url": "https://www.kaigokensaku.mhlw.go.jp/35/index.php?action_kouhyou_detail_004_kani=true&JigyosyoCd=3571100092-00&ServiceCd=150&Type=search", "url2": "http://keikouen.jp/publics/index/65/" }, "geometry": { "type": "Point", "coordinates": [ 131.188250546032691, 34.372839473227515 ] } },
{ "type": "Feature", "properties": { "内容": "デイサービスセンターしあわせ長門【通所介護】山口県長門市東深川1321番地1", "url": "https://www.kaigokensaku.mhlw.go.jp/35/index.php?action_kouhyou_detail_004_kani=true&JigyosyoCd=3571100167-00&ServiceCd=150&Type=search", "url2": "http://www.nagatoshakyo.jp" }, "geometry": { "type": "Point", "coordinates": [ 131.181278099999986, 34.3710006 ] } },
{ "type": "Feature", "properties": { "内容": "へき楽園デイサービスセンター【通所介護】山口県長門市日置上3114番地", "url": "https://www.kaigokensaku.mhlw.go.jp/35/index.php?action_kouhyou_detail_004_kani=true&JigyosyoCd=3578000113-00&ServiceCd=150&Type=search", "url2": "https://hekirakuen.or.jp" }, "geometry": { "type": "Point", "coordinates": [ 131.133383699999968, 34.3968969 ] } },
{ "type": "Feature", "properties": { "内容": "リハビリ型デイサービスかなで【通所介護】山口県長門市油谷河原１４４４番地", "url": "https://www.kaigokensaku.mhlw.go.jp/35/index.php?action_kouhyou_detail_004_kani=true&JigyosyoCd=3571100571-00&ServiceCd=150&Type=search", "url2": null }, "geometry": { "type": "Point", "coordinates": [ 131.044981535581996, 34.368894754883208 ] } },
{ "type": "Feature", "properties": { "内容": "養寿苑　デイサービスセンター【通所介護】山口県長門市油谷向津具上10344番地", "url": "https://www.kaigokensaku.mhlw.go.jp/35/index.php?action_kouhyou_detail_004_kani=true&JigyosyoCd=3578000147-00&ServiceCd=150&Type=search", "url2": "https://www.youjyuen.com/" }, "geometry": { "type": "Point", "coordinates": [ 130.982666399999971, 34.4070727 ] } },
{ "type": "Feature", "properties": { "内容": "きんさい家【通所介護】山口県長門市三隅下１２９５－１", "url": "https://www.kaigokensaku.mhlw.go.jp/35/index.php?action_kouhyou_detail_004_kani=true&JigyosyoCd=3571100415-00&ServiceCd=150&Type=search", "url2": null }, "geometry": { "type": "Point", "coordinates": [ 131.229613609812162, 34.36837571217842 ] } },
{ "type": "Feature", "properties": { "内容": "デイサービスおおひら【通所介護】山口県柳井市中央１丁目９番地８号", "url": "https://www.kaigokensaku.mhlw.go.jp/35/index.php?action_kouhyou_detail_004_kani=true&JigyosyoCd=3571200736-00&ServiceCd=150&Type=search", "url2": "http:www.ohira-yanai.skr.jp/" }, "geometry": { "type": "Point", "coordinates": [ 132.109107699999981, 33.965295500000011 ] } },
{ "type": "Feature", "properties": { "内容": "デイサービス風車【通所介護】柳井市伊保庄5214番地18", "url": "https://www.kaigokensaku.mhlw.go.jp/35/index.php?action_kouhyou_detail_004_kani=true&JigyosyoCd=3571200348-00&ServiceCd=150&Type=search", "url2": null }, "geometry": { "type": "Point", "coordinates": [ 132.096972400000027, 33.9573117 ] } },
{ "type": "Feature", "properties": { "内容": "ゆうわ苑デイサービスセンター【通所介護】柳井市伊保庄字近長浜１番４", "url": "https://www.kaigokensaku.mhlw.go.jp/35/index.php?action_kouhyou_detail_004_kani=true&JigyosyoCd=3571200165-00&ServiceCd=150&Type=search", "url2": "http://www.yuwaen.net" }, "geometry": { "type": "Point", "coordinates": [ 132.128585234345991, 33.910256125431246 ] } },
{ "type": "Feature", "properties": { "内容": "デイサービスセンターーありがとうやない【通所介護】山口県柳井市遠崎字高下7-1ありがとうやない", "url": "https://www.kaigokensaku.mhlw.go.jp/35/index.php?action_kouhyou_detail_004_kani=true&JigyosyoCd=3571200728-00&ServiceCd=150&Type=search", "url2": "https://www.arigatou-mujinzou.com/care/" }, "geometry": { "type": "Point", "coordinates": [ 132.14620160000004, 33.9574213 ] } },
{ "type": "Feature", "properties": { "内容": "あそか苑デイサービスセンター【通所介護】柳井市日積3213", "url": "https://www.kaigokensaku.mhlw.go.jp/35/index.php?action_kouhyou_detail_004_kani=true&JigyosyoCd=3571200124-00&ServiceCd=150&Type=search", "url2": "http://www.saisyokai.or.jp" }, "geometry": { "type": "Point", "coordinates": [ 132.174211499999956, 34.0053805 ] } },
{ "type": "Feature", "properties": { "内容": "デイサービスセンター松風苑【通所介護】山口県柳井市余田3762番地の1", "url": "https://www.kaigokensaku.mhlw.go.jp/35/index.php?action_kouhyou_detail_004_kani=true&JigyosyoCd=3571200082-00&ServiceCd=150&Type=search", "url2": "http;//www.shoueikai-sakamoto.com/" }, "geometry": { "type": "Point", "coordinates": [ 132.065224771163912, 33.960163387548079 ] } },
{ "type": "Feature", "properties": { "内容": "秋吉デイサービスセンター【通所介護】山口県美祢市秋芳町秋吉5243番3", "url": "https://www.kaigokensaku.mhlw.go.jp/35/index.php?action_kouhyou_detail_004_kani=true&JigyosyoCd=3577900081-00&ServiceCd=150&Type=search", "url2": "https://aokage52.jp" }, "geometry": { "type": "Point", "coordinates": [ 131.297028999840819, 34.21188713032894 ] } },
{ "type": "Feature", "properties": { "内容": "デイサービス　えにし【通所介護】山口県美祢市秋芳町秋吉5442-2", "url": "https://www.kaigokensaku.mhlw.go.jp/35/index.php?action_kouhyou_detail_004_kani=true&JigyosyoCd=3571300486-00&ServiceCd=150&Type=search", "url2": "http://www.enishi-ci.com" }, "geometry": { "type": "Point", "coordinates": [ 131.289266231713214, 34.214285816822709 ] } },
{ "type": "Feature", "properties": { "内容": "デイサービスセンター　ありがとう【通所介護】山口県美祢市大嶺町東分1215番地の1", "url": "https://www.kaigokensaku.mhlw.go.jp/35/index.php?action_kouhyou_detail_004_kani=true&JigyosyoCd=3571300262-00&ServiceCd=150&Type=search", "url2": "fuki-arigatou.com" }, "geometry": { "type": "Point", "coordinates": [ 131.211980499999981, 34.1802205 ] } },
{ "type": "Feature", "properties": { "内容": "JAデイサ−ビス美祢【通所介護】山口県美祢市大嶺町東分来福台４丁目１５−７", "url": "https://www.kaigokensaku.mhlw.go.jp/35/index.php?action_kouhyou_detail_004_kani=true&JigyosyoCd=3571300635-00&ServiceCd=150&Type=search", "url2": "https://ja-kyodo-support.jp" }, "geometry": { "type": "Point", "coordinates": [ 131.195971500000013, 34.1853211 ] } },
{ "type": "Feature", "properties": { "内容": "デイサービスセンター　ほほえみ【通所介護】山口県周南市徳山5529", "url": "https://www.kaigokensaku.mhlw.go.jp/35/index.php?action_kouhyou_detail_004_kani=true&JigyosyoCd=3571501802-00&ServiceCd=150&Type=search", "url2": null }, "geometry": { "type": "Point", "coordinates": [ 131.825297099999943, 34.0756731 ] } },
{ "type": "Feature", "properties": { "内容": "ニチイケアセンター菊川【通所介護】周南市大字下上字向土井644-1", "url": "https://www.kaigokensaku.mhlw.go.jp/35/index.php?action_kouhyou_detail_004_kani=true&JigyosyoCd=3570500441-00&ServiceCd=150&Type=search", "url2": null }, "geometry": { "type": "Point", "coordinates": [ 131.776313100000039, 34.0797991 ] } },
{ "type": "Feature", "properties": { "内容": "デイサービスセンターめぐみ苑【通所介護】山口県周南市久米2665番地7", "url": "https://www.kaigokensaku.mhlw.go.jp/35/index.php?action_kouhyou_detail_004_kani=true&JigyosyoCd=3571500911-00&ServiceCd=150&Type=search", "url2": "http://komorebinomori.jp" }, "geometry": { "type": "Point", "coordinates": [ 131.848240199999964, 34.0467009 ] } },
{ "type": "Feature", "properties": { "内容": "デイサービスセンター　こもれび苑【通所介護】山口県周南市大字久米2668番", "url": "https://www.kaigokensaku.mhlw.go.jp/35/index.php?action_kouhyou_detail_004_kani=true&JigyosyoCd=3571500341-00&ServiceCd=150&Type=search", "url2": "http://komorebinomori.jp/" }, "geometry": { "type": "Point", "coordinates": [ 131.849089115015744, 34.046708728569591 ] } },
{ "type": "Feature", "properties": { "内容": "ツクイ周南久米【通所介護】山口県周南市久米中央4丁目9番24号", "url": "https://www.kaigokensaku.mhlw.go.jp/35/index.php?action_kouhyou_detail_004_kani=true&JigyosyoCd=3571501927-00&ServiceCd=150&Type=search", "url2": "https://www.tsukui.net/" }, "geometry": { "type": "Point", "coordinates": [ 131.845174, 34.0674157 ] } },
{ "type": "Feature", "properties": { "内容": "周南市新南陽デイサービスセンター【通所介護】周南市古川町1番17号", "url": "https://www.kaigokensaku.mhlw.go.jp/35/index.php?action_kouhyou_detail_004_kani=true&JigyosyoCd=3571400054-00&ServiceCd=150&Type=search", "url2": "sinnanyoufukusi.com" }, "geometry": { "type": "Point", "coordinates": [ 131.776627299999973, 34.0694805 ] } },
{ "type": "Feature", "properties": { "内容": "JAケアビレッジ・デイ新南陽【通所介護】山口県周南市古泉２丁目１６番１号", "url": "https://www.kaigokensaku.mhlw.go.jp/35/index.php?action_kouhyou_detail_004_kani=true&JigyosyoCd=3571501455-00&ServiceCd=150&Type=search", "url2": "http://www.ja-syunan.or.jp" }, "geometry": { "type": "Point", "coordinates": [ 131.768480599999947, 34.0668028 ] } },
{ "type": "Feature", "properties": { "内容": "ケアパートナー周南【通所介護】周南市秋月3－18－11", "url": "https://www.kaigokensaku.mhlw.go.jp/35/index.php?action_kouhyou_detail_004_kani=true&JigyosyoCd=3571500101-00&ServiceCd=150&Type=search", "url2": "htttp://www.care-partner.com/" }, "geometry": { "type": "Point", "coordinates": [ 131.831525, 34.0589165 ] } },
{ "type": "Feature", "properties": { "内容": "デイサービス大笑【通所介護】山口県周南市須々万本郷2671-2", "url": "https://www.kaigokensaku.mhlw.go.jp/35/index.php?action_kouhyou_detail_004_kani=true&JigyosyoCd=3571501935-00&ServiceCd=150&Type=search", "url2": "https://www.krone-nakasu.com/" }, "geometry": { "type": "Point", "coordinates": [ 131.856555504732, 34.112514573583859 ] } },
{ "type": "Feature", "properties": { "内容": "周南高原デイサービスセンター【通所介護】周南市大字須々万本郷２9番地の2", "url": "https://www.kaigokensaku.mhlw.go.jp/35/index.php?action_kouhyou_detail_004_kani=true&JigyosyoCd=3570500250-00&ServiceCd=150&Type=search", "url2": "http://ryokuzankai.jp/" }, "geometry": { "type": "Point", "coordinates": [ 131.858016, 34.1240108 ] } },
{ "type": "Feature", "properties": { "内容": "つづみ園デイサービスセンター【通所介護】周南市瀬戸見町12番30号", "url": "https://www.kaigokensaku.mhlw.go.jp/35/index.php?action_kouhyou_detail_004_kani=true&JigyosyoCd=3570500318-00&ServiceCd=150&Type=search", "url2": "https://www.shunan-jigyodan.jp" }, "geometry": { "type": "Point", "coordinates": [ 131.832875989132731, 34.050840029528075 ] } },
{ "type": "Feature", "properties": { "内容": "ＪＡデイサービスとんだ【通所介護】山口県周南市清水１丁目９番５号", "url": "https://www.kaigokensaku.mhlw.go.jp/35/index.php?action_kouhyou_detail_004_kani=true&JigyosyoCd=3571501463-00&ServiceCd=150&Type=search", "url2": "ｈｔｔｐ://ｗｗｗ.ｊａ‐ｓｙｕｎａｎ.ｏｒ.ｊｐ" }, "geometry": { "type": "Point", "coordinates": [ 131.7689388, 34.0707969 ] } },
{ "type": "Feature", "properties": { "内容": "天王園デイサービスセンター【通所介護】山口県周南市大河内1109番2", "url": "https://www.kaigokensaku.mhlw.go.jp/35/index.php?action_kouhyou_detail_004_kani=true&JigyosyoCd=3577300159-00&ServiceCd=150&Type=search", "url2": "http://www.tennoen.com" }, "geometry": { "type": "Point", "coordinates": [ 131.942091299999987, 34.0259033 ] } },
{ "type": "Feature", "properties": { "内容": "デイサービスセンターかがやき【通所介護】周南市大字大河内字一連2115番18", "url": "https://www.kaigokensaku.mhlw.go.jp/35/index.php?action_kouhyou_detail_004_kani=true&JigyosyoCd=3571500945-00&ServiceCd=150&Type=search", "url2": "kagayaki@kvision.ne.jp" }, "geometry": { "type": "Point", "coordinates": [ 131.92932065145564, 34.030644312250949 ] } },
{ "type": "Feature", "properties": { "内容": "デイサービスセンターふじ周南【通所介護】山口県周南市築港町12番1号1徳山駅前スカイマンション", "url": "https://www.kaigokensaku.mhlw.go.jp/35/index.php?action_kouhyou_detail_004_kani=true&JigyosyoCd=3571500143-00&ServiceCd=150&Type=search", "url2": "http://www.fujicare.jp/" }, "geometry": { "type": "Point", "coordinates": [ 131.801978, 34.048688700000035 ] } },
{ "type": "Feature", "properties": { "内容": "デイサービスセンターブリスケア徳山【通所介護】山口県周南市都町1-48サージュ徳山", "url": "https://www.kaigokensaku.mhlw.go.jp/35/index.php?action_kouhyou_detail_004_kani=true&JigyosyoCd=3571501836-00&ServiceCd=150&Type=search", "url2": null }, "geometry": { "type": "Point", "coordinates": [ 131.800868, 34.0542046 ] } },
{ "type": "Feature", "properties": { "内容": "やすらぎ苑デイサービスセンター【通所介護】周南市大字湯野１５８番地", "url": "https://www.kaigokensaku.mhlw.go.jp/35/index.php?action_kouhyou_detail_004_kani=true&JigyosyoCd=3570500219-00&ServiceCd=150&Type=search", "url2": "http://www.yasuragi-en.jp" }, "geometry": { "type": "Point", "coordinates": [ 131.67826690000004, 34.0918682 ] } },
{ "type": "Feature", "properties": { "内容": "デイサービスセンター元気村【通所介護】周南市大字湯野27番地周南リハビリ元気村", "url": "https://www.kaigokensaku.mhlw.go.jp/35/index.php?action_kouhyou_detail_004_kani=true&JigyosyoCd=3571500804-00&ServiceCd=150&Type=search", "url2": "http://www.genkimura-sa.jp/" }, "geometry": { "type": "Point", "coordinates": [ 131.680280900000071, 34.084094 ] } },
{ "type": "Feature", "properties": { "内容": "ＪＡデイサービスとくやま【通所介護】山口県周南市大字徳山字三田川5825番地の８", "url": "https://www.kaigokensaku.mhlw.go.jp/35/index.php?action_kouhyou_detail_004_kani=true&JigyosyoCd=3571501471-00&ServiceCd=150&Type=search", "url2": "http://www.ja-syunan.or.jp" }, "geometry": { "type": "Point", "coordinates": [ 131.815257487033051, 34.059742269501648 ] } },
{ "type": "Feature", "properties": { "内容": "デイサービス　エリー【通所介護】周南市野上町２－２７ライフステージ２", "url": "https://www.kaigokensaku.mhlw.go.jp/35/index.php?action_kouhyou_detail_004_kani=true&JigyosyoCd=3571501091-00&ServiceCd=150&Type=search", "url2": null }, "geometry": { "type": "Point", "coordinates": [ 131.800444800000037, 34.0567102 ] } },
{ "type": "Feature", "properties": { "内容": "デイサービス　呼鶴温泉【通所介護】周南市安田1815番地", "url": "https://www.kaigokensaku.mhlw.go.jp/35/index.php?action_kouhyou_detail_004_kani=true&JigyosyoCd=3571501109-00&ServiceCd=150&Type=search", "url2": null }, "geometry": { "type": "Point", "coordinates": [ 131.9688443, 34.047032200000011 ] } },
{ "type": "Feature", "properties": { "内容": "呼鶴温泉つるの里【通所介護】山口県周南市大字安田下反田1809-1", "url": "https://www.kaigokensaku.mhlw.go.jp/35/index.php?action_kouhyou_detail_004_kani=true&JigyosyoCd=3571501976-00&ServiceCd=150&Type=search", "url2": null }, "geometry": { "type": "Point", "coordinates": [ 131.967979020105901, 34.047010484936301 ] } },
{ "type": "Feature", "properties": { "内容": "三丘温泉デイサービスセンター【通所介護】山口県周南市小松原1233-3", "url": "https://www.kaigokensaku.mhlw.go.jp/35/index.php?action_kouhyou_detail_004_kani=true&JigyosyoCd=3571500655-00&ServiceCd=150&Type=search", "url2": "http://sgpnet.co.jp" }, "geometry": { "type": "Point", "coordinates": [ 131.993265, 34.0355615 ] } },
{ "type": "Feature", "properties": { "内容": "デイサービスきらきら星【通所介護】周南市川崎３丁目19ー24", "url": "https://www.kaigokensaku.mhlw.go.jp/35/index.php?action_kouhyou_detail_004_kani=true&JigyosyoCd=3571501174-00&ServiceCd=150&Type=search", "url2": null }, "geometry": { "type": "Point", "coordinates": [ 131.78169643833516, 34.07043701181567 ] } },
{ "type": "Feature", "properties": { "内容": "プラスワンサンク小野田店【通所介護】山口県山陽小野田市東高泊784マックスバリュ小野田ショッピングセンター内", "url": "https://www.kaigokensaku.mhlw.go.jp/35/index.php?action_kouhyou_detail_004_kani=true&JigyosyoCd=3571601164-00&ServiceCd=150&Type=search", "url2": "https://kaimono-rehaday.jimdofree.com/" }, "geometry": { "type": "Point", "coordinates": [ 131.1827868, 34.0138043 ] } },
{ "type": "Feature", "properties": { "内容": "デイサービスわけん【通所介護】山口県山陽小野田市新生2丁目8-10", "url": "https://www.kaigokensaku.mhlw.go.jp/35/index.php?action_kouhyou_detail_004_kani=true&JigyosyoCd=3570203673-00&ServiceCd=150&Type=search", "url2": "https://onodawaken.com/" }, "geometry": { "type": "Point", "coordinates": [ 131.177139150500579, 34.000657865723298 ] } },
{ "type": "Feature", "properties": { "内容": "生活介護事業所　いこい【通所介護】山口県山陽小野田市大字有帆1494-5", "url": "https://www.kaigokensaku.mhlw.go.jp/35/index.php?action_kouhyou_detail_004_kani=true&JigyosyoCd=3571601008-00&ServiceCd=150&Type=search", "url2": null }, "geometry": { "type": "Point", "coordinates": [ 131.208067607934595, 34.026810293477496 ] } },
{ "type": "Feature", "properties": { "内容": "リハビリデイサービスプラスワン【通所介護】山陽小野田市セメント町6-2太陽ビルテナント3", "url": "https://www.kaigokensaku.mhlw.go.jp/35/index.php?action_kouhyou_detail_004_kani=true&JigyosyoCd=3571600950-00&ServiceCd=150&Type=search", "url2": "http://plusone-onoda.jimdo.com" }, "geometry": { "type": "Point", "coordinates": [ 131.17593305480554, 33.977631942950183 ] } },
{ "type": "Feature", "properties": { "内容": "デイサービスセンター　湯ノ峠【通所介護】山陽小野田市大字鴨庄1033番地2", "url": "https://www.kaigokensaku.mhlw.go.jp/35/index.php?action_kouhyou_detail_004_kani=true&JigyosyoCd=3571600265-00&ServiceCd=150&Type=search", "url2": "http://www.mubekouei.com" }, "geometry": { "type": "Point", "coordinates": [ 131.167686208598298, 34.075181186728734 ] } },
{ "type": "Feature", "properties": { "内容": "のんびり村厚狭　デイサービス【通所介護】山口県山陽小野田市大字鴨庄４－４", "url": "https://www.kaigokensaku.mhlw.go.jp/35/index.php?action_kouhyou_detail_004_kani=true&JigyosyoCd=3571600794-00&ServiceCd=150&Type=search", "url2": "http://nonbiri.jp" }, "geometry": { "type": "Point", "coordinates": [ 131.154754, 34.0567573 ] } },
{ "type": "Feature", "properties": { "内容": "デイサービス康友【通所介護】大字郡415番3", "url": "https://www.kaigokensaku.mhlw.go.jp/35/index.php?action_kouhyou_detail_004_kani=true&JigyosyoCd=3571601016-00&ServiceCd=150&Type=search", "url2": "http://www.kaigo-kouyu.jp/" }, "geometry": { "type": "Point", "coordinates": [ 131.168596799999932, 34.049326 ] } },
{ "type": "Feature", "properties": { "内容": "フクシア須恵デイサービスセンター【通所介護】山口県山陽小野田市港町１－１", "url": "https://www.kaigokensaku.mhlw.go.jp/35/index.php?action_kouhyou_detail_004_kani=true&JigyosyoCd=3570202584-00&ServiceCd=150&Type=search", "url2": null }, "geometry": { "type": "Point", "coordinates": [ 131.178556800000024, 33.9754079 ] } },
{ "type": "Feature", "properties": { "内容": "デイサービスセンター　ひだまり【通所介護】山陽小野田市桜一丁目3番2号", "url": "https://www.kaigokensaku.mhlw.go.jp/35/index.php?action_kouhyou_detail_004_kani=true&JigyosyoCd=3571600133-00&ServiceCd=150&Type=search", "url2": "http://41kaigo.com" }, "geometry": { "type": "Point", "coordinates": [ 131.155587400000059, 34.0536022 ] } },
{ "type": "Feature", "properties": { "内容": "むべの里デイサービスセンター住吉【通所介護】山陽小野田市住吉本町2-5-12", "url": "https://www.kaigokensaku.mhlw.go.jp/35/index.php?action_kouhyou_detail_004_kani=true&JigyosyoCd=3571600075-00&ServiceCd=150&Type=search", "url2": "http://www.mubenosato.com" }, "geometry": { "type": "Point", "coordinates": [ 131.179791800000032, 33.98105230000003 ] } },
{ "type": "Feature", "properties": { "内容": "デイサービス施設明寿香園【通所介護】山口県山陽小野田市大字小野田11324番地10", "url": "https://www.kaigokensaku.mhlw.go.jp/35/index.php?action_kouhyou_detail_004_kani=true&JigyosyoCd=3570900088-00&ServiceCd=150&Type=search", "url2": "care-net.biz/35/choujukai01" }, "geometry": { "type": "Point", "coordinates": [ 131.183675128836057, 33.990593240651734 ] } },
{ "type": "Feature", "properties": { "内容": "デイサービス　よりそい【通所介護】山陽小野田市大字小野田3851番地11", "url": "https://www.kaigokensaku.mhlw.go.jp/35/index.php?action_kouhyou_detail_004_kani=true&JigyosyoCd=3571600752-00&ServiceCd=150&Type=search", "url2": "https://yori-soi.com" }, "geometry": { "type": "Point", "coordinates": [ 131.185856328172349, 33.961915539730448 ] } },
{ "type": "Feature", "properties": { "内容": "IMLデイサービスヴィブレ【通所介護】山口県山陽小野田市大字埴生2138-1", "url": "https://www.kaigokensaku.mhlw.go.jp/35/index.php?action_kouhyou_detail_004_kani=true&JigyosyoCd=3571601057-00&ServiceCd=150&Type=search", "url2": null }, "geometry": { "type": "Point", "coordinates": [ 131.0781829, 34.0451522 ] } },
{ "type": "Feature", "properties": { "内容": "サンライフ山陽デイサービスセンター【通所介護】山口県山陽小野田市大字埴生２１５６番地", "url": "https://www.kaigokensaku.mhlw.go.jp/35/index.php?action_kouhyou_detail_004_kani=true&JigyosyoCd=3577700044-00&ServiceCd=150&Type=search", "url2": "http://care-net.biz/35/sanraifu/" }, "geometry": { "type": "Point", "coordinates": [ 131.076557500000035, 34.0448622 ] } },
{ "type": "Feature", "properties": { "内容": "ひろき苑デイサービスセンター小野田【通所介護】山口県山陽小野田市赤崎２丁目９番１号", "url": "https://www.kaigokensaku.mhlw.go.jp/35/index.php?action_kouhyou_detail_004_kani=true&JigyosyoCd=3571601156-00&ServiceCd=150&Type=search", "url2": "http://kawamura-fs.com/company.html" }, "geometry": { "type": "Point", "coordinates": [ 131.1748997, 33.961647 ] } },
{ "type": "Feature", "properties": { "内容": "高千帆苑デイサービスセンター【通所介護】山陽小野田市大字有帆字佛石10662番地8", "url": "https://www.kaigokensaku.mhlw.go.jp/35/index.php?action_kouhyou_detail_004_kani=true&JigyosyoCd=3570900104-00&ServiceCd=150&Type=search", "url2": "http://kenjukai.main.jp/" }, "geometry": { "type": "Point", "coordinates": [ 131.206234099999961, 34.0121156 ] } },
{ "type": "Feature", "properties": { "内容": "デイサービス有帆【通所介護】山陽小野田市大字有帆字真土535-117(湯泉台団地内)", "url": "https://www.kaigokensaku.mhlw.go.jp/35/index.php?action_kouhyou_detail_004_kani=true&JigyosyoCd=3570900252-00&ServiceCd=150&Type=search", "url2": "http://murashige.byoinnavi.jp/pc/free170282.html" }, "geometry": { "type": "Point", "coordinates": [ 131.207274797097739, 34.012698111731439 ] } },
{ "type": "Feature", "properties": { "内容": "共生型デイサービスこころ和み【通所介護】山口県山陽小野田市山野井字丸田1822‐1", "url": "https://www.kaigokensaku.mhlw.go.jp/35/index.php?action_kouhyou_detail_004_kani=true&JigyosyoCd=3571601206-00&ServiceCd=150&Type=search", "url2": null }, "geometry": { "type": "Point", "coordinates": [ 131.131473884711113, 34.053802562827101 ] } },
{ "type": "Feature", "properties": { "内容": "デイサービスセンターであいの里【通所介護】山野井１８４０－５", "url": "https://www.kaigokensaku.mhlw.go.jp/35/index.php?action_kouhyou_detail_004_kani=true&JigyosyoCd=3571601065-00&ServiceCd=150&Type=search", "url2": null }, "geometry": { "type": "Point", "coordinates": [ 131.1320426, 34.0546601 ] } },
{ "type": "Feature", "properties": { "内容": "デイサービスセンター　福寿苑【通所介護】山口県大島郡周防大島町大字久賀　5142-1", "url": "https://www.kaigokensaku.mhlw.go.jp/35/index.php?action_kouhyou_detail_004_kani=true&JigyosyoCd=3577100161-00&ServiceCd=150&Type=search", "url2": null }, "geometry": { "type": "Point", "coordinates": [ 132.2619889, 33.9450861 ] } },
{ "type": "Feature", "properties": { "内容": "デイサービスＮＩＪＩ【通所介護】山口県大島郡周防大島町西三蒲1793-6", "url": "https://www.kaigokensaku.mhlw.go.jp/35/index.php?action_kouhyou_detail_004_kani=true&JigyosyoCd=3577100799-00&ServiceCd=150&Type=search", "url2": null }, "geometry": { "type": "Point", "coordinates": [ 132.207318900000018, 33.948593 ] } },
{ "type": "Feature", "properties": { "内容": "デイサービス　おひさん【通所介護】山口県大島郡周防大島町日前１５６８－２", "url": "https://www.kaigokensaku.mhlw.go.jp/35/index.php?action_kouhyou_detail_004_kani=true&JigyosyoCd=3577100781-00&ServiceCd=150&Type=search", "url2": null }, "geometry": { "type": "Point", "coordinates": [ 132.291200900000035, 33.91447 ] } },
{ "type": "Feature", "properties": { "内容": "東和在宅老人デイサービスセンター【通所介護】山口県大島郡周防大島町大字西方１６２３番地２", "url": "https://www.kaigokensaku.mhlw.go.jp/35/index.php?action_kouhyou_detail_004_kani=true&JigyosyoCd=3577100237-00&ServiceCd=150&Type=search", "url2": null }, "geometry": { "type": "Point", "coordinates": [ 132.337504399999943, 33.9004339 ] } },
{ "type": "Feature", "properties": { "内容": "デイサービスセンター　サポートたぶせ【通所介護】山口県熊毛郡田布施町大字下田布施806", "url": "https://www.kaigokensaku.mhlw.go.jp/35/index.php?action_kouhyou_detail_004_kani=true&JigyosyoCd=3577300431-00&ServiceCd=150&Type=search", "url2": "http://koujinkai-ichikawaiin.jimdo.com/" }, "geometry": { "type": "Point", "coordinates": [ 132.0475394, 33.9525224 ] } },
{ "type": "Feature", "properties": { "内容": "やまびこデイサービスセンター【通所介護】熊毛郡田布施町下田布施963-1", "url": "https://www.kaigokensaku.mhlw.go.jp/35/index.php?action_kouhyou_detail_004_kani=true&JigyosyoCd=3577300738-00&ServiceCd=150&Type=search", "url2": "http://www.kvision.ne.jp/~yamabiko1/index.html" }, "geometry": { "type": "Point", "coordinates": [ 132.041412117907754, 33.955784944280403 ] } },
{ "type": "Feature", "properties": { "内容": "たぶせ苑デイサービスセンター【通所介護】山口県熊毛郡田布施町宿井406", "url": "https://www.kaigokensaku.mhlw.go.jp/35/index.php?action_kouhyou_detail_004_kani=true&JigyosyoCd=3577300282-00&ServiceCd=150&Type=search", "url2": "http://care-net.biz/35/shifuku/company.php" }, "geometry": { "type": "Point", "coordinates": [ 132.028290500000026, 33.9655012 ] } },
{ "type": "Feature", "properties": { "内容": "デイサービスセンター　ブリスケア田布施【通所介護】熊毛郡田布施町大字波野４３３－１有料老人ホーム　ル・モンド田布施", "url": "https://www.kaigokensaku.mhlw.go.jp/35/index.php?action_kouhyou_detail_004_kani=true&JigyosyoCd=3577300761-00&ServiceCd=150&Type=search", "url2": null }, "geometry": { "type": "Point", "coordinates": [ 132.047543764418037, 33.958640540995319 ] } },
{ "type": "Feature", "properties": { "内容": "デイサービスセンターアットホーム【通所介護】山口県熊毛郡田布施町大字麻郷字平原776－68", "url": "https://www.kaigokensaku.mhlw.go.jp/35/index.php?action_kouhyou_detail_004_kani=true&JigyosyoCd=3577300357-00&ServiceCd=150&Type=search", "url2": null }, "geometry": { "type": "Point", "coordinates": [ 132.053550099999939, 33.9406876 ] } },
{ "type": "Feature", "properties": { "内容": "デイサービスセンター　ブリスケア平生【通所介護】平生町角浜５６８－１５", "url": "https://www.kaigokensaku.mhlw.go.jp/35/index.php?action_kouhyou_detail_004_kani=true&JigyosyoCd=3577300712-00&ServiceCd=150&Type=search", "url2": "http://ww51.tiki.ne.jp/~fod-co/tabuse.html" }, "geometry": { "type": "Point", "coordinates": [ 132.065505, 33.9384631 ] } },
{ "type": "Feature", "properties": { "内容": "平生町社会福祉協議会【通所介護】熊毛郡平生町平生村618-2", "url": "https://www.kaigokensaku.mhlw.go.jp/35/index.php?action_kouhyou_detail_004_kani=true&JigyosyoCd=3577300027-00&ServiceCd=150&Type=search", "url2": "http://www.hirao-shakyo.or.jp" }, "geometry": { "type": "Point", "coordinates": [ 132.075627309725974, 33.940543372764175 ] } }
]
}
