{
"type": "FeatureCollection",
"name": "geo_35_3",
"crs": { "type": "name", "properties": { "name": "urn:ogc:def:crs:OGC:1.3:CRS84" } },
"features": [
{ "type": "Feature", "properties": { "ID": 3533353101170, "正式名称": "おせ歯科医院", "機関区分": 3, "都道府県コード": 35, "市区町村コード": 201, "所在地": "山口県下関市秋根北町８－５", "緯度": 34.013028, "経度": 130.953389, "url": "https://www.iryou.teikyouseido.mhlw.go.jp/znk-web/juminkanja/S2430/initialize?prefCd=35&kikanCd=3353101170&kikanKbn=3", "url2": "http://ose-dental.dentalmall.jp", "内容": "おせ歯科医院【3:歯科】山口県下関市秋根北町８－５" }, "geometry": { "type": "Point", "coordinates": [ 130.953389, 34.013028 ] } },
{ "type": "Feature", "properties": { "ID": 3533353101590, "正式名称": "唐木歯科医院", "機関区分": 3, "都道府県コード": 35, "市区町村コード": 201, "所在地": "山口県下関市綾羅木本町４－２－２５", "緯度": 34.005194, "経度": 130.923278, "url": "https://www.iryou.teikyouseido.mhlw.go.jp/znk-web/juminkanja/S2430/initialize?prefCd=35&kikanCd=3353101590&kikanKbn=3", "url2": null, "内容": "唐木歯科医院【3:歯科】山口県下関市綾羅木本町４－２－２５" }, "geometry": { "type": "Point", "coordinates": [ 130.923278, 34.005194 ] } },
{ "type": "Feature", "properties": { "ID": 3533353101750, "正式名称": "きむらファミリー歯科", "機関区分": 3, "都道府県コード": 35, "市区町村コード": 201, "所在地": "山口県下関市小月茶屋二丁目１－２４", "緯度": 34.068278, "経度": 131.029722, "url": "https://www.iryou.teikyouseido.mhlw.go.jp/znk-web/juminkanja/S2430/initialize?prefCd=35&kikanCd=3353101750&kikanKbn=3", "url2": "https://kimura-dental.biz", "内容": "きむらファミリー歯科【3:歯科】山口県下関市小月茶屋二丁目１－２４" }, "geometry": { "type": "Point", "coordinates": [ 131.029722, 34.068278 ] } },
{ "type": "Feature", "properties": { "ID": 3533353102210, "正式名称": "小西歯科診療所", "機関区分": 3, "都道府県コード": 35, "市区町村コード": 201, "所在地": "山口県下関市長府金屋町５－１５", "緯度": 34.001472, "経度": 130.98975, "url": "https://www.iryou.teikyouseido.mhlw.go.jp/znk-web/juminkanja/S2430/initialize?prefCd=35&kikanCd=3353102210&kikanKbn=3", "url2": "http://www.citydo.com/sp/083-246-1533", "内容": "小西歯科診療所【3:歯科】山口県下関市長府金屋町５－１５" }, "geometry": { "type": "Point", "coordinates": [ 130.98975, 34.001472 ] } },
{ "type": "Feature", "properties": { "ID": 3533353102470, "正式名称": "重田歯科医院", "機関区分": 3, "都道府県コード": 35, "市区町村コード": 201, "所在地": "山口県下関市上田中町２－７－１５", "緯度": 33.962639, "経度": 130.9415, "url": "https://www.iryou.teikyouseido.mhlw.go.jp/znk-web/juminkanja/S2430/initialize?prefCd=35&kikanCd=3353102470&kikanKbn=3", "url2": null, "内容": "重田歯科医院【3:歯科】山口県下関市上田中町２－７－１５" }, "geometry": { "type": "Point", "coordinates": [ 130.9415, 33.962639 ] } },
{ "type": "Feature", "properties": { "ID": 3533353102760, "正式名称": "鈴木歯科医院", "機関区分": 3, "都道府県コード": 35, "市区町村コード": 201, "所在地": "山口県下関市赤間町３－３８", "緯度": 33.960111, "経度": 130.942111, "url": "https://www.iryou.teikyouseido.mhlw.go.jp/znk-web/juminkanja/S2430/initialize?prefCd=35&kikanCd=3353102760&kikanKbn=3", "url2": null, "内容": "鈴木歯科医院【3:歯科】山口県下関市赤間町３－３８" }, "geometry": { "type": "Point", "coordinates": [ 130.942111, 33.960111 ] } },
{ "type": "Feature", "properties": { "ID": 3533353103220, "正式名称": "竹田歯科診療所", "機関区分": 3, "都道府県コード": 35, "市区町村コード": 201, "所在地": "山口県下関市綾羅木本町３－２－５", "緯度": 34.003222, "経度": 130.924306, "url": "https://www.iryou.teikyouseido.mhlw.go.jp/znk-web/juminkanja/S2430/initialize?prefCd=35&kikanCd=3353103220&kikanKbn=3", "url2": null, "内容": "竹田歯科診療所【3:歯科】山口県下関市綾羅木本町３－２－５" }, "geometry": { "type": "Point", "coordinates": [ 130.924306, 34.003222 ] } },
{ "type": "Feature", "properties": { "ID": 3533353103510, "正式名称": "田中歯科医院", "機関区分": 3, "都道府県コード": 35, "市区町村コード": 201, "所在地": "山口県下関市後田町１－８－１４", "緯度": 33.968639, "経度": 130.930778, "url": "https://www.iryou.teikyouseido.mhlw.go.jp/znk-web/juminkanja/S2430/initialize?prefCd=35&kikanCd=3353103510&kikanKbn=3", "url2": null, "内容": "田中歯科医院【3:歯科】山口県下関市後田町１－８－１４" }, "geometry": { "type": "Point", "coordinates": [ 130.930778, 33.968639 ] } },
{ "type": "Feature", "properties": { "ID": 3533353104360, "正式名称": "中川歯科医院", "機関区分": 3, "都道府県コード": 35, "市区町村コード": 201, "所在地": "山口県下関市赤間町７－１０", "緯度": 33.958722, "経度": 130.944611, "url": "https://www.iryou.teikyouseido.mhlw.go.jp/znk-web/juminkanja/S2430/initialize?prefCd=35&kikanCd=3353104360&kikanKbn=3", "url2": null, "内容": "中川歯科医院【3:歯科】山口県下関市赤間町７－１０" }, "geometry": { "type": "Point", "coordinates": [ 130.944611, 33.958722 ] } },
{ "type": "Feature", "properties": { "ID": 3533353104650, "正式名称": "中島歯科診療所", "機関区分": 3, "都道府県コード": 35, "市区町村コード": 201, "所在地": "山口県下関市岬之町９－６　杏林ビル３Ｆ", "緯度": 33.952528, "経度": 130.935694, "url": "https://www.iryou.teikyouseido.mhlw.go.jp/znk-web/juminkanja/S2430/initialize?prefCd=35&kikanCd=3353104650&kikanKbn=3", "url2": null, "内容": "中島歯科診療所【3:歯科】山口県下関市岬之町９－６　杏林ビル３Ｆ" }, "geometry": { "type": "Point", "coordinates": [ 130.935694, 33.952528 ] } },
{ "type": "Feature", "properties": { "ID": 3533353104780, "正式名称": "永冨歯科医院", "機関区分": 3, "都道府県コード": 35, "市区町村コード": 201, "所在地": "山口県下関市幸町６－１６", "緯度": 33.961583, "経度": 130.942056, "url": "https://www.iryou.teikyouseido.mhlw.go.jp/znk-web/juminkanja/S2430/initialize?prefCd=35&kikanCd=3353104780&kikanKbn=3", "url2": null, "内容": "永冨歯科医院【3:歯科】山口県下関市幸町６－１６" }, "geometry": { "type": "Point", "coordinates": [ 130.942056, 33.961583 ] } },
{ "type": "Feature", "properties": { "ID": 3533353105370, "正式名称": "藤田歯科医院", "機関区分": 3, "都道府県コード": 35, "市区町村コード": 201, "所在地": "山口県下関市竹崎町２―１１―６", "緯度": 33.952361, "経度": 130.923528, "url": "https://www.iryou.teikyouseido.mhlw.go.jp/znk-web/juminkanja/S2430/initialize?prefCd=35&kikanCd=3353105370&kikanKbn=3", "url2": null, "内容": "藤田歯科医院【3:歯科】山口県下関市竹崎町２―１１―６" }, "geometry": { "type": "Point", "coordinates": [ 130.923528, 33.952361 ] } },
{ "type": "Feature", "properties": { "ID": 3533353105790, "正式名称": "マツモト歯科　矯正歯科", "機関区分": 3, "都道府県コード": 35, "市区町村コード": 201, "所在地": "山口県下関市西入江町３－１２", "緯度": 33.953361, "経度": 130.933694, "url": "https://www.iryou.teikyouseido.mhlw.go.jp/znk-web/juminkanja/S2430/initialize?prefCd=35&kikanCd=3353105790&kikanKbn=3", "url2": null, "内容": "マツモト歯科　矯正歯科【3:歯科】山口県下関市西入江町３－１２" }, "geometry": { "type": "Point", "coordinates": [ 130.933694, 33.953361 ] } },
{ "type": "Feature", "properties": { "ID": 3533353106090, "正式名称": "山口歯科医院", "機関区分": 3, "都道府県コード": 35, "市区町村コード": 201, "所在地": "山口県下関市細江町１－６－７", "緯度": 33.952861, "経度": 130.933167, "url": "https://www.iryou.teikyouseido.mhlw.go.jp/znk-web/juminkanja/S2430/initialize?prefCd=35&kikanCd=3353106090&kikanKbn=3", "url2": null, "内容": "山口歯科医院【3:歯科】山口県下関市細江町１－６－７" }, "geometry": { "type": "Point", "coordinates": [ 130.933167, 33.952861 ] } },
{ "type": "Feature", "properties": { "ID": 3533353107000, "正式名称": "橋本歯科", "機関区分": 3, "都道府県コード": 35, "市区町村コード": 201, "所在地": "山口県下関市長府土居の内町４－１３", "緯度": 33.999528, "経度": 130.989417, "url": "https://www.iryou.teikyouseido.mhlw.go.jp/znk-web/juminkanja/S2430/initialize?prefCd=35&kikanCd=3353107000&kikanKbn=3", "url2": "http//www.hashimoto-dc.net/", "内容": "橋本歯科【3:歯科】山口県下関市長府土居の内町４－１３" }, "geometry": { "type": "Point", "coordinates": [ 130.989417, 33.999528 ] } },
{ "type": "Feature", "properties": { "ID": 3533353107420, "正式名称": "井上歯科医院", "機関区分": 3, "都道府県コード": 35, "市区町村コード": 201, "所在地": "山口県下関市長府土居の内町　１－１６", "緯度": 33.998444, "経度": 130.99075, "url": "https://www.iryou.teikyouseido.mhlw.go.jp/znk-web/juminkanja/S2430/initialize?prefCd=35&kikanCd=3353107420&kikanKbn=3", "url2": null, "内容": "井上歯科医院【3:歯科】山口県下関市長府土居の内町　１－１６" }, "geometry": { "type": "Point", "coordinates": [ 130.99075, 33.998444 ] } },
{ "type": "Feature", "properties": { "ID": 3533353108720, "正式名称": "登根歯科医院", "機関区分": 3, "都道府県コード": 35, "市区町村コード": 201, "所在地": "山口県下関市彦島江ノ浦町１－７－２　登根ビル２階", "緯度": 33.936778, "経度": 130.913722, "url": "https://www.iryou.teikyouseido.mhlw.go.jp/znk-web/juminkanja/S2430/initialize?prefCd=35&kikanCd=3353108720&kikanKbn=3", "url2": "http://tonesika.pupu.jp/index", "内容": "登根歯科医院【3:歯科】山口県下関市彦島江ノ浦町１－７－２　登根ビル２階" }, "geometry": { "type": "Point", "coordinates": [ 130.913722, 33.936778 ] } },
{ "type": "Feature", "properties": { "ID": 3533353109280, "正式名称": "加藤歯科医院", "機関区分": 3, "都道府県コード": 35, "市区町村コード": 201, "所在地": "山口県下関市細江町１－３－２", "緯度": 33.952194, "経度": 130.930694, "url": "https://www.iryou.teikyouseido.mhlw.go.jp/znk-web/juminkanja/S2430/initialize?prefCd=35&kikanCd=3353109280&kikanKbn=3", "url2": "www.kato.or.jp", "内容": "加藤歯科医院【3:歯科】山口県下関市細江町１－３－２" }, "geometry": { "type": "Point", "coordinates": [ 130.930694, 33.952194 ] } },
{ "type": "Feature", "properties": { "ID": 3533353109440, "正式名称": "三井歯科医院", "機関区分": 3, "都道府県コード": 35, "市区町村コード": 201, "所在地": "山口県下関市小月駅前１－８－２８", "緯度": 34.068889, "経度": 131.033861, "url": "https://www.iryou.teikyouseido.mhlw.go.jp/znk-web/juminkanja/S2430/initialize?prefCd=35&kikanCd=3353109440&kikanKbn=3", "url2": null, "内容": "三井歯科医院【3:歯科】山口県下関市小月駅前１－８－２８" }, "geometry": { "type": "Point", "coordinates": [ 131.033861, 34.068889 ] } },
{ "type": "Feature", "properties": { "ID": 3533353109860, "正式名称": "とさき歯科医院", "機関区分": 3, "都道府県コード": 35, "市区町村コード": 201, "所在地": "山口県下関市田中町８－１０", "緯度": 33.958639, "経度": 130.940667, "url": "https://www.iryou.teikyouseido.mhlw.go.jp/znk-web/juminkanja/S2430/initialize?prefCd=35&kikanCd=3353109860&kikanKbn=3", "url2": null, "内容": "とさき歯科医院【3:歯科】山口県下関市田中町８－１０" }, "geometry": { "type": "Point", "coordinates": [ 130.940667, 33.958639 ] } },
{ "type": "Feature", "properties": { "ID": 3533353110000, "正式名称": "財満歯科医院", "機関区分": 3, "都道府県コード": 35, "市区町村コード": 201, "所在地": "山口県下関市長府亀の甲１－３－１", "緯度": 34.001389, "経度": 130.987667, "url": "https://www.iryou.teikyouseido.mhlw.go.jp/znk-web/juminkanja/S2430/initialize?prefCd=35&kikanCd=3353110000&kikanKbn=3", "url2": "http://www7b.biglobe.ne.jp/~Zaima", "内容": "財満歯科医院【3:歯科】山口県下関市長府亀の甲１－３－１" }, "geometry": { "type": "Point", "coordinates": [ 130.987667, 34.001389 ] } },
{ "type": "Feature", "properties": { "ID": 3533353110390, "正式名称": "大野歯科医院", "機関区分": 3, "都道府県コード": 35, "市区町村コード": 201, "所在地": "山口県下関市清末鞍馬２－３－１", "緯度": 34.063194, "経度": 131.026778, "url": "https://www.iryou.teikyouseido.mhlw.go.jp/znk-web/juminkanja/S2430/initialize?prefCd=35&kikanCd=3353110390&kikanKbn=3", "url2": null, "内容": "大野歯科医院【3:歯科】山口県下関市清末鞍馬２－３－１" }, "geometry": { "type": "Point", "coordinates": [ 131.026778, 34.063194 ] } },
{ "type": "Feature", "properties": { "ID": 3533353110391, "正式名称": "（医）Ｙ－Ｗｉｎｄ　リピエデンタルクリニック", "機関区分": 3, "都道府県コード": 35, "市区町村コード": 201, "所在地": "山口県下関市竹崎町四丁目３番３号　リピエ下関２階", "緯度": 33.950111, "経度": 130.923083, "url": "https://www.iryou.teikyouseido.mhlw.go.jp/znk-web/juminkanja/S2430/initialize?prefCd=35&kikanCd=3353110391&kikanKbn=3", "url2": "http://www.ripie-dentalclinic.com", "内容": "（医）Ｙ－Ｗｉｎｄ　リピエデンタルクリニック【3:歯科】山口県下関市竹崎町四丁目３番３号　リピエ下関２階" }, "geometry": { "type": "Point", "coordinates": [ 130.923083, 33.950111 ] } },
{ "type": "Feature", "properties": { "ID": 3533353110550, "正式名称": "田崎歯科医院", "機関区分": 3, "都道府県コード": 35, "市区町村コード": 201, "所在地": "山口県下関市竹崎町３－４－２１", "緯度": 33.953389, "経度": 130.921806, "url": "https://www.iryou.teikyouseido.mhlw.go.jp/znk-web/juminkanja/S2430/initialize?prefCd=35&kikanCd=3353110550&kikanKbn=3", "url2": null, "内容": "田崎歯科医院【3:歯科】山口県下関市竹崎町３－４－２１" }, "geometry": { "type": "Point", "coordinates": [ 130.921806, 33.953389 ] } },
{ "type": "Feature", "properties": { "ID": 3533353110680, "正式名称": "つぐ歯科医院", "機関区分": 3, "都道府県コード": 35, "市区町村コード": 201, "所在地": "山口県下関市富任町１－６－１４", "緯度": 34.018194, "経度": 130.919278, "url": "https://www.iryou.teikyouseido.mhlw.go.jp/znk-web/juminkanja/S2430/initialize?prefCd=35&kikanCd=3353110680&kikanKbn=3", "url2": "https://tsugudentalclinic.com", "内容": "つぐ歯科医院【3:歯科】山口県下関市富任町１－６－１４" }, "geometry": { "type": "Point", "coordinates": [ 130.919278, 34.018194 ] } },
{ "type": "Feature", "properties": { "ID": 3533353110840, "正式名称": "なかがわ歯科医院", "機関区分": 3, "都道府県コード": 35, "市区町村コード": 201, "所在地": "山口県下関市武久町１－１９－１７", "緯度": 33.983278, "経度": 130.926, "url": "https://www.iryou.teikyouseido.mhlw.go.jp/znk-web/juminkanja/S2430/initialize?prefCd=35&kikanCd=3353110840&kikanKbn=3", "url2": null, "内容": "なかがわ歯科医院【3:歯科】山口県下関市武久町１－１９－１７" }, "geometry": { "type": "Point", "coordinates": [ 130.926, 33.983278 ] } },
{ "type": "Feature", "properties": { "ID": 3533353111010, "正式名称": "野間歯科医院", "機関区分": 3, "都道府県コード": 35, "市区町村コード": 201, "所在地": "山口県下関市今浦町１０－２７", "緯度": 33.953972, "経度": 130.921778, "url": "https://www.iryou.teikyouseido.mhlw.go.jp/znk-web/juminkanja/S2430/initialize?prefCd=35&kikanCd=3353111010&kikanKbn=3", "url2": "https://www.noma-shika.com/", "内容": "野間歯科医院【3:歯科】山口県下関市今浦町１０－２７" }, "geometry": { "type": "Point", "coordinates": [ 130.921778, 33.953972 ] } },
{ "type": "Feature", "properties": { "ID": 3533353111140, "正式名称": "廣田歯科医院", "機関区分": 3, "都道府県コード": 35, "市区町村コード": 201, "所在地": "山口県下関市安岡町１－１０－１４", "緯度": 34.028611, "経度": 130.912556, "url": "https://www.iryou.teikyouseido.mhlw.go.jp/znk-web/juminkanja/S2430/initialize?prefCd=35&kikanCd=3353111140&kikanKbn=3", "url2": "http://www.hirota-dent.com/", "内容": "廣田歯科医院【3:歯科】山口県下関市安岡町１－１０－１４" }, "geometry": { "type": "Point", "coordinates": [ 130.912556, 34.028611 ] } },
{ "type": "Feature", "properties": { "ID": 3533353111270, "正式名称": "藤井歯科診療所", "機関区分": 3, "都道府県コード": 35, "市区町村コード": 201, "所在地": "山口県下関市竹崎町３－８－２３", "緯度": 33.953222, "経度": 130.9215, "url": "https://www.iryou.teikyouseido.mhlw.go.jp/znk-web/juminkanja/S2430/initialize?prefCd=35&kikanCd=3353111270&kikanKbn=3", "url2": null, "内容": "藤井歯科診療所【3:歯科】山口県下関市竹崎町３－８－２３" }, "geometry": { "type": "Point", "coordinates": [ 130.9215, 33.953222 ] } },
{ "type": "Feature", "properties": { "ID": 3533353111690, "正式名称": "山本歯科医院", "機関区分": 3, "都道府県コード": 35, "市区町村コード": 201, "所在地": "山口県下関市秋根南町　１－１－２６", "緯度": 34.008222, "経度": 130.951889, "url": "https://www.iryou.teikyouseido.mhlw.go.jp/znk-web/juminkanja/S2430/initialize?prefCd=35&kikanCd=3353111690&kikanKbn=3", "url2": null, "内容": "山本歯科医院【3:歯科】山口県下関市秋根南町　１－１－２６" }, "geometry": { "type": "Point", "coordinates": [ 130.951889, 34.008222 ] } },
{ "type": "Feature", "properties": { "ID": 3533353111720, "正式名称": "長田歯科医院", "機関区分": 3, "都道府県コード": 35, "市区町村コード": 201, "所在地": "山口県下関市豊前田町２－３－１５", "緯度": 33.952972, "経度": 130.926639, "url": "https://www.iryou.teikyouseido.mhlw.go.jp/znk-web/juminkanja/S2430/initialize?prefCd=35&kikanCd=3353111720&kikanKbn=3", "url2": null, "内容": "長田歯科医院【3:歯科】山口県下関市豊前田町２－３－１５" }, "geometry": { "type": "Point", "coordinates": [ 130.926639, 33.952972 ] } },
{ "type": "Feature", "properties": { "ID": 3533353112990, "正式名称": "岩城歯科医院", "機関区分": 3, "都道府県コード": 35, "市区町村コード": 201, "所在地": "山口県下関市一の宮町２丁目５番１７号", "緯度": 34.005028, "経度": 130.949, "url": "https://www.iryou.teikyouseido.mhlw.go.jp/znk-web/juminkanja/S2430/initialize?prefCd=35&kikanCd=3353112990&kikanKbn=3", "url2": "https://ayumidentistry.or.jp", "内容": "岩城歯科医院【3:歯科】山口県下関市一の宮町２丁目５番１７号" }, "geometry": { "type": "Point", "coordinates": [ 130.949, 34.005028 ] } },
{ "type": "Feature", "properties": { "ID": 3533353113160, "正式名称": "徳永歯科クリニック", "機関区分": 3, "都道府県コード": 35, "市区町村コード": 201, "所在地": "山口県下関市横野町３－５－７", "緯度": 34.030861, "経度": 130.911694, "url": "https://www.iryou.teikyouseido.mhlw.go.jp/znk-web/juminkanja/S2430/initialize?prefCd=35&kikanCd=3353113160&kikanKbn=3", "url2": null, "内容": "徳永歯科クリニック【3:歯科】山口県下関市横野町３－５－７" }, "geometry": { "type": "Point", "coordinates": [ 130.911694, 34.030861 ] } },
{ "type": "Feature", "properties": { "ID": 3533353113450, "正式名称": "フジイ歯科医院", "機関区分": 3, "都道府県コード": 35, "市区町村コード": 201, "所在地": "山口県下関市長府松原町４番９号", "緯度": 33.993194, "経度": 130.990056, "url": "https://www.iryou.teikyouseido.mhlw.go.jp/znk-web/juminkanja/S2430/initialize?prefCd=35&kikanCd=3353113450&kikanKbn=3", "url2": "https://www.fujiisika.jp/", "内容": "フジイ歯科医院【3:歯科】山口県下関市長府松原町４番９号" }, "geometry": { "type": "Point", "coordinates": [ 130.990056, 33.993194 ] } },
{ "type": "Feature", "properties": { "ID": 3533353113610, "正式名称": "生野歯科医院", "機関区分": 3, "都道府県コード": 35, "市区町村コード": 201, "所在地": "山口県下関市生野町２丁目３６－１", "緯度": 33.985833, "経度": 130.938806, "url": "https://www.iryou.teikyouseido.mhlw.go.jp/znk-web/juminkanja/S2430/initialize?prefCd=35&kikanCd=3353113610&kikanKbn=3", "url2": null, "内容": "生野歯科医院【3:歯科】山口県下関市生野町２丁目３６－１" }, "geometry": { "type": "Point", "coordinates": [ 130.938806, 33.985833 ] } },
{ "type": "Feature", "properties": { "ID": 3533353113740, "正式名称": "中島歯科医院", "機関区分": 3, "都道府県コード": 35, "市区町村コード": 201, "所在地": "山口県下関市綾羅木本町２丁目７番１号", "緯度": 34.004667, "経度": 130.92625, "url": "https://www.iryou.teikyouseido.mhlw.go.jp/znk-web/juminkanja/S2430/initialize?prefCd=35&kikanCd=3353113740&kikanKbn=3", "url2": null, "内容": "中島歯科医院【3:歯科】山口県下関市綾羅木本町２丁目７番１号" }, "geometry": { "type": "Point", "coordinates": [ 130.92625, 34.004667 ] } },
{ "type": "Feature", "properties": { "ID": 3533353114040, "正式名称": "津次歯科医院", "機関区分": 3, "都道府県コード": 35, "市区町村コード": 201, "所在地": "山口県下関市田中町６番６号", "緯度": 33.958417, "経度": 130.941778, "url": "https://www.iryou.teikyouseido.mhlw.go.jp/znk-web/juminkanja/S2430/initialize?prefCd=35&kikanCd=3353114040&kikanKbn=3", "url2": null, "内容": "津次歯科医院【3:歯科】山口県下関市田中町６番６号" }, "geometry": { "type": "Point", "coordinates": [ 130.941778, 33.958417 ] } },
{ "type": "Feature", "properties": { "ID": 3533353114200, "正式名称": "医療法人ふくだ歯科　福田歯科医院", "機関区分": 3, "都道府県コード": 35, "市区町村コード": 201, "所在地": "山口県下関市長府中浜町４－６", "緯度": 33.997778, "経度": 130.9895, "url": "https://www.iryou.teikyouseido.mhlw.go.jp/znk-web/juminkanja/S2430/initialize?prefCd=35&kikanCd=3353114200&kikanKbn=3", "url2": "http://www.deht-fukuda.com", "内容": "医療法人ふくだ歯科　福田歯科医院【3:歯科】山口県下関市長府中浜町４－６" }, "geometry": { "type": "Point", "coordinates": [ 130.9895, 33.997778 ] } },
{ "type": "Feature", "properties": { "ID": 3533353114460, "正式名称": "あさひ歯科医院", "機関区分": 3, "都道府県コード": 35, "市区町村コード": 201, "所在地": "山口県下関市大和町１－３－５", "緯度": 33.948861, "経度": 130.920806, "url": "https://www.iryou.teikyouseido.mhlw.go.jp/znk-web/juminkanja/S2430/initialize?prefCd=35&kikanCd=3353114460&kikanKbn=3", "url2": null, "内容": "あさひ歯科医院【3:歯科】山口県下関市大和町１－３－５" }, "geometry": { "type": "Point", "coordinates": [ 130.920806, 33.948861 ] } },
{ "type": "Feature", "properties": { "ID": 3533353114590, "正式名称": "医療法人こばやし歯科医院", "機関区分": 3, "都道府県コード": 35, "市区町村コード": 201, "所在地": "山口県下関市横野町１－８－２２", "緯度": 34.030333, "経度": 130.913306, "url": "https://www.iryou.teikyouseido.mhlw.go.jp/znk-web/juminkanja/S2430/initialize?prefCd=35&kikanCd=3353114590&kikanKbn=3", "url2": null, "内容": "医療法人こばやし歯科医院【3:歯科】山口県下関市横野町１－８－２２" }, "geometry": { "type": "Point", "coordinates": [ 130.913306, 34.030333 ] } },
{ "type": "Feature", "properties": { "ID": 3533353114750, "正式名称": "おおむら歯科医院", "機関区分": 3, "都道府県コード": 35, "市区町村コード": 201, "所在地": "山口県下関市竹崎町四丁目１番２９号", "緯度": 33.950556, "経度": 130.926694, "url": "https://www.iryou.teikyouseido.mhlw.go.jp/znk-web/juminkanja/S2430/initialize?prefCd=35&kikanCd=3353114750&kikanKbn=3", "url2": "https://shimonoseki.omurashika.com", "内容": "おおむら歯科医院【3:歯科】山口県下関市竹崎町四丁目１番２９号" }, "geometry": { "type": "Point", "coordinates": [ 130.926694, 33.950556 ] } },
{ "type": "Feature", "properties": { "ID": 3533353114910, "正式名称": "医療法人社団玉置歯科", "機関区分": 3, "都道府県コード": 35, "市区町村コード": 201, "所在地": "山口県下関市彦島福浦町三丁目１番１７号", "緯度": 33.927889, "経度": 130.912694, "url": "https://www.iryou.teikyouseido.mhlw.go.jp/znk-web/juminkanja/S2430/initialize?prefCd=35&kikanCd=3353114910&kikanKbn=3", "url2": null, "内容": "医療法人社団玉置歯科【3:歯科】山口県下関市彦島福浦町三丁目１番１７号" }, "geometry": { "type": "Point", "coordinates": [ 130.912694, 33.927889 ] } },
{ "type": "Feature", "properties": { "ID": 3533353115180, "正式名称": "末永歯科医院", "機関区分": 3, "都道府県コード": 35, "市区町村コード": 201, "所在地": "山口県下関市長府八幡町５番３号", "緯度": 34.00925, "経度": 130.993639, "url": "https://www.iryou.teikyouseido.mhlw.go.jp/znk-web/juminkanja/S2430/initialize?prefCd=35&kikanCd=3353115180&kikanKbn=3", "url2": null, "内容": "末永歯科医院【3:歯科】山口県下関市長府八幡町５番３号" }, "geometry": { "type": "Point", "coordinates": [ 130.993639, 34.00925 ] } },
{ "type": "Feature", "properties": { "ID": 3533353115210, "正式名称": "竹中歯科医院", "機関区分": 3, "都道府県コード": 35, "市区町村コード": 201, "所在地": "山口県下関市竹崎町１丁目１６番１２号", "緯度": 33.951222, "経度": 130.926222, "url": "https://www.iryou.teikyouseido.mhlw.go.jp/znk-web/juminkanja/S2430/initialize?prefCd=35&kikanCd=3353115210&kikanKbn=3", "url2": "https://www.takenaka-dentalclinic.com", "内容": "竹中歯科医院【3:歯科】山口県下関市竹崎町１丁目１６番１２号" }, "geometry": { "type": "Point", "coordinates": [ 130.926222, 33.951222 ] } },
{ "type": "Feature", "properties": { "ID": 3533353115340, "正式名称": "医療法人社団　なかしま歯科医院", "機関区分": 3, "都道府県コード": 35, "市区町村コード": 201, "所在地": "山口県下関市熊野西町８－３５", "緯度": 33.993528, "経度": 130.940667, "url": "https://www.iryou.teikyouseido.mhlw.go.jp/znk-web/juminkanja/S2430/initialize?prefCd=35&kikanCd=3353115340&kikanKbn=3", "url2": "www.nakashima-do.com", "内容": "医療法人社団　なかしま歯科医院【3:歯科】山口県下関市熊野西町８－３５" }, "geometry": { "type": "Point", "coordinates": [ 130.940667, 33.993528 ] } },
{ "type": "Feature", "properties": { "ID": 3533353115630, "正式名称": "たかさと歯科医院", "機関区分": 3, "都道府県コード": 35, "市区町村コード": 201, "所在地": "山口県下関市王司上町１－１－１１", "緯度": 34.045333, "経度": 131.014, "url": "https://www.iryou.teikyouseido.mhlw.go.jp/znk-web/juminkanja/S2430/initialize?prefCd=35&kikanCd=3353115630&kikanKbn=3", "url2": "http://www.takasato-dental.com/", "内容": "たかさと歯科医院【3:歯科】山口県下関市王司上町１－１－１１" }, "geometry": { "type": "Point", "coordinates": [ 131.014, 34.045333 ] } },
{ "type": "Feature", "properties": { "ID": 3533353115760, "正式名称": "大西歯科医院", "機関区分": 3, "都道府県コード": 35, "市区町村コード": 201, "所在地": "山口県下関市彦島江の浦町３ー５ー５　２Ｆ", "緯度": 33.929056, "経度": 130.914694, "url": "https://www.iryou.teikyouseido.mhlw.go.jp/znk-web/juminkanja/S2430/initialize?prefCd=35&kikanCd=3353115760&kikanKbn=3", "url2": "www.kamiguse.jp", "内容": "大西歯科医院【3:歯科】山口県下関市彦島江の浦町３ー５ー５　２Ｆ" }, "geometry": { "type": "Point", "coordinates": [ 130.914694, 33.929056 ] } },
{ "type": "Feature", "properties": { "ID": 3533353115890, "正式名称": "グリーン歯科医院", "機関区分": 3, "都道府県コード": 35, "市区町村コード": 201, "所在地": "山口県下関市新垢田南町１丁目１３番１０号", "緯度": 33.987611, "経度": 130.91825, "url": "https://www.iryou.teikyouseido.mhlw.go.jp/znk-web/juminkanja/S2430/initialize?prefCd=35&kikanCd=3353115890&kikanKbn=3", "url2": null, "内容": "グリーン歯科医院【3:歯科】山口県下関市新垢田南町１丁目１３番１０号" }, "geometry": { "type": "Point", "coordinates": [ 130.91825, 33.987611 ] } },
{ "type": "Feature", "properties": { "ID": 3533353115920, "正式名称": "サファイア歯科", "機関区分": 3, "都道府県コード": 35, "市区町村コード": 201, "所在地": "山口県下関市綾羅木新町２丁目１番１号", "緯度": 34.013389, "経度": 130.920417, "url": "https://www.iryou.teikyouseido.mhlw.go.jp/znk-web/juminkanja/S2430/initialize?prefCd=35&kikanCd=3353115920&kikanKbn=3", "url2": null, "内容": "サファイア歯科【3:歯科】山口県下関市綾羅木新町２丁目１番１号" }, "geometry": { "type": "Point", "coordinates": [ 130.920417, 34.013389 ] } },
{ "type": "Feature", "properties": { "ID": 3533353116060, "正式名称": "平山歯科医院", "機関区分": 3, "都道府県コード": 35, "市区町村コード": 201, "所在地": "山口県下関市向山町１５－１７", "緯度": 33.967972, "経度": 130.926833, "url": "https://www.iryou.teikyouseido.mhlw.go.jp/znk-web/juminkanja/S2430/initialize?prefCd=35&kikanCd=3353116060&kikanKbn=3", "url2": null, "内容": "平山歯科医院【3:歯科】山口県下関市向山町１５－１７" }, "geometry": { "type": "Point", "coordinates": [ 130.926833, 33.967972 ] } },
{ "type": "Feature", "properties": { "ID": 3533353116220, "正式名称": "ゆたか歯科医院", "機関区分": 3, "都道府県コード": 35, "市区町村コード": 201, "所在地": "山口県下関市川中豊町５－２－５", "緯度": 33.996194, "経度": 130.939861, "url": "https://www.iryou.teikyouseido.mhlw.go.jp/znk-web/juminkanja/S2430/initialize?prefCd=35&kikanCd=3353116220&kikanKbn=3", "url2": null, "内容": "ゆたか歯科医院【3:歯科】山口県下関市川中豊町５－２－５" }, "geometry": { "type": "Point", "coordinates": [ 130.939861, 33.996194 ] } },
{ "type": "Feature", "properties": { "ID": 3533353116350, "正式名称": "ツルミ歯科医院", "機関区分": 3, "都道府県コード": 35, "市区町村コード": 201, "所在地": "山口県下関市唐戸町３番８号　三共ビル２階", "緯度": 33.957278, "経度": 130.943306, "url": "https://www.iryou.teikyouseido.mhlw.go.jp/znk-web/juminkanja/S2430/initialize?prefCd=35&kikanCd=3353116350&kikanKbn=3", "url2": "https://tsurumi-dental-clinic.amebaownd.com", "内容": "ツルミ歯科医院【3:歯科】山口県下関市唐戸町３番８号　三共ビル２階" }, "geometry": { "type": "Point", "coordinates": [ 130.943306, 33.957278 ] } },
{ "type": "Feature", "properties": { "ID": 3533353116510, "正式名称": "西嶋歯科医院", "機関区分": 3, "都道府県コード": 35, "市区町村コード": 201, "所在地": "山口県下関市長府印内町１番１４号", "緯度": 34.004917, "経度": 130.99325, "url": "https://www.iryou.teikyouseido.mhlw.go.jp/znk-web/juminkanja/S2430/initialize?prefCd=35&kikanCd=3353116510&kikanKbn=3", "url2": "http://www.nishijima-dc.jp", "内容": "西嶋歯科医院【3:歯科】山口県下関市長府印内町１番１４号" }, "geometry": { "type": "Point", "coordinates": [ 130.99325, 34.004917 ] } },
{ "type": "Feature", "properties": { "ID": 3533353116640, "正式名称": "乙成歯科医院", "機関区分": 3, "都道府県コード": 35, "市区町村コード": 201, "所在地": "山口県下関市一の宮町２丁目１３－３　不二ビル１階", "緯度": 34.003444, "経度": 130.950306, "url": "https://www.iryou.teikyouseido.mhlw.go.jp/znk-web/juminkanja/S2430/initialize?prefCd=35&kikanCd=3353116640&kikanKbn=3", "url2": null, "内容": "乙成歯科医院【3:歯科】山口県下関市一の宮町２丁目１３－３　不二ビル１階" }, "geometry": { "type": "Point", "coordinates": [ 130.950306, 34.003444 ] } },
{ "type": "Feature", "properties": { "ID": 3533353116770, "正式名称": "医療法人たなか歯科クリニック", "機関区分": 3, "都道府県コード": 35, "市区町村コード": 201, "所在地": "山口県下関市田倉７６５", "緯度": 34.013417, "経度": 130.966111, "url": "https://www.iryou.teikyouseido.mhlw.go.jp/znk-web/juminkanja/S2430/initialize?prefCd=35&kikanCd=3353116770&kikanKbn=3", "url2": "http://www.tanakashika-661165.com/", "内容": "医療法人たなか歯科クリニック【3:歯科】山口県下関市田倉７６５" }, "geometry": { "type": "Point", "coordinates": [ 130.966111, 34.013417 ] } },
{ "type": "Feature", "properties": { "ID": 3533353116800, "正式名称": "植田歯科医院", "機関区分": 3, "都道府県コード": 35, "市区町村コード": 201, "所在地": "山口県下関市彦島西山町二丁目１番２６号", "緯度": 33.943861, "経度": 130.891333, "url": "https://www.iryou.teikyouseido.mhlw.go.jp/znk-web/juminkanja/S2430/initialize?prefCd=35&kikanCd=3353116800&kikanKbn=3", "url2": null, "内容": "植田歯科医院【3:歯科】山口県下関市彦島西山町二丁目１番２６号" }, "geometry": { "type": "Point", "coordinates": [ 130.891333, 33.943861 ] } },
{ "type": "Feature", "properties": { "ID": 3533353116930, "正式名称": "江嵜歯科医院", "機関区分": 3, "都道府県コード": 35, "市区町村コード": 201, "所在地": "山口県下関市永田本町１丁目７番１０号", "緯度": 34.0735, "経度": 130.896083, "url": "https://www.iryou.teikyouseido.mhlw.go.jp/znk-web/juminkanja/S2430/initialize?prefCd=35&kikanCd=3353116930&kikanKbn=3", "url2": null, "内容": "江嵜歯科医院【3:歯科】山口県下関市永田本町１丁目７番１０号" }, "geometry": { "type": "Point", "coordinates": [ 130.896083, 34.0735 ] } },
{ "type": "Feature", "properties": { "ID": 3533353117070, "正式名称": "森永歯科医院", "機関区分": 3, "都道府県コード": 35, "市区町村コード": 201, "所在地": "山口県下関市綾羅木本町４－１０－１０", "緯度": 34.003806, "経度": 130.924722, "url": "https://www.iryou.teikyouseido.mhlw.go.jp/znk-web/juminkanja/S2430/initialize?prefCd=35&kikanCd=3353117070&kikanKbn=3", "url2": null, "内容": "森永歯科医院【3:歯科】山口県下関市綾羅木本町４－１０－１０" }, "geometry": { "type": "Point", "coordinates": [ 130.924722, 34.003806 ] } },
{ "type": "Feature", "properties": { "ID": 3533353117100, "正式名称": "岡歯科医院", "機関区分": 3, "都道府県コード": 35, "市区町村コード": 201, "所在地": "山口県下関市川中豊町１－３－５", "緯度": 33.998889, "経度": 130.938056, "url": "https://www.iryou.teikyouseido.mhlw.go.jp/znk-web/juminkanja/S2430/initialize?prefCd=35&kikanCd=3353117100&kikanKbn=3", "url2": "oka-dental-clinic.com", "内容": "岡歯科医院【3:歯科】山口県下関市川中豊町１－３－５" }, "geometry": { "type": "Point", "coordinates": [ 130.938056, 33.998889 ] } },
{ "type": "Feature", "properties": { "ID": 3533353117230, "正式名称": "医療法人　木原歯科医院", "機関区分": 3, "都道府県コード": 35, "市区町村コード": 201, "所在地": "山口県下関市秋根南町１丁目６番９号", "緯度": 34.007139, "経度": 130.9515, "url": "https://www.iryou.teikyouseido.mhlw.go.jp/znk-web/juminkanja/S2430/initialize?prefCd=35&kikanCd=3353117230&kikanKbn=3", "url2": "http://peraichi.com/landing_pages/view/kdo/", "内容": "医療法人　木原歯科医院【3:歯科】山口県下関市秋根南町１丁目６番９号" }, "geometry": { "type": "Point", "coordinates": [ 130.9515, 34.007139 ] } },
{ "type": "Feature", "properties": { "ID": 3533353117520, "正式名称": "いのうえ歯科勝谷", "機関区分": 3, "都道府県コード": 35, "市区町村コード": 201, "所在地": "山口県下関市勝谷新町１丁目１１－２４", "緯度": 34.002694, "経度": 130.967861, "url": "https://www.iryou.teikyouseido.mhlw.go.jp/znk-web/juminkanja/S2430/initialize?prefCd=35&kikanCd=3353117520&kikanKbn=3", "url2": "inoueshika-shoya.com", "内容": "いのうえ歯科勝谷【3:歯科】山口県下関市勝谷新町１丁目１１－２４" }, "geometry": { "type": "Point", "coordinates": [ 130.967861, 34.002694 ] } },
{ "type": "Feature", "properties": { "ID": 3533353117650, "正式名称": "佐藤歯科・インプラントクリニック", "機関区分": 3, "都道府県コード": 35, "市区町村コード": 201, "所在地": "山口県下関市向山町３－２４", "緯度": 33.966222, "経度": 130.92525, "url": "https://www.iryou.teikyouseido.mhlw.go.jp/znk-web/juminkanja/S2430/initialize?prefCd=35&kikanCd=3353117650&kikanKbn=3", "url2": "dentalc-sato.com", "内容": "佐藤歯科・インプラントクリニック【3:歯科】山口県下関市向山町３－２４" }, "geometry": { "type": "Point", "coordinates": [ 130.92525, 33.966222 ] } },
{ "type": "Feature", "properties": { "ID": 3533353117940, "正式名称": "医療法人　山崎歯科クリニック", "機関区分": 3, "都道府県コード": 35, "市区町村コード": 201, "所在地": "山口県下関市細江町１丁目２番３号　山崎ビル２Ｆ", "緯度": 33.952423, "経度": 130.932243, "url": "https://www.iryou.teikyouseido.mhlw.go.jp/znk-web/juminkanja/S2430/initialize?prefCd=35&kikanCd=3353117940&kikanKbn=3", "url2": "http://www.dc-y.jp/", "内容": "医療法人　山崎歯科クリニック【3:歯科】山口県下関市細江町１丁目２番３号　山崎ビル２Ｆ" }, "geometry": { "type": "Point", "coordinates": [ 130.932243, 33.952423 ] } },
{ "type": "Feature", "properties": { "ID": 3533353118240, "正式名称": "つる歯科医院", "機関区分": 3, "都道府県コード": 35, "市区町村コード": 201, "所在地": "山口県下関市細江町２－２－１３", "緯度": 33.95175, "経度": 130.932528, "url": "https://www.iryou.teikyouseido.mhlw.go.jp/znk-web/juminkanja/S2430/initialize?prefCd=35&kikanCd=3353118240&kikanKbn=3", "url2": null, "内容": "つる歯科医院【3:歯科】山口県下関市細江町２－２－１３" }, "geometry": { "type": "Point", "coordinates": [ 130.932528, 33.95175 ] } },
{ "type": "Feature", "properties": { "ID": 3533353118370, "正式名称": "阿久津歯科医院", "機関区分": 3, "都道府県コード": 35, "市区町村コード": 201, "所在地": "山口県下関市山の田本町１８－６", "緯度": 33.988528, "経度": 130.930083, "url": "https://www.iryou.teikyouseido.mhlw.go.jp/znk-web/juminkanja/S2430/initialize?prefCd=35&kikanCd=3353118370&kikanKbn=3", "url2": null, "内容": "阿久津歯科医院【3:歯科】山口県下関市山の田本町１８－６" }, "geometry": { "type": "Point", "coordinates": [ 130.930083, 33.988528 ] } },
{ "type": "Feature", "properties": { "ID": 3533353118400, "正式名称": "芳川歯科クリニック", "機関区分": 3, "都道府県コード": 35, "市区町村コード": 201, "所在地": "山口県下関市彦島向井町二丁目１３番５号", "緯度": 33.919361, "経度": 130.918833, "url": "https://www.iryou.teikyouseido.mhlw.go.jp/znk-web/juminkanja/S2430/initialize?prefCd=35&kikanCd=3353118400&kikanKbn=3", "url2": null, "内容": "芳川歯科クリニック【3:歯科】山口県下関市彦島向井町二丁目１３番５号" }, "geometry": { "type": "Point", "coordinates": [ 130.918833, 33.919361 ] } },
{ "type": "Feature", "properties": { "ID": 3533353118530, "正式名称": "帆足歯科医院", "機関区分": 3, "都道府県コード": 35, "市区町村コード": 201, "所在地": "山口県下関市上田中町二丁目２１－２", "緯度": 33.962556, "経度": 130.940056, "url": "https://www.iryou.teikyouseido.mhlw.go.jp/znk-web/juminkanja/S2430/initialize?prefCd=35&kikanCd=3353118530&kikanKbn=3", "url2": null, "内容": "帆足歯科医院【3:歯科】山口県下関市上田中町二丁目２１－２" }, "geometry": { "type": "Point", "coordinates": [ 130.940056, 33.962556 ] } },
{ "type": "Feature", "properties": { "ID": 3533353118660, "正式名称": "にしだ歯科クリニック", "機関区分": 3, "都道府県コード": 35, "市区町村コード": 201, "所在地": "山口県下関市彦島江の浦町九丁目１－５", "緯度": 33.930056, "経度": 130.918667, "url": "https://www.iryou.teikyouseido.mhlw.go.jp/znk-web/juminkanja/S2430/initialize?prefCd=35&kikanCd=3353118660&kikanKbn=3", "url2": "nishida-dc-shimonoseki.com", "内容": "にしだ歯科クリニック【3:歯科】山口県下関市彦島江の浦町九丁目１－５" }, "geometry": { "type": "Point", "coordinates": [ 130.918667, 33.930056 ] } },
{ "type": "Feature", "properties": { "ID": 3533353118790, "正式名称": "医療法人審美会　かねこ歯科インプラントクリニック", "機関区分": 3, "都道府県コード": 35, "市区町村コード": 201, "所在地": "山口県下関市吉見本町二丁目１－１５", "緯度": 34.066444, "経度": 130.905639, "url": "https://www.iryou.teikyouseido.mhlw.go.jp/znk-web/juminkanja/S2430/initialize?prefCd=35&kikanCd=3353118790&kikanKbn=3", "url2": "http://www.implant-kaneko.jp", "内容": "医療法人審美会　かねこ歯科インプラントクリニック【3:歯科】山口県下関市吉見本町二丁目１－１５" }, "geometry": { "type": "Point", "coordinates": [ 130.905639, 34.066444 ] } },
{ "type": "Feature", "properties": { "ID": 3533353118820, "正式名称": "芳川歯科医院", "機関区分": 3, "都道府県コード": 35, "市区町村コード": 201, "所在地": "山口県下関市上新地町三丁目６－５", "緯度": 33.958028, "経度": 130.920861, "url": "https://www.iryou.teikyouseido.mhlw.go.jp/znk-web/juminkanja/S2430/initialize?prefCd=35&kikanCd=3353118820&kikanKbn=3", "url2": null, "内容": "芳川歯科医院【3:歯科】山口県下関市上新地町三丁目６－５" }, "geometry": { "type": "Point", "coordinates": [ 130.920861, 33.958028 ] } },
{ "type": "Feature", "properties": { "ID": 3533353118950, "正式名称": "おおの小児矯正歯科", "機関区分": 3, "都道府県コード": 35, "市区町村コード": 201, "所在地": "山口県下関市観音崎町１１－８", "緯度": 33.953, "経度": 130.939167, "url": "https://www.iryou.teikyouseido.mhlw.go.jp/znk-web/juminkanja/S2430/initialize?prefCd=35&kikanCd=3353118950&kikanKbn=3", "url2": "http://ohno-dental.jp", "内容": "おおの小児矯正歯科【3:歯科】山口県下関市観音崎町１１－８" }, "geometry": { "type": "Point", "coordinates": [ 130.939167, 33.953 ] } },
{ "type": "Feature", "properties": { "ID": 3533353119090, "正式名称": "湯田歯科医院", "機関区分": 3, "都道府県コード": 35, "市区町村コード": 201, "所在地": "山口県下関市田倉字原５３５－１", "緯度": 34.013333, "経度": 130.968167, "url": "https://www.iryou.teikyouseido.mhlw.go.jp/znk-web/juminkanja/S2430/initialize?prefCd=35&kikanCd=3353119090&kikanKbn=3", "url2": null, "内容": "湯田歯科医院【3:歯科】山口県下関市田倉字原５３５－１" }, "geometry": { "type": "Point", "coordinates": [ 130.968167, 34.013333 ] } },
{ "type": "Feature", "properties": { "ID": 3533353119120, "正式名称": "にしじま歯科", "機関区分": 3, "都道府県コード": 35, "市区町村コード": 201, "所在地": "山口県下関市秋根西町１丁目１－３０", "緯度": 34.010333, "経度": 130.948722, "url": "https://www.iryou.teikyouseido.mhlw.go.jp/znk-web/juminkanja/S2430/initialize?prefCd=35&kikanCd=3353119120&kikanKbn=3", "url2": "nishijimadc.com", "内容": "にしじま歯科【3:歯科】山口県下関市秋根西町１丁目１－３０" }, "geometry": { "type": "Point", "coordinates": [ 130.948722, 34.010333 ] } },
{ "type": "Feature", "properties": { "ID": 3533353119380, "正式名称": "ノリヒロ矯正歯科・なおみこども歯科", "機関区分": 3, "都道府県コード": 35, "市区町村コード": 201, "所在地": "山口県下関市秋根西町二丁目４－１　アーデント新下関駅前五番館１Ｆ", "緯度": 34.007944, "経度": 130.947056, "url": "https://www.iryou.teikyouseido.mhlw.go.jp/znk-web/juminkanja/S2430/initialize?prefCd=35&kikanCd=3353119380&kikanKbn=3", "url2": "www.nn-dental.com", "内容": "ノリヒロ矯正歯科・なおみこども歯科【3:歯科】山口県下関市秋根西町二丁目４－１　アーデント新下関駅前五番館１Ｆ" }, "geometry": { "type": "Point", "coordinates": [ 130.947056, 34.007944 ] } },
{ "type": "Feature", "properties": { "ID": 3533353119410, "正式名称": "木下歯科医院", "機関区分": 3, "都道府県コード": 35, "市区町村コード": 201, "所在地": "山口県下関市丸山町三丁目３番３号　アーバンビュー丸山１Ｆ", "緯度": 33.958833, "経度": 130.932083, "url": "https://www.iryou.teikyouseido.mhlw.go.jp/znk-web/juminkanja/S2430/initialize?prefCd=35&kikanCd=3353119410&kikanKbn=3", "url2": "https://kinoshita-dentaloffice.com", "内容": "木下歯科医院【3:歯科】山口県下関市丸山町三丁目３番３号　アーバンビュー丸山１Ｆ" }, "geometry": { "type": "Point", "coordinates": [ 130.932083, 33.958833 ] } },
{ "type": "Feature", "properties": { "ID": 3533353119540, "正式名称": "おうじ歯科矯正クリニック", "機関区分": 3, "都道府県コード": 35, "市区町村コード": 201, "所在地": "山口県下関市東観音町２２番１１号", "緯度": 34.049361, "経度": 131.006583, "url": "https://www.iryou.teikyouseido.mhlw.go.jp/znk-web/juminkanja/S2430/initialize?prefCd=35&kikanCd=3353119540&kikanKbn=3", "url2": "http://ojidentalclinic.cihp.jp/", "内容": "おうじ歯科矯正クリニック【3:歯科】山口県下関市東観音町２２番１１号" }, "geometry": { "type": "Point", "coordinates": [ 131.006583, 34.049361 ] } },
{ "type": "Feature", "properties": { "ID": 3533353119700, "正式名称": "王喜歯科医院", "機関区分": 3, "都道府県コード": 35, "市区町村コード": 201, "所在地": "山口県下関市王喜本町３丁目１７－１５", "緯度": 34.0645, "経度": 131.051833, "url": "https://www.iryou.teikyouseido.mhlw.go.jp/znk-web/juminkanja/S2430/initialize?prefCd=35&kikanCd=3353119700&kikanKbn=3", "url2": null, "内容": "王喜歯科医院【3:歯科】山口県下関市王喜本町３丁目１７－１５" }, "geometry": { "type": "Point", "coordinates": [ 131.051833, 34.0645 ] } },
{ "type": "Feature", "properties": { "ID": 3533353119830, "正式名称": "亀山歯科医院", "機関区分": 3, "都道府県コード": 35, "市区町村コード": 201, "所在地": "山口県下関市彦島本村町６－１５－７　菊池ビル２Ｆ", "緯度": 33.938556, "経度": 130.913583, "url": "https://www.iryou.teikyouseido.mhlw.go.jp/znk-web/juminkanja/S2430/initialize?prefCd=35&kikanCd=3353119830&kikanKbn=3", "url2": "http://www.kameyama-shika.jp/", "内容": "亀山歯科医院【3:歯科】山口県下関市彦島本村町６－１５－７　菊池ビル２Ｆ" }, "geometry": { "type": "Point", "coordinates": [ 130.913583, 33.938556 ] } },
{ "type": "Feature", "properties": { "ID": 3533353120070, "正式名称": "くぼ歯科医院", "機関区分": 3, "都道府県コード": 35, "市区町村コード": 201, "所在地": "山口県下関市彦島迫町５－１－１", "緯度": 33.942806, "経度": 130.899667, "url": "https://www.iryou.teikyouseido.mhlw.go.jp/znk-web/juminkanja/S2430/initialize?prefCd=35&kikanCd=3353120070&kikanKbn=3", "url2": null, "内容": "くぼ歯科医院【3:歯科】山口県下関市彦島迫町５－１－１" }, "geometry": { "type": "Point", "coordinates": [ 130.899667, 33.942806 ] } },
{ "type": "Feature", "properties": { "ID": 3533353120360, "正式名称": "しが歯科医院", "機関区分": 3, "都道府県コード": 35, "市区町村コード": 201, "所在地": "山口県下関市一の宮本町二丁目１２番３８号", "緯度": 34.00125, "経度": 130.951417, "url": "https://www.iryou.teikyouseido.mhlw.go.jp/znk-web/juminkanja/S2430/initialize?prefCd=35&kikanCd=3353120360&kikanKbn=3", "url2": "http://members2.jcom.home.ne.jp/2820707001", "内容": "しが歯科医院【3:歯科】山口県下関市一の宮本町二丁目１２番３８号" }, "geometry": { "type": "Point", "coordinates": [ 130.951417, 34.00125 ] } },
{ "type": "Feature", "properties": { "ID": 3533353120490, "正式名称": "医療法人宝歯会　あやらぎスマイル歯科小児歯科医院", "機関区分": 3, "都道府県コード": 35, "市区町村コード": 201, "所在地": "山口県下関市綾羅木新町３－２－１", "緯度": 34.013083, "経度": 130.921972, "url": "https://www.iryou.teikyouseido.mhlw.go.jp/znk-web/juminkanja/S2430/initialize?prefCd=35&kikanCd=3353120490&kikanKbn=3", "url2": "https://www.yamaguchi-smiledc.com/clinic/ayaragi.html", "内容": "医療法人宝歯会　あやらぎスマイル歯科小児歯科医院【3:歯科】山口県下関市綾羅木新町３－２－１" }, "geometry": { "type": "Point", "coordinates": [ 130.921972, 34.013083 ] } },
{ "type": "Feature", "properties": { "ID": 3533353120650, "正式名称": "さの歯科医院", "機関区分": 3, "都道府県コード": 35, "市区町村コード": 201, "所在地": "山口県下関市山の田東町１番１８号", "緯度": 33.987889, "経度": 130.929972, "url": "https://www.iryou.teikyouseido.mhlw.go.jp/znk-web/juminkanja/S2430/initialize?prefCd=35&kikanCd=3353120650&kikanKbn=3", "url2": null, "内容": "さの歯科医院【3:歯科】山口県下関市山の田東町１番１８号" }, "geometry": { "type": "Point", "coordinates": [ 130.929972, 33.987889 ] } },
{ "type": "Feature", "properties": { "ID": 3533353120780, "正式名称": "医療法人　大志会　なかむら歯科矯正歯科クリニック", "機関区分": 3, "都道府県コード": 35, "市区町村コード": 201, "所在地": "山口県下関市豊田町矢田２７１", "緯度": 34.200611, "経度": 131.075056, "url": "https://www.iryou.teikyouseido.mhlw.go.jp/znk-web/juminkanja/S2430/initialize?prefCd=35&kikanCd=3353120780&kikanKbn=3", "url2": "http://www.nakamura-8148.com/", "内容": "医療法人　大志会　なかむら歯科矯正歯科クリニック【3:歯科】山口県下関市豊田町矢田２７１" }, "geometry": { "type": "Point", "coordinates": [ 131.075056, 34.200611 ] } },
{ "type": "Feature", "properties": { "ID": 3533353120940, "正式名称": "いしい歯科医院", "機関区分": 3, "都道府県コード": 35, "市区町村コード": 201, "所在地": "山口県下関市稗田中町６－２０", "緯度": 33.996778, "経度": 130.926444, "url": "https://www.iryou.teikyouseido.mhlw.go.jp/znk-web/juminkanja/S2430/initialize?prefCd=35&kikanCd=3353120940&kikanKbn=3", "url2": null, "内容": "いしい歯科医院【3:歯科】山口県下関市稗田中町６－２０" }, "geometry": { "type": "Point", "coordinates": [ 130.926444, 33.996778 ] } },
{ "type": "Feature", "properties": { "ID": 3533353121370, "正式名称": "田中宏明矯正歯科", "機関区分": 3, "都道府県コード": 35, "市区町村コード": 201, "所在地": "山口県下関市稗田南町６－１２　蔵本ビル２階Ｅ号", "緯度": 33.990944, "経度": 130.931, "url": "https://www.iryou.teikyouseido.mhlw.go.jp/znk-web/juminkanja/S2430/initialize?prefCd=35&kikanCd=3353121370&kikanKbn=3", "url2": "tanaka-hanarabi.com", "内容": "田中宏明矯正歯科【3:歯科】山口県下関市稗田南町６－１２　蔵本ビル２階Ｅ号" }, "geometry": { "type": "Point", "coordinates": [ 130.931, 33.990944 ] } },
{ "type": "Feature", "properties": { "ID": 3533353121400, "正式名称": "生協下関歯科", "機関区分": 3, "都道府県コード": 35, "市区町村コード": 201, "所在地": "山口県下関市貴船町２丁目３番２４号", "緯度": 33.96675, "経度": 130.941861, "url": "https://www.iryou.teikyouseido.mhlw.go.jp/znk-web/juminkanja/S2430/initialize?prefCd=35&kikanCd=3353121400&kikanKbn=3", "url2": "www.kenbun-shimonoseki.jp/", "内容": "生協下関歯科【3:歯科】山口県下関市貴船町２丁目３番２４号" }, "geometry": { "type": "Point", "coordinates": [ 130.941861, 33.96675 ] } },
{ "type": "Feature", "properties": { "ID": 3533353121530, "正式名称": "吉本歯科医院", "機関区分": 3, "都道府県コード": 35, "市区町村コード": 201, "所在地": "山口県下関市武久町２－１３－１０", "緯度": 33.975986, "経度": 130.919794, "url": "https://www.iryou.teikyouseido.mhlw.go.jp/znk-web/juminkanja/S2430/initialize?prefCd=35&kikanCd=3353121530&kikanKbn=3", "url2": "http://www.yoshimoto-shika.net/", "内容": "吉本歯科医院【3:歯科】山口県下関市武久町２－１３－１０" }, "geometry": { "type": "Point", "coordinates": [ 130.919794, 33.975986 ] } },
{ "type": "Feature", "properties": { "ID": 3533353121660, "正式名称": "もみの木歯科クリニック", "機関区分": 3, "都道府県コード": 35, "市区町村コード": 201, "所在地": "山口県下関市彦島本村町４丁目１番１０号", "緯度": 33.942806, "経度": 130.911167, "url": "https://www.iryou.teikyouseido.mhlw.go.jp/znk-web/juminkanja/S2430/initialize?prefCd=35&kikanCd=3353121660&kikanKbn=3", "url2": "http://www.mominoki-dc.jp/", "内容": "もみの木歯科クリニック【3:歯科】山口県下関市彦島本村町４丁目１番１０号" }, "geometry": { "type": "Point", "coordinates": [ 130.911167, 33.942806 ] } },
{ "type": "Feature", "properties": { "ID": 3533353121820, "正式名称": "クズヤマ歯科", "機関区分": 3, "都道府県コード": 35, "市区町村コード": 201, "所在地": "山口県下関市後田町２－１－４２", "緯度": 33.971583, "経度": 130.931806, "url": "https://www.iryou.teikyouseido.mhlw.go.jp/znk-web/juminkanja/S2430/initialize?prefCd=35&kikanCd=3353121820&kikanKbn=3", "url2": null, "内容": "クズヤマ歯科【3:歯科】山口県下関市後田町２－１－４２" }, "geometry": { "type": "Point", "coordinates": [ 130.931806, 33.971583 ] } },
{ "type": "Feature", "properties": { "ID": 3533353121950, "正式名称": "アイリス歯科インプラントクリニック", "機関区分": 3, "都道府県コード": 35, "市区町村コード": 201, "所在地": "山口県下関市伊倉新町４－４－３９", "緯度": 34.005778, "経度": 130.934278, "url": "https://www.iryou.teikyouseido.mhlw.go.jp/znk-web/juminkanja/S2430/initialize?prefCd=35&kikanCd=3353121950&kikanKbn=3", "url2": "http://www.iris-detal-implant.com", "内容": "アイリス歯科インプラントクリニック【3:歯科】山口県下関市伊倉新町４－４－３９" }, "geometry": { "type": "Point", "coordinates": [ 130.934278, 34.005778 ] } },
{ "type": "Feature", "properties": { "ID": 3533353122410, "正式名称": "医療法人永孝会　ゆめシティオレンジ歯科", "機関区分": 3, "都道府県コード": 35, "市区町村コード": 201, "所在地": "山口県下関市伊倉新町３－１－１", "緯度": 34.006667, "経度": 130.933778, "url": "https://www.iryou.teikyouseido.mhlw.go.jp/znk-web/juminkanja/S2430/initialize?prefCd=35&kikanCd=3353122410&kikanKbn=3", "url2": "http://www.youmecity-orange.com", "内容": "医療法人永孝会　ゆめシティオレンジ歯科【3:歯科】山口県下関市伊倉新町３－１－１" }, "geometry": { "type": "Point", "coordinates": [ 130.933778, 34.006667 ] } },
{ "type": "Feature", "properties": { "ID": 3533353122670, "正式名称": "リンク歯科", "機関区分": 3, "都道府県コード": 35, "市区町村コード": 201, "所在地": "山口県下関市椋野町３－１９－５", "緯度": 33.979444, "経度": 130.944194, "url": "https://www.iryou.teikyouseido.mhlw.go.jp/znk-web/juminkanja/S2430/initialize?prefCd=35&kikanCd=3353122670&kikanKbn=3", "url2": "http://www.link-2233.com", "内容": "リンク歯科【3:歯科】山口県下関市椋野町３－１９－５" }, "geometry": { "type": "Point", "coordinates": [ 130.944194, 33.979444 ] } },
{ "type": "Feature", "properties": { "ID": 3533353122830, "正式名称": "みどりの丘歯科医院", "機関区分": 3, "都道府県コード": 35, "市区町村コード": 201, "所在地": "山口県下関市王司上町１丁目８番１８号", "緯度": 34.042556, "経度": 131.013417, "url": "https://www.iryou.teikyouseido.mhlw.go.jp/znk-web/juminkanja/S2430/initialize?prefCd=35&kikanCd=3353122830&kikanKbn=3", "url2": "www.midorinooka-dental.com", "内容": "みどりの丘歯科医院【3:歯科】山口県下関市王司上町１丁目８番１８号" }, "geometry": { "type": "Point", "coordinates": [ 131.013417, 34.042556 ] } },
{ "type": "Feature", "properties": { "ID": 3533353122960, "正式名称": "医療法人永孝会　長府オレンジ歯科", "機関区分": 3, "都道府県コード": 35, "市区町村コード": 201, "所在地": "山口県下関市長府侍町二丁目４番６号", "緯度": 33.99475, "経度": 130.990472, "url": "https://www.iryou.teikyouseido.mhlw.go.jp/znk-web/juminkanja/S2430/initialize?prefCd=35&kikanCd=3353122960&kikanKbn=3", "url2": "www.youmecity-orange.com/", "内容": "医療法人永孝会　長府オレンジ歯科【3:歯科】山口県下関市長府侍町二丁目４番６号" }, "geometry": { "type": "Point", "coordinates": [ 130.990472, 33.99475 ] } },
{ "type": "Feature", "properties": { "ID": 3533353123000, "正式名称": "吉冨歯科医院", "機関区分": 3, "都道府県コード": 35, "市区町村コード": 201, "所在地": "山口県下関市岬之町５－６", "緯度": 33.953611, "経度": 130.936639, "url": "https://www.iryou.teikyouseido.mhlw.go.jp/znk-web/juminkanja/S2430/initialize?prefCd=35&kikanCd=3353123000&kikanKbn=3", "url2": null, "内容": "吉冨歯科医院【3:歯科】山口県下関市岬之町５－６" }, "geometry": { "type": "Point", "coordinates": [ 130.936639, 33.953611 ] } },
{ "type": "Feature", "properties": { "ID": 3533353123130, "正式名称": "医療法人はらだ歯科・矯正歯科", "機関区分": 3, "都道府県コード": 35, "市区町村コード": 201, "所在地": "山口県下関市清末鞍馬２－２－４０", "緯度": 34.062333, "経度": 131.026611, "url": "https://www.iryou.teikyouseido.mhlw.go.jp/znk-web/juminkanja/S2430/initialize?prefCd=35&kikanCd=3353123130&kikanKbn=3", "url2": "harada-doc.jp", "内容": "医療法人はらだ歯科・矯正歯科【3:歯科】山口県下関市清末鞍馬２－２－４０" }, "geometry": { "type": "Point", "coordinates": [ 131.026611, 34.062333 ] } },
{ "type": "Feature", "properties": { "ID": 3533353123260, "正式名称": "ファミリー矯正歯科ｋｉｒａｒａ", "機関区分": 3, "都道府県コード": 35, "市区町村コード": 201, "所在地": "山口県下関市川中豊町１丁目４－２２", "緯度": 33.99825, "経度": 130.937722, "url": "https://www.iryou.teikyouseido.mhlw.go.jp/znk-web/juminkanja/S2430/initialize?prefCd=35&kikanCd=3353123260&kikanKbn=3", "url2": "http://www.family-kirara.com", "内容": "ファミリー矯正歯科ｋｉｒａｒａ【3:歯科】山口県下関市川中豊町１丁目４－２２" }, "geometry": { "type": "Point", "coordinates": [ 130.937722, 33.99825 ] } },
{ "type": "Feature", "properties": { "ID": 3533353123390, "正式名称": "ヤシロ歯科クリニック", "機関区分": 3, "都道府県コード": 35, "市区町村コード": 201, "所在地": "山口県下関市富任町１丁目７－７", "緯度": 34.017556, "経度": 130.919778, "url": "https://www.iryou.teikyouseido.mhlw.go.jp/znk-web/juminkanja/S2430/initialize?prefCd=35&kikanCd=3353123390&kikanKbn=3", "url2": "www.yashiroshika.com", "内容": "ヤシロ歯科クリニック【3:歯科】山口県下関市富任町１丁目７－７" }, "geometry": { "type": "Point", "coordinates": [ 130.919778, 34.017556 ] } },
{ "type": "Feature", "properties": { "ID": 3533353123420, "正式名称": "医療法人　新生会　いしだ歯科", "機関区分": 3, "都道府県コード": 35, "市区町村コード": 201, "所在地": "山口県下関市熊野町１－７－３０", "緯度": 33.989472, "経度": 130.941556, "url": "https://www.iryou.teikyouseido.mhlw.go.jp/znk-web/juminkanja/S2430/initialize?prefCd=35&kikanCd=3353123420&kikanKbn=3", "url2": "http://ishida-dental-c.jp/", "内容": "医療法人　新生会　いしだ歯科【3:歯科】山口県下関市熊野町１－７－３０" }, "geometry": { "type": "Point", "coordinates": [ 130.941556, 33.989472 ] } },
{ "type": "Feature", "properties": { "ID": 3533353123550, "正式名称": "さくら歯科クリニック", "機関区分": 3, "都道府県コード": 35, "市区町村コード": 201, "所在地": "山口県下関市王司神田６丁目２－４", "緯度": 34.049778, "経度": 131.01825, "url": "https://www.iryou.teikyouseido.mhlw.go.jp/znk-web/juminkanja/S2430/initialize?prefCd=35&kikanCd=3353123550&kikanKbn=3", "url2": "http://d-sakura.jp", "内容": "さくら歯科クリニック【3:歯科】山口県下関市王司神田６丁目２－４" }, "geometry": { "type": "Point", "coordinates": [ 131.01825, 34.049778 ] } },
{ "type": "Feature", "properties": { "ID": 3533353123680, "正式名称": "むらしま歯科菊川診療所", "機関区分": 3, "都道府県コード": 35, "市区町村コード": 201, "所在地": "山口県下関市菊川町下岡枝４７４－１", "緯度": 34.130528, "経度": 131.03375, "url": "https://www.iryou.teikyouseido.mhlw.go.jp/znk-web/juminkanja/S2430/initialize?prefCd=35&kikanCd=3353123680&kikanKbn=3", "url2": null, "内容": "むらしま歯科菊川診療所【3:歯科】山口県下関市菊川町下岡枝４７４－１" }, "geometry": { "type": "Point", "coordinates": [ 131.03375, 34.130528 ] } },
{ "type": "Feature", "properties": { "ID": 3533353123710, "正式名称": "よつば歯科クリニック", "機関区分": 3, "都道府県コード": 35, "市区町村コード": 201, "所在地": "山口県下関市秋根北町８－１７", "緯度": 34.012667, "経度": 130.952889, "url": "https://www.iryou.teikyouseido.mhlw.go.jp/znk-web/juminkanja/S2430/initialize?prefCd=35&kikanCd=3353123710&kikanKbn=3", "url2": "http://yotuba6480.com/", "内容": "よつば歯科クリニック【3:歯科】山口県下関市秋根北町８－１７" }, "geometry": { "type": "Point", "coordinates": [ 130.952889, 34.012667 ] } },
{ "type": "Feature", "properties": { "ID": 3533353124010, "正式名称": "医療法人社団玄晴会　インプラント歯科綾羅木", "機関区分": 3, "都道府県コード": 35, "市区町村コード": 201, "所在地": "山口県下関市綾羅木本町４ー１０ー１８", "緯度": 34.003917, "経度": 130.923944, "url": "https://www.iryou.teikyouseido.mhlw.go.jp/znk-web/juminkanja/S2430/initialize?prefCd=35&kikanCd=3353124010&kikanKbn=3", "url2": "http://kijima-implant.com", "内容": "医療法人社団玄晴会　インプラント歯科綾羅木【3:歯科】山口県下関市綾羅木本町４ー１０ー１８" }, "geometry": { "type": "Point", "coordinates": [ 130.923944, 34.003917 ] } },
{ "type": "Feature", "properties": { "ID": 3533353124430, "正式名称": "もんのうち歯科クリニック", "機関区分": 3, "都道府県コード": 35, "市区町村コード": 201, "所在地": "山口県下関市形山町１ー２３ー１０", "緯度": 34.013466, "経度": 130.962055, "url": "https://www.iryou.teikyouseido.mhlw.go.jp/znk-web/juminkanja/S2430/initialize?prefCd=35&kikanCd=3353124430&kikanKbn=3", "url2": "https://monnouchi-dc.net", "内容": "もんのうち歯科クリニック【3:歯科】山口県下関市形山町１ー２３ー１０" }, "geometry": { "type": "Point", "coordinates": [ 130.962055, 34.013466 ] } },
{ "type": "Feature", "properties": { "ID": 3533353124560, "正式名称": "あきえだデンタルクリニック", "機関区分": 3, "都道府県コード": 35, "市区町村コード": 201, "所在地": "山口県下関市王司川端一丁目５ー１", "緯度": 34.046611, "経度": 131.016889, "url": "https://www.iryou.teikyouseido.mhlw.go.jp/znk-web/juminkanja/S2430/initialize?prefCd=35&kikanCd=3353124560&kikanKbn=3", "url2": null, "内容": "あきえだデンタルクリニック【3:歯科】山口県下関市王司川端一丁目５ー１" }, "geometry": { "type": "Point", "coordinates": [ 131.016889, 34.046611 ] } },
{ "type": "Feature", "properties": { "ID": 3533353125150, "正式名称": "ローズデンタルクリニック下関", "機関区分": 3, "都道府県コード": 35, "市区町村コード": 201, "所在地": "山口県下関市富任町八丁目８番２８号", "緯度": 34.023953, "経度": 130.927857, "url": "https://www.iryou.teikyouseido.mhlw.go.jp/znk-web/juminkanja/S2430/initialize?prefCd=35&kikanCd=3353125150&kikanKbn=3", "url2": "rose-med.com", "内容": "ローズデンタルクリニック下関【3:歯科】山口県下関市富任町八丁目８番２８号" }, "geometry": { "type": "Point", "coordinates": [ 130.927857, 34.023953 ] } },
{ "type": "Feature", "properties": { "ID": 3533355100340, "正式名称": "武中歯科医院", "機関区分": 3, "都道府県コード": 35, "市区町村コード": 305, "所在地": "山口県大島郡周防大島町久賀４７１５－８", "緯度": 33.946833, "経度": 132.264889, "url": "https://www.iryou.teikyouseido.mhlw.go.jp/znk-web/juminkanja/S2430/initialize?prefCd=35&kikanCd=3355100340&kikanKbn=3", "url2": "https://takenakashika-dc.com", "内容": "武中歯科医院【3:歯科】山口県大島郡周防大島町久賀４７１５－８" }, "geometry": { "type": "Point", "coordinates": [ 132.264889, 33.946833 ] } },
{ "type": "Feature", "properties": { "ID": 3533355100470, "正式名称": "貞平歯科医院", "機関区分": 3, "都道府県コード": 35, "市区町村コード": 305, "所在地": "山口県大島郡周防大島町小松２０９－３", "緯度": 33.931139, "経度": 132.193833, "url": "https://www.iryou.teikyouseido.mhlw.go.jp/znk-web/juminkanja/S2430/initialize?prefCd=35&kikanCd=3355100470&kikanKbn=3", "url2": null, "内容": "貞平歯科医院【3:歯科】山口県大島郡周防大島町小松２０９－３" }, "geometry": { "type": "Point", "coordinates": [ 132.193833, 33.931139 ] } },
{ "type": "Feature", "properties": { "ID": 3533355100500, "正式名称": "杉原歯科医院", "機関区分": 3, "都道府県コード": 35, "市区町村コード": 305, "所在地": "山口県大島郡周防大島町小松６８２－１２", "緯度": 33.936667, "経度": 132.192917, "url": "https://www.iryou.teikyouseido.mhlw.go.jp/znk-web/juminkanja/S2430/initialize?prefCd=35&kikanCd=3355100500&kikanKbn=3", "url2": null, "内容": "杉原歯科医院【3:歯科】山口県大島郡周防大島町小松６８２－１２" }, "geometry": { "type": "Point", "coordinates": [ 132.192917, 33.936667 ] } },
{ "type": "Feature", "properties": { "ID": 3533355101480, "正式名称": "河合歯科医院", "機関区分": 3, "都道府県コード": 35, "市区町村コード": 305, "所在地": "山口県大島郡周防大島町平野２６９番地３２", "緯度": 33.908889, "経度": 132.357139, "url": "https://www.iryou.teikyouseido.mhlw.go.jp/znk-web/juminkanja/S2430/initialize?prefCd=35&kikanCd=3355101480&kikanKbn=3", "url2": null, "内容": "河合歯科医院【3:歯科】山口県大島郡周防大島町平野２６９番地３２" }, "geometry": { "type": "Point", "coordinates": [ 132.357139, 33.908889 ] } },
{ "type": "Feature", "properties": { "ID": 3533355101510, "正式名称": "中村歯科医院", "機関区分": 3, "都道府県コード": 35, "市区町村コード": 305, "所在地": "山口県大島郡周防大島町大字小松５４９－１", "緯度": 33.933194, "経度": 132.194167, "url": "https://www.iryou.teikyouseido.mhlw.go.jp/znk-web/juminkanja/S2430/initialize?prefCd=35&kikanCd=3355101510&kikanKbn=3", "url2": null, "内容": "中村歯科医院【3:歯科】山口県大島郡周防大島町大字小松５４９－１" }, "geometry": { "type": "Point", "coordinates": [ 132.194167, 33.933194 ] } },
{ "type": "Feature", "properties": { "ID": 3533355101640, "正式名称": "おかだ歯科医院", "機関区分": 3, "都道府県コード": 35, "市区町村コード": 305, "所在地": "山口県大島郡周防大島町大字日前１８７１－１", "緯度": 33.921611, "経度": 132.297556, "url": "https://www.iryou.teikyouseido.mhlw.go.jp/znk-web/juminkanja/S2430/initialize?prefCd=35&kikanCd=3355101640&kikanKbn=3", "url2": null, "内容": "おかだ歯科医院【3:歯科】山口県大島郡周防大島町大字日前１８７１－１" }, "geometry": { "type": "Point", "coordinates": [ 132.297556, 33.921611 ] } },
{ "type": "Feature", "properties": { "ID": 3533355200400, "正式名称": "香坂歯科医院", "機関区分": 3, "都道府県コード": 35, "市区町村コード": 208, "所在地": "山口県岩国市南岩国町３－２４－１９", "緯度": 34.130583, "経度": 132.198194, "url": "https://www.iryou.teikyouseido.mhlw.go.jp/znk-web/juminkanja/S2430/initialize?prefCd=35&kikanCd=3355200400&kikanKbn=3", "url2": "http://www.kosaka-d.com/", "内容": "香坂歯科医院【3:歯科】山口県岩国市南岩国町３－２４－１９" }, "geometry": { "type": "Point", "coordinates": [ 132.198194, 34.130583 ] } },
{ "type": "Feature", "properties": { "ID": 3533355200820, "正式名称": "長谷歯科医院", "機関区分": 3, "都道府県コード": 35, "市区町村コード": 208, "所在地": "山口県岩国市元町２－９－１１", "緯度": 34.169306, "経度": 132.228722, "url": "https://www.iryou.teikyouseido.mhlw.go.jp/znk-web/juminkanja/S2430/initialize?prefCd=35&kikanCd=3355200820&kikanKbn=3", "url2": null, "内容": "長谷歯科医院【3:歯科】山口県岩国市元町２－９－１１" }, "geometry": { "type": "Point", "coordinates": [ 132.228722, 34.169306 ] } },
{ "type": "Feature", "properties": { "ID": 3533355201380, "正式名称": "吉田歯科矯正歯科医院", "機関区分": 3, "都道府県コード": 35, "市区町村コード": 208, "所在地": "山口県岩国市岩国２－１７－２７", "緯度": 34.164611, "経度": 132.182861, "url": "https://www.iryou.teikyouseido.mhlw.go.jp/znk-web/juminkanja/S2430/initialize?prefCd=35&kikanCd=3355201380&kikanKbn=3", "url2": "http://410789.com/", "内容": "吉田歯科矯正歯科医院【3:歯科】山口県岩国市岩国２－１７－２７" }, "geometry": { "type": "Point", "coordinates": [ 132.182861, 34.164611 ] } },
{ "type": "Feature", "properties": { "ID": 3533355201670, "正式名称": "重本歯科医院", "機関区分": 3, "都道府県コード": 35, "市区町村コード": 208, "所在地": "山口県岩国市岩国２－２－２４", "緯度": 34.165111, "経度": 132.182167, "url": "https://www.iryou.teikyouseido.mhlw.go.jp/znk-web/juminkanja/S2430/initialize?prefCd=35&kikanCd=3355201670&kikanKbn=3", "url2": "http://www.shigemoto-dc.com/", "内容": "重本歯科医院【3:歯科】山口県岩国市岩国２－２－２４" }, "geometry": { "type": "Point", "coordinates": [ 132.182167, 34.165111 ] } },
{ "type": "Feature", "properties": { "ID": 3533355201960, "正式名称": "医療法人ひろかね歯科クリニック", "機関区分": 3, "都道府県コード": 35, "市区町村コード": 208, "所在地": "山口県岩国市元町３－１０－１６", "緯度": 34.169583, "経度": 132.230444, "url": "https://www.iryou.teikyouseido.mhlw.go.jp/znk-web/juminkanja/S2430/initialize?prefCd=35&kikanCd=3355201960&kikanKbn=3", "url2": "http://www.hirokane-dental.com/", "内容": "医療法人ひろかね歯科クリニック【3:歯科】山口県岩国市元町３－１０－１６" }, "geometry": { "type": "Point", "coordinates": [ 132.230444, 34.169583 ] } },
{ "type": "Feature", "properties": { "ID": 3533355202840, "正式名称": "医療法人　ながはま歯科クリニック", "機関区分": 3, "都道府県コード": 35, "市区町村コード": 208, "所在地": "山口県岩国市尾津町２－１８－３", "緯度": 34.138833, "経度": 132.207667, "url": "https://www.iryou.teikyouseido.mhlw.go.jp/znk-web/juminkanja/S2430/initialize?prefCd=35&kikanCd=3355202840&kikanKbn=3", "url2": "http://www.nagahama-dc.com", "内容": "医療法人　ながはま歯科クリニック【3:歯科】山口県岩国市尾津町２－１８－３" }, "geometry": { "type": "Point", "coordinates": [ 132.207667, 34.138833 ] } },
{ "type": "Feature", "properties": { "ID": 3533355203720, "正式名称": "桝尾歯科医院", "機関区分": 3, "都道府県コード": 35, "市区町村コード": 208, "所在地": "山口県岩国市由宇町中央２丁目７番２６号", "緯度": 34.045056, "経度": 132.210278, "url": "https://www.iryou.teikyouseido.mhlw.go.jp/znk-web/juminkanja/S2430/initialize?prefCd=35&kikanCd=3355203720&kikanKbn=3", "url2": null, "内容": "桝尾歯科医院【3:歯科】山口県岩国市由宇町中央２丁目７番２６号" }, "geometry": { "type": "Point", "coordinates": [ 132.210278, 34.045056 ] } },
{ "type": "Feature", "properties": { "ID": 3533355203980, "正式名称": "岩国市立本郷歯科診療所", "機関区分": 3, "都道府県コード": 35, "市区町村コード": 208, "所在地": "山口県岩国市本郷町本郷２０８７番地１", "緯度": 34.293861, "経度": 132.040194, "url": "https://www.iryou.teikyouseido.mhlw.go.jp/znk-web/juminkanja/S2430/initialize?prefCd=35&kikanCd=3355203980&kikanKbn=3", "url2": null, "内容": "岩国市立本郷歯科診療所【3:歯科】山口県岩国市本郷町本郷２０８７番地１" }, "geometry": { "type": "Point", "coordinates": [ 132.040194, 34.293861 ] } },
{ "type": "Feature", "properties": { "ID": 3533355204860, "正式名称": "くしろ歯科医院", "機関区分": 3, "都道府県コード": 35, "市区町村コード": 208, "所在地": "山口県岩国市岩国３－１５－１", "緯度": 34.163611, "経度": 132.185444, "url": "https://www.iryou.teikyouseido.mhlw.go.jp/znk-web/juminkanja/S2430/initialize?prefCd=35&kikanCd=3355204860&kikanKbn=3", "url2": null, "内容": "くしろ歯科医院【3:歯科】山口県岩国市岩国３－１５－１" }, "geometry": { "type": "Point", "coordinates": [ 132.185444, 34.163611 ] } },
{ "type": "Feature", "properties": { "ID": 3533355205030, "正式名称": "早野歯科医院", "機関区分": 3, "都道府県コード": 35, "市区町村コード": 208, "所在地": "山口県岩国市麻里布町３丁目４番１０号", "緯度": 34.170611, "経度": 132.222583, "url": "https://www.iryou.teikyouseido.mhlw.go.jp/znk-web/juminkanja/S2430/initialize?prefCd=35&kikanCd=3355205030&kikanKbn=3", "url2": null, "内容": "早野歯科医院【3:歯科】山口県岩国市麻里布町３丁目４番１０号" }, "geometry": { "type": "Point", "coordinates": [ 132.222583, 34.170611 ] } },
{ "type": "Feature", "properties": { "ID": 3533355205320, "正式名称": "医療法人社団三美会　藤生歯科センター", "機関区分": 3, "都道府県コード": 35, "市区町村コード": 208, "所在地": "山口県岩国市黒磯町１丁目１－２２", "緯度": 34.108194, "経度": 132.199833, "url": "https://www.iryou.teikyouseido.mhlw.go.jp/znk-web/juminkanja/S2430/initialize?prefCd=35&kikanCd=3355205320&kikanKbn=3", "url2": "http://www.fuju-shika.com/", "内容": "医療法人社団三美会　藤生歯科センター【3:歯科】山口県岩国市黒磯町１丁目１－２２" }, "geometry": { "type": "Point", "coordinates": [ 132.199833, 34.108194 ] } },
{ "type": "Feature", "properties": { "ID": 3533355205870, "正式名称": "岡崎歯科医院", "機関区分": 3, "都道府県コード": 35, "市区町村コード": 208, "所在地": "山口県岩国市今津町２－１０－２７", "緯度": 34.165333, "経度": 132.221694, "url": "https://www.iryou.teikyouseido.mhlw.go.jp/znk-web/juminkanja/S2430/initialize?prefCd=35&kikanCd=3355205870&kikanKbn=3", "url2": "https://ok-dc.jp/", "内容": "岡崎歯科医院【3:歯科】山口県岩国市今津町２－１０－２７" }, "geometry": { "type": "Point", "coordinates": [ 132.221694, 34.165333 ] } },
{ "type": "Feature", "properties": { "ID": 3533355205900, "正式名称": "三吉歯科", "機関区分": 3, "都道府県コード": 35, "市区町村コード": 208, "所在地": "山口県岩国市今津町１－６－１７", "緯度": 34.167139, "経度": 132.221528, "url": "https://www.iryou.teikyouseido.mhlw.go.jp/znk-web/juminkanja/S2430/initialize?prefCd=35&kikanCd=3355205900&kikanKbn=3", "url2": null, "内容": "三吉歯科【3:歯科】山口県岩国市今津町１－６－１７" }, "geometry": { "type": "Point", "coordinates": [ 132.221528, 34.167139 ] } },
{ "type": "Feature", "properties": { "ID": 3533355206040, "正式名称": "玉田歯科医院", "機関区分": 3, "都道府県コード": 35, "市区町村コード": 208, "所在地": "山口県岩国市南岩国町１丁目２２－２８", "緯度": 34.132583, "経度": 132.203167, "url": "https://www.iryou.teikyouseido.mhlw.go.jp/znk-web/juminkanja/S2430/initialize?prefCd=35&kikanCd=3355206040&kikanKbn=3", "url2": null, "内容": "玉田歯科医院【3:歯科】山口県岩国市南岩国町１丁目２２－２８" }, "geometry": { "type": "Point", "coordinates": [ 132.203167, 34.132583 ] } },
{ "type": "Feature", "properties": { "ID": 3533355206170, "正式名称": "安田おとな歯科・こども矯正歯科", "機関区分": 3, "都道府県コード": 35, "市区町村コード": 208, "所在地": "山口県岩国市車町２丁目７の２６", "緯度": 34.155389, "経度": 132.218667, "url": "https://www.iryou.teikyouseido.mhlw.go.jp/znk-web/juminkanja/S2430/initialize?prefCd=35&kikanCd=3355206170&kikanKbn=3", "url2": "http://www.yasuda-dent.com", "内容": "安田おとな歯科・こども矯正歯科【3:歯科】山口県岩国市車町２丁目７の２６" }, "geometry": { "type": "Point", "coordinates": [ 132.218667, 34.155389 ] } },
{ "type": "Feature", "properties": { "ID": 3533355206330, "正式名称": "ひろなか歯科医院", "機関区分": 3, "都道府県コード": 35, "市区町村コード": 208, "所在地": "山口県岩国市南岩国町３丁目３１－２５", "緯度": 34.133917, "経度": 132.196917, "url": "https://www.iryou.teikyouseido.mhlw.go.jp/znk-web/juminkanja/S2430/initialize?prefCd=35&kikanCd=3355206330&kikanKbn=3", "url2": null, "内容": "ひろなか歯科医院【3:歯科】山口県岩国市南岩国町３丁目３１－２５" }, "geometry": { "type": "Point", "coordinates": [ 132.196917, 34.133917 ] } },
{ "type": "Feature", "properties": { "ID": 3533355206460, "正式名称": "医療法人社団塩田歯科医院", "機関区分": 3, "都道府県コード": 35, "市区町村コード": 208, "所在地": "山口県岩国市多田９６９－１", "緯度": 34.176361, "経度": 132.162778, "url": "https://www.iryou.teikyouseido.mhlw.go.jp/znk-web/juminkanja/S2430/initialize?prefCd=35&kikanCd=3355206460&kikanKbn=3", "url2": null, "内容": "医療法人社団塩田歯科医院【3:歯科】山口県岩国市多田９６９－１" }, "geometry": { "type": "Point", "coordinates": [ 132.162778, 34.176361 ] } },
{ "type": "Feature", "properties": { "ID": 3533355206590, "正式名称": "つきおか歯科", "機関区分": 3, "都道府県コード": 35, "市区町村コード": 208, "所在地": "山口県岩国市由宇町　中央　２－９－１", "緯度": 34.044917, "経度": 132.208889, "url": "https://www.iryou.teikyouseido.mhlw.go.jp/znk-web/juminkanja/S2430/initialize?prefCd=35&kikanCd=3355206590&kikanKbn=3", "url2": null, "内容": "つきおか歯科【3:歯科】山口県岩国市由宇町　中央　２－９－１" }, "geometry": { "type": "Point", "coordinates": [ 132.208889, 34.044917 ] } },
{ "type": "Feature", "properties": { "ID": 3533355206620, "正式名称": "松浦歯科", "機関区分": 3, "都道府県コード": 35, "市区町村コード": 208, "所在地": "山口県岩国市昭和町２丁目５番１４号", "緯度": 34.173556, "経度": 132.228889, "url": "https://www.iryou.teikyouseido.mhlw.go.jp/znk-web/juminkanja/S2430/initialize?prefCd=35&kikanCd=3355206620&kikanKbn=3", "url2": "http://www.matsuura-dc.net/", "内容": "松浦歯科【3:歯科】山口県岩国市昭和町２丁目５番１４号" }, "geometry": { "type": "Point", "coordinates": [ 132.228889, 34.173556 ] } },
{ "type": "Feature", "properties": { "ID": 3533355206750, "正式名称": "大和橋歯科", "機関区分": 3, "都道府県コード": 35, "市区町村コード": 321, "所在地": "山口県玖珂郡和木町和木１－１４－１０", "緯度": 34.206389, "経度": 132.218667, "url": "https://www.iryou.teikyouseido.mhlw.go.jp/znk-web/juminkanja/S2430/initialize?prefCd=35&kikanCd=3355206750&kikanKbn=3", "url2": "http://yamatobashi.jp", "内容": "大和橋歯科【3:歯科】山口県玖珂郡和木町和木１－１４－１０" }, "geometry": { "type": "Point", "coordinates": [ 132.218667, 34.206389 ] } },
{ "type": "Feature", "properties": { "ID": 3533355207050, "正式名称": "桝尾歯科クリニック", "機関区分": 3, "都道府県コード": 35, "市区町村コード": 208, "所在地": "山口県岩国市由宇町由宇崎５番１号", "緯度": 34.036472, "経度": 132.216583, "url": "https://www.iryou.teikyouseido.mhlw.go.jp/znk-web/juminkanja/S2430/initialize?prefCd=35&kikanCd=3355207050&kikanKbn=3", "url2": "http://masuodc.com", "内容": "桝尾歯科クリニック【3:歯科】山口県岩国市由宇町由宇崎５番１号" }, "geometry": { "type": "Point", "coordinates": [ 132.216583, 34.036472 ] } },
{ "type": "Feature", "properties": { "ID": 3533355207180, "正式名称": "小児歯科愛宕", "機関区分": 3, "都道府県コード": 35, "市区町村コード": 208, "所在地": "山口県岩国市門前町３丁目１２番３５号　モンゼン９３　２階", "緯度": 34.147889, "経度": 132.215639, "url": "https://www.iryou.teikyouseido.mhlw.go.jp/znk-web/juminkanja/S2430/initialize?prefCd=35&kikanCd=3355207180&kikanKbn=3", "url2": null, "内容": "小児歯科愛宕【3:歯科】山口県岩国市門前町３丁目１２番３５号　モンゼン９３　２階" }, "geometry": { "type": "Point", "coordinates": [ 132.215639, 34.147889 ] } },
{ "type": "Feature", "properties": { "ID": 3533355207210, "正式名称": "こまい歯科", "機関区分": 3, "都道府県コード": 35, "市区町村コード": 208, "所在地": "山口県岩国市麻里布町３丁目５－１８", "緯度": 34.169806, "経度": 132.221944, "url": "https://www.iryou.teikyouseido.mhlw.go.jp/znk-web/juminkanja/S2430/initialize?prefCd=35&kikanCd=3355207210&kikanKbn=3", "url2": null, "内容": "こまい歯科【3:歯科】山口県岩国市麻里布町３丁目５－１８" }, "geometry": { "type": "Point", "coordinates": [ 132.221944, 34.169806 ] } },
{ "type": "Feature", "properties": { "ID": 3533355207340, "正式名称": "もうこ歯科医院", "機関区分": 3, "都道府県コード": 35, "市区町村コード": 208, "所在地": "山口県岩国市中津町２丁目１３－８", "緯度": 34.155167, "経度": 132.217611, "url": "https://www.iryou.teikyouseido.mhlw.go.jp/znk-web/juminkanja/S2430/initialize?prefCd=35&kikanCd=3355207340&kikanKbn=3", "url2": null, "内容": "もうこ歯科医院【3:歯科】山口県岩国市中津町２丁目１３－８" }, "geometry": { "type": "Point", "coordinates": [ 132.217611, 34.155167 ] } },
{ "type": "Feature", "properties": { "ID": 3533355207470, "正式名称": "医療法人　岩国矯正歯科クリニック", "機関区分": 3, "都道府県コード": 35, "市区町村コード": 208, "所在地": "山口県岩国市麻里布町２－２－１８　ベルデビル４Ｆ", "緯度": 34.171917, "経度": 132.223833, "url": "https://www.iryou.teikyouseido.mhlw.go.jp/znk-web/juminkanja/S2430/initialize?prefCd=35&kikanCd=3355207470&kikanKbn=3", "url2": "http://www/i-ortho.server-shared.com", "内容": "医療法人　岩国矯正歯科クリニック【3:歯科】山口県岩国市麻里布町２－２－１８　ベルデビル４Ｆ" }, "geometry": { "type": "Point", "coordinates": [ 132.223833, 34.171917 ] } },
{ "type": "Feature", "properties": { "ID": 3533355207500, "正式名称": "おかもと歯科クリニック", "機関区分": 3, "都道府県コード": 35, "市区町村コード": 208, "所在地": "山口県岩国市周東町下久原１５６０－１", "緯度": 34.090167, "経度": 132.046667, "url": "https://www.iryou.teikyouseido.mhlw.go.jp/znk-web/juminkanja/S2430/initialize?prefCd=35&kikanCd=3355207500&kikanKbn=3", "url2": "https://itp.ne.jp/info/358341542400000899/", "内容": "おかもと歯科クリニック【3:歯科】山口県岩国市周東町下久原１５６０－１" }, "geometry": { "type": "Point", "coordinates": [ 132.046667, 34.090167 ] } },
{ "type": "Feature", "properties": { "ID": 3533355207630, "正式名称": "今津歯科", "機関区分": 3, "都道府県コード": 35, "市区町村コード": 208, "所在地": "山口県岩国市今津町３－１２－１０", "緯度": 34.1635, "経度": 132.217306, "url": "https://www.iryou.teikyouseido.mhlw.go.jp/znk-web/juminkanja/S2430/initialize?prefCd=35&kikanCd=3355207630&kikanKbn=3", "url2": null, "内容": "今津歯科【3:歯科】山口県岩国市今津町３－１２－１０" }, "geometry": { "type": "Point", "coordinates": [ 132.217306, 34.1635 ] } },
{ "type": "Feature", "properties": { "ID": 3533355207760, "正式名称": "たにもと歯科医院", "機関区分": 3, "都道府県コード": 35, "市区町村コード": 208, "所在地": "山口県岩国市錦町広瀬６７０７番地７", "緯度": 34.264361, "経度": 131.958917, "url": "https://www.iryou.teikyouseido.mhlw.go.jp/znk-web/juminkanja/S2430/initialize?prefCd=35&kikanCd=3355207760&kikanKbn=3", "url2": null, "内容": "たにもと歯科医院【3:歯科】山口県岩国市錦町広瀬６７０７番地７" }, "geometry": { "type": "Point", "coordinates": [ 131.958917, 34.264361 ] } },
{ "type": "Feature", "properties": { "ID": 3533355207890, "正式名称": "岡田歯科医院", "機関区分": 3, "都道府県コード": 35, "市区町村コード": 208, "所在地": "山口県岩国市保津町２－１５－１－１", "緯度": 34.0845, "経度": 132.20875, "url": "https://www.iryou.teikyouseido.mhlw.go.jp/znk-web/juminkanja/S2430/initialize?prefCd=35&kikanCd=3355207890&kikanKbn=3", "url2": "http://www3.ocn.ne.jp/~haisha/", "内容": "岡田歯科医院【3:歯科】山口県岩国市保津町２－１５－１－１" }, "geometry": { "type": "Point", "coordinates": [ 132.20875, 34.0845 ] } },
{ "type": "Feature", "properties": { "ID": 3533355208060, "正式名称": "医療法人社団　松田歯科医院", "機関区分": 3, "都道府県コード": 35, "市区町村コード": 208, "所在地": "山口県岩国市美和町渋前１３３７番地", "緯度": 34.222972, "経度": 132.096472, "url": "https://www.iryou.teikyouseido.mhlw.go.jp/znk-web/juminkanja/S2430/initialize?prefCd=35&kikanCd=3355208060&kikanKbn=3", "url2": "www.matsudashika.jp/", "内容": "医療法人社団　松田歯科医院【3:歯科】山口県岩国市美和町渋前１３３７番地" }, "geometry": { "type": "Point", "coordinates": [ 132.096472, 34.222972 ] } },
{ "type": "Feature", "properties": { "ID": 3533355208190, "正式名称": "ふじおか歯科", "機関区分": 3, "都道府県コード": 35, "市区町村コード": 208, "所在地": "山口県岩国市山手町１丁目２４番１２号", "緯度": 34.168611, "経度": 132.213722, "url": "https://www.iryou.teikyouseido.mhlw.go.jp/znk-web/juminkanja/S2430/initialize?prefCd=35&kikanCd=3355208190&kikanKbn=3", "url2": null, "内容": "ふじおか歯科【3:歯科】山口県岩国市山手町１丁目２４番１２号" }, "geometry": { "type": "Point", "coordinates": [ 132.213722, 34.168611 ] } },
{ "type": "Feature", "properties": { "ID": 3533355208220, "正式名称": "医療法人山元歯科医院", "機関区分": 3, "都道府県コード": 35, "市区町村コード": 208, "所在地": "山口県岩国市山手町１丁目９－１８　スオミハイツ１Ｆ", "緯度": 34.170472, "経度": 132.216167, "url": "https://www.iryou.teikyouseido.mhlw.go.jp/znk-web/juminkanja/S2430/initialize?prefCd=35&kikanCd=3355208220&kikanKbn=3", "url2": "http://y-dental.blogdehp.ne.jp/", "内容": "医療法人山元歯科医院【3:歯科】山口県岩国市山手町１丁目９－１８　スオミハイツ１Ｆ" }, "geometry": { "type": "Point", "coordinates": [ 132.216167, 34.170472 ] } },
{ "type": "Feature", "properties": { "ID": 3533355208350, "正式名称": "いずみ歯科医院", "機関区分": 3, "都道府県コード": 35, "市区町村コード": 208, "所在地": "山口県岩国市車町１丁目９－３９", "緯度": 34.157806, "経度": 132.216972, "url": "https://www.iryou.teikyouseido.mhlw.go.jp/znk-web/juminkanja/S2430/initialize?prefCd=35&kikanCd=3355208350&kikanKbn=3", "url2": null, "内容": "いずみ歯科医院【3:歯科】山口県岩国市車町１丁目９－３９" }, "geometry": { "type": "Point", "coordinates": [ 132.216972, 34.157806 ] } },
{ "type": "Feature", "properties": { "ID": 3533355208480, "正式名称": "かぎとみ歯科", "機関区分": 3, "都道府県コード": 35, "市区町村コード": 208, "所在地": "山口県岩国市三笠町１丁目３－１３", "緯度": 34.166682, "経度": 132.225973, "url": "https://www.iryou.teikyouseido.mhlw.go.jp/znk-web/juminkanja/S2430/initialize?prefCd=35&kikanCd=3355208480&kikanKbn=3", "url2": null, "内容": "かぎとみ歯科【3:歯科】山口県岩国市三笠町１丁目３－１３" }, "geometry": { "type": "Point", "coordinates": [ 132.225973, 34.166682 ] } },
{ "type": "Feature", "properties": { "ID": 3533355208510, "正式名称": "みちよ歯科医院", "機関区分": 3, "都道府県コード": 35, "市区町村コード": 208, "所在地": "山口県岩国市立石町２丁目２番３６号　ＢＳビル１Ｆ", "緯度": 34.176639, "経度": 132.226417, "url": "https://www.iryou.teikyouseido.mhlw.go.jp/znk-web/juminkanja/S2430/initialize?prefCd=35&kikanCd=3355208510&kikanKbn=3", "url2": null, "内容": "みちよ歯科医院【3:歯科】山口県岩国市立石町２丁目２番３６号　ＢＳビル１Ｆ" }, "geometry": { "type": "Point", "coordinates": [ 132.226417, 34.176639 ] } },
{ "type": "Feature", "properties": { "ID": 3533355208640, "正式名称": "もりわき歯科クリニック", "機関区分": 3, "都道府県コード": 35, "市区町村コード": 208, "所在地": "山口県岩国市山手町１丁目１６番１１号", "緯度": 34.166806, "経度": 132.2175, "url": "https://www.iryou.teikyouseido.mhlw.go.jp/znk-web/juminkanja/S2430/initialize?prefCd=35&kikanCd=3355208640&kikanKbn=3", "url2": null, "内容": "もりわき歯科クリニック【3:歯科】山口県岩国市山手町１丁目１６番１１号" }, "geometry": { "type": "Point", "coordinates": [ 132.2175, 34.166806 ] } },
{ "type": "Feature", "properties": { "ID": 3533355208770, "正式名称": "むねまさ歯科クリニック", "機関区分": 3, "都道府県コード": 35, "市区町村コード": 208, "所在地": "山口県岩国市錦見４丁目１７番２号", "緯度": 34.1655, "経度": 132.188583, "url": "https://www.iryou.teikyouseido.mhlw.go.jp/znk-web/juminkanja/S2430/initialize?prefCd=35&kikanCd=3355208770&kikanKbn=3", "url2": null, "内容": "むねまさ歯科クリニック【3:歯科】山口県岩国市錦見４丁目１７番２号" }, "geometry": { "type": "Point", "coordinates": [ 132.188583, 34.1655 ] } },
{ "type": "Feature", "properties": { "ID": 3533355208800, "正式名称": "ホワイト歯科クリニック", "機関区分": 3, "都道府県コード": 35, "市区町村コード": 208, "所在地": "山口県岩国市今津町４丁目１２－１９", "緯度": 34.165056, "経度": 132.213889, "url": "https://www.iryou.teikyouseido.mhlw.go.jp/znk-web/juminkanja/S2430/initialize?prefCd=35&kikanCd=3355208800&kikanKbn=3", "url2": "http://www.whiteshika.jp/", "内容": "ホワイト歯科クリニック【3:歯科】山口県岩国市今津町４丁目１２－１９" }, "geometry": { "type": "Point", "coordinates": [ 132.213889, 34.165056 ] } },
{ "type": "Feature", "properties": { "ID": 3533355209070, "正式名称": "医療法人　啓愛会　みどり歯科クリニック", "機関区分": 3, "都道府県コード": 35, "市区町村コード": 208, "所在地": "山口県岩国市周東町下久原１１４７－６", "緯度": 34.092694, "経度": 132.052417, "url": "https://www.iryou.teikyouseido.mhlw.go.jp/znk-web/juminkanja/S2430/initialize?prefCd=35&kikanCd=3355209070&kikanKbn=3", "url2": null, "内容": "医療法人　啓愛会　みどり歯科クリニック【3:歯科】山口県岩国市周東町下久原１１４７－６" }, "geometry": { "type": "Point", "coordinates": [ 132.052417, 34.092694 ] } },
{ "type": "Feature", "properties": { "ID": 3533355209100, "正式名称": "あかざき歯科医院", "機関区分": 3, "都道府県コード": 35, "市区町村コード": 208, "所在地": "山口県岩国市藤生町１丁目２７－２０", "緯度": 34.111639, "経度": 132.199917, "url": "https://www.iryou.teikyouseido.mhlw.go.jp/znk-web/juminkanja/S2430/initialize?prefCd=35&kikanCd=3355209100&kikanKbn=3", "url2": "https://www.aka-dc.com/", "内容": "あかざき歯科医院【3:歯科】山口県岩国市藤生町１丁目２７－２０" }, "geometry": { "type": "Point", "coordinates": [ 132.199917, 34.111639 ] } },
{ "type": "Feature", "properties": { "ID": 3533355209230, "正式名称": "ヨネダ歯科クリニック", "機関区分": 3, "都道府県コード": 35, "市区町村コード": 208, "所在地": "山口県岩国市三笠町２丁目１番２１号", "緯度": 34.168833, "経度": 132.228, "url": "https://www.iryou.teikyouseido.mhlw.go.jp/znk-web/juminkanja/S2430/initialize?prefCd=35&kikanCd=3355209230&kikanKbn=3", "url2": null, "内容": "ヨネダ歯科クリニック【3:歯科】山口県岩国市三笠町２丁目１番２１号" }, "geometry": { "type": "Point", "coordinates": [ 132.228, 34.168833 ] } },
{ "type": "Feature", "properties": { "ID": 3533355209360, "正式名称": "松井歯科クリニック", "機関区分": 3, "都道府県コード": 35, "市区町村コード": 208, "所在地": "山口県岩国市周東町下久原８１６－３", "緯度": 34.088611, "経度": 132.053861, "url": "https://www.iryou.teikyouseido.mhlw.go.jp/znk-web/juminkanja/S2430/initialize?prefCd=35&kikanCd=3355209360&kikanKbn=3", "url2": "http://www.matsui-dental-clinic.com/", "内容": "松井歯科クリニック【3:歯科】山口県岩国市周東町下久原８１６－３" }, "geometry": { "type": "Point", "coordinates": [ 132.053861, 34.088611 ] } },
{ "type": "Feature", "properties": { "ID": 3533355209490, "正式名称": "村山歯科クリニック", "機関区分": 3, "都道府県コード": 35, "市区町村コード": 208, "所在地": "山口県岩国市平田１丁目３７番１１号", "緯度": 34.151972, "経度": 132.184806, "url": "https://www.iryou.teikyouseido.mhlw.go.jp/znk-web/juminkanja/S2430/initialize?prefCd=35&kikanCd=3355209490&kikanKbn=3", "url2": "http://www.murayama-dental.jp", "内容": "村山歯科クリニック【3:歯科】山口県岩国市平田１丁目３７番１１号" }, "geometry": { "type": "Point", "coordinates": [ 132.184806, 34.151972 ] } },
{ "type": "Feature", "properties": { "ID": 3533355209520, "正式名称": "ささお歯科クリニック", "機関区分": 3, "都道府県コード": 35, "市区町村コード": 208, "所在地": "山口県岩国市中津町１－２３－１８", "緯度": 34.154944, "経度": 132.215528, "url": "https://www.iryou.teikyouseido.mhlw.go.jp/znk-web/juminkanja/S2430/initialize?prefCd=35&kikanCd=3355209520&kikanKbn=3", "url2": "http://www.sasao-dc.com/", "内容": "ささお歯科クリニック【3:歯科】山口県岩国市中津町１－２３－１８" }, "geometry": { "type": "Point", "coordinates": [ 132.215528, 34.154944 ] } },
{ "type": "Feature", "properties": { "ID": 3533355209650, "正式名称": "門前町デンタルクリニック", "機関区分": 3, "都道府県コード": 35, "市区町村コード": 208, "所在地": "山口県岩国市門前町３－２２－１６", "緯度": 34.144917, "経度": 132.212556, "url": "https://www.iryou.teikyouseido.mhlw.go.jp/znk-web/juminkanja/S2430/initialize?prefCd=35&kikanCd=3355209650&kikanKbn=3", "url2": null, "内容": "門前町デンタルクリニック【3:歯科】山口県岩国市門前町３－２２－１６" }, "geometry": { "type": "Point", "coordinates": [ 132.212556, 34.144917 ] } },
{ "type": "Feature", "properties": { "ID": 3533355209780, "正式名称": "さきもと歯科クリニック", "機関区分": 3, "都道府県コード": 35, "市区町村コード": 208, "所在地": "山口県岩国市山手町１丁目２－１６", "緯度": 34.170917, "経度": 132.215306, "url": "https://www.iryou.teikyouseido.mhlw.go.jp/znk-web/juminkanja/S2430/initialize?prefCd=35&kikanCd=3355209780&kikanKbn=3", "url2": "www.sakimoto-dental.com", "内容": "さきもと歯科クリニック【3:歯科】山口県岩国市山手町１丁目２－１６" }, "geometry": { "type": "Point", "coordinates": [ 132.215306, 34.170917 ] } },
{ "type": "Feature", "properties": { "ID": 3533355209810, "正式名称": "悠デンタルクリニック", "機関区分": 3, "都道府県コード": 35, "市区町村コード": 321, "所在地": "山口県玖珂郡和木町和木２丁目３－１９", "緯度": 34.203222, "経度": 132.222889, "url": "https://www.iryou.teikyouseido.mhlw.go.jp/znk-web/juminkanja/S2430/initialize?prefCd=35&kikanCd=3355209810&kikanKbn=3", "url2": "http://yudentalclinic.com", "内容": "悠デンタルクリニック【3:歯科】山口県玖珂郡和木町和木２丁目３－１９" }, "geometry": { "type": "Point", "coordinates": [ 132.222889, 34.203222 ] } },
{ "type": "Feature", "properties": { "ID": 3533355209940, "正式名称": "ひろち歯科クリニック", "機関区分": 3, "都道府県コード": 35, "市区町村コード": 208, "所在地": "山口県岩国市車町２丁目１６－４８", "緯度": 34.157667, "経度": 132.221389, "url": "https://www.iryou.teikyouseido.mhlw.go.jp/znk-web/juminkanja/S2430/initialize?prefCd=35&kikanCd=3355209940&kikanKbn=3", "url2": "http://hirochi-shika.jp", "内容": "ひろち歯科クリニック【3:歯科】山口県岩国市車町２丁目１６－４８" }, "geometry": { "type": "Point", "coordinates": [ 132.221389, 34.157667 ] } },
{ "type": "Feature", "properties": { "ID": 3533355210180, "正式名称": "医療法人つぼい歯科クリニックおとなこども矯正歯科", "機関区分": 3, "都道府県コード": 35, "市区町村コード": 208, "所在地": "山口県岩国市南岩国町２丁目７８－３６", "緯度": 34.138333, "経度": 132.192167, "url": "https://www.iryou.teikyouseido.mhlw.go.jp/znk-web/juminkanja/S2430/initialize?prefCd=35&kikanCd=3355210180&kikanKbn=3", "url2": "https://tsuboidental.com", "内容": "医療法人つぼい歯科クリニックおとなこども矯正歯科【3:歯科】山口県岩国市南岩国町２丁目７８－３６" }, "geometry": { "type": "Point", "coordinates": [ 132.192167, 34.138333 ] } },
{ "type": "Feature", "properties": { "ID": 3533355210470, "正式名称": "医療法人社団　慈愛会　Ｙａｓｕｄａ　ｄｅｎｔａｌ　ｃｌｉｎｉｃ　ｗｅｓｔ", "機関区分": 3, "都道府県コード": 35, "市区町村コード": 208, "所在地": "山口県岩国市錦見　４‐８‐９", "緯度": 34.162222, "経度": 132.186333, "url": "https://www.iryou.teikyouseido.mhlw.go.jp/znk-web/juminkanja/S2430/initialize?prefCd=35&kikanCd=3355210470&kikanKbn=3", "url2": "http://yasuda-d-west.com/", "内容": "医療法人社団　慈愛会　Ｙａｓｕｄａ　ｄｅｎｔａｌ　ｃｌｉｎｉｃ　ｗｅｓｔ【3:歯科】山口県岩国市錦見　４‐８‐９" }, "geometry": { "type": "Point", "coordinates": [ 132.186333, 34.162222 ] } },
{ "type": "Feature", "properties": { "ID": 3533355210630, "正式名称": "岩国市立美川歯科診療所", "機関区分": 3, "都道府県コード": 35, "市区町村コード": 208, "所在地": "山口県岩国市美川町四馬神１０５７番地", "緯度": 34.242, "経度": 131.986194, "url": "https://www.iryou.teikyouseido.mhlw.go.jp/znk-web/juminkanja/S2430/initialize?prefCd=35&kikanCd=3355210630&kikanKbn=3", "url2": null, "内容": "岩国市立美川歯科診療所【3:歯科】山口県岩国市美川町四馬神１０５７番地" }, "geometry": { "type": "Point", "coordinates": [ 131.986194, 34.242 ] } },
{ "type": "Feature", "properties": { "ID": 3533355210760, "正式名称": "Ｉｗａｋｕｎｉ　Ｄｅｎｔａｌ　Ｃａｒｅ", "機関区分": 3, "都道府県コード": 35, "市区町村コード": 208, "所在地": "山口県岩国市尾津町１－６－３４　吉村ビル２Ｆ", "緯度": 34.142194, "経度": 132.212, "url": "https://www.iryou.teikyouseido.mhlw.go.jp/znk-web/juminkanja/S2430/initialize?prefCd=35&kikanCd=3355210760&kikanKbn=3", "url2": "http://iwakunidental.com", "内容": "Ｉｗａｋｕｎｉ　Ｄｅｎｔａｌ　Ｃａｒｅ【3:歯科】山口県岩国市尾津町１－６－３４　吉村ビル２Ｆ" }, "geometry": { "type": "Point", "coordinates": [ 132.212, 34.142194 ] } },
{ "type": "Feature", "properties": { "ID": 3533355210890, "正式名称": "ホーム歯科・こども矯正歯科", "機関区分": 3, "都道府県コード": 35, "市区町村コード": 208, "所在地": "山口県岩国市川西１ー２１ー３０", "緯度": 34.158, "経度": 132.177806, "url": "https://www.iryou.teikyouseido.mhlw.go.jp/znk-web/juminkanja/S2430/initialize?prefCd=35&kikanCd=3355210890&kikanKbn=3", "url2": "http://home-shika.jp/", "内容": "ホーム歯科・こども矯正歯科【3:歯科】山口県岩国市川西１ー２１ー３０" }, "geometry": { "type": "Point", "coordinates": [ 132.177806, 34.158 ] } },
{ "type": "Feature", "properties": { "ID": 3533355300270, "正式名称": "林歯科医院", "機関区分": 3, "都道府県コード": 35, "市区町村コード": 208, "所在地": "山口県岩国市玖珂町５０６３番地", "緯度": 34.093788, "経度": 132.083073, "url": "https://www.iryou.teikyouseido.mhlw.go.jp/znk-web/juminkanja/S2430/initialize?prefCd=35&kikanCd=3355300270&kikanKbn=3", "url2": null, "内容": "林歯科医院【3:歯科】山口県岩国市玖珂町５０６３番地" }, "geometry": { "type": "Point", "coordinates": [ 132.083073, 34.093788 ] } },
{ "type": "Feature", "properties": { "ID": 3533355301020, "正式名称": "柳本歯科医院", "機関区分": 3, "都道府県コード": 35, "市区町村コード": 215, "所在地": "山口県周南市大字呼坂７４７－１２", "緯度": 34.045972, "経度": 131.958, "url": "https://www.iryou.teikyouseido.mhlw.go.jp/znk-web/juminkanja/S2430/initialize?prefCd=35&kikanCd=3355301020&kikanKbn=3", "url2": "http://www.urban.ne.jp/home/tokuchan/", "内容": "柳本歯科医院【3:歯科】山口県周南市大字呼坂７４７－１２" }, "geometry": { "type": "Point", "coordinates": [ 131.958, 34.045972 ] } },
{ "type": "Feature", "properties": { "ID": 3533355301570, "正式名称": "とよた歯科矯正歯科医院", "機関区分": 3, "都道府県コード": 35, "市区町村コード": 208, "所在地": "山口県岩国市玖珂町６０５３番地", "緯度": 34.094417, "経度": 132.077944, "url": "https://www.iryou.teikyouseido.mhlw.go.jp/znk-web/juminkanja/S2430/initialize?prefCd=35&kikanCd=3355301570&kikanKbn=3", "url2": "http://toyota-dc.com/", "内容": "とよた歯科矯正歯科医院【3:歯科】山口県岩国市玖珂町６０５３番地" }, "geometry": { "type": "Point", "coordinates": [ 132.077944, 34.094417 ] } },
{ "type": "Feature", "properties": { "ID": 3533355301600, "正式名称": "米田歯科医院", "機関区分": 3, "都道府県コード": 35, "市区町村コード": 208, "所在地": "山口県岩国市玖珂町８５７番地３", "緯度": 34.098806, "経度": 132.085333, "url": "https://www.iryou.teikyouseido.mhlw.go.jp/znk-web/juminkanja/S2430/initialize?prefCd=35&kikanCd=3355301600&kikanKbn=3", "url2": null, "内容": "米田歯科医院【3:歯科】山口県岩国市玖珂町８５７番地３" }, "geometry": { "type": "Point", "coordinates": [ 132.085333, 34.098806 ] } },
{ "type": "Feature", "properties": { "ID": 3533355301730, "正式名称": "医療法人　山中歯科医院", "機関区分": 3, "都道府県コード": 35, "市区町村コード": 208, "所在地": "山口県岩国市玖珂町", "緯度": 34.095667, "経度": 132.083361, "url": "https://www.iryou.teikyouseido.mhlw.go.jp/znk-web/juminkanja/S2430/initialize?prefCd=35&kikanCd=3355301730&kikanKbn=3", "url2": "https://yamanakasika-iwakuni-kuga.com/", "内容": "医療法人　山中歯科医院【3:歯科】山口県岩国市玖珂町" }, "geometry": { "type": "Point", "coordinates": [ 132.083361, 34.095667 ] } },
{ "type": "Feature", "properties": { "ID": 3533355400170, "正式名称": "上田歯科医院", "機関区分": 3, "都道府県コード": 35, "市区町村コード": 212, "所在地": "山口県柳井市柳井津４２８", "緯度": 33.968944, "経度": 132.110111, "url": "https://www.iryou.teikyouseido.mhlw.go.jp/znk-web/juminkanja/S2430/initialize?prefCd=35&kikanCd=3355400170&kikanKbn=3", "url2": null, "内容": "上田歯科医院【3:歯科】山口県柳井市柳井津４２８" }, "geometry": { "type": "Point", "coordinates": [ 132.110111, 33.968944 ] } },
{ "type": "Feature", "properties": { "ID": 3533355400200, "正式名称": "神原歯科医院", "機関区分": 3, "都道府県コード": 35, "市区町村コード": 212, "所在地": "山口県柳井市中央２丁目２－２０", "緯度": 33.967417, "経度": 132.108389, "url": "https://www.iryou.teikyouseido.mhlw.go.jp/znk-web/juminkanja/S2430/initialize?prefCd=35&kikanCd=3355400200&kikanKbn=3", "url2": null, "内容": "神原歯科医院【3:歯科】山口県柳井市中央２丁目２－２０" }, "geometry": { "type": "Point", "coordinates": [ 132.108389, 33.967417 ] } },
{ "type": "Feature", "properties": { "ID": 3533355400330, "正式名称": "古浜歯科医院", "機関区分": 3, "都道府県コード": 35, "市区町村コード": 212, "所在地": "山口県柳井市天神１６番２１号", "緯度": 33.965611, "経度": 132.113167, "url": "https://www.iryou.teikyouseido.mhlw.go.jp/znk-web/juminkanja/S2430/initialize?prefCd=35&kikanCd=3355400330&kikanKbn=3", "url2": null, "内容": "古浜歯科医院【3:歯科】山口県柳井市天神１６番２１号" }, "geometry": { "type": "Point", "coordinates": [ 132.113167, 33.965611 ] } },
{ "type": "Feature", "properties": { "ID": 3533355400620, "正式名称": "廣實歯科医院", "機関区分": 3, "都道府県コード": 35, "市区町村コード": 212, "所在地": "山口県柳井市中央　２丁目１－１８", "緯度": 33.967139, "経度": 132.109417, "url": "https://www.iryou.teikyouseido.mhlw.go.jp/znk-web/juminkanja/S2430/initialize?prefCd=35&kikanCd=3355400620&kikanKbn=3", "url2": null, "内容": "廣實歯科医院【3:歯科】山口県柳井市中央　２丁目１－１８" }, "geometry": { "type": "Point", "coordinates": [ 132.109417, 33.967139 ] } },
{ "type": "Feature", "properties": { "ID": 3533355401210, "正式名称": "清時歯科医院", "機関区分": 3, "都道府県コード": 35, "市区町村コード": 212, "所在地": "山口県柳井市新市４番２３号", "緯度": 33.965667, "経度": 132.116389, "url": "https://www.iryou.teikyouseido.mhlw.go.jp/znk-web/juminkanja/S2430/initialize?prefCd=35&kikanCd=3355401210&kikanKbn=3", "url2": null, "内容": "清時歯科医院【3:歯科】山口県柳井市新市４番２３号" }, "geometry": { "type": "Point", "coordinates": [ 132.116389, 33.965667 ] } },
{ "type": "Feature", "properties": { "ID": 3533355401890, "正式名称": "上関町歯科診療所祝島出張所", "機関区分": 3, "都道府県コード": 35, "市区町村コード": 341, "所在地": "山口県熊毛郡上関町祝島２１６番地", "緯度": 33.786972, "経度": 131.99025, "url": "https://www.iryou.teikyouseido.mhlw.go.jp/znk-web/juminkanja/S2430/initialize?prefCd=35&kikanCd=3355401890&kikanKbn=3", "url2": null, "内容": "上関町歯科診療所祝島出張所【3:歯科】山口県熊毛郡上関町祝島２１６番地" }, "geometry": { "type": "Point", "coordinates": [ 131.99025, 33.786972 ] } },
{ "type": "Feature", "properties": { "ID": 3533355402640, "正式名称": "国重歯科医院", "機関区分": 3, "都道府県コード": 35, "市区町村コード": 344, "所在地": "山口県熊毛郡平生町平生村５６４－２", "緯度": 33.943139, "経度": 132.079194, "url": "https://www.iryou.teikyouseido.mhlw.go.jp/znk-web/juminkanja/S2430/initialize?prefCd=35&kikanCd=3355402640&kikanKbn=3", "url2": null, "内容": "国重歯科医院【3:歯科】山口県熊毛郡平生町平生村５６４－２" }, "geometry": { "type": "Point", "coordinates": [ 132.079194, 33.943139 ] } },
{ "type": "Feature", "properties": { "ID": 3533355402770, "正式名称": "医療法人奥田歯科医院", "機関区分": 3, "都道府県コード": 35, "市区町村コード": 212, "所在地": "山口県柳井市中央２丁目１３－１５", "緯度": 33.966861, "経度": 132.105333, "url": "https://www.iryou.teikyouseido.mhlw.go.jp/znk-web/juminkanja/S2430/initialize?prefCd=35&kikanCd=3355402770&kikanKbn=3", "url2": null, "内容": "医療法人奥田歯科医院【3:歯科】山口県柳井市中央２丁目１３－１５" }, "geometry": { "type": "Point", "coordinates": [ 132.105333, 33.966861 ] } },
{ "type": "Feature", "properties": { "ID": 3533355402800, "正式名称": "医療法人社団　岡崎歯科医院", "機関区分": 3, "都道府県コード": 35, "市区町村コード": 344, "所在地": "山口県熊毛郡平生町平生村６０５－４", "緯度": 33.939861, "経度": 132.076083, "url": "https://www.iryou.teikyouseido.mhlw.go.jp/znk-web/juminkanja/S2430/initialize?prefCd=35&kikanCd=3355402800&kikanKbn=3", "url2": null, "内容": "医療法人社団　岡崎歯科医院【3:歯科】山口県熊毛郡平生町平生村６０５－４" }, "geometry": { "type": "Point", "coordinates": [ 132.076083, 33.939861 ] } },
{ "type": "Feature", "properties": { "ID": 3533355402930, "正式名称": "中村歯科", "機関区分": 3, "都道府県コード": 35, "市区町村コード": 343, "所在地": "山口県熊毛郡田布施町大字下田布施６９３－１５", "緯度": 33.956, "経度": 132.048306, "url": "https://www.iryou.teikyouseido.mhlw.go.jp/znk-web/juminkanja/S2430/initialize?prefCd=35&kikanCd=3355402930&kikanKbn=3", "url2": null, "内容": "中村歯科【3:歯科】山口県熊毛郡田布施町大字下田布施６９３－１５" }, "geometry": { "type": "Point", "coordinates": [ 132.048306, 33.956 ] } },
{ "type": "Feature", "properties": { "ID": 3533355403100, "正式名称": "医療法人誠和会　藤井歯科医院", "機関区分": 3, "都道府県コード": 35, "市区町村コード": 343, "所在地": "山口県熊毛郡田布施町下田布施８６７－１", "緯度": 33.955444, "経度": 132.045472, "url": "https://www.iryou.teikyouseido.mhlw.go.jp/znk-web/juminkanja/S2430/initialize?prefCd=35&kikanCd=3355403100&kikanKbn=3", "url2": null, "内容": "医療法人誠和会　藤井歯科医院【3:歯科】山口県熊毛郡田布施町下田布施８６７－１" }, "geometry": { "type": "Point", "coordinates": [ 132.045472, 33.955444 ] } },
{ "type": "Feature", "properties": { "ID": 3533355403650, "正式名称": "玉生歯科医院", "機関区分": 3, "都道府県コード": 35, "市区町村コード": 212, "所在地": "山口県柳井市南町７丁目５－２", "緯度": 33.963472, "経度": 132.100278, "url": "https://www.iryou.teikyouseido.mhlw.go.jp/znk-web/juminkanja/S2430/initialize?prefCd=35&kikanCd=3355403650&kikanKbn=3", "url2": null, "内容": "玉生歯科医院【3:歯科】山口県柳井市南町７丁目５－２" }, "geometry": { "type": "Point", "coordinates": [ 132.100278, 33.963472 ] } },
{ "type": "Feature", "properties": { "ID": 3533355403780, "正式名称": "坪井歯科医院", "機関区分": 3, "都道府県コード": 35, "市区町村コード": 212, "所在地": "山口県柳井市伊保庄高須浜５０４３－４７", "緯度": 33.957278, "経度": 132.107222, "url": "https://www.iryou.teikyouseido.mhlw.go.jp/znk-web/juminkanja/S2430/initialize?prefCd=35&kikanCd=3355403780&kikanKbn=3", "url2": null, "内容": "坪井歯科医院【3:歯科】山口県柳井市伊保庄高須浜５０４３－４７" }, "geometry": { "type": "Point", "coordinates": [ 132.107222, 33.957278 ] } },
{ "type": "Feature", "properties": { "ID": 3533355404110, "正式名称": "かじやま歯科医院", "機関区分": 3, "都道府県コード": 35, "市区町村コード": 212, "所在地": "山口県柳井市柳井４７０８の５", "緯度": 33.976056, "経度": 132.103444, "url": "https://www.iryou.teikyouseido.mhlw.go.jp/znk-web/juminkanja/S2430/initialize?prefCd=35&kikanCd=3355404110&kikanKbn=3", "url2": null, "内容": "かじやま歯科医院【3:歯科】山口県柳井市柳井４７０８の５" }, "geometry": { "type": "Point", "coordinates": [ 132.103444, 33.976056 ] } },
{ "type": "Feature", "properties": { "ID": 3533355404240, "正式名称": "中尾歯科医院", "機関区分": 3, "都道府県コード": 35, "市区町村コード": 212, "所在地": "山口県柳井市新庄３０７－８", "緯度": 33.970972, "経度": 132.09, "url": "https://www.iryou.teikyouseido.mhlw.go.jp/znk-web/juminkanja/S2430/initialize?prefCd=35&kikanCd=3355404240&kikanKbn=3", "url2": "https://nakao-dental-clinick.square.site/", "内容": "中尾歯科医院【3:歯科】山口県柳井市新庄３０７－８" }, "geometry": { "type": "Point", "coordinates": [ 132.09, 33.970972 ] } },
{ "type": "Feature", "properties": { "ID": 3533355404370, "正式名称": "ざいま歯科医院", "機関区分": 3, "都道府県コード": 35, "市区町村コード": 212, "所在地": "山口県柳井市古開作５９４－７", "緯度": 33.968472, "経度": 132.097361, "url": "https://www.iryou.teikyouseido.mhlw.go.jp/znk-web/juminkanja/S2430/initialize?prefCd=35&kikanCd=3355404370&kikanKbn=3", "url2": null, "内容": "ざいま歯科医院【3:歯科】山口県柳井市古開作５９４－７" }, "geometry": { "type": "Point", "coordinates": [ 132.097361, 33.968472 ] } },
{ "type": "Feature", "properties": { "ID": 3533355404400, "正式名称": "大和歯科医院", "機関区分": 3, "都道府県コード": 35, "市区町村コード": 210, "所在地": "山口県光市大字岩田２４８３－６", "緯度": 33.981944, "経度": 131.998583, "url": "https://www.iryou.teikyouseido.mhlw.go.jp/znk-web/juminkanja/S2430/initialize?prefCd=35&kikanCd=3355404400&kikanKbn=3", "url2": null, "内容": "大和歯科医院【3:歯科】山口県光市大字岩田２４８３－６" }, "geometry": { "type": "Point", "coordinates": [ 131.998583, 33.981944 ] } },
{ "type": "Feature", "properties": { "ID": 3533355404530, "正式名称": "おきた歯科医院", "機関区分": 3, "都道府県コード": 35, "市区町村コード": 212, "所在地": "山口県柳井市南町３丁目１－１　ニシオビル２階", "緯度": 33.964167, "経度": 132.103861, "url": "https://www.iryou.teikyouseido.mhlw.go.jp/znk-web/juminkanja/S2430/initialize?prefCd=35&kikanCd=3355404530&kikanKbn=3", "url2": null, "内容": "おきた歯科医院【3:歯科】山口県柳井市南町３丁目１－１　ニシオビル２階" }, "geometry": { "type": "Point", "coordinates": [ 132.103861, 33.964167 ] } },
{ "type": "Feature", "properties": { "ID": 3533355404660, "正式名称": "ひろなか歯科", "機関区分": 3, "都道府県コード": 35, "市区町村コード": 344, "所在地": "山口県熊毛郡平生町曽根２３５４－３６", "緯度": 33.93025, "経度": 132.070667, "url": "https://www.iryou.teikyouseido.mhlw.go.jp/znk-web/juminkanja/S2430/initialize?prefCd=35&kikanCd=3355404660&kikanKbn=3", "url2": null, "内容": "ひろなか歯科【3:歯科】山口県熊毛郡平生町曽根２３５４－３６" }, "geometry": { "type": "Point", "coordinates": [ 132.070667, 33.93025 ] } },
{ "type": "Feature", "properties": { "ID": 3533355404820, "正式名称": "中原歯科医院", "機関区分": 3, "都道府県コード": 35, "市区町村コード": 212, "所在地": "山口県柳井市柳井４７４２－１", "緯度": 33.972886, "経度": 132.101368, "url": "https://www.iryou.teikyouseido.mhlw.go.jp/znk-web/juminkanja/S2430/initialize?prefCd=35&kikanCd=3355404820&kikanKbn=3", "url2": null, "内容": "中原歯科医院【3:歯科】山口県柳井市柳井４７４２－１" }, "geometry": { "type": "Point", "coordinates": [ 132.101368, 33.972886 ] } },
{ "type": "Feature", "properties": { "ID": 3533355404950, "正式名称": "医療法人　ピース　ときまさ歯科医院", "機関区分": 3, "都道府県コード": 35, "市区町村コード": 344, "所在地": "山口県熊毛郡平生町竪ケ浜７７７－４", "緯度": 33.950056, "経度": 132.062361, "url": "https://www.iryou.teikyouseido.mhlw.go.jp/znk-web/juminkanja/S2430/initialize?prefCd=35&kikanCd=3355404950&kikanKbn=3", "url2": null, "内容": "医療法人　ピース　ときまさ歯科医院【3:歯科】山口県熊毛郡平生町竪ケ浜７７７－４" }, "geometry": { "type": "Point", "coordinates": [ 132.062361, 33.950056 ] } },
{ "type": "Feature", "properties": { "ID": 3533355405090, "正式名称": "はらだ歯科医院", "機関区分": 3, "都道府県コード": 35, "市区町村コード": 343, "所在地": "山口県熊毛郡田布施町麻郷３４２８－８２", "緯度": 33.924417, "経度": 132.050389, "url": "https://www.iryou.teikyouseido.mhlw.go.jp/znk-web/juminkanja/S2430/initialize?prefCd=35&kikanCd=3355405090&kikanKbn=3", "url2": null, "内容": "はらだ歯科医院【3:歯科】山口県熊毛郡田布施町麻郷３４２８－８２" }, "geometry": { "type": "Point", "coordinates": [ 132.050389, 33.924417 ] } },
{ "type": "Feature", "properties": { "ID": 3533355405120, "正式名称": "上関町歯科診療所", "機関区分": 3, "都道府県コード": 35, "市区町村コード": 341, "所在地": "山口県熊毛郡上関町大字長島６０２－２", "緯度": 33.830833, "経度": 132.114, "url": "https://www.iryou.teikyouseido.mhlw.go.jp/znk-web/juminkanja/S2430/initialize?prefCd=35&kikanCd=3355405120&kikanKbn=3", "url2": null, "内容": "上関町歯科診療所【3:歯科】山口県熊毛郡上関町大字長島６０２－２" }, "geometry": { "type": "Point", "coordinates": [ 132.114, 33.830833 ] } },
{ "type": "Feature", "properties": { "ID": 3533355405250, "正式名称": "米田歯科医院", "機関区分": 3, "都道府県コード": 35, "市区町村コード": 212, "所在地": "山口県柳井市柳井１５３６－５", "緯度": 33.960389, "経度": 132.126556, "url": "https://www.iryou.teikyouseido.mhlw.go.jp/znk-web/juminkanja/S2430/initialize?prefCd=35&kikanCd=3355405250&kikanKbn=3", "url2": null, "内容": "米田歯科医院【3:歯科】山口県柳井市柳井１５３６－５" }, "geometry": { "type": "Point", "coordinates": [ 132.126556, 33.960389 ] } },
{ "type": "Feature", "properties": { "ID": 3533355405380, "正式名称": "村中歯科医院", "機関区分": 3, "都道府県コード": 35, "市区町村コード": 212, "所在地": "山口県柳井市伊陸６７１４", "緯度": 34.035833, "経度": 132.098, "url": "https://www.iryou.teikyouseido.mhlw.go.jp/znk-web/juminkanja/S2430/initialize?prefCd=35&kikanCd=3355405380&kikanKbn=3", "url2": null, "内容": "村中歯科医院【3:歯科】山口県柳井市伊陸６７１４" }, "geometry": { "type": "Point", "coordinates": [ 132.098, 34.035833 ] } },
{ "type": "Feature", "properties": { "ID": 3533355405410, "正式名称": "武中デンタルクリニック", "機関区分": 3, "都道府県コード": 35, "市区町村コード": 305, "所在地": "山口県大島郡周防大島町小松開作１４３－２３", "緯度": 33.929278, "経度": 132.189833, "url": "https://www.iryou.teikyouseido.mhlw.go.jp/znk-web/juminkanja/S2430/initialize?prefCd=35&kikanCd=3355405410&kikanKbn=3", "url2": null, "内容": "武中デンタルクリニック【3:歯科】山口県大島郡周防大島町小松開作１４３－２３" }, "geometry": { "type": "Point", "coordinates": [ 132.189833, 33.929278 ] } },
{ "type": "Feature", "properties": { "ID": 3533355405540, "正式名称": "いそべ歯科医院", "機関区分": 3, "都道府県コード": 35, "市区町村コード": 212, "所在地": "山口県柳井市南町７－１４－７", "緯度": 33.964361, "経度": 132.09925, "url": "https://www.iryou.teikyouseido.mhlw.go.jp/znk-web/juminkanja/S2430/initialize?prefCd=35&kikanCd=3355405540&kikanKbn=3", "url2": null, "内容": "いそべ歯科医院【3:歯科】山口県柳井市南町７－１４－７" }, "geometry": { "type": "Point", "coordinates": [ 132.09925, 33.964361 ] } },
{ "type": "Feature", "properties": { "ID": 3533355405670, "正式名称": "守友歯科クリニック", "機関区分": 3, "都道府県コード": 35, "市区町村コード": 343, "所在地": "山口県熊毛郡田布施町中央南３番４", "緯度": 33.952889, "経度": 132.042944, "url": "https://www.iryou.teikyouseido.mhlw.go.jp/znk-web/juminkanja/S2430/initialize?prefCd=35&kikanCd=3355405670&kikanKbn=3", "url2": null, "内容": "守友歯科クリニック【3:歯科】山口県熊毛郡田布施町中央南３番４" }, "geometry": { "type": "Point", "coordinates": [ 132.042944, 33.952889 ] } },
{ "type": "Feature", "properties": { "ID": 3533355405830, "正式名称": "くにちか歯科医院", "機関区分": 3, "都道府県コード": 35, "市区町村コード": 343, "所在地": "山口県熊毛郡田布施町大字下田布施９３７－１２", "緯度": 33.956639, "経度": 132.04125, "url": "https://www.iryou.teikyouseido.mhlw.go.jp/znk-web/juminkanja/S2430/initialize?prefCd=35&kikanCd=3355405830&kikanKbn=3", "url2": null, "内容": "くにちか歯科医院【3:歯科】山口県熊毛郡田布施町大字下田布施９３７－１２" }, "geometry": { "type": "Point", "coordinates": [ 132.04125, 33.956639 ] } },
{ "type": "Feature", "properties": { "ID": 3533355405960, "正式名称": "医療法人栄信会　戸田歯科医院", "機関区分": 3, "都道府県コード": 35, "市区町村コード": 212, "所在地": "山口県柳井市神代４１８３－１６", "緯度": 33.963667, "経度": 132.180889, "url": "https://www.iryou.teikyouseido.mhlw.go.jp/znk-web/juminkanja/S2430/initialize?prefCd=35&kikanCd=3355405960&kikanKbn=3", "url2": "www.eishinkai.jp", "内容": "医療法人栄信会　戸田歯科医院【3:歯科】山口県柳井市神代４１８３－１６" }, "geometry": { "type": "Point", "coordinates": [ 132.180889, 33.963667 ] } },
{ "type": "Feature", "properties": { "ID": 3533355406000, "正式名称": "東和・武中歯科", "機関区分": 3, "都道府県コード": 35, "市区町村コード": 305, "所在地": "山口県大島郡周防大島町西方１６４１－３", "緯度": 33.902056, "経度": 132.33725, "url": "https://www.iryou.teikyouseido.mhlw.go.jp/znk-web/juminkanja/S2430/initialize?prefCd=35&kikanCd=3355406000&kikanKbn=3", "url2": null, "内容": "東和・武中歯科【3:歯科】山口県大島郡周防大島町西方１６４１－３" }, "geometry": { "type": "Point", "coordinates": [ 132.33725, 33.902056 ] } },
{ "type": "Feature", "properties": { "ID": 3533355406390, "正式名称": "医療法人栄信会やない歯科・矯正歯科", "機関区分": 3, "都道府県コード": 35, "市区町村コード": 212, "所在地": "山口県柳井市南町二丁目５番１６号", "緯度": 33.964028, "経度": 132.104861, "url": "https://www.iryou.teikyouseido.mhlw.go.jp/znk-web/juminkanja/S2430/initialize?prefCd=35&kikanCd=3355406390&kikanKbn=3", "url2": "https://www.eishinkai.jp/", "内容": "医療法人栄信会やない歯科・矯正歯科【3:歯科】山口県柳井市南町二丁目５番１６号" }, "geometry": { "type": "Point", "coordinates": [ 132.104861, 33.964028 ] } },
{ "type": "Feature", "properties": { "ID": 3533355500100, "正式名称": "石田歯科診療所", "機関区分": 3, "都道府県コード": 35, "市区町村コード": 215, "所在地": "山口県周南市三番町３－２２", "緯度": 34.056556, "経度": 131.812806, "url": "https://www.iryou.teikyouseido.mhlw.go.jp/znk-web/juminkanja/S2430/initialize?prefCd=35&kikanCd=3355500100&kikanKbn=3", "url2": null, "内容": "石田歯科診療所【3:歯科】山口県周南市三番町３－２２" }, "geometry": { "type": "Point", "coordinates": [ 131.812806, 34.056556 ] } },
{ "type": "Feature", "properties": { "ID": 3533355500360, "正式名称": "井上歯科医院", "機関区分": 3, "都道府県コード": 35, "市区町村コード": 215, "所在地": "山口県周南市平和通２－４４", "緯度": 34.048944, "経度": 131.805556, "url": "https://www.iryou.teikyouseido.mhlw.go.jp/znk-web/juminkanja/S2430/initialize?prefCd=35&kikanCd=3355500360&kikanKbn=3", "url2": null, "内容": "井上歯科医院【3:歯科】山口県周南市平和通２－４４" }, "geometry": { "type": "Point", "coordinates": [ 131.805556, 34.048944 ] } },
{ "type": "Feature", "properties": { "ID": 3533355500490, "正式名称": "岡本歯科医院", "機関区分": 3, "都道府県コード": 35, "市区町村コード": 215, "所在地": "山口県周南市本町１－９", "緯度": 34.053056, "経度": 131.803333, "url": "https://www.iryou.teikyouseido.mhlw.go.jp/znk-web/juminkanja/S2430/initialize?prefCd=35&kikanCd=3355500490&kikanKbn=3", "url2": null, "内容": "岡本歯科医院【3:歯科】山口県周南市本町１－９" }, "geometry": { "type": "Point", "coordinates": [ 131.803333, 34.053056 ] } },
{ "type": "Feature", "properties": { "ID": 3533355500940, "正式名称": "医療法人クラタ歯科", "機関区分": 3, "都道府県コード": 35, "市区町村コード": 215, "所在地": "山口県周南市代々木通１－８", "緯度": 34.055111, "経度": 131.804722, "url": "https://www.iryou.teikyouseido.mhlw.go.jp/znk-web/juminkanja/S2430/initialize?prefCd=35&kikanCd=3355500940&kikanKbn=3", "url2": null, "内容": "医療法人クラタ歯科【3:歯科】山口県周南市代々木通１－８" }, "geometry": { "type": "Point", "coordinates": [ 131.804722, 34.055111 ] } },
{ "type": "Feature", "properties": { "ID": 3533355501110, "正式名称": "近藤歯科医院", "機関区分": 3, "都道府県コード": 35, "市区町村コード": 215, "所在地": "山口県周南市橋本町１－３５", "緯度": 34.047917, "経度": 131.8085, "url": "https://www.iryou.teikyouseido.mhlw.go.jp/znk-web/juminkanja/S2430/initialize?prefCd=35&kikanCd=3355501110&kikanKbn=3", "url2": "http://www.kondou-sika.net", "内容": "近藤歯科医院【3:歯科】山口県周南市橋本町１－３５" }, "geometry": { "type": "Point", "coordinates": [ 131.8085, 34.047917 ] } },
{ "type": "Feature", "properties": { "ID": 3533355501400, "正式名称": "たけや歯科医院", "機関区分": 3, "都道府県コード": 35, "市区町村コード": 215, "所在地": "山口県周南市速玉町７－７", "緯度": 34.045306, "経度": 131.81175, "url": "https://www.iryou.teikyouseido.mhlw.go.jp/znk-web/juminkanja/S2430/initialize?prefCd=35&kikanCd=3355501400&kikanKbn=3", "url2": "http://www/takeya-dc.jp", "内容": "たけや歯科医院【3:歯科】山口県周南市速玉町７－７" }, "geometry": { "type": "Point", "coordinates": [ 131.81175, 34.045306 ] } },
{ "type": "Feature", "properties": { "ID": 3533355501790, "正式名称": "八塚歯科医院", "機関区分": 3, "都道府県コード": 35, "市区町村コード": 215, "所在地": "山口県周南市有楽町３０－２", "緯度": 34.052806, "経度": 131.80225, "url": "https://www.iryou.teikyouseido.mhlw.go.jp/znk-web/juminkanja/S2430/initialize?prefCd=35&kikanCd=3355501790&kikanKbn=3", "url2": "http://www.yatuzuka.jp", "内容": "八塚歯科医院【3:歯科】山口県周南市有楽町３０－２" }, "geometry": { "type": "Point", "coordinates": [ 131.80225, 34.052806 ] } },
{ "type": "Feature", "properties": { "ID": 3533355502120, "正式名称": "水津歯科医院", "機関区分": 3, "都道府県コード": 35, "市区町村コード": 215, "所在地": "山口県周南市御幸通２－１１　秋本ビル３Ｆ", "緯度": 34.052944, "経度": 131.80475, "url": "https://www.iryou.teikyouseido.mhlw.go.jp/znk-web/juminkanja/S2430/initialize?prefCd=35&kikanCd=3355502120&kikanKbn=3", "url2": null, "内容": "水津歯科医院【3:歯科】山口県周南市御幸通２－１１　秋本ビル３Ｆ" }, "geometry": { "type": "Point", "coordinates": [ 131.80475, 34.052944 ] } },
{ "type": "Feature", "properties": { "ID": 3533355502670, "正式名称": "友村歯科医院", "機関区分": 3, "都道府県コード": 35, "市区町村コード": 215, "所在地": "山口県周南市若宮町２－２４", "緯度": 34.051028, "経度": 131.807139, "url": "https://www.iryou.teikyouseido.mhlw.go.jp/znk-web/juminkanja/S2430/initialize?prefCd=35&kikanCd=3355502670&kikanKbn=3", "url2": "http://www.tomomura-dental.com/", "内容": "友村歯科医院【3:歯科】山口県周南市若宮町２－２４" }, "geometry": { "type": "Point", "coordinates": [ 131.807139, 34.051028 ] } },
{ "type": "Feature", "properties": { "ID": 3533355502960, "正式名称": "宮﨑歯科医院", "機関区分": 3, "都道府県コード": 35, "市区町村コード": 215, "所在地": "山口県周南市公園区５８５９－８　貞本ビル２階", "緯度": 34.060667, "経度": 131.814056, "url": "https://www.iryou.teikyouseido.mhlw.go.jp/znk-web/juminkanja/S2430/initialize?prefCd=35&kikanCd=3355502960&kikanKbn=3", "url2": null, "内容": "宮﨑歯科医院【3:歯科】山口県周南市公園区５８５９－８　貞本ビル２階" }, "geometry": { "type": "Point", "coordinates": [ 131.814056, 34.060667 ] } },
{ "type": "Feature", "properties": { "ID": 3533355503260, "正式名称": "平野歯科医院", "機関区分": 3, "都道府県コード": 35, "市区町村コード": 215, "所在地": "山口県周南市楠木１丁目８－１１", "緯度": 34.056278, "経度": 131.82125, "url": "https://www.iryou.teikyouseido.mhlw.go.jp/znk-web/juminkanja/S2430/initialize?prefCd=35&kikanCd=3355503260&kikanKbn=3", "url2": null, "内容": "平野歯科医院【3:歯科】山口県周南市楠木１丁目８－１１" }, "geometry": { "type": "Point", "coordinates": [ 131.82125, 34.056278 ] } },
{ "type": "Feature", "properties": { "ID": 3533355503390, "正式名称": "小川歯科医院", "機関区分": 3, "都道府県コード": 35, "市区町村コード": 215, "所在地": "山口県周南市周陽２丁目２番１６号", "緯度": 34.046361, "経度": 131.833861, "url": "https://www.iryou.teikyouseido.mhlw.go.jp/znk-web/juminkanja/S2430/initialize?prefCd=35&kikanCd=3355503390&kikanKbn=3", "url2": null, "内容": "小川歯科医院【3:歯科】山口県周南市周陽２丁目２番１６号" }, "geometry": { "type": "Point", "coordinates": [ 131.833861, 34.046361 ] } },
{ "type": "Feature", "properties": { "ID": 3533355503840, "正式名称": "松下歯科医院", "機関区分": 3, "都道府県コード": 35, "市区町村コード": 215, "所在地": "山口県周南市桜木１－５－１", "緯度": 34.041611, "経度": 131.837611, "url": "https://www.iryou.teikyouseido.mhlw.go.jp/znk-web/juminkanja/S2430/initialize?prefCd=35&kikanCd=3355503840&kikanKbn=3", "url2": "https://www.matsushita-dc.jp", "内容": "松下歯科医院【3:歯科】山口県周南市桜木１－５－１" }, "geometry": { "type": "Point", "coordinates": [ 131.837611, 34.041611 ] } },
{ "type": "Feature", "properties": { "ID": 3533355503970, "正式名称": "のぶひさ歯科医院", "機関区分": 3, "都道府県コード": 35, "市区町村コード": 215, "所在地": "山口県周南市新宿通り６－２－２", "緯度": 34.065472, "経度": 131.797722, "url": "https://www.iryou.teikyouseido.mhlw.go.jp/znk-web/juminkanja/S2430/initialize?prefCd=35&kikanCd=3355503970&kikanKbn=3", "url2": null, "内容": "のぶひさ歯科医院【3:歯科】山口県周南市新宿通り６－２－２" }, "geometry": { "type": "Point", "coordinates": [ 131.797722, 34.065472 ] } },
{ "type": "Feature", "properties": { "ID": 3533355504300, "正式名称": "諏訪歯科医院", "機関区分": 3, "都道府県コード": 35, "市区町村コード": 207, "所在地": "山口県下松市中市１丁目１０番３２号", "緯度": 34.010667, "経度": 131.865556, "url": "https://www.iryou.teikyouseido.mhlw.go.jp/znk-web/juminkanja/S2430/initialize?prefCd=35&kikanCd=3355504300&kikanKbn=3", "url2": "http://suwa.cihp.jp/", "内容": "諏訪歯科医院【3:歯科】山口県下松市中市１丁目１０番３２号" }, "geometry": { "type": "Point", "coordinates": [ 131.865556, 34.010667 ] } },
{ "type": "Feature", "properties": { "ID": 3533355505150, "正式名称": "白倉歯科医院", "機関区分": 3, "都道府県コード": 35, "市区町村コード": 207, "所在地": "山口県下松市西市２－３－３１", "緯度": 34.013222, "経度": 131.859139, "url": "https://www.iryou.teikyouseido.mhlw.go.jp/znk-web/juminkanja/S2430/initialize?prefCd=35&kikanCd=3355505150&kikanKbn=3", "url2": "http://shirakuradental.dreama.jp/", "内容": "白倉歯科医院【3:歯科】山口県下松市西市２－３－３１" }, "geometry": { "type": "Point", "coordinates": [ 131.859139, 34.013222 ] } },
{ "type": "Feature", "properties": { "ID": 3533355505280, "正式名称": "福永歯科クリニック", "機関区分": 3, "都道府県コード": 35, "市区町村コード": 207, "所在地": "山口県下松市駅南２丁目５番１号", "緯度": 34.008611, "経度": 131.865639, "url": "https://www.iryou.teikyouseido.mhlw.go.jp/znk-web/juminkanja/S2430/initialize?prefCd=35&kikanCd=3355505280&kikanKbn=3", "url2": null, "内容": "福永歯科クリニック【3:歯科】山口県下松市駅南２丁目５番１号" }, "geometry": { "type": "Point", "coordinates": [ 131.865639, 34.008611 ] } },
{ "type": "Feature", "properties": { "ID": 3533355505860, "正式名称": "宇都宮歯科医院", "機関区分": 3, "都道府県コード": 35, "市区町村コード": 207, "所在地": "山口県下松市生野屋西１－３－１１", "緯度": 34.0355, "経度": 131.879417, "url": "https://www.iryou.teikyouseido.mhlw.go.jp/znk-web/juminkanja/S2430/initialize?prefCd=35&kikanCd=3355505860&kikanKbn=3", "url2": "https://www.utsu-dc.com/", "内容": "宇都宮歯科医院【3:歯科】山口県下松市生野屋西１－３－１１" }, "geometry": { "type": "Point", "coordinates": [ 131.879417, 34.0355 ] } },
{ "type": "Feature", "properties": { "ID": 3533355506610, "正式名称": "藤本歯科診療所", "機関区分": 3, "都道府県コード": 35, "市区町村コード": 210, "所在地": "山口県光市中央５－１１－７", "緯度": 33.960139, "経度": 131.941139, "url": "https://www.iryou.teikyouseido.mhlw.go.jp/znk-web/juminkanja/S2430/initialize?prefCd=35&kikanCd=3355506610&kikanKbn=3", "url2": "https://www.fujimotoshika-hikari.com", "内容": "藤本歯科診療所【3:歯科】山口県光市中央５－１１－７" }, "geometry": { "type": "Point", "coordinates": [ 131.941139, 33.960139 ] } },
{ "type": "Feature", "properties": { "ID": 3533355507170, "正式名称": "諏訪歯科医院", "機関区分": 3, "都道府県コード": 35, "市区町村コード": 210, "所在地": "山口県光市浅江３－２０－１", "緯度": 33.97225, "経度": 131.924083, "url": "https://www.iryou.teikyouseido.mhlw.go.jp/znk-web/juminkanja/S2430/initialize?prefCd=35&kikanCd=3355507170&kikanKbn=3", "url2": null, "内容": "諏訪歯科医院【3:歯科】山口県光市浅江３－２０－１" }, "geometry": { "type": "Point", "coordinates": [ 131.924083, 33.97225 ] } },
{ "type": "Feature", "properties": { "ID": 3533355507590, "正式名称": "酒井歯科医院", "機関区分": 3, "都道府県コード": 35, "市区町村コード": 215, "所在地": "山口県周南市本陣町１５－２１", "緯度": 34.073056, "経度": 131.732417, "url": "https://www.iryou.teikyouseido.mhlw.go.jp/znk-web/juminkanja/S2430/initialize?prefCd=35&kikanCd=3355507590&kikanKbn=3", "url2": null, "内容": "酒井歯科医院【3:歯科】山口県周南市本陣町１５－２１" }, "geometry": { "type": "Point", "coordinates": [ 131.732417, 34.073056 ] } },
{ "type": "Feature", "properties": { "ID": 3533355508180, "正式名称": "井上歯科医院", "機関区分": 3, "都道府県コード": 35, "市区町村コード": 215, "所在地": "山口県周南市宮の前２丁目８－１０", "緯度": 34.0725, "経度": 131.762889, "url": "https://www.iryou.teikyouseido.mhlw.go.jp/znk-web/juminkanja/S2430/initialize?prefCd=35&kikanCd=3355508180&kikanKbn=3", "url2": null, "内容": "井上歯科医院【3:歯科】山口県周南市宮の前２丁目８－１０" }, "geometry": { "type": "Point", "coordinates": [ 131.762889, 34.0725 ] } },
{ "type": "Feature", "properties": { "ID": 3533355508890, "正式名称": "江副歯科医院", "機関区分": 3, "都道府県コード": 35, "市区町村コード": 215, "所在地": "山口県周南市大字鹿野上３１３９番地", "緯度": 34.227333, "経度": 131.818056, "url": "https://www.iryou.teikyouseido.mhlw.go.jp/znk-web/juminkanja/S2430/initialize?prefCd=35&kikanCd=3355508890&kikanKbn=3", "url2": null, "内容": "江副歯科医院【3:歯科】山口県周南市大字鹿野上３１３９番地" }, "geometry": { "type": "Point", "coordinates": [ 131.818056, 34.227333 ] } },
{ "type": "Feature", "properties": { "ID": 3533355509220, "正式名称": "医療法人花田歯科医院", "機関区分": 3, "都道府県コード": 35, "市区町村コード": 207, "所在地": "山口県下松市栄町１－８－２１", "緯度": 34.010139, "経度": 131.867722, "url": "https://www.iryou.teikyouseido.mhlw.go.jp/znk-web/juminkanja/S2430/initialize?prefCd=35&kikanCd=3355509220&kikanKbn=3", "url2": null, "内容": "医療法人花田歯科医院【3:歯科】山口県下松市栄町１－８－２１" }, "geometry": { "type": "Point", "coordinates": [ 131.867722, 34.010139 ] } },
{ "type": "Feature", "properties": { "ID": 3533355509510, "正式名称": "福間歯科医院", "機関区分": 3, "都道府県コード": 35, "市区町村コード": 215, "所在地": "山口県周南市岐南町８－３", "緯度": 34.059667, "経度": 131.812528, "url": "https://www.iryou.teikyouseido.mhlw.go.jp/znk-web/juminkanja/S2430/initialize?prefCd=35&kikanCd=3355509510&kikanKbn=3", "url2": null, "内容": "福間歯科医院【3:歯科】山口県周南市岐南町８－３" }, "geometry": { "type": "Point", "coordinates": [ 131.812528, 34.059667 ] } },
{ "type": "Feature", "properties": { "ID": 3533355510460, "正式名称": "蔵清歯科診療所", "機関区分": 3, "都道府県コード": 35, "市区町村コード": 215, "所在地": "山口県周南市周陽２丁目１２番１８号", "緯度": 34.044389, "経度": 131.831333, "url": "https://www.iryou.teikyouseido.mhlw.go.jp/znk-web/juminkanja/S2430/initialize?prefCd=35&kikanCd=3355510460&kikanKbn=3", "url2": null, "内容": "蔵清歯科診療所【3:歯科】山口県周南市周陽２丁目１２番１８号" }, "geometry": { "type": "Point", "coordinates": [ 131.831333, 34.044389 ] } },
{ "type": "Feature", "properties": { "ID": 3533355510590, "正式名称": "医療法人虹歯会　平田歯科医院", "機関区分": 3, "都道府県コード": 35, "市区町村コード": 210, "所在地": "山口県光市虹ケ丘１丁目１９番１号", "緯度": 33.974528, "経度": 131.916472, "url": "https://www.iryou.teikyouseido.mhlw.go.jp/znk-web/juminkanja/S2430/initialize?prefCd=35&kikanCd=3355510590&kikanKbn=3", "url2": null, "内容": "医療法人虹歯会　平田歯科医院【3:歯科】山口県光市虹ケ丘１丁目１９番１号" }, "geometry": { "type": "Point", "coordinates": [ 131.916472, 33.974528 ] } },
{ "type": "Feature", "properties": { "ID": 3533355510620, "正式名称": "医療法人　杏林会　佐波歯科医院", "機関区分": 3, "都道府県コード": 35, "市区町村コード": 215, "所在地": "山口県周南市清水２－３－４", "緯度": 34.069889, "経度": 131.772667, "url": "https://www.iryou.teikyouseido.mhlw.go.jp/znk-web/juminkanja/S2430/initialize?prefCd=35&kikanCd=3355510620&kikanKbn=3", "url2": "http://sawadental.com/", "内容": "医療法人　杏林会　佐波歯科医院【3:歯科】山口県周南市清水２－３－４" }, "geometry": { "type": "Point", "coordinates": [ 131.772667, 34.069889 ] } },
{ "type": "Feature", "properties": { "ID": 3533355510750, "正式名称": "中川歯科医院", "機関区分": 3, "都道府県コード": 35, "市区町村コード": 210, "所在地": "山口県光市宮ノ下町１１番６号", "緯度": 33.982917, "経度": 131.930194, "url": "https://www.iryou.teikyouseido.mhlw.go.jp/znk-web/juminkanja/S2430/initialize?prefCd=35&kikanCd=3355510750&kikanKbn=3", "url2": null, "内容": "中川歯科医院【3:歯科】山口県光市宮ノ下町１１番６号" }, "geometry": { "type": "Point", "coordinates": [ 131.930194, 33.982917 ] } },
{ "type": "Feature", "properties": { "ID": 3533355510880, "正式名称": "古川町武居歯科医院", "機関区分": 3, "都道府県コード": 35, "市区町村コード": 207, "所在地": "山口県下松市古川町４丁目１番５号", "緯度": 34.007, "経度": 131.87075, "url": "https://www.iryou.teikyouseido.mhlw.go.jp/znk-web/juminkanja/S2430/initialize?prefCd=35&kikanCd=3355510880&kikanKbn=3", "url2": "http://www.takesueshika.com", "内容": "古川町武居歯科医院【3:歯科】山口県下松市古川町４丁目１番５号" }, "geometry": { "type": "Point", "coordinates": [ 131.87075, 34.007 ] } },
{ "type": "Feature", "properties": { "ID": 3533355511050, "正式名称": "医療法人　神内歯科クリニック", "機関区分": 3, "都道府県コード": 35, "市区町村コード": 215, "所在地": "山口県周南市栗屋開作南７９７－３", "緯度": 34.018, "経度": 131.836861, "url": "https://www.iryou.teikyouseido.mhlw.go.jp/znk-web/juminkanja/S2430/initialize?prefCd=35&kikanCd=3355511050&kikanKbn=3", "url2": null, "内容": "医療法人　神内歯科クリニック【3:歯科】山口県周南市栗屋開作南７９７－３" }, "geometry": { "type": "Point", "coordinates": [ 131.836861, 34.018 ] } },
{ "type": "Feature", "properties": { "ID": 3533355511500, "正式名称": "佃歯科医院", "機関区分": 3, "都道府県コード": 35, "市区町村コード": 210, "所在地": "山口県光市光井９－１０－１０", "緯度": 33.959083, "経度": 131.947583, "url": "https://www.iryou.teikyouseido.mhlw.go.jp/znk-web/juminkanja/S2430/initialize?prefCd=35&kikanCd=3355511500&kikanKbn=3", "url2": "http://tsukudashika.cihp2.jp", "内容": "佃歯科医院【3:歯科】山口県光市光井９－１０－１０" }, "geometry": { "type": "Point", "coordinates": [ 131.947583, 33.959083 ] } },
{ "type": "Feature", "properties": { "ID": 3533355511890, "正式名称": "下村歯科", "機関区分": 3, "都道府県コード": 35, "市区町村コード": 207, "所在地": "山口県下松市藤光町１丁目１０番３１号相本ビル１階", "緯度": 34.02275, "経度": 131.866472, "url": "https://www.iryou.teikyouseido.mhlw.go.jp/znk-web/juminkanja/S2430/initialize?prefCd=35&kikanCd=3355511890&kikanKbn=3", "url2": null, "内容": "下村歯科【3:歯科】山口県下松市藤光町１丁目１０番３１号相本ビル１階" }, "geometry": { "type": "Point", "coordinates": [ 131.866472, 34.02275 ] } },
{ "type": "Feature", "properties": { "ID": 3533355512190, "正式名称": "みなみ歯科医院", "機関区分": 3, "都道府県コード": 35, "市区町村コード": 210, "所在地": "山口県光市中央３丁目１番５号", "緯度": 33.958083, "経度": 131.947417, "url": "https://www.iryou.teikyouseido.mhlw.go.jp/znk-web/juminkanja/S2430/initialize?prefCd=35&kikanCd=3355512190&kikanKbn=3", "url2": null, "内容": "みなみ歯科医院【3:歯科】山口県光市中央３丁目１番５号" }, "geometry": { "type": "Point", "coordinates": [ 131.947417, 33.958083 ] } },
{ "type": "Feature", "properties": { "ID": 3533355512480, "正式名称": "原野歯科医院", "機関区分": 3, "都道府県コード": 35, "市区町村コード": 207, "所在地": "山口県下松市西豊井殿ケ浴６４５番２", "緯度": 34.016944, "経度": 131.876278, "url": "https://www.iryou.teikyouseido.mhlw.go.jp/znk-web/juminkanja/S2430/initialize?prefCd=35&kikanCd=3355512480&kikanKbn=3", "url2": null, "内容": "原野歯科医院【3:歯科】山口県下松市西豊井殿ケ浴６４５番２" }, "geometry": { "type": "Point", "coordinates": [ 131.876278, 34.016944 ] } },
{ "type": "Feature", "properties": { "ID": 3533355512640, "正式名称": "さいとう歯科医院", "機関区分": 3, "都道府県コード": 35, "市区町村コード": 215, "所在地": "山口県周南市下上上野２０３２", "緯度": 34.088306, "経度": 131.781778, "url": "https://www.iryou.teikyouseido.mhlw.go.jp/znk-web/juminkanja/S2430/initialize?prefCd=35&kikanCd=3355512640&kikanKbn=3", "url2": null, "内容": "さいとう歯科医院【3:歯科】山口県周南市下上上野２０３２" }, "geometry": { "type": "Point", "coordinates": [ 131.781778, 34.088306 ] } },
{ "type": "Feature", "properties": { "ID": 3533355512930, "正式名称": "周南市須金歯科診療所", "機関区分": 3, "都道府県コード": 35, "市区町村コード": 215, "所在地": "山口県周南市須万２４８８", "緯度": 34.201, "経度": 131.923889, "url": "https://www.iryou.teikyouseido.mhlw.go.jp/znk-web/juminkanja/S2430/initialize?prefCd=35&kikanCd=3355512930&kikanKbn=3", "url2": null, "内容": "周南市須金歯科診療所【3:歯科】山口県周南市須万２４８８" }, "geometry": { "type": "Point", "coordinates": [ 131.923889, 34.201 ] } },
{ "type": "Feature", "properties": { "ID": 3533355513100, "正式名称": "かねしげ歯科クリニック", "機関区分": 3, "都道府県コード": 35, "市区町村コード": 207, "所在地": "山口県下松市東陽４丁目２１－６", "緯度": 34.033667, "経度": 131.912028, "url": "https://www.iryou.teikyouseido.mhlw.go.jp/znk-web/juminkanja/S2430/initialize?prefCd=35&kikanCd=3355513100&kikanKbn=3", "url2": null, "内容": "かねしげ歯科クリニック【3:歯科】山口県下松市東陽４丁目２１－６" }, "geometry": { "type": "Point", "coordinates": [ 131.912028, 34.033667 ] } },
{ "type": "Feature", "properties": { "ID": 3533355513230, "正式名称": "かねおか歯科クリニック", "機関区分": 3, "都道府県コード": 35, "市区町村コード": 215, "所在地": "山口県周南市千代田町１－１８", "緯度": 34.050806, "経度": 131.801417, "url": "https://www.iryou.teikyouseido.mhlw.go.jp/znk-web/juminkanja/S2430/initialize?prefCd=35&kikanCd=3355513230&kikanKbn=3", "url2": "http://www.kaneoka-dental.com/", "内容": "かねおか歯科クリニック【3:歯科】山口県周南市千代田町１－１８" }, "geometry": { "type": "Point", "coordinates": [ 131.801417, 34.050806 ] } },
{ "type": "Feature", "properties": { "ID": 3533355513490, "正式名称": "兼石歯科医院", "機関区分": 3, "都道府県コード": 35, "市区町村コード": 215, "所在地": "山口県周南市月丘町４丁目２０番地", "緯度": 34.062333, "経度": 131.800056, "url": "https://www.iryou.teikyouseido.mhlw.go.jp/znk-web/juminkanja/S2430/initialize?prefCd=35&kikanCd=3355513490&kikanKbn=3", "url2": null, "内容": "兼石歯科医院【3:歯科】山口県周南市月丘町４丁目２０番地" }, "geometry": { "type": "Point", "coordinates": [ 131.800056, 34.062333 ] } },
{ "type": "Feature", "properties": { "ID": 3533355513520, "正式名称": "原田歯科医院", "機関区分": 3, "都道府県コード": 35, "市区町村コード": 207, "所在地": "山口県下松市南花岡６丁目９－１２", "緯度": 34.030083, "経度": 131.864028, "url": "https://www.iryou.teikyouseido.mhlw.go.jp/znk-web/juminkanja/S2430/initialize?prefCd=35&kikanCd=3355513520&kikanKbn=3", "url2": null, "内容": "原田歯科医院【3:歯科】山口県下松市南花岡６丁目９－１２" }, "geometry": { "type": "Point", "coordinates": [ 131.864028, 34.030083 ] } },
{ "type": "Feature", "properties": { "ID": 3533355513780, "正式名称": "医療法人しみず歯科医院", "機関区分": 3, "都道府県コード": 35, "市区町村コード": 207, "所在地": "山口県下松市美里町３丁目９－６", "緯度": 34.021722, "経度": 131.860333, "url": "https://www.iryou.teikyouseido.mhlw.go.jp/znk-web/juminkanja/S2430/initialize?prefCd=35&kikanCd=3355513780&kikanKbn=3", "url2": "http://www.f-t-d.org/914844", "内容": "医療法人しみず歯科医院【3:歯科】山口県下松市美里町３丁目９－６" }, "geometry": { "type": "Point", "coordinates": [ 131.860333, 34.021722 ] } },
{ "type": "Feature", "properties": { "ID": 3533355513810, "正式名称": "さきしげ歯科医院", "機関区分": 3, "都道府県コード": 35, "市区町村コード": 215, "所在地": "山口県周南市新清光台２丁目８番１号", "緯度": 34.037472, "経度": 131.951194, "url": "https://www.iryou.teikyouseido.mhlw.go.jp/znk-web/juminkanja/S2430/initialize?prefCd=35&kikanCd=3355513810&kikanKbn=3", "url2": null, "内容": "さきしげ歯科医院【3:歯科】山口県周南市新清光台２丁目８番１号" }, "geometry": { "type": "Point", "coordinates": [ 131.951194, 34.037472 ] } },
{ "type": "Feature", "properties": { "ID": 3533355513940, "正式名称": "津田歯科医院", "機関区分": 3, "都道府県コード": 35, "市区町村コード": 215, "所在地": "山口県周南市古泉２丁目１６－６", "緯度": 34.067056, "経度": 131.768667, "url": "https://www.iryou.teikyouseido.mhlw.go.jp/znk-web/juminkanja/S2430/initialize?prefCd=35&kikanCd=3355513940&kikanKbn=3", "url2": null, "内容": "津田歯科医院【3:歯科】山口県周南市古泉２丁目１６－６" }, "geometry": { "type": "Point", "coordinates": [ 131.768667, 34.067056 ] } },
{ "type": "Feature", "properties": { "ID": 3533355514080, "正式名称": "すずき歯科医院", "機関区分": 3, "都道府県コード": 35, "市区町村コード": 210, "所在地": "山口県光市光井４丁目３４番８号", "緯度": 33.955444, "経度": 131.956778, "url": "https://www.iryou.teikyouseido.mhlw.go.jp/znk-web/juminkanja/S2430/initialize?prefCd=35&kikanCd=3355514080&kikanKbn=3", "url2": null, "内容": "すずき歯科医院【3:歯科】山口県光市光井４丁目３４番８号" }, "geometry": { "type": "Point", "coordinates": [ 131.956778, 33.955444 ] } },
{ "type": "Feature", "properties": { "ID": 3533355514110, "正式名称": "みわ歯科クリニック", "機関区分": 3, "都道府県コード": 35, "市区町村コード": 207, "所在地": "山口県下松市西柳２丁目２－３５　河村ビル２Ｆ", "緯度": 34.018111, "経度": 131.865083, "url": "https://www.iryou.teikyouseido.mhlw.go.jp/znk-web/juminkanja/S2430/initialize?prefCd=35&kikanCd=3355514110&kikanKbn=3", "url2": null, "内容": "みわ歯科クリニック【3:歯科】山口県下松市西柳２丁目２－３５　河村ビル２Ｆ" }, "geometry": { "type": "Point", "coordinates": [ 131.865083, 34.018111 ] } },
{ "type": "Feature", "properties": { "ID": 3533355514370, "正式名称": "愛歯科診療所", "機関区分": 3, "都道府県コード": 35, "市区町村コード": 215, "所在地": "山口県周南市政所１丁目１３－１１", "緯度": 34.073833, "経度": 131.769, "url": "https://www.iryou.teikyouseido.mhlw.go.jp/znk-web/juminkanja/S2430/initialize?prefCd=35&kikanCd=3355514370&kikanKbn=3", "url2": null, "内容": "愛歯科診療所【3:歯科】山口県周南市政所１丁目１３－１１" }, "geometry": { "type": "Point", "coordinates": [ 131.769, 34.073833 ] } },
{ "type": "Feature", "properties": { "ID": 3533355514400, "正式名称": "おもかわ歯科医院", "機関区分": 3, "都道府県コード": 35, "市区町村コード": 215, "所在地": "山口県周南市古川町３－１７", "緯度": 34.070278, "経度": 131.775722, "url": "https://www.iryou.teikyouseido.mhlw.go.jp/znk-web/juminkanja/S2430/initialize?prefCd=35&kikanCd=3355514400&kikanKbn=3", "url2": "omokawa-dental.net", "内容": "おもかわ歯科医院【3:歯科】山口県周南市古川町３－１７" }, "geometry": { "type": "Point", "coordinates": [ 131.775722, 34.070278 ] } },
{ "type": "Feature", "properties": { "ID": 3533355514530, "正式名称": "佐々木歯科医院", "機関区分": 3, "都道府県コード": 35, "市区町村コード": 215, "所在地": "山口県周南市大字戸田２８４８－２", "緯度": 34.078194, "経度": 131.687444, "url": "https://www.iryou.teikyouseido.mhlw.go.jp/znk-web/juminkanja/S2430/initialize?prefCd=35&kikanCd=3355514530&kikanKbn=3", "url2": null, "内容": "佐々木歯科医院【3:歯科】山口県周南市大字戸田２８４８－２" }, "geometry": { "type": "Point", "coordinates": [ 131.687444, 34.078194 ] } },
{ "type": "Feature", "properties": { "ID": 3533355514660, "正式名称": "久米歯科医院", "機関区分": 3, "都道府県コード": 35, "市区町村コード": 215, "所在地": "山口県周南市久米３２０１－１メディビル３Ｆ", "緯度": 34.032889, "経度": 131.83575, "url": "https://www.iryou.teikyouseido.mhlw.go.jp/znk-web/juminkanja/S2430/initialize?prefCd=35&kikanCd=3355514660&kikanKbn=3", "url2": "http://www.kume-dentalclinic.com", "内容": "久米歯科医院【3:歯科】山口県周南市久米３２０１－１メディビル３Ｆ" }, "geometry": { "type": "Point", "coordinates": [ 131.83575, 34.032889 ] } },
{ "type": "Feature", "properties": { "ID": 3533355514790, "正式名称": "ふくや歯科医院", "機関区分": 3, "都道府県コード": 35, "市区町村コード": 215, "所在地": "山口県周南市岐山通２丁目１６番地", "緯度": 34.056556, "経度": 131.808139, "url": "https://www.iryou.teikyouseido.mhlw.go.jp/znk-web/juminkanja/S2430/initialize?prefCd=35&kikanCd=3355514790&kikanKbn=3", "url2": "www.fukuya-dc-3343.com", "内容": "ふくや歯科医院【3:歯科】山口県周南市岐山通２丁目１６番地" }, "geometry": { "type": "Point", "coordinates": [ 131.808139, 34.056556 ] } },
{ "type": "Feature", "properties": { "ID": 3533355514950, "正式名称": "清水歯科医院", "機関区分": 3, "都道府県コード": 35, "市区町村コード": 215, "所在地": "山口県周南市久米中央五丁目４番１１号", "緯度": 34.039222, "経度": 131.843611, "url": "https://www.iryou.teikyouseido.mhlw.go.jp/znk-web/juminkanja/S2430/initialize?prefCd=35&kikanCd=3355514950&kikanKbn=3", "url2": "https://www.dc-shimizu.info/", "内容": "清水歯科医院【3:歯科】山口県周南市久米中央五丁目４番１１号" }, "geometry": { "type": "Point", "coordinates": [ 131.843611, 34.039222 ] } },
{ "type": "Feature", "properties": { "ID": 3533355515120, "正式名称": "松原歯科医院", "機関区分": 3, "都道府県コード": 35, "市区町村コード": 215, "所在地": "山口県周南市銀座１丁目８番　銀座センタービル２Ｆ", "緯度": 34.051417, "経度": 131.804361, "url": "https://www.iryou.teikyouseido.mhlw.go.jp/znk-web/juminkanja/S2430/initialize?prefCd=35&kikanCd=3355515120&kikanKbn=3", "url2": "http://nttbj.jtp.ne.jp/0834318201/smp-index.html", "内容": "松原歯科医院【3:歯科】山口県周南市銀座１丁目８番　銀座センタービル２Ｆ" }, "geometry": { "type": "Point", "coordinates": [ 131.804361, 34.051417 ] } },
{ "type": "Feature", "properties": { "ID": 3533355515250, "正式名称": "医療法人晟雅会　ときえだ歯科クリニック", "機関区分": 3, "都道府県コード": 35, "市区町村コード": 207, "所在地": "山口県下松市西豊井１３６８番地１６", "緯度": 34.007556, "経度": 131.866167, "url": "https://www.iryou.teikyouseido.mhlw.go.jp/znk-web/juminkanja/S2430/initialize?prefCd=35&kikanCd=3355515250&kikanKbn=3", "url2": null, "内容": "医療法人晟雅会　ときえだ歯科クリニック【3:歯科】山口県下松市西豊井１３６８番地１６" }, "geometry": { "type": "Point", "coordinates": [ 131.866167, 34.007556 ] } },
{ "type": "Feature", "properties": { "ID": 3533355515540, "正式名称": "大上歯科医院", "機関区分": 3, "都道府県コード": 35, "市区町村コード": 210, "所在地": "山口県光市島田４丁目１１－１５", "緯度": 33.974778, "経度": 131.935944, "url": "https://www.iryou.teikyouseido.mhlw.go.jp/znk-web/juminkanja/S2430/initialize?prefCd=35&kikanCd=3355515540&kikanKbn=3", "url2": null, "内容": "大上歯科医院【3:歯科】山口県光市島田４丁目１１－１５" }, "geometry": { "type": "Point", "coordinates": [ 131.935944, 33.974778 ] } },
{ "type": "Feature", "properties": { "ID": 3533355515700, "正式名称": "医療法人　有田歯科", "機関区分": 3, "都道府県コード": 35, "市区町村コード": 215, "所在地": "山口県周南市新町１－２７　有田ビル２Ｆ", "緯度": 34.052306, "経度": 131.805944, "url": "https://www.iryou.teikyouseido.mhlw.go.jp/znk-web/juminkanja/S2430/initialize?prefCd=35&kikanCd=3355515700&kikanKbn=3", "url2": null, "内容": "医療法人　有田歯科【3:歯科】山口県周南市新町１－２７　有田ビル２Ｆ" }, "geometry": { "type": "Point", "coordinates": [ 131.805944, 34.052306 ] } },
{ "type": "Feature", "properties": { "ID": 3533355515830, "正式名称": "医療法人ＡＫＳまさる歯科医院", "機関区分": 3, "都道府県コード": 35, "市区町村コード": 215, "所在地": "山口県周南市住崎町６－１７", "緯度": 34.048889, "経度": 131.802639, "url": "https://www.iryou.teikyouseido.mhlw.go.jp/znk-web/juminkanja/S2430/initialize?prefCd=35&kikanCd=3355515830&kikanKbn=3", "url2": "http//masaru-dentaloffice.com/", "内容": "医療法人ＡＫＳまさる歯科医院【3:歯科】山口県周南市住崎町６－１７" }, "geometry": { "type": "Point", "coordinates": [ 131.802639, 34.048889 ] } },
{ "type": "Feature", "properties": { "ID": 3533355516000, "正式名称": "松田歯科クリニック", "機関区分": 3, "都道府県コード": 35, "市区町村コード": 210, "所在地": "山口県光市室積松原４－３", "緯度": 33.935861, "経度": 131.970333, "url": "https://www.iryou.teikyouseido.mhlw.go.jp/znk-web/juminkanja/S2430/initialize?prefCd=35&kikanCd=3355516000&kikanKbn=3", "url2": null, "内容": "松田歯科クリニック【3:歯科】山口県光市室積松原４－３" }, "geometry": { "type": "Point", "coordinates": [ 131.970333, 33.935861 ] } },
{ "type": "Feature", "properties": { "ID": 3533355516130, "正式名称": "医療法人　なかたまり歯科", "機関区分": 3, "都道府県コード": 35, "市区町村コード": 215, "所在地": "山口県周南市福川南町３－８", "緯度": 34.071667, "経度": 131.736083, "url": "https://www.iryou.teikyouseido.mhlw.go.jp/znk-web/juminkanja/S2430/initialize?prefCd=35&kikanCd=3355516130&kikanKbn=3", "url2": "http://www.nakatamari-shika.net/", "内容": "医療法人　なかたまり歯科【3:歯科】山口県周南市福川南町３－８" }, "geometry": { "type": "Point", "coordinates": [ 131.736083, 34.071667 ] } },
{ "type": "Feature", "properties": { "ID": 3533355516260, "正式名称": "川口デンタルクリニック", "機関区分": 3, "都道府県コード": 35, "市区町村コード": 215, "所在地": "山口県周南市政所２丁目２－２　佐田国ビル１Ｆ", "緯度": 34.072778, "経度": 131.770056, "url": "https://www.iryou.teikyouseido.mhlw.go.jp/znk-web/juminkanja/S2430/initialize?prefCd=35&kikanCd=3355516260&kikanKbn=3", "url2": null, "内容": "川口デンタルクリニック【3:歯科】山口県周南市政所２丁目２－２　佐田国ビル１Ｆ" }, "geometry": { "type": "Point", "coordinates": [ 131.770056, 34.072778 ] } },
{ "type": "Feature", "properties": { "ID": 3533355516420, "正式名称": "くもい歯科医院", "機関区分": 3, "都道府県コード": 35, "市区町村コード": 210, "所在地": "山口県光市島田１丁目１１－２５", "緯度": 33.970409, "経度": 131.934664, "url": "https://www.iryou.teikyouseido.mhlw.go.jp/znk-web/juminkanja/S2430/initialize?prefCd=35&kikanCd=3355516420&kikanKbn=3", "url2": "https://haisha-yoyaku.jp/bun2sdental/detail/index/id/3531030348/", "内容": "くもい歯科医院【3:歯科】山口県光市島田１丁目１１－２５" }, "geometry": { "type": "Point", "coordinates": [ 131.934664, 33.970409 ] } },
{ "type": "Feature", "properties": { "ID": 3533355516710, "正式名称": "守田歯科医院", "機関区分": 3, "都道府県コード": 35, "市区町村コード": 210, "所在地": "山口県光市室積松原１５－７", "緯度": 33.938, "経度": 131.968833, "url": "https://www.iryou.teikyouseido.mhlw.go.jp/znk-web/juminkanja/S2430/initialize?prefCd=35&kikanCd=3355516710&kikanKbn=3", "url2": null, "内容": "守田歯科医院【3:歯科】山口県光市室積松原１５－７" }, "geometry": { "type": "Point", "coordinates": [ 131.968833, 33.938 ] } },
{ "type": "Feature", "properties": { "ID": 3533355516840, "正式名称": "医療法人愛彩利　ふじい歯科クリニック", "機関区分": 3, "都道府県コード": 35, "市区町村コード": 215, "所在地": "山口県周南市昭和通１丁目１０番地", "緯度": 34.051313, "経度": 131.80974, "url": "https://www.iryou.teikyouseido.mhlw.go.jp/znk-web/juminkanja/S2430/initialize?prefCd=35&kikanCd=3355516840&kikanKbn=3", "url2": null, "内容": "医療法人愛彩利　ふじい歯科クリニック【3:歯科】山口県周南市昭和通１丁目１０番地" }, "geometry": { "type": "Point", "coordinates": [ 131.80974, 34.051313 ] } },
{ "type": "Feature", "properties": { "ID": 3533355516970, "正式名称": "みと歯科クリニック", "機関区分": 3, "都道府県コード": 35, "市区町村コード": 215, "所在地": "山口県周南市楠木町２－１４－８", "緯度": 34.057889, "経度": 131.8265, "url": "https://www.iryou.teikyouseido.mhlw.go.jp/znk-web/juminkanja/S2430/initialize?prefCd=35&kikanCd=3355516970&kikanKbn=3", "url2": null, "内容": "みと歯科クリニック【3:歯科】山口県周南市楠木町２－１４－８" }, "geometry": { "type": "Point", "coordinates": [ 131.8265, 34.057889 ] } },
{ "type": "Feature", "properties": { "ID": 3533355517010, "正式名称": "たむら歯科", "機関区分": 3, "都道府県コード": 35, "市区町村コード": 210, "所在地": "山口県光市室積新開２－３－１", "緯度": 33.941944, "経度": 131.967833, "url": "https://www.iryou.teikyouseido.mhlw.go.jp/znk-web/juminkanja/S2430/initialize?prefCd=35&kikanCd=3355517010&kikanKbn=3", "url2": null, "内容": "たむら歯科【3:歯科】山口県光市室積新開２－３－１" }, "geometry": { "type": "Point", "coordinates": [ 131.967833, 33.941944 ] } },
{ "type": "Feature", "properties": { "ID": 3533355517140, "正式名称": "友愛歯科医院", "機関区分": 3, "都道府県コード": 35, "市区町村コード": 210, "所在地": "山口県光市室積４丁目１の１", "緯度": 33.930528, "経度": 131.971583, "url": "https://www.iryou.teikyouseido.mhlw.go.jp/znk-web/juminkanja/S2430/initialize?prefCd=35&kikanCd=3355517140&kikanKbn=3", "url2": null, "内容": "友愛歯科医院【3:歯科】山口県光市室積４丁目１の１" }, "geometry": { "type": "Point", "coordinates": [ 131.971583, 33.930528 ] } },
{ "type": "Feature", "properties": { "ID": 3533355517270, "正式名称": "河村歯科医院", "機関区分": 3, "都道府県コード": 35, "市区町村コード": 215, "所在地": "山口県周南市周陽２丁目１－３－１０７", "緯度": 34.047028, "経度": 131.830667, "url": "https://www.iryou.teikyouseido.mhlw.go.jp/znk-web/juminkanja/S2430/initialize?prefCd=35&kikanCd=3355517270&kikanKbn=3", "url2": null, "内容": "河村歯科医院【3:歯科】山口県周南市周陽２丁目１－３－１０７" }, "geometry": { "type": "Point", "coordinates": [ 131.830667, 34.047028 ] } },
{ "type": "Feature", "properties": { "ID": 3533355517430, "正式名称": "田中歯科医院", "機関区分": 3, "都道府県コード": 35, "市区町村コード": 207, "所在地": "山口県下松市望町２丁目１２－２４", "緯度": 34.023806, "経度": 131.856861, "url": "https://www.iryou.teikyouseido.mhlw.go.jp/znk-web/juminkanja/S2430/initialize?prefCd=35&kikanCd=3355517430&kikanKbn=3", "url2": "http://www.dentaltanaka.jp/", "内容": "田中歯科医院【3:歯科】山口県下松市望町２丁目１２－２４" }, "geometry": { "type": "Point", "coordinates": [ 131.856861, 34.023806 ] } },
{ "type": "Feature", "properties": { "ID": 3533355517560, "正式名称": "あずま歯科医院", "機関区分": 3, "都道府県コード": 35, "市区町村コード": 215, "所在地": "山口県周南市大神", "緯度": 34.080611, "経度": 131.7675, "url": "https://www.iryou.teikyouseido.mhlw.go.jp/znk-web/juminkanja/S2430/initialize?prefCd=35&kikanCd=3355517560&kikanKbn=3", "url2": null, "内容": "あずま歯科医院【3:歯科】山口県周南市大神" }, "geometry": { "type": "Point", "coordinates": [ 131.7675, 34.080611 ] } },
{ "type": "Feature", "properties": { "ID": 3533355517690, "正式名称": "こやま歯科医院", "機関区分": 3, "都道府県コード": 35, "市区町村コード": 215, "所在地": "山口県周南市大字徳山字御弓丁４１８１番地", "緯度": 34.053806, "経度": 131.813556, "url": "https://www.iryou.teikyouseido.mhlw.go.jp/znk-web/juminkanja/S2430/initialize?prefCd=35&kikanCd=3355517690&kikanKbn=3", "url2": "http://www.koyama-dental.net", "内容": "こやま歯科医院【3:歯科】山口県周南市大字徳山字御弓丁４１８１番地" }, "geometry": { "type": "Point", "coordinates": [ 131.813556, 34.053806 ] } },
{ "type": "Feature", "properties": { "ID": 3533355517720, "正式名称": "せいき歯科医院", "機関区分": 3, "都道府県コード": 35, "市区町村コード": 215, "所在地": "山口県周南市辻町５－１４", "緯度": 34.057444, "経度": 131.816528, "url": "https://www.iryou.teikyouseido.mhlw.go.jp/znk-web/juminkanja/S2430/initialize?prefCd=35&kikanCd=3355517720&kikanKbn=3", "url2": null, "内容": "せいき歯科医院【3:歯科】山口県周南市辻町５－１４" }, "geometry": { "type": "Point", "coordinates": [ 131.816528, 34.057444 ] } },
{ "type": "Feature", "properties": { "ID": 3533355517850, "正式名称": "ふじもと歯科クリニック", "機関区分": 3, "都道府県コード": 35, "市区町村コード": 207, "所在地": "山口県下松市琴平町２－７－２８", "緯度": 34.004, "経度": 131.873861, "url": "https://www.iryou.teikyouseido.mhlw.go.jp/znk-web/juminkanja/S2430/initialize?prefCd=35&kikanCd=3355517850&kikanKbn=3", "url2": "https://www.fujimotodental.com", "内容": "ふじもと歯科クリニック【3:歯科】山口県下松市琴平町２－７－２８" }, "geometry": { "type": "Point", "coordinates": [ 131.873861, 34.004 ] } },
{ "type": "Feature", "properties": { "ID": 3533355518150, "正式名称": "ハートデンタルクリニック", "機関区分": 3, "都道府県コード": 35, "市区町村コード": 215, "所在地": "山口県周南市周陽１丁目１１－２９", "緯度": 34.048861, "経度": 131.826444, "url": "https://www.iryou.teikyouseido.mhlw.go.jp/znk-web/juminkanja/S2430/initialize?prefCd=35&kikanCd=3355518150&kikanKbn=3", "url2": null, "内容": "ハートデンタルクリニック【3:歯科】山口県周南市周陽１丁目１１－２９" }, "geometry": { "type": "Point", "coordinates": [ 131.826444, 34.048861 ] } },
{ "type": "Feature", "properties": { "ID": 3533355518280, "正式名称": "あさえ歯科クリニック", "機関区分": 3, "都道府県コード": 35, "市区町村コード": 210, "所在地": "山口県光市浅江４－１－１９", "緯度": 33.969806, "経度": 131.927333, "url": "https://www.iryou.teikyouseido.mhlw.go.jp/znk-web/juminkanja/S2430/initialize?prefCd=35&kikanCd=3355518280&kikanKbn=3", "url2": null, "内容": "あさえ歯科クリニック【3:歯科】山口県光市浅江４－１－１９" }, "geometry": { "type": "Point", "coordinates": [ 131.927333, 33.969806 ] } },
{ "type": "Feature", "properties": { "ID": 3533355518310, "正式名称": "しまた歯科医院", "機関区分": 3, "都道府県コード": 35, "市区町村コード": 210, "所在地": "山口県光市島田１－２－１７", "緯度": 33.972417, "経度": 131.934889, "url": "https://www.iryou.teikyouseido.mhlw.go.jp/znk-web/juminkanja/S2430/initialize?prefCd=35&kikanCd=3355518310&kikanKbn=3", "url2": null, "内容": "しまた歯科医院【3:歯科】山口県光市島田１－２－１７" }, "geometry": { "type": "Point", "coordinates": [ 131.934889, 33.972417 ] } },
{ "type": "Feature", "properties": { "ID": 3533355518440, "正式名称": "銀座一丁目歯科医院", "機関区分": 3, "都道府県コード": 35, "市区町村コード": 215, "所在地": "山口県周南市銀座１丁目２２　銀座ビル２階", "緯度": 34.051028, "経度": 131.803861, "url": "https://www.iryou.teikyouseido.mhlw.go.jp/znk-web/juminkanja/S2430/initialize?prefCd=35&kikanCd=3355518440&kikanKbn=3", "url2": "http://www.lupinus.or.jp/", "内容": "銀座一丁目歯科医院【3:歯科】山口県周南市銀座１丁目２２　銀座ビル２階" }, "geometry": { "type": "Point", "coordinates": [ 131.803861, 34.051028 ] } },
{ "type": "Feature", "properties": { "ID": 3533355518860, "正式名称": "医療法人しいぎ歯科クリニック", "機関区分": 3, "都道府県コード": 35, "市区町村コード": 215, "所在地": "山口県周南市政所３丁目４－１３", "緯度": 34.071833, "経度": 131.7725, "url": "https://www.iryou.teikyouseido.mhlw.go.jp/znk-web/juminkanja/S2430/initialize?prefCd=35&kikanCd=3355518860&kikanKbn=3", "url2": "http://www.shiigi-dental.com", "内容": "医療法人しいぎ歯科クリニック【3:歯科】山口県周南市政所３丁目４－１３" }, "geometry": { "type": "Point", "coordinates": [ 131.7725, 34.071833 ] } },
{ "type": "Feature", "properties": { "ID": 3533355518990, "正式名称": "ぬのまき歯科クリニック", "機関区分": 3, "都道府県コード": 35, "市区町村コード": 207, "所在地": "山口県下松市瑞穂町４丁目２－１５", "緯度": 34.023222, "経度": 131.849944, "url": "https://www.iryou.teikyouseido.mhlw.go.jp/znk-web/juminkanja/S2430/initialize?prefCd=35&kikanCd=3355518990&kikanKbn=3", "url2": "nunomaki-dental.com", "内容": "ぬのまき歯科クリニック【3:歯科】山口県下松市瑞穂町４丁目２－１５" }, "geometry": { "type": "Point", "coordinates": [ 131.849944, 34.023222 ] } },
{ "type": "Feature", "properties": { "ID": 3533355519160, "正式名称": "よしはら歯科クリニック", "機関区分": 3, "都道府県コード": 35, "市区町村コード": 210, "所在地": "山口県光市上島田３丁目１０－１５", "緯度": 33.987333, "経度": 131.960139, "url": "https://www.iryou.teikyouseido.mhlw.go.jp/znk-web/juminkanja/S2430/initialize?prefCd=35&kikanCd=3355519160&kikanKbn=3", "url2": null, "内容": "よしはら歯科クリニック【3:歯科】山口県光市上島田３丁目１０－１５" }, "geometry": { "type": "Point", "coordinates": [ 131.960139, 33.987333 ] } },
{ "type": "Feature", "properties": { "ID": 3533355519290, "正式名称": "医療法人愛翔　遠石ファミリー歯科", "機関区分": 3, "都道府県コード": 35, "市区町村コード": 215, "所在地": "山口県周南市上遠石町１１－５１　石田ビル２Ｆ", "緯度": 34.044722, "経度": 131.823611, "url": "https://www.iryou.teikyouseido.mhlw.go.jp/znk-web/juminkanja/S2430/initialize?prefCd=35&kikanCd=3355519290&kikanKbn=3", "url2": "http://aito.main.jp/toishi-family-d/", "内容": "医療法人愛翔　遠石ファミリー歯科【3:歯科】山口県周南市上遠石町１１－５１　石田ビル２Ｆ" }, "geometry": { "type": "Point", "coordinates": [ 131.823611, 34.044722 ] } },
{ "type": "Feature", "properties": { "ID": 3533355519320, "正式名称": "水野歯科医院", "機関区分": 3, "都道府県コード": 35, "市区町村コード": 215, "所在地": "山口県周南市大字　櫛ヶ浜１３４－１", "緯度": 34.027333, "経度": 131.830194, "url": "https://www.iryou.teikyouseido.mhlw.go.jp/znk-web/juminkanja/S2430/initialize?prefCd=35&kikanCd=3355519320&kikanKbn=3", "url2": "http://www.mizuno-shika.net/", "内容": "水野歯科医院【3:歯科】山口県周南市大字　櫛ヶ浜１３４－１" }, "geometry": { "type": "Point", "coordinates": [ 131.830194, 34.027333 ] } },
{ "type": "Feature", "properties": { "ID": 3533355519450, "正式名称": "きらら下松歯科医院", "機関区分": 3, "都道府県コード": 35, "市区町村コード": 207, "所在地": "山口県下松市西柳一丁目２番４８号", "緯度": 34.016361, "経度": 131.867222, "url": "https://www.iryou.teikyouseido.mhlw.go.jp/znk-web/juminkanja/S2430/initialize?prefCd=35&kikanCd=3355519450&kikanKbn=3", "url2": null, "内容": "きらら下松歯科医院【3:歯科】山口県下松市西柳一丁目２番４８号" }, "geometry": { "type": "Point", "coordinates": [ 131.867222, 34.016361 ] } },
{ "type": "Feature", "properties": { "ID": 3533355519580, "正式名称": "おがわ歯科クリニック", "機関区分": 3, "都道府県コード": 35, "市区町村コード": 207, "所在地": "山口県下松市せせらぎ町二丁目７番１号", "緯度": 34.017194, "経度": 131.858556, "url": "https://www.iryou.teikyouseido.mhlw.go.jp/znk-web/juminkanja/S2430/initialize?prefCd=35&kikanCd=3355519580&kikanKbn=3", "url2": "http://ogawadental.jp", "内容": "おがわ歯科クリニック【3:歯科】山口県下松市せせらぎ町二丁目７番１号" }, "geometry": { "type": "Point", "coordinates": [ 131.858556, 34.017194 ] } },
{ "type": "Feature", "properties": { "ID": 3533355519740, "正式名称": "医療法人宝歯会　周南スマイル歯科小児歯科医院", "機関区分": 3, "都道府県コード": 35, "市区町村コード": 215, "所在地": "山口県周南市青山町　１－１８", "緯度": 34.042556, "経度": 131.816389, "url": "https://www.iryou.teikyouseido.mhlw.go.jp/znk-web/juminkanja/S2430/initialize?prefCd=35&kikanCd=3355519740&kikanKbn=3", "url2": "http://www.kajiwara-shika.jp/clinic/shunan/", "内容": "医療法人宝歯会　周南スマイル歯科小児歯科医院【3:歯科】山口県周南市青山町　１－１８" }, "geometry": { "type": "Point", "coordinates": [ 131.816389, 34.042556 ] } },
{ "type": "Feature", "properties": { "ID": 3533355519870, "正式名称": "医療法人恵光会ひだまり歯科医院", "機関区分": 3, "都道府県コード": 35, "市区町村コード": 215, "所在地": "山口県周南市久米中央三丁目７番３号", "緯度": 34.035222, "経度": 131.839722, "url": "https://www.iryou.teikyouseido.mhlw.go.jp/znk-web/juminkanja/S2430/initialize?prefCd=35&kikanCd=3355519870&kikanKbn=3", "url2": "https://hidamari-dentalclinic.com", "内容": "医療法人恵光会ひだまり歯科医院【3:歯科】山口県周南市久米中央三丁目７番３号" }, "geometry": { "type": "Point", "coordinates": [ 131.839722, 34.035222 ] } },
{ "type": "Feature", "properties": { "ID": 3533355519900, "正式名称": "医療法人栄信会　ワハハキッズデンタルランド＆おとな歯科", "機関区分": 3, "都道府県コード": 35, "市区町村コード": 215, "所在地": "山口県周南市久米中央５丁目８番１号", "緯度": 34.036639, "経度": 131.842806, "url": "https://www.iryou.teikyouseido.mhlw.go.jp/znk-web/juminkanja/S2430/initialize?prefCd=35&kikanCd=3355519900&kikanKbn=3", "url2": "http://todadc.com/", "内容": "医療法人栄信会　ワハハキッズデンタルランド＆おとな歯科【3:歯科】山口県周南市久米中央５丁目８番１号" }, "geometry": { "type": "Point", "coordinates": [ 131.842806, 34.036639 ] } },
{ "type": "Feature", "properties": { "ID": 3533355520010, "正式名称": "ちくら歯科医院", "機関区分": 3, "都道府県コード": 35, "市区町村コード": 215, "所在地": "山口県周南市中央町１－１", "緯度": 34.071639, "経度": 131.766417, "url": "https://www.iryou.teikyouseido.mhlw.go.jp/znk-web/juminkanja/S2430/initialize?prefCd=35&kikanCd=3355520010&kikanKbn=3", "url2": "https://www.chikura-dc.com/", "内容": "ちくら歯科医院【3:歯科】山口県周南市中央町１－１" }, "geometry": { "type": "Point", "coordinates": [ 131.766417, 34.071639 ] } },
{ "type": "Feature", "properties": { "ID": 3533355520300, "正式名称": "くにもと歯科", "機関区分": 3, "都道府県コード": 35, "市区町村コード": 210, "所在地": "山口県光市虹ケ浜１－５－３７", "緯度": 33.973444, "経度": 131.919361, "url": "https://www.iryou.teikyouseido.mhlw.go.jp/znk-web/juminkanja/S2430/initialize?prefCd=35&kikanCd=3355520300&kikanKbn=3", "url2": "https://www.kunimoto-dent.com/", "内容": "くにもと歯科【3:歯科】山口県光市虹ケ浜１－５－３７" }, "geometry": { "type": "Point", "coordinates": [ 131.919361, 33.973444 ] } },
{ "type": "Feature", "properties": { "ID": 3533355520430, "正式名称": "熊毛中央歯科", "機関区分": 3, "都道府県コード": 35, "市区町村コード": 215, "所在地": "山口県周南市高水原１丁目３ー１９", "緯度": 34.051944, "経度": 131.970333, "url": "https://www.iryou.teikyouseido.mhlw.go.jp/znk-web/juminkanja/S2430/initialize?prefCd=35&kikanCd=3355520430&kikanKbn=3", "url2": "kumagechuo-dc.amebaownd.com", "内容": "熊毛中央歯科【3:歯科】山口県周南市高水原１丁目３ー１９" }, "geometry": { "type": "Point", "coordinates": [ 131.970333, 34.051944 ] } },
{ "type": "Feature", "properties": { "ID": 3533355520560, "正式名称": "としみつ歯科医院", "機関区分": 3, "都道府県コード": 35, "市区町村コード": 215, "所在地": "山口県周南市大字久米秋本２８０１ー５", "緯度": 34.0405, "経度": 131.845806, "url": "https://www.iryou.teikyouseido.mhlw.go.jp/znk-web/juminkanja/S2430/initialize?prefCd=35&kikanCd=3355520560&kikanKbn=3", "url2": "http://www.toshimitsu-dental.com", "内容": "としみつ歯科医院【3:歯科】山口県周南市大字久米秋本２８０１ー５" }, "geometry": { "type": "Point", "coordinates": [ 131.845806, 34.0405 ] } },
{ "type": "Feature", "properties": { "ID": 3533355520690, "正式名称": "花岡ファミリー歯科", "機関区分": 3, "都道府県コード": 35, "市区町村コード": 207, "所在地": "山口県下松市大字末武上１０７７ー１０", "緯度": 34.037889, "経度": 131.866194, "url": "https://www.iryou.teikyouseido.mhlw.go.jp/znk-web/juminkanja/S2430/initialize?prefCd=35&kikanCd=3355520690&kikanKbn=3", "url2": "https://hanaoka-fdc.com", "内容": "花岡ファミリー歯科【3:歯科】山口県下松市大字末武上１０７７ー１０" }, "geometry": { "type": "Point", "coordinates": [ 131.866194, 34.037889 ] } },
{ "type": "Feature", "properties": { "ID": 3533355520850, "正式名称": "ひかり歯科クリニック", "機関区分": 3, "都道府県コード": 35, "市区町村コード": 210, "所在地": "山口県光市大字岩田小池２３４６番地１", "緯度": 33.983083, "経度": 131.997639, "url": "https://www.iryou.teikyouseido.mhlw.go.jp/znk-web/juminkanja/S2430/initialize?prefCd=35&kikanCd=3355520850&kikanKbn=3", "url2": "https://www.hikari-dc.info/", "内容": "ひかり歯科クリニック【3:歯科】山口県光市大字岩田小池２３４６番地１" }, "geometry": { "type": "Point", "coordinates": [ 131.997639, 33.983083 ] } },
{ "type": "Feature", "properties": { "ID": 3533355520980, "正式名称": "すがこども歯科・矯正歯科", "機関区分": 3, "都道府県コード": 35, "市区町村コード": 215, "所在地": "山口県周南市大神４ー１０ー３", "緯度": 34.082167, "経度": 131.766917, "url": "https://www.iryou.teikyouseido.mhlw.go.jp/znk-web/juminkanja/S2430/initialize?prefCd=35&kikanCd=3355520980&kikanKbn=3", "url2": "https://www.suga-kodomo-dental.com/", "内容": "すがこども歯科・矯正歯科【3:歯科】山口県周南市大神４ー１０ー３" }, "geometry": { "type": "Point", "coordinates": [ 131.766917, 34.082167 ] } },
{ "type": "Feature", "properties": { "ID": 3533355521020, "正式名称": "ふじかわ歯科クリニック", "機関区分": 3, "都道府県コード": 35, "市区町村コード": 215, "所在地": "山口県周南市今宿町３丁目１１－１", "緯度": 34.058917, "経度": 131.802361, "url": "https://www.iryou.teikyouseido.mhlw.go.jp/znk-web/juminkanja/S2430/initialize?prefCd=35&kikanCd=3355521020&kikanKbn=3", "url2": null, "内容": "ふじかわ歯科クリニック【3:歯科】山口県周南市今宿町３丁目１１－１" }, "geometry": { "type": "Point", "coordinates": [ 131.802361, 34.058917 ] } },
{ "type": "Feature", "properties": { "ID": 3533355521310, "正式名称": "医療法人　栄信会　徳山駅前矯正歯科", "機関区分": 3, "都道府県コード": 35, "市区町村コード": 215, "所在地": "山口県周南市銀座１丁目３１番２ＦＴＯＫＵＹＡＭＡ　ＤＥＣＫ", "緯度": 34.050394, "経度": 131.804688, "url": "https://www.iryou.teikyouseido.mhlw.go.jp/znk-web/juminkanja/S2430/initialize?prefCd=35&kikanCd=3355521310&kikanKbn=3", "url2": "https://tokuyama-kyosei.com/", "内容": "医療法人　栄信会　徳山駅前矯正歯科【3:歯科】山口県周南市銀座１丁目３１番２ＦＴＯＫＵＹＡＭＡ　ＤＥＣＫ" }, "geometry": { "type": "Point", "coordinates": [ 131.804688, 34.050394 ] } },
{ "type": "Feature", "properties": { "ID": 3533355600710, "正式名称": "小泉歯科医院", "機関区分": 3, "都道府県コード": 35, "市区町村コード": 206, "所在地": "山口県防府市三田尻本町２－１７", "緯度": 34.042861, "経度": 131.572694, "url": "https://www.iryou.teikyouseido.mhlw.go.jp/znk-web/juminkanja/S2430/initialize?prefCd=35&kikanCd=3355600710&kikanKbn=3", "url2": null, "内容": "小泉歯科医院【3:歯科】山口県防府市三田尻本町２－１７" }, "geometry": { "type": "Point", "coordinates": [ 131.572694, 34.042861 ] } },
{ "type": "Feature", "properties": { "ID": 3533355602440, "正式名称": "山野歯科医院", "機関区分": 3, "都道府県コード": 35, "市区町村コード": 206, "所在地": "山口県防府市牟礼今宿２－２３－１６", "緯度": 34.052056, "経度": 131.603278, "url": "https://www.iryou.teikyouseido.mhlw.go.jp/znk-web/juminkanja/S2430/initialize?prefCd=35&kikanCd=3355602440&kikanKbn=3", "url2": null, "内容": "山野歯科医院【3:歯科】山口県防府市牟礼今宿２－２３－１６" }, "geometry": { "type": "Point", "coordinates": [ 131.603278, 34.052056 ] } },
{ "type": "Feature", "properties": { "ID": 3533355602570, "正式名称": "煙山歯科医院", "機関区分": 3, "都道府県コード": 35, "市区町村コード": 206, "所在地": "山口県防府市八王子１－１７－９", "緯度": 34.055583, "経度": 131.566389, "url": "https://www.iryou.teikyouseido.mhlw.go.jp/znk-web/juminkanja/S2430/initialize?prefCd=35&kikanCd=3355602570&kikanKbn=3", "url2": null, "内容": "煙山歯科医院【3:歯科】山口県防府市八王子１－１７－９" }, "geometry": { "type": "Point", "coordinates": [ 131.566389, 34.055583 ] } },
{ "type": "Feature", "properties": { "ID": 3533355602600, "正式名称": "医療法人　深野歯科医院", "機関区分": 3, "都道府県コード": 35, "市区町村コード": 206, "所在地": "山口県防府市栄町１－６－１１", "緯度": 34.055083, "経度": 131.5715, "url": "https://www.iryou.teikyouseido.mhlw.go.jp/znk-web/juminkanja/S2430/initialize?prefCd=35&kikanCd=3355602600&kikanKbn=3", "url2": "www.fukano-dc.or.jp", "内容": "医療法人　深野歯科医院【3:歯科】山口県防府市栄町１－６－１１" }, "geometry": { "type": "Point", "coordinates": [ 131.5715, 34.055083 ] } },
{ "type": "Feature", "properties": { "ID": 3533355602860, "正式名称": "黒川歯科医院", "機関区分": 3, "都道府県コード": 35, "市区町村コード": 206, "所在地": "山口県防府市車塚町１１－１０", "緯度": 34.050333, "経度": 131.574389, "url": "https://www.iryou.teikyouseido.mhlw.go.jp/znk-web/juminkanja/S2430/initialize?prefCd=35&kikanCd=3355602860&kikanKbn=3", "url2": null, "内容": "黒川歯科医院【3:歯科】山口県防府市車塚町１１－１０" }, "geometry": { "type": "Point", "coordinates": [ 131.574389, 34.050333 ] } },
{ "type": "Feature", "properties": { "ID": 3533355602990, "正式名称": "医療法人　信栄会　右田歯科医院", "機関区分": 3, "都道府県コード": 35, "市区町村コード": 206, "所在地": "山口県防府市大字新田７７５－７", "緯度": 34.031444, "経度": 131.56425, "url": "https://www.iryou.teikyouseido.mhlw.go.jp/znk-web/juminkanja/S2430/initialize?prefCd=35&kikanCd=3355602990&kikanKbn=3", "url2": "https://migita-dental.com/", "内容": "医療法人　信栄会　右田歯科医院【3:歯科】山口県防府市大字新田７７５－７" }, "geometry": { "type": "Point", "coordinates": [ 131.56425, 34.031444 ] } },
{ "type": "Feature", "properties": { "ID": 3533355603030, "正式名称": "小林歯科医院", "機関区分": 3, "都道府県コード": 35, "市区町村コード": 206, "所在地": "山口県防府市大字田島３７１－６", "緯度": 34.01975, "経度": 131.54925, "url": "https://www.iryou.teikyouseido.mhlw.go.jp/znk-web/juminkanja/S2430/initialize?prefCd=35&kikanCd=3355603030&kikanKbn=3", "url2": null, "内容": "小林歯科医院【3:歯科】山口県防府市大字田島３７１－６" }, "geometry": { "type": "Point", "coordinates": [ 131.54925, 34.01975 ] } },
{ "type": "Feature", "properties": { "ID": 3533355603450, "正式名称": "ホワイト歯科医院", "機関区分": 3, "都道府県コード": 35, "市区町村コード": 206, "所在地": "山口県防府市寿町４番２５号河内ビル２Ｆ", "緯度": 34.051472, "経度": 131.559, "url": "https://www.iryou.teikyouseido.mhlw.go.jp/znk-web/juminkanja/S2430/initialize?prefCd=35&kikanCd=3355603450&kikanKbn=3", "url2": "whiteshika-hofu.com", "内容": "ホワイト歯科医院【3:歯科】山口県防府市寿町４番２５号河内ビル２Ｆ" }, "geometry": { "type": "Point", "coordinates": [ 131.559, 34.051472 ] } },
{ "type": "Feature", "properties": { "ID": 3533355603580, "正式名称": "城島歯科医院", "機関区分": 3, "都道府県コード": 35, "市区町村コード": 206, "所在地": "山口県防府市田島３３１－２", "緯度": 34.023417, "経度": 131.549944, "url": "https://www.iryou.teikyouseido.mhlw.go.jp/znk-web/juminkanja/S2430/initialize?prefCd=35&kikanCd=3355603580&kikanKbn=3", "url2": null, "内容": "城島歯科医院【3:歯科】山口県防府市田島３３１－２" }, "geometry": { "type": "Point", "coordinates": [ 131.549944, 34.023417 ] } },
{ "type": "Feature", "properties": { "ID": 3533355603610, "正式名称": "歯科マツダ", "機関区分": 3, "都道府県コード": 35, "市区町村コード": 206, "所在地": "山口県防府市高井５４４番地", "緯度": 34.071056, "経度": 131.554139, "url": "https://www.iryou.teikyouseido.mhlw.go.jp/znk-web/juminkanja/S2430/initialize?prefCd=35&kikanCd=3355603610&kikanKbn=3", "url2": null, "内容": "歯科マツダ【3:歯科】山口県防府市高井５４４番地" }, "geometry": { "type": "Point", "coordinates": [ 131.554139, 34.071056 ] } },
{ "type": "Feature", "properties": { "ID": 3533355603870, "正式名称": "深井歯科医院", "機関区分": 3, "都道府県コード": 35, "市区町村コード": 206, "所在地": "山口県防府市西浦新地西２０６６－３", "緯度": 34.022333, "経度": 131.519583, "url": "https://www.iryou.teikyouseido.mhlw.go.jp/znk-web/juminkanja/S2430/initialize?prefCd=35&kikanCd=3355603870&kikanKbn=3", "url2": null, "内容": "深井歯科医院【3:歯科】山口県防府市西浦新地西２０６６－３" }, "geometry": { "type": "Point", "coordinates": [ 131.519583, 34.022333 ] } },
{ "type": "Feature", "properties": { "ID": 3533355604590, "正式名称": "まりふ歯科こども歯科", "機関区分": 3, "都道府県コード": 35, "市区町村コード": 206, "所在地": "山口県防府市新田１－８－３", "緯度": 34.037361, "経度": 131.568583, "url": "https://www.iryou.teikyouseido.mhlw.go.jp/znk-web/juminkanja/S2430/initialize?prefCd=35&kikanCd=3355604590&kikanKbn=3", "url2": "http://www.marifu.jp", "内容": "まりふ歯科こども歯科【3:歯科】山口県防府市新田１－８－３" }, "geometry": { "type": "Point", "coordinates": [ 131.568583, 34.037361 ] } },
{ "type": "Feature", "properties": { "ID": 3533355604750, "正式名称": "こうの歯科クリニック", "機関区分": 3, "都道府県コード": 35, "市区町村コード": 206, "所在地": "山口県防府市高井５２５－２", "緯度": 34.071028, "経度": 131.556194, "url": "https://www.iryou.teikyouseido.mhlw.go.jp/znk-web/juminkanja/S2430/initialize?prefCd=35&kikanCd=3355604750&kikanKbn=3", "url2": null, "内容": "こうの歯科クリニック【3:歯科】山口県防府市高井５２５－２" }, "geometry": { "type": "Point", "coordinates": [ 131.556194, 34.071028 ] } },
{ "type": "Feature", "properties": { "ID": 3533355605050, "正式名称": "しまだ歯科", "機関区分": 3, "都道府県コード": 35, "市区町村コード": 206, "所在地": "山口県防府市華園町　１番２８号", "緯度": 34.045306, "経度": 131.557306, "url": "https://www.iryou.teikyouseido.mhlw.go.jp/znk-web/juminkanja/S2430/initialize?prefCd=35&kikanCd=3355605050&kikanKbn=3", "url2": "https://www.shimada-do.info/", "内容": "しまだ歯科【3:歯科】山口県防府市華園町　１番２８号" }, "geometry": { "type": "Point", "coordinates": [ 131.557306, 34.045306 ] } },
{ "type": "Feature", "properties": { "ID": 3533355605180, "正式名称": "きしもと歯科医院", "機関区分": 3, "都道府県コード": 35, "市区町村コード": 206, "所在地": "山口県防府市大崎３２７－１", "緯度": 34.066306, "経度": 131.546833, "url": "https://www.iryou.teikyouseido.mhlw.go.jp/znk-web/juminkanja/S2430/initialize?prefCd=35&kikanCd=3355605180&kikanKbn=3", "url2": null, "内容": "きしもと歯科医院【3:歯科】山口県防府市大崎３２７－１" }, "geometry": { "type": "Point", "coordinates": [ 131.546833, 34.066306 ] } },
{ "type": "Feature", "properties": { "ID": 3533355605340, "正式名称": "鰐石歯科医院", "機関区分": 3, "都道府県コード": 35, "市区町村コード": 206, "所在地": "山口県防府市宮市町９番２６号", "緯度": 34.061472, "経度": 131.571694, "url": "https://www.iryou.teikyouseido.mhlw.go.jp/znk-web/juminkanja/S2430/initialize?prefCd=35&kikanCd=3355605340&kikanKbn=3", "url2": null, "内容": "鰐石歯科医院【3:歯科】山口県防府市宮市町９番２６号" }, "geometry": { "type": "Point", "coordinates": [ 131.571694, 34.061472 ] } },
{ "type": "Feature", "properties": { "ID": 3533355605470, "正式名称": "おおむら歯科医院", "機関区分": 3, "都道府県コード": 35, "市区町村コード": 206, "所在地": "山口県防府市酢貝６－３", "緯度": 34.056861, "経度": 131.597639, "url": "https://www.iryou.teikyouseido.mhlw.go.jp/znk-web/juminkanja/S2430/initialize?prefCd=35&kikanCd=3355605470&kikanKbn=3", "url2": null, "内容": "おおむら歯科医院【3:歯科】山口県防府市酢貝６－３" }, "geometry": { "type": "Point", "coordinates": [ 131.597639, 34.056861 ] } },
{ "type": "Feature", "properties": { "ID": 3533355605500, "正式名称": "しらいし歯科クリニック", "機関区分": 3, "都道府県コード": 35, "市区町村コード": 206, "所在地": "山口県防府市緑町１－１１－１７", "緯度": 34.056056, "経度": 131.575611, "url": "https://www.iryou.teikyouseido.mhlw.go.jp/znk-web/juminkanja/S2430/initialize?prefCd=35&kikanCd=3355605500&kikanKbn=3", "url2": null, "内容": "しらいし歯科クリニック【3:歯科】山口県防府市緑町１－１１－１７" }, "geometry": { "type": "Point", "coordinates": [ 131.575611, 34.056056 ] } },
{ "type": "Feature", "properties": { "ID": 3533355605920, "正式名称": "牟礼歯科医院", "機関区分": 3, "都道府県コード": 35, "市区町村コード": 206, "所在地": "山口県防府市岸津１丁目７番２５号", "緯度": 34.055694, "経度": 131.594889, "url": "https://www.iryou.teikyouseido.mhlw.go.jp/znk-web/juminkanja/S2430/initialize?prefCd=35&kikanCd=3355605920&kikanKbn=3", "url2": "http://mure-dental.ci-hp.jp", "内容": "牟礼歯科医院【3:歯科】山口県防府市岸津１丁目７番２５号" }, "geometry": { "type": "Point", "coordinates": [ 131.594889, 34.055694 ] } },
{ "type": "Feature", "properties": { "ID": 3533355606060, "正式名称": "高野歯科医院", "機関区分": 3, "都道府県コード": 35, "市区町村コード": 206, "所在地": "山口県防府市今市町３－２３", "緯度": 34.060056, "経度": 131.566, "url": "https://www.iryou.teikyouseido.mhlw.go.jp/znk-web/juminkanja/S2430/initialize?prefCd=35&kikanCd=3355606060&kikanKbn=3", "url2": null, "内容": "高野歯科医院【3:歯科】山口県防府市今市町３－２３" }, "geometry": { "type": "Point", "coordinates": [ 131.566, 34.060056 ] } },
{ "type": "Feature", "properties": { "ID": 3533355606190, "正式名称": "きむら歯科医院", "機関区分": 3, "都道府県コード": 35, "市区町村コード": 206, "所在地": "山口県防府市東松崎町４番２６－２", "緯度": 34.059444, "経度": 131.5795, "url": "https://www.iryou.teikyouseido.mhlw.go.jp/znk-web/juminkanja/S2430/initialize?prefCd=35&kikanCd=3355606190&kikanKbn=3", "url2": "www.kimuradental.jp/", "内容": "きむら歯科医院【3:歯科】山口県防府市東松崎町４番２６－２" }, "geometry": { "type": "Point", "coordinates": [ 131.5795, 34.059444 ] } },
{ "type": "Feature", "properties": { "ID": 3533355606350, "正式名称": "やまね歯科医院", "機関区分": 3, "都道府県コード": 35, "市区町村コード": 206, "所在地": "山口県防府市車塚町１１－１　ＹＤビル１Ｆ", "緯度": 34.050972, "経度": 131.574444, "url": "https://www.iryou.teikyouseido.mhlw.go.jp/znk-web/juminkanja/S2430/initialize?prefCd=35&kikanCd=3355606350&kikanKbn=3", "url2": null, "内容": "やまね歯科医院【3:歯科】山口県防府市車塚町１１－１　ＹＤビル１Ｆ" }, "geometry": { "type": "Point", "coordinates": [ 131.574444, 34.050972 ] } },
{ "type": "Feature", "properties": { "ID": 3533355606480, "正式名称": "クリスタル歯科", "機関区分": 3, "都道府県コード": 35, "市区町村コード": 206, "所在地": "山口県防府市田島６６３番１０号", "緯度": 34.027028, "経度": 131.558639, "url": "https://www.iryou.teikyouseido.mhlw.go.jp/znk-web/juminkanja/S2430/initialize?prefCd=35&kikanCd=3355606480&kikanKbn=3", "url2": "http://www.dental-crystal.com/", "内容": "クリスタル歯科【3:歯科】山口県防府市田島６６３番１０号" }, "geometry": { "type": "Point", "coordinates": [ 131.558639, 34.027028 ] } },
{ "type": "Feature", "properties": { "ID": 3533355606640, "正式名称": "周陽歯科医院", "機関区分": 3, "都道府県コード": 35, "市区町村コード": 206, "所在地": "山口県防府市大字新田５９０－３", "緯度": 34.034667, "経度": 131.568611, "url": "https://www.iryou.teikyouseido.mhlw.go.jp/znk-web/juminkanja/S2430/initialize?prefCd=35&kikanCd=3355606640&kikanKbn=3", "url2": null, "内容": "周陽歯科医院【3:歯科】山口県防府市大字新田５９０－３" }, "geometry": { "type": "Point", "coordinates": [ 131.568611, 34.034667 ] } },
{ "type": "Feature", "properties": { "ID": 3533355606800, "正式名称": "しんでん歯科医院", "機関区分": 3, "都道府県コード": 35, "市区町村コード": 206, "所在地": "山口県防府市大字新田９１５－２", "緯度": 34.034444, "経度": 131.570944, "url": "https://www.iryou.teikyouseido.mhlw.go.jp/znk-web/juminkanja/S2430/initialize?prefCd=35&kikanCd=3355606800&kikanKbn=3", "url2": null, "内容": "しんでん歯科医院【3:歯科】山口県防府市大字新田９１５－２" }, "geometry": { "type": "Point", "coordinates": [ 131.570944, 34.034444 ] } },
{ "type": "Feature", "properties": { "ID": 3533355607070, "正式名称": "やまざき歯科医院", "機関区分": 3, "都道府県コード": 35, "市区町村コード": 206, "所在地": "山口県防府市大字植松字正村３０３－１", "緯度": 34.049167, "経度": 131.533889, "url": "https://www.iryou.teikyouseido.mhlw.go.jp/znk-web/juminkanja/S2430/initialize?prefCd=35&kikanCd=3355607070&kikanKbn=3", "url2": "http://yamazakidc.net/main/index.html", "内容": "やまざき歯科医院【3:歯科】山口県防府市大字植松字正村３０３－１" }, "geometry": { "type": "Point", "coordinates": [ 131.533889, 34.049167 ] } },
{ "type": "Feature", "properties": { "ID": 3533355607100, "正式名称": "まこと歯科", "機関区分": 3, "都道府県コード": 35, "市区町村コード": 206, "所在地": "山口県防府市台道１３１８－１", "緯度": 34.048778, "経度": 131.491361, "url": "https://www.iryou.teikyouseido.mhlw.go.jp/znk-web/juminkanja/S2430/initialize?prefCd=35&kikanCd=3355607100&kikanKbn=3", "url2": null, "内容": "まこと歯科【3:歯科】山口県防府市台道１３１８－１" }, "geometry": { "type": "Point", "coordinates": [ 131.491361, 34.048778 ] } },
{ "type": "Feature", "properties": { "ID": 3533355607230, "正式名称": "あさひ歯科医院", "機関区分": 3, "都道府県コード": 35, "市区町村コード": 203, "所在地": "山口県山口市徳地堀１５１８－１", "緯度": 34.189611, "経度": 131.659611, "url": "https://www.iryou.teikyouseido.mhlw.go.jp/znk-web/juminkanja/S2430/initialize?prefCd=35&kikanCd=3355607230&kikanKbn=3", "url2": "http://www.marifu.jp", "内容": "あさひ歯科医院【3:歯科】山口県山口市徳地堀１５１８－１" }, "geometry": { "type": "Point", "coordinates": [ 131.659611, 34.189611 ] } },
{ "type": "Feature", "properties": { "ID": 3533355607490, "正式名称": "勝間歯科医院", "機関区分": 3, "都道府県コード": 35, "市区町村コード": 206, "所在地": "山口県防府市警固町２－２－３５", "緯度": 34.051111, "経度": 131.583278, "url": "https://www.iryou.teikyouseido.mhlw.go.jp/znk-web/juminkanja/S2430/initialize?prefCd=35&kikanCd=3355607490&kikanKbn=3", "url2": null, "内容": "勝間歯科医院【3:歯科】山口県防府市警固町２－２－３５" }, "geometry": { "type": "Point", "coordinates": [ 131.583278, 34.051111 ] } },
{ "type": "Feature", "properties": { "ID": 3533355607520, "正式名称": "ひまわり歯科医院", "機関区分": 3, "都道府県コード": 35, "市区町村コード": 206, "所在地": "山口県防府市上右田下田ノ口７１１－１３", "緯度": 34.092528, "経度": 131.576833, "url": "https://www.iryou.teikyouseido.mhlw.go.jp/znk-web/juminkanja/S2430/initialize?prefCd=35&kikanCd=3355607520&kikanKbn=3", "url2": null, "内容": "ひまわり歯科医院【3:歯科】山口県防府市上右田下田ノ口７１１－１３" }, "geometry": { "type": "Point", "coordinates": [ 131.576833, 34.092528 ] } },
{ "type": "Feature", "properties": { "ID": 3533355607650, "正式名称": "かずき歯科クリニック", "機関区分": 3, "都道府県コード": 35, "市区町村コード": 206, "所在地": "山口県防府市緑町１丁目８番３号", "緯度": 34.055722, "経度": 131.577028, "url": "https://www.iryou.teikyouseido.mhlw.go.jp/znk-web/juminkanja/S2430/initialize?prefCd=35&kikanCd=3355607650&kikanKbn=3", "url2": "http://kazuki-dc.jp/", "内容": "かずき歯科クリニック【3:歯科】山口県防府市緑町１丁目８番３号" }, "geometry": { "type": "Point", "coordinates": [ 131.577028, 34.055722 ] } },
{ "type": "Feature", "properties": { "ID": 3533355607940, "正式名称": "医療法人壮歯会　ほほえみ歯科", "機関区分": 3, "都道府県コード": 35, "市区町村コード": 206, "所在地": "山口県防府市警固町１丁目１０番３１号", "緯度": 34.048111, "経度": 131.578778, "url": "https://www.iryou.teikyouseido.mhlw.go.jp/znk-web/juminkanja/S2430/initialize?prefCd=35&kikanCd=3355607940&kikanKbn=3", "url2": null, "内容": "医療法人壮歯会　ほほえみ歯科【3:歯科】山口県防府市警固町１丁目１０番３１号" }, "geometry": { "type": "Point", "coordinates": [ 131.578778, 34.048111 ] } },
{ "type": "Feature", "properties": { "ID": 3533355608080, "正式名称": "医療法人へや歯科クリニック", "機関区分": 3, "都道府県コード": 35, "市区町村コード": 206, "所在地": "山口県防府市鞠生町１－８", "緯度": 34.041083, "経度": 131.565861, "url": "https://www.iryou.teikyouseido.mhlw.go.jp/znk-web/juminkanja/S2430/initialize?prefCd=35&kikanCd=3355608080&kikanKbn=3", "url2": "http://heya-dental.com/", "内容": "医療法人へや歯科クリニック【3:歯科】山口県防府市鞠生町１－８" }, "geometry": { "type": "Point", "coordinates": [ 131.565861, 34.041083 ] } },
{ "type": "Feature", "properties": { "ID": 3533355608240, "正式名称": "Ｍｙ　Ｄｅｎｔａｌ　Ｃｌｉｎｉｃ", "機関区分": 3, "都道府県コード": 35, "市区町村コード": 206, "所在地": "山口県防府市車塚町３－２０　桑陽ビル２階", "緯度": 34.052611, "経度": 131.574583, "url": "https://www.iryou.teikyouseido.mhlw.go.jp/znk-web/juminkanja/S2430/initialize?prefCd=35&kikanCd=3355608240&kikanKbn=3", "url2": "http://www.my-dental-clinic.com", "内容": "Ｍｙ　Ｄｅｎｔａｌ　Ｃｌｉｎｉｃ【3:歯科】山口県防府市車塚町３－２０　桑陽ビル２階" }, "geometry": { "type": "Point", "coordinates": [ 131.574583, 34.052611 ] } },
{ "type": "Feature", "properties": { "ID": 3533355608370, "正式名称": "医療法人社団なごみ歯科クリニック", "機関区分": 3, "都道府県コード": 35, "市区町村コード": 206, "所在地": "山口県防府市大字植松５５９－１　コスパメディカルビル１Ｆ", "緯度": 34.048556, "経度": 131.538472, "url": "https://www.iryou.teikyouseido.mhlw.go.jp/znk-web/juminkanja/S2430/initialize?prefCd=35&kikanCd=3355608370&kikanKbn=3", "url2": null, "内容": "医療法人社団なごみ歯科クリニック【3:歯科】山口県防府市大字植松５５９－１　コスパメディカルビル１Ｆ" }, "geometry": { "type": "Point", "coordinates": [ 131.538472, 34.048556 ] } },
{ "type": "Feature", "properties": { "ID": 3533355608530, "正式名称": "どえ歯科医院", "機関区分": 3, "都道府県コード": 35, "市区町村コード": 206, "所在地": "山口県防府市車塚町９－３４", "緯度": 34.050028, "経度": 131.572833, "url": "https://www.iryou.teikyouseido.mhlw.go.jp/znk-web/juminkanja/S2430/initialize?prefCd=35&kikanCd=3355608530&kikanKbn=3", "url2": "http://www.rieshika.org", "内容": "どえ歯科医院【3:歯科】山口県防府市車塚町９－３４" }, "geometry": { "type": "Point", "coordinates": [ 131.572833, 34.050028 ] } },
{ "type": "Feature", "properties": { "ID": 3533355700290, "正式名称": "池田歯科医院", "機関区分": 3, "都道府県コード": 35, "市区町村コード": 203, "所在地": "山口県山口市下竪小路２４番地", "緯度": 34.182861, "経度": 131.478917, "url": "https://www.iryou.teikyouseido.mhlw.go.jp/znk-web/juminkanja/S2430/initialize?prefCd=35&kikanCd=3355700290&kikanKbn=3", "url2": "https://itp.ne.jp/info/353043352400000899/", "内容": "池田歯科医院【3:歯科】山口県山口市下竪小路２４番地" }, "geometry": { "type": "Point", "coordinates": [ 131.478917, 34.182861 ] } },
{ "type": "Feature", "properties": { "ID": 3533355700320, "正式名称": "宇都宮歯科医院", "機関区分": 3, "都道府県コード": 35, "市区町村コード": 203, "所在地": "山口県山口市泉都町９－１６", "緯度": 34.166583, "経度": 131.460528, "url": "https://www.iryou.teikyouseido.mhlw.go.jp/znk-web/juminkanja/S2430/initialize?prefCd=35&kikanCd=3355700320&kikanKbn=3", "url2": null, "内容": "宇都宮歯科医院【3:歯科】山口県山口市泉都町９－１６" }, "geometry": { "type": "Point", "coordinates": [ 131.460528, 34.166583 ] } },
{ "type": "Feature", "properties": { "ID": 3533355700870, "正式名称": "煙山歯科医院", "機関区分": 3, "都道府県コード": 35, "市区町村コード": 203, "所在地": "山口県山口市駅通り２－２－２４", "緯度": 34.175083, "経度": 131.478611, "url": "https://www.iryou.teikyouseido.mhlw.go.jp/znk-web/juminkanja/S2430/initialize?prefCd=35&kikanCd=3355700870&kikanKbn=3", "url2": null, "内容": "煙山歯科医院【3:歯科】山口県山口市駅通り２－２－２４" }, "geometry": { "type": "Point", "coordinates": [ 131.478611, 34.175083 ] } },
{ "type": "Feature", "properties": { "ID": 3533355700900, "正式名称": "ｍｉｗａ歯科", "機関区分": 3, "都道府県コード": 35, "市区町村コード": 203, "所在地": "山口県山口市葵町２－２－３０", "緯度": 34.162944, "経度": 131.45275, "url": "https://www.iryou.teikyouseido.mhlw.go.jp/znk-web/juminkanja/S2430/initialize?prefCd=35&kikanCd=3355700900&kikanKbn=3", "url2": "http://www.miwa-dental.net/", "内容": "ｍｉｗａ歯科【3:歯科】山口県山口市葵町２－２－３０" }, "geometry": { "type": "Point", "coordinates": [ 131.45275, 34.162944 ] } },
{ "type": "Feature", "properties": { "ID": 3533355701170, "正式名称": "中央歯科医院", "機関区分": 3, "都道府県コード": 35, "市区町村コード": 203, "所在地": "山口県山口市糸米１－１－１３", "緯度": 34.17375, "経度": 131.46825, "url": "https://www.iryou.teikyouseido.mhlw.go.jp/znk-web/juminkanja/S2430/initialize?prefCd=35&kikanCd=3355701170&kikanKbn=3", "url2": null, "内容": "中央歯科医院【3:歯科】山口県山口市糸米１－１－１３" }, "geometry": { "type": "Point", "coordinates": [ 131.46825, 34.17375 ] } },
{ "type": "Feature", "properties": { "ID": 3533355701330, "正式名称": "山口口腔研クリニック", "機関区分": 3, "都道府県コード": 35, "市区町村コード": 203, "所在地": "山口県山口市葵２丁目９番３１号", "緯度": 34.176861, "経度": 131.476472, "url": "https://www.iryou.teikyouseido.mhlw.go.jp/znk-web/juminkanja/S2430/initialize?prefCd=35&kikanCd=3355701330&kikanKbn=3", "url2": "https://yamaguchi-sc.jp", "内容": "山口口腔研クリニック【3:歯科】山口県山口市葵２丁目９番３１号" }, "geometry": { "type": "Point", "coordinates": [ 131.476472, 34.176861 ] } },
{ "type": "Feature", "properties": { "ID": 3533355701750, "正式名称": "山口県口腔保健センター", "機関区分": 3, "都道府県コード": 35, "市区町村コード": 203, "所在地": "山口県山口市吉敷下東一丁目４番１号", "緯度": 34.165944, "経度": 131.448722, "url": "https://www.iryou.teikyouseido.mhlw.go.jp/znk-web/juminkanja/S2430/initialize?prefCd=35&kikanCd=3355701750&kikanKbn=3", "url2": "http://www.ygda.or.jp/", "内容": "山口県口腔保健センター【3:歯科】山口県山口市吉敷下東一丁目４番１号" }, "geometry": { "type": "Point", "coordinates": [ 131.448722, 34.165944 ] } },
{ "type": "Feature", "properties": { "ID": 3533355702050, "正式名称": "藤井歯科医院", "機関区分": 3, "都道府県コード": 35, "市区町村コード": 203, "所在地": "山口県山口市中河原町２－３０", "緯度": 34.178611, "経度": 131.475417, "url": "https://www.iryou.teikyouseido.mhlw.go.jp/znk-web/juminkanja/S2430/initialize?prefCd=35&kikanCd=3355702050&kikanKbn=3", "url2": "https://www.dc-fujii.net/", "内容": "藤井歯科医院【3:歯科】山口県山口市中河原町２－３０" }, "geometry": { "type": "Point", "coordinates": [ 131.475417, 34.178611 ] } },
{ "type": "Feature", "properties": { "ID": 3533355702180, "正式名称": "医療法人光風会　福田歯科医院", "機関区分": 3, "都道府県コード": 35, "市区町村コード": 203, "所在地": "山口県山口市湯田温泉町２－２－１２", "緯度": 34.16375, "経度": 131.457528, "url": "https://www.iryou.teikyouseido.mhlw.go.jp/znk-web/juminkanja/S2430/initialize?prefCd=35&kikanCd=3355702180&kikanKbn=3", "url2": "http://www.yudafukudashika.com", "内容": "医療法人光風会　福田歯科医院【3:歯科】山口県山口市湯田温泉町２－２－１２" }, "geometry": { "type": "Point", "coordinates": [ 131.457528, 34.16375 ] } },
{ "type": "Feature", "properties": { "ID": 3533355702210, "正式名称": "本田歯科", "機関区分": 3, "都道府県コード": 35, "市区町村コード": 203, "所在地": "山口県山口市楠木町１－６０", "緯度": 34.170472, "経度": 131.453583, "url": "https://www.iryou.teikyouseido.mhlw.go.jp/znk-web/juminkanja/S2430/initialize?prefCd=35&kikanCd=3355702210&kikanKbn=3", "url2": null, "内容": "本田歯科【3:歯科】山口県山口市楠木町１－６０" }, "geometry": { "type": "Point", "coordinates": [ 131.453583, 34.170472 ] } },
{ "type": "Feature", "properties": { "ID": 3533355702340, "正式名称": "塩田歯科医院", "機関区分": 3, "都道府県コード": 35, "市区町村コード": 203, "所在地": "山口県山口市葵１－１－３", "緯度": 34.162639, "経度": 131.454583, "url": "https://www.iryou.teikyouseido.mhlw.go.jp/znk-web/juminkanja/S2430/initialize?prefCd=35&kikanCd=3355702340&kikanKbn=3", "url2": null, "内容": "塩田歯科医院【3:歯科】山口県山口市葵１－１－３" }, "geometry": { "type": "Point", "coordinates": [ 131.454583, 34.162639 ] } },
{ "type": "Feature", "properties": { "ID": 3533355702630, "正式名称": "大内宇都宮歯科医院", "機関区分": 3, "都道府県コード": 35, "市区町村コード": 203, "所在地": "山口県山口市大内矢田北１丁目１８－２５", "緯度": 34.156556, "経度": 131.501972, "url": "https://www.iryou.teikyouseido.mhlw.go.jp/znk-web/juminkanja/S2430/initialize?prefCd=35&kikanCd=3355702630&kikanKbn=3", "url2": null, "内容": "大内宇都宮歯科医院【3:歯科】山口県山口市大内矢田北１丁目１８－２５" }, "geometry": { "type": "Point", "coordinates": [ 131.501972, 34.156556 ] } },
{ "type": "Feature", "properties": { "ID": 3533355702890, "正式名称": "医療法人　仁誠会　長崎歯科医院", "機関区分": 3, "都道府県コード": 35, "市区町村コード": 203, "所在地": "山口県山口市宮島町８－１２", "緯度": 34.166556, "経度": 131.482139, "url": "https://www.iryou.teikyouseido.mhlw.go.jp/znk-web/juminkanja/S2430/initialize?prefCd=35&kikanCd=3355702890&kikanKbn=3", "url2": "https://nagasaki-dc.net/", "内容": "医療法人　仁誠会　長崎歯科医院【3:歯科】山口県山口市宮島町８－１２" }, "geometry": { "type": "Point", "coordinates": [ 131.482139, 34.166556 ] } },
{ "type": "Feature", "properties": { "ID": 3533355703060, "正式名称": "佐波歯科医院", "機関区分": 3, "都道府県コード": 35, "市区町村コード": 203, "所在地": "山口県山口市秋穂東６２６８", "緯度": 34.012972, "経度": 131.431361, "url": "https://www.iryou.teikyouseido.mhlw.go.jp/znk-web/juminkanja/S2430/initialize?prefCd=35&kikanCd=3355703060&kikanKbn=3", "url2": null, "内容": "佐波歯科医院【3:歯科】山口県山口市秋穂東６２６８" }, "geometry": { "type": "Point", "coordinates": [ 131.431361, 34.012972 ] } },
{ "type": "Feature", "properties": { "ID": 3533355703480, "正式名称": "秋満歯科医院", "機関区分": 3, "都道府県コード": 35, "市区町村コード": 203, "所在地": "山口県山口市小郡大正町８－８", "緯度": 34.097833, "経度": 131.399, "url": "https://www.iryou.teikyouseido.mhlw.go.jp/znk-web/juminkanja/S2430/initialize?prefCd=35&kikanCd=3355703480&kikanKbn=3", "url2": null, "内容": "秋満歯科医院【3:歯科】山口県山口市小郡大正町８－８" }, "geometry": { "type": "Point", "coordinates": [ 131.399, 34.097833 ] } },
{ "type": "Feature", "properties": { "ID": 3533355703510, "正式名称": "岡村歯科医院", "機関区分": 3, "都道府県コード": 35, "市区町村コード": 203, "所在地": "山口県山口市小郡明治一丁目１２番５号", "緯度": 34.098444, "経度": 131.396333, "url": "https://www.iryou.teikyouseido.mhlw.go.jp/znk-web/juminkanja/S2430/initialize?prefCd=35&kikanCd=3355703510&kikanKbn=3", "url2": null, "内容": "岡村歯科医院【3:歯科】山口県山口市小郡明治一丁目１２番５号" }, "geometry": { "type": "Point", "coordinates": [ 131.396333, 34.098444 ] } },
{ "type": "Feature", "properties": { "ID": 3533355704070, "正式名称": "寺岡歯科診療所", "機関区分": 3, "都道府県コード": 35, "市区町村コード": 203, "所在地": "山口県山口市小郡下郷９３５番地", "緯度": 34.102556, "経度": 131.398139, "url": "https://www.iryou.teikyouseido.mhlw.go.jp/znk-web/juminkanja/S2430/initialize?prefCd=35&kikanCd=3355704070&kikanKbn=3", "url2": null, "内容": "寺岡歯科診療所【3:歯科】山口県山口市小郡下郷９３５番地" }, "geometry": { "type": "Point", "coordinates": [ 131.398139, 34.102556 ] } },
{ "type": "Feature", "properties": { "ID": 3533355704490, "正式名称": "加藤歯科医院", "機関区分": 3, "都道府県コード": 35, "市区町村コード": 203, "所在地": "山口県山口市小郡下郷１１２４－３", "緯度": 34.100417, "経度": 131.398194, "url": "https://www.iryou.teikyouseido.mhlw.go.jp/znk-web/juminkanja/S2430/initialize?prefCd=35&kikanCd=3355704490&kikanKbn=3", "url2": "https://yamaguchi-haisha.jp", "内容": "加藤歯科医院【3:歯科】山口県山口市小郡下郷１１２４－３" }, "geometry": { "type": "Point", "coordinates": [ 131.398194, 34.100417 ] } },
{ "type": "Feature", "properties": { "ID": 3533355705080, "正式名称": "ヤナギ歯科医院", "機関区分": 3, "都道府県コード": 35, "市区町村コード": 203, "所在地": "山口県山口市阿知須２７４２－１", "緯度": 34.013444, "経度": 131.35875, "url": "https://www.iryou.teikyouseido.mhlw.go.jp/znk-web/juminkanja/S2430/initialize?prefCd=35&kikanCd=3355705080&kikanKbn=3", "url2": null, "内容": "ヤナギ歯科医院【3:歯科】山口県山口市阿知須２７４２－１" }, "geometry": { "type": "Point", "coordinates": [ 131.35875, 34.013444 ] } },
{ "type": "Feature", "properties": { "ID": 3533355705370, "正式名称": "野中歯科医院", "機関区分": 3, "都道府県コード": 35, "市区町村コード": 203, "所在地": "山口県山口市桜畠２丁目８－７", "緯度": 34.194, "経度": 131.50075, "url": "https://www.iryou.teikyouseido.mhlw.go.jp/znk-web/juminkanja/S2430/initialize?prefCd=35&kikanCd=3355705370&kikanKbn=3", "url2": null, "内容": "野中歯科医院【3:歯科】山口県山口市桜畠２丁目８－７" }, "geometry": { "type": "Point", "coordinates": [ 131.50075, 34.194 ] } },
{ "type": "Feature", "properties": { "ID": 3533355705950, "正式名称": "池田歯科医院", "機関区分": 3, "都道府県コード": 35, "市区町村コード": 203, "所在地": "山口県山口市大内御堀一丁目６番２３号", "緯度": 34.16675, "経度": 131.483944, "url": "https://www.iryou.teikyouseido.mhlw.go.jp/znk-web/juminkanja/S2430/initialize?prefCd=35&kikanCd=3355705950&kikanKbn=3", "url2": "https://ikehidental-clinic.com", "内容": "池田歯科医院【3:歯科】山口県山口市大内御堀一丁目６番２３号" }, "geometry": { "type": "Point", "coordinates": [ 131.483944, 34.16675 ] } },
{ "type": "Feature", "properties": { "ID": 3533355706090, "正式名称": "山口グリーン歯科", "機関区分": 3, "都道府県コード": 35, "市区町村コード": 203, "所在地": "山口県山口市吉敷下東１丁目７番２０号　竹下ビル１Ｆ", "緯度": 34.165083, "経度": 131.445917, "url": "https://www.iryou.teikyouseido.mhlw.go.jp/znk-web/juminkanja/S2430/initialize?prefCd=35&kikanCd=3355706090&kikanKbn=3", "url2": null, "内容": "山口グリーン歯科【3:歯科】山口県山口市吉敷下東１丁目７番２０号　竹下ビル１Ｆ" }, "geometry": { "type": "Point", "coordinates": [ 131.445917, 34.165083 ] } },
{ "type": "Feature", "properties": { "ID": 3533355706120, "正式名称": "医療法人こだま歯科医院", "機関区分": 3, "都道府県コード": 35, "市区町村コード": 203, "所在地": "山口県山口市矢原　１４２５－１", "緯度": 34.149417, "経度": 131.439639, "url": "https://www.iryou.teikyouseido.mhlw.go.jp/znk-web/juminkanja/S2430/initialize?prefCd=35&kikanCd=3355706120&kikanKbn=3", "url2": "http://www.kodama-dc.jp/", "内容": "医療法人こだま歯科医院【3:歯科】山口県山口市矢原　１４２５－１" }, "geometry": { "type": "Point", "coordinates": [ 131.439639, 34.149417 ] } },
{ "type": "Feature", "properties": { "ID": 3533355706380, "正式名称": "佐伯歯科", "機関区分": 3, "都道府県コード": 35, "市区町村コード": 203, "所在地": "山口県山口市平井３７７－６佐伯歯科", "緯度": 34.155917, "経度": 131.466361, "url": "https://www.iryou.teikyouseido.mhlw.go.jp/znk-web/juminkanja/S2430/initialize?prefCd=35&kikanCd=3355706380&kikanKbn=3", "url2": null, "内容": "佐伯歯科【3:歯科】山口県山口市平井３７７－６佐伯歯科" }, "geometry": { "type": "Point", "coordinates": [ 131.466361, 34.155917 ] } },
{ "type": "Feature", "properties": { "ID": 3533355706410, "正式名称": "医療法人　尾﨑会　アップル歯科医院", "機関区分": 3, "都道府県コード": 35, "市区町村コード": 203, "所在地": "山口県山口市平井下屋敷１６７１－１", "緯度": 34.1425, "経度": 131.45375, "url": "https://www.iryou.teikyouseido.mhlw.go.jp/znk-web/juminkanja/S2430/initialize?prefCd=35&kikanCd=3355706410&kikanKbn=3", "url2": null, "内容": "医療法人　尾﨑会　アップル歯科医院【3:歯科】山口県山口市平井下屋敷１６７１－１" }, "geometry": { "type": "Point", "coordinates": [ 131.45375, 34.1425 ] } },
{ "type": "Feature", "properties": { "ID": 3533355706540, "正式名称": "ふくなが歯科医院", "機関区分": 3, "都道府県コード": 35, "市区町村コード": 203, "所在地": "山口県山口市大内長野４７４番地７", "緯度": 34.153111, "経度": 131.516583, "url": "https://www.iryou.teikyouseido.mhlw.go.jp/znk-web/juminkanja/S2430/initialize?prefCd=35&kikanCd=3355706540&kikanKbn=3", "url2": null, "内容": "ふくなが歯科医院【3:歯科】山口県山口市大内長野４７４番地７" }, "geometry": { "type": "Point", "coordinates": [ 131.516583, 34.153111 ] } },
{ "type": "Feature", "properties": { "ID": 3533355706670, "正式名称": "医療法人梅林軒　小田歯科", "機関区分": 3, "都道府県コード": 35, "市区町村コード": 203, "所在地": "山口県山口市松美町６－３１", "緯度": 34.1645, "経度": 131.462639, "url": "https://www.iryou.teikyouseido.mhlw.go.jp/znk-web/juminkanja/S2430/initialize?prefCd=35&kikanCd=3355706670&kikanKbn=3", "url2": "oda-shika.com", "内容": "医療法人梅林軒　小田歯科【3:歯科】山口県山口市松美町６－３１" }, "geometry": { "type": "Point", "coordinates": [ 131.462639, 34.1645 ] } },
{ "type": "Feature", "properties": { "ID": 3533355706700, "正式名称": "益城歯科医院", "機関区分": 3, "都道府県コード": 35, "市区町村コード": 203, "所在地": "山口県山口市小郡下郷１６２６－１３", "緯度": 34.09825, "経度": 131.400028, "url": "https://www.iryou.teikyouseido.mhlw.go.jp/znk-web/juminkanja/S2430/initialize?prefCd=35&kikanCd=3355706700&kikanKbn=3", "url2": null, "内容": "益城歯科医院【3:歯科】山口県山口市小郡下郷１６２６－１３" }, "geometry": { "type": "Point", "coordinates": [ 131.400028, 34.09825 ] } },
{ "type": "Feature", "properties": { "ID": 3533355706960, "正式名称": "医療法人ふなつ歯科", "機関区分": 3, "都道府県コード": 35, "市区町村コード": 203, "所在地": "山口県山口市鋳銭司５９５８－３", "緯度": 34.084167, "経度": 131.443, "url": "https://www.iryou.teikyouseido.mhlw.go.jp/znk-web/juminkanja/S2430/initialize?prefCd=35&kikanCd=3355706960&kikanKbn=3", "url2": "http://www.funatsushika.com", "内容": "医療法人ふなつ歯科【3:歯科】山口県山口市鋳銭司５９５８－３" }, "geometry": { "type": "Point", "coordinates": [ 131.443, 34.084167 ] } },
{ "type": "Feature", "properties": { "ID": 3533355707130, "正式名称": "戸井歯科クリニック", "機関区分": 3, "都道府県コード": 35, "市区町村コード": 203, "所在地": "山口県山口市阿知須４８３９－２　丸円ビル　１Ｆ", "緯度": 34.011222, "経度": 131.354528, "url": "https://www.iryou.teikyouseido.mhlw.go.jp/znk-web/juminkanja/S2430/initialize?prefCd=35&kikanCd=3355707130&kikanKbn=3", "url2": null, "内容": "戸井歯科クリニック【3:歯科】山口県山口市阿知須４８３９－２　丸円ビル　１Ｆ" }, "geometry": { "type": "Point", "coordinates": [ 131.354528, 34.011222 ] } },
{ "type": "Feature", "properties": { "ID": 3533355707550, "正式名称": "やすもと歯科医院", "機関区分": 3, "都道府県コード": 35, "市区町村コード": 203, "所在地": "山口県山口市嘉川３５９８－２", "緯度": 34.070111, "経度": 131.371083, "url": "https://www.iryou.teikyouseido.mhlw.go.jp/znk-web/juminkanja/S2430/initialize?prefCd=35&kikanCd=3355707550&kikanKbn=3", "url2": "http://www.teeth.co.jp/tcc/member/homepage/10597/index.htm", "内容": "やすもと歯科医院【3:歯科】山口県山口市嘉川３５９８－２" }, "geometry": { "type": "Point", "coordinates": [ 131.371083, 34.070111 ] } },
{ "type": "Feature", "properties": { "ID": 3533355707710, "正式名称": "児玉歯科", "機関区分": 3, "都道府県コード": 35, "市区町村コード": 203, "所在地": "山口県山口市宮野下３１０６－１", "緯度": 34.201828, "経度": 131.507704, "url": "https://www.iryou.teikyouseido.mhlw.go.jp/znk-web/juminkanja/S2430/initialize?prefCd=35&kikanCd=3355707710&kikanKbn=3", "url2": "http://www.kodamashika.jp/", "内容": "児玉歯科【3:歯科】山口県山口市宮野下３１０６－１" }, "geometry": { "type": "Point", "coordinates": [ 131.507704, 34.201828 ] } },
{ "type": "Feature", "properties": { "ID": 3533355707840, "正式名称": "オレンジ歯科医院", "機関区分": 3, "都道府県コード": 35, "市区町村コード": 203, "所在地": "山口県山口市大字下小鯖２５０７－１１", "緯度": 34.128444, "経度": 131.526944, "url": "https://www.iryou.teikyouseido.mhlw.go.jp/znk-web/juminkanja/S2430/initialize?prefCd=35&kikanCd=3355707840&kikanKbn=3", "url2": "http://www.marifu.jp", "内容": "オレンジ歯科医院【3:歯科】山口県山口市大字下小鯖２５０７－１１" }, "geometry": { "type": "Point", "coordinates": [ 131.526944, 34.128444 ] } },
{ "type": "Feature", "properties": { "ID": 3533355707970, "正式名称": "おぐら歯科医院", "機関区分": 3, "都道府県コード": 35, "市区町村コード": 203, "所在地": "山口県山口市大内矢田南１丁目１９番２０号", "緯度": 34.152861, "経度": 131.497417, "url": "https://www.iryou.teikyouseido.mhlw.go.jp/znk-web/juminkanja/S2430/initialize?prefCd=35&kikanCd=3355707970&kikanKbn=3", "url2": null, "内容": "おぐら歯科医院【3:歯科】山口県山口市大内矢田南１丁目１９番２０号" }, "geometry": { "type": "Point", "coordinates": [ 131.497417, 34.152861 ] } },
{ "type": "Feature", "properties": { "ID": 3533355708010, "正式名称": "すみ歯科医院", "機関区分": 3, "都道府県コード": 35, "市区町村コード": 203, "所在地": "山口県山口市金古曽町１－３", "緯度": 34.184861, "経度": 131.485028, "url": "https://www.iryou.teikyouseido.mhlw.go.jp/znk-web/juminkanja/S2430/initialize?prefCd=35&kikanCd=3355708010&kikanKbn=3", "url2": null, "内容": "すみ歯科医院【3:歯科】山口県山口市金古曽町１－３" }, "geometry": { "type": "Point", "coordinates": [ 131.485028, 34.184861 ] } },
{ "type": "Feature", "properties": { "ID": 3533355708300, "正式名称": "上田歯科医院", "機関区分": 3, "都道府県コード": 35, "市区町村コード": 203, "所在地": "山口県山口市朝田９０２－７", "緯度": 34.148722, "経度": 131.433028, "url": "https://www.iryou.teikyouseido.mhlw.go.jp/znk-web/juminkanja/S2430/initialize?prefCd=35&kikanCd=3355708300&kikanKbn=3", "url2": "https://www.ueda-shikaiin.com", "内容": "上田歯科医院【3:歯科】山口県山口市朝田９０２－７" }, "geometry": { "type": "Point", "coordinates": [ 131.433028, 34.148722 ] } },
{ "type": "Feature", "properties": { "ID": 3533355708560, "正式名称": "医療法人鶴翔会　内田歯科医院", "機関区分": 3, "都道府県コード": 35, "市区町村コード": 203, "所在地": "山口県山口市鋳銭司下中津５６７２－１", "緯度": 34.078556, "経度": 131.445833, "url": "https://www.iryou.teikyouseido.mhlw.go.jp/znk-web/juminkanja/S2430/initialize?prefCd=35&kikanCd=3355708560&kikanKbn=3", "url2": "http://www.uchidadental.com/", "内容": "医療法人鶴翔会　内田歯科医院【3:歯科】山口県山口市鋳銭司下中津５６７２－１" }, "geometry": { "type": "Point", "coordinates": [ 131.445833, 34.078556 ] } },
{ "type": "Feature", "properties": { "ID": 3533355708850, "正式名称": "ほそだ歯科", "機関区分": 3, "都道府県コード": 35, "市区町村コード": 203, "所在地": "山口県山口市吉敷上東２－３－１０", "緯度": 34.168861, "経度": 131.441, "url": "https://www.iryou.teikyouseido.mhlw.go.jp/znk-web/juminkanja/S2430/initialize?prefCd=35&kikanCd=3355708850&kikanKbn=3", "url2": null, "内容": "ほそだ歯科【3:歯科】山口県山口市吉敷上東２－３－１０" }, "geometry": { "type": "Point", "coordinates": [ 131.441, 34.168861 ] } },
{ "type": "Feature", "properties": { "ID": 3533355709020, "正式名称": "いわなが歯科", "機関区分": 3, "都道府県コード": 35, "市区町村コード": 203, "所在地": "山口県山口市楠木町８－８　カンファー２１　１Ｆ", "緯度": 34.17175, "経度": 131.454083, "url": "https://www.iryou.teikyouseido.mhlw.go.jp/znk-web/juminkanja/S2430/initialize?prefCd=35&kikanCd=3355709020&kikanKbn=3", "url2": null, "内容": "いわなが歯科【3:歯科】山口県山口市楠木町８－８　カンファー２１　１Ｆ" }, "geometry": { "type": "Point", "coordinates": [ 131.454083, 34.17175 ] } },
{ "type": "Feature", "properties": { "ID": 3533355709440, "正式名称": "アルファデンタルクリニック", "機関区分": 3, "都道府県コード": 35, "市区町村コード": 203, "所在地": "山口県山口市泉町１番４１号", "緯度": 34.169139, "経度": 131.451639, "url": "https://www.iryou.teikyouseido.mhlw.go.jp/znk-web/juminkanja/S2430/initialize?prefCd=35&kikanCd=3355709440&kikanKbn=3", "url2": "http://www.marifu.jp", "内容": "アルファデンタルクリニック【3:歯科】山口県山口市泉町１番４１号" }, "geometry": { "type": "Point", "coordinates": [ 131.451639, 34.169139 ] } },
{ "type": "Feature", "properties": { "ID": 3533355709570, "正式名称": "医療法人むくのき歯科医院", "機関区分": 3, "都道府県コード": 35, "市区町村コード": 203, "所在地": "山口県山口市鰐石町５－２０", "緯度": 34.168556, "経度": 131.478, "url": "https://www.iryou.teikyouseido.mhlw.go.jp/znk-web/juminkanja/S2430/initialize?prefCd=35&kikanCd=3355709570&kikanKbn=3", "url2": "http://mukunoki-dc.jp/", "内容": "医療法人むくのき歯科医院【3:歯科】山口県山口市鰐石町５－２０" }, "geometry": { "type": "Point", "coordinates": [ 131.478, 34.168556 ] } },
{ "type": "Feature", "properties": { "ID": 3533355709600, "正式名称": "ごとう歯科", "機関区分": 3, "都道府県コード": 35, "市区町村コード": 203, "所在地": "山口県山口市小郡新町六丁目３番１号", "緯度": 34.11875, "経度": 131.400111, "url": "https://www.iryou.teikyouseido.mhlw.go.jp/znk-web/juminkanja/S2430/initialize?prefCd=35&kikanCd=3355709600&kikanKbn=3", "url2": "http://www17.ocn.ne.jp/~go10sika/", "内容": "ごとう歯科【3:歯科】山口県山口市小郡新町六丁目３番１号" }, "geometry": { "type": "Point", "coordinates": [ 131.400111, 34.11875 ] } },
{ "type": "Feature", "properties": { "ID": 3533355709730, "正式名称": "わたなべ歯科診療所", "機関区分": 3, "都道府県コード": 35, "市区町村コード": 203, "所在地": "山口県山口市維新公園５－３－５４", "緯度": 34.159806, "経度": 131.435194, "url": "https://www.iryou.teikyouseido.mhlw.go.jp/znk-web/juminkanja/S2430/initialize?prefCd=35&kikanCd=3355709730&kikanKbn=3", "url2": "http://watanabe-shika..cihp2.jp", "内容": "わたなべ歯科診療所【3:歯科】山口県山口市維新公園５－３－５４" }, "geometry": { "type": "Point", "coordinates": [ 131.435194, 34.159806 ] } },
{ "type": "Feature", "properties": { "ID": 3533355709860, "正式名称": "医療法人社団優志会　みやわき矯正歯科クリニック新山口オフィス", "機関区分": 3, "都道府県コード": 35, "市区町村コード": 203, "所在地": "山口県山口市矢原１１８０", "緯度": 34.129444, "経度": 131.415944, "url": "https://www.iryou.teikyouseido.mhlw.go.jp/znk-web/juminkanja/S2430/initialize?prefCd=35&kikanCd=3355709860&kikanKbn=3", "url2": "http://www.miya-ortho.com", "内容": "医療法人社団優志会　みやわき矯正歯科クリニック新山口オフィス【3:歯科】山口県山口市矢原１１８０" }, "geometry": { "type": "Point", "coordinates": [ 131.415944, 34.129444 ] } },
{ "type": "Feature", "properties": { "ID": 3533355709990, "正式名称": "みやび歯科クリニック", "機関区分": 3, "都道府県コード": 35, "市区町村コード": 203, "所在地": "山口県山口市江崎２６９９番１", "緯度": 34.057139, "経度": 131.368167, "url": "https://www.iryou.teikyouseido.mhlw.go.jp/znk-web/juminkanja/S2430/initialize?prefCd=35&kikanCd=3355709990&kikanKbn=3", "url2": "http://www.ube-keiyukai.or.jp/", "内容": "みやび歯科クリニック【3:歯科】山口県山口市江崎２６９９番１" }, "geometry": { "type": "Point", "coordinates": [ 131.368167, 34.057139 ] } },
{ "type": "Feature", "properties": { "ID": 3533355710000, "正式名称": "いとう歯科クリニック", "機関区分": 3, "都道府県コード": 35, "市区町村コード": 203, "所在地": "山口県山口市江崎２２２４－５", "緯度": 34.054639, "経度": 131.367583, "url": "https://www.iryou.teikyouseido.mhlw.go.jp/znk-web/juminkanja/S2430/initialize?prefCd=35&kikanCd=3355710000&kikanKbn=3", "url2": "http//www.ito-shika.net/", "内容": "いとう歯科クリニック【3:歯科】山口県山口市江崎２２２４－５" }, "geometry": { "type": "Point", "coordinates": [ 131.367583, 34.054639 ] } },
{ "type": "Feature", "properties": { "ID": 3533355710260, "正式名称": "みつる歯科", "機関区分": 3, "都道府県コード": 35, "市区町村コード": 203, "所在地": "山口県山口市道祖町５－１０", "緯度": 34.183528, "経度": 131.484806, "url": "https://www.iryou.teikyouseido.mhlw.go.jp/znk-web/juminkanja/S2430/initialize?prefCd=35&kikanCd=3355710260&kikanKbn=3", "url2": null, "内容": "みつる歯科【3:歯科】山口県山口市道祖町５－１０" }, "geometry": { "type": "Point", "coordinates": [ 131.484806, 34.183528 ] } },
{ "type": "Feature", "properties": { "ID": 3533355710390, "正式名称": "医療法人優成会うえむらデンタルクリニック", "機関区分": 3, "都道府県コード": 35, "市区町村コード": 203, "所在地": "山口県山口市阿知須４８５３－８", "緯度": 34.012694, "経度": 131.35825, "url": "https://www.iryou.teikyouseido.mhlw.go.jp/znk-web/juminkanja/S2430/initialize?prefCd=35&kikanCd=3355710390&kikanKbn=3", "url2": "https://www.uemura-dental.com", "内容": "医療法人優成会うえむらデンタルクリニック【3:歯科】山口県山口市阿知須４８５３－８" }, "geometry": { "type": "Point", "coordinates": [ 131.35825, 34.012694 ] } },
{ "type": "Feature", "properties": { "ID": 3533355710420, "正式名称": "アイベックスデンタルクリニック", "機関区分": 3, "都道府県コード": 35, "市区町村コード": 203, "所在地": "山口県山口市小郡黄金町１４－８", "緯度": 34.088889, "経度": 131.399417, "url": "https://www.iryou.teikyouseido.mhlw.go.jp/znk-web/juminkanja/S2430/initialize?prefCd=35&kikanCd=3355710420&kikanKbn=3", "url2": null, "内容": "アイベックスデンタルクリニック【3:歯科】山口県山口市小郡黄金町１４－８" }, "geometry": { "type": "Point", "coordinates": [ 131.399417, 34.088889 ] } },
{ "type": "Feature", "properties": { "ID": 3533355710550, "正式名称": "たなべ歯科", "機関区分": 3, "都道府県コード": 35, "市区町村コード": 203, "所在地": "山口県山口市黒川２３０５－３", "緯度": 34.139583, "経度": 131.4495, "url": "https://www.iryou.teikyouseido.mhlw.go.jp/znk-web/juminkanja/S2430/initialize?prefCd=35&kikanCd=3355710550&kikanKbn=3", "url2": "www.tanabe-shika.com", "内容": "たなべ歯科【3:歯科】山口県山口市黒川２３０５－３" }, "geometry": { "type": "Point", "coordinates": [ 131.4495, 34.139583 ] } },
{ "type": "Feature", "properties": { "ID": 3533355710680, "正式名称": "（医）Ｙ－Ｗｉｎｄ　ＭＫデンタルオフィス", "機関区分": 3, "都道府県コード": 35, "市区町村コード": 203, "所在地": "山口県山口市道場門前１丁目１番１８号　どうもんパークビル２階", "緯度": 34.174545, "経度": 131.474946, "url": "https://www.iryou.teikyouseido.mhlw.go.jp/znk-web/juminkanja/S2430/initialize?prefCd=35&kikanCd=3355710680&kikanKbn=3", "url2": "http://www.mk-dentaloffice.com", "内容": "（医）Ｙ－Ｗｉｎｄ　ＭＫデンタルオフィス【3:歯科】山口県山口市道場門前１丁目１番１８号　どうもんパークビル２階" }, "geometry": { "type": "Point", "coordinates": [ 131.474946, 34.174545 ] } },
{ "type": "Feature", "properties": { "ID": 3533355710710, "正式名称": "いのうえデンタルクリニック", "機関区分": 3, "都道府県コード": 35, "市区町村コード": 203, "所在地": "山口県山口市平井６２２番地", "緯度": 34.157306, "経度": 131.462778, "url": "https://www.iryou.teikyouseido.mhlw.go.jp/znk-web/juminkanja/S2430/initialize?prefCd=35&kikanCd=3355710710&kikanKbn=3", "url2": null, "内容": "いのうえデンタルクリニック【3:歯科】山口県山口市平井６２２番地" }, "geometry": { "type": "Point", "coordinates": [ 131.462778, 34.157306 ] } },
{ "type": "Feature", "properties": { "ID": 3533355710840, "正式名称": "みつおか歯科クリニック", "機関区分": 3, "都道府県コード": 35, "市区町村コード": 203, "所在地": "山口県山口市古熊３丁目７１２－１", "緯度": 34.184941, "経度": 131.487491, "url": "https://www.iryou.teikyouseido.mhlw.go.jp/znk-web/juminkanja/S2430/initialize?prefCd=35&kikanCd=3355710840&kikanKbn=3", "url2": "https://mituoka-sika.com/", "内容": "みつおか歯科クリニック【3:歯科】山口県山口市古熊３丁目７１２－１" }, "geometry": { "type": "Point", "coordinates": [ 131.487491, 34.184941 ] } },
{ "type": "Feature", "properties": { "ID": 3533355711010, "正式名称": "医療法人はりま歯科クリニック", "機関区分": 3, "都道府県コード": 35, "市区町村コード": 203, "所在地": "山口県山口市矢原町７－８", "緯度": 34.156528, "経度": 131.452556, "url": "https://www.iryou.teikyouseido.mhlw.go.jp/znk-web/juminkanja/S2430/initialize?prefCd=35&kikanCd=3355711010&kikanKbn=3", "url2": "http://www.harima-dc.com/", "内容": "医療法人はりま歯科クリニック【3:歯科】山口県山口市矢原町７－８" }, "geometry": { "type": "Point", "coordinates": [ 131.452556, 34.156528 ] } },
{ "type": "Feature", "properties": { "ID": 3533355711140, "正式名称": "あずま歯科医院", "機関区分": 3, "都道府県コード": 35, "市区町村コード": 203, "所在地": "山口県山口市香山町６番１８号", "緯度": 34.189167, "経度": 131.474083, "url": "https://www.iryou.teikyouseido.mhlw.go.jp/znk-web/juminkanja/S2430/initialize?prefCd=35&kikanCd=3355711140&kikanKbn=3", "url2": null, "内容": "あずま歯科医院【3:歯科】山口県山口市香山町６番１８号" }, "geometry": { "type": "Point", "coordinates": [ 131.474083, 34.189167 ] } },
{ "type": "Feature", "properties": { "ID": 3533355711270, "正式名称": "医療法人　令和会　ハーモニー歯科こども歯科", "機関区分": 3, "都道府県コード": 35, "市区町村コード": 203, "所在地": "山口県山口市黄金町１２－３", "緯度": 34.170083, "経度": 131.47575, "url": "https://www.iryou.teikyouseido.mhlw.go.jp/znk-web/juminkanja/S2430/initialize?prefCd=35&kikanCd=3355711270&kikanKbn=3", "url2": "http://www.harmony-kids-dc.com/", "内容": "医療法人　令和会　ハーモニー歯科こども歯科【3:歯科】山口県山口市黄金町１２－３" }, "geometry": { "type": "Point", "coordinates": [ 131.47575, 34.170083 ] } },
{ "type": "Feature", "properties": { "ID": 3533355711300, "正式名称": "たなか歯科", "機関区分": 3, "都道府県コード": 35, "市区町村コード": 203, "所在地": "山口県山口市黒川１０７５－１", "緯度": 34.142417, "経度": 131.458, "url": "https://www.iryou.teikyouseido.mhlw.go.jp/znk-web/juminkanja/S2430/initialize?prefCd=35&kikanCd=3355711300&kikanKbn=3", "url2": "http://www.tanaka1212-dc.com", "内容": "たなか歯科【3:歯科】山口県山口市黒川１０７５－１" }, "geometry": { "type": "Point", "coordinates": [ 131.458, 34.142417 ] } },
{ "type": "Feature", "properties": { "ID": 3533355711690, "正式名称": "あい歯科クリニック", "機関区分": 3, "都道府県コード": 35, "市区町村コード": 206, "所在地": "山口県防府市高倉２丁目５－３５", "緯度": 34.054583, "経度": 131.555944, "url": "https://www.iryou.teikyouseido.mhlw.go.jp/znk-web/juminkanja/S2430/initialize?prefCd=35&kikanCd=3355711690&kikanKbn=3", "url2": "http://www.dent-ai.com", "内容": "あい歯科クリニック【3:歯科】山口県防府市高倉２丁目５－３５" }, "geometry": { "type": "Point", "coordinates": [ 131.555944, 34.054583 ] } },
{ "type": "Feature", "properties": { "ID": 3533355711850, "正式名称": "津本歯科", "機関区分": 3, "都道府県コード": 35, "市区町村コード": 203, "所在地": "山口県山口市緑町３－２７", "緯度": 34.170667, "経度": 131.466056, "url": "https://www.iryou.teikyouseido.mhlw.go.jp/znk-web/juminkanja/S2430/initialize?prefCd=35&kikanCd=3355711850&kikanKbn=3", "url2": null, "内容": "津本歯科【3:歯科】山口県山口市緑町３－２７" }, "geometry": { "type": "Point", "coordinates": [ 131.466056, 34.170667 ] } },
{ "type": "Feature", "properties": { "ID": 3533355712150, "正式名称": "ローズデンタルクリニック山口", "機関区分": 3, "都道府県コード": 35, "市区町村コード": 203, "所在地": "山口県山口市小郡栄町２－１", "緯度": 34.089806, "経度": 131.403667, "url": "https://www.iryou.teikyouseido.mhlw.go.jp/znk-web/juminkanja/S2430/initialize?prefCd=35&kikanCd=3355712150&kikanKbn=3", "url2": "https://dental.rose-med.com/", "内容": "ローズデンタルクリニック山口【3:歯科】山口県山口市小郡栄町２－１" }, "geometry": { "type": "Point", "coordinates": [ 131.403667, 34.089806 ] } },
{ "type": "Feature", "properties": { "ID": 3533355712310, "正式名称": "のうみ歯科・キッズデンタルクリニック", "機関区分": 3, "都道府県コード": 35, "市区町村コード": 203, "所在地": "山口県山口市小郡船倉町１－１８", "緯度": 34.094667, "経度": 131.403611, "url": "https://www.iryou.teikyouseido.mhlw.go.jp/znk-web/juminkanja/S2430/initialize?prefCd=35&kikanCd=3355712310&kikanKbn=3", "url2": "http://noumi-dental.heteml.jp/", "内容": "のうみ歯科・キッズデンタルクリニック【3:歯科】山口県山口市小郡船倉町１－１８" }, "geometry": { "type": "Point", "coordinates": [ 131.403611, 34.094667 ] } },
{ "type": "Feature", "properties": { "ID": 3533355712440, "正式名称": "アイリスデンタルクリニック", "機関区分": 3, "都道府県コード": 35, "市区町村コード": 206, "所在地": "山口県防府市西浦２９１２－１", "緯度": 34.030667, "経度": 131.515278, "url": "https://www.iryou.teikyouseido.mhlw.go.jp/znk-web/juminkanja/S2430/initialize?prefCd=35&kikanCd=3355712440&kikanKbn=3", "url2": "http://dental-iris.com", "内容": "アイリスデンタルクリニック【3:歯科】山口県防府市西浦２９１２－１" }, "geometry": { "type": "Point", "coordinates": [ 131.515278, 34.030667 ] } },
{ "type": "Feature", "properties": { "ID": 3533355712570, "正式名称": "医療法人　くろいわ歯科クリニック", "機関区分": 3, "都道府県コード": 35, "市区町村コード": 203, "所在地": "山口県山口市大内中央二丁目１４番１７号", "緯度": 34.152833, "経度": 131.49175, "url": "https://www.iryou.teikyouseido.mhlw.go.jp/znk-web/juminkanja/S2430/initialize?prefCd=35&kikanCd=3355712570&kikanKbn=3", "url2": "http://www.kuro-dc.com", "内容": "医療法人　くろいわ歯科クリニック【3:歯科】山口県山口市大内中央二丁目１４番１７号" }, "geometry": { "type": "Point", "coordinates": [ 131.49175, 34.152833 ] } },
{ "type": "Feature", "properties": { "ID": 3533355712600, "正式名称": "あおぞら歯科クリニック", "機関区分": 3, "都道府県コード": 35, "市区町村コード": 206, "所在地": "山口県防府市平和町　１４－１９", "緯度": 34.058417, "経度": 131.562139, "url": "https://www.iryou.teikyouseido.mhlw.go.jp/znk-web/juminkanja/S2430/initialize?prefCd=35&kikanCd=3355712600&kikanKbn=3", "url2": "http://aozora-dc0408.jp", "内容": "あおぞら歯科クリニック【3:歯科】山口県防府市平和町　１４－１９" }, "geometry": { "type": "Point", "coordinates": [ 131.562139, 34.058417 ] } },
{ "type": "Feature", "properties": { "ID": 3533355713030, "正式名称": "ゆかたちよみ歯科", "機関区分": 3, "都道府県コード": 35, "市区町村コード": 203, "所在地": "山口県山口市黄金町４－１６", "緯度": 34.171389, "経度": 131.478167, "url": "https://www.iryou.teikyouseido.mhlw.go.jp/znk-web/juminkanja/S2430/initialize?prefCd=35&kikanCd=3355713030&kikanKbn=3", "url2": "http://www.yutaka-dc.com", "内容": "ゆかたちよみ歯科【3:歯科】山口県山口市黄金町４－１６" }, "geometry": { "type": "Point", "coordinates": [ 131.478167, 34.171389 ] } },
{ "type": "Feature", "properties": { "ID": 3533355713160, "正式名称": "このはな歯科医院", "機関区分": 3, "都道府県コード": 35, "市区町村コード": 203, "所在地": "山口県山口市大内長野６７５－１", "緯度": 34.157028, "経度": 131.516889, "url": "https://www.iryou.teikyouseido.mhlw.go.jp/znk-web/juminkanja/S2430/initialize?prefCd=35&kikanCd=3355713160&kikanKbn=3", "url2": "http://konohana-dc.com", "内容": "このはな歯科医院【3:歯科】山口県山口市大内長野６７５－１" }, "geometry": { "type": "Point", "coordinates": [ 131.516889, 34.157028 ] } },
{ "type": "Feature", "properties": { "ID": 3533355713290, "正式名称": "防府リョーマデンタルクリニック総合歯科矯正歯科", "機関区分": 3, "都道府県コード": 35, "市区町村コード": 206, "所在地": "山口県防府市鐘紡町７－１　イオンタウン防府２階", "緯度": 34.048389, "経度": 131.588028, "url": "https://www.iryou.teikyouseido.mhlw.go.jp/znk-web/juminkanja/S2430/initialize?prefCd=35&kikanCd=3355713290&kikanKbn=3", "url2": "http://hofu-masamune.com", "内容": "防府リョーマデンタルクリニック総合歯科矯正歯科【3:歯科】山口県防府市鐘紡町７－１　イオンタウン防府２階" }, "geometry": { "type": "Point", "coordinates": [ 131.588028, 34.048389 ] } },
{ "type": "Feature", "properties": { "ID": 3533355713450, "正式名称": "ハート歯科クリニック", "機関区分": 3, "都道府県コード": 35, "市区町村コード": 206, "所在地": "山口県防府市田島１４８５－６", "緯度": 34.022139, "経度": 131.545694, "url": "https://www.iryou.teikyouseido.mhlw.go.jp/znk-web/juminkanja/S2430/initialize?prefCd=35&kikanCd=3355713450&kikanKbn=3", "url2": "http://www.heartshika.jp", "内容": "ハート歯科クリニック【3:歯科】山口県防府市田島１４８５－６" }, "geometry": { "type": "Point", "coordinates": [ 131.545694, 34.022139 ] } },
{ "type": "Feature", "properties": { "ID": 3533355713610, "正式名称": "みねおか歯科クリニック", "機関区分": 3, "都道府県コード": 35, "市区町村コード": 203, "所在地": "山口県山口市黒川５７２－４", "緯度": 34.146528, "経度": 131.448472, "url": "https://www.iryou.teikyouseido.mhlw.go.jp/znk-web/juminkanja/S2430/initialize?prefCd=35&kikanCd=3355713610&kikanKbn=3", "url2": "http://www.mineoka-dc.com", "内容": "みねおか歯科クリニック【3:歯科】山口県山口市黒川５７２－４" }, "geometry": { "type": "Point", "coordinates": [ 131.448472, 34.146528 ] } },
{ "type": "Feature", "properties": { "ID": 3533355713870, "正式名称": "こども歯科じゅんこクリニック", "機関区分": 3, "都道府県コード": 35, "市区町村コード": 206, "所在地": "山口県防府市仁井令１０４７－８", "緯度": 34.041941, "経度": 131.557522, "url": "https://www.iryou.teikyouseido.mhlw.go.jp/znk-web/juminkanja/S2430/initialize?prefCd=35&kikanCd=3355713870&kikanKbn=3", "url2": "https://www.junko-clinic.com", "内容": "こども歯科じゅんこクリニック【3:歯科】山口県防府市仁井令１０４７－８" }, "geometry": { "type": "Point", "coordinates": [ 131.557522, 34.041941 ] } },
{ "type": "Feature", "properties": { "ID": 3533355713900, "正式名称": "しま歯科クリニック", "機関区分": 3, "都道府県コード": 35, "市区町村コード": 203, "所在地": "山口県山口市幸町３番５０号　シャン・ド・フレーズ１０３", "緯度": 34.158139, "経度": 131.450528, "url": "https://www.iryou.teikyouseido.mhlw.go.jp/znk-web/juminkanja/S2430/initialize?prefCd=35&kikanCd=3355713900&kikanKbn=3", "url2": "http://shima-dent.jp", "内容": "しま歯科クリニック【3:歯科】山口県山口市幸町３番５０号　シャン・ド・フレーズ１０３" }, "geometry": { "type": "Point", "coordinates": [ 131.450528, 34.158139 ] } },
{ "type": "Feature", "properties": { "ID": 3533355714170, "正式名称": "八王子歯科", "機関区分": 3, "都道府県コード": 35, "市区町村コード": 206, "所在地": "山口県防府市八王子１丁目３１－２４", "緯度": 34.056917, "経度": 131.568361, "url": "https://www.iryou.teikyouseido.mhlw.go.jp/znk-web/juminkanja/S2430/initialize?prefCd=35&kikanCd=3355714170&kikanKbn=3", "url2": null, "内容": "八王子歯科【3:歯科】山口県防府市八王子１丁目３１－２４" }, "geometry": { "type": "Point", "coordinates": [ 131.568361, 34.056917 ] } },
{ "type": "Feature", "properties": { "ID": 3533355714200, "正式名称": "医療法人瑛幸会ひで歯科クリニック", "機関区分": 3, "都道府県コード": 35, "市区町村コード": 203, "所在地": "山口県山口市中央４丁目１ー１", "緯度": 34.175, "経度": 131.472028, "url": "https://www.iryou.teikyouseido.mhlw.go.jp/znk-web/juminkanja/S2430/initialize?prefCd=35&kikanCd=3355714200&kikanKbn=3", "url2": "http://hide-dent.com/", "内容": "医療法人瑛幸会ひで歯科クリニック【3:歯科】山口県山口市中央４丁目１ー１" }, "geometry": { "type": "Point", "coordinates": [ 131.472028, 34.175 ] } },
{ "type": "Feature", "properties": { "ID": 3533355714330, "正式名称": "山内歯科クリニック", "機関区分": 3, "都道府県コード": 35, "市区町村コード": 206, "所在地": "山口県防府市台道４２２番地１", "緯度": 34.058889, "経度": 131.48775, "url": "https://www.iryou.teikyouseido.mhlw.go.jp/znk-web/juminkanja/S2430/initialize?prefCd=35&kikanCd=3355714330&kikanKbn=3", "url2": "http://yamauchi-dc.net", "内容": "山内歯科クリニック【3:歯科】山口県防府市台道４２２番地１" }, "geometry": { "type": "Point", "coordinates": [ 131.48775, 34.058889 ] } },
{ "type": "Feature", "properties": { "ID": 3533355714460, "正式名称": "医療法人恵生会　ドレミ歯科医院", "機関区分": 3, "都道府県コード": 35, "市区町村コード": 206, "所在地": "山口県防府市佐波１丁目２番２号", "緯度": 34.0545, "経度": 131.562361, "url": "https://www.iryou.teikyouseido.mhlw.go.jp/znk-web/juminkanja/S2430/initialize?prefCd=35&kikanCd=3355714460&kikanKbn=3", "url2": "http://www.marifu.jp", "内容": "医療法人恵生会　ドレミ歯科医院【3:歯科】山口県防府市佐波１丁目２番２号" }, "geometry": { "type": "Point", "coordinates": [ 131.562361, 34.0545 ] } },
{ "type": "Feature", "properties": { "ID": 3533355714590, "正式名称": "医療法人　まつだ歯科", "機関区分": 3, "都道府県コード": 35, "市区町村コード": 203, "所在地": "山口県山口市佐山１２５７ー１", "緯度": 34.041694, "経度": 131.362111, "url": "https://www.iryou.teikyouseido.mhlw.go.jp/znk-web/juminkanja/S2430/initialize?prefCd=35&kikanCd=3355714590&kikanKbn=3", "url2": "http://www.matsudadental.jp", "内容": "医療法人　まつだ歯科【3:歯科】山口県山口市佐山１２５７ー１" }, "geometry": { "type": "Point", "coordinates": [ 131.362111, 34.041694 ] } },
{ "type": "Feature", "properties": { "ID": 3533355714620, "正式名称": "りえる矯正歯科", "機関区分": 3, "都道府県コード": 35, "市区町村コード": 203, "所在地": "山口県山口市吉敷中東２ー７ー１５", "緯度": 34.165111, "経度": 131.445111, "url": "https://www.iryou.teikyouseido.mhlw.go.jp/znk-web/juminkanja/S2430/initialize?prefCd=35&kikanCd=3355714620&kikanKbn=3", "url2": "https://itp.ne.jp/info/520000172305940001/", "内容": "りえる矯正歯科【3:歯科】山口県山口市吉敷中東２ー７ー１５" }, "geometry": { "type": "Point", "coordinates": [ 131.445111, 34.165111 ] } },
{ "type": "Feature", "properties": { "ID": 3533355714910, "正式名称": "医療法人　葉和会　ふたば歯科クリニック", "機関区分": 3, "都道府県コード": 35, "市区町村コード": 203, "所在地": "山口県山口市嘉川４３２８ー１", "緯度": 34.068028, "経度": 131.369194, "url": "https://www.iryou.teikyouseido.mhlw.go.jp/znk-web/juminkanja/S2430/initialize?prefCd=35&kikanCd=3355714910&kikanKbn=3", "url2": "http://futaba-youwakai.com", "内容": "医療法人　葉和会　ふたば歯科クリニック【3:歯科】山口県山口市嘉川４３２８ー１" }, "geometry": { "type": "Point", "coordinates": [ 131.369194, 34.068028 ] } },
{ "type": "Feature", "properties": { "ID": 3533355715180, "正式名称": "しばた歯科医院", "機関区分": 3, "都道府県コード": 35, "市区町村コード": 203, "所在地": "山口県山口市山口市香山町６－２４", "緯度": 34.189556, "経度": 131.474944, "url": "https://www.iryou.teikyouseido.mhlw.go.jp/znk-web/juminkanja/S2430/initialize?prefCd=35&kikanCd=3355715180&kikanKbn=3", "url2": "https://www.shibata-oral.com/", "内容": "しばた歯科医院【3:歯科】山口県山口市山口市香山町６－２４" }, "geometry": { "type": "Point", "coordinates": [ 131.474944, 34.189556 ] } },
{ "type": "Feature", "properties": { "ID": 3533355715210, "正式名称": "医療法人栄信会　アイリーデンタルクリニック", "機関区分": 3, "都道府県コード": 35, "市区町村コード": 203, "所在地": "山口県山口市小郡黄金町７番６６号　山本ビル２０１号室", "緯度": 34.091722, "経度": 131.396861, "url": "https://www.iryou.teikyouseido.mhlw.go.jp/znk-web/juminkanja/S2430/initialize?prefCd=35&kikanCd=3355715210&kikanKbn=3", "url2": null, "内容": "医療法人栄信会　アイリーデンタルクリニック【3:歯科】山口県山口市小郡黄金町７番６６号　山本ビル２０１号室" }, "geometry": { "type": "Point", "coordinates": [ 131.396861, 34.091722 ] } },
{ "type": "Feature", "properties": { "ID": 3533355715340, "正式名称": "てる歯科クリニック", "機関区分": 3, "都道府県コード": 35, "市区町村コード": 203, "所在地": "山口県山口市大内矢田南７ー４ー１０", "緯度": 34.153083, "経度": 131.511722, "url": "https://www.iryou.teikyouseido.mhlw.go.jp/znk-web/juminkanja/S2430/initialize?prefCd=35&kikanCd=3355715340&kikanKbn=3", "url2": "https://www.teru-dc.jp/", "内容": "てる歯科クリニック【3:歯科】山口県山口市大内矢田南７ー４ー１０" }, "geometry": { "type": "Point", "coordinates": [ 131.511722, 34.153083 ] } },
{ "type": "Feature", "properties": { "ID": 3533355715470, "正式名称": "たくみ歯科医院", "機関区分": 3, "都道府県コード": 35, "市区町村コード": 203, "所在地": "山口県山口市平井１３９６ー６", "緯度": 34.146917, "経度": 131.460056, "url": "https://www.iryou.teikyouseido.mhlw.go.jp/znk-web/juminkanja/S2430/initialize?prefCd=35&kikanCd=3355715470&kikanKbn=3", "url2": "https://takumi-shikaiin.com/", "内容": "たくみ歯科医院【3:歯科】山口県山口市平井１３９６ー６" }, "geometry": { "type": "Point", "coordinates": [ 131.460056, 34.146917 ] } },
{ "type": "Feature", "properties": { "ID": 3533355715500, "正式名称": "国分寺デンタルクリニック", "機関区分": 3, "都道府県コード": 35, "市区町村コード": 206, "所在地": "山口県防府市惣社町４－１", "緯度": 34.060278, "経度": 131.580028, "url": "https://www.iryou.teikyouseido.mhlw.go.jp/znk-web/juminkanja/S2430/initialize?prefCd=35&kikanCd=3355715500&kikanKbn=3", "url2": "http://kokubunjident.com", "内容": "国分寺デンタルクリニック【3:歯科】山口県防府市惣社町４－１" }, "geometry": { "type": "Point", "coordinates": [ 131.580028, 34.060278 ] } },
{ "type": "Feature", "properties": { "ID": 3533355715630, "正式名称": "こもれび歯科クリニック", "機関区分": 3, "都道府県コード": 35, "市区町村コード": 206, "所在地": "山口県防府市酢貝１６番５号", "緯度": 34.058194, "経度": 131.599611, "url": "https://www.iryou.teikyouseido.mhlw.go.jp/znk-web/juminkanja/S2430/initialize?prefCd=35&kikanCd=3355715630&kikanKbn=3", "url2": "https://komorebi-shika.jp/", "内容": "こもれび歯科クリニック【3:歯科】山口県防府市酢貝１６番５号" }, "geometry": { "type": "Point", "coordinates": [ 131.599611, 34.058194 ] } },
{ "type": "Feature", "properties": { "ID": 3533355800930, "正式名称": "おぎの歯科", "機関区分": 3, "都道府県コード": 35, "市区町村コード": 202, "所在地": "山口県宇部市妻崎開作８２－３", "緯度": 33.980694, "経度": 131.216778, "url": "https://www.iryou.teikyouseido.mhlw.go.jp/znk-web/juminkanja/S2430/initialize?prefCd=35&kikanCd=3355800930&kikanKbn=3", "url2": null, "内容": "おぎの歯科【3:歯科】山口県宇部市妻崎開作８２－３" }, "geometry": { "type": "Point", "coordinates": [ 131.216778, 33.980694 ] } },
{ "type": "Feature", "properties": { "ID": 3533355801940, "正式名称": "白藤歯科医院", "機関区分": 3, "都道府県コード": 35, "市区町村コード": 202, "所在地": "山口県宇部市明治町１－１２－５", "緯度": 33.945444, "経度": 131.249528, "url": "https://www.iryou.teikyouseido.mhlw.go.jp/znk-web/juminkanja/S2430/initialize?prefCd=35&kikanCd=3355801940&kikanKbn=3", "url2": null, "内容": "白藤歯科医院【3:歯科】山口県宇部市明治町１－１２－５" }, "geometry": { "type": "Point", "coordinates": [ 131.249528, 33.945444 ] } },
{ "type": "Feature", "properties": { "ID": 3533355802080, "正式名称": "高畑歯科医院", "機関区分": 3, "都道府県コード": 35, "市区町村コード": 202, "所在地": "山口県宇部市常盤町２－７－１０", "緯度": 33.948944, "経度": 131.252056, "url": "https://www.iryou.teikyouseido.mhlw.go.jp/znk-web/juminkanja/S2430/initialize?prefCd=35&kikanCd=3355802080&kikanKbn=3", "url2": "https://www.takadashika.jp/", "内容": "高畑歯科医院【3:歯科】山口県宇部市常盤町２－７－１０" }, "geometry": { "type": "Point", "coordinates": [ 131.252056, 33.948944 ] } },
{ "type": "Feature", "properties": { "ID": 3533355802240, "正式名称": "田村歯科", "機関区分": 3, "都道府県コード": 35, "市区町村コード": 202, "所在地": "山口県宇部市東本町２－１－１２", "緯度": 33.947889, "経度": 131.248056, "url": "https://www.iryou.teikyouseido.mhlw.go.jp/znk-web/juminkanja/S2430/initialize?prefCd=35&kikanCd=3355802240&kikanKbn=3", "url2": "https://haisha-yoyaku.jp/bun2sdental/detail/index/id/z000001247/", "内容": "田村歯科【3:歯科】山口県宇部市東本町２－１－１２" }, "geometry": { "type": "Point", "coordinates": [ 131.248056, 33.947889 ] } },
{ "type": "Feature", "properties": { "ID": 3533355802950, "正式名称": "西田歯科医院", "機関区分": 3, "都道府県コード": 35, "市区町村コード": 202, "所在地": "山口県宇部市松山町２－４－３５", "緯度": 33.942444, "経度": 131.255278, "url": "https://www.iryou.teikyouseido.mhlw.go.jp/znk-web/juminkanja/S2430/initialize?prefCd=35&kikanCd=3355802950&kikanKbn=3", "url2": null, "内容": "西田歯科医院【3:歯科】山口県宇部市松山町２－４－３５" }, "geometry": { "type": "Point", "coordinates": [ 131.255278, 33.942444 ] } },
{ "type": "Feature", "properties": { "ID": 3533355803540, "正式名称": "三戸歯科医院", "機関区分": 3, "都道府県コード": 35, "市区町村コード": 202, "所在地": "山口県宇部市東岐波１１０１", "緯度": 33.990556, "経度": 131.347861, "url": "https://www.iryou.teikyouseido.mhlw.go.jp/znk-web/juminkanja/S2430/initialize?prefCd=35&kikanCd=3355803540&kikanKbn=3", "url2": null, "内容": "三戸歯科医院【3:歯科】山口県宇部市東岐波１１０１" }, "geometry": { "type": "Point", "coordinates": [ 131.347861, 33.990556 ] } },
{ "type": "Feature", "properties": { "ID": 3533355804000, "正式名称": "煙山歯科医院", "機関区分": 3, "都道府県コード": 35, "市区町村コード": 202, "所在地": "山口県宇部市松島町９－５", "緯度": 33.95525, "経度": 131.245778, "url": "https://www.iryou.teikyouseido.mhlw.go.jp/znk-web/juminkanja/S2430/initialize?prefCd=35&kikanCd=3355804000&kikanKbn=3", "url2": null, "内容": "煙山歯科医院【3:歯科】山口県宇部市松島町９－５" }, "geometry": { "type": "Point", "coordinates": [ 131.245778, 33.95525 ] } },
{ "type": "Feature", "properties": { "ID": 3533355804710, "正式名称": "藤田歯科医院", "機関区分": 3, "都道府県コード": 35, "市区町村コード": 202, "所在地": "山口県宇部市沼二丁目１０番１６号", "緯度": 33.959556, "経度": 131.261694, "url": "https://www.iryou.teikyouseido.mhlw.go.jp/znk-web/juminkanja/S2430/initialize?prefCd=35&kikanCd=3355804710&kikanKbn=3", "url2": "https://fujitadental.qwc.jp/index.html", "内容": "藤田歯科医院【3:歯科】山口県宇部市沼二丁目１０番１６号" }, "geometry": { "type": "Point", "coordinates": [ 131.261694, 33.959556 ] } },
{ "type": "Feature", "properties": { "ID": 3533355805010, "正式名称": "医療法人悠望会平木歯科医院", "機関区分": 3, "都道府県コード": 35, "市区町村コード": 202, "所在地": "山口県宇部市琴芝町１－２－１６", "緯度": 33.954722, "経度": 131.252556, "url": "https://www.iryou.teikyouseido.mhlw.go.jp/znk-web/juminkanja/S2430/initialize?prefCd=35&kikanCd=3355805010&kikanKbn=3", "url2": null, "内容": "医療法人悠望会平木歯科医院【3:歯科】山口県宇部市琴芝町１－２－１６" }, "geometry": { "type": "Point", "coordinates": [ 131.252556, 33.954722 ] } },
{ "type": "Feature", "properties": { "ID": 3533355805560, "正式名称": "おかの歯科医院", "機関区分": 3, "都道府県コード": 35, "市区町村コード": 202, "所在地": "山口県宇部市島２－４－１７－１０２号", "緯度": 33.959806, "経度": 131.243639, "url": "https://www.iryou.teikyouseido.mhlw.go.jp/znk-web/juminkanja/S2430/initialize?prefCd=35&kikanCd=3355805560&kikanKbn=3", "url2": "okano-dental.jp/", "内容": "おかの歯科医院【3:歯科】山口県宇部市島２－４－１７－１０２号" }, "geometry": { "type": "Point", "coordinates": [ 131.243639, 33.959806 ] } },
{ "type": "Feature", "properties": { "ID": 3533355806020, "正式名称": "ひさの歯科医院", "機関区分": 3, "都道府県コード": 35, "市区町村コード": 202, "所在地": "山口県宇部市南小羽山町２丁目１９－２３－１０", "緯度": 33.975387, "経度": 131.25922, "url": "https://www.iryou.teikyouseido.mhlw.go.jp/znk-web/juminkanja/S2430/initialize?prefCd=35&kikanCd=3355806020&kikanKbn=3", "url2": null, "内容": "ひさの歯科医院【3:歯科】山口県宇部市南小羽山町２丁目１９－２３－１０" }, "geometry": { "type": "Point", "coordinates": [ 131.25922, 33.975387 ] } },
{ "type": "Feature", "properties": { "ID": 3533355806440, "正式名称": "山下歯科医院", "機関区分": 3, "都道府県コード": 35, "市区町村コード": 202, "所在地": "山口県宇部市大字東岐波３７９７－４", "緯度": 33.982722, "経度": 131.341083, "url": "https://www.iryou.teikyouseido.mhlw.go.jp/znk-web/juminkanja/S2430/initialize?prefCd=35&kikanCd=3355806440&kikanKbn=3", "url2": "yamashita58-2500dental.ne.jp", "内容": "山下歯科医院【3:歯科】山口県宇部市大字東岐波３７９７－４" }, "geometry": { "type": "Point", "coordinates": [ 131.341083, 33.982722 ] } },
{ "type": "Feature", "properties": { "ID": 3533355807320, "正式名称": "山田歯科医院", "機関区分": 3, "都道府県コード": 35, "市区町村コード": 216, "所在地": "山口県山陽小野田市中川２－２－１", "緯度": 33.987806, "経度": 131.178583, "url": "https://www.iryou.teikyouseido.mhlw.go.jp/znk-web/juminkanja/S2430/initialize?prefCd=35&kikanCd=3355807320&kikanKbn=3", "url2": null, "内容": "山田歯科医院【3:歯科】山口県山陽小野田市中川２－２－１" }, "geometry": { "type": "Point", "coordinates": [ 131.178583, 33.987806 ] } },
{ "type": "Feature", "properties": { "ID": 3533355807580, "正式名称": "田中デンタル　クリニック", "機関区分": 3, "都道府県コード": 35, "市区町村コード": 216, "所在地": "山口県山陽小野田市日の出三丁目１５番１６号", "緯度": 34.006972, "経度": 131.181194, "url": "https://www.iryou.teikyouseido.mhlw.go.jp/znk-web/juminkanja/S2430/initialize?prefCd=35&kikanCd=3355807580&kikanKbn=3", "url2": null, "内容": "田中デンタル　クリニック【3:歯科】山口県山陽小野田市日の出三丁目１５番１６号" }, "geometry": { "type": "Point", "coordinates": [ 131.181194, 34.006972 ] } },
{ "type": "Feature", "properties": { "ID": 3533355808170, "正式名称": "医療法人光翔会　石川おとなこども歯科・矯正歯科", "機関区分": 3, "都道府県コード": 35, "市区町村コード": 202, "所在地": "山口県宇部市昭和町４－１－１７", "緯度": 33.935806, "経度": 131.257833, "url": "https://www.iryou.teikyouseido.mhlw.go.jp/znk-web/juminkanja/S2430/initialize?prefCd=35&kikanCd=3355808170&kikanKbn=3", "url2": "https://www.ishikawa-dental-clinic.com/sp/access/", "内容": "医療法人光翔会　石川おとなこども歯科・矯正歯科【3:歯科】山口県宇部市昭和町４－１－１７" }, "geometry": { "type": "Point", "coordinates": [ 131.257833, 33.935806 ] } },
{ "type": "Feature", "properties": { "ID": 3533355808590, "正式名称": "井本歯科医院", "機関区分": 3, "都道府県コード": 35, "市区町村コード": 202, "所在地": "山口県宇部市厚南中央五丁目７－２０", "緯度": 33.995333, "経度": 131.212417, "url": "https://www.iryou.teikyouseido.mhlw.go.jp/znk-web/juminkanja/S2430/initialize?prefCd=35&kikanCd=3355808590&kikanKbn=3", "url2": null, "内容": "井本歯科医院【3:歯科】山口県宇部市厚南中央五丁目７－２０" }, "geometry": { "type": "Point", "coordinates": [ 131.212417, 33.995333 ] } },
{ "type": "Feature", "properties": { "ID": 3533355808620, "正式名称": "加藤歯科医院", "機関区分": 3, "都道府県コード": 35, "市区町村コード": 202, "所在地": "山口県宇部市床波一丁目７番１号", "緯度": 33.95325, "経度": 131.307139, "url": "https://www.iryou.teikyouseido.mhlw.go.jp/znk-web/juminkanja/S2430/initialize?prefCd=35&kikanCd=3355808620&kikanKbn=3", "url2": null, "内容": "加藤歯科医院【3:歯科】山口県宇部市床波一丁目７番１号" }, "geometry": { "type": "Point", "coordinates": [ 131.307139, 33.95325 ] } },
{ "type": "Feature", "properties": { "ID": 3533355808750, "正式名称": "ＤＥＮＴＡＬ　ＣＡＲＥ　ＰＬＡＣＥ　田中歯科医院", "機関区分": 3, "都道府県コード": 35, "市区町村コード": 216, "所在地": "山口県山陽小野田市中央４丁目３－３６", "緯度": 33.977389, "経度": 131.179222, "url": "https://www.iryou.teikyouseido.mhlw.go.jp/znk-web/juminkanja/S2430/initialize?prefCd=35&kikanCd=3355808750&kikanKbn=3", "url2": "https://www.tanakashika.dental/", "内容": "ＤＥＮＴＡＬ　ＣＡＲＥ　ＰＬＡＣＥ　田中歯科医院【3:歯科】山口県山陽小野田市中央４丁目３－３６" }, "geometry": { "type": "Point", "coordinates": [ 131.179222, 33.977389 ] } },
{ "type": "Feature", "properties": { "ID": 3533355809180, "正式名称": "医療法人久栄会　山内歯科宇部", "機関区分": 3, "都道府県コード": 35, "市区町村コード": 202, "所在地": "山口県宇部市開１－３－１", "緯度": 33.964806, "経度": 131.278667, "url": "https://www.iryou.teikyouseido.mhlw.go.jp/znk-web/juminkanja/S2430/initialize?prefCd=35&kikanCd=3355809180&kikanKbn=3", "url2": null, "内容": "医療法人久栄会　山内歯科宇部【3:歯科】山口県宇部市開１－３－１" }, "geometry": { "type": "Point", "coordinates": [ 131.278667, 33.964806 ] } },
{ "type": "Feature", "properties": { "ID": 3533355809210, "正式名称": "グリーン歯科医院", "機関区分": 3, "都道府県コード": 35, "市区町村コード": 202, "所在地": "山口県宇部市区五十目山１２－４１", "緯度": 33.934306, "経度": 131.266139, "url": "https://www.iryou.teikyouseido.mhlw.go.jp/znk-web/juminkanja/S2430/initialize?prefCd=35&kikanCd=3355809210&kikanKbn=3", "url2": null, "内容": "グリーン歯科医院【3:歯科】山口県宇部市区五十目山１２－４１" }, "geometry": { "type": "Point", "coordinates": [ 131.266139, 33.934306 ] } },
{ "type": "Feature", "properties": { "ID": 3533355809340, "正式名称": "松田歯科医院", "機関区分": 3, "都道府県コード": 35, "市区町村コード": 202, "所在地": "山口県宇部市松山町３丁目９－１３", "緯度": 33.940139, "経度": 131.256583, "url": "https://www.iryou.teikyouseido.mhlw.go.jp/znk-web/juminkanja/S2430/initialize?prefCd=35&kikanCd=3355809340&kikanKbn=3", "url2": null, "内容": "松田歯科医院【3:歯科】山口県宇部市松山町３丁目９－１３" }, "geometry": { "type": "Point", "coordinates": [ 131.256583, 33.940139 ] } },
{ "type": "Feature", "properties": { "ID": 3533355809470, "正式名称": "かわむら歯科", "機関区分": 3, "都道府県コード": 35, "市区町村コード": 202, "所在地": "山口県宇部市東平原２－７－１８", "緯度": 33.975333, "経度": 131.230444, "url": "https://www.iryou.teikyouseido.mhlw.go.jp/znk-web/juminkanja/S2430/initialize?prefCd=35&kikanCd=3355809470&kikanKbn=3", "url2": "http://www.kawamura-dc.com/", "内容": "かわむら歯科【3:歯科】山口県宇部市東平原２－７－１８" }, "geometry": { "type": "Point", "coordinates": [ 131.230444, 33.975333 ] } },
{ "type": "Feature", "properties": { "ID": 3533355809630, "正式名称": "医療法人社団岡野歯科医院", "機関区分": 3, "都道府県コード": 35, "市区町村コード": 216, "所在地": "山口県山陽小野田市日の出３－５－３７", "緯度": 34.006278, "経度": 131.187611, "url": "https://www.iryou.teikyouseido.mhlw.go.jp/znk-web/juminkanja/S2430/initialize?prefCd=35&kikanCd=3355809630&kikanKbn=3", "url2": null, "内容": "医療法人社団岡野歯科医院【3:歯科】山口県山陽小野田市日の出３－５－３７" }, "geometry": { "type": "Point", "coordinates": [ 131.187611, 34.006278 ] } },
{ "type": "Feature", "properties": { "ID": 3533355809920, "正式名称": "愛歯科診療所", "機関区分": 3, "都道府県コード": 35, "市区町村コード": 202, "所在地": "山口県宇部市大字東岐波５６８７－５", "緯度": 33.976528, "経度": 131.336694, "url": "https://www.iryou.teikyouseido.mhlw.go.jp/znk-web/juminkanja/S2430/initialize?prefCd=35&kikanCd=3355809920&kikanKbn=3", "url2": "http://ai-dental.info/", "内容": "愛歯科診療所【3:歯科】山口県宇部市大字東岐波５６８７－５" }, "geometry": { "type": "Point", "coordinates": [ 131.336694, 33.976528 ] } },
{ "type": "Feature", "properties": { "ID": 3533355810030, "正式名称": "医療生活協同組合健文会　協立歯科", "機関区分": 3, "都道府県コード": 35, "市区町村コード": 202, "所在地": "山口県宇部市五十目山町１６番４２号", "緯度": 33.9375, "経度": 131.266028, "url": "https://www.iryou.teikyouseido.mhlw.go.jp/znk-web/juminkanja/S2430/initialize?prefCd=35&kikanCd=3355810030&kikanKbn=3", "url2": "https://www.kyoritsu-shika.com/", "内容": "医療生活協同組合健文会　協立歯科【3:歯科】山口県宇部市五十目山町１６番４２号" }, "geometry": { "type": "Point", "coordinates": [ 131.266028, 33.9375 ] } },
{ "type": "Feature", "properties": { "ID": 3533355810290, "正式名称": "ふたまたせ歯科", "機関区分": 3, "都道府県コード": 35, "市区町村コード": 202, "所在地": "山口県宇部市二俣瀬区木田朝倉５４２番地の１", "緯度": 34.057389, "経度": 131.28825, "url": "https://www.iryou.teikyouseido.mhlw.go.jp/znk-web/juminkanja/S2430/initialize?prefCd=35&kikanCd=3355810290&kikanKbn=3", "url2": null, "内容": "ふたまたせ歯科【3:歯科】山口県宇部市二俣瀬区木田朝倉５４２番地の１" }, "geometry": { "type": "Point", "coordinates": [ 131.28825, 34.057389 ] } },
{ "type": "Feature", "properties": { "ID": 3533355810450, "正式名称": "山本歯科医院", "機関区分": 3, "都道府県コード": 35, "市区町村コード": 202, "所在地": "山口県宇部市中村３丁目１０番４０号", "緯度": 33.961222, "経度": 131.257889, "url": "https://www.iryou.teikyouseido.mhlw.go.jp/znk-web/juminkanja/S2430/initialize?prefCd=35&kikanCd=3355810450&kikanKbn=3", "url2": "yamamotoshika.jimdo.com", "内容": "山本歯科医院【3:歯科】山口県宇部市中村３丁目１０番４０号" }, "geometry": { "type": "Point", "coordinates": [ 131.257889, 33.961222 ] } },
{ "type": "Feature", "properties": { "ID": 3533355810610, "正式名称": "しんたく歯科医院", "機関区分": 3, "都道府県コード": 35, "市区町村コード": 202, "所在地": "山口県宇部市大小路１丁目１３番３３号", "緯度": 33.968389, "経度": 131.267472, "url": "https://www.iryou.teikyouseido.mhlw.go.jp/znk-web/juminkanja/S2430/initialize?prefCd=35&kikanCd=3355810610&kikanKbn=3", "url2": null, "内容": "しんたく歯科医院【3:歯科】山口県宇部市大小路１丁目１３番３３号" }, "geometry": { "type": "Point", "coordinates": [ 131.267472, 33.968389 ] } },
{ "type": "Feature", "properties": { "ID": 3533355810740, "正式名称": "前出歯科医院", "機関区分": 3, "都道府県コード": 35, "市区町村コード": 202, "所在地": "山口県宇部市中央町３丁目４番５号", "緯度": 33.953722, "経度": 131.241167, "url": "https://www.iryou.teikyouseido.mhlw.go.jp/znk-web/juminkanja/S2430/initialize?prefCd=35&kikanCd=3355810740&kikanKbn=3", "url2": "www.maede-shika.com", "内容": "前出歯科医院【3:歯科】山口県宇部市中央町３丁目４番５号" }, "geometry": { "type": "Point", "coordinates": [ 131.241167, 33.953722 ] } },
{ "type": "Feature", "properties": { "ID": 3533355811040, "正式名称": "たなか歯科", "機関区分": 3, "都道府県コード": 35, "市区町村コード": 202, "所在地": "山口県宇部市西宇部南２－１２－３２", "緯度": 33.997889, "経度": 131.2205, "url": "https://www.iryou.teikyouseido.mhlw.go.jp/znk-web/juminkanja/S2430/initialize?prefCd=35&kikanCd=3355811040&kikanKbn=3", "url2": "http://www.44-3388.com/", "内容": "たなか歯科【3:歯科】山口県宇部市西宇部南２－１２－３２" }, "geometry": { "type": "Point", "coordinates": [ 131.2205, 33.997889 ] } },
{ "type": "Feature", "properties": { "ID": 3533355811200, "正式名称": "みはら歯科", "機関区分": 3, "都道府県コード": 35, "市区町村コード": 216, "所在地": "山口県山陽小野田市北竜王町８－１０", "緯度": 33.970944, "経度": 131.177833, "url": "https://www.iryou.teikyouseido.mhlw.go.jp/znk-web/juminkanja/S2430/initialize?prefCd=35&kikanCd=3355811200&kikanKbn=3", "url2": null, "内容": "みはら歯科【3:歯科】山口県山陽小野田市北竜王町８－１０" }, "geometry": { "type": "Point", "coordinates": [ 131.177833, 33.970944 ] } },
{ "type": "Feature", "properties": { "ID": 3533355811330, "正式名称": "医療法人社団　しまもと歯科医院", "機関区分": 3, "都道府県コード": 35, "市区町村コード": 216, "所在地": "山口県山陽小野田市中央２丁目４－１９", "緯度": 33.978, "経度": 131.176472, "url": "https://www.iryou.teikyouseido.mhlw.go.jp/znk-web/juminkanja/S2430/initialize?prefCd=35&kikanCd=3355811330&kikanKbn=3", "url2": null, "内容": "医療法人社団　しまもと歯科医院【3:歯科】山口県山陽小野田市中央２丁目４－１９" }, "geometry": { "type": "Point", "coordinates": [ 131.176472, 33.978 ] } },
{ "type": "Feature", "properties": { "ID": 3533355811460, "正式名称": "いわもと歯科医院", "機関区分": 3, "都道府県コード": 35, "市区町村コード": 202, "所在地": "山口県宇部市上宇部２５２５番地１７", "緯度": 33.971306, "経度": 131.263611, "url": "https://www.iryou.teikyouseido.mhlw.go.jp/znk-web/juminkanja/S2430/initialize?prefCd=35&kikanCd=3355811460&kikanKbn=3", "url2": null, "内容": "いわもと歯科医院【3:歯科】山口県宇部市上宇部２５２５番地１７" }, "geometry": { "type": "Point", "coordinates": [ 131.263611, 33.971306 ] } },
{ "type": "Feature", "properties": { "ID": 3533355811620, "正式名称": "沖本歯科クリニック", "機関区分": 3, "都道府県コード": 35, "市区町村コード": 202, "所在地": "山口県宇部市則貞６丁目２－１１", "緯度": 33.941861, "経度": 131.274722, "url": "https://www.iryou.teikyouseido.mhlw.go.jp/znk-web/juminkanja/S2430/initialize?prefCd=35&kikanCd=3355811620&kikanKbn=3", "url2": null, "内容": "沖本歯科クリニック【3:歯科】山口県宇部市則貞６丁目２－１１" }, "geometry": { "type": "Point", "coordinates": [ 131.274722, 33.941861 ] } },
{ "type": "Feature", "properties": { "ID": 3533355811910, "正式名称": "アップル歯科", "機関区分": 3, "都道府県コード": 35, "市区町村コード": 202, "所在地": "山口県宇部市厚南北１丁目８番５－１０１号", "緯度": 34.000861, "経度": 131.218417, "url": "https://www.iryou.teikyouseido.mhlw.go.jp/znk-web/juminkanja/S2430/initialize?prefCd=35&kikanCd=3355811910&kikanKbn=3", "url2": null, "内容": "アップル歯科【3:歯科】山口県宇部市厚南北１丁目８番５－１０１号" }, "geometry": { "type": "Point", "coordinates": [ 131.218417, 34.000861 ] } },
{ "type": "Feature", "properties": { "ID": 3533355812210, "正式名称": "みなと歯科医院", "機関区分": 3, "都道府県コード": 35, "市区町村コード": 202, "所在地": "山口県宇部市恩田町２丁目２７－８", "緯度": 33.943194, "経度": 131.266806, "url": "https://www.iryou.teikyouseido.mhlw.go.jp/znk-web/juminkanja/S2430/initialize?prefCd=35&kikanCd=3355812210&kikanKbn=3", "url2": "www.minato-dental.net/", "内容": "みなと歯科医院【3:歯科】山口県宇部市恩田町２丁目２７－８" }, "geometry": { "type": "Point", "coordinates": [ 131.266806, 33.943194 ] } },
{ "type": "Feature", "properties": { "ID": 3533355812500, "正式名称": "浅野歯科医院", "機関区分": 3, "都道府県コード": 35, "市区町村コード": 202, "所在地": "山口県宇部市床波二丁目２番３号", "緯度": 33.951722, "経度": 131.305139, "url": "https://www.iryou.teikyouseido.mhlw.go.jp/znk-web/juminkanja/S2430/initialize?prefCd=35&kikanCd=3355812500&kikanKbn=3", "url2": "https://www.asano-dental.jp/", "内容": "浅野歯科医院【3:歯科】山口県宇部市床波二丁目２番３号" }, "geometry": { "type": "Point", "coordinates": [ 131.305139, 33.951722 ] } },
{ "type": "Feature", "properties": { "ID": 3533355812890, "正式名称": "医療法人善信会　きわ歯科クリニック", "機関区分": 3, "都道府県コード": 35, "市区町村コード": 202, "所在地": "山口県宇部市東岐波　５６２３－１", "緯度": 33.970944, "経度": 131.332361, "url": "https://www.iryou.teikyouseido.mhlw.go.jp/znk-web/juminkanja/S2430/initialize?prefCd=35&kikanCd=3355812890&kikanKbn=3", "url2": "http://kiwa-shika.com/", "内容": "医療法人善信会　きわ歯科クリニック【3:歯科】山口県宇部市東岐波　５６２３－１" }, "geometry": { "type": "Point", "coordinates": [ 131.332361, 33.970944 ] } },
{ "type": "Feature", "properties": { "ID": 3533355813060, "正式名称": "竜王歯科", "機関区分": 3, "都道府県コード": 35, "市区町村コード": 216, "所在地": "山口県山陽小野田市小野田下ノ添３５６７－４", "緯度": 33.956917, "経度": 131.182472, "url": "https://www.iryou.teikyouseido.mhlw.go.jp/znk-web/juminkanja/S2430/initialize?prefCd=35&kikanCd=3355813060&kikanKbn=3", "url2": null, "内容": "竜王歯科【3:歯科】山口県山陽小野田市小野田下ノ添３５６７－４" }, "geometry": { "type": "Point", "coordinates": [ 131.182472, 33.956917 ] } },
{ "type": "Feature", "properties": { "ID": 3533355813190, "正式名称": "医療法人七枝会　おくはら歯科医院", "機関区分": 3, "都道府県コード": 35, "市区町村コード": 216, "所在地": "山口県山陽小野田市新生１丁目５番１１号", "緯度": 33.999667, "経度": 131.17875, "url": "https://www.iryou.teikyouseido.mhlw.go.jp/znk-web/juminkanja/S2430/initialize?prefCd=35&kikanCd=3355813190&kikanKbn=3", "url2": null, "内容": "医療法人七枝会　おくはら歯科医院【3:歯科】山口県山陽小野田市新生１丁目５番１１号" }, "geometry": { "type": "Point", "coordinates": [ 131.17875, 33.999667 ] } },
{ "type": "Feature", "properties": { "ID": 3533355813220, "正式名称": "宮路歯科", "機関区分": 3, "都道府県コード": 35, "市区町村コード": 216, "所在地": "山口県山陽小野田市くし山二丁目１番１３号", "緯度": 34.014111, "経度": 131.184556, "url": "https://www.iryou.teikyouseido.mhlw.go.jp/znk-web/juminkanja/S2430/initialize?prefCd=35&kikanCd=3355813220&kikanKbn=3", "url2": "http://www5e.biglobe.ne.jp/~myjdcnl/", "内容": "宮路歯科【3:歯科】山口県山陽小野田市くし山二丁目１番１３号" }, "geometry": { "type": "Point", "coordinates": [ 131.184556, 34.014111 ] } },
{ "type": "Feature", "properties": { "ID": 3533355813350, "正式名称": "みのだ歯科医院", "機関区分": 3, "都道府県コード": 35, "市区町村コード": 213, "所在地": "山口県美祢市伊佐町伊佐４８０８番地の１１", "緯度": 34.166444, "経度": 131.218944, "url": "https://www.iryou.teikyouseido.mhlw.go.jp/znk-web/juminkanja/S2430/initialize?prefCd=35&kikanCd=3355813350&kikanKbn=3", "url2": null, "内容": "みのだ歯科医院【3:歯科】山口県美祢市伊佐町伊佐４８０８番地の１１" }, "geometry": { "type": "Point", "coordinates": [ 131.218944, 34.166444 ] } },
{ "type": "Feature", "properties": { "ID": 3533355813480, "正式名称": "プラザ歯科医院", "機関区分": 3, "都道府県コード": 35, "市区町村コード": 202, "所在地": "山口県宇部市大字船木字１０２６番地の７", "緯度": 34.042139, "経度": 131.220611, "url": "https://www.iryou.teikyouseido.mhlw.go.jp/znk-web/juminkanja/S2430/initialize?prefCd=35&kikanCd=3355813480&kikanKbn=3", "url2": null, "内容": "プラザ歯科医院【3:歯科】山口県宇部市大字船木字１０２６番地の７" }, "geometry": { "type": "Point", "coordinates": [ 131.220611, 34.042139 ] } },
{ "type": "Feature", "properties": { "ID": 3533355813640, "正式名称": "すみれ歯科医院", "機関区分": 3, "都道府県コード": 35, "市区町村コード": 216, "所在地": "山口県山陽小野田市郡３２６６－２９", "緯度": 34.020528, "経度": 131.145389, "url": "https://www.iryou.teikyouseido.mhlw.go.jp/znk-web/juminkanja/S2430/initialize?prefCd=35&kikanCd=3355813640&kikanKbn=3", "url2": null, "内容": "すみれ歯科医院【3:歯科】山口県山陽小野田市郡３２６６－２９" }, "geometry": { "type": "Point", "coordinates": [ 131.145389, 34.020528 ] } },
{ "type": "Feature", "properties": { "ID": 3533355813800, "正式名称": "医療法人裕歯会　たかい歯科・矯正歯科クリニック", "機関区分": 3, "都道府県コード": 35, "市区町村コード": 202, "所在地": "山口県宇部市西岐波２７７５番地の７", "緯度": 33.957639, "経度": 131.310611, "url": "https://www.iryou.teikyouseido.mhlw.go.jp/znk-web/juminkanja/S2430/initialize?prefCd=35&kikanCd=3355813800&kikanKbn=3", "url2": "http://www.takai-doc.com", "内容": "医療法人裕歯会　たかい歯科・矯正歯科クリニック【3:歯科】山口県宇部市西岐波２７７５番地の７" }, "geometry": { "type": "Point", "coordinates": [ 131.310611, 33.957639 ] } },
{ "type": "Feature", "properties": { "ID": 3533355813930, "正式名称": "あさ歯科クリニック", "機関区分": 3, "都道府県コード": 35, "市区町村コード": 216, "所在地": "山口県山陽小野田市厚狭１０４２－１", "緯度": 34.059167, "経度": 131.174056, "url": "https://www.iryou.teikyouseido.mhlw.go.jp/znk-web/juminkanja/S2430/initialize?prefCd=35&kikanCd=3355813930&kikanKbn=3", "url2": null, "内容": "あさ歯科クリニック【3:歯科】山口県山陽小野田市厚狭１０４２－１" }, "geometry": { "type": "Point", "coordinates": [ 131.174056, 34.059167 ] } },
{ "type": "Feature", "properties": { "ID": 3533355814070, "正式名称": "しもかど歯科医院", "機関区分": 3, "都道府県コード": 35, "市区町村コード": 216, "所在地": "山口県山陽小野田市郡３９５－６", "緯度": 34.047806, "経度": 131.170806, "url": "https://www.iryou.teikyouseido.mhlw.go.jp/znk-web/juminkanja/S2430/initialize?prefCd=35&kikanCd=3355814070&kikanKbn=3", "url2": "http://riko.kamu-come.com/", "内容": "しもかど歯科医院【3:歯科】山口県山陽小野田市郡３９５－６" }, "geometry": { "type": "Point", "coordinates": [ 131.170806, 34.047806 ] } },
{ "type": "Feature", "properties": { "ID": 3533355814100, "正式名称": "安山歯科", "機関区分": 3, "都道府県コード": 35, "市区町村コード": 202, "所在地": "山口県宇部市厚南中央４－４－６１", "緯度": 33.99675, "経度": 131.214972, "url": "https://www.iryou.teikyouseido.mhlw.go.jp/znk-web/juminkanja/S2430/initialize?prefCd=35&kikanCd=3355814100&kikanKbn=3", "url2": "https://www.yasuyama-dc.com/", "内容": "安山歯科【3:歯科】山口県宇部市厚南中央４－４－６１" }, "geometry": { "type": "Point", "coordinates": [ 131.214972, 33.99675 ] } },
{ "type": "Feature", "properties": { "ID": 3533355814230, "正式名称": "折田歯科", "機関区分": 3, "都道府県コード": 35, "市区町村コード": 202, "所在地": "山口県宇部市西岐波岡ノ辻４８４８の５", "緯度": 33.958306, "経度": 131.296222, "url": "https://www.iryou.teikyouseido.mhlw.go.jp/znk-web/juminkanja/S2430/initialize?prefCd=35&kikanCd=3355814230&kikanKbn=3", "url2": "https://www.oritashika.com", "内容": "折田歯科【3:歯科】山口県宇部市西岐波岡ノ辻４８４８の５" }, "geometry": { "type": "Point", "coordinates": [ 131.296222, 33.958306 ] } },
{ "type": "Feature", "properties": { "ID": 3533355814360, "正式名称": "かねこ歯科医院", "機関区分": 3, "都道府県コード": 35, "市区町村コード": 202, "所在地": "山口県宇部市恩田町３丁目８－１９", "緯度": 33.94625, "経度": 131.266167, "url": "https://www.iryou.teikyouseido.mhlw.go.jp/znk-web/juminkanja/S2430/initialize?prefCd=35&kikanCd=3355814360&kikanKbn=3", "url2": null, "内容": "かねこ歯科医院【3:歯科】山口県宇部市恩田町３丁目８－１９" }, "geometry": { "type": "Point", "coordinates": [ 131.266167, 33.94625 ] } },
{ "type": "Feature", "properties": { "ID": 3533355814490, "正式名称": "多原歯科医院", "機関区分": 3, "都道府県コード": 35, "市区町村コード": 216, "所在地": "山口県山陽小野田市北竜王町１６番２３号", "緯度": 33.968361, "経度": 131.176667, "url": "https://www.iryou.teikyouseido.mhlw.go.jp/znk-web/juminkanja/S2430/initialize?prefCd=35&kikanCd=3355814490&kikanKbn=3", "url2": "http://tahara-shika.jp/", "内容": "多原歯科医院【3:歯科】山口県山陽小野田市北竜王町１６番２３号" }, "geometry": { "type": "Point", "coordinates": [ 131.176667, 33.968361 ] } },
{ "type": "Feature", "properties": { "ID": 3533355814520, "正式名称": "よねざわ歯科", "機関区分": 3, "都道府県コード": 35, "市区町村コード": 202, "所在地": "山口県宇部市大小路一丁目７番１５－２", "緯度": 33.967472, "経度": 131.270833, "url": "https://www.iryou.teikyouseido.mhlw.go.jp/znk-web/juminkanja/S2430/initialize?prefCd=35&kikanCd=3355814520&kikanKbn=3", "url2": null, "内容": "よねざわ歯科【3:歯科】山口県宇部市大小路一丁目７番１５－２" }, "geometry": { "type": "Point", "coordinates": [ 131.270833, 33.967472 ] } },
{ "type": "Feature", "properties": { "ID": 3533355814650, "正式名称": "ばん歯科クリニック", "機関区分": 3, "都道府県コード": 35, "市区町村コード": 202, "所在地": "山口県宇部市山門四丁目１番１号", "緯度": 33.962972, "経度": 131.272667, "url": "https://www.iryou.teikyouseido.mhlw.go.jp/znk-web/juminkanja/S2430/initialize?prefCd=35&kikanCd=3355814650&kikanKbn=3", "url2": "http://ban-dc.com", "内容": "ばん歯科クリニック【3:歯科】山口県宇部市山門四丁目１番１号" }, "geometry": { "type": "Point", "coordinates": [ 131.272667, 33.962972 ] } },
{ "type": "Feature", "properties": { "ID": 3533355814780, "正式名称": "医療法人社団参斗会　みすみ歯科医院", "機関区分": 3, "都道府県コード": 35, "市区町村コード": 202, "所在地": "山口県宇部市厚南北５－２－３２", "緯度": 34.003083, "経度": 131.217139, "url": "https://www.iryou.teikyouseido.mhlw.go.jp/znk-web/juminkanja/S2430/initialize?prefCd=35&kikanCd=3355814780&kikanKbn=3", "url2": null, "内容": "医療法人社団参斗会　みすみ歯科医院【3:歯科】山口県宇部市厚南北５－２－３２" }, "geometry": { "type": "Point", "coordinates": [ 131.217139, 34.003083 ] } },
{ "type": "Feature", "properties": { "ID": 3533355814810, "正式名称": "みさき歯科", "機関区分": 3, "都道府県コード": 35, "市区町村コード": 202, "所在地": "山口県宇部市岬町１－９－２０－１", "緯度": 33.932528, "経度": 131.260194, "url": "https://www.iryou.teikyouseido.mhlw.go.jp/znk-web/juminkanja/S2430/initialize?prefCd=35&kikanCd=3355814810&kikanKbn=3", "url2": "http://misaki-dental.com", "内容": "みさき歯科【3:歯科】山口県宇部市岬町１－９－２０－１" }, "geometry": { "type": "Point", "coordinates": [ 131.260194, 33.932528 ] } },
{ "type": "Feature", "properties": { "ID": 3533355814940, "正式名称": "ＡＱＵＡ石井歯科宇部歯周再生インプラントクリニック", "機関区分": 3, "都道府県コード": 35, "市区町村コード": 202, "所在地": "山口県宇部市松山町４丁目８－２０", "緯度": 33.936472, "経度": 131.258417, "url": "https://www.iryou.teikyouseido.mhlw.go.jp/znk-web/juminkanja/S2430/initialize?prefCd=35&kikanCd=3355814940&kikanKbn=3", "url2": "https://www.aqua-ishii.com", "内容": "ＡＱＵＡ石井歯科宇部歯周再生インプラントクリニック【3:歯科】山口県宇部市松山町４丁目８－２０" }, "geometry": { "type": "Point", "coordinates": [ 131.258417, 33.936472 ] } },
{ "type": "Feature", "properties": { "ID": 3533355815080, "正式名称": "梶井歯科医院", "機関区分": 3, "都道府県コード": 35, "市区町村コード": 202, "所在地": "山口県宇部市居能町２丁目９の３２", "緯度": 33.967389, "経度": 131.229139, "url": "https://www.iryou.teikyouseido.mhlw.go.jp/znk-web/juminkanja/S2430/initialize?prefCd=35&kikanCd=3355815080&kikanKbn=3", "url2": "https://www.kajii_dental.net/", "内容": "梶井歯科医院【3:歯科】山口県宇部市居能町２丁目９の３２" }, "geometry": { "type": "Point", "coordinates": [ 131.229139, 33.967389 ] } },
{ "type": "Feature", "properties": { "ID": 3533355815110, "正式名称": "きらら・しまた歯科", "機関区分": 3, "都道府県コード": 35, "市区町村コード": 203, "所在地": "山口県山口市阿知須４８１７－１２", "緯度": 34.009222, "経度": 131.3545, "url": "https://www.iryou.teikyouseido.mhlw.go.jp/znk-web/juminkanja/S2430/initialize?prefCd=35&kikanCd=3355815110&kikanKbn=3", "url2": null, "内容": "きらら・しまた歯科【3:歯科】山口県山口市阿知須４８１７－１２" }, "geometry": { "type": "Point", "coordinates": [ 131.3545, 34.009222 ] } },
{ "type": "Feature", "properties": { "ID": 3533355815240, "正式名称": "すみかわ歯科医院", "機関区分": 3, "都道府県コード": 35, "市区町村コード": 202, "所在地": "山口県宇部市大字東岐波１０５２－１", "緯度": 33.988694, "経度": 131.345639, "url": "https://www.iryou.teikyouseido.mhlw.go.jp/znk-web/juminkanja/S2430/initialize?prefCd=35&kikanCd=3355815240&kikanKbn=3", "url2": null, "内容": "すみかわ歯科医院【3:歯科】山口県宇部市大字東岐波１０５２－１" }, "geometry": { "type": "Point", "coordinates": [ 131.345639, 33.988694 ] } },
{ "type": "Feature", "properties": { "ID": 3533355815370, "正式名称": "つじ歯科クリニック", "機関区分": 3, "都道府県コード": 35, "市区町村コード": 213, "所在地": "山口県美祢市大嶺町東分２９０－８", "緯度": 34.166333, "経度": 131.207778, "url": "https://www.iryou.teikyouseido.mhlw.go.jp/znk-web/juminkanja/S2430/initialize?prefCd=35&kikanCd=3355815370&kikanKbn=3", "url2": "http://www.tsuji-shika.jp", "内容": "つじ歯科クリニック【3:歯科】山口県美祢市大嶺町東分２９０－８" }, "geometry": { "type": "Point", "coordinates": [ 131.207778, 34.166333 ] } },
{ "type": "Feature", "properties": { "ID": 3533355815400, "正式名称": "医療法人社団優志会　みやわき矯正歯科クリニック", "機関区分": 3, "都道府県コード": 35, "市区町村コード": 202, "所在地": "山口県宇部市東小串１丁目１－１ＭＴビル２０１", "緯度": 33.962417, "経度": 131.252361, "url": "https://www.iryou.teikyouseido.mhlw.go.jp/znk-web/juminkanja/S2430/initialize?prefCd=35&kikanCd=3355815400&kikanKbn=3", "url2": "http://www.miya-ortho.com", "内容": "医療法人社団優志会　みやわき矯正歯科クリニック【3:歯科】山口県宇部市東小串１丁目１－１ＭＴビル２０１" }, "geometry": { "type": "Point", "coordinates": [ 131.252361, 33.962417 ] } },
{ "type": "Feature", "properties": { "ID": 3533355815530, "正式名称": "しまだ歯科クリニック", "機関区分": 3, "都道府県コード": 35, "市区町村コード": 216, "所在地": "山口県山陽小野田市鴨庄沖田１４６－１", "緯度": 34.05875, "経度": 131.160722, "url": "https://www.iryou.teikyouseido.mhlw.go.jp/znk-web/juminkanja/S2430/initialize?prefCd=35&kikanCd=3355815530&kikanKbn=3", "url2": "https://bgku786.wixsite.com/website", "内容": "しまだ歯科クリニック【3:歯科】山口県山陽小野田市鴨庄沖田１４６－１" }, "geometry": { "type": "Point", "coordinates": [ 131.160722, 34.05875 ] } },
{ "type": "Feature", "properties": { "ID": 3533355815660, "正式名称": "にっさん歯科医院", "機関区分": 3, "都道府県コード": 35, "市区町村コード": 216, "所在地": "山口県山陽小野田市中川１－５－１２", "緯度": 33.989389, "経度": 131.177667, "url": "https://www.iryou.teikyouseido.mhlw.go.jp/znk-web/juminkanja/S2430/initialize?prefCd=35&kikanCd=3355815660&kikanKbn=3", "url2": "http://www.nissan-shika.jp", "内容": "にっさん歯科医院【3:歯科】山口県山陽小野田市中川１－５－１２" }, "geometry": { "type": "Point", "coordinates": [ 131.177667, 33.989389 ] } },
{ "type": "Feature", "properties": { "ID": 3533355815790, "正式名称": "平木歯科医院", "機関区分": 3, "都道府県コード": 35, "市区町村コード": 216, "所在地": "山口県山陽小野田市くし山１丁目５－５", "緯度": 34.008667, "経度": 131.18625, "url": "https://www.iryou.teikyouseido.mhlw.go.jp/znk-web/juminkanja/S2430/initialize?prefCd=35&kikanCd=3355815790&kikanKbn=3", "url2": null, "内容": "平木歯科医院【3:歯科】山口県山陽小野田市くし山１丁目５－５" }, "geometry": { "type": "Point", "coordinates": [ 131.18625, 34.008667 ] } },
{ "type": "Feature", "properties": { "ID": 3533355815820, "正式名称": "花井歯科クリニック", "機関区分": 3, "都道府県コード": 35, "市区町村コード": 202, "所在地": "山口県宇部市西小串１丁目４番１５号", "緯度": 33.962361, "経度": 131.248611, "url": "https://www.iryou.teikyouseido.mhlw.go.jp/znk-web/juminkanja/S2430/initialize?prefCd=35&kikanCd=3355815820&kikanKbn=3", "url2": "www.hanai-shika.info", "内容": "花井歯科クリニック【3:歯科】山口県宇部市西小串１丁目４番１５号" }, "geometry": { "type": "Point", "coordinates": [ 131.248611, 33.962361 ] } },
{ "type": "Feature", "properties": { "ID": 3533355815950, "正式名称": "コスモ歯科クリニック", "機関区分": 3, "都道府県コード": 35, "市区町村コード": 216, "所在地": "山口県山陽小野田市厚狭４７８－１", "緯度": 34.054111, "経度": 131.172972, "url": "https://www.iryou.teikyouseido.mhlw.go.jp/znk-web/juminkanja/S2430/initialize?prefCd=35&kikanCd=3355815950&kikanKbn=3", "url2": "https://www.cosmoshika.net/", "内容": "コスモ歯科クリニック【3:歯科】山口県山陽小野田市厚狭４７８－１" }, "geometry": { "type": "Point", "coordinates": [ 131.172972, 34.054111 ] } },
{ "type": "Feature", "properties": { "ID": 3533355816120, "正式名称": "あいおい歯科・インプラント矯正クリニック", "機関区分": 3, "都道府県コード": 35, "市区町村コード": 202, "所在地": "山口県宇部市新天町２－１－１", "緯度": 33.949528, "経度": 131.248694, "url": "https://www.iryou.teikyouseido.mhlw.go.jp/znk-web/juminkanja/S2430/initialize?prefCd=35&kikanCd=3355816120&kikanKbn=3", "url2": "http://www.aioi-d.jp/", "内容": "あいおい歯科・インプラント矯正クリニック【3:歯科】山口県宇部市新天町２－１－１" }, "geometry": { "type": "Point", "coordinates": [ 131.248694, 33.949528 ] } },
{ "type": "Feature", "properties": { "ID": 3533355816380, "正式名称": "医療法人恵裕会　ほかお歯科クリニック", "機関区分": 3, "都道府県コード": 35, "市区町村コード": 202, "所在地": "山口県宇部市西岐波沢波３６２３－２", "緯度": 33.96525, "経度": 131.305111, "url": "https://www.iryou.teikyouseido.mhlw.go.jp/znk-web/juminkanja/S2430/initialize?prefCd=35&kikanCd=3355816380&kikanKbn=3", "url2": "http://www.ube-keiyukai.or.jp/", "内容": "医療法人恵裕会　ほかお歯科クリニック【3:歯科】山口県宇部市西岐波沢波３６２３－２" }, "geometry": { "type": "Point", "coordinates": [ 131.305111, 33.96525 ] } },
{ "type": "Feature", "properties": { "ID": 3533355816540, "正式名称": "もみの木歯科", "機関区分": 3, "都道府県コード": 35, "市区町村コード": 216, "所在地": "山口県山陽小野田市日の出１丁目２－１４", "緯度": 34.002778, "経度": 131.181056, "url": "https://www.iryou.teikyouseido.mhlw.go.jp/znk-web/juminkanja/S2430/initialize?prefCd=35&kikanCd=3355816540&kikanKbn=3", "url2": null, "内容": "もみの木歯科【3:歯科】山口県山陽小野田市日の出１丁目２－１４" }, "geometry": { "type": "Point", "coordinates": [ 131.181056, 34.002778 ] } },
{ "type": "Feature", "properties": { "ID": 3533355816670, "正式名称": "かねひろ歯科医院", "機関区分": 3, "都道府県コード": 35, "市区町村コード": 216, "所在地": "山口県山陽小野田市大字山野井１５８８番地の１４０", "緯度": 34.057111, "経度": 131.138722, "url": "https://www.iryou.teikyouseido.mhlw.go.jp/znk-web/juminkanja/S2430/initialize?prefCd=35&kikanCd=3355816670&kikanKbn=3", "url2": null, "内容": "かねひろ歯科医院【3:歯科】山口県山陽小野田市大字山野井１５８８番地の１４０" }, "geometry": { "type": "Point", "coordinates": [ 131.138722, 34.057111 ] } },
{ "type": "Feature", "properties": { "ID": 3533355816700, "正式名称": "ときわ台歯科", "機関区分": 3, "都道府県コード": 35, "市区町村コード": 202, "所在地": "山口県宇部市上野中町１１－１１", "緯度": 33.952833, "経度": 131.275722, "url": "https://www.iryou.teikyouseido.mhlw.go.jp/znk-web/juminkanja/S2430/initialize?prefCd=35&kikanCd=3355816700&kikanKbn=3", "url2": null, "内容": "ときわ台歯科【3:歯科】山口県宇部市上野中町１１－１１" }, "geometry": { "type": "Point", "coordinates": [ 131.275722, 33.952833 ] } },
{ "type": "Feature", "properties": { "ID": 3533355816830, "正式名称": "神原歯科医院", "機関区分": 3, "都道府県コード": 35, "市区町村コード": 202, "所在地": "山口県宇部市神原町２丁目１－６２", "緯度": 33.95, "経度": 131.25975, "url": "https://www.iryou.teikyouseido.mhlw.go.jp/znk-web/juminkanja/S2430/initialize?prefCd=35&kikanCd=3355816830&kikanKbn=3", "url2": "http://kamihara-dental.jp/", "内容": "神原歯科医院【3:歯科】山口県宇部市神原町２丁目１－６２" }, "geometry": { "type": "Point", "coordinates": [ 131.25975, 33.95 ] } },
{ "type": "Feature", "properties": { "ID": 3533355817260, "正式名称": "みとう歯科医院", "機関区分": 3, "都道府県コード": 35, "市区町村コード": 213, "所在地": "山口県美祢市美東町綾木２６４９－１", "緯度": 34.197111, "経度": 131.347944, "url": "https://www.iryou.teikyouseido.mhlw.go.jp/znk-web/juminkanja/S2430/initialize?prefCd=35&kikanCd=3355817260&kikanKbn=3", "url2": null, "内容": "みとう歯科医院【3:歯科】山口県美祢市美東町綾木２６４９－１" }, "geometry": { "type": "Point", "coordinates": [ 131.347944, 34.197111 ] } },
{ "type": "Feature", "properties": { "ID": 3533355817390, "正式名称": "医療法人泰誠会文京台デンタルクリニック", "機関区分": 3, "都道府県コード": 35, "市区町村コード": 202, "所在地": "山口県宇部市中山１１１２－１１", "緯度": 33.985944, "経度": 131.234972, "url": "https://www.iryou.teikyouseido.mhlw.go.jp/znk-web/juminkanja/S2430/initialize?prefCd=35&kikanCd=3355817390&kikanKbn=3", "url2": "http://www.bunkyoudai-dc.com/", "内容": "医療法人泰誠会文京台デンタルクリニック【3:歯科】山口県宇部市中山１１１２－１１" }, "geometry": { "type": "Point", "coordinates": [ 131.234972, 33.985944 ] } },
{ "type": "Feature", "properties": { "ID": 3533355817420, "正式名称": "はしもと歯科医院", "機関区分": 3, "都道府県コード": 35, "市区町村コード": 213, "所在地": "山口県美祢市美東町大田５３６５－１", "緯度": 34.215806, "経度": 131.348278, "url": "https://www.iryou.teikyouseido.mhlw.go.jp/znk-web/juminkanja/S2430/initialize?prefCd=35&kikanCd=3355817420&kikanKbn=3", "url2": null, "内容": "はしもと歯科医院【3:歯科】山口県美祢市美東町大田５３６５－１" }, "geometry": { "type": "Point", "coordinates": [ 131.348278, 34.215806 ] } },
{ "type": "Feature", "properties": { "ID": 3533355817550, "正式名称": "医療法人社団山根歯科医院", "機関区分": 3, "都道府県コード": 35, "市区町村コード": 202, "所在地": "山口県宇部市常盤町二丁目５番２５号", "緯度": 33.949694, "経度": 131.251139, "url": "https://www.iryou.teikyouseido.mhlw.go.jp/znk-web/juminkanja/S2430/initialize?prefCd=35&kikanCd=3355817550&kikanKbn=3", "url2": "http://www.yamanedental.jp", "内容": "医療法人社団山根歯科医院【3:歯科】山口県宇部市常盤町二丁目５番２５号" }, "geometry": { "type": "Point", "coordinates": [ 131.251139, 33.949694 ] } },
{ "type": "Feature", "properties": { "ID": 3533355817680, "正式名称": "黒石デンタルクリニック", "機関区分": 3, "都道府県コード": 35, "市区町村コード": 202, "所在地": "山口県宇部市妻崎開作４９９－１", "緯度": 33.983139, "経度": 131.206444, "url": "https://www.iryou.teikyouseido.mhlw.go.jp/znk-web/juminkanja/S2430/initialize?prefCd=35&kikanCd=3355817680&kikanKbn=3", "url2": "www.kuroishidental.com", "内容": "黒石デンタルクリニック【3:歯科】山口県宇部市妻崎開作４９９－１" }, "geometry": { "type": "Point", "coordinates": [ 131.206444, 33.983139 ] } },
{ "type": "Feature", "properties": { "ID": 3533355817840, "正式名称": "医療法人社団　ファミリー歯科", "機関区分": 3, "都道府県コード": 35, "市区町村コード": 216, "所在地": "山口県山陽小野田市新有帆町７番７号", "緯度": 34.019056, "経度": 131.203, "url": "https://www.iryou.teikyouseido.mhlw.go.jp/znk-web/juminkanja/S2430/initialize?prefCd=35&kikanCd=3355817840&kikanKbn=3", "url2": "http://fam-dc.com", "内容": "医療法人社団　ファミリー歯科【3:歯科】山口県山陽小野田市新有帆町７番７号" }, "geometry": { "type": "Point", "coordinates": [ 131.203, 34.019056 ] } },
{ "type": "Feature", "properties": { "ID": 3533355817970, "正式名称": "てんぱく歯科・小児歯科", "機関区分": 3, "都道府県コード": 35, "市区町村コード": 202, "所在地": "山口県宇部市小串中尾７７－８", "緯度": 33.969889, "経度": 131.252278, "url": "https://www.iryou.teikyouseido.mhlw.go.jp/znk-web/juminkanja/S2430/initialize?prefCd=35&kikanCd=3355817970&kikanKbn=3", "url2": null, "内容": "てんぱく歯科・小児歯科【3:歯科】山口県宇部市小串中尾７７－８" }, "geometry": { "type": "Point", "coordinates": [ 131.252278, 33.969889 ] } },
{ "type": "Feature", "properties": { "ID": 3533355818010, "正式名称": "まつとみ歯科医院", "機関区分": 3, "都道府県コード": 35, "市区町村コード": 202, "所在地": "山口県宇部市西梶返一丁目２－１", "緯度": 33.957722, "経度": 131.260139, "url": "https://www.iryou.teikyouseido.mhlw.go.jp/znk-web/juminkanja/S2430/initialize?prefCd=35&kikanCd=3355818010&kikanKbn=3", "url2": null, "内容": "まつとみ歯科医院【3:歯科】山口県宇部市西梶返一丁目２－１" }, "geometry": { "type": "Point", "coordinates": [ 131.260139, 33.957722 ] } },
{ "type": "Feature", "properties": { "ID": 3533355818140, "正式名称": "末次歯科医院", "機関区分": 3, "都道府県コード": 35, "市区町村コード": 216, "所在地": "山口県山陽小野田市日の出１－１０－１６", "緯度": 34.005944, "経度": 131.183, "url": "https://www.iryou.teikyouseido.mhlw.go.jp/znk-web/juminkanja/S2430/initialize?prefCd=35&kikanCd=3355818140&kikanKbn=3", "url2": "https://itp.ne.jp/info/356242103400000899/", "内容": "末次歯科医院【3:歯科】山口県山陽小野田市日の出１－１０－１６" }, "geometry": { "type": "Point", "coordinates": [ 131.183, 34.005944 ] } },
{ "type": "Feature", "properties": { "ID": 3533355818270, "正式名称": "徳久歯科クリニック", "機関区分": 3, "都道府県コード": 35, "市区町村コード": 202, "所在地": "山口県宇部市松山町一丁目７番２０号", "緯度": 33.945306, "経度": 131.254889, "url": "https://www.iryou.teikyouseido.mhlw.go.jp/znk-web/juminkanja/S2430/initialize?prefCd=35&kikanCd=3355818270&kikanKbn=3", "url2": "http://tokuhisashika.com", "内容": "徳久歯科クリニック【3:歯科】山口県宇部市松山町一丁目７番２０号" }, "geometry": { "type": "Point", "coordinates": [ 131.254889, 33.945306 ] } },
{ "type": "Feature", "properties": { "ID": 3533355818300, "正式名称": "松尾歯科クリニック", "機関区分": 3, "都道府県コード": 35, "市区町村コード": 202, "所在地": "山口県宇部市寿町三丁目７－１１", "緯度": 33.950167, "経度": 131.2525, "url": "https://www.iryou.teikyouseido.mhlw.go.jp/znk-web/juminkanja/S2430/initialize?prefCd=35&kikanCd=3355818300&kikanKbn=3", "url2": "www.matsuo-dc.com", "内容": "松尾歯科クリニック【3:歯科】山口県宇部市寿町三丁目７－１１" }, "geometry": { "type": "Point", "coordinates": [ 131.2525, 33.950167 ] } },
{ "type": "Feature", "properties": { "ID": 3533355818430, "正式名称": "岡田歯科医院", "機関区分": 3, "都道府県コード": 35, "市区町村コード": 202, "所在地": "山口県宇部市東須恵大坪２９３６－２　ヴイラグレイス１階１０１号室", "緯度": 33.969806, "経度": 131.199194, "url": "https://www.iryou.teikyouseido.mhlw.go.jp/znk-web/juminkanja/S2430/initialize?prefCd=35&kikanCd=3355818430&kikanKbn=3", "url2": null, "内容": "岡田歯科医院【3:歯科】山口県宇部市東須恵大坪２９３６－２　ヴイラグレイス１階１０１号室" }, "geometry": { "type": "Point", "coordinates": [ 131.199194, 33.969806 ] } },
{ "type": "Feature", "properties": { "ID": 3533355818690, "正式名称": "土屋歯科医院", "機関区分": 3, "都道府県コード": 35, "市区町村コード": 202, "所在地": "山口県宇部市上町二丁目３番３３号", "緯度": 33.960111, "経度": 131.237306, "url": "https://www.iryou.teikyouseido.mhlw.go.jp/znk-web/juminkanja/S2430/initialize?prefCd=35&kikanCd=3355818690&kikanKbn=3", "url2": "http://tsuchiya1976.com/", "内容": "土屋歯科医院【3:歯科】山口県宇部市上町二丁目３番３３号" }, "geometry": { "type": "Point", "coordinates": [ 131.237306, 33.960111 ] } },
{ "type": "Feature", "properties": { "ID": 3533355818720, "正式名称": "こぐし歯科", "機関区分": 3, "都道府県コード": 35, "市区町村コード": 202, "所在地": "山口県宇部市東小串１丁目２－３５", "緯度": 33.962167, "経度": 131.249472, "url": "https://www.iryou.teikyouseido.mhlw.go.jp/znk-web/juminkanja/S2430/initialize?prefCd=35&kikanCd=3355818720&kikanKbn=3", "url2": "https://kogushi-dental-clinic.com", "内容": "こぐし歯科【3:歯科】山口県宇部市東小串１丁目２－３５" }, "geometry": { "type": "Point", "coordinates": [ 131.249472, 33.962167 ] } },
{ "type": "Feature", "properties": { "ID": 3533355818850, "正式名称": "医療法人宝歯会小野田スマイル歯科小児歯科医院", "機関区分": 3, "都道府県コード": 35, "市区町村コード": 216, "所在地": "山口県山陽小野田市東高泊７８４", "緯度": 34.013333, "経度": 131.181944, "url": "https://www.iryou.teikyouseido.mhlw.go.jp/znk-web/juminkanja/S2430/initialize?prefCd=35&kikanCd=3355818850&kikanKbn=3", "url2": "https://www.yamaguchi-smiledc.com/clinic/onoda.html", "内容": "医療法人宝歯会小野田スマイル歯科小児歯科医院【3:歯科】山口県山陽小野田市東高泊７８４" }, "geometry": { "type": "Point", "coordinates": [ 131.181944, 34.013333 ] } },
{ "type": "Feature", "properties": { "ID": 3533355819280, "正式名称": "医療法人　敬清会　公園通り歯科", "機関区分": 3, "都道府県コード": 35, "市区町村コード": 216, "所在地": "山口県山陽小野田市千代町１－８－２６", "緯度": 33.981694, "経度": 131.178333, "url": "https://www.iryou.teikyouseido.mhlw.go.jp/znk-web/juminkanja/S2430/initialize?prefCd=35&kikanCd=3355819280&kikanKbn=3", "url2": "https://koendori-sika.com", "内容": "医療法人　敬清会　公園通り歯科【3:歯科】山口県山陽小野田市千代町１－８－２６" }, "geometry": { "type": "Point", "coordinates": [ 131.178333, 33.981694 ] } },
{ "type": "Feature", "properties": { "ID": 3533355819310, "正式名称": "村田デンタルクリニック", "機関区分": 3, "都道府県コード": 35, "市区町村コード": 202, "所在地": "山口県宇部市黒石北四丁目４番３５号　アバンティ・イースト　１号", "緯度": 33.987111, "経度": 131.205444, "url": "https://www.iryou.teikyouseido.mhlw.go.jp/znk-web/juminkanja/S2430/initialize?prefCd=35&kikanCd=3355819310&kikanKbn=3", "url2": null, "内容": "村田デンタルクリニック【3:歯科】山口県宇部市黒石北四丁目４番３５号　アバンティ・イースト　１号" }, "geometry": { "type": "Point", "coordinates": [ 131.205444, 33.987111 ] } },
{ "type": "Feature", "properties": { "ID": 3533355819440, "正式名称": "きたむら歯科", "機関区分": 3, "都道府県コード": 35, "市区町村コード": 202, "所在地": "山口県宇部市東琴芝１－１－４８", "緯度": 33.957944, "経度": 131.255417, "url": "https://www.iryou.teikyouseido.mhlw.go.jp/znk-web/juminkanja/S2430/initialize?prefCd=35&kikanCd=3355819440&kikanKbn=3", "url2": "kitamura-shika.jp/", "内容": "きたむら歯科【3:歯科】山口県宇部市東琴芝１－１－４８" }, "geometry": { "type": "Point", "coordinates": [ 131.255417, 33.957944 ] } },
{ "type": "Feature", "properties": { "ID": 3533355819570, "正式名称": "もうり歯科クリニック", "機関区分": 3, "都道府県コード": 35, "市区町村コード": 202, "所在地": "山口県宇部市小松原２－１－２３", "緯度": 33.963889, "経度": 131.241472, "url": "https://www.iryou.teikyouseido.mhlw.go.jp/znk-web/juminkanja/S2430/initialize?prefCd=35&kikanCd=3355819570&kikanKbn=3", "url2": "https://mouri-dental.jp/", "内容": "もうり歯科クリニック【3:歯科】山口県宇部市小松原２－１－２３" }, "geometry": { "type": "Point", "coordinates": [ 131.241472, 33.963889 ] } },
{ "type": "Feature", "properties": { "ID": 3533355819600, "正式名称": "医療法人永孝会　おのだサンパークオレンジ歯科", "機関区分": 3, "都道府県コード": 35, "市区町村コード": 216, "所在地": "山口県山陽小野田市中川６－４－１　おのだサンパーク２Ｆ", "緯度": 33.985361, "経度": 131.170583, "url": "https://www.iryou.teikyouseido.mhlw.go.jp/znk-web/juminkanja/S2430/initialize?prefCd=35&kikanCd=3355819600&kikanKbn=3", "url2": "http://www.youmecity-orange.com", "内容": "医療法人永孝会　おのだサンパークオレンジ歯科【3:歯科】山口県山陽小野田市中川６－４－１　おのだサンパーク２Ｆ" }, "geometry": { "type": "Point", "coordinates": [ 131.170583, 33.985361 ] } },
{ "type": "Feature", "properties": { "ID": 3533355819730, "正式名称": "歯科・矯正歯科アールクリニック", "機関区分": 3, "都道府県コード": 35, "市区町村コード": 202, "所在地": "山口県宇部市西岐波　東原１２２７", "緯度": 33.963194, "経度": 131.324694, "url": "https://www.iryou.teikyouseido.mhlw.go.jp/znk-web/juminkanja/S2430/initialize?prefCd=35&kikanCd=3355819730&kikanKbn=3", "url2": "http://www.orioridental.com", "内容": "歯科・矯正歯科アールクリニック【3:歯科】山口県宇部市西岐波　東原１２２７" }, "geometry": { "type": "Point", "coordinates": [ 131.324694, 33.963194 ] } },
{ "type": "Feature", "properties": { "ID": 3533355819860, "正式名称": "厚南ハピネス歯科", "機関区分": 3, "都道府県コード": 35, "市区町村コード": 202, "所在地": "山口県宇部市厚南北１丁目３－２３際波グランフォート３号", "緯度": 33.998944, "経度": 131.219194, "url": "https://www.iryou.teikyouseido.mhlw.go.jp/znk-web/juminkanja/S2430/initialize?prefCd=35&kikanCd=3355819860&kikanKbn=3", "url2": "http://konan-happiness.net/", "内容": "厚南ハピネス歯科【3:歯科】山口県宇部市厚南北１丁目３－２３際波グランフォート３号" }, "geometry": { "type": "Point", "coordinates": [ 131.219194, 33.998944 ] } },
{ "type": "Feature", "properties": { "ID": 3533355820000, "正式名称": "歯科・沖田オフィス", "機関区分": 3, "都道府県コード": 35, "市区町村コード": 202, "所在地": "山口県宇部市昭和町　１－４－５", "緯度": 33.941694, "経度": 131.255111, "url": "https://www.iryou.teikyouseido.mhlw.go.jp/znk-web/juminkanja/S2430/initialize?prefCd=35&kikanCd=3355820000&kikanKbn=3", "url2": "www.okita-do.com/", "内容": "歯科・沖田オフィス【3:歯科】山口県宇部市昭和町　１－４－５" }, "geometry": { "type": "Point", "coordinates": [ 131.255111, 33.941694 ] } },
{ "type": "Feature", "properties": { "ID": 3533355820390, "正式名称": "医療法人　賢和会", "機関区分": 3, "都道府県コード": 35, "市区町村コード": 202, "所在地": "山口県宇部市中野開作４１５－３", "緯度": 33.985222, "経度": 131.216583, "url": "https://www.iryou.teikyouseido.mhlw.go.jp/znk-web/juminkanja/S2430/initialize?prefCd=35&kikanCd=3355820390&kikanKbn=3", "url2": "http://www.shika-aoki.com", "内容": "医療法人　賢和会【3:歯科】山口県宇部市中野開作４１５－３" }, "geometry": { "type": "Point", "coordinates": [ 131.216583, 33.985222 ] } },
{ "type": "Feature", "properties": { "ID": 3533355820420, "正式名称": "にし歯科医院", "機関区分": 3, "都道府県コード": 35, "市区町村コード": 202, "所在地": "山口県宇部市大字西岐波４５６０番地の６", "緯度": 33.942556, "経度": 131.289722, "url": "https://www.iryou.teikyouseido.mhlw.go.jp/znk-web/juminkanja/S2430/initialize?prefCd=35&kikanCd=3355820420&kikanKbn=3", "url2": "http://www.nishi-dent.net", "内容": "にし歯科医院【3:歯科】山口県宇部市大字西岐波４５６０番地の６" }, "geometry": { "type": "Point", "coordinates": [ 131.289722, 33.942556 ] } },
{ "type": "Feature", "properties": { "ID": 3533355820680, "正式名称": "進太郎歯科クリニック", "機関区分": 3, "都道府県コード": 35, "市区町村コード": 202, "所在地": "山口県宇部市大字東須恵１１２２ー１", "緯度": 33.986361, "経度": 131.204944, "url": "https://www.iryou.teikyouseido.mhlw.go.jp/znk-web/juminkanja/S2430/initialize?prefCd=35&kikanCd=3355820680&kikanKbn=3", "url2": "shintaro-dc.jp", "内容": "進太郎歯科クリニック【3:歯科】山口県宇部市大字東須恵１１２２ー１" }, "geometry": { "type": "Point", "coordinates": [ 131.204944, 33.986361 ] } },
{ "type": "Feature", "properties": { "ID": 3533355820710, "正式名称": "きわのもり歯科クリニック", "機関区分": 3, "都道府県コード": 35, "市区町村コード": 202, "所在地": "山口県宇部市東岐波２１５４ー１", "緯度": 33.9875, "経度": 131.344111, "url": "https://www.iryou.teikyouseido.mhlw.go.jp/znk-web/juminkanja/S2430/initialize?prefCd=35&kikanCd=3355820710&kikanKbn=3", "url2": "http://www.kiwanomori-dc.com/", "内容": "きわのもり歯科クリニック【3:歯科】山口県宇部市東岐波２１５４ー１" }, "geometry": { "type": "Point", "coordinates": [ 131.344111, 33.9875 ] } },
{ "type": "Feature", "properties": { "ID": 3533355820840, "正式名称": "厚狭駅前歯科医院", "機関区分": 3, "都道府県コード": 35, "市区町村コード": 216, "所在地": "山口県山陽小野田市厚狭１９ー２", "緯度": 34.055417, "経度": 131.160694, "url": "https://www.iryou.teikyouseido.mhlw.go.jp/znk-web/juminkanja/S2430/initialize?prefCd=35&kikanCd=3355820840&kikanKbn=3", "url2": "https://asa-dent.com/", "内容": "厚狭駅前歯科医院【3:歯科】山口県山陽小野田市厚狭１９ー２" }, "geometry": { "type": "Point", "coordinates": [ 131.160694, 34.055417 ] } },
{ "type": "Feature", "properties": { "ID": 3533355821010, "正式名称": "椎木デンタルクリニック", "機関区分": 3, "都道府県コード": 35, "市区町村コード": 202, "所在地": "山口県宇部市大字妻崎開作８３９ー１", "緯度": 33.977306, "経度": 131.208361, "url": "https://www.iryou.teikyouseido.mhlw.go.jp/znk-web/juminkanja/S2430/initialize?prefCd=35&kikanCd=3355821010&kikanKbn=3", "url2": "https://shiiki-dental.net", "内容": "椎木デンタルクリニック【3:歯科】山口県宇部市大字妻崎開作８３９ー１" }, "geometry": { "type": "Point", "coordinates": [ 131.208361, 33.977306 ] } },
{ "type": "Feature", "properties": { "ID": 3533355821140, "正式名称": "りた歯科医院", "機関区分": 3, "都道府県コード": 35, "市区町村コード": 202, "所在地": "山口県宇部市東梶返３丁目１０番２７号", "緯度": 33.950833, "経度": 131.270966, "url": "https://www.iryou.teikyouseido.mhlw.go.jp/znk-web/juminkanja/S2430/initialize?prefCd=35&kikanCd=3355821140&kikanKbn=3", "url2": "https://rita-dental.com", "内容": "りた歯科医院【3:歯科】山口県宇部市東梶返３丁目１０番２７号" }, "geometry": { "type": "Point", "coordinates": [ 131.270966, 33.950833 ] } },
{ "type": "Feature", "properties": { "ID": 3533355821690, "正式名称": "宇部ＴＣデンタルクリニック", "機関区分": 3, "都道府県コード": 35, "市区町村コード": 202, "所在地": "山口県宇部市妻崎開作７４５ー１", "緯度": 33.979349, "経度": 131.212764, "url": "https://www.iryou.teikyouseido.mhlw.go.jp/znk-web/juminkanja/S2430/initialize?prefCd=35&kikanCd=3355821690&kikanKbn=3", "url2": "https://www.tc-dental.net/", "内容": "宇部ＴＣデンタルクリニック【3:歯科】山口県宇部市妻崎開作７４５ー１" }, "geometry": { "type": "Point", "coordinates": [ 131.212764, 33.979349 ] } },
{ "type": "Feature", "properties": { "ID": 3533355900250, "正式名称": "山崎歯科医院", "機関区分": 3, "都道府県コード": 35, "市区町村コード": 202, "所在地": "山口県宇部市船木３６１−１２", "緯度": 34.045449, "経度": 131.224073, "url": "https://www.iryou.teikyouseido.mhlw.go.jp/znk-web/juminkanja/S2430/initialize?prefCd=35&kikanCd=3355900250&kikanKbn=3", "url2": "https://yama-dc.cihp2.jp", "内容": "山崎歯科医院【3:歯科】山口県宇部市船木３６１−１２" }, "geometry": { "type": "Point", "coordinates": [ 131.224073, 34.045449 ] } },
{ "type": "Feature", "properties": { "ID": 3533355901130, "正式名称": "和田歯科医院", "機関区分": 3, "都道府県コード": 35, "市区町村コード": 216, "所在地": "山口県山陽小野田市埴生９７５－１２", "緯度": 34.040111, "経度": 131.086639, "url": "https://www.iryou.teikyouseido.mhlw.go.jp/znk-web/juminkanja/S2430/initialize?prefCd=35&kikanCd=3355901130&kikanKbn=3", "url2": null, "内容": "和田歯科医院【3:歯科】山口県山陽小野田市埴生９７５－１２" }, "geometry": { "type": "Point", "coordinates": [ 131.086639, 34.040111 ] } },
{ "type": "Feature", "properties": { "ID": 3533355901420, "正式名称": "伊佐歯科医院", "機関区分": 3, "都道府県コード": 35, "市区町村コード": 216, "所在地": "山口県山陽小野田市郡　３１５８－３", "緯度": 34.024167, "経度": 131.144639, "url": "https://www.iryou.teikyouseido.mhlw.go.jp/znk-web/juminkanja/S2430/initialize?prefCd=35&kikanCd=3355901420&kikanKbn=3", "url2": "isashika.com", "内容": "伊佐歯科医院【3:歯科】山口県山陽小野田市郡　３１５８－３" }, "geometry": { "type": "Point", "coordinates": [ 131.144639, 34.024167 ] } },
{ "type": "Feature", "properties": { "ID": 3533356000450, "正式名称": "植田歯科医院", "機関区分": 3, "都道府県コード": 35, "市区町村コード": 201, "所在地": "山口県下関市豊田町大字矢田１１４－１", "緯度": 34.204472, "経度": 131.07575, "url": "https://www.iryou.teikyouseido.mhlw.go.jp/znk-web/juminkanja/S2430/initialize?prefCd=35&kikanCd=3356000450&kikanKbn=3", "url2": null, "内容": "植田歯科医院【3:歯科】山口県下関市豊田町大字矢田１１４－１" }, "geometry": { "type": "Point", "coordinates": [ 131.07575, 34.204472 ] } },
{ "type": "Feature", "properties": { "ID": 3533356000580, "正式名称": "新藤歯科医院", "機関区分": 3, "都道府県コード": 35, "市区町村コード": 201, "所在地": "山口県下関市豊田町大字矢田２３７－５", "緯度": 34.200889, "経度": 131.074222, "url": "https://www.iryou.teikyouseido.mhlw.go.jp/znk-web/juminkanja/S2430/initialize?prefCd=35&kikanCd=3356000580&kikanKbn=3", "url2": null, "内容": "新藤歯科医院【3:歯科】山口県下関市豊田町大字矢田２３７－５" }, "geometry": { "type": "Point", "coordinates": [ 131.074222, 34.200889 ] } },
{ "type": "Feature", "properties": { "ID": 3533356000870, "正式名称": "植田歯科菊川診療所", "機関区分": 3, "都道府県コード": 35, "市区町村コード": 201, "所在地": "山口県下関市菊川町　下岡枝　１６９", "緯度": 34.123889, "経度": 131.032889, "url": "https://www.iryou.teikyouseido.mhlw.go.jp/znk-web/juminkanja/S2430/initialize?prefCd=35&kikanCd=3356000870&kikanKbn=3", "url2": null, "内容": "植田歯科菊川診療所【3:歯科】山口県下関市菊川町　下岡枝　１６９" }, "geometry": { "type": "Point", "coordinates": [ 131.032889, 34.123889 ] } },
{ "type": "Feature", "properties": { "ID": 3533356100190, "正式名称": "中山歯科医院", "機関区分": 3, "都道府県コード": 35, "市区町村コード": 201, "所在地": "山口県下関市豊浦町川棚二王丸７２７７－５", "緯度": 34.143333, "経度": 130.921028, "url": "https://www.iryou.teikyouseido.mhlw.go.jp/znk-web/juminkanja/S2430/initialize?prefCd=35&kikanCd=3356100190&kikanKbn=3", "url2": null, "内容": "中山歯科医院【3:歯科】山口県下関市豊浦町川棚二王丸７２７７－５" }, "geometry": { "type": "Point", "coordinates": [ 130.921028, 34.143333 ] } },
{ "type": "Feature", "properties": { "ID": 3533356100640, "正式名称": "山口歯科医院", "機関区分": 3, "都道府県コード": 35, "市区町村コード": 201, "所在地": "山口県下関市豊浦町小串石堂７－１４１", "緯度": 34.166056, "経度": 130.925417, "url": "https://www.iryou.teikyouseido.mhlw.go.jp/znk-web/juminkanja/S2430/initialize?prefCd=35&kikanCd=3356100640&kikanKbn=3", "url2": null, "内容": "山口歯科医院【3:歯科】山口県下関市豊浦町小串石堂７－１４１" }, "geometry": { "type": "Point", "coordinates": [ 130.925417, 34.166056 ] } },
{ "type": "Feature", "properties": { "ID": 3533356101650, "正式名称": "佐々木歯科医院", "機関区分": 3, "都道府県コード": 35, "市区町村コード": 201, "所在地": "山口県下関市豊北町大字神田１２２２の１", "緯度": 34.315917, "経度": 130.895333, "url": "https://www.iryou.teikyouseido.mhlw.go.jp/znk-web/juminkanja/S2430/initialize?prefCd=35&kikanCd=3356101650&kikanKbn=3", "url2": null, "内容": "佐々木歯科医院【3:歯科】山口県下関市豊北町大字神田１２２２の１" }, "geometry": { "type": "Point", "coordinates": [ 130.895333, 34.315917 ] } },
{ "type": "Feature", "properties": { "ID": 3533356101780, "正式名称": "中山歯科医院", "機関区分": 3, "都道府県コード": 35, "市区町村コード": 201, "所在地": "山口県下関市豊北町大字滝部８４５の１", "緯度": 34.289528, "経度": 130.949694, "url": "https://www.iryou.teikyouseido.mhlw.go.jp/znk-web/juminkanja/S2430/initialize?prefCd=35&kikanCd=3356101780&kikanKbn=3", "url2": null, "内容": "中山歯科医院【3:歯科】山口県下関市豊北町大字滝部８４５の１" }, "geometry": { "type": "Point", "coordinates": [ 130.949694, 34.289528 ] } },
{ "type": "Feature", "properties": { "ID": 3533356101940, "正式名称": "しんどう歯科医院", "機関区分": 3, "都道府県コード": 35, "市区町村コード": 201, "所在地": "山口県下関市豊浦町大字川棚字井尻７１２０－３", "緯度": 34.144861, "経度": 130.922, "url": "https://www.iryou.teikyouseido.mhlw.go.jp/znk-web/juminkanja/S2430/initialize?prefCd=35&kikanCd=3356101940&kikanKbn=3", "url2": null, "内容": "しんどう歯科医院【3:歯科】山口県下関市豊浦町大字川棚字井尻７１２０－３" }, "geometry": { "type": "Point", "coordinates": [ 130.922, 34.144861 ] } },
{ "type": "Feature", "properties": { "ID": 3533356102240, "正式名称": "おの歯科医院", "機関区分": 3, "都道府県コード": 35, "市区町村コード": 201, "所在地": "山口県下関市豊浦町大字川棚８３４６番地の９", "緯度": 34.164833, "経度": 130.926111, "url": "https://www.iryou.teikyouseido.mhlw.go.jp/znk-web/juminkanja/S2430/initialize?prefCd=35&kikanCd=3356102240&kikanKbn=3", "url2": null, "内容": "おの歯科医院【3:歯科】山口県下関市豊浦町大字川棚８３４６番地の９" }, "geometry": { "type": "Point", "coordinates": [ 130.926111, 34.164833 ] } },
{ "type": "Feature", "properties": { "ID": 3533356102370, "正式名称": "おおなか歯科医院", "機関区分": 3, "都道府県コード": 35, "市区町村コード": 201, "所在地": "山口県下関市豊浦町豊洋台新町６００番２", "緯度": 34.117639, "経度": 130.910139, "url": "https://www.iryou.teikyouseido.mhlw.go.jp/znk-web/juminkanja/S2430/initialize?prefCd=35&kikanCd=3356102370&kikanKbn=3", "url2": null, "内容": "おおなか歯科医院【3:歯科】山口県下関市豊浦町豊洋台新町６００番２" }, "geometry": { "type": "Point", "coordinates": [ 130.910139, 34.117639 ] } },
{ "type": "Feature", "properties": { "ID": 3533356102530, "正式名称": "しもむら歯科", "機関区分": 3, "都道府県コード": 35, "市区町村コード": 201, "所在地": "山口県下関市菊川町大字下岡枝１３９－３", "緯度": 34.121472, "経度": 131.032611, "url": "https://www.iryou.teikyouseido.mhlw.go.jp/znk-web/juminkanja/S2430/initialize?prefCd=35&kikanCd=3356102530&kikanKbn=3", "url2": null, "内容": "しもむら歯科【3:歯科】山口県下関市菊川町大字下岡枝１３９－３" }, "geometry": { "type": "Point", "coordinates": [ 131.032611, 34.121472 ] } },
{ "type": "Feature", "properties": { "ID": 3533356102660, "正式名称": "くぼ歯科", "機関区分": 3, "都道府県コード": 35, "市区町村コード": 201, "所在地": "山口県下関市下関市豊浦町宇賀７２６９－４１", "緯度": 34.206222, "経度": 130.933528, "url": "https://www.iryou.teikyouseido.mhlw.go.jp/znk-web/juminkanja/S2430/initialize?prefCd=35&kikanCd=3356102660&kikanKbn=3", "url2": null, "内容": "くぼ歯科【3:歯科】山口県下関市下関市豊浦町宇賀７２６９－４１" }, "geometry": { "type": "Point", "coordinates": [ 130.933528, 34.206222 ] } },
{ "type": "Feature", "properties": { "ID": 3533356102790, "正式名称": "ひまわり歯科医院", "機関区分": 3, "都道府県コード": 35, "市区町村コード": 201, "所在地": "山口県下関市豊浦町大字吉永１４４３－５", "緯度": 34.139472, "経度": 130.908944, "url": "https://www.iryou.teikyouseido.mhlw.go.jp/znk-web/juminkanja/S2430/initialize?prefCd=35&kikanCd=3356102790&kikanKbn=3", "url2": null, "内容": "ひまわり歯科医院【3:歯科】山口県下関市豊浦町大字吉永１４４３－５" }, "geometry": { "type": "Point", "coordinates": [ 130.908944, 34.139472 ] } },
{ "type": "Feature", "properties": { "ID": 3533356201260, "正式名称": "美祢歯科医院", "機関区分": 3, "都道府県コード": 35, "市区町村コード": 213, "所在地": "山口県美祢市大嶺町東分３７５－１", "緯度": 34.169944, "経度": 131.208472, "url": "https://www.iryou.teikyouseido.mhlw.go.jp/znk-web/juminkanja/S2430/initialize?prefCd=35&kikanCd=3356201260&kikanKbn=3", "url2": null, "内容": "美祢歯科医院【3:歯科】山口県美祢市大嶺町東分３７５－１" }, "geometry": { "type": "Point", "coordinates": [ 131.208472, 34.169944 ] } },
{ "type": "Feature", "properties": { "ID": 3533356201390, "正式名称": "医療法人平成会　大田歯科医院", "機関区分": 3, "都道府県コード": 35, "市区町村コード": 213, "所在地": "山口県美祢市美東町大田５７８５－３", "緯度": 34.220278, "経度": 131.342833, "url": "https://www.iryou.teikyouseido.mhlw.go.jp/znk-web/juminkanja/S2430/initialize?prefCd=35&kikanCd=3356201390&kikanKbn=3", "url2": null, "内容": "医療法人平成会　大田歯科医院【3:歯科】山口県美祢市美東町大田５７８５－３" }, "geometry": { "type": "Point", "coordinates": [ 131.342833, 34.220278 ] } },
{ "type": "Feature", "properties": { "ID": 3533356201420, "正式名称": "医療法人伊佐歯科診療所", "機関区分": 3, "都道府県コード": 35, "市区町村コード": 213, "所在地": "山口県美祢市伊佐町伊佐４８４３", "緯度": 34.165889, "経度": 131.22075, "url": "https://www.iryou.teikyouseido.mhlw.go.jp/znk-web/juminkanja/S2430/initialize?prefCd=35&kikanCd=3356201420&kikanKbn=3", "url2": null, "内容": "医療法人伊佐歯科診療所【3:歯科】山口県美祢市伊佐町伊佐４８４３" }, "geometry": { "type": "Point", "coordinates": [ 131.22075, 34.165889 ] } },
{ "type": "Feature", "properties": { "ID": 3533356201710, "正式名称": "医療法人社団　グレイス　秋芳歯科医院", "機関区分": 3, "都道府県コード": 35, "市区町村コード": 213, "所在地": "山口県美祢市秋芳町秋吉５３６８－２", "緯度": 34.214333, "経度": 131.291056, "url": "https://www.iryou.teikyouseido.mhlw.go.jp/znk-web/juminkanja/S2430/initialize?prefCd=35&kikanCd=3356201710&kikanKbn=3", "url2": null, "内容": "医療法人社団　グレイス　秋芳歯科医院【3:歯科】山口県美祢市秋芳町秋吉５３６８－２" }, "geometry": { "type": "Point", "coordinates": [ 131.291056, 34.214333 ] } },
{ "type": "Feature", "properties": { "ID": 3533356300310, "正式名称": "杉山歯科医院", "機関区分": 3, "都道府県コード": 35, "市区町村コード": 211, "所在地": "山口県長門市東深川１１７６－２", "緯度": 34.374639, "経度": 131.179972, "url": "https://www.iryou.teikyouseido.mhlw.go.jp/znk-web/juminkanja/S2430/initialize?prefCd=35&kikanCd=3356300310&kikanKbn=3", "url2": null, "内容": "杉山歯科医院【3:歯科】山口県長門市東深川１１７６－２" }, "geometry": { "type": "Point", "coordinates": [ 131.179972, 34.374639 ] } },
{ "type": "Feature", "properties": { "ID": 3533356300440, "正式名称": "丹下歯科仙崎診療所", "機関区分": 3, "都道府県コード": 35, "市区町村コード": 211, "所在地": "山口県長門市仙崎町１１０８", "緯度": 34.388917, "経度": 131.199, "url": "https://www.iryou.teikyouseido.mhlw.go.jp/znk-web/juminkanja/S2430/initialize?prefCd=35&kikanCd=3356300440&kikanKbn=3", "url2": null, "内容": "丹下歯科仙崎診療所【3:歯科】山口県長門市仙崎町１１０８" }, "geometry": { "type": "Point", "coordinates": [ 131.199, 34.388917 ] } },
{ "type": "Feature", "properties": { "ID": 3533356301160, "正式名称": "西村歯科医院", "機関区分": 3, "都道府県コード": 35, "市区町村コード": 211, "所在地": "山口県長門市仙崎１０８７－６６", "緯度": 34.388972, "経度": 131.199694, "url": "https://www.iryou.teikyouseido.mhlw.go.jp/znk-web/juminkanja/S2430/initialize?prefCd=35&kikanCd=3356301160&kikanKbn=3", "url2": null, "内容": "西村歯科医院【3:歯科】山口県長門市仙崎１０８７－６６" }, "geometry": { "type": "Point", "coordinates": [ 131.199694, 34.388972 ] } },
{ "type": "Feature", "properties": { "ID": 3533356301450, "正式名称": "吉村歯科医院", "機関区分": 3, "都道府県コード": 35, "市区町村コード": 211, "所在地": "山口県長門市三隅下１４８４", "緯度": 34.367, "経度": 131.234806, "url": "https://www.iryou.teikyouseido.mhlw.go.jp/znk-web/juminkanja/S2430/initialize?prefCd=35&kikanCd=3356301450&kikanKbn=3", "url2": null, "内容": "吉村歯科医院【3:歯科】山口県長門市三隅下１４８４" }, "geometry": { "type": "Point", "coordinates": [ 131.234806, 34.367 ] } },
{ "type": "Feature", "properties": { "ID": 3533356301740, "正式名称": "医療法人　藤井歯科医院", "機関区分": 3, "都道府県コード": 35, "市区町村コード": 211, "所在地": "山口県長門市油谷新別名９９３－１１", "緯度": 34.373606, "経度": 131.060921, "url": "https://www.iryou.teikyouseido.mhlw.go.jp/znk-web/juminkanja/S2430/initialize?prefCd=35&kikanCd=3356301740&kikanKbn=3", "url2": null, "内容": "医療法人　藤井歯科医院【3:歯科】山口県長門市油谷新別名９９３－１１" }, "geometry": { "type": "Point", "coordinates": [ 131.060921, 34.373606 ] } },
{ "type": "Feature", "properties": { "ID": 3533356302040, "正式名称": "藤本歯科医院", "機関区分": 3, "都道府県コード": 35, "市区町村コード": 211, "所在地": "山口県長門市油谷向津具下３１２７－１", "緯度": 34.406833, "経度": 130.967861, "url": "https://www.iryou.teikyouseido.mhlw.go.jp/znk-web/juminkanja/S2430/initialize?prefCd=35&kikanCd=3356302040&kikanKbn=3", "url2": null, "内容": "藤本歯科医院【3:歯科】山口県長門市油谷向津具下３１２７－１" }, "geometry": { "type": "Point", "coordinates": [ 130.967861, 34.406833 ] } },
{ "type": "Feature", "properties": { "ID": 3533356302170, "正式名称": "重田歯科医院", "機関区分": 3, "都道府県コード": 35, "市区町村コード": 211, "所在地": "山口県長門市油谷河原１１１０－１", "緯度": 34.36875, "経度": 131.047056, "url": "https://www.iryou.teikyouseido.mhlw.go.jp/znk-web/juminkanja/S2430/initialize?prefCd=35&kikanCd=3356302170&kikanKbn=3", "url2": null, "内容": "重田歯科医院【3:歯科】山口県長門市油谷河原１１１０－１" }, "geometry": { "type": "Point", "coordinates": [ 131.047056, 34.36875 ] } },
{ "type": "Feature", "properties": { "ID": 3533356302460, "正式名称": "医療法人上野歯科医院", "機関区分": 3, "都道府県コード": 35, "市区町村コード": 211, "所在地": "山口県長門市西深川４０８２－１", "緯度": 34.355139, "経度": 131.176806, "url": "https://www.iryou.teikyouseido.mhlw.go.jp/znk-web/juminkanja/S2430/initialize?prefCd=35&kikanCd=3356302460&kikanKbn=3", "url2": null, "内容": "医療法人上野歯科医院【3:歯科】山口県長門市西深川４０８２－１" }, "geometry": { "type": "Point", "coordinates": [ 131.176806, 34.355139 ] } },
{ "type": "Feature", "properties": { "ID": 3533356302590, "正式名称": "医療法人　田中歯科医院", "機関区分": 3, "都道府県コード": 35, "市区町村コード": 211, "所在地": "山口県長門市東深川９０６－１", "緯度": 34.375639, "経度": 131.187861, "url": "https://www.iryou.teikyouseido.mhlw.go.jp/znk-web/juminkanja/S2430/initialize?prefCd=35&kikanCd=3356302590&kikanKbn=3", "url2": "http://www.226480.com", "内容": "医療法人　田中歯科医院【3:歯科】山口県長門市東深川９０６－１" }, "geometry": { "type": "Point", "coordinates": [ 131.187861, 34.375639 ] } },
{ "type": "Feature", "properties": { "ID": 3533356302620, "正式名称": "西嶋歯科医院", "機関区分": 3, "都道府県コード": 35, "市区町村コード": 211, "所在地": "山口県長門市東深川９０１－１", "緯度": 34.375778, "経度": 131.185222, "url": "https://www.iryou.teikyouseido.mhlw.go.jp/znk-web/juminkanja/S2430/initialize?prefCd=35&kikanCd=3356302620&kikanKbn=3", "url2": null, "内容": "西嶋歯科医院【3:歯科】山口県長門市東深川９０１－１" }, "geometry": { "type": "Point", "coordinates": [ 131.185222, 34.375778 ] } },
{ "type": "Feature", "properties": { "ID": 3533356302750, "正式名称": "つつみ歯科医院", "機関区分": 3, "都道府県コード": 35, "市区町村コード": 211, "所在地": "山口県長門市東深川東室木１３８２－１番地", "緯度": 34.370972, "経度": 131.18575, "url": "https://www.iryou.teikyouseido.mhlw.go.jp/znk-web/juminkanja/S2430/initialize?prefCd=35&kikanCd=3356302750&kikanKbn=3", "url2": null, "内容": "つつみ歯科医院【3:歯科】山口県長門市東深川東室木１３８２－１番地" }, "geometry": { "type": "Point", "coordinates": [ 131.18575, 34.370972 ] } },
{ "type": "Feature", "properties": { "ID": 3533356400340, "正式名称": "石川歯科医院", "機関区分": 3, "都道府県コード": 35, "市区町村コード": 204, "所在地": "山口県萩市吉田町１６", "緯度": 34.413667, "経度": 131.403639, "url": "https://www.iryou.teikyouseido.mhlw.go.jp/znk-web/juminkanja/S2430/initialize?prefCd=35&kikanCd=3356400340&kikanKbn=3", "url2": null, "内容": "石川歯科医院【3:歯科】山口県萩市吉田町１６" }, "geometry": { "type": "Point", "coordinates": [ 131.403639, 34.413667 ] } },
{ "type": "Feature", "properties": { "ID": 3533356400630, "正式名称": "大谷歯科医院", "機関区分": 3, "都道府県コード": 35, "市区町村コード": 204, "所在地": "山口県萩市下五間町３６", "緯度": 34.413917, "経度": 131.401389, "url": "https://www.iryou.teikyouseido.mhlw.go.jp/znk-web/juminkanja/S2430/initialize?prefCd=35&kikanCd=3356400630&kikanKbn=3", "url2": null, "内容": "大谷歯科医院【3:歯科】山口県萩市下五間町３６" }, "geometry": { "type": "Point", "coordinates": [ 131.401389, 34.413917 ] } },
{ "type": "Feature", "properties": { "ID": 3533356400920, "正式名称": "沢村歯科医院", "機関区分": 3, "都道府県コード": 35, "市区町村コード": 204, "所在地": "山口県萩市江向４０６番地", "緯度": 34.406583, "経度": 131.400472, "url": "https://www.iryou.teikyouseido.mhlw.go.jp/znk-web/juminkanja/S2430/initialize?prefCd=35&kikanCd=3356400920&kikanKbn=3", "url2": null, "内容": "沢村歯科医院【3:歯科】山口県萩市江向４０６番地" }, "geometry": { "type": "Point", "coordinates": [ 131.400472, 34.406583 ] } },
{ "type": "Feature", "properties": { "ID": 3533356401640, "正式名称": "村上歯科医院", "機関区分": 3, "都道府県コード": 35, "市区町村コード": 204, "所在地": "山口県萩市唐樋町８６", "緯度": 34.410722, "経度": 131.402306, "url": "https://www.iryou.teikyouseido.mhlw.go.jp/znk-web/juminkanja/S2430/initialize?prefCd=35&kikanCd=3356401640&kikanKbn=3", "url2": null, "内容": "村上歯科医院【3:歯科】山口県萩市唐樋町８６" }, "geometry": { "type": "Point", "coordinates": [ 131.402306, 34.410722 ] } },
{ "type": "Feature", "properties": { "ID": 3533356401800, "正式名称": "もんでん歯科医院", "機関区分": 3, "都道府県コード": 35, "市区町村コード": 204, "所在地": "山口県萩市今古萩町１５", "緯度": 34.416167, "経度": 131.402694, "url": "https://www.iryou.teikyouseido.mhlw.go.jp/znk-web/juminkanja/S2430/initialize?prefCd=35&kikanCd=3356401800&kikanKbn=3", "url2": null, "内容": "もんでん歯科医院【3:歯科】山口県萩市今古萩町１５" }, "geometry": { "type": "Point", "coordinates": [ 131.402694, 34.416167 ] } },
{ "type": "Feature", "properties": { "ID": 3533356402230, "正式名称": "医療法人社団みずほ会　土原歯科医院", "機関区分": 3, "都道府県コード": 35, "市区町村コード": 204, "所在地": "山口県萩市土原川島沖田４８８－３", "緯度": 34.408833, "経度": 131.404278, "url": "https://www.iryou.teikyouseido.mhlw.go.jp/znk-web/juminkanja/S2430/initialize?prefCd=35&kikanCd=3356402230&kikanKbn=3", "url2": "http://mizuho-kai.jp/dentistry/detail?id=20", "内容": "医療法人社団みずほ会　土原歯科医院【3:歯科】山口県萩市土原川島沖田４８８－３" }, "geometry": { "type": "Point", "coordinates": [ 131.404278, 34.408833 ] } },
{ "type": "Feature", "properties": { "ID": 3533356402520, "正式名称": "和田歯科医院", "機関区分": 3, "都道府県コード": 35, "市区町村コード": 502, "所在地": "山口県阿武郡阿武町奈古２８５６－１", "緯度": 34.502889, "経度": 131.471806, "url": "https://www.iryou.teikyouseido.mhlw.go.jp/znk-web/juminkanja/S2430/initialize?prefCd=35&kikanCd=3356402520&kikanKbn=3", "url2": null, "内容": "和田歯科医院【3:歯科】山口県阿武郡阿武町奈古２８５６－１" }, "geometry": { "type": "Point", "coordinates": [ 131.471806, 34.502889 ] } },
{ "type": "Feature", "properties": { "ID": 3533356402650, "正式名称": "田万川歯科医院", "機関区分": 3, "都道府県コード": 35, "市区町村コード": 204, "所在地": "山口県萩市下田万１０３６番地", "緯度": 34.637722, "経度": 131.661333, "url": "https://www.iryou.teikyouseido.mhlw.go.jp/znk-web/juminkanja/S2430/initialize?prefCd=35&kikanCd=3356402650&kikanKbn=3", "url2": null, "内容": "田万川歯科医院【3:歯科】山口県萩市下田万１０３６番地" }, "geometry": { "type": "Point", "coordinates": [ 131.661333, 34.637722 ] } },
{ "type": "Feature", "properties": { "ID": 3533356402780, "正式名称": "仁保歯科医院", "機関区分": 3, "都道府県コード": 35, "市区町村コード": 204, "所在地": "山口県萩市須佐４５７９－１", "緯度": 34.618083, "経度": 131.603139, "url": "https://www.iryou.teikyouseido.mhlw.go.jp/znk-web/juminkanja/S2430/initialize?prefCd=35&kikanCd=3356402780&kikanKbn=3", "url2": "http://www.teeth.co.jp/tcc/member/homepage/11700/index.htm", "内容": "仁保歯科医院【3:歯科】山口県萩市須佐４５７９－１" }, "geometry": { "type": "Point", "coordinates": [ 131.603139, 34.618083 ] } },
{ "type": "Feature", "properties": { "ID": 3533356403240, "正式名称": "井上歯科医院", "機関区分": 3, "都道府県コード": 35, "市区町村コード": 204, "所在地": "山口県萩市東田町２７番地", "緯度": 34.412417, "経度": 131.401972, "url": "https://www.iryou.teikyouseido.mhlw.go.jp/znk-web/juminkanja/S2430/initialize?prefCd=35&kikanCd=3356403240&kikanKbn=3", "url2": null, "内容": "井上歯科医院【3:歯科】山口県萩市東田町２７番地" }, "geometry": { "type": "Point", "coordinates": [ 131.401972, 34.412417 ] } },
{ "type": "Feature", "properties": { "ID": 3533356403370, "正式名称": "医療法人若葉会　あくた歯科医院", "機関区分": 3, "都道府県コード": 35, "市区町村コード": 204, "所在地": "山口県萩市土原１７３－３　松浦ビル", "緯度": 34.408167, "経度": 131.407556, "url": "https://www.iryou.teikyouseido.mhlw.go.jp/znk-web/juminkanja/S2430/initialize?prefCd=35&kikanCd=3356403370&kikanKbn=3", "url2": null, "内容": "医療法人若葉会　あくた歯科医院【3:歯科】山口県萩市土原１７３－３　松浦ビル" }, "geometry": { "type": "Point", "coordinates": [ 131.407556, 34.408167 ] } },
{ "type": "Feature", "properties": { "ID": 3533356403400, "正式名称": "まつお歯科医院", "機関区分": 3, "都道府県コード": 35, "市区町村コード": 204, "所在地": "山口県萩市椿東３１３７－２０", "緯度": 34.421472, "経度": 131.413444, "url": "https://www.iryou.teikyouseido.mhlw.go.jp/znk-web/juminkanja/S2430/initialize?prefCd=35&kikanCd=3356403400&kikanKbn=3", "url2": null, "内容": "まつお歯科医院【3:歯科】山口県萩市椿東３１３７－２０" }, "geometry": { "type": "Point", "coordinates": [ 131.413444, 34.421472 ] } },
{ "type": "Feature", "properties": { "ID": 3533356403530, "正式名称": "まつうら歯科医院", "機関区分": 3, "都道府県コード": 35, "市区町村コード": 204, "所在地": "山口県萩市大字古魚店町２７－１", "緯度": 34.413861, "経度": 131.392694, "url": "https://www.iryou.teikyouseido.mhlw.go.jp/znk-web/juminkanja/S2430/initialize?prefCd=35&kikanCd=3356403530&kikanKbn=3", "url2": null, "内容": "まつうら歯科医院【3:歯科】山口県萩市大字古魚店町２７－１" }, "geometry": { "type": "Point", "coordinates": [ 131.392694, 34.413861 ] } },
{ "type": "Feature", "properties": { "ID": 3533356403660, "正式名称": "医療法人健歯会　ないとう歯科医院", "機関区分": 3, "都道府県コード": 35, "市区町村コード": 204, "所在地": "山口県萩市大字平安古町２１２－２", "緯度": 34.406167, "経度": 131.389861, "url": "https://www.iryou.teikyouseido.mhlw.go.jp/znk-web/juminkanja/S2430/initialize?prefCd=35&kikanCd=3356403660&kikanKbn=3", "url2": "https://naitousika.jp/", "内容": "医療法人健歯会　ないとう歯科医院【3:歯科】山口県萩市大字平安古町２１２－２" }, "geometry": { "type": "Point", "coordinates": [ 131.389861, 34.406167 ] } },
{ "type": "Feature", "properties": { "ID": 3533356403820, "正式名称": "医療法人社団おか歯科", "機関区分": 3, "都道府県コード": 35, "市区町村コード": 204, "所在地": "山口県萩市大字土原２８８番地１８", "緯度": 34.410778, "経度": 131.4075, "url": "https://www.iryou.teikyouseido.mhlw.go.jp/znk-web/juminkanja/S2430/initialize?prefCd=35&kikanCd=3356403820&kikanKbn=3", "url2": null, "内容": "医療法人社団おか歯科【3:歯科】山口県萩市大字土原２８８番地１８" }, "geometry": { "type": "Point", "coordinates": [ 131.4075, 34.410778 ] } },
{ "type": "Feature", "properties": { "ID": 3533356403950, "正式名称": "南崎歯科医院", "機関区分": 3, "都道府県コード": 35, "市区町村コード": 204, "所在地": "山口県萩市椿２９７６番地の４", "緯度": 34.401028, "経度": 131.402, "url": "https://www.iryou.teikyouseido.mhlw.go.jp/znk-web/juminkanja/S2430/initialize?prefCd=35&kikanCd=3356403950&kikanKbn=3", "url2": "http://www.haginet.ne.jp/users/dent-mina/", "内容": "南崎歯科医院【3:歯科】山口県萩市椿２９７６番地の４" }, "geometry": { "type": "Point", "coordinates": [ 131.402, 34.401028 ] } },
{ "type": "Feature", "properties": { "ID": 3533356404090, "正式名称": "登城歯科医院", "機関区分": 3, "都道府県コード": 35, "市区町村コード": 204, "所在地": "山口県萩市椿東２９３４番地１０", "緯度": 34.415389, "経度": 131.412361, "url": "https://www.iryou.teikyouseido.mhlw.go.jp/znk-web/juminkanja/S2430/initialize?prefCd=35&kikanCd=3356404090&kikanKbn=3", "url2": "tojo-shika.com", "内容": "登城歯科医院【3:歯科】山口県萩市椿東２９３４番地１０" }, "geometry": { "type": "Point", "coordinates": [ 131.412361, 34.415389 ] } },
{ "type": "Feature", "properties": { "ID": 3533356404250, "正式名称": "医療法人和合会いまだ歯科医院", "機関区分": 3, "都道府県コード": 35, "市区町村コード": 204, "所在地": "山口県萩市今古萩町５８番地", "緯度": 34.414722, "経度": 131.401861, "url": "https://www.iryou.teikyouseido.mhlw.go.jp/znk-web/juminkanja/S2430/initialize?prefCd=35&kikanCd=3356404250&kikanKbn=3", "url2": "http://imadashika.com/", "内容": "医療法人和合会いまだ歯科医院【3:歯科】山口県萩市今古萩町５８番地" }, "geometry": { "type": "Point", "coordinates": [ 131.401861, 34.414722 ] } },
{ "type": "Feature", "properties": { "ID": 3533356404380, "正式名称": "松隈歯科医院", "機関区分": 3, "都道府県コード": 35, "市区町村コード": 204, "所在地": "山口県萩市大字土原３４５－９", "緯度": 34.413694, "経度": 131.406583, "url": "https://www.iryou.teikyouseido.mhlw.go.jp/znk-web/juminkanja/S2430/initialize?prefCd=35&kikanCd=3356404380&kikanKbn=3", "url2": null, "内容": "松隈歯科医院【3:歯科】山口県萩市大字土原３４５－９" }, "geometry": { "type": "Point", "coordinates": [ 131.406583, 34.413694 ] } },
{ "type": "Feature", "properties": { "ID": 3533356404410, "正式名称": "すえます歯科医院", "機関区分": 3, "都道府県コード": 35, "市区町村コード": 204, "所在地": "山口県萩市椿東玉太郎１０６８番地３", "緯度": 34.409472, "経度": 131.415083, "url": "https://www.iryou.teikyouseido.mhlw.go.jp/znk-web/juminkanja/S2430/initialize?prefCd=35&kikanCd=3356404410&kikanKbn=3", "url2": null, "内容": "すえます歯科医院【3:歯科】山口県萩市椿東玉太郎１０６８番地３" }, "geometry": { "type": "Point", "coordinates": [ 131.415083, 34.409472 ] } },
{ "type": "Feature", "properties": { "ID": 3533356404540, "正式名称": "あおぞら歯科医院", "機関区分": 3, "都道府県コード": 35, "市区町村コード": 204, "所在地": "山口県萩市御許町１２３番地", "緯度": 34.405083, "経度": 131.402111, "url": "https://www.iryou.teikyouseido.mhlw.go.jp/znk-web/juminkanja/S2430/initialize?prefCd=35&kikanCd=3356404540&kikanKbn=3", "url2": null, "内容": "あおぞら歯科医院【3:歯科】山口県萩市御許町１２３番地" }, "geometry": { "type": "Point", "coordinates": [ 131.402111, 34.405083 ] } },
{ "type": "Feature", "properties": { "ID": 3533356404670, "正式名称": "高雄歯科クリニック", "機関区分": 3, "都道府県コード": 35, "市区町村コード": 204, "所在地": "山口県萩市樽屋町５５", "緯度": 34.415722, "経度": 131.395611, "url": "https://www.iryou.teikyouseido.mhlw.go.jp/znk-web/juminkanja/S2430/initialize?prefCd=35&kikanCd=3356404670&kikanKbn=3", "url2": "http://takaodental.com", "内容": "高雄歯科クリニック【3:歯科】山口県萩市樽屋町５５" }, "geometry": { "type": "Point", "coordinates": [ 131.395611, 34.415722 ] } },
{ "type": "Feature", "properties": { "ID": 3533356404700, "正式名称": "高山歯科クリニック", "機関区分": 3, "都道府県コード": 35, "市区町村コード": 204, "所在地": "山口県萩市椿東３１２４－１", "緯度": 34.420889, "経度": 131.411083, "url": "https://www.iryou.teikyouseido.mhlw.go.jp/znk-web/juminkanja/S2430/initialize?prefCd=35&kikanCd=3356404700&kikanKbn=3", "url2": null, "内容": "高山歯科クリニック【3:歯科】山口県萩市椿東３１２４－１" }, "geometry": { "type": "Point", "coordinates": [ 131.411083, 34.420889 ] } },
{ "type": "Feature", "properties": { "ID": 3533356404830, "正式名称": "ありた歯科", "機関区分": 3, "都道府県コード": 35, "市区町村コード": 204, "所在地": "山口県萩市椿　２７４５－３", "緯度": 34.395417, "経度": 131.404083, "url": "https://www.iryou.teikyouseido.mhlw.go.jp/znk-web/juminkanja/S2430/initialize?prefCd=35&kikanCd=3356404830&kikanKbn=3", "url2": null, "内容": "ありた歯科【3:歯科】山口県萩市椿　２７４５－３" }, "geometry": { "type": "Point", "coordinates": [ 131.404083, 34.395417 ] } },
{ "type": "Feature", "properties": { "ID": 3533356500110, "正式名称": "高村歯科医院", "機関区分": 3, "都道府県コード": 35, "市区町村コード": 203, "所在地": "山口県山口市阿東徳佐中３２９１－１", "緯度": 34.396889, "経度": 131.723972, "url": "https://www.iryou.teikyouseido.mhlw.go.jp/znk-web/juminkanja/S2430/initialize?prefCd=35&kikanCd=3356500110&kikanKbn=3", "url2": null, "内容": "高村歯科医院【3:歯科】山口県山口市阿東徳佐中３２９１－１" }, "geometry": { "type": "Point", "coordinates": [ 131.723972, 34.396889 ] } },
{ "type": "Feature", "properties": { "ID": 3533356500790, "正式名称": "細田歯科医院", "機関区分": 3, "都道府県コード": 35, "市区町村コード": 204, "所在地": "山口県萩市大字高佐下３２－１０", "緯度": 34.474361, "経度": 131.613194, "url": "https://www.iryou.teikyouseido.mhlw.go.jp/znk-web/juminkanja/S2430/initialize?prefCd=35&kikanCd=3356500790&kikanKbn=3", "url2": null, "内容": "細田歯科医院【3:歯科】山口県萩市大字高佐下３２－１０" }, "geometry": { "type": "Point", "coordinates": [ 131.613194, 34.474361 ] } },
{ "type": "Feature", "properties": { "ID": 3533356500820, "正式名称": "たなか歯科医院", "機関区分": 3, "都道府県コード": 35, "市区町村コード": 203, "所在地": "山口県山口市阿東生雲中１７７－１", "緯度": 34.380889, "経度": 131.603639, "url": "https://www.iryou.teikyouseido.mhlw.go.jp/znk-web/juminkanja/S2430/initialize?prefCd=35&kikanCd=3356500820&kikanKbn=3", "url2": null, "内容": "たなか歯科医院【3:歯科】山口県山口市阿東生雲中１７７－１" }, "geometry": { "type": "Point", "coordinates": [ 131.603639, 34.380889 ] } },
{ "type": "Feature", "properties": { "ID": 3533356500950, "正式名称": "おおた歯科医院", "機関区分": 3, "都道府県コード": 35, "市区町村コード": 203, "所在地": "山口県山口市阿東徳佐下長澤４２－１", "緯度": 34.393278, "経度": 131.716583, "url": "https://www.iryou.teikyouseido.mhlw.go.jp/znk-web/juminkanja/S2430/initialize?prefCd=35&kikanCd=3356500950&kikanKbn=3", "url2": null, "内容": "おおた歯科医院【3:歯科】山口県山口市阿東徳佐下長澤４２－１" }, "geometry": { "type": "Point", "coordinates": [ 131.716583, 34.393278 ] } }
]
}
