{
"type": "FeatureCollection",
"name": "geo_35_2",
"crs": { "type": "name", "properties": { "name": "urn:ogc:def:crs:OGC:1.3:CRS84" } },
"features": [
{ "type": "Feature", "properties": { "ID": 3522353102170, "正式名称": "浅野整形外科医院", "機関区分": 2, "都道府県コード": 35, "市区町村コード": 201, "所在地": "山口県下関市彦島本村町６－１７－１８", "緯度": 33.937583, "経度": 130.913722, "url": "https://www.iryou.teikyouseido.mhlw.go.jp/znk-web/juminkanja/S2430/initialize?prefCd=35&kikanCd=2353102170&kikanKbn=2", "url2": null, "内容": "浅野整形外科医院【2:診療所】【診療科目:整形外科_リウマチ科_リハビリテーション科】山口県下関市彦島本村町６－１７－１８" }, "geometry": { "type": "Point", "coordinates": [ 130.913722, 33.937583 ] } },
{ "type": "Feature", "properties": { "ID": 3522353102330, "正式名称": "医療法人　網野眼科", "機関区分": 2, "都道府県コード": 35, "市区町村コード": 201, "所在地": "山口県下関市竹崎町１－１５－２２", "緯度": 33.951111, "経度": 130.925139, "url": "https://www.iryou.teikyouseido.mhlw.go.jp/znk-web/juminkanja/S2430/initialize?prefCd=35&kikanCd=2353102330&kikanKbn=2", "url2": null, "内容": "医療法人　網野眼科【2:診療所】【診療科目:眼科】山口県下関市竹崎町１－１５－２２" }, "geometry": { "type": "Point", "coordinates": [ 130.925139, 33.951111 ] } },
{ "type": "Feature", "properties": { "ID": 3522353103760, "正式名称": "医療法人社団　憲仁会　井上整形外科クリニック", "機関区分": 2, "都道府県コード": 35, "市区町村コード": 201, "所在地": "山口県下関市南部町２１－２４", "緯度": 33.956194, "経度": 130.940694, "url": "https://www.iryou.teikyouseido.mhlw.go.jp/znk-web/juminkanja/S2430/initialize?prefCd=35&kikanCd=2353103760&kikanKbn=2", "url2": "https://inoueseikei-c.com", "内容": "医療法人社団　憲仁会　井上整形外科クリニック【2:診療所】【診療科目:整形外科_リハビリテーション科】山口県下関市南部町２１－２４" }, "geometry": { "type": "Point", "coordinates": [ 130.940694, 33.956194 ] } },
{ "type": "Feature", "properties": { "ID": 3522353103890, "正式名称": "医療法人牛尾医院亀の甲クリニック", "機関区分": 2, "都道府県コード": 35, "市区町村コード": 201, "所在地": "山口県下関市長府亀の甲１－２－１", "緯度": 34.002361, "経度": 130.988917, "url": "https://www.iryou.teikyouseido.mhlw.go.jp/znk-web/juminkanja/S2430/initialize?prefCd=35&kikanCd=2353103890&kikanKbn=2", "url2": "http://www.ushioiin.com", "内容": "医療法人牛尾医院亀の甲クリニック【2:診療所】【診療科目:内科_呼吸器内科_消化器内科_外科_小児科】山口県下関市長府亀の甲１－２－１" }, "geometry": { "type": "Point", "coordinates": [ 130.988917, 34.002361 ] } },
{ "type": "Feature", "properties": { "ID": 3522353104350, "正式名称": "織田クリニック", "機関区分": 2, "都道府県コード": 35, "市区町村コード": 201, "所在地": "山口県下関市中之町４－１９", "緯度": 33.958611, "経度": 130.945306, "url": "https://www.iryou.teikyouseido.mhlw.go.jp/znk-web/juminkanja/S2430/initialize?prefCd=35&kikanCd=2353104350&kikanKbn=2", "url2": null, "内容": "織田クリニック【2:診療所】【診療科目:内科_外科_整形外科_麻酔科】山口県下関市中之町４－１９" }, "geometry": { "type": "Point", "coordinates": [ 130.945306, 33.958611 ] } },
{ "type": "Feature", "properties": { "ID": 3522353106530, "正式名称": "黒川内科クリニック", "機関区分": 2, "都道府県コード": 35, "市区町村コード": 201, "所在地": "山口県下関市吉見本町一丁目１番地２２号", "緯度": 34.06975, "経度": 130.903667, "url": "https://www.iryou.teikyouseido.mhlw.go.jp/znk-web/juminkanja/S2430/initialize?prefCd=35&kikanCd=2353106530&kikanKbn=2", "url2": null, "内容": "黒川内科クリニック【2:診療所】【診療科目:内科_消化器内科_小児科】山口県下関市吉見本町一丁目１番地２２号" }, "geometry": { "type": "Point", "coordinates": [ 130.903667, 34.06975 ] } },
{ "type": "Feature", "properties": { "ID": 3522353107380, "正式名称": "医療法人社団五郎会佐々木整形外科・外科", "機関区分": 2, "都道府県コード": 35, "市区町村コード": 201, "所在地": "山口県下関市向洋町２－１－２５", "緯度": 33.960139, "経度": 130.9315, "url": "https://www.iryou.teikyouseido.mhlw.go.jp/znk-web/juminkanja/S2430/initialize?prefCd=35&kikanCd=2353107380&kikanKbn=2", "url2": null, "内容": "医療法人社団五郎会佐々木整形外科・外科【2:診療所】【診療科目:外科_整形外科_リウマチ科_リハビリテーション科】山口県下関市向洋町２－１－２５" }, "geometry": { "type": "Point", "coordinates": [ 130.9315, 33.960139 ] } },
{ "type": "Feature", "properties": { "ID": 3522353107540, "正式名称": "佐島医院", "機関区分": 2, "都道府県コード": 35, "市区町村コード": 201, "所在地": "山口県下関市田中町１４－１８", "緯度": 33.958944, "経度": 130.939167, "url": "https://www.iryou.teikyouseido.mhlw.go.jp/znk-web/juminkanja/S2430/initialize?prefCd=35&kikanCd=2353107540&kikanKbn=2", "url2": null, "内容": "佐島医院【2:診療所】【診療科目:外科_整形外科_皮膚科】山口県下関市田中町１４－１８" }, "geometry": { "type": "Point", "coordinates": [ 130.939167, 33.958944 ] } },
{ "type": "Feature", "properties": { "ID": 3522353107671, "正式名称": "さとう循環器内科医院", "機関区分": 2, "都道府県コード": 35, "市区町村コード": 201, "所在地": "山口県下関市小月駅前１－６－２５", "緯度": 34.068797, "経度": 131.031584, "url": "https://www.iryou.teikyouseido.mhlw.go.jp/znk-web/juminkanja/S2430/initialize?prefCd=35&kikanCd=2353107671&kikanKbn=2", "url2": "https://www.satocardiology-clinic.com", "内容": "さとう循環器内科医院【2:診療所】【診療科目:内科_循環器内科】山口県下関市小月駅前１－６－２５" }, "geometry": { "type": "Point", "coordinates": [ 131.031584, 34.068797 ] } },
{ "type": "Feature", "properties": { "ID": 3522353108260, "正式名称": "瀬戸口医院", "機関区分": 2, "都道府県コード": 35, "市区町村コード": 201, "所在地": "山口県下関市綾羅木本町５－１１－５", "緯度": 34.005444, "経度": 130.923583, "url": "https://www.iryou.teikyouseido.mhlw.go.jp/znk-web/juminkanja/S2430/initialize?prefCd=35&kikanCd=2353108260&kikanKbn=2", "url2": null, "内容": "瀬戸口医院【2:診療所】【診療科目:内科_精神科_心療内科】山口県下関市綾羅木本町５－１１－５" }, "geometry": { "type": "Point", "coordinates": [ 130.923583, 34.005444 ] } },
{ "type": "Feature", "properties": { "ID": 3522353110120, "正式名称": "すう循環器内科", "機関区分": 2, "都道府県コード": 35, "市区町村コード": 201, "所在地": "山口県下関市彦島江の浦町６－１－１５", "緯度": 33.937139, "経度": 130.916861, "url": "https://www.iryou.teikyouseido.mhlw.go.jp/znk-web/juminkanja/S2430/initialize?prefCd=35&kikanCd=2353110120&kikanKbn=2", "url2": null, "内容": "すう循環器内科【2:診療所】【診療科目:内科_循環器内科】山口県下関市彦島江の浦町６－１－１５" }, "geometry": { "type": "Point", "coordinates": [ 130.916861, 33.937139 ] } },
{ "type": "Feature", "properties": { "ID": 3522353110250, "正式名称": "ひがしえき　菜のはな耳鼻咽喉科", "機関区分": 2, "都道府県コード": 35, "市区町村コード": 201, "所在地": "山口県下関市羽山町４番１号　サンタウン東駅２Ｆ", "緯度": 33.968417, "経度": 130.92925, "url": "https://www.iryou.teikyouseido.mhlw.go.jp/znk-web/juminkanja/S2430/initialize?prefCd=35&kikanCd=2353110250&kikanKbn=2", "url2": "https://www.h-nanohana.com/home?msclkid=8bfb061ccff311ecbd410d63ba650c35", "内容": "ひがしえき　菜のはな耳鼻咽喉科【2:診療所】【診療科目:耳鼻いんこう科】山口県下関市羽山町４番１号　サンタウン東駅２Ｆ" }, "geometry": { "type": "Point", "coordinates": [ 130.92925, 33.968417 ] } },
{ "type": "Feature", "properties": { "ID": 3522353110380, "正式名称": "医療法人孝悠会　広崎内科小児科医院", "機関区分": 2, "都道府県コード": 35, "市区町村コード": 201, "所在地": "山口県下関市上新地町１－２－１", "緯度": 33.957361, "経度": 130.921583, "url": "https://www.iryou.teikyouseido.mhlw.go.jp/znk-web/juminkanja/S2430/initialize?prefCd=35&kikanCd=2353110380&kikanKbn=2", "url2": null, "内容": "医療法人孝悠会　広崎内科小児科医院【2:診療所】【診療科目:内科_小児科】山口県下関市上新地町１－２－１" }, "geometry": { "type": "Point", "coordinates": [ 130.921583, 33.957361 ] } },
{ "type": "Feature", "properties": { "ID": 3522353110830, "正式名称": "なかはら外科医院", "機関区分": 2, "都道府県コード": 35, "市区町村コード": 201, "所在地": "山口県下関市安岡駅前１－１０－２７", "緯度": 34.023722, "経度": 130.91675, "url": "https://www.iryou.teikyouseido.mhlw.go.jp/znk-web/juminkanja/S2430/initialize?prefCd=35&kikanCd=2353110830&kikanKbn=2", "url2": "http://www.nakaharageka.jp/", "内容": "なかはら外科医院【2:診療所】【診療科目:消化器内科_外科_消化器外科_肛門外科_整形外科_リハビリテーション科_麻酔科】山口県下関市安岡駅前１－１０－２７" }, "geometry": { "type": "Point", "coordinates": [ 130.91675, 34.023722 ] } },
{ "type": "Feature", "properties": { "ID": 3522353111130, "正式名称": "医療法人社団吉康会　西川内科クリニック", "機関区分": 2, "都道府県コード": 35, "市区町村コード": 201, "所在地": "山口県下関市上田中町６－１－１７", "緯度": 33.960083, "経度": 130.933194, "url": "https://www.iryou.teikyouseido.mhlw.go.jp/znk-web/juminkanja/S2430/initialize?prefCd=35&kikanCd=2353111130&kikanKbn=2", "url2": "http://nishikawa-naika.com/", "内容": "医療法人社団吉康会　西川内科クリニック【2:診療所】【診療科目:内科_放射線科】山口県下関市上田中町６－１－１７" }, "geometry": { "type": "Point", "coordinates": [ 130.933194, 33.960083 ] } },
{ "type": "Feature", "properties": { "ID": 3522353111970, "正式名称": "医療法人長岡内科・画像診断クリニック", "機関区分": 2, "都道府県コード": 35, "市区町村コード": 201, "所在地": "山口県下関市田中町１－１３", "緯度": 33.961444, "経度": 130.940722, "url": "https://www.iryou.teikyouseido.mhlw.go.jp/znk-web/juminkanja/S2430/initialize?prefCd=35&kikanCd=2353111970&kikanKbn=2", "url2": "http://www.nagaoka-cl.com", "内容": "医療法人長岡内科・画像診断クリニック【2:診療所】【診療科目:内科_呼吸器内科_消化器内科_放射線科】山口県下関市田中町１－１３" }, "geometry": { "type": "Point", "coordinates": [ 130.940722, 33.961444 ] } },
{ "type": "Feature", "properties": { "ID": 3522353112980, "正式名称": "帆足医院", "機関区分": 2, "都道府県コード": 35, "市区町村コード": 201, "所在地": "山口県下関市上田中町２－２１－２", "緯度": 33.962556, "経度": 130.940056, "url": "https://www.iryou.teikyouseido.mhlw.go.jp/znk-web/juminkanja/S2430/initialize?prefCd=35&kikanCd=2353112980&kikanKbn=2", "url2": "http://www.hoashi.jp", "内容": "帆足医院【2:診療所】【診療科目:内科_消化器内科_小児科_リハビリテーション科_放射線科】山口県下関市上田中町２－２１－２" }, "geometry": { "type": "Point", "coordinates": [ 130.940056, 33.962556 ] } },
{ "type": "Feature", "properties": { "ID": 3522353113570, "正式名称": "松井外科整形", "機関区分": 2, "都道府県コード": 35, "市区町村コード": 201, "所在地": "山口県下関市丸山町２－１－２３", "緯度": 33.959972, "経度": 130.932889, "url": "https://www.iryou.teikyouseido.mhlw.go.jp/znk-web/juminkanja/S2430/initialize?prefCd=35&kikanCd=2353113570&kikanKbn=2", "url2": null, "内容": "松井外科整形【2:診療所】【診療科目:内科_外科_整形外科_リハビリテーション科】山口県下関市丸山町２－１－２３" }, "geometry": { "type": "Point", "coordinates": [ 130.932889, 33.959972 ] } },
{ "type": "Feature", "properties": { "ID": 3522353113860, "正式名称": "医療法人松永会まつなが医院", "機関区分": 2, "都道府県コード": 35, "市区町村コード": 201, "所在地": "山口県下関市長府中浜町２－５", "緯度": 33.997944, "経度": 130.99, "url": "https://www.iryou.teikyouseido.mhlw.go.jp/znk-web/juminkanja/S2430/initialize?prefCd=35&kikanCd=2353113860&kikanKbn=2", "url2": "http://www.matsunagaiin.com/", "内容": "医療法人松永会まつなが医院【2:診療所】【診療科目:内科_糖尿病内科_消化器内科_リハビリテーション科】山口県下関市長府中浜町２－５" }, "geometry": { "type": "Point", "coordinates": [ 130.99, 33.997944 ] } },
{ "type": "Feature", "properties": { "ID": 3522353115620, "正式名称": "吉本医院", "機関区分": 2, "都道府県コード": 35, "市区町村コード": 201, "所在地": "山口県下関市向洋町３－１２－１４", "緯度": 33.963639, "経度": 130.927556, "url": "https://www.iryou.teikyouseido.mhlw.go.jp/znk-web/juminkanja/S2430/initialize?prefCd=35&kikanCd=2353115620&kikanKbn=2", "url2": null, "内容": "吉本医院【2:診療所】【診療科目:内科_小児科】山口県下関市向洋町３－１２－１４" }, "geometry": { "type": "Point", "coordinates": [ 130.927556, 33.963639 ] } },
{ "type": "Feature", "properties": { "ID": 3522353116211, "正式名称": "五十嵐内科", "機関区分": 2, "都道府県コード": 35, "市区町村コード": 201, "所在地": "山口県下関市幡生本町７－１２", "緯度": 33.978211, "経度": 130.928256, "url": "https://www.iryou.teikyouseido.mhlw.go.jp/znk-web/juminkanja/S2430/initialize?prefCd=35&kikanCd=2353116211&kikanKbn=2", "url2": "https://www.igarashinaika.com/", "内容": "五十嵐内科【2:診療所】【診療科目:内科_消化器内科】山口県下関市幡生本町７－１２" }, "geometry": { "type": "Point", "coordinates": [ 130.928256, 33.978211 ] } },
{ "type": "Feature", "properties": { "ID": 3522353116760, "正式名称": "いとう腎クリニック", "機関区分": 2, "都道府県コード": 35, "市区町村コード": 201, "所在地": "山口県下関市山の田本町６－６", "緯度": 33.989278, "経度": 130.929028, "url": "https://www.iryou.teikyouseido.mhlw.go.jp/znk-web/juminkanja/S2430/initialize?prefCd=35&kikanCd=2353116760&kikanKbn=2", "url2": "http://tojukai.com/", "内容": "いとう腎クリニック【2:診療所】【診療科目:循環器内科_腎臓内科_泌尿器科_リハビリテーション科】山口県下関市山の田本町６－６" }, "geometry": { "type": "Point", "coordinates": [ 130.929028, 33.989278 ] } },
{ "type": "Feature", "properties": { "ID": 3522353118230, "正式名称": "医療法人社団　美樹会　長井整形外科", "機関区分": 2, "都道府県コード": 35, "市区町村コード": 201, "所在地": "山口県下関市清末鞍馬３－５－１４", "緯度": 34.063611, "経度": 131.0265, "url": "https://www.iryou.teikyouseido.mhlw.go.jp/znk-web/juminkanja/S2430/initialize?prefCd=35&kikanCd=2353118230&kikanKbn=2", "url2": "http://www.nagaiseikei.jp", "内容": "医療法人社団　美樹会　長井整形外科【2:診療所】【診療科目:整形外科_リウマチ科_リハビリテーション科】山口県下関市清末鞍馬３－５－１４" }, "geometry": { "type": "Point", "coordinates": [ 131.0265, 34.063611 ] } },
{ "type": "Feature", "properties": { "ID": 3522353119110, "正式名称": "喜多整形外科医院", "機関区分": 2, "都道府県コード": 35, "市区町村コード": 201, "所在地": "山口県下関市豊前田町２－１－８", "緯度": 33.9525, "経度": 130.928778, "url": "https://www.iryou.teikyouseido.mhlw.go.jp/znk-web/juminkanja/S2430/initialize?prefCd=35&kikanCd=2353119110&kikanKbn=2", "url2": "http://www.tip.ne.jp/kita/", "内容": "喜多整形外科医院【2:診療所】【診療科目:整形外科_リウマチ科_リハビリテーション科】山口県下関市豊前田町２－１－８" }, "geometry": { "type": "Point", "coordinates": [ 130.928778, 33.9525 ] } },
{ "type": "Feature", "properties": { "ID": 3522353119790, "正式名称": "医療法人慈誠会　吉村内科医院", "機関区分": 2, "都道府県コード": 35, "市区町村コード": 201, "所在地": "山口県下関市彦島江の浦町１丁目７番６号", "緯度": 33.936722, "経度": 130.914222, "url": "https://www.iryou.teikyouseido.mhlw.go.jp/znk-web/juminkanja/S2430/initialize?prefCd=35&kikanCd=2353119790&kikanKbn=2", "url2": "https://itp.ne.jp/info/350322072400000899/", "内容": "医療法人慈誠会　吉村内科医院【2:診療所】【診療科目:内科_糖尿病内科_循環器内科_心臓内科_腎臓内科】山口県下関市彦島江の浦町１丁目７番６号" }, "geometry": { "type": "Point", "coordinates": [ 130.914222, 33.936722 ] } },
{ "type": "Feature", "properties": { "ID": 3522353119820, "正式名称": "伊藤内科医院", "機関区分": 2, "都道府県コード": 35, "市区町村コード": 201, "所在地": "山口県下関市稗田北町１３－３６", "緯度": 33.995778, "経度": 130.93275, "url": "https://www.iryou.teikyouseido.mhlw.go.jp/znk-web/juminkanja/S2430/initialize?prefCd=35&kikanCd=2353119820&kikanKbn=2", "url2": "http://www.tojukai.com/", "内容": "伊藤内科医院【2:診療所】【診療科目:内科_循環器内科_リハビリテーション科_放射線診断科】山口県下関市稗田北町１３－３６" }, "geometry": { "type": "Point", "coordinates": [ 130.93275, 33.995778 ] } },
{ "type": "Feature", "properties": { "ID": 3522353120190, "正式名称": "おがた婦人科クリニック", "機関区分": 2, "都道府県コード": 35, "市区町村コード": 201, "所在地": "山口県下関市赤間町３－５", "緯度": 33.960111, "経度": 130.943028, "url": "https://www.iryou.teikyouseido.mhlw.go.jp/znk-web/juminkanja/S2430/initialize?prefCd=35&kikanCd=2353120190&kikanKbn=2", "url2": "http://www.ogatafujinka.com", "内容": "おがた婦人科クリニック【2:診療所】【診療科目:産婦人科】山口県下関市赤間町３－５" }, "geometry": { "type": "Point", "coordinates": [ 130.943028, 33.960111 ] } },
{ "type": "Feature", "properties": { "ID": 3522353121100, "正式名称": "医療法人社団弥生会　野村眼科医院", "機関区分": 2, "都道府県コード": 35, "市区町村コード": 201, "所在地": "山口県下関市綾羅木本町４－１０ー１８", "緯度": 34.003876, "経度": 130.924038, "url": "https://www.iryou.teikyouseido.mhlw.go.jp/znk-web/juminkanja/S2430/initialize?prefCd=35&kikanCd=2353121100&kikanKbn=2", "url2": null, "内容": "医療法人社団弥生会　野村眼科医院【2:診療所】【診療科目:眼科】山口県下関市綾羅木本町４－１０ー１８" }, "geometry": { "type": "Point", "coordinates": [ 130.924038, 34.003876 ] } },
{ "type": "Feature", "properties": { "ID": 3522353121490, "正式名称": "下関市夜間急病診療所", "機関区分": 2, "都道府県コード": 35, "市区町村コード": 201, "所在地": "山口県下関市大学町二丁目１－３", "緯度": 33.987833, "経度": 130.932861, "url": "https://www.iryou.teikyouseido.mhlw.go.jp/znk-web/juminkanja/S2430/initialize?prefCd=35&kikanCd=2353121490&kikanKbn=2", "url2": "http://www.city.shimonoseki.lg.jp/soshiki/48/3589.html", "内容": "下関市夜間急病診療所【2:診療所】【診療科目:内科_小児科】山口県下関市大学町二丁目１－３" }, "geometry": { "type": "Point", "coordinates": [ 130.932861, 33.987833 ] } },
{ "type": "Feature", "properties": { "ID": 3522353121940, "正式名称": "たかおクリニック", "機関区分": 2, "都道府県コード": 35, "市区町村コード": 201, "所在地": "山口県下関市小月市原町１－３", "緯度": 34.075111, "経度": 131.035806, "url": "https://www.iryou.teikyouseido.mhlw.go.jp/znk-web/juminkanja/S2430/initialize?prefCd=35&kikanCd=2353121940&kikanKbn=2", "url2": null, "内容": "たかおクリニック【2:診療所】【診療科目:内科_消化器内科_リハビリテーション科_麻酔科】山口県下関市小月市原町１－３" }, "geometry": { "type": "Point", "coordinates": [ 131.035806, 34.075111 ] } },
{ "type": "Feature", "properties": { "ID": 3522353122530, "正式名称": "医療法人　あきの整形外科クリニック", "機関区分": 2, "都道府県コード": 35, "市区町村コード": 201, "所在地": "山口県下関市秋根本町２－１０－３４", "緯度": 34.009056, "経度": 130.952639, "url": "https://www.iryou.teikyouseido.mhlw.go.jp/znk-web/juminkanja/S2430/initialize?prefCd=35&kikanCd=2353122530&kikanKbn=2", "url2": "https://ssc8.doctorqube.com/akinoseikei/", "内容": "医療法人　あきの整形外科クリニック【2:診療所】【診療科目:整形外科_リウマチ科_リハビリテーション科】山口県下関市秋根本町２－１０－３４" }, "geometry": { "type": "Point", "coordinates": [ 130.952639, 34.009056 ] } },
{ "type": "Feature", "properties": { "ID": 3522353122790, "正式名称": "医療法人河崎医院", "機関区分": 2, "都道府県コード": 35, "市区町村コード": 201, "所在地": "山口県下関市小月茶屋１－８－２２", "緯度": 34.068972, "経度": 131.030222, "url": "https://www.iryou.teikyouseido.mhlw.go.jp/znk-web/juminkanja/S2430/initialize?prefCd=35&kikanCd=2353122790&kikanKbn=2", "url2": "http://www.kawasaki-clinic.jp", "内容": "医療法人河崎医院【2:診療所】【診療科目:皮膚科】山口県下関市小月茶屋１－８－２２" }, "geometry": { "type": "Point", "coordinates": [ 131.030222, 34.068972 ] } },
{ "type": "Feature", "properties": { "ID": 3522353123250, "正式名称": "西尾医院", "機関区分": 2, "都道府県コード": 35, "市区町村コード": 201, "所在地": "山口県下関市岬之町９－６　杏林ビル３Ｆ", "緯度": 33.952528, "経度": 130.935694, "url": "https://www.iryou.teikyouseido.mhlw.go.jp/znk-web/juminkanja/S2430/initialize?prefCd=35&kikanCd=2353123250&kikanKbn=2", "url2": null, "内容": "西尾医院【2:診療所】【診療科目:皮膚科_泌尿器科】山口県下関市岬之町９－６　杏林ビル３Ｆ" }, "geometry": { "type": "Point", "coordinates": [ 130.935694, 33.952528 ] } },
{ "type": "Feature", "properties": { "ID": 3522353123380, "正式名称": "西尾内科", "機関区分": 2, "都道府県コード": 35, "市区町村コード": 201, "所在地": "山口県下関市南部町１７－７", "緯度": 33.953639, "経度": 130.93925, "url": "https://www.iryou.teikyouseido.mhlw.go.jp/znk-web/juminkanja/S2430/initialize?prefCd=35&kikanCd=2353123380&kikanKbn=2", "url2": null, "内容": "西尾内科【2:診療所】【診療科目:内科】山口県下関市南部町１７－７" }, "geometry": { "type": "Point", "coordinates": [ 130.93925, 33.953639 ] } },
{ "type": "Feature", "properties": { "ID": 3522353123540, "正式名称": "長府心臓内科", "機関区分": 2, "都道府県コード": 35, "市区町村コード": 201, "所在地": "山口県下関市長府東侍町４－４８", "緯度": 33.995167, "経度": 130.991361, "url": "https://www.iryou.teikyouseido.mhlw.go.jp/znk-web/juminkanja/S2430/initialize?prefCd=35&kikanCd=2353123540&kikanKbn=2", "url2": null, "内容": "長府心臓内科【2:診療所】【診療科目:内科_循環器内科】山口県下関市長府東侍町４－４８" }, "geometry": { "type": "Point", "coordinates": [ 130.991361, 33.995167 ] } },
{ "type": "Feature", "properties": { "ID": 3522353125850, "正式名称": "宮崎内科クリニック", "機関区分": 2, "都道府県コード": 35, "市区町村コード": 201, "所在地": "山口県下関市豊前田町２－７－７", "緯度": 33.951583, "経度": 130.928889, "url": "https://www.iryou.teikyouseido.mhlw.go.jp/znk-web/juminkanja/S2430/initialize?prefCd=35&kikanCd=2353125850&kikanKbn=2", "url2": null, "内容": "宮崎内科クリニック【2:診療所】【診療科目:内科_消化器内科】山口県下関市豊前田町２－７－７" }, "geometry": { "type": "Point", "coordinates": [ 130.928889, 33.951583 ] } },
{ "type": "Feature", "properties": { "ID": 3522353126280, "正式名称": "浜田内科クリニック", "機関区分": 2, "都道府県コード": 35, "市区町村コード": 201, "所在地": "山口県下関市田中町７－１２", "緯度": 33.958333, "経度": 130.940694, "url": "https://www.iryou.teikyouseido.mhlw.go.jp/znk-web/juminkanja/S2430/initialize?prefCd=35&kikanCd=2353126280&kikanKbn=2", "url2": "https://hamadanaika.com", "内容": "浜田内科クリニック【2:診療所】【診療科目:内科】山口県下関市田中町７－１２" }, "geometry": { "type": "Point", "coordinates": [ 130.940694, 33.958333 ] } },
{ "type": "Feature", "properties": { "ID": 3522353126310, "正式名称": "医療法人社団広祐会　螢クリニック", "機関区分": 2, "都道府県コード": 35, "市区町村コード": 201, "所在地": "山口県下関市金比羅町２－４", "緯度": 33.966444, "経度": 130.9185, "url": "https://www.iryou.teikyouseido.mhlw.go.jp/znk-web/juminkanja/S2430/initialize?prefCd=35&kikanCd=2353126310&kikanKbn=2", "url2": null, "内容": "医療法人社団広祐会　螢クリニック【2:診療所】【診療科目:消化器内科_外科_肛門外科】山口県下関市金比羅町２－４" }, "geometry": { "type": "Point", "coordinates": [ 130.9185, 33.966444 ] } },
{ "type": "Feature", "properties": { "ID": 3522353126730, "正式名称": "医療法人社団　山口整形外科", "機関区分": 2, "都道府県コード": 35, "市区町村コード": 201, "所在地": "山口県下関市彦島江ノ浦町一丁目５－２４", "緯度": 33.936083, "経度": 130.911861, "url": "https://www.iryou.teikyouseido.mhlw.go.jp/znk-web/juminkanja/S2430/initialize?prefCd=35&kikanCd=2353126730&kikanKbn=2", "url2": null, "内容": "医療法人社団　山口整形外科【2:診療所】【診療科目:整形外科_リハビリテーション科】山口県下関市彦島江ノ浦町一丁目５－２４" }, "geometry": { "type": "Point", "coordinates": [ 130.911861, 33.936083 ] } },
{ "type": "Feature", "properties": { "ID": 3522353127030, "正式名称": "医療法人悠和会　だて整形外科リハビリテーションクリニック", "機関区分": 2, "都道府県コード": 35, "市区町村コード": 201, "所在地": "山口県下関市綾羅木本町２－４－２２", "緯度": 34.001667, "経度": 130.925917, "url": "https://www.iryou.teikyouseido.mhlw.go.jp/znk-web/juminkanja/S2430/initialize?prefCd=35&kikanCd=2353127030&kikanKbn=2", "url2": "http://www.date-c.com/", "内容": "医療法人悠和会　だて整形外科リハビリテーションクリニック【2:診療所】【診療科目:整形外科_リウマチ科_リハビリテーション科】山口県下関市綾羅木本町２－４－２２" }, "geometry": { "type": "Point", "coordinates": [ 130.925917, 34.001667 ] } },
{ "type": "Feature", "properties": { "ID": 3522353127580, "正式名称": "医療法人茜会　吉水内科", "機関区分": 2, "都道府県コード": 35, "市区町村コード": 201, "所在地": "山口県下関市上新地町一丁目５番２号", "緯度": 33.959194, "経度": 130.920528, "url": "https://www.iryou.teikyouseido.mhlw.go.jp/znk-web/juminkanja/S2430/initialize?prefCd=35&kikanCd=2353127580&kikanKbn=2", "url2": "https://akn-yoshimizu.com/group/yoshimizu_naika/", "内容": "医療法人茜会　吉水内科【2:診療所】【診療科目:内科】山口県下関市上新地町一丁目５番２号" }, "geometry": { "type": "Point", "coordinates": [ 130.920528, 33.959194 ] } },
{ "type": "Feature", "properties": { "ID": 3522353127610, "正式名称": "医療法人神田小児科医院", "機関区分": 2, "都道府県コード": 35, "市区町村コード": 201, "所在地": "山口県下関市長府中土居本町２－２１", "緯度": 34.007361, "経度": 130.990944, "url": "https://www.iryou.teikyouseido.mhlw.go.jp/znk-web/juminkanja/S2430/initialize?prefCd=35&kikanCd=2353127610&kikanKbn=2", "url2": "http://kanda-pc.com", "内容": "医療法人神田小児科医院【2:診療所】【診療科目:小児科】山口県下関市長府中土居本町２－２１" }, "geometry": { "type": "Point", "coordinates": [ 130.990944, 34.007361 ] } },
{ "type": "Feature", "properties": { "ID": 3522353128590, "正式名称": "医療法人ひこしまこどもクリニック", "機関区分": 2, "都道府県コード": 35, "市区町村コード": 201, "所在地": "山口県下関市彦島江の浦町一丁目５－２４", "緯度": 33.936083, "経度": 130.911861, "url": "https://www.iryou.teikyouseido.mhlw.go.jp/znk-web/juminkanja/S2430/initialize?prefCd=35&kikanCd=2353128590&kikanKbn=2", "url2": "hikoshima-kodomo.com", "内容": "医療法人ひこしまこどもクリニック【2:診療所】【診療科目:小児科_アレルギー科】山口県下関市彦島江の浦町一丁目５－２４" }, "geometry": { "type": "Point", "coordinates": [ 130.911861, 33.936083 ] } },
{ "type": "Feature", "properties": { "ID": 3522353128750, "正式名称": "勝山クリニック", "機関区分": 2, "都道府県コード": 35, "市区町村コード": 201, "所在地": "山口県下関市大字田倉　２２１－１１", "緯度": 34.012944, "経度": 130.973306, "url": "https://www.iryou.teikyouseido.mhlw.go.jp/znk-web/juminkanja/S2430/initialize?prefCd=35&kikanCd=2353128750&kikanKbn=2", "url2": "http://katsuyamaclinic.com", "内容": "勝山クリニック【2:診療所】【診療科目:内科】山口県下関市大字田倉　２２１－１１" }, "geometry": { "type": "Point", "coordinates": [ 130.973306, 34.012944 ] } },
{ "type": "Feature", "properties": { "ID": 3522353129340, "正式名称": "医療法人社団大下内科", "機関区分": 2, "都道府県コード": 35, "市区町村コード": 201, "所在地": "山口県下関市形山みどり町１５番２８号", "緯度": 34.014583, "経度": 130.954583, "url": "https://www.iryou.teikyouseido.mhlw.go.jp/znk-web/juminkanja/S2430/initialize?prefCd=35&kikanCd=2353129340&kikanKbn=2", "url2": null, "内容": "医療法人社団大下内科【2:診療所】【診療科目:内科_消化器内科】山口県下関市形山みどり町１５番２８号" }, "geometry": { "type": "Point", "coordinates": [ 130.954583, 34.014583 ] } },
{ "type": "Feature", "properties": { "ID": 3522353129470, "正式名称": "医療法人レーニエ　川田じゅんこクリニック", "機関区分": 2, "都道府県コード": 35, "市区町村コード": 201, "所在地": "山口県下関市川中豊町７丁目１４番７号", "緯度": 33.993278, "経度": 130.94025, "url": "https://www.iryou.teikyouseido.mhlw.go.jp/znk-web/juminkanja/S2430/initialize?prefCd=35&kikanCd=2353129470&kikanKbn=2", "url2": "http://www.jk-clinic.jp", "内容": "医療法人レーニエ　川田じゅんこクリニック【2:診療所】【診療科目:内科_呼吸器内科_循環器内科_リウマチ科】山口県下関市川中豊町７丁目１４番７号" }, "geometry": { "type": "Point", "coordinates": [ 130.94025, 33.993278 ] } },
{ "type": "Feature", "properties": { "ID": 3522353129500, "正式名称": "石川ファミリークリニック", "機関区分": 2, "都道府県コード": 35, "市区町村コード": 201, "所在地": "山口県下関市伊倉新町４丁目２－２１", "緯度": 33.960639, "経度": 130.940778, "url": "https://www.iryou.teikyouseido.mhlw.go.jp/znk-web/juminkanja/S2430/initialize?prefCd=35&kikanCd=2353129500&kikanKbn=2", "url2": "http://www.ishikawa-family.com/", "内容": "石川ファミリークリニック【2:診療所】【診療科目:内科_小児科】山口県下関市伊倉新町４丁目２－２１" }, "geometry": { "type": "Point", "coordinates": [ 130.940778, 33.960639 ] } },
{ "type": "Feature", "properties": { "ID": 3522353129630, "正式名称": "医療法人社団　きとう小児科", "機関区分": 2, "都道府県コード": 35, "市区町村コード": 201, "所在地": "山口県下関市川中豊町１丁目２番１０号", "緯度": 33.999722, "経度": 130.937111, "url": "https://www.iryou.teikyouseido.mhlw.go.jp/znk-web/juminkanja/S2430/initialize?prefCd=35&kikanCd=2353129630&kikanKbn=2", "url2": null, "内容": "医療法人社団　きとう小児科【2:診療所】【診療科目:小児科】山口県下関市川中豊町１丁目２番１０号" }, "geometry": { "type": "Point", "coordinates": [ 130.937111, 33.999722 ] } },
{ "type": "Feature", "properties": { "ID": 3522353129890, "正式名称": "岡耳鼻咽喉科医院", "機関区分": 2, "都道府県コード": 35, "市区町村コード": 201, "所在地": "山口県下関市垢田町２丁目１５番２３号", "緯度": 33.991306, "経度": 130.927778, "url": "https://www.iryou.teikyouseido.mhlw.go.jp/znk-web/juminkanja/S2430/initialize?prefCd=35&kikanCd=2353129890&kikanKbn=2", "url2": null, "内容": "岡耳鼻咽喉科医院【2:診療所】【診療科目:耳鼻いんこう科】山口県下関市垢田町２丁目１５番２３号" }, "geometry": { "type": "Point", "coordinates": [ 130.927778, 33.991306 ] } },
{ "type": "Feature", "properties": { "ID": 3522353130030, "正式名称": "医療法人山口内科", "機関区分": 2, "都道府県コード": 35, "市区町村コード": 201, "所在地": "山口県下関市一の宮本町２丁目４番６号", "緯度": 33.99875, "経度": 130.955944, "url": "https://www.iryou.teikyouseido.mhlw.go.jp/znk-web/juminkanja/S2430/initialize?prefCd=35&kikanCd=2353130030&kikanKbn=2", "url2": "https://www.facebook.com/yamaguchinaika/", "内容": "医療法人山口内科【2:診療所】【診療科目:内科_消化器内科】山口県下関市一の宮本町２丁目４番６号" }, "geometry": { "type": "Point", "coordinates": [ 130.955944, 33.99875 ] } },
{ "type": "Feature", "properties": { "ID": 3522353130160, "正式名称": "門医院", "機関区分": 2, "都道府県コード": 35, "市区町村コード": 201, "所在地": "山口県下関市彦島迫町３丁目７番５号", "緯度": 33.939139, "経度": 130.898361, "url": "https://www.iryou.teikyouseido.mhlw.go.jp/znk-web/juminkanja/S2430/initialize?prefCd=35&kikanCd=2353130160&kikanKbn=2", "url2": null, "内容": "門医院【2:診療所】【診療科目:内科_呼吸器内科_循環器内科_消化器内科_小児科】山口県下関市彦島迫町３丁目７番５号" }, "geometry": { "type": "Point", "coordinates": [ 130.898361, 33.939139 ] } },
{ "type": "Feature", "properties": { "ID": 3522353130320, "正式名称": "医療法人社団内科胃腸科有松医院", "機関区分": 2, "都道府県コード": 35, "市区町村コード": 201, "所在地": "山口県下関市安岡駅前２丁目６番３号", "緯度": 34.023556, "経度": 130.915333, "url": "https://www.iryou.teikyouseido.mhlw.go.jp/znk-web/juminkanja/S2430/initialize?prefCd=35&kikanCd=2353130320&kikanKbn=2", "url2": null, "内容": "医療法人社団内科胃腸科有松医院【2:診療所】【診療科目:消化器内科_胃腸内科】山口県下関市安岡駅前２丁目６番３号" }, "geometry": { "type": "Point", "coordinates": [ 130.915333, 34.023556 ] } },
{ "type": "Feature", "properties": { "ID": 3522353131040, "正式名称": "よしとみクリニック", "機関区分": 2, "都道府県コード": 35, "市区町村コード": 201, "所在地": "山口県下関市岬之町５－６", "緯度": 33.953611, "経度": 130.936639, "url": "https://www.iryou.teikyouseido.mhlw.go.jp/znk-web/juminkanja/S2430/initialize?prefCd=35&kikanCd=2353131040&kikanKbn=2", "url2": "www.yositon.com", "内容": "よしとみクリニック【2:診療所】【診療科目:内科_小児科】山口県下関市岬之町５－６" }, "geometry": { "type": "Point", "coordinates": [ 130.936639, 33.953611 ] } },
{ "type": "Feature", "properties": { "ID": 3522353131170, "正式名称": "医療法人塩見内科クリニック", "機関区分": 2, "都道府県コード": 35, "市区町村コード": 201, "所在地": "山口県下関市幡生宮の下町２６番８号", "緯度": 33.985167, "経度": 130.932167, "url": "https://www.iryou.teikyouseido.mhlw.go.jp/znk-web/juminkanja/S2430/initialize?prefCd=35&kikanCd=2353131170&kikanKbn=2", "url2": null, "内容": "医療法人塩見内科クリニック【2:診療所】【診療科目:内科_循環器内科_胃腸内科】山口県下関市幡生宮の下町２６番８号" }, "geometry": { "type": "Point", "coordinates": [ 130.932167, 33.985167 ] } },
{ "type": "Feature", "properties": { "ID": 3522353131460, "正式名称": "医療法人なかの循環器科内科医院", "機関区分": 2, "都道府県コード": 35, "市区町村コード": 201, "所在地": "山口県下関市長府前八幡町３番３４号", "緯度": 34.0075, "経度": 130.993028, "url": "https://www.iryou.teikyouseido.mhlw.go.jp/znk-web/juminkanja/S2430/initialize?prefCd=35&kikanCd=2353131460&kikanKbn=2", "url2": null, "内容": "医療法人なかの循環器科内科医院【2:診療所】【診療科目:循環器内科_心臓血管外科】山口県下関市長府前八幡町３番３４号" }, "geometry": { "type": "Point", "coordinates": [ 130.993028, 34.0075 ] } },
{ "type": "Feature", "properties": { "ID": 3522353131591, "正式名称": "ひので小児科", "機関区分": 2, "都道府県コード": 35, "市区町村コード": 201, "所在地": "山口県下関市梶栗町２丁目２番２２号", "緯度": 34.013901, "経度": 130.919897, "url": "https://www.iryou.teikyouseido.mhlw.go.jp/znk-web/juminkanja/S2430/initialize?prefCd=35&kikanCd=2353131591&kikanKbn=2", "url2": "https://www.hinode-shonika.com/", "内容": "ひので小児科【2:診療所】【診療科目:小児科】山口県下関市梶栗町２丁目２番２２号" }, "geometry": { "type": "Point", "coordinates": [ 130.919897, 34.013901 ] } },
{ "type": "Feature", "properties": { "ID": 3522353131620, "正式名称": "医療法人　周山医院", "機関区分": 2, "都道府県コード": 35, "市区町村コード": 201, "所在地": "山口県下関市王喜本町六丁目５番１４号", "緯度": 34.062139, "経度": 131.053389, "url": "https://www.iryou.teikyouseido.mhlw.go.jp/znk-web/juminkanja/S2430/initialize?prefCd=35&kikanCd=2353131620&kikanKbn=2", "url2": "https://suyamaclinic.com", "内容": "医療法人　周山医院【2:診療所】【診療科目:内科_血液内科_糖尿病内科_消化器内科_乳腺外科_小児科】山口県下関市王喜本町六丁目５番１４号" }, "geometry": { "type": "Point", "coordinates": [ 131.053389, 34.062139 ] } },
{ "type": "Feature", "properties": { "ID": 3522353131750, "正式名称": "医療法人　よねだ　耳鼻咽喉科　クリニック", "機関区分": 2, "都道府県コード": 35, "市区町村コード": 201, "所在地": "山口県下関市長府　中浜町　２番１０号", "緯度": 33.997889, "経度": 130.989833, "url": "https://www.iryou.teikyouseido.mhlw.go.jp/znk-web/juminkanja/S2430/initialize?prefCd=35&kikanCd=2353131750&kikanKbn=2", "url2": "www.citydo.com/sp/083-245-2930", "内容": "医療法人　よねだ　耳鼻咽喉科　クリニック【2:診療所】【診療科目:耳鼻いんこう科】山口県下関市長府　中浜町　２番１０号" }, "geometry": { "type": "Point", "coordinates": [ 130.989833, 33.997889 ] } },
{ "type": "Feature", "properties": { "ID": 3522353131910, "正式名称": "平尾泌尿器科", "機関区分": 2, "都道府県コード": 35, "市区町村コード": 201, "所在地": "山口県下関市綾羅木新町２丁目４番４８号", "緯度": 34.013111, "経度": 130.920528, "url": "https://www.iryou.teikyouseido.mhlw.go.jp/znk-web/juminkanja/S2430/initialize?prefCd=35&kikanCd=2353131910&kikanKbn=2", "url2": null, "内容": "平尾泌尿器科【2:診療所】【診療科目:泌尿器科】山口県下関市綾羅木新町２丁目４番４８号" }, "geometry": { "type": "Point", "coordinates": [ 130.920528, 34.013111 ] } },
{ "type": "Feature", "properties": { "ID": 3522353132050, "正式名称": "医療法人社団きど整形外科", "機関区分": 2, "都道府県コード": 35, "市区町村コード": 201, "所在地": "山口県下関市稗田町９－３０", "緯度": 33.993389, "経度": 130.930417, "url": "https://www.iryou.teikyouseido.mhlw.go.jp/znk-web/juminkanja/S2430/initialize?prefCd=35&kikanCd=2353132050&kikanKbn=2", "url2": "https://www.kidoseikei.jp/", "内容": "医療法人社団きど整形外科【2:診療所】【診療科目:整形外科_リウマチ科_リハビリテーション科】山口県下関市稗田町９－３０" }, "geometry": { "type": "Point", "coordinates": [ 130.930417, 33.993389 ] } },
{ "type": "Feature", "properties": { "ID": 3522353132760, "正式名称": "門脇医科歯科医院", "機関区分": 2, "都道府県コード": 35, "市区町村コード": 201, "所在地": "山口県下関市宮田町２丁目５番１号", "緯度": 33.961861, "経度": 130.945417, "url": "https://www.iryou.teikyouseido.mhlw.go.jp/znk-web/juminkanja/S2430/initialize?prefCd=35&kikanCd=2353132760&kikanKbn=2", "url2": null, "内容": "門脇医科歯科医院【2:診療所】【診療科目:内科_ペインクリニック内科_形成外科_美容外科_皮膚科_歯科_歯科口腔外科_麻酔科】山口県下関市宮田町２丁目５番１号" }, "geometry": { "type": "Point", "coordinates": [ 130.945417, 33.961861 ] } },
{ "type": "Feature", "properties": { "ID": 3522353132890, "正式名称": "医療法人社団正清会　すみだ内科クリニック", "機関区分": 2, "都道府県コード": 35, "市区町村コード": 201, "所在地": "山口県下関市熊野町２丁目２番３１号", "緯度": 33.994278, "経度": 130.944361, "url": "https://www.iryou.teikyouseido.mhlw.go.jp/znk-web/juminkanja/S2430/initialize?prefCd=35&kikanCd=2353132890&kikanKbn=2", "url2": null, "内容": "医療法人社団正清会　すみだ内科クリニック【2:診療所】【診療科目:内科_腎臓内科】山口県下関市熊野町２丁目２番３１号" }, "geometry": { "type": "Point", "coordinates": [ 130.944361, 33.994278 ] } },
{ "type": "Feature", "properties": { "ID": 3522353132920, "正式名称": "医療法人浩堂会　松田内科クリニック", "機関区分": 2, "都道府県コード": 35, "市区町村コード": 201, "所在地": "山口県下関市彦島本村町４丁目１番５号", "緯度": 33.943278, "経度": 130.911111, "url": "https://www.iryou.teikyouseido.mhlw.go.jp/znk-web/juminkanja/S2430/initialize?prefCd=35&kikanCd=2353132920&kikanKbn=2", "url2": "https://www.matuda-medical-clinic.com", "内容": "医療法人浩堂会　松田内科クリニック【2:診療所】【診療科目:内科_消化器内科】山口県下関市彦島本村町４丁目１番５号" }, "geometry": { "type": "Point", "coordinates": [ 130.911111, 33.943278 ] } },
{ "type": "Feature", "properties": { "ID": 3522353133060, "正式名称": "医療法人社団柏村医院", "機関区分": 2, "都道府県コード": 35, "市区町村コード": 201, "所在地": "山口県下関市長府松小田本町５－１２", "緯度": 34.019417, "経度": 131.001139, "url": "https://www.iryou.teikyouseido.mhlw.go.jp/znk-web/juminkanja/S2430/initialize?prefCd=35&kikanCd=2353133060&kikanKbn=2", "url2": "https://kashiwamura-c.com/", "内容": "医療法人社団柏村医院【2:診療所】【診療科目:内科_神経内科】山口県下関市長府松小田本町５－１２" }, "geometry": { "type": "Point", "coordinates": [ 131.001139, 34.019417 ] } },
{ "type": "Feature", "properties": { "ID": 3522353133190, "正式名称": "医療法人社団たなべ内科クリニック", "機関区分": 2, "都道府県コード": 35, "市区町村コード": 201, "所在地": "山口県下関市清末鞍馬三丁目５－１８", "緯度": 34.063778, "経度": 131.026194, "url": "https://www.iryou.teikyouseido.mhlw.go.jp/znk-web/juminkanja/S2430/initialize?prefCd=35&kikanCd=2353133190&kikanKbn=2", "url2": "https://www.tanabe-naika.jp/", "内容": "医療法人社団たなべ内科クリニック【2:診療所】【診療科目:内科_消化器内科】山口県下関市清末鞍馬三丁目５－１８" }, "geometry": { "type": "Point", "coordinates": [ 131.026194, 34.063778 ] } },
{ "type": "Feature", "properties": { "ID": 3522353133350, "正式名称": "医療法人野田内科医院", "機関区分": 2, "都道府県コード": 35, "市区町村コード": 201, "所在地": "山口県下関市長府珠の浦町１番１５号", "緯度": 34.00725, "経度": 130.980194, "url": "https://www.iryou.teikyouseido.mhlw.go.jp/znk-web/juminkanja/S2430/initialize?prefCd=35&kikanCd=2353133350&kikanKbn=2", "url2": "https://www.noda-naika.com/", "内容": "医療法人野田内科医院【2:診療所】【診療科目:内科_循環器内科】山口県下関市長府珠の浦町１番１５号" }, "geometry": { "type": "Point", "coordinates": [ 130.980194, 34.00725 ] } },
{ "type": "Feature", "properties": { "ID": 3522353133510, "正式名称": "新下関耳鼻クリニック", "機関区分": 2, "都道府県コード": 35, "市区町村コード": 201, "所在地": "山口県下関市秋根南町２丁目２番１８号", "緯度": 34.007722, "経度": 130.954944, "url": "https://www.iryou.teikyouseido.mhlw.go.jp/znk-web/juminkanja/S2430/initialize?prefCd=35&kikanCd=2353133510&kikanKbn=2", "url2": null, "内容": "新下関耳鼻クリニック【2:診療所】【診療科目:耳鼻いんこう科】山口県下関市秋根南町２丁目２番１８号" }, "geometry": { "type": "Point", "coordinates": [ 130.954944, 34.007722 ] } },
{ "type": "Feature", "properties": { "ID": 3522353133640, "正式名称": "しのはらクリニック", "機関区分": 2, "都道府県コード": 35, "市区町村コード": 201, "所在地": "山口県下関市一の宮町４丁目１番５号", "緯度": 33.995389, "経度": 130.952167, "url": "https://www.iryou.teikyouseido.mhlw.go.jp/znk-web/juminkanja/S2430/initialize?prefCd=35&kikanCd=2353133640&kikanKbn=2", "url2": null, "内容": "しのはらクリニック【2:診療所】【診療科目:消化器内科_腫瘍内科_疼痛緩和内科_外科_肛門外科】山口県下関市一の宮町４丁目１番５号" }, "geometry": { "type": "Point", "coordinates": [ 130.952167, 33.995389 ] } },
{ "type": "Feature", "properties": { "ID": 3522353133800, "正式名称": "医療法人　内山医院", "機関区分": 2, "都道府県コード": 35, "市区町村コード": 201, "所在地": "山口県下関市安岡駅前一丁目２－１２", "緯度": 34.025833, "経度": 130.915667, "url": "https://www.iryou.teikyouseido.mhlw.go.jp/znk-web/juminkanja/S2430/initialize?prefCd=35&kikanCd=2353133800&kikanKbn=2", "url2": null, "内容": "医療法人　内山医院【2:診療所】【診療科目:内科】山口県下関市安岡駅前一丁目２－１２" }, "geometry": { "type": "Point", "coordinates": [ 130.915667, 34.025833 ] } },
{ "type": "Feature", "properties": { "ID": 3522353134100, "正式名称": "医療法人社団　健中堂　原田・東邦クリニック", "機関区分": 2, "都道府県コード": 35, "市区町村コード": 201, "所在地": "山口県下関市長府江下町５－１０", "緯度": 34.011278, "経度": 130.994972, "url": "https://www.iryou.teikyouseido.mhlw.go.jp/znk-web/juminkanja/S2430/initialize?prefCd=35&kikanCd=2353134100&kikanKbn=2", "url2": null, "内容": "医療法人社団　健中堂　原田・東邦クリニック【2:診療所】【診療科目:内科_消化器内科_漢方内科_アレルギー科】山口県下関市長府江下町５－１０" }, "geometry": { "type": "Point", "coordinates": [ 130.994972, 34.011278 ] } },
{ "type": "Feature", "properties": { "ID": 3522353134230, "正式名称": "医療法人時任整形外科リウマチ科", "機関区分": 2, "都道府県コード": 35, "市区町村コード": 201, "所在地": "山口県下関市長府南之町５番６号", "緯度": 33.996806, "経度": 130.989056, "url": "https://www.iryou.teikyouseido.mhlw.go.jp/znk-web/juminkanja/S2430/initialize?prefCd=35&kikanCd=2353134230&kikanKbn=2", "url2": "www.toki.or.jp/", "内容": "医療法人時任整形外科リウマチ科【2:診療所】【診療科目:整形外科_皮膚科_リウマチ科_リハビリテーション科】山口県下関市長府南之町５番６号" }, "geometry": { "type": "Point", "coordinates": [ 130.989056, 33.996806 ] } },
{ "type": "Feature", "properties": { "ID": 3522353134490, "正式名称": "医療法人　敬愛堂　京野眼科クリニック", "機関区分": 2, "都道府県コード": 35, "市区町村コード": 201, "所在地": "山口県下関市長府南之町２－１１", "緯度": 33.996944, "経度": 130.990306, "url": "https://www.iryou.teikyouseido.mhlw.go.jp/znk-web/juminkanja/S2430/initialize?prefCd=35&kikanCd=2353134490&kikanKbn=2", "url2": null, "内容": "医療法人　敬愛堂　京野眼科クリニック【2:診療所】【診療科目:眼科】山口県下関市長府南之町２－１１" }, "geometry": { "type": "Point", "coordinates": [ 130.990306, 33.996944 ] } },
{ "type": "Feature", "properties": { "ID": 3522353134780, "正式名称": "医）りゅう呼吸器科内科", "機関区分": 2, "都道府県コード": 35, "市区町村コード": 201, "所在地": "山口県下関市安岡本町２丁目１番２２号", "緯度": 34.027111, "経度": 130.913167, "url": "https://www.iryou.teikyouseido.mhlw.go.jp/znk-web/juminkanja/S2430/initialize?prefCd=35&kikanCd=2353134780&kikanKbn=2", "url2": null, "内容": "医）りゅう呼吸器科内科【2:診療所】【診療科目:内科_呼吸器内科_循環器内科】山口県下関市安岡本町２丁目１番２２号" }, "geometry": { "type": "Point", "coordinates": [ 130.913167, 34.027111 ] } },
{ "type": "Feature", "properties": { "ID": 3522353134940, "正式名称": "医療法人社団　若葉会　中島クリニック", "機関区分": 2, "都道府県コード": 35, "市区町村コード": 201, "所在地": "山口県下関市大字田倉７９７", "緯度": 34.013013, "経度": 130.96644, "url": "https://www.iryou.teikyouseido.mhlw.go.jp/znk-web/juminkanja/S2430/initialize?prefCd=35&kikanCd=2353134940&kikanKbn=2", "url2": "https://nakashima-cl.com/", "内容": "医療法人社団　若葉会　中島クリニック【2:診療所】【診療科目:内科_呼吸器内科_循環器内科_アレルギー科】山口県下関市大字田倉７９７" }, "geometry": { "type": "Point", "coordinates": [ 130.96644, 34.013013 ] } },
{ "type": "Feature", "properties": { "ID": 3522353135080, "正式名称": "整形外科井ノ口クリニック", "機関区分": 2, "都道府県コード": 35, "市区町村コード": 201, "所在地": "山口県下関市大字田倉字赤迫原８３０", "緯度": 34.012611, "経度": 130.962917, "url": "https://www.iryou.teikyouseido.mhlw.go.jp/znk-web/juminkanja/S2430/initialize?prefCd=35&kikanCd=2353135080&kikanKbn=2", "url2": null, "内容": "整形外科井ノ口クリニック【2:診療所】【診療科目:整形外科】山口県下関市大字田倉字赤迫原８３０" }, "geometry": { "type": "Point", "coordinates": [ 130.962917, 34.012611 ] } },
{ "type": "Feature", "properties": { "ID": 3522353135110, "正式名称": "医療法人社団はらクリニック", "機関区分": 2, "都道府県コード": 35, "市区町村コード": 201, "所在地": "山口県下関市川中豊町７丁目２番１６号", "緯度": 33.993556, "経度": 130.939028, "url": "https://www.iryou.teikyouseido.mhlw.go.jp/znk-web/juminkanja/S2430/initialize?prefCd=35&kikanCd=2353135110&kikanKbn=2", "url2": "hara-uro.com", "内容": "医療法人社団はらクリニック【2:診療所】【診療科目:皮膚科_泌尿器科】山口県下関市川中豊町７丁目２番１６号" }, "geometry": { "type": "Point", "coordinates": [ 130.939028, 33.993556 ] } },
{ "type": "Feature", "properties": { "ID": 3522353135530, "正式名称": "下田整形外科", "機関区分": 2, "都道府県コード": 35, "市区町村コード": 201, "所在地": "山口県下関市彦島江の浦町３丁目５番５号", "緯度": 33.929083, "経度": 130.914667, "url": "https://www.iryou.teikyouseido.mhlw.go.jp/znk-web/juminkanja/S2430/initialize?prefCd=35&kikanCd=2353135530&kikanKbn=2", "url2": null, "内容": "下田整形外科【2:診療所】【診療科目:整形外科_リハビリテーション科】山口県下関市彦島江の浦町３丁目５番５号" }, "geometry": { "type": "Point", "coordinates": [ 130.914667, 33.929083 ] } },
{ "type": "Feature", "properties": { "ID": 3522353135790, "正式名称": "医療法人さくら　ひつもと内科循環器科医院", "機関区分": 2, "都道府県コード": 35, "市区町村コード": 201, "所在地": "山口県下関市竹崎町２丁目７番７号", "緯度": 33.952028, "経度": 130.924722, "url": "https://www.iryou.teikyouseido.mhlw.go.jp/znk-web/juminkanja/S2430/initialize?prefCd=35&kikanCd=2353135790&kikanKbn=2", "url2": "http://www.hitsumoto.info/", "内容": "医療法人さくら　ひつもと内科循環器科医院【2:診療所】【診療科目:内科_循環器内科】山口県下関市竹崎町２丁目７番７号" }, "geometry": { "type": "Point", "coordinates": [ 130.924722, 33.952028 ] } },
{ "type": "Feature", "properties": { "ID": 3522353135820, "正式名称": "おばた胃腸科内科クリニック", "機関区分": 2, "都道府県コード": 35, "市区町村コード": 201, "所在地": "山口県下関市一の宮町二丁目９番２２号", "緯度": 34.004222, "経度": 130.948944, "url": "https://www.iryou.teikyouseido.mhlw.go.jp/znk-web/juminkanja/S2430/initialize?prefCd=35&kikanCd=2353135820&kikanKbn=2", "url2": null, "内容": "おばた胃腸科内科クリニック【2:診療所】【診療科目:内科_消化器内科】山口県下関市一の宮町二丁目９番２２号" }, "geometry": { "type": "Point", "coordinates": [ 130.948944, 34.004222 ] } },
{ "type": "Feature", "properties": { "ID": 3522353136120, "正式名称": "川野胃腸科内科医院", "機関区分": 2, "都道府県コード": 35, "市区町村コード": 201, "所在地": "山口県下関市大学町１丁目１－１０", "緯度": 33.986, "経度": 130.93225, "url": "https://www.iryou.teikyouseido.mhlw.go.jp/znk-web/juminkanja/S2430/initialize?prefCd=35&kikanCd=2353136120&kikanKbn=2", "url2": null, "内容": "川野胃腸科内科医院【2:診療所】【診療科目:消化器内科_放射線科】山口県下関市大学町１丁目１－１０" }, "geometry": { "type": "Point", "coordinates": [ 130.93225, 33.986 ] } },
{ "type": "Feature", "properties": { "ID": 352235313638, "正式名称": "すずらんレディースクリニック", "機関区分": 2, "都道府県コード": 35, "市区町村コード": 201, "所在地": "山口県下関市大学町１ー４ー２４", "緯度": 33.986993, "経度": 130.933279, "url": "https://www.iryou.teikyouseido.mhlw.go.jp/znk-web/juminkanja/S2430/initialize?prefCd=35&kikanCd=235313638&kikanKbn=2", "url2": "suzuran-lc.com", "内容": "すずらんレディースクリニック【2:診療所】【診療科目:産婦人科_産科_婦人科_産婦人科（生殖医療）】山口県下関市大学町１ー４ー２４" }, "geometry": { "type": "Point", "coordinates": [ 130.933279, 33.986993 ] } },
{ "type": "Feature", "properties": { "ID": 3522353136540, "正式名称": "医療法人ひろやま内科", "機関区分": 2, "都道府県コード": 35, "市区町村コード": 201, "所在地": "山口県下関市山の田本町１番１号", "緯度": 33.988917, "経度": 130.929222, "url": "https://www.iryou.teikyouseido.mhlw.go.jp/znk-web/juminkanja/S2430/initialize?prefCd=35&kikanCd=2353136540&kikanKbn=2", "url2": "https://www.hiroyamanaika.com/", "内容": "医療法人ひろやま内科【2:診療所】【診療科目:内科_循環器内科】山口県下関市山の田本町１番１号" }, "geometry": { "type": "Point", "coordinates": [ 130.929222, 33.988917 ] } },
{ "type": "Feature", "properties": { "ID": 3522353136830, "正式名称": "医療法人社団　やまうち内科循環器科", "機関区分": 2, "都道府県コード": 35, "市区町村コード": 201, "所在地": "山口県下関市筋川町３－６", "緯度": 33.966833, "経度": 130.918722, "url": "https://www.iryou.teikyouseido.mhlw.go.jp/znk-web/juminkanja/S2430/initialize?prefCd=35&kikanCd=2353136830&kikanKbn=2", "url2": "https://yamauchinaika-clinic.com/", "内容": "医療法人社団　やまうち内科循環器科【2:診療所】【診療科目:内科_循環器内科】山口県下関市筋川町３－６" }, "geometry": { "type": "Point", "coordinates": [ 130.918722, 33.966833 ] } },
{ "type": "Feature", "properties": { "ID": 3522353137000, "正式名称": "佐々木医院", "機関区分": 2, "都道府県コード": 35, "市区町村コード": 201, "所在地": "山口県下関市吉田１２１９番地の２", "緯度": 34.089944, "経度": 131.070389, "url": "https://www.iryou.teikyouseido.mhlw.go.jp/znk-web/juminkanja/S2430/initialize?prefCd=35&kikanCd=2353137000&kikanKbn=2", "url2": null, "内容": "佐々木医院【2:診療所】【診療科目:内科_胃腸内科_小児科_放射線科】山口県下関市吉田１２１９番地の２" }, "geometry": { "type": "Point", "coordinates": [ 131.070389, 34.089944 ] } },
{ "type": "Feature", "properties": { "ID": 3522353137130, "正式名称": "医療法人社団ウエダ眼科", "機関区分": 2, "都道府県コード": 35, "市区町村コード": 201, "所在地": "山口県下関市秋根南町一丁目１番１５号", "緯度": 34.007944, "経度": 130.951306, "url": "https://www.iryou.teikyouseido.mhlw.go.jp/znk-web/juminkanja/S2430/initialize?prefCd=35&kikanCd=2353137130&kikanKbn=2", "url2": "http://www.uedaganka.or.jp", "内容": "医療法人社団ウエダ眼科【2:診療所】【診療科目:眼科】山口県下関市秋根南町一丁目１番１５号" }, "geometry": { "type": "Point", "coordinates": [ 130.951306, 34.007944 ] } },
{ "type": "Feature", "properties": { "ID": 3522353137550, "正式名称": "医療法人社団野口産婦人科医院", "機関区分": 2, "都道府県コード": 35, "市区町村コード": 201, "所在地": "山口県下関市梶栗町３丁目７－８", "緯度": 34.014167, "経度": 130.921056, "url": "https://www.iryou.teikyouseido.mhlw.go.jp/znk-web/juminkanja/S2430/initialize?prefCd=35&kikanCd=2353137550&kikanKbn=2", "url2": "https://ogyaaaa3.com/", "内容": "医療法人社団野口産婦人科医院【2:診療所】【診療科目:産婦人科_精神科_麻酔科】山口県下関市梶栗町３丁目７－８" }, "geometry": { "type": "Point", "coordinates": [ 130.921056, 34.014167 ] } },
{ "type": "Feature", "properties": { "ID": 3522353137840, "正式名称": "医療法人正和会　安藤内科", "機関区分": 2, "都道府県コード": 35, "市区町村コード": 201, "所在地": "山口県下関市彦島本村町７丁目３－１", "緯度": 33.937667, "経度": 130.912611, "url": "https://www.iryou.teikyouseido.mhlw.go.jp/znk-web/juminkanja/S2430/initialize?prefCd=35&kikanCd=2353137840&kikanKbn=2", "url2": null, "内容": "医療法人正和会　安藤内科【2:診療所】【診療科目:内科_呼吸器内科_消化器内科】山口県下関市彦島本村町７丁目３－１" }, "geometry": { "type": "Point", "coordinates": [ 130.912611, 33.937667 ] } },
{ "type": "Feature", "properties": { "ID": 3522353137970, "正式名称": "唐戸メンタルクリニック", "機関区分": 2, "都道府県コード": 35, "市区町村コード": 201, "所在地": "山口県下関市田中町１６番７号", "緯度": 33.958306, "経度": 130.940222, "url": "https://www.iryou.teikyouseido.mhlw.go.jp/znk-web/juminkanja/S2430/initialize?prefCd=35&kikanCd=2353137970&kikanKbn=2", "url2": null, "内容": "唐戸メンタルクリニック【2:診療所】【診療科目:精神科】山口県下関市田中町１６番７号" }, "geometry": { "type": "Point", "coordinates": [ 130.940222, 33.958306 ] } },
{ "type": "Feature", "properties": { "ID": 3522353138010, "正式名称": "橋本クリニック", "機関区分": 2, "都道府県コード": 35, "市区町村コード": 201, "所在地": "山口県下関市長府江下町１番２４号", "緯度": 34.013167, "経度": 130.996778, "url": "https://www.iryou.teikyouseido.mhlw.go.jp/znk-web/juminkanja/S2430/initialize?prefCd=35&kikanCd=2353138010&kikanKbn=2", "url2": null, "内容": "橋本クリニック【2:診療所】【診療科目:精神科_心療内科】山口県下関市長府江下町１番２４号" }, "geometry": { "type": "Point", "coordinates": [ 130.996778, 34.013167 ] } },
{ "type": "Feature", "properties": { "ID": 3522353138690, "正式名称": "医療法人　まつもと眼科", "機関区分": 2, "都道府県コード": 35, "市区町村コード": 201, "所在地": "山口県下関市羽山町４番１号", "緯度": 33.968694, "経度": 130.929222, "url": "https://www.iryou.teikyouseido.mhlw.go.jp/znk-web/juminkanja/S2430/initialize?prefCd=35&kikanCd=2353138690&kikanKbn=2", "url2": "matsumoto-ganka.net/", "内容": "医療法人　まつもと眼科【2:診療所】【診療科目:眼科】山口県下関市羽山町４番１号" }, "geometry": { "type": "Point", "coordinates": [ 130.929222, 33.968694 ] } },
{ "type": "Feature", "properties": { "ID": 3522353138720, "正式名称": "医療法人正仁会　井町産婦人科医院", "機関区分": 2, "都道府県コード": 35, "市区町村コード": 201, "所在地": "山口県下関市秋根南町二丁目１番１８号", "緯度": 34.008389, "経度": 130.954972, "url": "https://www.iryou.teikyouseido.mhlw.go.jp/znk-web/juminkanja/S2430/initialize?prefCd=35&kikanCd=2353138720&kikanKbn=2", "url2": "http://www.imachi-sanfujinka.jp/", "内容": "医療法人正仁会　井町産婦人科医院【2:診療所】【診療科目:産婦人科】山口県下関市秋根南町二丁目１番１８号" }, "geometry": { "type": "Point", "coordinates": [ 130.954972, 34.008389 ] } },
{ "type": "Feature", "properties": { "ID": 3522353138850, "正式名称": "医療法人社団はりま内科胃腸科医院", "機関区分": 2, "都道府県コード": 35, "市区町村コード": 201, "所在地": "山口県下関市長府中六波１４－１２", "緯度": 34.012417, "経度": 130.990333, "url": "https://www.iryou.teikyouseido.mhlw.go.jp/znk-web/juminkanja/S2430/initialize?prefCd=35&kikanCd=2353138850&kikanKbn=2", "url2": "https://harima.clinic/", "内容": "医療法人社団はりま内科胃腸科医院【2:診療所】【診療科目:内科_呼吸器内科_循環器内科_胃腸内科_小児科_リハビリテーション科_放射線科】山口県下関市長府中六波１４－１２" }, "geometry": { "type": "Point", "coordinates": [ 130.990333, 34.012417 ] } },
{ "type": "Feature", "properties": { "ID": 3522353138980, "正式名称": "医療法人　池田メディカルクリニック", "機関区分": 2, "都道府県コード": 35, "市区町村コード": 201, "所在地": "山口県下関市垢田町一丁目１６－３３", "緯度": 33.99275, "経度": 130.927028, "url": "https://www.iryou.teikyouseido.mhlw.go.jp/znk-web/juminkanja/S2430/initialize?prefCd=35&kikanCd=2353138980&kikanKbn=2", "url2": null, "内容": "医療法人　池田メディカルクリニック【2:診療所】【診療科目:内科_消化器内科】山口県下関市垢田町一丁目１６－３３" }, "geometry": { "type": "Point", "coordinates": [ 130.927028, 33.99275 ] } },
{ "type": "Feature", "properties": { "ID": 3522353139020, "正式名称": "きし腎泌尿器科", "機関区分": 2, "都道府県コード": 35, "市区町村コード": 201, "所在地": "山口県下関市川中豊町７丁目１番３７号", "緯度": 34.004222, "経度": 130.945944, "url": "https://www.iryou.teikyouseido.mhlw.go.jp/znk-web/juminkanja/S2430/initialize?prefCd=35&kikanCd=2353139020&kikanKbn=2", "url2": "http://www.sanyokai.or.jp/", "内容": "きし腎泌尿器科【2:診療所】【診療科目:腎臓内科_泌尿器科】山口県下関市川中豊町７丁目１番３７号" }, "geometry": { "type": "Point", "coordinates": [ 130.945944, 34.004222 ] } },
{ "type": "Feature", "properties": { "ID": 3522353139280, "正式名称": "医療法人社団　王司こどもクリニック", "機関区分": 2, "都道府県コード": 35, "市区町村コード": 201, "所在地": "山口県下関市王司上町一丁目８番７号", "緯度": 34.042972, "経度": 131.013528, "url": "https://www.iryou.teikyouseido.mhlw.go.jp/znk-web/juminkanja/S2430/initialize?prefCd=35&kikanCd=2353139280&kikanKbn=2", "url2": "http://oji-kodomo.byoinnavi.jp/pc/", "内容": "医療法人社団　王司こどもクリニック【2:診療所】【診療科目:小児科_アレルギー科】山口県下関市王司上町一丁目８番７号" }, "geometry": { "type": "Point", "coordinates": [ 131.013528, 34.042972 ] } },
{ "type": "Feature", "properties": { "ID": 3522353139440, "正式名称": "医療法人正祥会　にしはらクリニック", "機関区分": 2, "都道府県コード": 35, "市区町村コード": 201, "所在地": "山口県下関市生野町二丁目３３番１０", "緯度": 33.98575, "経度": 130.937306, "url": "https://www.iryou.teikyouseido.mhlw.go.jp/znk-web/juminkanja/S2430/initialize?prefCd=35&kikanCd=2353139440&kikanKbn=2", "url2": "http://www.seishoukai.jp/", "内容": "医療法人正祥会　にしはらクリニック【2:診療所】【診療科目:神経内科_消化器外科_乳腺外科_肛門外科_精神科_心療内科_放射線科】山口県下関市生野町二丁目３３番１０" }, "geometry": { "type": "Point", "coordinates": [ 130.937306, 33.98575 ] } },
{ "type": "Feature", "properties": { "ID": 3522353139570, "正式名称": "医療法人社団長府みらいクリニック", "機関区分": 2, "都道府県コード": 35, "市区町村コード": 201, "所在地": "山口県下関市長府才川二丁目１２番１２号", "緯度": 34.0225, "経度": 131.003889, "url": "https://www.iryou.teikyouseido.mhlw.go.jp/znk-web/juminkanja/S2430/initialize?prefCd=35&kikanCd=2353139570&kikanKbn=2", "url2": "http://www.miraiclinic.com/", "内容": "医療法人社団長府みらいクリニック【2:診療所】【診療科目:呼吸器内科_消化器内科_外科_肛門外科_整形外科_リハビリテーション科_麻酔科】山口県下関市長府才川二丁目１２番１２号" }, "geometry": { "type": "Point", "coordinates": [ 131.003889, 34.0225 ] } },
{ "type": "Feature", "properties": { "ID": 3522353139600, "正式名称": "医療法人　あさの眼科医院", "機関区分": 2, "都道府県コード": 35, "市区町村コード": 201, "所在地": "山口県下関市梶栗町二丁目２番３６号", "緯度": 34.014417, "経度": 130.919722, "url": "https://www.iryou.teikyouseido.mhlw.go.jp/znk-web/juminkanja/S2430/initialize?prefCd=35&kikanCd=2353139600&kikanKbn=2", "url2": null, "内容": "医療法人　あさの眼科医院【2:診療所】【診療科目:眼科】山口県下関市梶栗町二丁目２番３６号" }, "geometry": { "type": "Point", "coordinates": [ 130.919722, 34.014417 ] } },
{ "type": "Feature", "properties": { "ID": 3522353139730, "正式名称": "青葉こどもクリニック", "機関区分": 2, "都道府県コード": 35, "市区町村コード": 201, "所在地": "山口県下関市秋根南町二丁目２番２２号", "緯度": 34.007889, "経度": 130.954917, "url": "https://www.iryou.teikyouseido.mhlw.go.jp/znk-web/juminkanja/S2430/initialize?prefCd=35&kikanCd=2353139730&kikanKbn=2", "url2": null, "内容": "青葉こどもクリニック【2:診療所】【診療科目:小児科】山口県下関市秋根南町二丁目２番２２号" }, "geometry": { "type": "Point", "coordinates": [ 130.954917, 34.007889 ] } },
{ "type": "Feature", "properties": { "ID": 3522353139860, "正式名称": "医療法人　やまさきファミリークリニック", "機関区分": 2, "都道府県コード": 35, "市区町村コード": 201, "所在地": "山口県下関市新垢田東町二丁目２－１６", "緯度": 33.989111, "経度": 130.91375, "url": "https://www.iryou.teikyouseido.mhlw.go.jp/znk-web/juminkanja/S2430/initialize?prefCd=35&kikanCd=2353139860&kikanKbn=2", "url2": "www.yamasaki-familycl.com", "内容": "医療法人　やまさきファミリークリニック【2:診療所】【診療科目:内科_呼吸器内科_循環器内科_消化器内科】山口県下関市新垢田東町二丁目２－１６" }, "geometry": { "type": "Point", "coordinates": [ 130.91375, 33.989111 ] } },
{ "type": "Feature", "properties": { "ID": 3522353139990, "正式名称": "医療法人　吉利医院", "機関区分": 2, "都道府県コード": 35, "市区町村コード": 201, "所在地": "山口県下関市後田町一丁目８番１７号", "緯度": 33.968833, "経度": 130.930611, "url": "https://www.iryou.teikyouseido.mhlw.go.jp/znk-web/juminkanja/S2430/initialize?prefCd=35&kikanCd=2353139990&kikanKbn=2", "url2": null, "内容": "医療法人　吉利医院【2:診療所】【診療科目:内科_循環器内科_血管外科_心臓血管外科_皮膚科_泌尿器科】山口県下関市後田町一丁目８番１７号" }, "geometry": { "type": "Point", "coordinates": [ 130.930611, 33.968833 ] } },
{ "type": "Feature", "properties": { "ID": 3522353140390, "正式名称": "花園内科クリニック", "機関区分": 2, "都道府県コード": 35, "市区町村コード": 201, "所在地": "山口県下関市後田町二丁目１番４１号", "緯度": 33.97125, "経度": 130.931611, "url": "https://www.iryou.teikyouseido.mhlw.go.jp/znk-web/juminkanja/S2430/initialize?prefCd=35&kikanCd=2353140390&kikanKbn=2", "url2": "hanazononaikaclinic.com", "内容": "花園内科クリニック【2:診療所】【診療科目:内科_消化器内科】山口県下関市後田町二丁目１番４１号" }, "geometry": { "type": "Point", "coordinates": [ 130.931611, 33.97125 ] } },
{ "type": "Feature", "properties": { "ID": 3522353140550, "正式名称": "医療法人まつきクリニック", "機関区分": 2, "都道府県コード": 35, "市区町村コード": 201, "所在地": "山口県下関市秋根南町１－６－２９", "緯度": 34.007778, "経度": 130.95175, "url": "https://www.iryou.teikyouseido.mhlw.go.jp/znk-web/juminkanja/S2430/initialize?prefCd=35&kikanCd=2353140550&kikanKbn=2", "url2": null, "内容": "医療法人まつきクリニック【2:診療所】【診療科目:内科_精神科_心療内科】山口県下関市秋根南町１－６－２９" }, "geometry": { "type": "Point", "coordinates": [ 130.95175, 34.007778 ] } },
{ "type": "Feature", "properties": { "ID": 3522353140710, "正式名称": "医療法人　ごとう内科呼吸器科クリニック", "機関区分": 2, "都道府県コード": 35, "市区町村コード": 201, "所在地": "山口県下関市秋根南町１丁目５番２８号", "緯度": 34.007722, "経度": 130.950917, "url": "https://www.iryou.teikyouseido.mhlw.go.jp/znk-web/juminkanja/S2430/initialize?prefCd=35&kikanCd=2353140710&kikanKbn=2", "url2": null, "内容": "医療法人　ごとう内科呼吸器科クリニック【2:診療所】【診療科目:内科_呼吸器内科】山口県下関市秋根南町１丁目５番２８号" }, "geometry": { "type": "Point", "coordinates": [ 130.950917, 34.007722 ] } },
{ "type": "Feature", "properties": { "ID": 3522353140840, "正式名称": "医療法人社団筒井整形外科クリニック", "機関区分": 2, "都道府県コード": 35, "市区町村コード": 201, "所在地": "山口県下関市一の宮町３丁目１１番３号", "緯度": 33.996389, "経度": 130.951611, "url": "https://www.iryou.teikyouseido.mhlw.go.jp/znk-web/juminkanja/S2430/initialize?prefCd=35&kikanCd=2353140840&kikanKbn=2", "url2": "https://www.tsutsuiseikeigeka-clinic.com/", "内容": "医療法人社団筒井整形外科クリニック【2:診療所】【診療科目:整形外科_リハビリテーション科】山口県下関市一の宮町３丁目１１番３号" }, "geometry": { "type": "Point", "coordinates": [ 130.951611, 33.996389 ] } },
{ "type": "Feature", "properties": { "ID": 3522353140970, "正式名称": "やかべ産婦人科医院", "機関区分": 2, "都道府県コード": 35, "市区町村コード": 201, "所在地": "山口県下関市秋根西町１丁目６－２５", "緯度": 34.008583, "経度": 130.946083, "url": "https://www.iryou.teikyouseido.mhlw.go.jp/znk-web/juminkanja/S2430/initialize?prefCd=35&kikanCd=2353140970&kikanKbn=2", "url2": "http://www.yakabe0303", "内容": "やかべ産婦人科医院【2:診療所】【診療科目:産婦人科】山口県下関市秋根西町１丁目６－２５" }, "geometry": { "type": "Point", "coordinates": [ 130.946083, 34.008583 ] } },
{ "type": "Feature", "properties": { "ID": 3522353141010, "正式名称": "林クリニック", "機関区分": 2, "都道府県コード": 35, "市区町村コード": 201, "所在地": "山口県下関市王司上町四丁目２番４０号", "緯度": 34.03825, "経度": 131.011806, "url": "https://www.iryou.teikyouseido.mhlw.go.jp/znk-web/juminkanja/S2430/initialize?prefCd=35&kikanCd=2353141010&kikanKbn=2", "url2": "http:/www.hayashiclinic.org", "内容": "林クリニック【2:診療所】【診療科目:内科_脳神経外科_リハビリテーション科】山口県下関市王司上町四丁目２番４０号" }, "geometry": { "type": "Point", "coordinates": [ 131.011806, 34.03825 ] } },
{ "type": "Feature", "properties": { "ID": 3522353141140, "正式名称": "医療法人池田会　いけだ内科", "機関区分": 2, "都道府県コード": 35, "市区町村コード": 201, "所在地": "山口県下関市一の宮町３丁目１１番２号", "緯度": 33.996333, "経度": 130.951833, "url": "https://www.iryou.teikyouseido.mhlw.go.jp/znk-web/juminkanja/S2430/initialize?prefCd=35&kikanCd=2353141140&kikanKbn=2", "url2": null, "内容": "医療法人池田会　いけだ内科【2:診療所】【診療科目:内科_呼吸器内科_アレルギー科】山口県下関市一の宮町３丁目１１番２号" }, "geometry": { "type": "Point", "coordinates": [ 130.951833, 33.996333 ] } },
{ "type": "Feature", "properties": { "ID": 3522353141430, "正式名称": "医療法人　長府第一クリニック", "機関区分": 2, "都道府県コード": 35, "市区町村コード": 201, "所在地": "山口県下関市長府中之町２－２１", "緯度": 33.999889, "経度": 130.990472, "url": "https://www.iryou.teikyouseido.mhlw.go.jp/znk-web/juminkanja/S2430/initialize?prefCd=35&kikanCd=2353141430&kikanKbn=2", "url2": null, "内容": "医療法人　長府第一クリニック【2:診療所】【診療科目:内科】山口県下関市長府中之町２－２１" }, "geometry": { "type": "Point", "coordinates": [ 130.990472, 33.999889 ] } },
{ "type": "Feature", "properties": { "ID": 3522353141560, "正式名称": "田村循環器科内科", "機関区分": 2, "都道府県コード": 35, "市区町村コード": 201, "所在地": "山口県下関市幸町１３番２４号", "緯度": 33.962639, "経度": 130.943889, "url": "https://www.iryou.teikyouseido.mhlw.go.jp/znk-web/juminkanja/S2430/initialize?prefCd=35&kikanCd=2353141560&kikanKbn=2", "url2": null, "内容": "田村循環器科内科【2:診療所】【診療科目:内科_循環器内科】山口県下関市幸町１３番２４号" }, "geometry": { "type": "Point", "coordinates": [ 130.943889, 33.962639 ] } },
{ "type": "Feature", "properties": { "ID": 3522353141720, "正式名称": "医療法人青丘会　大塚医院", "機関区分": 2, "都道府県コード": 35, "市区町村コード": 201, "所在地": "山口県下関市竹崎町三丁目５番３１号", "緯度": 33.952694, "経度": 130.921861, "url": "https://www.iryou.teikyouseido.mhlw.go.jp/znk-web/juminkanja/S2430/initialize?prefCd=35&kikanCd=2353141720&kikanKbn=2", "url2": "http://otsuka-clinic.com/sitemap.html", "内容": "医療法人青丘会　大塚医院【2:診療所】【診療科目:皮膚科_美容皮膚科_泌尿器科】山口県下関市竹崎町三丁目５番３１号" }, "geometry": { "type": "Point", "coordinates": [ 130.921861, 33.952694 ] } },
{ "type": "Feature", "properties": { "ID": 3522353141850, "正式名称": "青木眼科", "機関区分": 2, "都道府県コード": 35, "市区町村コード": 201, "所在地": "山口県下関市安岡本町二丁目１番１９号", "緯度": 34.02725, "経度": 130.913, "url": "https://www.iryou.teikyouseido.mhlw.go.jp/znk-web/juminkanja/S2430/initialize?prefCd=35&kikanCd=2353141850&kikanKbn=2", "url2": "https://www.aoki-eye.net", "内容": "青木眼科【2:診療所】【診療科目:眼科】山口県下関市安岡本町二丁目１番１９号" }, "geometry": { "type": "Point", "coordinates": [ 130.913, 34.02725 ] } },
{ "type": "Feature", "properties": { "ID": 3522353141980, "正式名称": "やまおか内科循環器科", "機関区分": 2, "都道府県コード": 35, "市区町村コード": 201, "所在地": "山口県下関市梶栗町三丁目７－１０", "緯度": 34.014306, "経度": 130.920611, "url": "https://www.iryou.teikyouseido.mhlw.go.jp/znk-web/juminkanja/S2430/initialize?prefCd=35&kikanCd=2353141980&kikanKbn=2", "url2": null, "内容": "やまおか内科循環器科【2:診療所】【診療科目:内科_呼吸器内科_循環器内科_アレルギー科】山口県下関市梶栗町三丁目７－１０" }, "geometry": { "type": "Point", "coordinates": [ 130.920611, 34.014306 ] } },
{ "type": "Feature", "properties": { "ID": 3522353142020, "正式名称": "あやめ内科", "機関区分": 2, "都道府県コード": 35, "市区町村コード": 201, "所在地": "山口県下関市本町一丁目１番２０号", "緯度": 33.962167, "経度": 130.950639, "url": "https://www.iryou.teikyouseido.mhlw.go.jp/znk-web/juminkanja/S2430/initialize?prefCd=35&kikanCd=2353142020&kikanKbn=2", "url2": "http://www.ayamenaika.jp", "内容": "あやめ内科【2:診療所】【診療科目:内科_糖尿病内科_内分泌内科】山口県下関市本町一丁目１番２０号" }, "geometry": { "type": "Point", "coordinates": [ 130.950639, 33.962167 ] } },
{ "type": "Feature", "properties": { "ID": 3522353142150, "正式名称": "医療法人社団　桜山皮ふ科", "機関区分": 2, "都道府県コード": 35, "市区町村コード": 201, "所在地": "山口県下関市上新地町三丁目１番７号", "緯度": 33.96, "経度": 130.919028, "url": "https://www.iryou.teikyouseido.mhlw.go.jp/znk-web/juminkanja/S2430/initialize?prefCd=35&kikanCd=2353142150&kikanKbn=2", "url2": "http://www.sakurayama-hifuka.or.jp/", "内容": "医療法人社団　桜山皮ふ科【2:診療所】【診療科目:皮膚科】山口県下関市上新地町三丁目１番７号" }, "geometry": { "type": "Point", "coordinates": [ 130.919028, 33.96 ] } },
{ "type": "Feature", "properties": { "ID": 3522353142280, "正式名称": "医療法人社団　徳心会　おおむら循環器科クリニック", "機関区分": 2, "都道府県コード": 35, "市区町村コード": 201, "所在地": "山口県下関市大坪本町３６番２０号", "緯度": 33.9735, "経度": 130.919306, "url": "https://www.iryou.teikyouseido.mhlw.go.jp/znk-web/juminkanja/S2430/initialize?prefCd=35&kikanCd=2353142280&kikanKbn=2", "url2": "https://www.omura-jyunkankika-clinic.jp", "内容": "医療法人社団　徳心会　おおむら循環器科クリニック【2:診療所】【診療科目:内科_循環器内科】山口県下関市大坪本町３６番２０号" }, "geometry": { "type": "Point", "coordinates": [ 130.919306, 33.9735 ] } },
{ "type": "Feature", "properties": { "ID": 3522353142570, "正式名称": "医療法人社団　大畑内科呼吸器科", "機関区分": 2, "都道府県コード": 35, "市区町村コード": 201, "所在地": "山口県下関市武久町１丁目４０－１４", "緯度": 33.980361, "経度": 130.923056, "url": "https://www.iryou.teikyouseido.mhlw.go.jp/znk-web/juminkanja/S2430/initialize?prefCd=35&kikanCd=2353142570&kikanKbn=2", "url2": null, "内容": "医療法人社団　大畑内科呼吸器科【2:診療所】【診療科目:内科_呼吸器内科_アレルギー科】山口県下関市武久町１丁目４０－１４" }, "geometry": { "type": "Point", "coordinates": [ 130.923056, 33.980361 ] } },
{ "type": "Feature", "properties": { "ID": 3522353142600, "正式名称": "ひろしげ眼科医院", "機関区分": 2, "都道府県コード": 35, "市区町村コード": 201, "所在地": "山口県下関市上田中町２－２－５", "緯度": 33.965389, "経度": 130.941722, "url": "https://www.iryou.teikyouseido.mhlw.go.jp/znk-web/juminkanja/S2430/initialize?prefCd=35&kikanCd=2353142600&kikanKbn=2", "url2": null, "内容": "ひろしげ眼科医院【2:診療所】【診療科目:眼科】山口県下関市上田中町２－２－５" }, "geometry": { "type": "Point", "coordinates": [ 130.941722, 33.965389 ] } },
{ "type": "Feature", "properties": { "ID": 3522353142990, "正式名称": "はら医院", "機関区分": 2, "都道府県コード": 35, "市区町村コード": 201, "所在地": "山口県下関市羽山町１番１－２０１号", "緯度": 33.968361, "経度": 130.929583, "url": "https://www.iryou.teikyouseido.mhlw.go.jp/znk-web/juminkanja/S2430/initialize?prefCd=35&kikanCd=2353142990&kikanKbn=2", "url2": null, "内容": "はら医院【2:診療所】【診療科目:神経内科_精神科_心療内科】山口県下関市羽山町１番１－２０１号" }, "geometry": { "type": "Point", "coordinates": [ 130.929583, 33.968361 ] } },
{ "type": "Feature", "properties": { "ID": 3522353143320, "正式名称": "耳鼻咽喉科でんでんむしクリニック", "機関区分": 2, "都道府県コード": 35, "市区町村コード": 201, "所在地": "山口県下関市清末鞍馬３丁目４番１３号", "緯度": 34.064861, "経度": 131.0265, "url": "https://www.iryou.teikyouseido.mhlw.go.jp/znk-web/juminkanja/S2430/initialize?prefCd=35&kikanCd=2353143320&kikanKbn=2", "url2": null, "内容": "耳鼻咽喉科でんでんむしクリニック【2:診療所】【診療科目:耳鼻いんこう科_頭頸部・耳鼻いんこう科】山口県下関市清末鞍馬３丁目４番１３号" }, "geometry": { "type": "Point", "coordinates": [ 131.0265, 34.064861 ] } },
{ "type": "Feature", "properties": { "ID": 3522353143450, "正式名称": "カイクリニック", "機関区分": 2, "都道府県コード": 35, "市区町村コード": 201, "所在地": "山口県下関市秋根東町６－１４", "緯度": 34.009583, "経度": 130.954472, "url": "https://www.iryou.teikyouseido.mhlw.go.jp/znk-web/juminkanja/S2430/initialize?prefCd=35&kikanCd=2353143450&kikanKbn=2", "url2": null, "内容": "カイクリニック【2:診療所】【診療科目:神経内科_精神科_心療内科】山口県下関市秋根東町６－１４" }, "geometry": { "type": "Point", "coordinates": [ 130.954472, 34.009583 ] } },
{ "type": "Feature", "properties": { "ID": 3522353143580, "正式名称": "水町内科消化器科医院", "機関区分": 2, "都道府県コード": 35, "市区町村コード": 201, "所在地": "山口県下関市綾羅木本町４丁目１－３０", "緯度": 34.004972, "経度": 130.924278, "url": "https://www.iryou.teikyouseido.mhlw.go.jp/znk-web/juminkanja/S2430/initialize?prefCd=35&kikanCd=2353143580&kikanKbn=2", "url2": "http://www.mizumachi-cl.com", "内容": "水町内科消化器科医院【2:診療所】【診療科目:呼吸器内科_循環器内科_消化器内科_小児科】山口県下関市綾羅木本町４丁目１－３０" }, "geometry": { "type": "Point", "coordinates": [ 130.924278, 34.004972 ] } },
{ "type": "Feature", "properties": { "ID": 3522353143610, "正式名称": "医療法人社団えいこう会すぎはら内科・消化器病クリニック", "機関区分": 2, "都道府県コード": 35, "市区町村コード": 201, "所在地": "山口県下関市古屋町１－１１－１", "緯度": 33.998194, "経度": 130.924472, "url": "https://www.iryou.teikyouseido.mhlw.go.jp/znk-web/juminkanja/S2430/initialize?prefCd=35&kikanCd=2353143610&kikanKbn=2", "url2": "http:/sugihara.life.coocan.jp/", "内容": "医療法人社団えいこう会すぎはら内科・消化器病クリニック【2:診療所】【診療科目:内科_消化器内科_外科_リハビリテーション科】山口県下関市古屋町１－１１－１" }, "geometry": { "type": "Point", "coordinates": [ 130.924472, 33.998194 ] } },
{ "type": "Feature", "properties": { "ID": 3522353143740, "正式名称": "社会医療法人松涛会　彦島内科", "機関区分": 2, "都道府県コード": 35, "市区町村コード": 201, "所在地": "山口県下関市彦島江の浦町９丁目４番５号", "緯度": 33.929889, "経度": 130.917861, "url": "https://www.iryou.teikyouseido.mhlw.go.jp/znk-web/juminkanja/S2430/initialize?prefCd=35&kikanCd=2353143740&kikanKbn=2", "url2": "http://syoutoukai.or.jp/shisetsu/hikoshima.html", "内容": "社会医療法人松涛会　彦島内科【2:診療所】【診療科目:内科_リハビリテーション科】山口県下関市彦島江の浦町９丁目４番５号" }, "geometry": { "type": "Point", "coordinates": [ 130.917861, 33.929889 ] } },
{ "type": "Feature", "properties": { "ID": 3522353143870, "正式名称": "細江クリニック", "機関区分": 2, "都道府県コード": 35, "市区町村コード": 201, "所在地": "山口県下関市細江町３丁目２番１６号", "緯度": 33.950722, "経度": 130.929944, "url": "https://www.iryou.teikyouseido.mhlw.go.jp/znk-web/juminkanja/S2430/initialize?prefCd=35&kikanCd=2353143870&kikanKbn=2", "url2": "https://www.hosoeclinic.or.jp/", "内容": "細江クリニック【2:診療所】【診療科目:内科_人工透析内科_リウマチ科_リハビリテーション科】山口県下関市細江町３丁目２番１６号" }, "geometry": { "type": "Point", "coordinates": [ 130.929944, 33.950722 ] } },
{ "type": "Feature", "properties": { "ID": 3522353143900, "正式名称": "城下町こころクリニック", "機関区分": 2, "都道府県コード": 35, "市区町村コード": 201, "所在地": "山口県下関市長府惣社町１－１４", "緯度": 33.997139, "経度": 130.986722, "url": "https://www.iryou.teikyouseido.mhlw.go.jp/znk-web/juminkanja/S2430/initialize?prefCd=35&kikanCd=2353143900&kikanKbn=2", "url2": null, "内容": "城下町こころクリニック【2:診療所】【診療科目:精神科_心療内科】山口県下関市長府惣社町１－１４" }, "geometry": { "type": "Point", "coordinates": [ 130.986722, 33.997139 ] } },
{ "type": "Feature", "properties": { "ID": 3522353144040, "正式名称": "医療法人社団　のうまる内科", "機関区分": 2, "都道府県コード": 35, "市区町村コード": 201, "所在地": "山口県下関市羽山町　２０－１０", "緯度": 33.968611, "経度": 130.923972, "url": "https://www.iryou.teikyouseido.mhlw.go.jp/znk-web/juminkanja/S2430/initialize?prefCd=35&kikanCd=2353144040&kikanKbn=2", "url2": null, "内容": "医療法人社団　のうまる内科【2:診療所】【診療科目:内科_消化器内科】山口県下関市羽山町　２０－１０" }, "geometry": { "type": "Point", "coordinates": [ 130.923972, 33.968611 ] } },
{ "type": "Feature", "properties": { "ID": 3522353144170, "正式名称": "医療法人社団　下関さくらクリニック", "機関区分": 2, "都道府県コード": 35, "市区町村コード": 201, "所在地": "山口県下関市有冨１６７－２", "緯度": 34.013556, "経度": 130.947694, "url": "https://www.iryou.teikyouseido.mhlw.go.jp/znk-web/juminkanja/S2430/initialize?prefCd=35&kikanCd=2353144170&kikanKbn=2", "url2": "www.s-sakura-c.com", "内容": "医療法人社団　下関さくらクリニック【2:診療所】【診療科目:乳腺外科】山口県下関市有冨１６７－２" }, "geometry": { "type": "Point", "coordinates": [ 130.947694, 34.013556 ] } },
{ "type": "Feature", "properties": { "ID": 3522353144200, "正式名称": "医療法人社団　ふかほり整形外科", "機関区分": 2, "都道府県コード": 35, "市区町村コード": 201, "所在地": "山口県下関市有冨１６７－３", "緯度": 34.013556, "経度": 130.947361, "url": "https://www.iryou.teikyouseido.mhlw.go.jp/znk-web/juminkanja/S2430/initialize?prefCd=35&kikanCd=2353144200&kikanKbn=2", "url2": null, "内容": "医療法人社団　ふかほり整形外科【2:診療所】【診療科目:整形外科_リウマチ科_リハビリテーション科】山口県下関市有冨１６７－３" }, "geometry": { "type": "Point", "coordinates": [ 130.947361, 34.013556 ] } },
{ "type": "Feature", "properties": { "ID": 3522353144330, "正式名称": "医療法人社団　かげやま耳鼻咽喉科クリニック", "機関区分": 2, "都道府県コード": 35, "市区町村コード": 201, "所在地": "山口県下関市一の宮町４－１－５", "緯度": 34.000444, "経度": 130.946583, "url": "https://www.iryou.teikyouseido.mhlw.go.jp/znk-web/juminkanja/S2430/initialize?prefCd=35&kikanCd=2353144330&kikanKbn=2", "url2": "https://kageyama-ent.onamaeweb.jp", "内容": "医療法人社団　かげやま耳鼻咽喉科クリニック【2:診療所】【診療科目:耳鼻いんこう科】山口県下関市一の宮町４－１－５" }, "geometry": { "type": "Point", "coordinates": [ 130.946583, 34.000444 ] } },
{ "type": "Feature", "properties": { "ID": 3522353144460, "正式名称": "あやらぎこどもクリニック", "機関区分": 2, "都道府県コード": 35, "市区町村コード": 201, "所在地": "山口県下関市綾羅木本町５丁目２番７号", "緯度": 34.006333, "経度": 130.923722, "url": "https://www.iryou.teikyouseido.mhlw.go.jp/znk-web/juminkanja/S2430/initialize?prefCd=35&kikanCd=2353144460&kikanKbn=2", "url2": null, "内容": "あやらぎこどもクリニック【2:診療所】【診療科目:小児科】山口県下関市綾羅木本町５丁目２番７号" }, "geometry": { "type": "Point", "coordinates": [ 130.923722, 34.006333 ] } },
{ "type": "Feature", "properties": { "ID": 3522353144620, "正式名称": "おぐす内科・消化器科クリニック", "機関区分": 2, "都道府県コード": 35, "市区町村コード": 201, "所在地": "山口県下関市小月茶屋１丁目８番２２号", "緯度": 34.068972, "経度": 131.030222, "url": "https://www.iryou.teikyouseido.mhlw.go.jp/znk-web/juminkanja/S2430/initialize?prefCd=35&kikanCd=2353144620&kikanKbn=2", "url2": "http://www.ogusu-clinic.jp", "内容": "おぐす内科・消化器科クリニック【2:診療所】【診療科目:内科_消化器内科】山口県下関市小月茶屋１丁目８番２２号" }, "geometry": { "type": "Point", "coordinates": [ 131.030222, 34.068972 ] } },
{ "type": "Feature", "properties": { "ID": 3522353144750, "正式名称": "藤井メンタルクリニック", "機関区分": 2, "都道府県コード": 35, "市区町村コード": 201, "所在地": "山口県下関市細江町三丁目３番地１　アドバンス２１ベイスクエア下関２０５号", "緯度": 33.950167, "経度": 130.930861, "url": "https://www.iryou.teikyouseido.mhlw.go.jp/znk-web/juminkanja/S2430/initialize?prefCd=35&kikanCd=2353144750&kikanKbn=2", "url2": null, "内容": "藤井メンタルクリニック【2:診療所】【診療科目:精神科】山口県下関市細江町三丁目３番地１　アドバンス２１ベイスクエア下関２０５号" }, "geometry": { "type": "Point", "coordinates": [ 130.930861, 33.950167 ] } },
{ "type": "Feature", "properties": { "ID": 3522353144880, "正式名称": "きぬがわ眼科", "機関区分": 2, "都道府県コード": 35, "市区町村コード": 201, "所在地": "山口県下関市豊浦町吉永１８４３", "緯度": 34.141465, "経度": 130.920915, "url": "https://www.iryou.teikyouseido.mhlw.go.jp/znk-web/juminkanja/S2430/initialize?prefCd=35&kikanCd=2353144880&kikanKbn=2", "url2": null, "内容": "きぬがわ眼科【2:診療所】【診療科目:眼科】山口県下関市豊浦町吉永１８４３" }, "geometry": { "type": "Point", "coordinates": [ 130.920915, 34.141465 ] } },
{ "type": "Feature", "properties": { "ID": 3522353145180, "正式名称": "長府泌尿器科クリニック", "機関区分": 2, "都道府県コード": 35, "市区町村コード": 201, "所在地": "山口県下関市長府金屋町３番１号", "緯度": 34.00225, "経度": 130.989528, "url": "https://www.iryou.teikyouseido.mhlw.go.jp/znk-web/juminkanja/S2430/initialize?prefCd=35&kikanCd=2353145180&kikanKbn=2", "url2": null, "内容": "長府泌尿器科クリニック【2:診療所】【診療科目:泌尿器科】山口県下関市長府金屋町３番１号" }, "geometry": { "type": "Point", "coordinates": [ 130.989528, 34.00225 ] } },
{ "type": "Feature", "properties": { "ID": 3522353145210, "正式名称": "さいとうレディースクリニック", "機関区分": 2, "都道府県コード": 35, "市区町村コード": 201, "所在地": "山口県下関市細江町３丁目３－１－２０６", "緯度": 33.950333, "経度": 130.930806, "url": "https://www.iryou.teikyouseido.mhlw.go.jp/znk-web/juminkanja/S2430/initialize?prefCd=35&kikanCd=2353145210&kikanKbn=2", "url2": "http://www.saitowclinic.jp", "内容": "さいとうレディースクリニック【2:診療所】【診療科目:婦人科_放射線科】山口県下関市細江町３丁目３－１－２０６" }, "geometry": { "type": "Point", "coordinates": [ 130.930806, 33.950333 ] } },
{ "type": "Feature", "properties": { "ID": 3522353145340, "正式名称": "ふごの内科クリニック", "機関区分": 2, "都道府県コード": 35, "市区町村コード": 201, "所在地": "山口県下関市赤間町５－１１", "緯度": 33.960028, "経度": 130.943389, "url": "https://www.iryou.teikyouseido.mhlw.go.jp/znk-web/juminkanja/S2430/initialize?prefCd=35&kikanCd=2353145340&kikanKbn=2", "url2": "https://fugono.web.fc2.com/", "内容": "ふごの内科クリニック【2:診療所】【診療科目:内科_消化器内科】山口県下関市赤間町５－１１" }, "geometry": { "type": "Point", "coordinates": [ 130.943389, 33.960028 ] } },
{ "type": "Feature", "properties": { "ID": 3522353145470, "正式名称": "東京美容外科山口院", "機関区分": 2, "都道府県コード": 35, "市区町村コード": 201, "所在地": "山口県下関市秋根西町１－３－９　小林ビル３０１号", "緯度": 34.008833, "経度": 130.948806, "url": "https://www.iryou.teikyouseido.mhlw.go.jp/znk-web/juminkanja/S2430/initialize?prefCd=35&kikanCd=2353145470&kikanKbn=2", "url2": "http://www.tkc110.jp/", "内容": "東京美容外科山口院【2:診療所】【診療科目:形成外科_美容外科_皮膚科】山口県下関市秋根西町１－３－９　小林ビル３０１号" }, "geometry": { "type": "Point", "coordinates": [ 130.948806, 34.008833 ] } },
{ "type": "Feature", "properties": { "ID": 3522353145630, "正式名称": "森山整形クリニック", "機関区分": 2, "都道府県コード": 35, "市区町村コード": 201, "所在地": "山口県下関市幡生本町２番２号", "緯度": 33.979, "経度": 130.927472, "url": "https://www.iryou.teikyouseido.mhlw.go.jp/znk-web/juminkanja/S2430/initialize?prefCd=35&kikanCd=2353145630&kikanKbn=2", "url2": "https://clinic-moriyama.ecnet.jp/", "内容": "森山整形クリニック【2:診療所】【診療科目:整形外科_リハビリテーション科_麻酔科】山口県下関市幡生本町２番２号" }, "geometry": { "type": "Point", "coordinates": [ 130.927472, 33.979 ] } },
{ "type": "Feature", "properties": { "ID": 3522353145920, "正式名称": "寺崎整形外科", "機関区分": 2, "都道府県コード": 35, "市区町村コード": 201, "所在地": "山口県下関市貴船町２丁目３番２０号", "緯度": 33.966528, "経度": 130.941972, "url": "https://www.iryou.teikyouseido.mhlw.go.jp/znk-web/juminkanja/S2430/initialize?prefCd=35&kikanCd=2353145920&kikanKbn=2", "url2": null, "内容": "寺崎整形外科【2:診療所】【診療科目:整形外科_リウマチ科_リハビリテーション科】山口県下関市貴船町２丁目３番２０号" }, "geometry": { "type": "Point", "coordinates": [ 130.941972, 33.966528 ] } },
{ "type": "Feature", "properties": { "ID": 3522353146060, "正式名称": "しみず耳鼻咽喉科クリニック", "機関区分": 2, "都道府県コード": 35, "市区町村コード": 201, "所在地": "山口県下関市彦島江の浦町１－５－１７", "緯度": 33.935944, "経度": 130.911806, "url": "https://www.iryou.teikyouseido.mhlw.go.jp/znk-web/juminkanja/S2430/initialize?prefCd=35&kikanCd=2353146060&kikanKbn=2", "url2": "http://www.shimizu-c.com", "内容": "しみず耳鼻咽喉科クリニック【2:診療所】【診療科目:耳鼻いんこう科】山口県下関市彦島江の浦町１－５－１７" }, "geometry": { "type": "Point", "coordinates": [ 130.911806, 33.935944 ] } },
{ "type": "Feature", "properties": { "ID": 3522353146190, "正式名称": "医療法人小西循環器科・内科医院", "機関区分": 2, "都道府県コード": 35, "市区町村コード": 201, "所在地": "山口県下関市伊倉町２丁目１番１０号", "緯度": 34.003167, "経度": 130.931611, "url": "https://www.iryou.teikyouseido.mhlw.go.jp/znk-web/juminkanja/S2430/initialize?prefCd=35&kikanCd=2353146190&kikanKbn=2", "url2": null, "内容": "医療法人小西循環器科・内科医院【2:診療所】【診療科目:内科_循環器内科】山口県下関市伊倉町２丁目１番１０号" }, "geometry": { "type": "Point", "coordinates": [ 130.931611, 34.003167 ] } },
{ "type": "Feature", "properties": { "ID": 3522353146800, "正式名称": "ローズクリニック", "機関区分": 2, "都道府県コード": 35, "市区町村コード": 201, "所在地": "山口県下関市秋根西町２丁目３－７　クエスト内", "緯度": 34.007861, "経度": 130.947556, "url": "https://www.iryou.teikyouseido.mhlw.go.jp/znk-web/juminkanja/S2430/initialize?prefCd=35&kikanCd=2353146800&kikanKbn=2", "url2": "http://www.rose-clinic.info/index.html", "内容": "ローズクリニック【2:診療所】【診療科目:美容皮膚科】山口県下関市秋根西町２丁目３－７　クエスト内" }, "geometry": { "type": "Point", "coordinates": [ 130.947556, 34.007861 ] } },
{ "type": "Feature", "properties": { "ID": 3522353147070, "正式名称": "医療法人社団　かねはら小児科", "機関区分": 2, "都道府県コード": 35, "市区町村コード": 201, "所在地": "山口県下関市生野町２丁目２８番２０号", "緯度": 33.984889, "経度": 130.93425, "url": "https://www.iryou.teikyouseido.mhlw.go.jp/znk-web/juminkanja/S2430/initialize?prefCd=35&kikanCd=2353147070&kikanKbn=2", "url2": "http://www.kanehara-syonika.com", "内容": "医療法人社団　かねはら小児科【2:診療所】【診療科目:小児科_精神科_リハビリテーション科】山口県下関市生野町２丁目２８番２０号" }, "geometry": { "type": "Point", "coordinates": [ 130.93425, 33.984889 ] } },
{ "type": "Feature", "properties": { "ID": 3522353147100, "正式名称": "吉田メディカルクリニック", "機関区分": 2, "都道府県コード": 35, "市区町村コード": 201, "所在地": "山口県下関市田中町４－１０", "緯度": 33.958944, "経度": 130.941694, "url": "https://www.iryou.teikyouseido.mhlw.go.jp/znk-web/juminkanja/S2430/initialize?prefCd=35&kikanCd=2353147100&kikanKbn=2", "url2": "http://yoshida-c.hp.in.foseek.co.jp", "内容": "吉田メディカルクリニック【2:診療所】【診療科目:消化器内科_膠原病内科_乳腺外科】山口県下関市田中町４－１０" }, "geometry": { "type": "Point", "coordinates": [ 130.941694, 33.958944 ] } },
{ "type": "Feature", "properties": { "ID": 3522353147230, "正式名称": "長府えきまえ皮ふ科", "機関区分": 2, "都道府県コード": 35, "市区町村コード": 201, "所在地": "山口県下関市長府松小田本町５番６号", "緯度": 34.019306, "経度": 131.001417, "url": "https://www.iryou.teikyouseido.mhlw.go.jp/znk-web/juminkanja/S2430/initialize?prefCd=35&kikanCd=2353147230&kikanKbn=2", "url2": "http//www.chofu-hifuka.jp/", "内容": "長府えきまえ皮ふ科【2:診療所】【診療科目:皮膚科】山口県下関市長府松小田本町５番６号" }, "geometry": { "type": "Point", "coordinates": [ 131.001417, 34.019306 ] } },
{ "type": "Feature", "properties": { "ID": 3522353147520, "正式名称": "たきべ診療所", "機関区分": 2, "都道府県コード": 35, "市区町村コード": 201, "所在地": "山口県下関市豊北町大字滝部３６６９番地１", "緯度": 34.283667, "経度": 130.943889, "url": "https://www.iryou.teikyouseido.mhlw.go.jp/znk-web/juminkanja/S2430/initialize?prefCd=35&kikanCd=2353147520&kikanKbn=2", "url2": null, "内容": "たきべ診療所【2:診療所】【診療科目:内科_外科_脳神経外科_皮膚科】山口県下関市豊北町大字滝部３６６９番地１" }, "geometry": { "type": "Point", "coordinates": [ 130.943889, 34.283667 ] } },
{ "type": "Feature", "properties": { "ID": 3522353147940, "正式名称": "医療法人社団　こん眼科", "機関区分": 2, "都道府県コード": 35, "市区町村コード": 201, "所在地": "山口県下関市熊野町１丁目７－５０", "緯度": 33.990167, "経度": 130.941722, "url": "https://www.iryou.teikyouseido.mhlw.go.jp/znk-web/juminkanja/S2430/initialize?prefCd=35&kikanCd=2353147940&kikanKbn=2", "url2": "http://www.koneyeclinic.com/", "内容": "医療法人社団　こん眼科【2:診療所】【診療科目:眼科】山口県下関市熊野町１丁目７－５０" }, "geometry": { "type": "Point", "coordinates": [ 130.941722, 33.990167 ] } },
{ "type": "Feature", "properties": { "ID": 3522353148110, "正式名称": "はまさきクリニック", "機関区分": 2, "都道府県コード": 35, "市区町村コード": 201, "所在地": "山口県下関市豊浦町大字吉永字無田１７２０番地１", "緯度": 34.135111, "経度": 130.916139, "url": "https://www.iryou.teikyouseido.mhlw.go.jp/znk-web/juminkanja/S2430/initialize?prefCd=35&kikanCd=2353148110&kikanKbn=2", "url2": "https://hamasaki-clinic.com", "内容": "はまさきクリニック【2:診療所】【診療科目:内科_消化器内科_外科_消化器外科_乳腺外科_肛門外科_整形外科_リハビリテーション科_放射線科_麻酔科】山口県下関市豊浦町大字吉永字無田１７２０番地１" }, "geometry": { "type": "Point", "coordinates": [ 130.916139, 34.135111 ] } },
{ "type": "Feature", "properties": { "ID": 3522353148530, "正式名称": "岡野クリニック", "機関区分": 2, "都道府県コード": 35, "市区町村コード": 201, "所在地": "山口県下関市川中豊町７丁目３－１", "緯度": 33.994083, "経度": 130.938444, "url": "https://www.iryou.teikyouseido.mhlw.go.jp/znk-web/juminkanja/S2430/initialize?prefCd=35&kikanCd=2353148530&kikanKbn=2", "url2": "http://www.Okano-Cl.com", "内容": "岡野クリニック【2:診療所】【診療科目:消化器内科_外科_乳腺外科_内視鏡外科】山口県下関市川中豊町７丁目３－１" }, "geometry": { "type": "Point", "coordinates": [ 130.938444, 33.994083 ] } },
{ "type": "Feature", "properties": { "ID": 3522353148790, "正式名称": "くにのぶ内科循環器内科", "機関区分": 2, "都道府県コード": 35, "市区町村コード": 201, "所在地": "山口県下関市新垢田南町１－１３－２３", "緯度": 33.987944, "経度": 130.917944, "url": "https://www.iryou.teikyouseido.mhlw.go.jp/znk-web/juminkanja/S2430/initialize?prefCd=35&kikanCd=2353148790&kikanKbn=2", "url2": null, "内容": "くにのぶ内科循環器内科【2:診療所】【診療科目:内科_循環器内科_皮膚科_泌尿器科】山口県下関市新垢田南町１－１３－２３" }, "geometry": { "type": "Point", "coordinates": [ 130.917944, 33.987944 ] } },
{ "type": "Feature", "properties": { "ID": 3522353149090, "正式名称": "医療法人領家循環器内科", "機関区分": 2, "都道府県コード": 35, "市区町村コード": 201, "所在地": "山口県下関市細江町２－１－９", "緯度": 33.952194, "経度": 130.9335, "url": "https://www.iryou.teikyouseido.mhlw.go.jp/znk-web/juminkanja/S2430/initialize?prefCd=35&kikanCd=2353149090&kikanKbn=2", "url2": "http://www.ryoke-clinic.com", "内容": "医療法人領家循環器内科【2:診療所】【診療科目:循環器内科】山口県下関市細江町２－１－９" }, "geometry": { "type": "Point", "coordinates": [ 130.9335, 33.952194 ] } },
{ "type": "Feature", "properties": { "ID": 3522353149120, "正式名称": "社会医療法人松涛会　山の田内科", "機関区分": 2, "都道府県コード": 35, "市区町村コード": 201, "所在地": "山口県下関市武久町１丁目１９－３０", "緯度": 33.984222, "経度": 130.927, "url": "https://www.iryou.teikyouseido.mhlw.go.jp/znk-web/juminkanja/S2430/initialize?prefCd=35&kikanCd=2353149120&kikanKbn=2", "url2": "http://www.syoutoukai.or.jp/facilities/0832507181-clinic/", "内容": "社会医療法人松涛会　山の田内科【2:診療所】【診療科目:内科_糖尿病・内分泌内科_消化器内科】山口県下関市武久町１丁目１９－３０" }, "geometry": { "type": "Point", "coordinates": [ 130.927, 33.984222 ] } },
{ "type": "Feature", "properties": { "ID": 3522353149960, "正式名称": "医療法人　皇聖会　二武整形リウマチ・クリニック", "機関区分": 2, "都道府県コード": 35, "市区町村コード": 201, "所在地": "山口県下関市豊浦町吉永１８４４", "緯度": 34.141667, "経度": 130.920806, "url": "https://www.iryou.teikyouseido.mhlw.go.jp/znk-web/juminkanja/S2430/initialize?prefCd=35&kikanCd=2353149960&kikanKbn=2", "url2": "http://www.nibu-clinic.jp", "内容": "医療法人　皇聖会　二武整形リウマチ・クリニック【2:診療所】【診療科目:内科_整形外科_リウマチ科_リハビリテーション科】山口県下関市豊浦町吉永１８４４" }, "geometry": { "type": "Point", "coordinates": [ 130.920806, 34.141667 ] } },
{ "type": "Feature", "properties": { "ID": 3522353150520, "正式名称": "医療法人社団　かわなか整形外科", "機関区分": 2, "都道府県コード": 35, "市区町村コード": 201, "所在地": "山口県下関市綾羅木本町一丁目１２番１０号", "緯度": 34.005861, "経度": 130.924583, "url": "https://www.iryou.teikyouseido.mhlw.go.jp/znk-web/juminkanja/S2430/initialize?prefCd=35&kikanCd=2353150520&kikanKbn=2", "url2": null, "内容": "医療法人社団　かわなか整形外科【2:診療所】【診療科目:整形外科】山口県下関市綾羅木本町一丁目１２番１０号" }, "geometry": { "type": "Point", "coordinates": [ 130.924583, 34.005861 ] } },
{ "type": "Feature", "properties": { "ID": 3522353151400, "正式名称": "医療法人しものせき脳神経外科クリニック", "機関区分": 2, "都道府県コード": 35, "市区町村コード": 201, "所在地": "山口県下関市熊野町１－７－６", "緯度": 33.990167, "経度": 130.941722, "url": "https://www.iryou.teikyouseido.mhlw.go.jp/znk-web/juminkanja/S2430/initialize?prefCd=35&kikanCd=2353151400&kikanKbn=2", "url2": "http://www.shimonou.jp", "内容": "医療法人しものせき脳神経外科クリニック【2:診療所】【診療科目:脳神経外科】山口県下関市熊野町１－７－６" }, "geometry": { "type": "Point", "coordinates": [ 130.941722, 33.990167 ] } },
{ "type": "Feature", "properties": { "ID": 3522353151790, "正式名称": "下関病院附属地域診療クリニック", "機関区分": 2, "都道府県コード": 35, "市区町村コード": 201, "所在地": "山口県下関市梶栗町４－２－３４", "緯度": 34.017333, "経度": 130.921056, "url": "https://www.iryou.teikyouseido.mhlw.go.jp/znk-web/juminkanja/S2430/initialize?prefCd=35&kikanCd=2353151790&kikanKbn=2", "url2": "www.mizunoki.jp", "内容": "下関病院附属地域診療クリニック【2:診療所】【診療科目:神経内科_精神科_心療内科】山口県下関市梶栗町４－２－３４" }, "geometry": { "type": "Point", "coordinates": [ 130.921056, 34.017333 ] } },
{ "type": "Feature", "properties": { "ID": 3522353151820, "正式名称": "医療法人おづきクリニック", "機関区分": 2, "都道府県コード": 35, "市区町村コード": 201, "所在地": "山口県下関市下関市小月駅前１－２－３７", "緯度": 34.070111, "経度": 131.033722, "url": "https://www.iryou.teikyouseido.mhlw.go.jp/znk-web/juminkanja/S2430/initialize?prefCd=35&kikanCd=2353151820&kikanKbn=2", "url2": null, "内容": "医療法人おづきクリニック【2:診療所】【診療科目:ペインクリニック内科_ペインクリニック外科_整形外科_リウマチ科_リハビリテーション科_麻酔科】山口県下関市下関市小月駅前１－２－３７" }, "geometry": { "type": "Point", "coordinates": [ 131.033722, 34.070111 ] } },
{ "type": "Feature", "properties": { "ID": 3522353152120, "正式名称": "杉山クリニック", "機関区分": 2, "都道府県コード": 35, "市区町村コード": 201, "所在地": "山口県下関市武久町１－１４－１４", "緯度": 33.981278, "経度": 130.925333, "url": "https://www.iryou.teikyouseido.mhlw.go.jp/znk-web/juminkanja/S2430/initialize?prefCd=35&kikanCd=2353152120&kikanKbn=2", "url2": "http://k-sugiyama.com", "内容": "杉山クリニック【2:診療所】【診療科目:精神科_心療内科】山口県下関市武久町１－１４－１４" }, "geometry": { "type": "Point", "coordinates": [ 130.925333, 33.981278 ] } },
{ "type": "Feature", "properties": { "ID": 3522353152250, "正式名称": "医療法人いちき循環器内科", "機関区分": 2, "都道府県コード": 35, "市区町村コード": 201, "所在地": "山口県下関市伊倉新町　１－２－２", "緯度": 34.006327, "経度": 130.941991, "url": "https://www.iryou.teikyouseido.mhlw.go.jp/znk-web/juminkanja/S2430/initialize?prefCd=35&kikanCd=2353152250&kikanKbn=2", "url2": "ichiki-jyunkanki.jp", "内容": "医療法人いちき循環器内科【2:診療所】【診療科目:内科_呼吸器内科_循環器内科】山口県下関市伊倉新町　１－２－２" }, "geometry": { "type": "Point", "coordinates": [ 130.941991, 34.006327 ] } },
{ "type": "Feature", "properties": { "ID": 3522353152380, "正式名称": "スマイルキッズクリニック", "機関区分": 2, "都道府県コード": 35, "市区町村コード": 201, "所在地": "山口県下関市小月駅前一丁目２番４３号", "緯度": 34.07025, "経度": 131.034389, "url": "https://www.iryou.teikyouseido.mhlw.go.jp/znk-web/juminkanja/S2430/initialize?prefCd=35&kikanCd=2353152380&kikanKbn=2", "url2": "https://.smile-kids-cl.com", "内容": "スマイルキッズクリニック【2:診療所】【診療科目:小児科_アレルギー科】山口県下関市小月駅前一丁目２番４３号" }, "geometry": { "type": "Point", "coordinates": [ 131.034389, 34.07025 ] } },
{ "type": "Feature", "properties": { "ID": 3522353152670, "正式名称": "しものせき内科循環器科クリニック", "機関区分": 2, "都道府県コード": 35, "市区町村コード": 201, "所在地": "山口県下関市王司上町１－８－１２", "緯度": 33.957889, "経度": 130.941306, "url": "https://www.iryou.teikyouseido.mhlw.go.jp/znk-web/juminkanja/S2430/initialize?prefCd=35&kikanCd=2353152670&kikanKbn=2", "url2": "http://www.shimonai.jp", "内容": "しものせき内科循環器科クリニック【2:診療所】【診療科目:内科_循環器内科】山口県下関市王司上町１－８－１２" }, "geometry": { "type": "Point", "coordinates": [ 130.941306, 33.957889 ] } },
{ "type": "Feature", "properties": { "ID": 3522353156870, "正式名称": "医療法人　ももさき皮ふ科", "機関区分": 2, "都道府県コード": 35, "市区町村コード": 201, "所在地": "山口県下関市田中町１１－１３", "緯度": 33.960611, "経度": 130.940833, "url": "https://www.iryou.teikyouseido.mhlw.go.jp/znk-web/juminkanja/S2430/initialize?prefCd=35&kikanCd=2353156870&kikanKbn=2", "url2": "http://www.momosaki-hihuka.jp/", "内容": "医療法人　ももさき皮ふ科【2:診療所】【診療科目:皮膚科】山口県下関市田中町１１－１３" }, "geometry": { "type": "Point", "coordinates": [ 130.940833, 33.960611 ] } },
{ "type": "Feature", "properties": { "ID": 3522353157620, "正式名称": "なごみクリニック", "機関区分": 2, "都道府県コード": 35, "市区町村コード": 201, "所在地": "山口県下関市菊川町田部１２０２番地１", "緯度": 34.113028, "経度": 131.030306, "url": "https://www.iryou.teikyouseido.mhlw.go.jp/znk-web/juminkanja/S2430/initialize?prefCd=35&kikanCd=2353157620&kikanKbn=2", "url2": "http://nagomiclinic.byoinnavi.jp/pc/", "内容": "なごみクリニック【2:診療所】【診療科目:内科_呼吸器内科_消化器内科_内視鏡内科_小児科】山口県下関市菊川町田部１２０２番地１" }, "geometry": { "type": "Point", "coordinates": [ 131.030306, 34.113028 ] } },
{ "type": "Feature", "properties": { "ID": 3522353157750, "正式名称": "はしもと内科医院", "機関区分": 2, "都道府県コード": 35, "市区町村コード": 201, "所在地": "山口県下関市長府松小田本町　２５－１１", "緯度": 34.014194, "経度": 130.998083, "url": "https://www.iryou.teikyouseido.mhlw.go.jp/znk-web/juminkanja/S2430/initialize?prefCd=35&kikanCd=2353157750&kikanKbn=2", "url2": "https://hashimoto-naikaiin.com/", "内容": "はしもと内科医院【2:診療所】【診療科目:内科_糖尿病内科_脂質代謝内科_呼吸器内科_循環器内科_心臓内科_消化器内科】山口県下関市長府松小田本町　２５－１１" }, "geometry": { "type": "Point", "coordinates": [ 130.998083, 34.014194 ] } },
{ "type": "Feature", "properties": { "ID": 3522353160750, "正式名称": "下関市こども発達センター診療所", "機関区分": 2, "都道府県コード": 35, "市区町村コード": 201, "所在地": "山口県下関市幡生本町２６－１２", "緯度": 33.974528, "経度": 130.924222, "url": "https://www.iryou.teikyouseido.mhlw.go.jp/znk-web/juminkanja/S2430/initialize?prefCd=35&kikanCd=2353160750&kikanKbn=2", "url2": "http://www.shimo-jigyodan.jp/publics/index/43/", "内容": "下関市こども発達センター診療所【2:診療所】【診療科目:小児科_精神科】山口県下関市幡生本町２６－１２" }, "geometry": { "type": "Point", "coordinates": [ 130.924222, 33.974528 ] } },
{ "type": "Feature", "properties": { "ID": 3522353163520, "正式名称": "医療法人ＥＹＥＳＴＯＮＥＳ　とね眼科クリニック", "機関区分": 2, "都道府県コード": 35, "市区町村コード": 201, "所在地": "山口県下関市彦島江の浦町１丁目７－８", "緯度": 33.936722, "経度": 130.9145, "url": "https://www.iryou.teikyouseido.mhlw.go.jp/znk-web/juminkanja/S2430/initialize?prefCd=35&kikanCd=2353163520&kikanKbn=2", "url2": "http://tone-eyeclinic.com", "内容": "医療法人ＥＹＥＳＴＯＮＥＳ　とね眼科クリニック【2:診療所】【診療科目:眼科】山口県下関市彦島江の浦町１丁目７－８" }, "geometry": { "type": "Point", "coordinates": [ 130.9145, 33.936722 ] } },
{ "type": "Feature", "properties": { "ID": 3522353168730, "正式名称": "愛善会　いけだ整形外科", "機関区分": 2, "都道府県コード": 35, "市区町村コード": 201, "所在地": "山口県下関市武久町二丁目４番３号", "緯度": 33.977389, "経度": 130.9215, "url": "https://www.iryou.teikyouseido.mhlw.go.jp/znk-web/juminkanja/S2430/initialize?prefCd=35&kikanCd=2353168730&kikanKbn=2", "url2": null, "内容": "愛善会　いけだ整形外科【2:診療所】【診療科目:整形外科_リウマチ科_リハビリテーション科】山口県下関市武久町二丁目４番３号" }, "geometry": { "type": "Point", "coordinates": [ 130.9215, 33.977389 ] } },
{ "type": "Feature", "properties": { "ID": 3522353171020, "正式名称": "しものせき皮ふ科クリニック", "機関区分": 2, "都道府県コード": 35, "市区町村コード": 201, "所在地": "山口県下関市新椋野３丁目１ー２３", "緯度": 33.984583, "経度": 130.945389, "url": "https://www.iryou.teikyouseido.mhlw.go.jp/znk-web/juminkanja/S2430/initialize?prefCd=35&kikanCd=2353171020&kikanKbn=2", "url2": "http://shimonoseki-clinic.com", "内容": "しものせき皮ふ科クリニック【2:診療所】【診療科目:皮膚科_美容皮膚科_アレルギー科】山口県下関市新椋野３丁目１ー２３" }, "geometry": { "type": "Point", "coordinates": [ 130.945389, 33.984583 ] } },
{ "type": "Feature", "properties": { "ID": 3522353172450, "正式名称": "いとう整形外科", "機関区分": 2, "都道府県コード": 35, "市区町村コード": 201, "所在地": "山口県下関市新椋野３ー１ー７", "緯度": 33.9855, "経度": 130.945194, "url": "https://www.iryou.teikyouseido.mhlw.go.jp/znk-web/juminkanja/S2430/initialize?prefCd=35&kikanCd=2353172450&kikanKbn=2", "url2": "http://itou-seikei.com", "内容": "いとう整形外科【2:診療所】【診療科目:整形外科_リハビリテーション科】山口県下関市新椋野３ー１ー７" }, "geometry": { "type": "Point", "coordinates": [ 130.945194, 33.9855 ] } },
{ "type": "Feature", "properties": { "ID": 3522353175060, "正式名称": "ひらの胃腸科・内科医院", "機関区分": 2, "都道府県コード": 35, "市区町村コード": 201, "所在地": "山口県下関市幸町３ー８", "緯度": 33.962111, "経度": 130.942444, "url": "https://www.iryou.teikyouseido.mhlw.go.jp/znk-web/juminkanja/S2430/initialize?prefCd=35&kikanCd=2353175060&kikanKbn=2", "url2": "http://hirano.clinic-yamaguchi.com", "内容": "ひらの胃腸科・内科医院【2:診療所】【診療科目:内科_消化器内科_胃腸内科】山口県下関市幸町３ー８" }, "geometry": { "type": "Point", "coordinates": [ 130.942444, 33.962111 ] } },
{ "type": "Feature", "properties": { "ID": 3522353175510, "正式名称": "医療法人社団弥生会　野村整形外科", "機関区分": 2, "都道府県コード": 35, "市区町村コード": 201, "所在地": "山口県下関市綾羅木本町４ー８ー１", "緯度": 34.004528, "経度": 130.923306, "url": "https://www.iryou.teikyouseido.mhlw.go.jp/znk-web/juminkanja/S2430/initialize?prefCd=35&kikanCd=2353175510&kikanKbn=2", "url2": "http://www.nomura-seikei.com", "内容": "医療法人社団弥生会　野村整形外科【2:診療所】【診療科目:整形外科_リハビリテーション科】山口県下関市綾羅木本町４ー８ー１" }, "geometry": { "type": "Point", "coordinates": [ 130.923306, 34.004528 ] } },
{ "type": "Feature", "properties": { "ID": 3522353176070, "正式名称": "医療法人ひまわり会ゆめ眼科", "機関区分": 2, "都道府県コード": 35, "市区町村コード": 201, "所在地": "山口県下関市伊倉新町３ー１ー１　ゆめシティ新下関２階", "緯度": 34.006778, "経度": 130.934028, "url": "https://www.iryou.teikyouseido.mhlw.go.jp/znk-web/juminkanja/S2430/initialize?prefCd=35&kikanCd=2353176070&kikanKbn=2", "url2": "https://yume-ganka.navi-clinic.jp/", "内容": "医療法人ひまわり会ゆめ眼科【2:診療所】【診療科目:眼科】山口県下関市伊倉新町３ー１ー１　ゆめシティ新下関２階" }, "geometry": { "type": "Point", "coordinates": [ 130.934028, 34.006778 ] } },
{ "type": "Feature", "properties": { "ID": 3522353189070, "正式名称": "福村眼科", "機関区分": 2, "都道府県コード": 35, "市区町村コード": 201, "所在地": "山口県下関市綾羅木本町２丁目５－１５", "緯度": 34.002528, "経度": 130.925722, "url": "https://www.iryou.teikyouseido.mhlw.go.jp/znk-web/juminkanja/S2430/initialize?prefCd=35&kikanCd=2353189070&kikanKbn=2", "url2": "https://fukumura-ganka.jp/", "内容": "福村眼科【2:診療所】【診療科目:眼科】山口県下関市綾羅木本町２丁目５－１５" }, "geometry": { "type": "Point", "coordinates": [ 130.925722, 34.002528 ] } },
{ "type": "Feature", "properties": { "ID": 3522353190630, "正式名称": "ひまわり内科クリニック", "機関区分": 2, "都道府県コード": 35, "市区町村コード": 201, "所在地": "山口県下関市形山みどり町１４－１９", "緯度": 34.015361, "経度": 130.953889, "url": "https://www.iryou.teikyouseido.mhlw.go.jp/znk-web/juminkanja/S2430/initialize?prefCd=35&kikanCd=2353190630&kikanKbn=2", "url2": "http://www.himawarisougounaika.com", "内容": "ひまわり内科クリニック【2:診療所】【診療科目:内科_循環器内科】山口県下関市形山みどり町１４－１９" }, "geometry": { "type": "Point", "coordinates": [ 130.953889, 34.015361 ] } },
{ "type": "Feature", "properties": { "ID": 3522353199910, "正式名称": "社会福祉法人下関市民生事業助成会障害者支援施設なごみの里", "機関区分": 2, "都道府県コード": 35, "市区町村コード": 201, "所在地": "山口県下関市大字蒲生野字横田２５０番地", "緯度": 34.024944, "経度": 130.940278, "url": "https://www.iryou.teikyouseido.mhlw.go.jp/znk-web/juminkanja/S2430/initialize?prefCd=35&kikanCd=2353199910&kikanKbn=2", "url2": null, "内容": "社会福祉法人下関市民生事業助成会障害者支援施設なごみの里【2:診療所】【診療科目:内科】山口県下関市大字蒲生野字横田２５０番地" }, "geometry": { "type": "Point", "coordinates": [ 130.940278, 34.024944 ] } },
{ "type": "Feature", "properties": { "ID": 3522353203790, "正式名称": "ひろせ耳鼻咽喉科クリニック", "機関区分": 2, "都道府県コード": 35, "市区町村コード": 201, "所在地": "山口県下関市上田中町二丁目９番６号", "緯度": 33.962056, "経度": 130.941056, "url": "https://www.iryou.teikyouseido.mhlw.go.jp/znk-web/juminkanja/S2430/initialize?prefCd=35&kikanCd=2353203790&kikanKbn=2", "url2": "https://www.shimonoseki-ent.com/", "内容": "ひろせ耳鼻咽喉科クリニック【2:診療所】【診療科目:耳鼻いんこう科_頭頸部・耳鼻いんこう科】山口県下関市上田中町二丁目９番６号" }, "geometry": { "type": "Point", "coordinates": [ 130.941056, 33.962056 ] } },
{ "type": "Feature", "properties": { "ID": 3522353206270, "正式名称": "しん耳鼻咽喉科", "機関区分": 2, "都道府県コード": 35, "市区町村コード": 201, "所在地": "山口県下関市三河町１５番４２号", "緯度": 33.986361, "経度": 130.944861, "url": "https://www.iryou.teikyouseido.mhlw.go.jp/znk-web/juminkanja/S2430/initialize?prefCd=35&kikanCd=2353206270&kikanKbn=2", "url2": null, "内容": "しん耳鼻咽喉科【2:診療所】【診療科目:小児耳鼻いんこう科_耳鼻いんこう科】山口県下関市三河町１５番４２号" }, "geometry": { "type": "Point", "coordinates": [ 130.944861, 33.986361 ] } },
{ "type": "Feature", "properties": { "ID": 3522353209040, "正式名称": "おくだ内科・循環器内科クリニック", "機関区分": 2, "都道府県コード": 35, "市区町村コード": 201, "所在地": "山口県下関市熊野町１丁目７番１０号", "緯度": 33.990033, "経度": 130.941661, "url": "https://www.iryou.teikyouseido.mhlw.go.jp/znk-web/juminkanja/S2430/initialize?prefCd=35&kikanCd=2353209040&kikanKbn=2", "url2": "https://www.okuda-med.jp/", "内容": "おくだ内科・循環器内科クリニック【2:診療所】【診療科目:内科_循環器内科】山口県下関市熊野町１丁目７番１０号" }, "geometry": { "type": "Point", "coordinates": [ 130.941661, 33.990033 ] } },
{ "type": "Feature", "properties": { "ID": 3522353210860, "正式名称": "いな内科・糖尿病クリニック", "機関区分": 2, "都道府県コード": 35, "市区町村コード": 201, "所在地": "山口県下関市伊倉新町一丁目５番４３号", "緯度": 34.005972, "経度": 130.940306, "url": "https://www.iryou.teikyouseido.mhlw.go.jp/znk-web/juminkanja/S2430/initialize?prefCd=35&kikanCd=2353210860&kikanKbn=2", "url2": "https://inacli.jp", "内容": "いな内科・糖尿病クリニック【2:診療所】【診療科目:内科_糖尿病内科_循環器内科】山口県下関市伊倉新町一丁目５番４３号" }, "geometry": { "type": "Point", "coordinates": [ 130.940306, 34.005972 ] } },
{ "type": "Feature", "properties": { "ID": 3522353213920, "正式名称": "やました整形外科クリニック", "機関区分": 2, "都道府県コード": 35, "市区町村コード": 201, "所在地": "山口県下関市羽山町１番１号", "緯度": 33.968361, "経度": 130.929389, "url": "https://www.iryou.teikyouseido.mhlw.go.jp/znk-web/juminkanja/S2430/initialize?prefCd=35&kikanCd=2353213920&kikanKbn=2", "url2": "yamashita-seikeigeka.com", "内容": "やました整形外科クリニック【2:診療所】【診療科目:整形外科_リウマチ科_リハビリテーション科】山口県下関市羽山町１番１号" }, "geometry": { "type": "Point", "coordinates": [ 130.929389, 33.968361 ] } },
{ "type": "Feature", "properties": { "ID": 3522353218420, "正式名称": "はら心療クリニック", "機関区分": 2, "都道府県コード": 35, "市区町村コード": 201, "所在地": "山口県下関市秋根北町５ー７ノビリティ新下関Ａ１０５", "緯度": 34.012314, "経度": 130.95355, "url": "https://www.iryou.teikyouseido.mhlw.go.jp/znk-web/juminkanja/S2430/initialize?prefCd=35&kikanCd=2353218420&kikanKbn=2", "url2": null, "内容": "はら心療クリニック【2:診療所】【診療科目:精神科_心療内科】山口県下関市秋根北町５ー７ノビリティ新下関Ａ１０５" }, "geometry": { "type": "Point", "coordinates": [ 130.95355, 34.012314 ] } },
{ "type": "Feature", "properties": { "ID": 3522353218680, "正式名称": "おだ内科　循環器　呼吸器クリニック", "機関区分": 2, "都道府県コード": 35, "市区町村コード": 201, "所在地": "山口県下関市石原１２７コスパ新下関クリニックビル１Ｆ", "緯度": 34.01603, "経度": 130.95042, "url": "https://www.iryou.teikyouseido.mhlw.go.jp/znk-web/juminkanja/S2430/initialize?prefCd=35&kikanCd=2353218680&kikanKbn=2", "url2": null, "内容": "おだ内科　循環器　呼吸器クリニック【2:診療所】【診療科目:内科_呼吸器内科_循環器内科_消化器内科_内視鏡内科】山口県下関市石原１２７コスパ新下関クリニックビル１Ｆ" }, "geometry": { "type": "Point", "coordinates": [ 130.95042, 34.01603 ] } },
{ "type": "Feature", "properties": { "ID": 3522353219140, "正式名称": "ありた眼科", "機関区分": 2, "都道府県コード": 35, "市区町村コード": 201, "所在地": "山口県下関市長府中土居北町４－７", "緯度": 34.007293, "経度": 130.99044, "url": "https://www.iryou.teikyouseido.mhlw.go.jp/znk-web/juminkanja/S2430/initialize?prefCd=35&kikanCd=2353219140&kikanKbn=2", "url2": "https://aritaganka.com/", "内容": "ありた眼科【2:診療所】【診療科目:眼科】山口県下関市長府中土居北町４－７" }, "geometry": { "type": "Point", "coordinates": [ 130.99044, 34.007293 ] } },
{ "type": "Feature", "properties": { "ID": 3522353220090, "正式名称": "けんぞう内科クリニック", "機関区分": 2, "都道府県コード": 35, "市区町村コード": 201, "所在地": "山口県下関市豊浦町吉永１８４０", "緯度": 34.141258, "経度": 130.921183, "url": "https://www.iryou.teikyouseido.mhlw.go.jp/znk-web/juminkanja/S2430/initialize?prefCd=35&kikanCd=2353220090&kikanKbn=2", "url2": "https://kenzo-clinic.com", "内容": "けんぞう内科クリニック【2:診療所】【診療科目:内科_リハビリテーション科_放射線科】山口県下関市豊浦町吉永１８４０" }, "geometry": { "type": "Point", "coordinates": [ 130.921183, 34.141258 ] } },
{ "type": "Feature", "properties": { "ID": 3522353220120, "正式名称": "湘南美容クリニック下関院", "機関区分": 2, "都道府県コード": 35, "市区町村コード": 201, "所在地": "山口県下関市竹崎町４丁目４番１０号　大丸下関店７階", "緯度": 33.949318, "経度": 130.92406, "url": "https://www.iryou.teikyouseido.mhlw.go.jp/znk-web/juminkanja/S2430/initialize?prefCd=35&kikanCd=2353220120&kikanKbn=2", "url2": "https://www.s-b-c.net/clinic/branch/shimonoseki/", "内容": "湘南美容クリニック下関院【2:診療所】【診療科目:美容外科_美容皮膚科】山口県下関市竹崎町４丁目４番１０号　大丸下関店７階" }, "geometry": { "type": "Point", "coordinates": [ 130.92406, 33.949318 ] } },
{ "type": "Feature", "properties": { "ID": 3522353220540, "正式名称": "ともスキンクリニック", "機関区分": 2, "都道府県コード": 35, "市区町村コード": 201, "所在地": "山口県下関市石原１２７コスパ新下関クリニックビル２Ｆ", "緯度": 34.016053, "経度": 130.949444, "url": "https://www.iryou.teikyouseido.mhlw.go.jp/znk-web/juminkanja/S2430/initialize?prefCd=35&kikanCd=2353220540&kikanKbn=2", "url2": "https://tomo-skin.jp/", "内容": "ともスキンクリニック【2:診療所】【診療科目:皮膚科_美容皮膚科】山口県下関市石原１２７コスパ新下関クリニックビル２Ｆ" }, "geometry": { "type": "Point", "coordinates": [ 130.949444, 34.016053 ] } },
{ "type": "Feature", "properties": { "ID": 3522353232240, "正式名称": "安岡みみ・はな・のどクリニック", "機関区分": 2, "都道府県コード": 35, "市区町村コード": 201, "所在地": "山口県下関市富任町１丁目６－１２", "緯度": 34.018335, "経度": 130.919146, "url": "https://www.iryou.teikyouseido.mhlw.go.jp/znk-web/juminkanja/S2430/initialize?prefCd=35&kikanCd=2353232240&kikanKbn=2", "url2": "https://www.yasuoka-ent.com/", "内容": "安岡みみ・はな・のどクリニック【2:診療所】【診療科目:耳鼻いんこう科_頭頸部・耳鼻いんこう科_アレルギー科】山口県下関市富任町１丁目６－１２" }, "geometry": { "type": "Point", "coordinates": [ 130.919146, 34.018335 ] } },
{ "type": "Feature", "properties": { "ID": 3522353237290, "正式名称": "よろず訪問クリニック", "機関区分": 2, "都道府県コード": 35, "市区町村コード": 201, "所在地": "山口県下関市清末鞍馬二丁目３番１９号", "緯度": 34.062076, "経度": 131.026247, "url": "https://www.iryou.teikyouseido.mhlw.go.jp/znk-web/juminkanja/S2430/initialize?prefCd=35&kikanCd=2353237290&kikanKbn=2", "url2": null, "内容": "よろず訪問クリニック【2:診療所】【診療科目:内科_消化器内科】山口県下関市清末鞍馬二丁目３番１９号" }, "geometry": { "type": "Point", "coordinates": [ 131.026247, 34.062076 ] } },
{ "type": "Feature", "properties": { "ID": 3522355100590, "正式名称": "医療法人　おかはら会　おげんきクリニック", "機関区分": 2, "都道府県コード": 35, "市区町村コード": 305, "所在地": "山口県大島郡周防大島町小松５５８", "緯度": 33.934028, "経度": 132.193528, "url": "https://www.iryou.teikyouseido.mhlw.go.jp/znk-web/juminkanja/S2430/initialize?prefCd=35&kikanCd=2355100590&kikanKbn=2", "url2": "http://ogenki-clinic.com", "内容": "医療法人　おかはら会　おげんきクリニック【2:診療所】【診療科目:消化器内科_外科_整形外科_皮膚科_泌尿器科_リハビリテーション科_麻酔科】山口県大島郡周防大島町小松５５８" }, "geometry": { "type": "Point", "coordinates": [ 132.193528, 33.934028 ] } },
{ "type": "Feature", "properties": { "ID": 3522355100750, "正式名称": "野村医院", "機関区分": 2, "都道府県コード": 35, "市区町村コード": 305, "所在地": "山口県大島郡周防大島町横見６９３", "緯度": 33.892472, "経度": 132.19325, "url": "https://www.iryou.teikyouseido.mhlw.go.jp/znk-web/juminkanja/S2430/initialize?prefCd=35&kikanCd=2355100750&kikanKbn=2", "url2": null, "内容": "野村医院【2:診療所】【診療科目:内科】山口県大島郡周防大島町横見６９３" }, "geometry": { "type": "Point", "coordinates": [ 132.19325, 33.892472 ] } },
{ "type": "Feature", "properties": { "ID": 3522355101340, "正式名称": "医療法人　川口医院", "機関区分": 2, "都道府県コード": 35, "市区町村コード": 305, "所在地": "山口県大島郡周防大島町大島郡周防大島町外入２２２８－２０", "緯度": 33.886944, "経度": 132.330389, "url": "https://www.iryou.teikyouseido.mhlw.go.jp/znk-web/juminkanja/S2430/initialize?prefCd=35&kikanCd=2355101340&kikanKbn=2", "url2": "https://suo-kawaguchi.jp", "内容": "医療法人　川口医院【2:診療所】【診療科目:内科_外科_小児科】山口県大島郡周防大島町大島郡周防大島町外入２２２８－２０" }, "geometry": { "type": "Point", "coordinates": [ 132.330389, 33.886944 ] } },
{ "type": "Feature", "properties": { "ID": 3522355201370, "正式名称": "医療法人　岩見内科医院", "機関区分": 2, "都道府県コード": 35, "市区町村コード": 208, "所在地": "山口県岩国市元町二丁目１番１５号", "緯度": 34.171278, "経度": 132.227694, "url": "https://www.iryou.teikyouseido.mhlw.go.jp/znk-web/juminkanja/S2430/initialize?prefCd=35&kikanCd=2355201370&kikanKbn=2", "url2": "https://iwami.clinic-yamaguchi.com", "内容": "医療法人　岩見内科医院【2:診療所】【診療科目:内科_呼吸器内科_循環器内科_消化器内科_リウマチ・膠原病外来】山口県岩国市元町二丁目１番１５号" }, "geometry": { "type": "Point", "coordinates": [ 132.227694, 34.171278 ] } },
{ "type": "Feature", "properties": { "ID": 3522355201950, "正式名称": "医療法人社団小幡眼科", "機関区分": 2, "都道府県コード": 35, "市区町村コード": 208, "所在地": "山口県岩国市岩国１－１９－６", "緯度": 34.166028, "経度": 132.181639, "url": "https://www.iryou.teikyouseido.mhlw.go.jp/znk-web/juminkanja/S2430/initialize?prefCd=35&kikanCd=2355201950&kikanKbn=2", "url2": "https://obataganka.jp", "内容": "医療法人社団小幡眼科【2:診療所】【診療科目:眼科】山口県岩国市岩国１－１９－６" }, "geometry": { "type": "Point", "coordinates": [ 132.181639, 34.166028 ] } },
{ "type": "Feature", "properties": { "ID": 3522355203000, "正式名称": "医療法人社団小林耳鼻咽喉科医院", "機関区分": 2, "都道府県コード": 35, "市区町村コード": 208, "所在地": "山口県岩国市今津町３－１－３４", "緯度": 34.164833, "経度": 132.217167, "url": "https://www.iryou.teikyouseido.mhlw.go.jp/znk-web/juminkanja/S2430/initialize?prefCd=35&kikanCd=2355203000&kikanKbn=2", "url2": "http://kobayashi-jibika.com/", "内容": "医療法人社団小林耳鼻咽喉科医院【2:診療所】【診療科目:気管食道・耳鼻いんこう科_アレルギー科】山口県岩国市今津町３－１－３４" }, "geometry": { "type": "Point", "coordinates": [ 132.217167, 34.164833 ] } },
{ "type": "Feature", "properties": { "ID": 3522355203130, "正式名称": "医療法人松原クリニック循環器科・内科", "機関区分": 2, "都道府県コード": 35, "市区町村コード": 208, "所在地": "山口県岩国市平田５－４２－１７", "緯度": 34.139361, "経度": 132.191556, "url": "https://www.iryou.teikyouseido.mhlw.go.jp/znk-web/juminkanja/S2430/initialize?prefCd=35&kikanCd=2355203130&kikanKbn=2", "url2": "http://matsubara-cl.jp/", "内容": "医療法人松原クリニック循環器科・内科【2:診療所】【診療科目:内科_循環器内科】山口県岩国市平田５－４２－１７" }, "geometry": { "type": "Point", "coordinates": [ 132.191556, 34.139361 ] } },
{ "type": "Feature", "properties": { "ID": 3522355207460, "正式名称": "医療法人　村重内科医院", "機関区分": 2, "都道府県コード": 35, "市区町村コード": 208, "所在地": "山口県岩国市中津町３－２－１９", "緯度": 34.154083, "経度": 132.219444, "url": "https://www.iryou.teikyouseido.mhlw.go.jp/znk-web/juminkanja/S2430/initialize?prefCd=35&kikanCd=2355207460&kikanKbn=2", "url2": "http://www.sky.icn-tv.ne.jp/~iwa-med/murashige-naika/murashige-naika.htm", "内容": "医療法人　村重内科医院【2:診療所】【診療科目:内科_消化器内科】山口県岩国市中津町３－２－１９" }, "geometry": { "type": "Point", "coordinates": [ 132.219444, 34.154083 ] } },
{ "type": "Feature", "properties": { "ID": 3522355207590, "正式名称": "医療法人社団松柏会岩国整形外科", "機関区分": 2, "都道府県コード": 35, "市区町村コード": 208, "所在地": "山口県岩国市錦見６－１３－４０", "緯度": 34.164556, "経度": 132.193611, "url": "https://www.iryou.teikyouseido.mhlw.go.jp/znk-web/juminkanja/S2430/initialize?prefCd=35&kikanCd=2355207590&kikanKbn=2", "url2": null, "内容": "医療法人社団松柏会岩国整形外科【2:診療所】【診療科目:整形外科】山口県岩国市錦見６－１３－４０" }, "geometry": { "type": "Point", "coordinates": [ 132.193611, 34.164556 ] } },
{ "type": "Feature", "properties": { "ID": 3522355209190, "正式名称": "医療法人睦み会　高田耳鼻咽喉科クリニック", "機関区分": 2, "都道府県コード": 35, "市区町村コード": 208, "所在地": "山口県岩国市麻里布町２－７－１２", "緯度": 34.169, "経度": 132.222556, "url": "https://www.iryou.teikyouseido.mhlw.go.jp/znk-web/juminkanja/S2430/initialize?prefCd=35&kikanCd=2355209190&kikanKbn=2", "url2": null, "内容": "医療法人睦み会　高田耳鼻咽喉科クリニック【2:診療所】【診療科目:耳鼻いんこう科_頭頸部・耳鼻いんこう科】山口県岩国市麻里布町２－７－１２" }, "geometry": { "type": "Point", "coordinates": [ 132.222556, 34.169 ] } },
{ "type": "Feature", "properties": { "ID": 3522355209930, "正式名称": "村岡整形外科医院", "機関区分": 2, "都道府県コード": 35, "市区町村コード": 208, "所在地": "山口県岩国市山手町１丁目６－２０", "緯度": 34.169861, "経度": 132.217167, "url": "https://www.iryou.teikyouseido.mhlw.go.jp/znk-web/juminkanja/S2430/initialize?prefCd=35&kikanCd=2355209930&kikanKbn=2", "url2": "https://website2.infomity.net/8080508/", "内容": "村岡整形外科医院【2:診療所】【診療科目:整形外科_リハビリテーション科】山口県岩国市山手町１丁目６－２０" }, "geometry": { "type": "Point", "coordinates": [ 132.217167, 34.169861 ] } },
{ "type": "Feature", "properties": { "ID": 3522355210040, "正式名称": "医療法人社団　はじめ会　森脇整形外科医院", "機関区分": 2, "都道府県コード": 35, "市区町村コード": 208, "所在地": "山口県岩国市尾津町２－２３－１４", "緯度": 34.137722, "経度": 132.207278, "url": "https://www.iryou.teikyouseido.mhlw.go.jp/znk-web/juminkanja/S2430/initialize?prefCd=35&kikanCd=2355210040&kikanKbn=2", "url2": null, "内容": "医療法人社団　はじめ会　森脇整形外科医院【2:診療所】【診療科目:整形外科_リウマチ科_リハビリテーション科】山口県岩国市尾津町２－２３－１４" }, "geometry": { "type": "Point", "coordinates": [ 132.207278, 34.137722 ] } },
{ "type": "Feature", "properties": { "ID": 3522355210170, "正式名称": "岡山医院", "機関区分": 2, "都道府県コード": 35, "市区町村コード": 208, "所在地": "山口県岩国市平田６丁目５１－１６", "緯度": 34.137667, "経度": 132.183556, "url": "https://www.iryou.teikyouseido.mhlw.go.jp/znk-web/juminkanja/S2430/initialize?prefCd=35&kikanCd=2355210170&kikanKbn=2", "url2": null, "内容": "岡山医院【2:診療所】【診療科目:内科_小児科】山口県岩国市平田６丁目５１－１６" }, "geometry": { "type": "Point", "coordinates": [ 132.183556, 34.137667 ] } },
{ "type": "Feature", "properties": { "ID": 3522355210460, "正式名称": "医療法人　木村医院", "機関区分": 2, "都道府県コード": 35, "市区町村コード": 321, "所在地": "山口県玖珂郡和木町和木３－１－１２", "緯度": 34.205306, "経度": 132.220611, "url": "https://www.iryou.teikyouseido.mhlw.go.jp/znk-web/juminkanja/S2430/initialize?prefCd=35&kikanCd=2355210460&kikanKbn=2", "url2": "http://kimura.clinic-yamaguchi.com", "内容": "医療法人　木村医院【2:診療所】【診療科目:内科_循環器内科_消化器内科_小児科】山口県玖珂郡和木町和木３－１－１２" }, "geometry": { "type": "Point", "coordinates": [ 132.220611, 34.205306 ] } },
{ "type": "Feature", "properties": { "ID": 3522355211890, "正式名称": "岩国市立錦宇佐診療所", "機関区分": 2, "都道府県コード": 35, "市区町村コード": 208, "所在地": "山口県岩国市錦町宇佐６０７番地３", "緯度": 34.424722, "経度": 132.058833, "url": "https://www.iryou.teikyouseido.mhlw.go.jp/znk-web/juminkanja/S2430/initialize?prefCd=35&kikanCd=2355211890&kikanKbn=2", "url2": "http://www.nishiki.org", "内容": "岩国市立錦宇佐診療所【2:診療所】【診療科目:内科】山口県岩国市錦町宇佐６０７番地３" }, "geometry": { "type": "Point", "coordinates": [ 132.058833, 34.424722 ] } },
{ "type": "Feature", "properties": { "ID": 3522355212770, "正式名称": "医療法人社団　育明会　鷲田医院", "機関区分": 2, "都道府県コード": 35, "市区町村コード": 208, "所在地": "山口県岩国市麻里布町７－１５－１", "緯度": 34.171472, "経度": 132.215667, "url": "https://www.iryou.teikyouseido.mhlw.go.jp/znk-web/juminkanja/S2430/initialize?prefCd=35&kikanCd=2355212770&kikanKbn=2", "url2": "http://www.ikumeikai.jp", "内容": "医療法人社団　育明会　鷲田医院【2:診療所】【診療科目:内科_消化器内科_外科_麻酔科】山口県岩国市麻里布町７－１５－１" }, "geometry": { "type": "Point", "coordinates": [ 132.215667, 34.171472 ] } },
{ "type": "Feature", "properties": { "ID": 3522355212930, "正式名称": "医療法人川下整形外科", "機関区分": 2, "都道府県コード": 35, "市区町村コード": 208, "所在地": "山口県岩国市車町１－１３－１９", "緯度": 34.156028, "経度": 132.217722, "url": "https://www.iryou.teikyouseido.mhlw.go.jp/znk-web/juminkanja/S2430/initialize?prefCd=35&kikanCd=2355212930&kikanKbn=2", "url2": "www.kunishi-cl.com/", "内容": "医療法人川下整形外科【2:診療所】【診療科目:整形外科_リウマチ科_リハビリテーション科】山口県岩国市車町１－１３－１９" }, "geometry": { "type": "Point", "coordinates": [ 132.217722, 34.156028 ] } },
{ "type": "Feature", "properties": { "ID": 3522355213100, "正式名称": "医療法人久米医院", "機関区分": 2, "都道府県コード": 35, "市区町村コード": 208, "所在地": "山口県岩国市由宇町中央１丁目１２番５号", "緯度": 34.045444, "経度": 132.210306, "url": "https://www.iryou.teikyouseido.mhlw.go.jp/znk-web/juminkanja/S2430/initialize?prefCd=35&kikanCd=2355213100&kikanKbn=2", "url2": null, "内容": "医療法人久米医院【2:診療所】【診療科目:内科_循環器内科】山口県岩国市由宇町中央１丁目１２番５号" }, "geometry": { "type": "Point", "coordinates": [ 132.210306, 34.045444 ] } },
{ "type": "Feature", "properties": { "ID": 3522355213520, "正式名称": "医療法人　横田内科医院", "機関区分": 2, "都道府県コード": 35, "市区町村コード": 208, "所在地": "山口県岩国市南岩国町４丁目５７番１０号", "緯度": 34.131056, "経度": 132.1975, "url": "https://www.iryou.teikyouseido.mhlw.go.jp/znk-web/juminkanja/S2430/initialize?prefCd=35&kikanCd=2355213520&kikanKbn=2", "url2": null, "内容": "医療法人　横田内科医院【2:診療所】【診療科目:内科_消化器内科_胃腸内科_内視鏡内科】山口県岩国市南岩国町４丁目５７番１０号" }, "geometry": { "type": "Point", "coordinates": [ 132.1975, 34.131056 ] } },
{ "type": "Feature", "properties": { "ID": 3522355213650, "正式名称": "医療法人社団　三志会　ふじもと内科クリニック", "機関区分": 2, "都道府県コード": 35, "市区町村コード": 208, "所在地": "山口県岩国市尾津町　２丁目　２２－１０", "緯度": 34.136806, "経度": 132.206361, "url": "https://www.iryou.teikyouseido.mhlw.go.jp/znk-web/juminkanja/S2430/initialize?prefCd=35&kikanCd=2355213650&kikanKbn=2", "url2": "https://sansikai.com", "内容": "医療法人社団　三志会　ふじもと内科クリニック【2:診療所】【診療科目:内科_呼吸器内科_循環器内科_アレルギー科】山口県岩国市尾津町　２丁目　２２－１０" }, "geometry": { "type": "Point", "coordinates": [ 132.206361, 34.136806 ] } },
{ "type": "Feature", "properties": { "ID": 3522355213780, "正式名称": "医療法人社団慈愛会　やすだクリニック", "機関区分": 2, "都道府県コード": 35, "市区町村コード": 208, "所在地": "山口県岩国市今津町４丁目４－１９", "緯度": 34.165444, "経度": 132.216083, "url": "https://www.iryou.teikyouseido.mhlw.go.jp/znk-web/juminkanja/S2430/initialize?prefCd=35&kikanCd=2355213780&kikanKbn=2", "url2": "https://yasudacl.jp", "内容": "医療法人社団慈愛会　やすだクリニック【2:診療所】【診療科目:循環器内科】山口県岩国市今津町４丁目４－１９" }, "geometry": { "type": "Point", "coordinates": [ 132.216083, 34.165444 ] } },
{ "type": "Feature", "properties": { "ID": 3522355213810, "正式名称": "医療法人　片山クリニック", "機関区分": 2, "都道府県コード": 35, "市区町村コード": 208, "所在地": "山口県岩国市平田４丁目１６－３５", "緯度": 34.143056, "経度": 132.186833, "url": "https://www.iryou.teikyouseido.mhlw.go.jp/znk-web/juminkanja/S2430/initialize?prefCd=35&kikanCd=2355213810&kikanKbn=2", "url2": "http://www.katayama-clinic.net/index.html", "内容": "医療法人　片山クリニック【2:診療所】【診療科目:消化器内科_人工透析内科_外科】山口県岩国市平田４丁目１６－３５" }, "geometry": { "type": "Point", "coordinates": [ 132.186833, 34.143056 ] } },
{ "type": "Feature", "properties": { "ID": 3522355214080, "正式名称": "マサキ外科肛門科", "機関区分": 2, "都道府県コード": 35, "市区町村コード": 208, "所在地": "山口県岩国市麻里布町５丁目３－１２", "緯度": 34.174167, "経度": 132.224028, "url": "https://www.iryou.teikyouseido.mhlw.go.jp/znk-web/juminkanja/S2430/initialize?prefCd=35&kikanCd=2355214080&kikanKbn=2", "url2": null, "内容": "マサキ外科肛門科【2:診療所】【診療科目:消化器内科_外科_肛門外科_整形外科_麻酔科】山口県岩国市麻里布町５丁目３－１２" }, "geometry": { "type": "Point", "coordinates": [ 132.224028, 34.174167 ] } },
{ "type": "Feature", "properties": { "ID": 3522355214370, "正式名称": "医療法人吉岡耳鼻咽喉科", "機関区分": 2, "都道府県コード": 35, "市区町村コード": 208, "所在地": "山口県岩国市南岩国町１丁目３０番１９号", "緯度": 34.136083, "経度": 132.200194, "url": "https://www.iryou.teikyouseido.mhlw.go.jp/znk-web/juminkanja/S2430/initialize?prefCd=35&kikanCd=2355214370&kikanKbn=2", "url2": null, "内容": "医療法人吉岡耳鼻咽喉科【2:診療所】【診療科目:耳鼻いんこう科】山口県岩国市南岩国町１丁目３０番１９号" }, "geometry": { "type": "Point", "coordinates": [ 132.200194, 34.136083 ] } },
{ "type": "Feature", "properties": { "ID": 3522355214820, "正式名称": "医療法人社団　廣中泌尿器科", "機関区分": 2, "都道府県コード": 35, "市区町村コード": 208, "所在地": "山口県岩国市錦見２丁目７番５０号", "緯度": 34.165833, "経度": 132.191861, "url": "https://www.iryou.teikyouseido.mhlw.go.jp/znk-web/juminkanja/S2430/initialize?prefCd=35&kikanCd=2355214820&kikanKbn=2", "url2": null, "内容": "医療法人社団　廣中泌尿器科【2:診療所】【診療科目:泌尿器科】山口県岩国市錦見２丁目７番５０号" }, "geometry": { "type": "Point", "coordinates": [ 132.191861, 34.165833 ] } },
{ "type": "Feature", "properties": { "ID": 3522355215090, "正式名称": "岩国市立柱島診療所", "機関区分": 2, "都道府県コード": 35, "市区町村コード": 208, "所在地": "山口県岩国市柱島１３２番地７", "緯度": 34.021861, "経度": 132.4215, "url": "https://www.iryou.teikyouseido.mhlw.go.jp/znk-web/juminkanja/S2430/initialize?prefCd=35&kikanCd=2355215090&kikanKbn=2", "url2": null, "内容": "岩国市立柱島診療所【2:診療所】【診療科目:内科】山口県岩国市柱島１３２番地７" }, "geometry": { "type": "Point", "coordinates": [ 132.4215, 34.021861 ] } },
{ "type": "Feature", "properties": { "ID": 3522355215380, "正式名称": "医療法人三修会　友田ファミリークリニック", "機関区分": 2, "都道府県コード": 35, "市区町村コード": 208, "所在地": "山口県岩国市今津町１丁目１１－２８", "緯度": 34.167028, "経度": 132.221278, "url": "https://www.iryou.teikyouseido.mhlw.go.jp/znk-web/juminkanja/S2430/initialize?prefCd=35&kikanCd=2355215380&kikanKbn=2", "url2": "https://tomota-fc.com/", "内容": "医療法人三修会　友田ファミリークリニック【2:診療所】【診療科目:内科_小児科_婦人科】山口県岩国市今津町１丁目１１－２８" }, "geometry": { "type": "Point", "coordinates": [ 132.221278, 34.167028 ] } },
{ "type": "Feature", "properties": { "ID": 3522355215960, "正式名称": "医療法人社団西岡医院", "機関区分": 2, "都道府県コード": 35, "市区町村コード": 208, "所在地": "山口県岩国市通津３７１５－２", "緯度": 34.070167, "経度": 132.206139, "url": "https://www.iryou.teikyouseido.mhlw.go.jp/znk-web/juminkanja/S2430/initialize?prefCd=35&kikanCd=2355215960&kikanKbn=2", "url2": null, "内容": "医療法人社団西岡医院【2:診療所】【診療科目:内科_消化器内科_小児科】山口県岩国市通津３７１５－２" }, "geometry": { "type": "Point", "coordinates": [ 132.206139, 34.070167 ] } },
{ "type": "Feature", "properties": { "ID": 3522355216550, "正式名称": "医療法人ひろいし小児クリニック", "機関区分": 2, "都道府県コード": 35, "市区町村コード": 208, "所在地": "山口県岩国市尾津町１丁目１７－４", "緯度": 34.145861, "経度": 132.211472, "url": "https://www.iryou.teikyouseido.mhlw.go.jp/znk-web/juminkanja/S2430/initialize?prefCd=35&kikanCd=2355216550&kikanKbn=2", "url2": null, "内容": "医療法人ひろいし小児クリニック【2:診療所】【診療科目:内科_小児科_皮膚科】山口県岩国市尾津町１丁目１７－４" }, "geometry": { "type": "Point", "coordinates": [ 132.211472, 34.145861 ] } },
{ "type": "Feature", "properties": { "ID": 3522355216680, "正式名称": "医療法人岩崎内科医院", "機関区分": 2, "都道府県コード": 35, "市区町村コード": 208, "所在地": "山口県岩国市南岩国町１－３０－１３", "緯度": 34.136139, "経度": 132.200889, "url": "https://www.iryou.teikyouseido.mhlw.go.jp/znk-web/juminkanja/S2430/initialize?prefCd=35&kikanCd=2355216680&kikanKbn=2", "url2": null, "内容": "医療法人岩崎内科医院【2:診療所】【診療科目:内科_糖尿病内科_循環器内科】山口県岩国市南岩国町１－３０－１３" }, "geometry": { "type": "Point", "coordinates": [ 132.200889, 34.136139 ] } },
{ "type": "Feature", "properties": { "ID": 3522355217270, "正式名称": "医療法人社団たかた整形外科", "機関区分": 2, "都道府県コード": 35, "市区町村コード": 208, "所在地": "山口県岩国市南岩国町３丁目１７－１７", "緯度": 34.129667, "経度": 132.198722, "url": "https://www.iryou.teikyouseido.mhlw.go.jp/znk-web/juminkanja/S2430/initialize?prefCd=35&kikanCd=2355217270&kikanKbn=2", "url2": null, "内容": "医療法人社団たかた整形外科【2:診療所】【診療科目:整形外科_リハビリテーション科】山口県岩国市南岩国町３丁目１７－１７" }, "geometry": { "type": "Point", "coordinates": [ 132.198722, 34.129667 ] } },
{ "type": "Feature", "properties": { "ID": 3522355217300, "正式名称": "医療法人社団上田整形外科", "機関区分": 2, "都道府県コード": 35, "市区町村コード": 208, "所在地": "山口県岩国市今津町４－２－５", "緯度": 34.165556, "経度": 132.217694, "url": "https://www.iryou.teikyouseido.mhlw.go.jp/znk-web/juminkanja/S2430/initialize?prefCd=35&kikanCd=2355217300&kikanKbn=2", "url2": "https://www.iwakuni-uedaseikeigeka.com/", "内容": "医療法人社団上田整形外科【2:診療所】【診療科目:整形外科_リハビリテーション科】山口県岩国市今津町４－２－５" }, "geometry": { "type": "Point", "coordinates": [ 132.217694, 34.165556 ] } },
{ "type": "Feature", "properties": { "ID": 3522355217560, "正式名称": "医療法人中村医院中村クリニック", "機関区分": 2, "都道府県コード": 35, "市区町村コード": 321, "所在地": "山口県玖珂郡和木町和木２丁目９－１１", "緯度": 34.205806, "経度": 132.222694, "url": "https://www.iryou.teikyouseido.mhlw.go.jp/znk-web/juminkanja/S2430/initialize?prefCd=35&kikanCd=2355217560&kikanKbn=2", "url2": null, "内容": "医療法人中村医院中村クリニック【2:診療所】【診療科目:内科_糖尿病内科_呼吸器内科】山口県玖珂郡和木町和木２丁目９－１１" }, "geometry": { "type": "Point", "coordinates": [ 132.222694, 34.205806 ] } },
{ "type": "Feature", "properties": { "ID": 3522355217850, "正式名称": "医療法人社団　毛利小児科", "機関区分": 2, "都道府県コード": 35, "市区町村コード": 208, "所在地": "山口県岩国市山手町２－１８－８", "緯度": 34.165056, "経度": 132.213167, "url": "https://www.iryou.teikyouseido.mhlw.go.jp/znk-web/juminkanja/S2430/initialize?prefCd=35&kikanCd=2355217850&kikanKbn=2", "url2": null, "内容": "医療法人社団　毛利小児科【2:診療所】【診療科目:小児科】山口県岩国市山手町２－１８－８" }, "geometry": { "type": "Point", "coordinates": [ 132.213167, 34.165056 ] } },
{ "type": "Feature", "properties": { "ID": 3522355217980, "正式名称": "医療法人和会　沖井クリニック", "機関区分": 2, "都道府県コード": 35, "市区町村コード": 208, "所在地": "山口県岩国市元町４丁目５－１０", "緯度": 34.171694, "経度": 132.231361, "url": "https://www.iryou.teikyouseido.mhlw.go.jp/znk-web/juminkanja/S2430/initialize?prefCd=35&kikanCd=2355217980&kikanKbn=2", "url2": "https://ngm.jp/", "内容": "医療法人和会　沖井クリニック【2:診療所】【診療科目:消化器内科_外科_リハビリテーション科_麻酔科】山口県岩国市元町４丁目５－１０" }, "geometry": { "type": "Point", "coordinates": [ 132.231361, 34.171694 ] } },
{ "type": "Feature", "properties": { "ID": 3522355218150, "正式名称": "伊原内科消化器科", "機関区分": 2, "都道府県コード": 35, "市区町村コード": 208, "所在地": "山口県岩国市由宇町由宇崎４番１号", "緯度": 34.036889, "経度": 132.216778, "url": "https://www.iryou.teikyouseido.mhlw.go.jp/znk-web/juminkanja/S2430/initialize?prefCd=35&kikanCd=2355218150&kikanKbn=2", "url2": null, "内容": "伊原内科消化器科【2:診療所】【診療科目:内科_消化器内科】山口県岩国市由宇町由宇崎４番１号" }, "geometry": { "type": "Point", "coordinates": [ 132.216778, 34.036889 ] } },
{ "type": "Feature", "properties": { "ID": 3522355218570, "正式名称": "小野内科", "機関区分": 2, "都道府県コード": 35, "市区町村コード": 208, "所在地": "山口県岩国市三笠町２丁目６－９", "緯度": 34.166083, "経度": 132.227167, "url": "https://www.iryou.teikyouseido.mhlw.go.jp/znk-web/juminkanja/S2430/initialize?prefCd=35&kikanCd=2355218570&kikanKbn=2", "url2": "http://www.sky.icn-tv.ne.jp/~iwa-med/ono-naika/ono-naika.html", "内容": "小野内科【2:診療所】【診療科目:内科_消化器内科】山口県岩国市三笠町２丁目６－９" }, "geometry": { "type": "Point", "coordinates": [ 132.227167, 34.166083 ] } },
{ "type": "Feature", "properties": { "ID": 3522355218860, "正式名称": "医療法人社団大谷整形外科", "機関区分": 2, "都道府県コード": 35, "市区町村コード": 208, "所在地": "山口県岩国市麻里布町３丁目１－２５", "緯度": 34.171972, "経度": 132.223, "url": "https://www.iryou.teikyouseido.mhlw.go.jp/znk-web/juminkanja/S2430/initialize?prefCd=35&kikanCd=2355218860&kikanKbn=2", "url2": "hppt://otani-seikei.com/images/top_image.jpg", "内容": "医療法人社団大谷整形外科【2:診療所】【診療科目:整形外科_リウマチ科_リハビリテーション科】山口県岩国市麻里布町３丁目１－２５" }, "geometry": { "type": "Point", "coordinates": [ 132.223, 34.171972 ] } },
{ "type": "Feature", "properties": { "ID": 3522355219160, "正式名称": "医療法人社団桑原内科", "機関区分": 2, "都道府県コード": 35, "市区町村コード": 208, "所在地": "山口県岩国市麻里布町５丁目４－２", "緯度": 34.174583, "経度": 132.224417, "url": "https://www.iryou.teikyouseido.mhlw.go.jp/znk-web/juminkanja/S2430/initialize?prefCd=35&kikanCd=2355219160&kikanKbn=2", "url2": null, "内容": "医療法人社団桑原内科【2:診療所】【診療科目:内科_消化器内科_小児科】山口県岩国市麻里布町５丁目４－２" }, "geometry": { "type": "Point", "coordinates": [ 132.224417, 34.174583 ] } },
{ "type": "Feature", "properties": { "ID": 3522355219290, "正式名称": "医療法人新生会　いしいケア・クリニック", "機関区分": 2, "都道府県コード": 35, "市区町村コード": 208, "所在地": "山口県岩国市麻里布町３－５－５", "緯度": 34.170056, "経度": 132.222583, "url": "https://www.iryou.teikyouseido.mhlw.go.jp/znk-web/juminkanja/S2430/initialize?prefCd=35&kikanCd=2355219290&kikanKbn=2", "url2": "http://www.i-shinseikai.or.jp", "内容": "医療法人新生会　いしいケア・クリニック【2:診療所】【診療科目:内科_リハビリテーション科】山口県岩国市麻里布町３－５－５" }, "geometry": { "type": "Point", "coordinates": [ 132.222583, 34.170056 ] } },
{ "type": "Feature", "properties": { "ID": 3522355219580, "正式名称": "医療法人ふじもと小児科", "機関区分": 2, "都道府県コード": 35, "市区町村コード": 208, "所在地": "山口県岩国市保津町２－４－５１", "緯度": 34.083111, "経度": 132.20925, "url": "https://www.iryou.teikyouseido.mhlw.go.jp/znk-web/juminkanja/S2430/initialize?prefCd=35&kikanCd=2355219580&kikanKbn=2", "url2": null, "内容": "医療法人ふじもと小児科【2:診療所】【診療科目:小児科】山口県岩国市保津町２－４－５１" }, "geometry": { "type": "Point", "coordinates": [ 132.20925, 34.083111 ] } },
{ "type": "Feature", "properties": { "ID": 3522355219610, "正式名称": "いなだ泌尿器科クリニック", "機関区分": 2, "都道府県コード": 35, "市区町村コード": 208, "所在地": "山口県岩国市今津町１－１６－３", "緯度": 34.165972, "経度": 132.219361, "url": "https://www.iryou.teikyouseido.mhlw.go.jp/znk-web/juminkanja/S2430/initialize?prefCd=35&kikanCd=2355219610&kikanKbn=2", "url2": null, "内容": "いなだ泌尿器科クリニック【2:診療所】【診療科目:皮膚科_泌尿器科】山口県岩国市今津町１－１６－３" }, "geometry": { "type": "Point", "coordinates": [ 132.219361, 34.165972 ] } },
{ "type": "Feature", "properties": { "ID": 3522355220010, "正式名称": "医療法人社団まりふ会　森脇神経科内科医院", "機関区分": 2, "都道府県コード": 35, "市区町村コード": 208, "所在地": "山口県岩国市今津町１－１１－２３", "緯度": 34.166667, "経度": 132.220667, "url": "https://www.iryou.teikyouseido.mhlw.go.jp/znk-web/juminkanja/S2430/initialize?prefCd=35&kikanCd=2355220010&kikanKbn=2", "url2": "http://marifukai.com", "内容": "医療法人社団まりふ会　森脇神経科内科医院【2:診療所】【診療科目:内科_神経内科_精神科_心療内科】山口県岩国市今津町１－１１－２３" }, "geometry": { "type": "Point", "coordinates": [ 132.220667, 34.166667 ] } },
{ "type": "Feature", "properties": { "ID": 3522355220140, "正式名称": "はるなウィメンズクリニック", "機関区分": 2, "都道府県コード": 35, "市区町村コード": 208, "所在地": "山口県岩国市平田１－２８－２７", "緯度": 34.149028, "経度": 132.1815, "url": "https://www.iryou.teikyouseido.mhlw.go.jp/znk-web/juminkanja/S2430/initialize?prefCd=35&kikanCd=2355220140&kikanKbn=2", "url2": "http://www.haruna-clinic.jp", "内容": "はるなウィメンズクリニック【2:診療所】【診療科目:消化器内科_外科_肛門外科_産科_婦人科】山口県岩国市平田１－２８－２７" }, "geometry": { "type": "Point", "coordinates": [ 132.1815, 34.149028 ] } },
{ "type": "Feature", "properties": { "ID": 3522355220270, "正式名称": "医療法人　さいとう皮膚科", "機関区分": 2, "都道府県コード": 35, "市区町村コード": 208, "所在地": "山口県岩国市車町２－１２－４２", "緯度": 34.156194, "経度": 132.220639, "url": "https://www.iryou.teikyouseido.mhlw.go.jp/znk-web/juminkanja/S2430/initialize?prefCd=35&kikanCd=2355220270&kikanKbn=2", "url2": "http://www.urban.ne.jp/home/saito113/", "内容": "医療法人　さいとう皮膚科【2:診療所】【診療科目:皮膚科】山口県岩国市車町２－１２－４２" }, "geometry": { "type": "Point", "coordinates": [ 132.220639, 34.156194 ] } },
{ "type": "Feature", "properties": { "ID": 3522355220300, "正式名称": "やましたクリニック", "機関区分": 2, "都道府県コード": 35, "市区町村コード": 208, "所在地": "山口県岩国市尾津町１－１２－２９", "緯度": 34.143861, "経度": 132.2125, "url": "https://www.iryou.teikyouseido.mhlw.go.jp/znk-web/juminkanja/S2430/initialize?prefCd=35&kikanCd=2355220300&kikanKbn=2", "url2": "https://yamashita-clinic-iwakuni.com/access/", "内容": "やましたクリニック【2:診療所】【診療科目:内科_消化器内科_胃腸内科_内視鏡内科】山口県岩国市尾津町１－１２－２９" }, "geometry": { "type": "Point", "coordinates": [ 132.2125, 34.143861 ] } },
{ "type": "Feature", "properties": { "ID": 3522355220430, "正式名称": "医療法人　やすおか皮フ科クリニック", "機関区分": 2, "都道府県コード": 35, "市区町村コード": 208, "所在地": "山口県岩国市山手町２－１８－１２", "緯度": 34.164917, "経度": 132.212833, "url": "https://www.iryou.teikyouseido.mhlw.go.jp/znk-web/juminkanja/S2430/initialize?prefCd=35&kikanCd=2355220430&kikanKbn=2", "url2": null, "内容": "医療法人　やすおか皮フ科クリニック【2:診療所】【診療科目:皮膚科_アレルギー科】山口県岩国市山手町２－１８－１２" }, "geometry": { "type": "Point", "coordinates": [ 132.212833, 34.164917 ] } },
{ "type": "Feature", "properties": { "ID": 3522355220690, "正式名称": "医療法人社団ごちょう眼科", "機関区分": 2, "都道府県コード": 35, "市区町村コード": 208, "所在地": "山口県岩国市麻里布町３－２０－２５", "緯度": 34.172028, "経度": 132.220028, "url": "https://www.iryou.teikyouseido.mhlw.go.jp/znk-web/juminkanja/S2430/initialize?prefCd=35&kikanCd=2355220690&kikanKbn=2", "url2": null, "内容": "医療法人社団ごちょう眼科【2:診療所】【診療科目:眼科】山口県岩国市麻里布町３－２０－２５" }, "geometry": { "type": "Point", "coordinates": [ 132.220028, 34.172028 ] } },
{ "type": "Feature", "properties": { "ID": 3522355220850, "正式名称": "岩国市立本郷診療所", "機関区分": 2, "都道府県コード": 35, "市区町村コード": 208, "所在地": "山口県岩国市本郷町本郷２１００番地１", "緯度": 34.294528, "経度": 132.040167, "url": "https://www.iryou.teikyouseido.mhlw.go.jp/znk-web/juminkanja/S2430/initialize?prefCd=35&kikanCd=2355220850&kikanKbn=2", "url2": null, "内容": "岩国市立本郷診療所【2:診療所】【診療科目:内科_外科_小児科】山口県岩国市本郷町本郷２１００番地１" }, "geometry": { "type": "Point", "coordinates": [ 132.040167, 34.294528 ] } },
{ "type": "Feature", "properties": { "ID": 3522355221020, "正式名称": "小林クリニック", "機関区分": 2, "都道府県コード": 35, "市区町村コード": 208, "所在地": "山口県岩国市山手町１丁目１１番２３号", "緯度": 34.168583, "経度": 132.217278, "url": "https://www.iryou.teikyouseido.mhlw.go.jp/znk-web/juminkanja/S2430/initialize?prefCd=35&kikanCd=2355221020&kikanKbn=2", "url2": null, "内容": "小林クリニック【2:診療所】【診療科目:内科_呼吸器内科_外科_放射線科】山口県岩国市山手町１丁目１１番２３号" }, "geometry": { "type": "Point", "coordinates": [ 132.217278, 34.168583 ] } },
{ "type": "Feature", "properties": { "ID": 3522355221150, "正式名称": "医療法人増田耳鼻咽喉科", "機関区分": 2, "都道府県コード": 35, "市区町村コード": 208, "所在地": "山口県岩国市尾津町二丁目１９番１０号", "緯度": 34.138528, "経度": 132.207944, "url": "https://www.iryou.teikyouseido.mhlw.go.jp/znk-web/juminkanja/S2430/initialize?prefCd=35&kikanCd=2355221150&kikanKbn=2", "url2": "https://www.masuda-jibika-clinic.com/", "内容": "医療法人増田耳鼻咽喉科【2:診療所】【診療科目:耳鼻いんこう科】山口県岩国市尾津町二丁目１９番１０号" }, "geometry": { "type": "Point", "coordinates": [ 132.207944, 34.138528 ] } },
{ "type": "Feature", "properties": { "ID": 3522355221310, "正式名称": "岩本医院", "機関区分": 2, "都道府県コード": 35, "市区町村コード": 208, "所在地": "山口県岩国市周東町下久原２４８０番地１", "緯度": 34.093278, "経度": 132.052333, "url": "https://www.iryou.teikyouseido.mhlw.go.jp/znk-web/juminkanja/S2430/initialize?prefCd=35&kikanCd=2355221310&kikanKbn=2", "url2": "http://www.iwhospital.com/", "内容": "岩本医院【2:診療所】【診療科目:内科_呼吸器内科_循環器内科_小児科_リハビリテーション科_放射線科】山口県岩国市周東町下久原２４８０番地１" }, "geometry": { "type": "Point", "coordinates": [ 132.052333, 34.093278 ] } },
{ "type": "Feature", "properties": { "ID": 3522355221570, "正式名称": "栗栖眼科", "機関区分": 2, "都道府県コード": 35, "市区町村コード": 208, "所在地": "山口県岩国市平田一丁目２８番２８号", "緯度": 34.149417, "経度": 132.181278, "url": "https://www.iryou.teikyouseido.mhlw.go.jp/znk-web/juminkanja/S2430/initialize?prefCd=35&kikanCd=2355221570&kikanKbn=2", "url2": null, "内容": "栗栖眼科【2:診療所】【診療科目:眼科】山口県岩国市平田一丁目２８番２８号" }, "geometry": { "type": "Point", "coordinates": [ 132.181278, 34.149417 ] } },
{ "type": "Feature", "properties": { "ID": 3522355221600, "正式名称": "まるひさ眼科", "機関区分": 2, "都道府県コード": 35, "市区町村コード": 208, "所在地": "山口県岩国市尾津町２丁目１４番５９号", "緯度": 34.141306, "経度": 132.211361, "url": "https://www.iryou.teikyouseido.mhlw.go.jp/znk-web/juminkanja/S2430/initialize?prefCd=35&kikanCd=2355221600&kikanKbn=2", "url2": "maruhisa-eyeclinic.jp", "内容": "まるひさ眼科【2:診療所】【診療科目:眼科】山口県岩国市尾津町２丁目１４番５９号" }, "geometry": { "type": "Point", "coordinates": [ 132.211361, 34.141306 ] } },
{ "type": "Feature", "properties": { "ID": 3522355221730, "正式名称": "牛野谷クリニック", "機関区分": 2, "都道府県コード": 35, "市区町村コード": 208, "所在地": "山口県岩国市牛野谷町３丁目３９－１９", "緯度": 34.151194, "経度": 132.201694, "url": "https://www.iryou.teikyouseido.mhlw.go.jp/znk-web/juminkanja/S2430/initialize?prefCd=35&kikanCd=2355221730&kikanKbn=2", "url2": null, "内容": "牛野谷クリニック【2:診療所】【診療科目:内科_胃腸内科_外科_肛門外科_リハビリテーション科】山口県岩国市牛野谷町３丁目３９－１９" }, "geometry": { "type": "Point", "coordinates": [ 132.201694, 34.151194 ] } },
{ "type": "Feature", "properties": { "ID": 3522355221860, "正式名称": "医療法人山代会　新岩国外科内科医院", "機関区分": 2, "都道府県コード": 35, "市区町村コード": 208, "所在地": "山口県岩国市御庄１丁目１０５－３", "緯度": 34.164222, "経度": 132.147833, "url": "https://www.iryou.teikyouseido.mhlw.go.jp/znk-web/juminkanja/S2430/initialize?prefCd=35&kikanCd=2355221860&kikanKbn=2", "url2": "http://www.sky.icn-tv.ne.jp/~iwa-med/shin_iwakuni_gekanaika/shin_iwa_gekanaika.htm", "内容": "医療法人山代会　新岩国外科内科医院【2:診療所】【診療科目:内科_呼吸器内科_循環器内科_消化器内科_外科_放射線科】山口県岩国市御庄１丁目１０５－３" }, "geometry": { "type": "Point", "coordinates": [ 132.147833, 34.164222 ] } },
{ "type": "Feature", "properties": { "ID": 3522355222030, "正式名称": "ふくもと内科・循環器科", "機関区分": 2, "都道府県コード": 35, "市区町村コード": 208, "所在地": "山口県岩国市御庄３丁目１０２－７", "緯度": 34.16775, "経度": 132.154278, "url": "https://www.iryou.teikyouseido.mhlw.go.jp/znk-web/juminkanja/S2430/initialize?prefCd=35&kikanCd=2355222030&kikanKbn=2", "url2": null, "内容": "ふくもと内科・循環器科【2:診療所】【診療科目:内科_呼吸器内科_循環器内科_アレルギー科】山口県岩国市御庄３丁目１０２－７" }, "geometry": { "type": "Point", "coordinates": [ 132.154278, 34.16775 ] } },
{ "type": "Feature", "properties": { "ID": 3522355222160, "正式名称": "近藤医院", "機関区分": 2, "都道府県コード": 35, "市区町村コード": 208, "所在地": "山口県岩国市美和町佐坂３７０番地１", "緯度": 34.225222, "経度": 132.105194, "url": "https://www.iryou.teikyouseido.mhlw.go.jp/znk-web/juminkanja/S2430/initialize?prefCd=35&kikanCd=2355222160&kikanKbn=2", "url2": null, "内容": "近藤医院【2:診療所】【診療科目:消化器内科】山口県岩国市美和町佐坂３７０番地１" }, "geometry": { "type": "Point", "coordinates": [ 132.105194, 34.225222 ] } },
{ "type": "Feature", "properties": { "ID": 3522355222290, "正式名称": "医療法人治奈会八木クリニック", "機関区分": 2, "都道府県コード": 35, "市区町村コード": 208, "所在地": "山口県岩国市玖珂町８２９番地１", "緯度": 34.09675, "経度": 132.084778, "url": "https://www.iryou.teikyouseido.mhlw.go.jp/znk-web/juminkanja/S2430/initialize?prefCd=35&kikanCd=2355222290&kikanKbn=2", "url2": "http://www.yagiclinic.jp/html/index.php", "内容": "医療法人治奈会八木クリニック【2:診療所】【診療科目:内科_産婦人科】山口県岩国市玖珂町８２９番地１" }, "geometry": { "type": "Point", "coordinates": [ 132.084778, 34.09675 ] } },
{ "type": "Feature", "properties": { "ID": 3522355222320, "正式名称": "青空診療所", "機関区分": 2, "都道府県コード": 35, "市区町村コード": 208, "所在地": "山口県岩国市平田６丁目２４－５", "緯度": 34.140028, "経度": 132.189083, "url": "https://www.iryou.teikyouseido.mhlw.go.jp/znk-web/juminkanja/S2430/initialize?prefCd=35&kikanCd=2355222320&kikanKbn=2", "url2": null, "内容": "青空診療所【2:診療所】【診療科目:精神科_心療内科】山口県岩国市平田６丁目２４－５" }, "geometry": { "type": "Point", "coordinates": [ 132.189083, 34.140028 ] } },
{ "type": "Feature", "properties": { "ID": 3522355222580, "正式名称": "みい眼科", "機関区分": 2, "都道府県コード": 35, "市区町村コード": 208, "所在地": "山口県岩国市中津町１－２０－２８", "緯度": 34.153306, "経度": 132.215222, "url": "https://www.iryou.teikyouseido.mhlw.go.jp/znk-web/juminkanja/S2430/initialize?prefCd=35&kikanCd=2355222580&kikanKbn=2", "url2": "http://www.mii-ganka.com/", "内容": "みい眼科【2:診療所】【診療科目:眼科】山口県岩国市中津町１－２０－２８" }, "geometry": { "type": "Point", "coordinates": [ 132.215222, 34.153306 ] } },
{ "type": "Feature", "properties": { "ID": 3522355225930, "正式名称": "医療法人　永安クリニック", "機関区分": 2, "都道府県コード": 35, "市区町村コード": 208, "所在地": "山口県岩国市尾津町２丁目１４－５０", "緯度": 34.140639, "経度": 132.210778, "url": "https://www.iryou.teikyouseido.mhlw.go.jp/znk-web/juminkanja/S2430/initialize?prefCd=35&kikanCd=2355225930&kikanKbn=2", "url2": null, "内容": "医療法人　永安クリニック【2:診療所】【診療科目:内科_消化器内科_放射線科】山口県岩国市尾津町２丁目１４－５０" }, "geometry": { "type": "Point", "coordinates": [ 132.210778, 34.140639 ] } },
{ "type": "Feature", "properties": { "ID": 3522355226070, "正式名称": "たかもり眼科", "機関区分": 2, "都道府県コード": 35, "市区町村コード": 208, "所在地": "山口県岩国市周東町下久原１１４７－７", "緯度": 34.092667, "経度": 132.052417, "url": "https://www.iryou.teikyouseido.mhlw.go.jp/znk-web/juminkanja/S2430/initialize?prefCd=35&kikanCd=2355226070&kikanKbn=2", "url2": null, "内容": "たかもり眼科【2:診療所】【診療科目:眼科】山口県岩国市周東町下久原１１４７－７" }, "geometry": { "type": "Point", "coordinates": [ 132.052417, 34.092667 ] } },
{ "type": "Feature", "properties": { "ID": 3522355226100, "正式名称": "後藤皮膚科クリニック", "機関区分": 2, "都道府県コード": 35, "市区町村コード": 208, "所在地": "山口県岩国市今津町３丁目１６番１５号", "緯度": 34.163083, "経度": 132.215472, "url": "https://www.iryou.teikyouseido.mhlw.go.jp/znk-web/juminkanja/S2430/initialize?prefCd=35&kikanCd=2355226100&kikanKbn=2", "url2": null, "内容": "後藤皮膚科クリニック【2:診療所】【診療科目:婦人科_皮膚科_アレルギー科】山口県岩国市今津町３丁目１６番１５号" }, "geometry": { "type": "Point", "coordinates": [ 132.215472, 34.163083 ] } },
{ "type": "Feature", "properties": { "ID": 3522355226360, "正式名称": "医療法人　さとう眼科", "機関区分": 2, "都道府県コード": 35, "市区町村コード": 208, "所在地": "山口県岩国市室の木町５丁目１０番１１号", "緯度": 34.168194, "経度": 132.201528, "url": "https://www.iryou.teikyouseido.mhlw.go.jp/znk-web/juminkanja/S2430/initialize?prefCd=35&kikanCd=2355226360&kikanKbn=2", "url2": "www.sato-eye-clinic.jp/", "内容": "医療法人　さとう眼科【2:診療所】【診療科目:眼科】山口県岩国市室の木町５丁目１０番１１号" }, "geometry": { "type": "Point", "coordinates": [ 132.201528, 34.168194 ] } },
{ "type": "Feature", "properties": { "ID": 3522355227080, "正式名称": "医療法人社団松浦胃腸科　まつうら内科", "機関区分": 2, "都道府県コード": 35, "市区町村コード": 208, "所在地": "山口県岩国市岩国４－７－２３", "緯度": 34.165028, "経度": 132.185222, "url": "https://www.iryou.teikyouseido.mhlw.go.jp/znk-web/juminkanja/S2430/initialize?prefCd=35&kikanCd=2355227080&kikanKbn=2", "url2": "http://www.matsuura-naika.com/", "内容": "医療法人社団松浦胃腸科　まつうら内科【2:診療所】【診療科目:内科_消化器内科】山口県岩国市岩国４－７－２３" }, "geometry": { "type": "Point", "coordinates": [ 132.185222, 34.165028 ] } },
{ "type": "Feature", "properties": { "ID": 3522355227400, "正式名称": "そだクリニック", "機関区分": 2, "都道府県コード": 35, "市区町村コード": 208, "所在地": "山口県岩国市麻里布町３丁目１５－７", "緯度": 34.171222, "経度": 132.221444, "url": "https://www.iryou.teikyouseido.mhlw.go.jp/znk-web/juminkanja/S2430/initialize?prefCd=35&kikanCd=2355227400&kikanKbn=2", "url2": "http://sodaclinic.jp", "内容": "そだクリニック【2:診療所】【診療科目:内科_外科_心臓血管外科】山口県岩国市麻里布町３丁目１５－７" }, "geometry": { "type": "Point", "coordinates": [ 132.221444, 34.171222 ] } },
{ "type": "Feature", "properties": { "ID": 3522355230530, "正式名称": "医療法人にしみ内科クリニック", "機関区分": 2, "都道府県コード": 35, "市区町村コード": 208, "所在地": "山口県岩国市錦見６－１４－３１", "緯度": 34.164, "経度": 132.195028, "url": "https://www.iryou.teikyouseido.mhlw.go.jp/znk-web/juminkanja/S2430/initialize?prefCd=35&kikanCd=2355230530&kikanKbn=2", "url2": "http://nishimi-naika.com/", "内容": "医療法人にしみ内科クリニック【2:診療所】【診療科目:内科_消化器内科_内視鏡内科】山口県岩国市錦見６－１４－３１" }, "geometry": { "type": "Point", "coordinates": [ 132.195028, 34.164 ] } },
{ "type": "Feature", "properties": { "ID": 3522355231250, "正式名称": "医療法人芳心会　まつい内科クリニック", "機関区分": 2, "都道府県コード": 35, "市区町村コード": 208, "所在地": "山口県岩国市山手町　１－２２－２５", "緯度": 34.168389, "経度": 132.214528, "url": "https://www.iryou.teikyouseido.mhlw.go.jp/znk-web/juminkanja/S2430/initialize?prefCd=35&kikanCd=2355231250&kikanKbn=2", "url2": "http://www.matsui-naika.jp/", "内容": "医療法人芳心会　まつい内科クリニック【2:診療所】【診療科目:内科_呼吸器内科_循環器内科】山口県岩国市山手町　１－２２－２５" }, "geometry": { "type": "Point", "coordinates": [ 132.214528, 34.168389 ] } },
{ "type": "Feature", "properties": { "ID": 3522355231540, "正式名称": "やまもとハートクリニック", "機関区分": 2, "都道府県コード": 35, "市区町村コード": 208, "所在地": "山口県岩国市牛野谷町二丁目２５－１５", "緯度": 34.153917, "経度": 132.201667, "url": "https://www.iryou.teikyouseido.mhlw.go.jp/znk-web/juminkanja/S2430/initialize?prefCd=35&kikanCd=2355231540&kikanKbn=2", "url2": null, "内容": "やまもとハートクリニック【2:診療所】【診療科目:内科_循環器内科】山口県岩国市牛野谷町二丁目２５－１５" }, "geometry": { "type": "Point", "coordinates": [ 132.201667, 34.153917 ] } },
{ "type": "Feature", "properties": { "ID": 3522355232970, "正式名称": "南岩国たにおか内科クリニック", "機関区分": 2, "都道府県コード": 35, "市区町村コード": 208, "所在地": "山口県岩国市南岩国町１丁目１４ー２４", "緯度": 34.134667, "経度": 132.204694, "url": "https://www.iryou.teikyouseido.mhlw.go.jp/znk-web/juminkanja/S2430/initialize?prefCd=35&kikanCd=2355232970&kikanKbn=2", "url2": "http://www.tanioka-clinic.jp", "内容": "南岩国たにおか内科クリニック【2:診療所】【診療科目:内科_消化器内科_内視鏡内科】山口県岩国市南岩国町１丁目１４ー２４" }, "geometry": { "type": "Point", "coordinates": [ 132.204694, 34.134667 ] } },
{ "type": "Feature", "properties": { "ID": 3522355233270, "正式名称": "医療法人栄徳会　はせがわクリニック", "機関区分": 2, "都道府県コード": 35, "市区町村コード": 208, "所在地": "山口県岩国市山手町１丁目１０番７号", "緯度": 34.168417, "経度": 132.218056, "url": "https://www.iryou.teikyouseido.mhlw.go.jp/znk-web/juminkanja/S2430/initialize?prefCd=35&kikanCd=2355233270&kikanKbn=2", "url2": "https://hasegawa-med.com", "内容": "医療法人栄徳会　はせがわクリニック【2:診療所】【診療科目:内科_循環器内科】山口県岩国市山手町１丁目１０番７号" }, "geometry": { "type": "Point", "coordinates": [ 132.218056, 34.168417 ] } },
{ "type": "Feature", "properties": { "ID": 3522355233850, "正式名称": "つつい外科クリニック", "機関区分": 2, "都道府県コード": 35, "市区町村コード": 208, "所在地": "山口県岩国市錦町広瀬１０７４ー５", "緯度": 34.261278, "経度": 131.954722, "url": "https://www.iryou.teikyouseido.mhlw.go.jp/znk-web/juminkanja/S2430/initialize?prefCd=35&kikanCd=2355233850&kikanKbn=2", "url2": "www.tsutsuigeka.com", "内容": "つつい外科クリニック【2:診療所】【診療科目:内科_外科】山口県岩国市錦町広瀬１０７４ー５" }, "geometry": { "type": "Point", "coordinates": [ 131.954722, 34.261278 ] } },
{ "type": "Feature", "properties": { "ID": 3522355233980, "正式名称": "じんこどもクリニック", "機関区分": 2, "都道府県コード": 35, "市区町村コード": 208, "所在地": "山口県岩国市南岩国町１ー３０ー９", "緯度": 34.136056, "経度": 132.201417, "url": "https://www.iryou.teikyouseido.mhlw.go.jp/znk-web/juminkanja/S2430/initialize?prefCd=35&kikanCd=2355233980&kikanKbn=2", "url2": "http://www.jin-kodomo-c.com", "内容": "じんこどもクリニック【2:診療所】【診療科目:小児科】山口県岩国市南岩国町１ー３０ー９" }, "geometry": { "type": "Point", "coordinates": [ 132.201417, 34.136056 ] } },
{ "type": "Feature", "properties": { "ID": 3522355244830, "正式名称": "やまもと耳鼻咽喉科クリニック", "機関区分": 2, "都道府県コード": 35, "市区町村コード": 208, "所在地": "山口県岩国市麻里布町６丁目９ー１９", "緯度": 34.169028, "経度": 132.219083, "url": "https://www.iryou.teikyouseido.mhlw.go.jp/znk-web/juminkanja/S2430/initialize?prefCd=35&kikanCd=2355244830&kikanKbn=2", "url2": "https://tyamamoto-ent.jp", "内容": "やまもと耳鼻咽喉科クリニック【2:診療所】【診療科目:小児耳鼻いんこう科_耳鼻いんこう科_麻酔科】山口県岩国市麻里布町６丁目９ー１９" }, "geometry": { "type": "Point", "coordinates": [ 132.219083, 34.169028 ] } },
{ "type": "Feature", "properties": { "ID": 3522355244960, "正式名称": "さくらぎ循環器・内科クリニック", "機関区分": 2, "都道府県コード": 35, "市区町村コード": 208, "所在地": "山口県岩国市麻里布町７－２－１８", "緯度": 34.172139, "経度": 132.218472, "url": "https://www.iryou.teikyouseido.mhlw.go.jp/znk-web/juminkanja/S2430/initialize?prefCd=35&kikanCd=2355244960&kikanKbn=2", "url2": "https://sakuragi-cardiol-clinic.com/", "内容": "さくらぎ循環器・内科クリニック【2:診療所】【診療科目:内科_循環器内科】山口県岩国市麻里布町７－２－１８" }, "geometry": { "type": "Point", "coordinates": [ 132.218472, 34.172139 ] } },
{ "type": "Feature", "properties": { "ID": 3522355246560, "正式名称": "医療法人彩祥会　岩国おりた脳神経クリニック", "機関区分": 2, "都道府県コード": 35, "市区町村コード": 208, "所在地": "山口県岩国市今津町１－９－２６", "緯度": 34.16775, "経度": 132.220472, "url": "https://www.iryou.teikyouseido.mhlw.go.jp/znk-web/juminkanja/S2430/initialize?prefCd=35&kikanCd=2355246560&kikanKbn=2", "url2": "https://iwakuniorita-noucl.com/", "内容": "医療法人彩祥会　岩国おりた脳神経クリニック【2:診療所】【診療科目:脳神経内科_脳神経外科】山口県岩国市今津町１－９－２６" }, "geometry": { "type": "Point", "coordinates": [ 132.220472, 34.16775 ] } },
{ "type": "Feature", "properties": { "ID": 3522355248320, "正式名称": "医療法人鈴川内科クリニック", "機関区分": 2, "都道府県コード": 35, "市区町村コード": 208, "所在地": "山口県岩国市門前町３－１１ー３", "緯度": 34.148611, "経度": 132.215667, "url": "https://www.iryou.teikyouseido.mhlw.go.jp/znk-web/juminkanja/S2430/initialize?prefCd=35&kikanCd=2355248320&kikanKbn=2", "url2": "https://suzukawa-cl.com", "内容": "医療法人鈴川内科クリニック【2:診療所】【診療科目:内科_血液内科_糖尿病内科_内分泌内科】山口県岩国市門前町３－１１ー３" }, "geometry": { "type": "Point", "coordinates": [ 132.215667, 34.148611 ] } },
{ "type": "Feature", "properties": { "ID": 3522355263570, "正式名称": "ふじもと眼科クリニック", "機関区分": 2, "都道府県コード": 35, "市区町村コード": 208, "所在地": "山口県岩国市尾津町二丁目２２番１０号", "緯度": 34.136472, "経度": 132.206528, "url": "https://www.iryou.teikyouseido.mhlw.go.jp/znk-web/juminkanja/S2430/initialize?prefCd=35&kikanCd=2355263570&kikanKbn=2", "url2": "fujimoto-eye-cliic.com", "内容": "ふじもと眼科クリニック【2:診療所】【診療科目:眼科】山口県岩国市尾津町二丁目２２番１０号" }, "geometry": { "type": "Point", "coordinates": [ 132.206528, 34.136472 ] } },
{ "type": "Feature", "properties": { "ID": 3522355265170, "正式名称": "うめだ皮ふ科クリニック", "機関区分": 2, "都道府県コード": 35, "市区町村コード": 208, "所在地": "山口県岩国市錦見６丁目１４－３３", "緯度": 34.163962, "経度": 132.195392, "url": "https://www.iryou.teikyouseido.mhlw.go.jp/znk-web/juminkanja/S2430/initialize?prefCd=35&kikanCd=2355265170&kikanKbn=2", "url2": "https://umedahifuka.com/", "内容": "うめだ皮ふ科クリニック【2:診療所】【診療科目:皮膚科】山口県岩国市錦見６丁目１４－３３" }, "geometry": { "type": "Point", "coordinates": [ 132.195392, 34.163962 ] } },
{ "type": "Feature", "properties": { "ID": 3522355300390, "正式名称": "川田クリニック", "機関区分": 2, "都道府県コード": 35, "市区町村コード": 208, "所在地": "山口県岩国市玖珂町５０５９番地", "緯度": 34.093667, "経度": 132.082667, "url": "https://www.iryou.teikyouseido.mhlw.go.jp/znk-web/juminkanja/S2430/initialize?prefCd=35&kikanCd=2355300390&kikanKbn=2", "url2": null, "内容": "川田クリニック【2:診療所】【診療科目:内科_小児科_眼科】山口県岩国市玖珂町５０５９番地" }, "geometry": { "type": "Point", "coordinates": [ 132.082667, 34.093667 ] } },
{ "type": "Feature", "properties": { "ID": 3522355301010, "正式名称": "医療法人社団河郷診療所", "機関区分": 2, "都道府県コード": 35, "市区町村コード": 208, "所在地": "山口県岩国市周東町祖生５７１７番地５", "緯度": 34.07442, "経度": 132.106435, "url": "https://www.iryou.teikyouseido.mhlw.go.jp/znk-web/juminkanja/S2430/initialize?prefCd=35&kikanCd=2355301010&kikanKbn=2", "url2": "https://kawasato.or.jp", "内容": "医療法人社団河郷診療所【2:診療所】【診療科目:内科_消化器内科】山口県岩国市周東町祖生５７１７番地５" }, "geometry": { "type": "Point", "coordinates": [ 132.106435, 34.07442 ] } },
{ "type": "Feature", "properties": { "ID": 3522355301430, "正式名称": "医療法人頌栄会　松井医院", "機関区分": 2, "都道府県コード": 35, "市区町村コード": 208, "所在地": "山口県岩国市周東町下久原１０４０番地１", "緯度": 34.088861, "経度": 132.052306, "url": "https://www.iryou.teikyouseido.mhlw.go.jp/znk-web/juminkanja/S2430/initialize?prefCd=35&kikanCd=2355301430&kikanKbn=2", "url2": null, "内容": "医療法人頌栄会　松井医院【2:診療所】【診療科目:内科_整形外科_小児科】山口県岩国市周東町下久原１０４０番地１" }, "geometry": { "type": "Point", "coordinates": [ 132.052306, 34.088861 ] } },
{ "type": "Feature", "properties": { "ID": 3522355301850, "正式名称": "岩国市立周東中田診療所", "機関区分": 2, "都道府県コード": 35, "市区町村コード": 208, "所在地": "山口県岩国市周東町田尻７５６番地４", "緯度": 34.024694, "経度": 132.057583, "url": "https://www.iryou.teikyouseido.mhlw.go.jp/znk-web/juminkanja/S2430/initialize?prefCd=35&kikanCd=2355301850&kikanKbn=2", "url2": null, "内容": "岩国市立周東中田診療所【2:診療所】【診療科目:内科】山口県岩国市周東町田尻７５６番地４" }, "geometry": { "type": "Point", "coordinates": [ 132.057583, 34.024694 ] } },
{ "type": "Feature", "properties": { "ID": 3522355302020, "正式名称": "医療法人真和会　松村医院", "機関区分": 2, "都道府県コード": 35, "市区町村コード": 215, "所在地": "山口県周南市大字呼坂１番地の３", "緯度": 34.049056, "経度": 131.968917, "url": "https://www.iryou.teikyouseido.mhlw.go.jp/znk-web/juminkanja/S2430/initialize?prefCd=35&kikanCd=2355302020&kikanKbn=2", "url2": null, "内容": "医療法人真和会　松村医院【2:診療所】【診療科目:内科_呼吸器内科_循環器内科_消化器内科_外科_小児科_リハビリテーション科】山口県周南市大字呼坂１番地の３" }, "geometry": { "type": "Point", "coordinates": [ 131.968917, 34.049056 ] } },
{ "type": "Feature", "properties": { "ID": 3522355302570, "正式名称": "小林医院", "機関区分": 2, "都道府県コード": 35, "市区町村コード": 208, "所在地": "山口県岩国市周東町西長野１６５８番地", "緯度": 34.090222, "経度": 132.005306, "url": "https://www.iryou.teikyouseido.mhlw.go.jp/znk-web/juminkanja/S2430/initialize?prefCd=35&kikanCd=2355302570&kikanKbn=2", "url2": "sites.google.com/view/kobayashiiin/home", "内容": "小林医院【2:診療所】【診療科目:内科_麻酔科】山口県岩国市周東町西長野１６５８番地" }, "geometry": { "type": "Point", "coordinates": [ 132.005306, 34.090222 ] } },
{ "type": "Feature", "properties": { "ID": 3522355302600, "正式名称": "松本医院", "機関区分": 2, "都道府県コード": 35, "市区町村コード": 215, "所在地": "山口県周南市大字呼坂８３８－５", "緯度": 34.045528, "経度": 131.956861, "url": "https://www.iryou.teikyouseido.mhlw.go.jp/znk-web/juminkanja/S2430/initialize?prefCd=35&kikanCd=2355302600&kikanKbn=2", "url2": null, "内容": "松本医院【2:診療所】【診療科目:内科_外科_リハビリテーション科】山口県周南市大字呼坂８３８－５" }, "geometry": { "type": "Point", "coordinates": [ 131.956861, 34.045528 ] } },
{ "type": "Feature", "properties": { "ID": 3522355302730, "正式名称": "医療法人社団玖珂クリニック", "機関区分": 2, "都道府県コード": 35, "市区町村コード": 208, "所在地": "山口県岩国市玖珂町５１４４番地２", "緯度": 34.088083, "経度": 132.081694, "url": "https://www.iryou.teikyouseido.mhlw.go.jp/znk-web/juminkanja/S2430/initialize?prefCd=35&kikanCd=2355302730&kikanKbn=2", "url2": null, "内容": "医療法人社団玖珂クリニック【2:診療所】【診療科目:内科_消化器内科_泌尿器科_リハビリテーション科_放射線科】山口県岩国市玖珂町５１４４番地２" }, "geometry": { "type": "Point", "coordinates": [ 132.081694, 34.088083 ] } },
{ "type": "Feature", "properties": { "ID": 3522355302990, "正式名称": "はぐま医院", "機関区分": 2, "都道府県コード": 35, "市区町村コード": 208, "所在地": "山口県岩国市玖珂町５０５０番地５", "緯度": 34.092806, "経度": 132.08325, "url": "https://www.iryou.teikyouseido.mhlw.go.jp/znk-web/juminkanja/S2430/initialize?prefCd=35&kikanCd=2355302990&kikanKbn=2", "url2": null, "内容": "はぐま医院【2:診療所】【診療科目:内科_外科_耳鼻いんこう科_心療内科】山口県岩国市玖珂町５０５０番地５" }, "geometry": { "type": "Point", "coordinates": [ 132.08325, 34.092806 ] } },
{ "type": "Feature", "properties": { "ID": 3522355303160, "正式名称": "医療法人　山下内科医院", "機関区分": 2, "都道府県コード": 35, "市区町村コード": 208, "所在地": "山口県岩国市玖珂町５５８番地２２", "緯度": 34.097167, "経度": 132.081111, "url": "https://www.iryou.teikyouseido.mhlw.go.jp/znk-web/juminkanja/S2430/initialize?prefCd=35&kikanCd=2355303160&kikanKbn=2", "url2": "https://www.yamashitanaika.com", "内容": "医療法人　山下内科医院【2:診療所】【診療科目:内科_呼吸器内科_循環器内科_消化器内科_放射線科】山口県岩国市玖珂町５５８番地２２" }, "geometry": { "type": "Point", "coordinates": [ 132.081111, 34.097167 ] } },
{ "type": "Feature", "properties": { "ID": 3522355400290, "正式名称": "柳井市立平郡診療所西出張診療所", "機関区分": 2, "都道府県コード": 35, "市区町村コード": 212, "所在地": "山口県柳井市平郡４６９４", "緯度": 33.801361, "経度": 132.202194, "url": "https://www.iryou.teikyouseido.mhlw.go.jp/znk-web/juminkanja/S2430/initialize?prefCd=35&kikanCd=2355400290&kikanKbn=2", "url2": "https://www.city-yanai.jp/soshiki/19/nishishinryoshogaiyo.html", "内容": "柳井市立平郡診療所西出張診療所【2:診療所】【診療科目:内科】山口県柳井市平郡４６９４" }, "geometry": { "type": "Point", "coordinates": [ 132.202194, 33.801361 ] } },
{ "type": "Feature", "properties": { "ID": 3522355400870, "正式名称": "医療法人長寿会　河谷内科医院", "機関区分": 2, "都道府県コード": 35, "市区町村コード": 212, "所在地": "山口県柳井市中央　１－４－１７", "緯度": 33.966583, "経度": 132.110167, "url": "https://www.iryou.teikyouseido.mhlw.go.jp/znk-web/juminkanja/S2430/initialize?prefCd=35&kikanCd=2355400870&kikanKbn=2", "url2": null, "内容": "医療法人長寿会　河谷内科医院【2:診療所】【診療科目:内科_呼吸器内科】山口県柳井市中央　１－４－１７" }, "geometry": { "type": "Point", "coordinates": [ 132.110167, 33.966583 ] } },
{ "type": "Feature", "properties": { "ID": 3522355401040, "正式名称": "河内山医院", "機関区分": 2, "都道府県コード": 35, "市区町村コード": 212, "所在地": "山口県柳井市中央２丁目１０－３", "緯度": 33.967278, "経度": 132.107028, "url": "https://www.iryou.teikyouseido.mhlw.go.jp/znk-web/juminkanja/S2430/initialize?prefCd=35&kikanCd=2355401040&kikanKbn=2", "url2": null, "内容": "河内山医院【2:診療所】【診療科目:内科_消化器内科】山口県柳井市中央２丁目１０－３" }, "geometry": { "type": "Point", "coordinates": [ 132.107028, 33.967278 ] } },
{ "type": "Feature", "properties": { "ID": 3522355402050, "正式名称": "政井医院", "機関区分": 2, "都道府県コード": 35, "市区町村コード": 212, "所在地": "山口県柳井市柳井５０３３－２", "緯度": 33.985667, "経度": 132.097528, "url": "https://www.iryou.teikyouseido.mhlw.go.jp/znk-web/juminkanja/S2430/initialize?prefCd=35&kikanCd=2355402050&kikanKbn=2", "url2": "http://www.masai-clinic.jp", "内容": "政井医院【2:診療所】【診療科目:内科_皮膚科】山口県柳井市柳井５０３３－２" }, "geometry": { "type": "Point", "coordinates": [ 132.097528, 33.985667 ] } },
{ "type": "Feature", "properties": { "ID": 3522355403510, "正式名称": "浜田内科循環器科", "機関区分": 2, "都道府県コード": 35, "市区町村コード": 212, "所在地": "山口県柳井市新庄１５２９番地１", "緯度": 33.973306, "経度": 132.08175, "url": "https://www.iryou.teikyouseido.mhlw.go.jp/znk-web/juminkanja/S2430/initialize?prefCd=35&kikanCd=2355403510&kikanKbn=2", "url2": null, "内容": "浜田内科循環器科【2:診療所】【診療科目:内科_循環器内科】山口県柳井市新庄１５２９番地１" }, "geometry": { "type": "Point", "coordinates": [ 132.08175, 33.973306 ] } },
{ "type": "Feature", "properties": { "ID": 3522355403770, "正式名称": "桑原整形外科", "機関区分": 2, "都道府県コード": 35, "市区町村コード": 212, "所在地": "山口県柳井市南町６－１０－８", "緯度": 33.96075, "経度": 132.099528, "url": "https://www.iryou.teikyouseido.mhlw.go.jp/znk-web/juminkanja/S2430/initialize?prefCd=35&kikanCd=2355403770&kikanKbn=2", "url2": null, "内容": "桑原整形外科【2:診療所】【診療科目:整形外科_リハビリテーション科】山口県柳井市南町６－１０－８" }, "geometry": { "type": "Point", "coordinates": [ 132.099528, 33.96075 ] } },
{ "type": "Feature", "properties": { "ID": 3522355403800, "正式名称": "志熊眼科", "機関区分": 2, "都道府県コード": 35, "市区町村コード": 212, "所在地": "山口県柳井市中央３丁目１３－１０", "緯度": 33.968583, "経度": 132.104833, "url": "https://www.iryou.teikyouseido.mhlw.go.jp/znk-web/juminkanja/S2430/initialize?prefCd=35&kikanCd=2355403800&kikanKbn=2", "url2": null, "内容": "志熊眼科【2:診療所】【診療科目:眼科】山口県柳井市中央３丁目１３－１０" }, "geometry": { "type": "Point", "coordinates": [ 132.104833, 33.968583 ] } },
{ "type": "Feature", "properties": { "ID": 3522355404360, "正式名称": "上関町八島診療所", "機関区分": 2, "都道府県コード": 35, "市区町村コード": 341, "所在地": "山口県熊毛郡上関町八島６８８－３", "緯度": 33.728778, "経度": 132.140083, "url": "https://www.iryou.teikyouseido.mhlw.go.jp/znk-web/juminkanja/S2430/initialize?prefCd=35&kikanCd=2355404360&kikanKbn=2", "url2": null, "内容": "上関町八島診療所【2:診療所】【診療科目:内科_外科】山口県熊毛郡上関町八島６８８－３" }, "geometry": { "type": "Point", "coordinates": [ 132.140083, 33.728778 ] } },
{ "type": "Feature", "properties": { "ID": 3522355405080, "正式名称": "上関町白井田診療所", "機関区分": 2, "都道府県コード": 35, "市区町村コード": 341, "所在地": "山口県熊毛郡上関町長島３９１０－３", "緯度": 33.821167, "経度": 132.068222, "url": "https://www.iryou.teikyouseido.mhlw.go.jp/znk-web/juminkanja/S2430/initialize?prefCd=35&kikanCd=2355405080&kikanKbn=2", "url2": null, "内容": "上関町白井田診療所【2:診療所】【診療科目:内科】山口県熊毛郡上関町長島３９１０－３" }, "geometry": { "type": "Point", "coordinates": [ 132.068222, 33.821167 ] } },
{ "type": "Feature", "properties": { "ID": 3522355406380, "正式名称": "医療法人寿恵会　弘和クリニック", "機関区分": 2, "都道府県コード": 35, "市区町村コード": 343, "所在地": "山口県熊毛郡田布施町波野１９７－１", "緯度": 33.958278, "経度": 132.052611, "url": "https://www.iryou.teikyouseido.mhlw.go.jp/znk-web/juminkanja/S2430/initialize?prefCd=35&kikanCd=2355406380&kikanKbn=2", "url2": null, "内容": "医療法人寿恵会　弘和クリニック【2:診療所】【診療科目:内科_小児科_眼科】山口県熊毛郡田布施町波野１９７－１" }, "geometry": { "type": "Point", "coordinates": [ 132.052611, 33.958278 ] } },
{ "type": "Feature", "properties": { "ID": 3522355407970, "正式名称": "医療法人柳井皮フ科", "機関区分": 2, "都道府県コード": 35, "市区町村コード": 212, "所在地": "山口県柳井市新庄２１番地５８", "緯度": 33.970611, "経度": 132.093, "url": "https://www.iryou.teikyouseido.mhlw.go.jp/znk-web/juminkanja/S2430/initialize?prefCd=35&kikanCd=2355407970&kikanKbn=2", "url2": "http://www.yanaihifuka.com/", "内容": "医療法人柳井皮フ科【2:診療所】【診療科目:皮膚科】山口県柳井市新庄２１番地５８" }, "geometry": { "type": "Point", "coordinates": [ 132.093, 33.970611 ] } },
{ "type": "Feature", "properties": { "ID": 3522355408010, "正式名称": "新谷医院", "機関区分": 2, "都道府県コード": 35, "市区町村コード": 343, "所在地": "山口県熊毛郡田布施町大字波野１８７－５", "緯度": 33.959028, "経度": 132.053806, "url": "https://www.iryou.teikyouseido.mhlw.go.jp/znk-web/juminkanja/S2430/initialize?prefCd=35&kikanCd=2355408010&kikanKbn=2", "url2": null, "内容": "新谷医院【2:診療所】【診療科目:消化器内科_外科_リハビリテーション科_放射線科】山口県熊毛郡田布施町大字波野１８７－５" }, "geometry": { "type": "Point", "coordinates": [ 132.053806, 33.959028 ] } },
{ "type": "Feature", "properties": { "ID": 3522355408140, "正式名称": "医療法人南町内科循環器科", "機関区分": 2, "都道府県コード": 35, "市区町村コード": 212, "所在地": "山口県柳井市南町６丁目５番１号", "緯度": 33.962444, "経度": 132.101, "url": "https://www.iryou.teikyouseido.mhlw.go.jp/znk-web/juminkanja/S2430/initialize?prefCd=35&kikanCd=2355408140&kikanKbn=2", "url2": null, "内容": "医療法人南町内科循環器科【2:診療所】【診療科目:循環器内科】山口県柳井市南町６丁目５番１号" }, "geometry": { "type": "Point", "coordinates": [ 132.101, 33.962444 ] } },
{ "type": "Feature", "properties": { "ID": 3522355408270, "正式名称": "小林内科クリニック", "機関区分": 2, "都道府県コード": 35, "市区町村コード": 212, "所在地": "山口県柳井市東土手１４番１０号", "緯度": 33.966111, "経度": 132.118444, "url": "https://www.iryou.teikyouseido.mhlw.go.jp/znk-web/juminkanja/S2430/initialize?prefCd=35&kikanCd=2355408270&kikanKbn=2", "url2": "https://sites.google.com/site/kobayasimedical/", "内容": "小林内科クリニック【2:診療所】【診療科目:内科_消化器内科_肝臓内科_リハビリテーション科】山口県柳井市東土手１４番１０号" }, "geometry": { "type": "Point", "coordinates": [ 132.118444, 33.966111 ] } },
{ "type": "Feature", "properties": { "ID": 3522355408690, "正式名称": "藤本眼科", "機関区分": 2, "都道府県コード": 35, "市区町村コード": 212, "所在地": "山口県柳井市南町７丁目７－７", "緯度": 33.963444, "経度": 132.099194, "url": "https://www.iryou.teikyouseido.mhlw.go.jp/znk-web/juminkanja/S2430/initialize?prefCd=35&kikanCd=2355408690&kikanKbn=2", "url2": null, "内容": "藤本眼科【2:診療所】【診療科目:眼科】山口県柳井市南町７丁目７－７" }, "geometry": { "type": "Point", "coordinates": [ 132.099194, 33.963444 ] } },
{ "type": "Feature", "properties": { "ID": 3522355408980, "正式名称": "弘田脳神経外科", "機関区分": 2, "都道府県コード": 35, "市区町村コード": 212, "所在地": "山口県柳井市古開作５７５－７", "緯度": 33.969333, "経度": 132.095944, "url": "https://www.iryou.teikyouseido.mhlw.go.jp/znk-web/juminkanja/S2430/initialize?prefCd=35&kikanCd=2355408980&kikanKbn=2", "url2": "http://hirotanougeka.in", "内容": "弘田脳神経外科【2:診療所】【診療科目:外科_脳神経外科_リハビリテーション科_放射線科】山口県柳井市古開作５７５－７" }, "geometry": { "type": "Point", "coordinates": [ 132.095944, 33.969333 ] } },
{ "type": "Feature", "properties": { "ID": 3522355409150, "正式名称": "上関町祝島診療所", "機関区分": 2, "都道府県コード": 35, "市区町村コード": 341, "所在地": "山口県熊毛郡上関町祝島１３７番地", "緯度": 33.785778, "経度": 131.988222, "url": "https://www.iryou.teikyouseido.mhlw.go.jp/znk-web/juminkanja/S2430/initialize?prefCd=35&kikanCd=2355409150&kikanKbn=2", "url2": null, "内容": "上関町祝島診療所【2:診療所】【診療科目:内科】山口県熊毛郡上関町祝島１３７番地" }, "geometry": { "type": "Point", "coordinates": [ 131.988222, 33.785778 ] } },
{ "type": "Feature", "properties": { "ID": 3522355409310, "正式名称": "医療法人おきの内科糖尿病クリニック", "機関区分": 2, "都道府県コード": 35, "市区町村コード": 344, "所在地": "山口県熊毛郡平生町大字平生村５５４－２", "緯度": 33.943139, "経度": 132.078889, "url": "https://www.iryou.teikyouseido.mhlw.go.jp/znk-web/juminkanja/S2430/initialize?prefCd=35&kikanCd=2355409310&kikanKbn=2", "url2": null, "内容": "医療法人おきの内科糖尿病クリニック【2:診療所】【診療科目:内科_糖尿病内科】山口県熊毛郡平生町大字平生村５５４－２" }, "geometry": { "type": "Point", "coordinates": [ 132.078889, 33.943139 ] } },
{ "type": "Feature", "properties": { "ID": 3522355410000, "正式名称": "医療法人　まつばら内科・胃腸科", "機関区分": 2, "都道府県コード": 35, "市区町村コード": 212, "所在地": "山口県柳井市南町７丁目２－３", "緯度": 33.963361, "経度": 132.100806, "url": "https://www.iryou.teikyouseido.mhlw.go.jp/znk-web/juminkanja/S2430/initialize?prefCd=35&kikanCd=2355410000&kikanKbn=2", "url2": null, "内容": "医療法人　まつばら内科・胃腸科【2:診療所】【診療科目:内科_消化器内科】山口県柳井市南町７丁目２－３" }, "geometry": { "type": "Point", "coordinates": [ 132.100806, 33.963361 ] } },
{ "type": "Feature", "properties": { "ID": 3522355410260, "正式名称": "平生クリニックセンター", "機関区分": 2, "都道府県コード": 35, "市区町村コード": 344, "所在地": "山口県熊毛郡平生町大字平生町５６９－１２", "緯度": 33.938917, "経度": 132.06825, "url": "https://www.iryou.teikyouseido.mhlw.go.jp/znk-web/juminkanja/S2430/initialize?prefCd=35&kikanCd=2355410260&kikanKbn=2", "url2": "http://ww52.tiki.ne.jp/~hirao-cc/", "内容": "平生クリニックセンター【2:診療所】【診療科目:内科_循環器内科_外科_脳神経外科_整形外科_眼科_耳鼻いんこう科_泌尿器科】山口県熊毛郡平生町大字平生町５６９－１２" }, "geometry": { "type": "Point", "coordinates": [ 132.06825, 33.938917 ] } },
{ "type": "Feature", "properties": { "ID": 3522355410550, "正式名称": "キャプテンキッズクリニック", "機関区分": 2, "都道府県コード": 35, "市区町村コード": 212, "所在地": "山口県柳井市南町７丁目１１番地９", "緯度": 33.962643, "経度": 132.097898, "url": "https://www.iryou.teikyouseido.mhlw.go.jp/znk-web/juminkanja/S2430/initialize?prefCd=35&kikanCd=2355410550&kikanKbn=2", "url2": null, "内容": "キャプテンキッズクリニック【2:診療所】【診療科目:小児科】山口県柳井市南町７丁目１１番地９" }, "geometry": { "type": "Point", "coordinates": [ 132.097898, 33.962643 ] } },
{ "type": "Feature", "properties": { "ID": 3522355410970, "正式名称": "野田整形外科クリニック", "機関区分": 2, "都道府県コード": 35, "市区町村コード": 212, "所在地": "山口県柳井市天神１７番１６号", "緯度": 33.965, "経度": 132.115028, "url": "https://www.iryou.teikyouseido.mhlw.go.jp/znk-web/juminkanja/S2430/initialize?prefCd=35&kikanCd=2355410970&kikanKbn=2", "url2": "http://nttbj.itp.ne.jp/0820242345/", "内容": "野田整形外科クリニック【2:診療所】【診療科目:整形外科_リウマチ科_リハビリテーション科】山口県柳井市天神１７番１６号" }, "geometry": { "type": "Point", "coordinates": [ 132.115028, 33.965 ] } },
{ "type": "Feature", "properties": { "ID": 3522355411010, "正式名称": "こうだクリニック", "機関区分": 2, "都道府県コード": 35, "市区町村コード": 212, "所在地": "山口県柳井市ニュータウン南町２４番", "緯度": 33.967, "経度": 132.097472, "url": "https://www.iryou.teikyouseido.mhlw.go.jp/znk-web/juminkanja/S2430/initialize?prefCd=35&kikanCd=2355411010&kikanKbn=2", "url2": null, "内容": "こうだクリニック【2:診療所】【診療科目:皮膚科_泌尿器科】山口県柳井市ニュータウン南町２４番" }, "geometry": { "type": "Point", "coordinates": [ 132.097472, 33.967 ] } },
{ "type": "Feature", "properties": { "ID": 3522355411140, "正式名称": "上関町四代診療所", "機関区分": 2, "都道府県コード": 35, "市区町村コード": 341, "所在地": "山口県熊毛郡上関町長島２１５９番地の４", "緯度": 33.79325, "経度": 132.055417, "url": "https://www.iryou.teikyouseido.mhlw.go.jp/znk-web/juminkanja/S2430/initialize?prefCd=35&kikanCd=2355411140&kikanKbn=2", "url2": null, "内容": "上関町四代診療所【2:診療所】【診療科目:内科】山口県熊毛郡上関町長島２１５９番地の４" }, "geometry": { "type": "Point", "coordinates": [ 132.055417, 33.79325 ] } },
{ "type": "Feature", "properties": { "ID": 3522355411270, "正式名称": "たじり皮フ科医院", "機関区分": 2, "都道府県コード": 35, "市区町村コード": 212, "所在地": "山口県柳井市中央２丁目１９番８号", "緯度": 33.966583, "経度": 132.105389, "url": "https://www.iryou.teikyouseido.mhlw.go.jp/znk-web/juminkanja/S2430/initialize?prefCd=35&kikanCd=2355411270&kikanKbn=2", "url2": null, "内容": "たじり皮フ科医院【2:診療所】【診療科目:皮膚科】山口県柳井市中央２丁目１９番８号" }, "geometry": { "type": "Point", "coordinates": [ 132.105389, 33.966583 ] } },
{ "type": "Feature", "properties": { "ID": 3522355411300, "正式名称": "医療法人　たけの子クリニック", "機関区分": 2, "都道府県コード": 35, "市区町村コード": 344, "所在地": "山口県熊毛郡平生町平生村７６５－２", "緯度": 33.941667, "経度": 132.071528, "url": "https://www.iryou.teikyouseido.mhlw.go.jp/znk-web/juminkanja/S2430/initialize?prefCd=35&kikanCd=2355411300&kikanKbn=2", "url2": "https://www.takenoko-clinic.com/", "内容": "医療法人　たけの子クリニック【2:診療所】【診療科目:内科_アレルギー疾患内科_小児科_アレルギー科】山口県熊毛郡平生町平生村７６５－２" }, "geometry": { "type": "Point", "coordinates": [ 132.071528, 33.941667 ] } },
{ "type": "Feature", "properties": { "ID": 3522355411430, "正式名称": "山中医科歯科クリニック", "機関区分": 2, "都道府県コード": 35, "市区町村コード": 305, "所在地": "山口県大島郡周防大島町久賀５３６８－１", "緯度": 33.946139, "経度": 132.259667, "url": "https://www.iryou.teikyouseido.mhlw.go.jp/znk-web/juminkanja/S2430/initialize?prefCd=35&kikanCd=2355411430&kikanKbn=2", "url2": "https://nagomikai.net", "内容": "山中医科歯科クリニック【2:診療所】【診療科目:内科_呼吸器内科_循環器内科_消化器内科_内視鏡内科_外科_消化器外科_肛門外科_整形外科_歯科_矯正歯科_歯科口腔外科_小児歯科_小児矯正歯科_リウマチ科_リハビリテーション科】山口県大島郡周防大島町久賀５３６８－１" }, "geometry": { "type": "Point", "coordinates": [ 132.259667, 33.946139 ] } },
{ "type": "Feature", "properties": { "ID": 3522355411690, "正式名称": "医療法人優クリニック", "機関区分": 2, "都道府県コード": 35, "市区町村コード": 212, "所在地": "山口県柳井市中央１丁目８番８号", "緯度": 33.96625, "経度": 132.109167, "url": "https://www.iryou.teikyouseido.mhlw.go.jp/znk-web/juminkanja/S2430/initialize?prefCd=35&kikanCd=2355411690&kikanKbn=2", "url2": null, "内容": "医療法人優クリニック【2:診療所】【診療科目:産婦人科】山口県柳井市中央１丁目８番８号" }, "geometry": { "type": "Point", "coordinates": [ 132.109167, 33.96625 ] } },
{ "type": "Feature", "properties": { "ID": 3522355411720, "正式名称": "医療法人社団　安本医院", "機関区分": 2, "都道府県コード": 35, "市区町村コード": 305, "所在地": "山口県大島郡周防大島町大字土居９２２番地", "緯度": 33.913083, "経度": 132.306222, "url": "https://www.iryou.teikyouseido.mhlw.go.jp/znk-web/juminkanja/S2430/initialize?prefCd=35&kikanCd=2355411720&kikanKbn=2", "url2": "https://sites.google.com/vies/yasumotoiin", "内容": "医療法人社団　安本医院【2:診療所】【診療科目:胃腸内科_外科_脳神経外科_胃腸外科_肛門外科_整形外科_泌尿器科_リハビリテーション科_放射線科_麻酔科】山口県大島郡周防大島町大字土居９２２番地" }, "geometry": { "type": "Point", "coordinates": [ 132.306222, 33.913083 ] } },
{ "type": "Feature", "properties": { "ID": 3522355411850, "正式名称": "医療法人おりたクリニック", "機関区分": 2, "都道府県コード": 35, "市区町村コード": 212, "所在地": "山口県柳井市中央１丁目８－１５", "緯度": 33.965861, "経度": 132.109694, "url": "https://www.iryou.teikyouseido.mhlw.go.jp/znk-web/juminkanja/S2430/initialize?prefCd=35&kikanCd=2355411850&kikanKbn=2", "url2": null, "内容": "医療法人おりたクリニック【2:診療所】【診療科目:神経内科_脳神経外科_心療内科】山口県柳井市中央１丁目８－１５" }, "geometry": { "type": "Point", "coordinates": [ 132.109694, 33.965861 ] } },
{ "type": "Feature", "properties": { "ID": 3522355411980, "正式名称": "吉田クリニック", "機関区分": 2, "都道府県コード": 35, "市区町村コード": 212, "所在地": "山口県柳井市南町１丁目１１－５", "緯度": 33.965194, "経度": 132.101083, "url": "https://www.iryou.teikyouseido.mhlw.go.jp/znk-web/juminkanja/S2430/initialize?prefCd=35&kikanCd=2355411980&kikanKbn=2", "url2": "https://yoshidaclinic.sakura.ne.jp/", "内容": "吉田クリニック【2:診療所】【診療科目:内科_消化器内科_外科_肛門外科_リハビリテーション科】山口県柳井市南町１丁目１１－５" }, "geometry": { "type": "Point", "coordinates": [ 132.101083, 33.965194 ] } },
{ "type": "Feature", "properties": { "ID": 3522355412310, "正式名称": "医療法人社団　薫真会　松井クリニック", "機関区分": 2, "都道府県コード": 35, "市区町村コード": 212, "所在地": "山口県柳井市南浜１丁目８番３号", "緯度": 33.963027, "経度": 132.11268, "url": "https://www.iryou.teikyouseido.mhlw.go.jp/znk-web/juminkanja/S2430/initialize?prefCd=35&kikanCd=2355412310&kikanKbn=2", "url2": "http://matsui.clinic-yamaguchi.com/", "内容": "医療法人社団　薫真会　松井クリニック【2:診療所】【診療科目:内科_外科_消化器外科_肛門外科_リハビリテーション科_麻酔科】山口県柳井市南浜１丁目８番３号" }, "geometry": { "type": "Point", "coordinates": [ 132.11268, 33.963027 ] } },
{ "type": "Feature", "properties": { "ID": 3522355412570, "正式名称": "医療法人　最所クリニック", "機関区分": 2, "都道府県コード": 35, "市区町村コード": 212, "所在地": "山口県柳井市大畠９０９－７", "緯度": 33.962028, "経度": 132.172, "url": "https://www.iryou.teikyouseido.mhlw.go.jp/znk-web/juminkanja/S2430/initialize?prefCd=35&kikanCd=2355412570&kikanKbn=2", "url2": null, "内容": "医療法人　最所クリニック【2:診療所】【診療科目:内科】山口県柳井市大畠９０９－７" }, "geometry": { "type": "Point", "coordinates": [ 132.172, 33.962028 ] } },
{ "type": "Feature", "properties": { "ID": 3522355412600, "正式名称": "うつみ内科クリニック", "機関区分": 2, "都道府県コード": 35, "市区町村コード": 212, "所在地": "山口県柳井市南町４丁目２番１４号", "緯度": 33.962389, "経度": 132.108694, "url": "https://www.iryou.teikyouseido.mhlw.go.jp/znk-web/juminkanja/S2430/initialize?prefCd=35&kikanCd=2355412600&kikanKbn=2", "url2": null, "内容": "うつみ内科クリニック【2:診療所】【診療科目:内科_呼吸器内科】山口県柳井市南町４丁目２番１４号" }, "geometry": { "type": "Point", "coordinates": [ 132.108694, 33.962389 ] } },
{ "type": "Feature", "properties": { "ID": 3522355412860, "正式名称": "ウェルネスクリニック", "機関区分": 2, "都道府県コード": 35, "市区町村コード": 212, "所在地": "山口県柳井市柳井１５４７－１", "緯度": 33.960833, "経度": 132.125389, "url": "https://www.iryou.teikyouseido.mhlw.go.jp/znk-web/juminkanja/S2430/initialize?prefCd=35&kikanCd=2355412860&kikanKbn=2", "url2": "http://www.wellness-cl.jp", "内容": "ウェルネスクリニック【2:診療所】【診療科目:内科】山口県柳井市柳井１５４７－１" }, "geometry": { "type": "Point", "coordinates": [ 132.125389, 33.960833 ] } },
{ "type": "Feature", "properties": { "ID": 3522355413030, "正式名称": "吉浦耳鼻咽喉科医院", "機関区分": 2, "都道府県コード": 35, "市区町村コード": 212, "所在地": "山口県柳井市中央一丁目９－１５", "緯度": 33.966222, "経度": 132.109167, "url": "https://www.iryou.teikyouseido.mhlw.go.jp/znk-web/juminkanja/S2430/initialize?prefCd=35&kikanCd=2355413030&kikanKbn=2", "url2": "https://www.kosa3387.com/", "内容": "吉浦耳鼻咽喉科医院【2:診療所】【診療科目:耳鼻いんこう科】山口県柳井市中央一丁目９－１５" }, "geometry": { "type": "Point", "coordinates": [ 132.109167, 33.966222 ] } },
{ "type": "Feature", "properties": { "ID": 3522355413290, "正式名称": "医療法人）吉村胃腸科内科医院", "機関区分": 2, "都道府県コード": 35, "市区町村コード": 343, "所在地": "山口県熊毛郡田布施町大字下田布施１１６番４", "緯度": 33.952583, "経度": 132.057444, "url": "https://www.iryou.teikyouseido.mhlw.go.jp/znk-web/juminkanja/S2430/initialize?prefCd=35&kikanCd=2355413290&kikanKbn=2", "url2": null, "内容": "医療法人）吉村胃腸科内科医院【2:診療所】【診療科目:内科_消化器内科_胃腸内科】山口県熊毛郡田布施町大字下田布施１１６番４" }, "geometry": { "type": "Point", "coordinates": [ 132.057444, 33.952583 ] } },
{ "type": "Feature", "properties": { "ID": 3522355413320, "正式名称": "休日夜間応急診療所", "機関区分": 2, "都道府県コード": 35, "市区町村コード": 212, "所在地": "山口県柳井市中央一丁目１０番１７号", "緯度": 33.965417, "経度": 132.108556, "url": "https://www.iryou.teikyouseido.mhlw.go.jp/znk-web/juminkanja/S2430/initialize?prefCd=35&kikanCd=2355413320&kikanKbn=2", "url2": "https://www.city-yanai.jp/soshiki/19/okyu.html", "内容": "休日夜間応急診療所【2:診療所】【診療科目:内科_外科_小児科】山口県柳井市中央一丁目１０番１７号" }, "geometry": { "type": "Point", "coordinates": [ 132.108556, 33.965417 ] } },
{ "type": "Feature", "properties": { "ID": 3522355413580, "正式名称": "増本クリニック", "機関区分": 2, "都道府県コード": 35, "市区町村コード": 212, "所在地": "山口県柳井市天神１８－９", "緯度": 33.9654, "経度": 132.113828, "url": "https://www.iryou.teikyouseido.mhlw.go.jp/znk-web/juminkanja/S2430/initialize?prefCd=35&kikanCd=2355413580&kikanKbn=2", "url2": null, "内容": "増本クリニック【2:診療所】【診療科目:内科_精神科_心療内科】山口県柳井市天神１８－９" }, "geometry": { "type": "Point", "coordinates": [ 132.113828, 33.9654 ] } },
{ "type": "Feature", "properties": { "ID": 3522355413610, "正式名称": "みつおかクリニック", "機関区分": 2, "都道府県コード": 35, "市区町村コード": 344, "所在地": "山口県熊毛郡平生町大字佐賀２２８９－１", "緯度": 33.897583, "経度": 132.080333, "url": "https://www.iryou.teikyouseido.mhlw.go.jp/znk-web/juminkanja/S2430/initialize?prefCd=35&kikanCd=2355413610&kikanKbn=2", "url2": "http://www.kvision.ne.jp/~mitsuoka/", "内容": "みつおかクリニック【2:診療所】【診療科目:内科_呼吸器内科_循環器内科_消化器内科_胃腸内科_肝臓内科_リハビリテーション科】山口県熊毛郡平生町大字佐賀２２８９－１" }, "geometry": { "type": "Point", "coordinates": [ 132.080333, 33.897583 ] } },
{ "type": "Feature", "properties": { "ID": 3522355413740, "正式名称": "医療法人さいとう整形外科", "機関区分": 2, "都道府県コード": 35, "市区町村コード": 344, "所在地": "山口県熊毛郡平生町平生村６７５－１", "緯度": 33.944889, "経度": 132.079583, "url": "https://www.iryou.teikyouseido.mhlw.go.jp/znk-web/juminkanja/S2430/initialize?prefCd=35&kikanCd=2355413740&kikanKbn=2", "url2": "https://www.saito-seikeigeka.com/", "内容": "医療法人さいとう整形外科【2:診療所】【診療科目:整形外科_リウマチ科_リハビリテーション科】山口県熊毛郡平生町平生村６７５－１" }, "geometry": { "type": "Point", "coordinates": [ 132.079583, 33.944889 ] } },
{ "type": "Feature", "properties": { "ID": 3522355415760, "正式名称": "松田医院", "機関区分": 2, "都道府県コード": 35, "市区町村コード": 212, "所在地": "山口県柳井市柳井古市３７１５－１", "緯度": 33.969972, "経度": 132.106111, "url": "https://www.iryou.teikyouseido.mhlw.go.jp/znk-web/juminkanja/S2430/initialize?prefCd=35&kikanCd=2355415760&kikanKbn=2", "url2": "https://dm.mimihana.telemed.jp", "内容": "松田医院【2:診療所】【診療科目:糖尿病内科_耳鼻いんこう科】山口県柳井市柳井古市３７１５－１" }, "geometry": { "type": "Point", "coordinates": [ 132.106111, 33.969972 ] } },
{ "type": "Feature", "properties": { "ID": 3522355417940, "正式名称": "医療法人　青天　しまかぜ在宅支援診療所", "機関区分": 2, "都道府県コード": 35, "市区町村コード": 305, "所在地": "山口県大島郡周防大島町平野２７１ー１４", "緯度": 33.908167, "経度": 132.356528, "url": "https://www.iryou.teikyouseido.mhlw.go.jp/znk-web/juminkanja/S2430/initialize?prefCd=35&kikanCd=2355417940&kikanKbn=2", "url2": null, "内容": "医療法人　青天　しまかぜ在宅支援診療所【2:診療所】【診療科目:内科_脳神経外科_小児科】山口県大島郡周防大島町平野２７１ー１４" }, "geometry": { "type": "Point", "coordinates": [ 132.356528, 33.908167 ] } },
{ "type": "Feature", "properties": { "ID": 3522355420650, "正式名称": "柳井市立平郡診療所", "機関区分": 2, "都道府県コード": 35, "市区町村コード": 212, "所在地": "山口県柳井市平郡１８２４番地１１", "緯度": 33.781, "経度": 132.257889, "url": "https://www.iryou.teikyouseido.mhlw.go.jp/znk-web/juminkanja/S2430/initialize?prefCd=35&kikanCd=2355420650&kikanKbn=2", "url2": "https://www.city-yanai.jp/soshiki/19/shinryoshogaiyo.html", "内容": "柳井市立平郡診療所【2:診療所】【診療科目:内科】山口県柳井市平郡１８２４番地１１" }, "geometry": { "type": "Point", "coordinates": [ 132.257889, 33.781 ] } },
{ "type": "Feature", "properties": { "ID": 3522355420780, "正式名称": "上関町立海のまち診療所", "機関区分": 2, "都道府県コード": 35, "市区町村コード": 341, "所在地": "山口県熊毛郡上関町大字長島５８２番地３", "緯度": 33.830889, "経度": 132.112444, "url": "https://www.iryou.teikyouseido.mhlw.go.jp/znk-web/juminkanja/S2430/initialize?prefCd=35&kikanCd=2355420780&kikanKbn=2", "url2": null, "内容": "上関町立海のまち診療所【2:診療所】【診療科目:内科】山口県熊毛郡上関町大字長島５８２番地３" }, "geometry": { "type": "Point", "coordinates": [ 132.112444, 33.830889 ] } },
{ "type": "Feature", "properties": { "ID": 3522355421660, "正式名称": "医療法人やのくにクリニック", "機関区分": 2, "都道府県コード": 35, "市区町村コード": 343, "所在地": "山口県熊毛郡田布施町下田布施８９９ー３", "緯度": 33.956306, "経度": 132.0435, "url": "https://www.iryou.teikyouseido.mhlw.go.jp/znk-web/juminkanja/S2430/initialize?prefCd=35&kikanCd=2355421660&kikanKbn=2", "url2": "http://www.yanokuniclinic.org", "内容": "医療法人やのくにクリニック【2:診療所】【診療科目:内科_漢方内科_小児科】山口県熊毛郡田布施町下田布施８９９ー３" }, "geometry": { "type": "Point", "coordinates": [ 132.0435, 33.956306 ] } },
{ "type": "Feature", "properties": { "ID": 3522355424980, "正式名称": "医療法人　徳隣会　正木内科医院", "機関区分": 2, "都道府県コード": 35, "市区町村コード": 305, "所在地": "山口県大島郡周防大島町西安下庄２６ー８", "緯度": 33.898472, "経度": 132.276833, "url": "https://www.iryou.teikyouseido.mhlw.go.jp/znk-web/juminkanja/S2430/initialize?prefCd=35&kikanCd=2355424980&kikanKbn=2", "url2": "tsutsumiclinic.net", "内容": "医療法人　徳隣会　正木内科医院【2:診療所】【診療科目:内科_皮膚科】山口県大島郡周防大島町西安下庄２６ー８" }, "geometry": { "type": "Point", "coordinates": [ 132.276833, 33.898472 ] } },
{ "type": "Feature", "properties": { "ID": 3522355427040, "正式名称": "医療法人社団公仁会　まきどの総合健診所", "機関区分": 2, "都道府県コード": 35, "市区町村コード": 343, "所在地": "山口県熊毛郡田布施町波野２００５", "緯度": 33.96763, "経度": 132.046015, "url": "https://www.iryou.teikyouseido.mhlw.go.jp/znk-web/juminkanja/S2430/initialize?prefCd=35&kikanCd=2355427040&kikanKbn=2", "url2": "https://tabuse-mjkensin.com/", "内容": "医療法人社団公仁会　まきどの総合健診所【2:診療所】【診療科目:内科_放射線科】山口県熊毛郡田布施町波野２００５" }, "geometry": { "type": "Point", "coordinates": [ 132.046015, 33.96763 ] } },
{ "type": "Feature", "properties": { "ID": 3522355501650, "正式名称": "石田整形外科", "機関区分": 2, "都道府県コード": 35, "市区町村コード": 215, "所在地": "山口県周南市大内町１０－１５", "緯度": 34.047778, "経度": 131.825278, "url": "https://www.iryou.teikyouseido.mhlw.go.jp/znk-web/juminkanja/S2430/initialize?prefCd=35&kikanCd=2355501650&kikanKbn=2", "url2": "http://nttbj.itp.ne.jp/0834280250/", "内容": "石田整形外科【2:診療所】【診療科目:整形外科_リウマチ科_リハビリテーション科】山口県周南市大内町１０－１５" }, "geometry": { "type": "Point", "coordinates": [ 131.825278, 34.047778 ] } },
{ "type": "Feature", "properties": { "ID": 3522355502240, "正式名称": "医療法人　梅原耳鼻咽喉科", "機関区分": 2, "都道府県コード": 35, "市区町村コード": 215, "所在地": "山口県周南市代々木通１－１４", "緯度": 34.054278, "経度": 131.805556, "url": "https://www.iryou.teikyouseido.mhlw.go.jp/znk-web/juminkanja/S2430/initialize?prefCd=35&kikanCd=2355502240&kikanKbn=2", "url2": "http://www.umehara-ent-cl.com/", "内容": "医療法人　梅原耳鼻咽喉科【2:診療所】【診療科目:耳鼻いんこう科】山口県周南市代々木通１－１４" }, "geometry": { "type": "Point", "coordinates": [ 131.805556, 34.054278 ] } },
{ "type": "Feature", "properties": { "ID": 3522355503380, "正式名称": "清水クリニック", "機関区分": 2, "都道府県コード": 35, "市区町村コード": 215, "所在地": "山口県周南市栄町１－１２", "緯度": 34.05375, "経度": 131.804917, "url": "https://www.iryou.teikyouseido.mhlw.go.jp/znk-web/juminkanja/S2430/initialize?prefCd=35&kikanCd=2355503380&kikanKbn=2", "url2": null, "内容": "清水クリニック【2:診療所】【診療科目:内科_泌尿器科】山口県周南市栄町１－１２" }, "geometry": { "type": "Point", "coordinates": [ 131.804917, 34.05375 ] } },
{ "type": "Feature", "properties": { "ID": 3522355503540, "正式名称": "高取整形外科医院", "機関区分": 2, "都道府県コード": 35, "市区町村コード": 215, "所在地": "山口県周南市飯島町１－６７", "緯度": 34.050778, "経度": 131.808722, "url": "https://www.iryou.teikyouseido.mhlw.go.jp/znk-web/juminkanja/S2430/initialize?prefCd=35&kikanCd=2355503540&kikanKbn=2", "url2": "http://xfield.com/taketori/", "内容": "高取整形外科医院【2:診療所】【診療科目:外科_整形外科_リウマチ科】山口県周南市飯島町１－６７" }, "geometry": { "type": "Point", "coordinates": [ 131.808722, 34.050778 ] } },
{ "type": "Feature", "properties": { "ID": 3522355503960, "正式名称": "（医療法人）田中医院", "機関区分": 2, "都道府県コード": 35, "市区町村コード": 215, "所在地": "山口県周南市下上２０９５－３", "緯度": 34.089444, "経度": 131.782639, "url": "https://www.iryou.teikyouseido.mhlw.go.jp/znk-web/juminkanja/S2430/initialize?prefCd=35&kikanCd=2355503960&kikanKbn=2", "url2": "https://www.tanakaiin-K.com/", "内容": "（医療法人）田中医院【2:診療所】【診療科目:内科_消化器内科】山口県周南市下上２０９５－３" }, "geometry": { "type": "Point", "coordinates": [ 131.782639, 34.089444 ] } },
{ "type": "Feature", "properties": { "ID": 3522355505980, "正式名称": "三浦皮フ科", "機関区分": 2, "都道府県コード": 35, "市区町村コード": 215, "所在地": "山口県周南市岐南町１－２８", "緯度": 34.057778, "経度": 131.8125, "url": "https://www.iryou.teikyouseido.mhlw.go.jp/znk-web/juminkanja/S2430/initialize?prefCd=35&kikanCd=2355505980&kikanKbn=2", "url2": "http://www.citydo.com/sp/0834-21-5333", "内容": "三浦皮フ科【2:診療所】【診療科目:皮膚科_アレルギー科】山口県周南市岐南町１－２８" }, "geometry": { "type": "Point", "coordinates": [ 131.8125, 34.057778 ] } },
{ "type": "Feature", "properties": { "ID": 3522355506990, "正式名称": "医療法人　おかたに医院", "機関区分": 2, "都道府県コード": 35, "市区町村コード": 215, "所在地": "山口県周南市緑町３－３７", "緯度": 34.060194, "経度": 131.803972, "url": "https://www.iryou.teikyouseido.mhlw.go.jp/znk-web/juminkanja/S2430/initialize?prefCd=35&kikanCd=2355506990&kikanKbn=2", "url2": null, "内容": "医療法人　おかたに医院【2:診療所】【診療科目:内科_循環器内科_消化器内科_外科_皮膚科】山口県周南市緑町３－３７" }, "geometry": { "type": "Point", "coordinates": [ 131.803972, 34.060194 ] } },
{ "type": "Feature", "properties": { "ID": 3522355507030, "正式名称": "津永産婦人科", "機関区分": 2, "都道府県コード": 35, "市区町村コード": 215, "所在地": "山口県周南市川端町２－３０", "緯度": 34.049139, "経度": 131.810222, "url": "https://www.iryou.teikyouseido.mhlw.go.jp/znk-web/juminkanja/S2430/initialize?prefCd=35&kikanCd=2355507030&kikanKbn=2", "url2": null, "内容": "津永産婦人科【2:診療所】【診療科目:産婦人科】山口県周南市川端町２－３０" }, "geometry": { "type": "Point", "coordinates": [ 131.810222, 34.049139 ] } },
{ "type": "Feature", "properties": { "ID": 3522355507450, "正式名称": "医療法人イオキ会　徳山クリニック", "機関区分": 2, "都道府県コード": 35, "市区町村コード": 215, "所在地": "山口県周南市栗屋８３９－１", "緯度": 34.021944, "経度": 131.834278, "url": "https://www.iryou.teikyouseido.mhlw.go.jp/znk-web/juminkanja/S2430/initialize?prefCd=35&kikanCd=2355507450&kikanKbn=2", "url2": "https://www.iokikai.jp/", "内容": "医療法人イオキ会　徳山クリニック【2:診療所】【診療科目:内科_人工透析内科_眼科】山口県周南市栗屋８３９－１" }, "geometry": { "type": "Point", "coordinates": [ 131.834278, 34.021944 ] } },
{ "type": "Feature", "properties": { "ID": 3522355507610, "正式名称": "医療法人社団高橋内科", "機関区分": 2, "都道府県コード": 35, "市区町村コード": 215, "所在地": "山口県周南市緑町１－６６", "緯度": 34.058556, "経度": 131.804111, "url": "https://www.iryou.teikyouseido.mhlw.go.jp/znk-web/juminkanja/S2430/initialize?prefCd=35&kikanCd=2355507610&kikanKbn=2", "url2": "http://www.takahashinaika.dr-clinic.jp/", "内容": "医療法人社団高橋内科【2:診療所】【診療科目:内科】山口県周南市緑町１－６６" }, "geometry": { "type": "Point", "coordinates": [ 131.804111, 34.058556 ] } },
{ "type": "Feature", "properties": { "ID": 3522355507900, "正式名称": "弘田消化器科", "機関区分": 2, "都道府県コード": 35, "市区町村コード": 215, "所在地": "山口県周南市徳山　５８２７－５", "緯度": 34.059917, "経度": 131.816722, "url": "https://www.iryou.teikyouseido.mhlw.go.jp/znk-web/juminkanja/S2430/initialize?prefCd=35&kikanCd=2355507900&kikanKbn=2", "url2": null, "内容": "弘田消化器科【2:診療所】【診療科目:内科_循環器内科_消化器内科】山口県周南市徳山　５８２７－５" }, "geometry": { "type": "Point", "coordinates": [ 131.816722, 34.059917 ] } },
{ "type": "Feature", "properties": { "ID": 3522355508460, "正式名称": "医療法人社団津田胃腸科内科医院", "機関区分": 2, "都道府県コード": 35, "市区町村コード": 215, "所在地": "山口県周南市城ケ丘４－１－１", "緯度": 34.045361, "経度": 131.842778, "url": "https://www.iryou.teikyouseido.mhlw.go.jp/znk-web/juminkanja/S2430/initialize?prefCd=35&kikanCd=2355508460&kikanKbn=2", "url2": null, "内容": "医療法人社団津田胃腸科内科医院【2:診療所】【診療科目:内科_消化器内科_胃腸内科_小児科】山口県周南市城ケ丘４－１－１" }, "geometry": { "type": "Point", "coordinates": [ 131.842778, 34.045361 ] } },
{ "type": "Feature", "properties": { "ID": 3522355508880, "正式名称": "医療法人広田眼科", "機関区分": 2, "都道府県コード": 35, "市区町村コード": 215, "所在地": "山口県周南市新町１－２５－１", "緯度": 34.052472, "経度": 131.806056, "url": "https://www.iryou.teikyouseido.mhlw.go.jp/znk-web/juminkanja/S2430/initialize?prefCd=35&kikanCd=2355508880&kikanKbn=2", "url2": "http://www.hirotaganka.jp/", "内容": "医療法人広田眼科【2:診療所】【診療科目:眼科】山口県周南市新町１－２５－１" }, "geometry": { "type": "Point", "coordinates": [ 131.806056, 34.052472 ] } },
{ "type": "Feature", "properties": { "ID": 3522355508910, "正式名称": "山下内科", "機関区分": 2, "都道府県コード": 35, "市区町村コード": 215, "所在地": "山口県周南市川端町２－７", "緯度": 34.050139, "経度": 131.810056, "url": "https://www.iryou.teikyouseido.mhlw.go.jp/znk-web/juminkanja/S2430/initialize?prefCd=35&kikanCd=2355508910&kikanKbn=2", "url2": null, "内容": "山下内科【2:診療所】【診療科目:内科_内分泌内科_呼吸器内科_循環器内科_消化器内科】山口県周南市川端町２－７" }, "geometry": { "type": "Point", "coordinates": [ 131.810056, 34.050139 ] } },
{ "type": "Feature", "properties": { "ID": 3522355509050, "正式名称": "大津島保健組合　大津島診療所", "機関区分": 2, "都道府県コード": 35, "市区町村コード": 215, "所在地": "山口県周南市大津島１３６１－４", "緯度": 34.017889, "経度": 131.710472, "url": "https://www.iryou.teikyouseido.mhlw.go.jp/znk-web/juminkanja/S2430/initialize?prefCd=35&kikanCd=2355509050&kikanKbn=2", "url2": null, "内容": "大津島保健組合　大津島診療所【2:診療所】【診療科目:内科_外科】山口県周南市大津島１３６１－４" }, "geometry": { "type": "Point", "coordinates": [ 131.710472, 34.017889 ] } },
{ "type": "Feature", "properties": { "ID": 3522355510610, "正式名称": "周南市休日夜間急病診療所", "機関区分": 2, "都道府県コード": 35, "市区町村コード": 215, "所在地": "山口県周南市瀬戸見町９－２５", "緯度": 34.050056, "経度": 131.83225, "url": "https://www.iryou.teikyouseido.mhlw.go.jp/znk-web/juminkanja/S2430/initialize?prefCd=35&kikanCd=2355510610&kikanKbn=2", "url2": null, "内容": "周南市休日夜間急病診療所【2:診療所】【診療科目:内科_外科】山口県周南市瀬戸見町９－２５" }, "geometry": { "type": "Point", "coordinates": [ 131.83225, 34.050056 ] } },
{ "type": "Feature", "properties": { "ID": 3522355510900, "正式名称": "石川眼科", "機関区分": 2, "都道府県コード": 35, "市区町村コード": 215, "所在地": "山口県周南市周陽２－７－１５", "緯度": 34.046694, "経度": 131.832194, "url": "https://www.iryou.teikyouseido.mhlw.go.jp/znk-web/juminkanja/S2430/initialize?prefCd=35&kikanCd=2355510900&kikanKbn=2", "url2": "www.ishikawa-ganka.jp", "内容": "石川眼科【2:診療所】【診療科目:眼科】山口県周南市周陽２－７－１５" }, "geometry": { "type": "Point", "coordinates": [ 131.832194, 34.046694 ] } },
{ "type": "Feature", "properties": { "ID": 3522355511200, "正式名称": "医療法人　かわむら小児科", "機関区分": 2, "都道府県コード": 35, "市区町村コード": 215, "所在地": "山口県周南市花畠町４－３", "緯度": 34.059222, "経度": 131.811417, "url": "https://www.iryou.teikyouseido.mhlw.go.jp/znk-web/juminkanja/S2430/initialize?prefCd=35&kikanCd=2355511200&kikanKbn=2", "url2": "https://kawa-shoni.com/", "内容": "医療法人　かわむら小児科【2:診療所】【診療科目:小児科】山口県周南市花畠町４－３" }, "geometry": { "type": "Point", "coordinates": [ 131.811417, 34.059222 ] } },
{ "type": "Feature", "properties": { "ID": 3522355512630, "正式名称": "医療法人光成会　梶原眼科医院", "機関区分": 2, "都道府県コード": 35, "市区町村コード": 207, "所在地": "山口県下松市大手町２－８－１７", "緯度": 34.013417, "経度": 131.869111, "url": "https://www.iryou.teikyouseido.mhlw.go.jp/znk-web/juminkanja/S2430/initialize?prefCd=35&kikanCd=2355512630&kikanKbn=2", "url2": "https://www.kajiwaraganka.com/", "内容": "医療法人光成会　梶原眼科医院【2:診療所】【診療科目:眼科】山口県下松市大手町２－８－１７" }, "geometry": { "type": "Point", "coordinates": [ 131.869111, 34.013417 ] } },
{ "type": "Feature", "properties": { "ID": 3522355512890, "正式名称": "しげおか医院", "機関区分": 2, "都道府県コード": 35, "市区町村コード": 207, "所在地": "山口県下松市大手町２－６－１４", "緯度": 34.013389, "経度": 131.868389, "url": "https://www.iryou.teikyouseido.mhlw.go.jp/znk-web/juminkanja/S2430/initialize?prefCd=35&kikanCd=2355512890&kikanKbn=2", "url2": null, "内容": "しげおか医院【2:診療所】【診療科目:内科_小児科】山口県下松市大手町２－６－１４" }, "geometry": { "type": "Point", "coordinates": [ 131.868389, 34.013389 ] } },
{ "type": "Feature", "properties": { "ID": 3522355514070, "正式名称": "山本医院", "機関区分": 2, "都道府県コード": 35, "市区町村コード": 207, "所在地": "山口県下松市潮音町１丁目８－３２", "緯度": 34.017333, "経度": 131.855111, "url": "https://www.iryou.teikyouseido.mhlw.go.jp/znk-web/juminkanja/S2430/initialize?prefCd=35&kikanCd=2355514070&kikanKbn=2", "url2": null, "内容": "山本医院【2:診療所】【診療科目:内科_婦人科】山口県下松市潮音町１丁目８－３２" }, "geometry": { "type": "Point", "coordinates": [ 131.855111, 34.017333 ] } },
{ "type": "Feature", "properties": { "ID": 3522355514490, "正式名称": "周防医院", "機関区分": 2, "都道府県コード": 35, "市区町村コード": 207, "所在地": "山口県下松市中市　二丁目１０－８", "緯度": 34.009694, "経度": 131.862944, "url": "https://www.iryou.teikyouseido.mhlw.go.jp/znk-web/juminkanja/S2430/initialize?prefCd=35&kikanCd=2355514490&kikanKbn=2", "url2": "https://www.suoh-clinic.com", "内容": "周防医院【2:診療所】【診療科目:内科_呼吸器内科_循環器内科_消化器内科】山口県下松市中市　二丁目１０－８" }, "geometry": { "type": "Point", "coordinates": [ 131.862944, 34.009694 ] } },
{ "type": "Feature", "properties": { "ID": 3522355514520, "正式名称": "下松市米川診療所", "機関区分": 2, "都道府県コード": 35, "市区町村コード": 207, "所在地": "山口県下松市大字下谷１６７", "緯度": 34.080306, "経度": 131.875889, "url": "https://www.iryou.teikyouseido.mhlw.go.jp/znk-web/juminkanja/S2430/initialize?prefCd=35&kikanCd=2355514520&kikanKbn=2", "url2": null, "内容": "下松市米川診療所【2:診療所】【診療科目:内科】山口県下松市大字下谷１６７" }, "geometry": { "type": "Point", "coordinates": [ 131.875889, 34.080306 ] } },
{ "type": "Feature", "properties": { "ID": 3522355514810, "正式名称": "医療法人創世会　篠山医院", "機関区分": 2, "都道府県コード": 35, "市区町村コード": 207, "所在地": "山口県下松市生野屋西４丁目３－１３", "緯度": 34.036167, "経度": 131.883694, "url": "https://www.iryou.teikyouseido.mhlw.go.jp/znk-web/juminkanja/S2430/initialize?prefCd=35&kikanCd=2355514810&kikanKbn=2", "url2": null, "内容": "医療法人創世会　篠山医院【2:診療所】【診療科目:内科_小児科_リハビリテーション科】山口県下松市生野屋西４丁目３－１３" }, "geometry": { "type": "Point", "coordinates": [ 131.883694, 34.036167 ] } },
{ "type": "Feature", "properties": { "ID": 3522355515240, "正式名称": "医療法人北斗会　小林耳鼻咽喉科", "機関区分": 2, "都道府県コード": 35, "市区町村コード": 207, "所在地": "山口県下松市北斗町８－８", "緯度": 34.010306, "経度": 131.870389, "url": "https://www.iryou.teikyouseido.mhlw.go.jp/znk-web/juminkanja/S2430/initialize?prefCd=35&kikanCd=2355515240&kikanKbn=2", "url2": null, "内容": "医療法人北斗会　小林耳鼻咽喉科【2:診療所】【診療科目:耳鼻いんこう科】山口県下松市北斗町８－８" }, "geometry": { "type": "Point", "coordinates": [ 131.870389, 34.010306 ] } },
{ "type": "Feature", "properties": { "ID": 3522355515820, "正式名称": "医療法人河内山医院", "機関区分": 2, "都道府県コード": 35, "市区町村コード": 210, "所在地": "山口県光市浅江１３４０－１", "緯度": 33.981278, "経度": 131.928222, "url": "https://www.iryou.teikyouseido.mhlw.go.jp/znk-web/juminkanja/S2430/initialize?prefCd=35&kikanCd=2355515820&kikanKbn=2", "url2": null, "内容": "医療法人河内山医院【2:診療所】【診療科目:内科_小児科_麻酔科】山口県光市浅江１３４０－１" }, "geometry": { "type": "Point", "coordinates": [ 131.928222, 33.981278 ] } },
{ "type": "Feature", "properties": { "ID": 3522355516540, "正式名称": "広田医院", "機関区分": 2, "都道府県コード": 35, "市区町村コード": 210, "所在地": "山口県光市中央２丁目１５－１", "緯度": 33.955833, "経度": 131.947389, "url": "https://www.iryou.teikyouseido.mhlw.go.jp/znk-web/juminkanja/S2430/initialize?prefCd=35&kikanCd=2355516540&kikanKbn=2", "url2": null, "内容": "広田医院【2:診療所】【診療科目:内科_小児科_皮膚科】山口県光市中央２丁目１５－１" }, "geometry": { "type": "Point", "coordinates": [ 131.947389, 33.955833 ] } },
{ "type": "Feature", "properties": { "ID": 3522355517000, "正式名称": "医療法人　誠医会　光内科消化器科", "機関区分": 2, "都道府県コード": 35, "市区町村コード": 210, "所在地": "山口県光市浅江２－１２－３", "緯度": 33.972111, "経度": 131.924583, "url": "https://www.iryou.teikyouseido.mhlw.go.jp/znk-web/juminkanja/S2430/initialize?prefCd=35&kikanCd=2355517000&kikanKbn=2", "url2": "http://www.hikarinaika.com/index.php", "内容": "医療法人　誠医会　光内科消化器科【2:診療所】【診療科目:内科_消化器内科】山口県光市浅江２－１２－３" }, "geometry": { "type": "Point", "coordinates": [ 131.924583, 33.972111 ] } },
{ "type": "Feature", "properties": { "ID": 3522355517260, "正式名称": "医療法人　守友医院", "機関区分": 2, "都道府県コード": 35, "市区町村コード": 210, "所在地": "山口県光市浅江１－１７－２０", "緯度": 33.970694, "経度": 131.92725, "url": "https://www.iryou.teikyouseido.mhlw.go.jp/znk-web/juminkanja/S2430/initialize?prefCd=35&kikanCd=2355517260&kikanKbn=2", "url2": "moritomoiin.com", "内容": "医療法人　守友医院【2:診療所】【診療科目:内科_糖尿病・代謝内科】山口県光市浅江１－１７－２０" }, "geometry": { "type": "Point", "coordinates": [ 131.92725, 33.970694 ] } },
{ "type": "Feature", "properties": { "ID": 3522355517390, "正式名称": "医療法人創医会　耳鼻咽喉科前田医院", "機関区分": 2, "都道府県コード": 35, "市区町村コード": 210, "所在地": "山口県光市島田　２－１８－３", "緯度": 33.971278, "経度": 131.933083, "url": "https://www.iryou.teikyouseido.mhlw.go.jp/znk-web/juminkanja/S2430/initialize?prefCd=35&kikanCd=2355517390&kikanKbn=2", "url2": "http://nttbj.itp.ne.jp/0833710271/index.html", "内容": "医療法人創医会　耳鼻咽喉科前田医院【2:診療所】【診療科目:耳鼻いんこう科】山口県光市島田　２－１８－３" }, "geometry": { "type": "Point", "coordinates": [ 131.933083, 33.971278 ] } },
{ "type": "Feature", "properties": { "ID": 3522355517680, "正式名称": "医療法人社団光仁会　市川医院", "機関区分": 2, "都道府県コード": 35, "市区町村コード": 210, "所在地": "山口県光市中央３－２－２６", "緯度": 33.959139, "経度": 131.946194, "url": "https://www.iryou.teikyouseido.mhlw.go.jp/znk-web/juminkanja/S2430/initialize?prefCd=35&kikanCd=2355517680&kikanKbn=2", "url2": "https://kohjinkai-i.or.jp/", "内容": "医療法人社団光仁会　市川医院【2:診療所】【診療科目:内科_糖尿病内科_循環器内科_消化器内科_神経内科_外科_リハビリテーション科】山口県光市中央３－２－２６" }, "geometry": { "type": "Point", "coordinates": [ 131.946194, 33.959139 ] } },
{ "type": "Feature", "properties": { "ID": 3522355517840, "正式名称": "吉村医院", "機関区分": 2, "都道府県コード": 35, "市区町村コード": 210, "所在地": "山口県光市島田２－４－３３", "緯度": 33.974111, "経度": 131.934389, "url": "https://www.iryou.teikyouseido.mhlw.go.jp/znk-web/juminkanja/S2430/initialize?prefCd=35&kikanCd=2355517840&kikanKbn=2", "url2": "http://yoshimura.clinic-yamaguuchi", "内容": "吉村医院【2:診療所】【診療科目:内科_循環器内科_心臓血管内科_消化器内科_漢方内科】山口県光市島田２－４－３３" }, "geometry": { "type": "Point", "coordinates": [ 131.934389, 33.974111 ] } },
{ "type": "Feature", "properties": { "ID": 3522355518560, "正式名称": "椎木内科循環器科", "機関区分": 2, "都道府県コード": 35, "市区町村コード": 215, "所在地": "山口県周南市桶川町４－１", "緯度": 34.071667, "経度": 131.774444, "url": "https://www.iryou.teikyouseido.mhlw.go.jp/znk-web/juminkanja/S2430/initialize?prefCd=35&kikanCd=2355518560&kikanKbn=2", "url2": "http://www.shiigi-naika.com", "内容": "椎木内科循環器科【2:診療所】【診療科目:内科_呼吸器内科_循環器内科】山口県周南市桶川町４－１" }, "geometry": { "type": "Point", "coordinates": [ 131.774444, 34.071667 ] } },
{ "type": "Feature", "properties": { "ID": 3522355519440, "正式名称": "山口内科", "機関区分": 2, "都道府県コード": 35, "市区町村コード": 215, "所在地": "山口県周南市清水２丁目１３－８", "緯度": 34.070444, "経度": 131.77025, "url": "https://www.iryou.teikyouseido.mhlw.go.jp/znk-web/juminkanja/S2430/initialize?prefCd=35&kikanCd=2355519440&kikanKbn=2", "url2": null, "内容": "山口内科【2:診療所】【診療科目:内科_リハビリテーション科】山口県周南市清水２丁目１３－８" }, "geometry": { "type": "Point", "coordinates": [ 131.77025, 34.070444 ] } },
{ "type": "Feature", "properties": { "ID": 3522355519860, "正式名称": "周南市国民健康保険鹿野診療所", "機関区分": 2, "都道府県コード": 35, "市区町村コード": 215, "所在地": "山口県周南市大字鹿野上サヤノ原１０９１０番地", "緯度": 34.226667, "経度": 131.814, "url": "https://www.iryou.teikyouseido.mhlw.go.jp/znk-web/juminkanja/S2430/initialize?prefCd=35&kikanCd=2355519860&kikanKbn=2", "url2": null, "内容": "周南市国民健康保険鹿野診療所【2:診療所】【診療科目:内科】山口県周南市大字鹿野上サヤノ原１０９１０番地" }, "geometry": { "type": "Point", "coordinates": [ 131.814, 34.226667 ] } },
{ "type": "Feature", "properties": { "ID": 3522355520260, "正式名称": "医療法人岸田医院会　岸田内科クリニック", "機関区分": 2, "都道府県コード": 35, "市区町村コード": 207, "所在地": "山口県下松市青柳１丁目２－１", "緯度": 34.0055, "経度": 131.871472, "url": "https://www.iryou.teikyouseido.mhlw.go.jp/znk-web/juminkanja/S2430/initialize?prefCd=35&kikanCd=2355520260&kikanKbn=2", "url2": "http://hp.health.ne.jp/kishida/index.html", "内容": "医療法人岸田医院会　岸田内科クリニック【2:診療所】【診療科目:内科_消化器内科_神経内科_小児科_放射線科】山口県下松市青柳１丁目２－１" }, "geometry": { "type": "Point", "coordinates": [ 131.871472, 34.0055 ] } },
{ "type": "Feature", "properties": { "ID": 3522355520390, "正式名称": "医療法人　岡藤内科医院", "機関区分": 2, "都道府県コード": 35, "市区町村コード": 207, "所在地": "山口県下松市大字西豊井字所田７４１－９", "緯度": 34.01075, "経度": 131.870889, "url": "https://www.iryou.teikyouseido.mhlw.go.jp/znk-web/juminkanja/S2430/initialize?prefCd=35&kikanCd=2355520390&kikanKbn=2", "url2": "https://okafuji.net", "内容": "医療法人　岡藤内科医院【2:診療所】【診療科目:内科】山口県下松市大字西豊井字所田７４１－９" }, "geometry": { "type": "Point", "coordinates": [ 131.870889, 34.01075 ] } },
{ "type": "Feature", "properties": { "ID": 3522355520680, "正式名称": "野村眼科", "機関区分": 2, "都道府県コード": 35, "市区町村コード": 215, "所在地": "山口県周南市若宮町２丁目４８番地", "緯度": 34.050472, "経度": 131.806333, "url": "https://www.iryou.teikyouseido.mhlw.go.jp/znk-web/juminkanja/S2430/initialize?prefCd=35&kikanCd=2355520680&kikanKbn=2", "url2": "http://shunan-nomura-ganka.com", "内容": "野村眼科【2:診療所】【診療科目:眼科】山口県周南市若宮町２丁目４８番地" }, "geometry": { "type": "Point", "coordinates": [ 131.806333, 34.050472 ] } },
{ "type": "Feature", "properties": { "ID": 3522355520710, "正式名称": "医療法人光和会　光武医院", "機関区分": 2, "都道府県コード": 35, "市区町村コード": 210, "所在地": "山口県光市大字小周防１６３３－１", "緯度": 34.020139, "経度": 131.978806, "url": "https://www.iryou.teikyouseido.mhlw.go.jp/znk-web/juminkanja/S2430/initialize?prefCd=35&kikanCd=2355520710&kikanKbn=2", "url2": null, "内容": "医療法人光和会　光武医院【2:診療所】【診療科目:内科_感染症内科_呼吸器内科_循環器内科_消化器内科_外科_整形外科_皮膚科_リハビリテーション科_放射線科_麻酔科】山口県光市大字小周防１６３３－１" }, "geometry": { "type": "Point", "coordinates": [ 131.978806, 34.020139 ] } },
{ "type": "Feature", "properties": { "ID": 3522355520970, "正式名称": "医療法人　宇野医院本院", "機関区分": 2, "都道府県コード": 35, "市区町村コード": 215, "所在地": "山口県周南市大字櫛ケ浜５０１番地", "緯度": 34.026306, "経度": 131.830444, "url": "https://www.iryou.teikyouseido.mhlw.go.jp/znk-web/juminkanja/S2430/initialize?prefCd=35&kikanCd=2355520970&kikanKbn=2", "url2": "http://www.uno-h.jp", "内容": "医療法人　宇野医院本院【2:診療所】【診療科目:内科_呼吸器内科_循環器内科_消化器内科_小児科_リハビリテーション科】山口県周南市大字櫛ケ浜５０１番地" }, "geometry": { "type": "Point", "coordinates": [ 131.830444, 34.026306 ] } },
{ "type": "Feature", "properties": { "ID": 3522355521300, "正式名称": "おかもと内科", "機関区分": 2, "都道府県コード": 35, "市区町村コード": 215, "所在地": "山口県周南市本町２丁目６番", "緯度": 34.054417, "経度": 131.802278, "url": "https://www.iryou.teikyouseido.mhlw.go.jp/znk-web/juminkanja/S2430/initialize?prefCd=35&kikanCd=2355521300&kikanKbn=2", "url2": null, "内容": "おかもと内科【2:診療所】【診療科目:内科_循環器内科】山口県周南市本町２丁目６番" }, "geometry": { "type": "Point", "coordinates": [ 131.802278, 34.054417 ] } },
{ "type": "Feature", "properties": { "ID": 3522355521560, "正式名称": "村田医院", "機関区分": 2, "都道府県コード": 35, "市区町村コード": 215, "所在地": "山口県周南市周陽１丁目３－３９", "緯度": 34.04725, "経度": 131.830139, "url": "https://www.iryou.teikyouseido.mhlw.go.jp/znk-web/juminkanja/S2430/initialize?prefCd=35&kikanCd=2355521560&kikanKbn=2", "url2": null, "内容": "村田医院【2:診療所】【診療科目:内科】山口県周南市周陽１丁目３－３９" }, "geometry": { "type": "Point", "coordinates": [ 131.830139, 34.04725 ] } },
{ "type": "Feature", "properties": { "ID": 3522355522150, "正式名称": "医療法人　明石整形外科医院", "機関区分": 2, "都道府県コード": 35, "市区町村コード": 215, "所在地": "山口県周南市慶万町１－１５", "緯度": 34.049722, "経度": 131.812389, "url": "https://www.iryou.teikyouseido.mhlw.go.jp/znk-web/juminkanja/S2430/initialize?prefCd=35&kikanCd=2355522150&kikanKbn=2", "url2": "https://www.akashi-orthoclinic.com/", "内容": "医療法人　明石整形外科医院【2:診療所】【診療科目:整形外科_リウマチ科_リハビリテーション科】山口県周南市慶万町１－１５" }, "geometry": { "type": "Point", "coordinates": [ 131.812389, 34.049722 ] } },
{ "type": "Feature", "properties": { "ID": 3522355522280, "正式名称": "医療法人　松野整形外科医院", "機関区分": 2, "都道府県コード": 35, "市区町村コード": 207, "所在地": "山口県下松市藤光町２丁目１３番２４号", "緯度": 34.028167, "経度": 131.8685, "url": "https://www.iryou.teikyouseido.mhlw.go.jp/znk-web/juminkanja/S2430/initialize?prefCd=35&kikanCd=2355522280&kikanKbn=2", "url2": "http://www.matsunoorthop.server-shared.com", "内容": "医療法人　松野整形外科医院【2:診療所】【診療科目:整形外科_リウマチ科_リハビリテーション科】山口県下松市藤光町２丁目１３番２４号" }, "geometry": { "type": "Point", "coordinates": [ 131.8685, 34.028167 ] } },
{ "type": "Feature", "properties": { "ID": 3522355522440, "正式名称": "兼清外科", "機関区分": 2, "都道府県コード": 35, "市区町村コード": 210, "所在地": "山口県光市浅江３丁目１－２５", "緯度": 33.975056, "経度": 131.92475, "url": "https://www.iryou.teikyouseido.mhlw.go.jp/znk-web/juminkanja/S2430/initialize?prefCd=35&kikanCd=2355522440&kikanKbn=2", "url2": "http://www.kanekiyo-cl.com/", "内容": "兼清外科【2:診療所】【診療科目:内科_外科_消化器外科_肛門外科_整形外科】山口県光市浅江３丁目１－２５" }, "geometry": { "type": "Point", "coordinates": [ 131.92475, 33.975056 ] } },
{ "type": "Feature", "properties": { "ID": 3522355523030, "正式名称": "医療法人　年光医院", "機関区分": 2, "都道府県コード": 35, "市区町村コード": 215, "所在地": "山口県周南市新地町１番２７号", "緯度": 34.071667, "経度": 131.734278, "url": "https://www.iryou.teikyouseido.mhlw.go.jp/znk-web/juminkanja/S2430/initialize?prefCd=35&kikanCd=2355523030&kikanKbn=2", "url2": "https://www.1432iin.jp", "内容": "医療法人　年光医院【2:診療所】【診療科目:消化器内科_外科_肛門外科】山口県周南市新地町１番２７号" }, "geometry": { "type": "Point", "coordinates": [ 131.734278, 34.071667 ] } },
{ "type": "Feature", "properties": { "ID": 3522355523290, "正式名称": "医療法人やよい　河村循環器神経内科", "機関区分": 2, "都道府県コード": 35, "市区町村コード": 210, "所在地": "山口県光市三井６丁目１８－１", "緯度": 33.989333, "経度": 131.951556, "url": "https://www.iryou.teikyouseido.mhlw.go.jp/znk-web/juminkanja/S2430/initialize?prefCd=35&kikanCd=2355523290&kikanKbn=2", "url2": "yayoi-km.jp", "内容": "医療法人やよい　河村循環器神経内科【2:診療所】【診療科目:内科_小児科】山口県光市三井６丁目１８－１" }, "geometry": { "type": "Point", "coordinates": [ 131.951556, 33.989333 ] } },
{ "type": "Feature", "properties": { "ID": 3522355523740, "正式名称": "定金内科", "機関区分": 2, "都道府県コード": 35, "市区町村コード": 207, "所在地": "山口県下松市南花岡７丁目２番１号", "緯度": 34.031528, "経度": 131.868917, "url": "https://www.iryou.teikyouseido.mhlw.go.jp/znk-web/juminkanja/S2430/initialize?prefCd=35&kikanCd=2355523740&kikanKbn=2", "url2": null, "内容": "定金内科【2:診療所】【診療科目:内科】山口県下松市南花岡７丁目２番１号" }, "geometry": { "type": "Point", "coordinates": [ 131.868917, 34.031528 ] } },
{ "type": "Feature", "properties": { "ID": 3522355523870, "正式名称": "医療法人クリニック高橋眼科", "機関区分": 2, "都道府県コード": 35, "市区町村コード": 210, "所在地": "山口県光市浅江３丁目１７番　１－１０１", "緯度": 33.973861, "経度": 131.922083, "url": "https://www.iryou.teikyouseido.mhlw.go.jp/znk-web/juminkanja/S2430/initialize?prefCd=35&kikanCd=2355523870&kikanKbn=2", "url2": null, "内容": "医療法人クリニック高橋眼科【2:診療所】【診療科目:眼科】山口県光市浅江３丁目１７番　１－１０１" }, "geometry": { "type": "Point", "coordinates": [ 131.922083, 33.973861 ] } },
{ "type": "Feature", "properties": { "ID": 3522355524620, "正式名称": "橋本医院", "機関区分": 2, "都道府県コード": 35, "市区町村コード": 215, "所在地": "山口県周南市久米３９５３－１　ａａビル　１Ｆ", "緯度": 34.030806, "経度": 131.828639, "url": "https://www.iryou.teikyouseido.mhlw.go.jp/znk-web/juminkanja/S2430/initialize?prefCd=35&kikanCd=2355524620&kikanKbn=2", "url2": "https://www.hashimoto-iin0018.com/", "内容": "橋本医院【2:診療所】【診療科目:内科_小児科_皮膚科】山口県周南市久米３９５３－１　ａａビル　１Ｆ" }, "geometry": { "type": "Point", "coordinates": [ 131.828639, 34.030806 ] } },
{ "type": "Feature", "properties": { "ID": 3522355524750, "正式名称": "医療法人社団　賀屋医院", "機関区分": 2, "都道府県コード": 35, "市区町村コード": 215, "所在地": "山口県周南市桜木３－９－３", "緯度": 34.039083, "経度": 131.838083, "url": "https://www.iryou.teikyouseido.mhlw.go.jp/znk-web/juminkanja/S2430/initialize?prefCd=35&kikanCd=2355524750&kikanKbn=2", "url2": null, "内容": "医療法人社団　賀屋医院【2:診療所】【診療科目:小児科】山口県周南市桜木３－９－３" }, "geometry": { "type": "Point", "coordinates": [ 131.838083, 34.039083 ] } },
{ "type": "Feature", "properties": { "ID": 3522355525050, "正式名称": "医療法人三好内科クリニック", "機関区分": 2, "都道府県コード": 35, "市区町村コード": 215, "所在地": "山口県周南市川手１丁目６－６", "緯度": 34.07025, "経度": 131.777194, "url": "https://www.iryou.teikyouseido.mhlw.go.jp/znk-web/juminkanja/S2430/initialize?prefCd=35&kikanCd=2355525050&kikanKbn=2", "url2": null, "内容": "医療法人三好内科クリニック【2:診療所】【診療科目:内科】山口県周南市川手１丁目６－６" }, "geometry": { "type": "Point", "coordinates": [ 131.777194, 34.07025 ] } },
{ "type": "Feature", "properties": { "ID": 3522355525180, "正式名称": "医療法人荻野内科医院", "機関区分": 2, "都道府県コード": 35, "市区町村コード": 207, "所在地": "山口県下松市東陽４－２１－３", "緯度": 34.033889, "経度": 131.912028, "url": "https://www.iryou.teikyouseido.mhlw.go.jp/znk-web/juminkanja/S2430/initialize?prefCd=35&kikanCd=2355525180&kikanKbn=2", "url2": null, "内容": "医療法人荻野内科医院【2:診療所】【診療科目:内科_消化器内科_神経内科_小児科】山口県下松市東陽４－２１－３" }, "geometry": { "type": "Point", "coordinates": [ 131.912028, 34.033889 ] } },
{ "type": "Feature", "properties": { "ID": 3522355525340, "正式名称": "医療法人至宝会かねこ皮ふ科", "機関区分": 2, "都道府県コード": 35, "市区町村コード": 215, "所在地": "山口県周南市平和通２－１１", "緯度": 34.050528, "経度": 131.807556, "url": "https://www.iryou.teikyouseido.mhlw.go.jp/znk-web/juminkanja/S2430/initialize?prefCd=35&kikanCd=2355525340&kikanKbn=2", "url2": null, "内容": "医療法人至宝会かねこ皮ふ科【2:診療所】【診療科目:皮膚科】山口県周南市平和通２－１１" }, "geometry": { "type": "Point", "coordinates": [ 131.807556, 34.050528 ] } },
{ "type": "Feature", "properties": { "ID": 3522355525630, "正式名称": "医療法人小川クリニック", "機関区分": 2, "都道府県コード": 35, "市区町村コード": 215, "所在地": "山口県周南市大字呼坂１１０６番地の５", "緯度": 34.038611, "経度": 131.950889, "url": "https://www.iryou.teikyouseido.mhlw.go.jp/znk-web/juminkanja/S2430/initialize?prefCd=35&kikanCd=2355525630&kikanKbn=2", "url2": "http://ogawacli.byoinnavi.jp/", "内容": "医療法人小川クリニック【2:診療所】【診療科目:内科_糖尿病内科_循環器内科】山口県周南市大字呼坂１１０６番地の５" }, "geometry": { "type": "Point", "coordinates": [ 131.950889, 34.038611 ] } },
{ "type": "Feature", "properties": { "ID": 3522355525890, "正式名称": "医療法人おおしろ小児科", "機関区分": 2, "都道府県コード": 35, "市区町村コード": 215, "所在地": "山口県周南市上御弓町４１８６－１", "緯度": 34.052972, "経度": 131.813694, "url": "https://www.iryou.teikyouseido.mhlw.go.jp/znk-web/juminkanja/S2430/initialize?prefCd=35&kikanCd=2355525890&kikanKbn=2", "url2": "ooshiro-kids-clinic.com", "内容": "医療法人おおしろ小児科【2:診療所】【診療科目:小児科】山口県周南市上御弓町４１８６－１" }, "geometry": { "type": "Point", "coordinates": [ 131.813694, 34.052972 ] } },
{ "type": "Feature", "properties": { "ID": 3522355526060, "正式名称": "医療法人　秀浦医院", "機関区分": 2, "都道府県コード": 35, "市区町村コード": 207, "所在地": "山口県下松市生野屋西１ー５－１７", "緯度": 34.035667, "経度": 131.883, "url": "https://www.iryou.teikyouseido.mhlw.go.jp/znk-web/juminkanja/S2430/initialize?prefCd=35&kikanCd=2355526060&kikanKbn=2", "url2": "http://hideurai.sakura.ne.jp/", "内容": "医療法人　秀浦医院【2:診療所】【診療科目:内科_消化器内科_外科_リハビリテーション科】山口県下松市生野屋西１ー５－１７" }, "geometry": { "type": "Point", "coordinates": [ 131.883, 34.035667 ] } },
{ "type": "Feature", "properties": { "ID": 3522355526190, "正式名称": "医療法人　中山医院", "機関区分": 2, "都道府県コード": 35, "市区町村コード": 207, "所在地": "山口県下松市瑞穂町１丁目３－１２", "緯度": 34.022972, "経度": 131.856389, "url": "https://www.iryou.teikyouseido.mhlw.go.jp/znk-web/juminkanja/S2430/initialize?prefCd=35&kikanCd=2355526190&kikanKbn=2", "url2": null, "内容": "医療法人　中山医院【2:診療所】【診療科目:皮膚科_泌尿器科】山口県下松市瑞穂町１丁目３－１２" }, "geometry": { "type": "Point", "coordinates": [ 131.856389, 34.022972 ] } },
{ "type": "Feature", "properties": { "ID": 3522355526350, "正式名称": "佃医院", "機関区分": 2, "都道府県コード": 35, "市区町村コード": 210, "所在地": "山口県光市虹ケ丘１丁目１３－１０", "緯度": 33.976194, "経度": 131.916806, "url": "https://www.iryou.teikyouseido.mhlw.go.jp/znk-web/juminkanja/S2430/initialize?prefCd=35&kikanCd=2355526350&kikanKbn=2", "url2": "https://www.doctor-map.info/dtl/10000000000000103825/", "内容": "佃医院【2:診療所】【診療科目:内科_外科_小児科】山口県光市虹ケ丘１丁目１３－１０" }, "geometry": { "type": "Point", "coordinates": [ 131.916806, 33.976194 ] } },
{ "type": "Feature", "properties": { "ID": 3522355526510, "正式名称": "耳鼻咽喉科しみず医院", "機関区分": 2, "都道府県コード": 35, "市区町村コード": 210, "所在地": "山口県光市浅江３丁目９－５", "緯度": 33.973583, "経度": 131.922806, "url": "https://www.iryou.teikyouseido.mhlw.go.jp/znk-web/juminkanja/S2430/initialize?prefCd=35&kikanCd=2355526510&kikanKbn=2", "url2": "http://shimizuent.session.jp", "内容": "耳鼻咽喉科しみず医院【2:診療所】【診療科目:耳鼻いんこう科】山口県光市浅江３丁目９－５" }, "geometry": { "type": "Point", "coordinates": [ 131.922806, 33.973583 ] } },
{ "type": "Feature", "properties": { "ID": 3522355526640, "正式名称": "医療法人　陽心会　しのはらクリニック", "機関区分": 2, "都道府県コード": 35, "市区町村コード": 207, "所在地": "山口県下松市大手町１丁目１８番地３", "緯度": 34.012861, "経度": 131.865972, "url": "https://www.iryou.teikyouseido.mhlw.go.jp/znk-web/juminkanja/S2430/initialize?prefCd=35&kikanCd=2355526640&kikanKbn=2", "url2": "shinoharaclinic.jp", "内容": "医療法人　陽心会　しのはらクリニック【2:診療所】【診療科目:腎臓内科_泌尿器科】山口県下松市大手町１丁目１８番地３" }, "geometry": { "type": "Point", "coordinates": [ 131.865972, 34.012861 ] } },
{ "type": "Feature", "properties": { "ID": 3522355526770, "正式名称": "下松市休日診療所", "機関区分": 2, "都道府県コード": 35, "市区町村コード": 207, "所在地": "山口県下松市中央町２１番１号", "緯度": 34.018056, "経度": 131.864083, "url": "https://www.iryou.teikyouseido.mhlw.go.jp/znk-web/juminkanja/S2430/initialize?prefCd=35&kikanCd=2355526770&kikanKbn=2", "url2": "https://www.city.kudamatsu.lg.jp/kyuujitsu/index.html", "内容": "下松市休日診療所【2:診療所】【診療科目:内科】山口県下松市中央町２１番１号" }, "geometry": { "type": "Point", "coordinates": [ 131.864083, 34.018056 ] } },
{ "type": "Feature", "properties": { "ID": 3522355526930, "正式名称": "医療法人たにむら小児科", "機関区分": 2, "都道府県コード": 35, "市区町村コード": 215, "所在地": "山口県周南市川手１丁目７番１３号", "緯度": 34.070556, "経度": 131.776611, "url": "https://www.iryou.teikyouseido.mhlw.go.jp/znk-web/juminkanja/S2430/initialize?prefCd=35&kikanCd=2355526930&kikanKbn=2", "url2": "http://www.ccsnet.ne.jp/~tanchan/", "内容": "医療法人たにむら小児科【2:診療所】【診療科目:小児科】山口県周南市川手１丁目７番１３号" }, "geometry": { "type": "Point", "coordinates": [ 131.776611, 34.070556 ] } },
{ "type": "Feature", "properties": { "ID": 3522355527070, "正式名称": "医療法人　周南眼科", "機関区分": 2, "都道府県コード": 35, "市区町村コード": 207, "所在地": "山口県下松市中央町２１－３　ゆめタウン下松４階", "緯度": 34.01925, "経度": 131.863222, "url": "https://www.iryou.teikyouseido.mhlw.go.jp/znk-web/juminkanja/S2430/initialize?prefCd=35&kikanCd=2355527070&kikanKbn=2", "url2": null, "内容": "医療法人　周南眼科【2:診療所】【診療科目:眼科】山口県下松市中央町２１－３　ゆめタウン下松４階" }, "geometry": { "type": "Point", "coordinates": [ 131.863222, 34.01925 ] } },
{ "type": "Feature", "properties": { "ID": 3522355527100, "正式名称": "岸本医院", "機関区分": 2, "都道府県コード": 35, "市区町村コード": 215, "所在地": "山口県周南市久米東神女３２０１－１メディビル３階Ｂ", "緯度": 34.032917, "経度": 131.835778, "url": "https://www.iryou.teikyouseido.mhlw.go.jp/znk-web/juminkanja/S2430/initialize?prefCd=35&kikanCd=2355527100&kikanKbn=2", "url2": null, "内容": "岸本医院【2:診療所】【診療科目:精神科_心療内科】山口県周南市久米東神女３２０１－１メディビル３階Ｂ" }, "geometry": { "type": "Point", "coordinates": [ 131.835778, 34.032917 ] } },
{ "type": "Feature", "properties": { "ID": 3522355527230, "正式名称": "兼重皮ふ科", "機関区分": 2, "都道府県コード": 35, "市区町村コード": 215, "所在地": "山口県周南市久米３２０１－１メディビル１Ｆ", "緯度": 34.032889, "経度": 131.83575, "url": "https://www.iryou.teikyouseido.mhlw.go.jp/znk-web/juminkanja/S2430/initialize?prefCd=35&kikanCd=2355527230&kikanKbn=2", "url2": null, "内容": "兼重皮ふ科【2:診療所】【診療科目:形成外科_皮膚科】山口県周南市久米３２０１－１メディビル１Ｆ" }, "geometry": { "type": "Point", "coordinates": [ 131.83575, 34.032889 ] } },
{ "type": "Feature", "properties": { "ID": 3522355527780, "正式名称": "宇野内科クリニック", "機関区分": 2, "都道府県コード": 35, "市区町村コード": 215, "所在地": "山口県周南市秋月２丁目９－１２", "緯度": 34.058306, "経度": 131.827639, "url": "https://www.iryou.teikyouseido.mhlw.go.jp/znk-web/juminkanja/S2430/initialize?prefCd=35&kikanCd=2355527780&kikanKbn=2", "url2": null, "内容": "宇野内科クリニック【2:診療所】【診療科目:内科_呼吸器内科_循環器内科_消化器内科】山口県周南市秋月２丁目９－１２" }, "geometry": { "type": "Point", "coordinates": [ 131.827639, 34.058306 ] } },
{ "type": "Feature", "properties": { "ID": 3522355527810, "正式名称": "医療法人藤嶋内科医院", "機関区分": 2, "都道府県コード": 35, "市区町村コード": 215, "所在地": "山口県周南市岐南町１０－１０", "緯度": 34.058806, "経度": 131.814667, "url": "https://www.iryou.teikyouseido.mhlw.go.jp/znk-web/juminkanja/S2430/initialize?prefCd=35&kikanCd=2355527810&kikanKbn=2", "url2": null, "内容": "医療法人藤嶋内科医院【2:診療所】【診療科目:内科_消化器内科】山口県周南市岐南町１０－１０" }, "geometry": { "type": "Point", "coordinates": [ 131.814667, 34.058806 ] } },
{ "type": "Feature", "properties": { "ID": 3522355528080, "正式名称": "坂本耳鼻咽喉科", "機関区分": 2, "都道府県コード": 35, "市区町村コード": 215, "所在地": "山口県周南市川手１丁目７－６", "緯度": 34.071222, "経度": 131.776806, "url": "https://www.iryou.teikyouseido.mhlw.go.jp/znk-web/juminkanja/S2430/initialize?prefCd=35&kikanCd=2355528080&kikanKbn=2", "url2": null, "内容": "坂本耳鼻咽喉科【2:診療所】【診療科目:気管食道外科_耳鼻いんこう科_アレルギー科】山口県周南市川手１丁目７－６" }, "geometry": { "type": "Point", "coordinates": [ 131.776806, 34.071222 ] } },
{ "type": "Feature", "properties": { "ID": 3522355528240, "正式名称": "医療法人　幸里会　桜木クリニック", "機関区分": 2, "都道府県コード": 35, "市区町村コード": 215, "所在地": "山口県周南市久米中央１丁目　１５－１２", "緯度": 34.034556, "経度": 131.839056, "url": "https://www.iryou.teikyouseido.mhlw.go.jp/znk-web/juminkanja/S2430/initialize?prefCd=35&kikanCd=2355528240&kikanKbn=2", "url2": "www.sakuragi-clinic.net", "内容": "医療法人　幸里会　桜木クリニック【2:診療所】【診療科目:内科_糖尿病内科_循環器内科】山口県周南市久米中央１丁目　１５－１２" }, "geometry": { "type": "Point", "coordinates": [ 131.839056, 34.034556 ] } },
{ "type": "Feature", "properties": { "ID": 3522355528530, "正式名称": "原田医院", "機関区分": 2, "都道府県コード": 35, "市区町村コード": 215, "所在地": "山口県周南市古川町９番８号", "緯度": 34.0705, "経度": 131.773472, "url": "https://www.iryou.teikyouseido.mhlw.go.jp/znk-web/juminkanja/S2430/initialize?prefCd=35&kikanCd=2355528530&kikanKbn=2", "url2": null, "内容": "原田医院【2:診療所】【診療科目:精神科_心療内科】山口県周南市古川町９番８号" }, "geometry": { "type": "Point", "coordinates": [ 131.773472, 34.0705 ] } },
{ "type": "Feature", "properties": { "ID": 3522355528790, "正式名称": "医療法人　成心会　ふじわら医院", "機関区分": 2, "都道府県コード": 35, "市区町村コード": 215, "所在地": "山口県周南市大字大河内２５６－１４", "緯度": 34.029, "経度": 131.952333, "url": "https://www.iryou.teikyouseido.mhlw.go.jp/znk-web/juminkanja/S2430/initialize?prefCd=35&kikanCd=2355528790&kikanKbn=2", "url2": "http://www.fujiwara-hp.jp/", "内容": "医療法人　成心会　ふじわら医院【2:診療所】【診療科目:内科_消化器内科_外科_小児科_精神科_アレルギー科_リハビリテーション科】山口県周南市大字大河内２５６－１４" }, "geometry": { "type": "Point", "coordinates": [ 131.952333, 34.029 ] } },
{ "type": "Feature", "properties": { "ID": 3522355528820, "正式名称": "篠原小児科医院", "機関区分": 2, "都道府県コード": 35, "市区町村コード": 207, "所在地": "山口県下松市楠木町１丁目４－１", "緯度": 34.020306, "経度": 131.865444, "url": "https://www.iryou.teikyouseido.mhlw.go.jp/znk-web/juminkanja/S2430/initialize?prefCd=35&kikanCd=2355528820&kikanKbn=2", "url2": null, "内容": "篠原小児科医院【2:診療所】【診療科目:小児科】山口県下松市楠木町１丁目４－１" }, "geometry": { "type": "Point", "coordinates": [ 131.865444, 34.020306 ] } },
{ "type": "Feature", "properties": { "ID": 3522355529120, "正式名称": "医療法人愛光会　ひかり皮フ科クリニック", "機関区分": 2, "都道府県コード": 35, "市区町村コード": 210, "所在地": "山口県光市木園１丁目８番３号", "緯度": 33.977556, "経度": 131.929611, "url": "https://www.iryou.teikyouseido.mhlw.go.jp/znk-web/juminkanja/S2430/initialize?prefCd=35&kikanCd=2355529120&kikanKbn=2", "url2": "https://hikari.hifuka.clinic-yamaguchi.com", "内容": "医療法人愛光会　ひかり皮フ科クリニック【2:診療所】【診療科目:形成外科_皮膚科_アレルギー科】山口県光市木園１丁目８番３号" }, "geometry": { "type": "Point", "coordinates": [ 131.929611, 33.977556 ] } },
{ "type": "Feature", "properties": { "ID": 3522355529380, "正式名称": "ふなつ眼科", "機関区分": 2, "都道府県コード": 35, "市区町村コード": 215, "所在地": "山口県周南市桶川町７ー１０", "緯度": 34.07225, "経度": 131.773972, "url": "https://www.iryou.teikyouseido.mhlw.go.jp/znk-web/juminkanja/S2430/initialize?prefCd=35&kikanCd=2355529380&kikanKbn=2", "url2": "http://www.funatsu-eye.jp/", "内容": "ふなつ眼科【2:診療所】【診療科目:眼科】山口県周南市桶川町７ー１０" }, "geometry": { "type": "Point", "coordinates": [ 131.773972, 34.07225 ] } },
{ "type": "Feature", "properties": { "ID": 3522355529960, "正式名称": "花岡医院", "機関区分": 2, "都道府県コード": 35, "市区町村コード": 207, "所在地": "山口県下松市大字末武上１２３９", "緯度": 34.036417, "経度": 131.8745, "url": "https://www.iryou.teikyouseido.mhlw.go.jp/znk-web/juminkanja/S2430/initialize?prefCd=35&kikanCd=2355529960&kikanKbn=2", "url2": null, "内容": "花岡医院【2:診療所】【診療科目:内科_放射線科_麻酔科】山口県下松市大字末武上１２３９" }, "geometry": { "type": "Point", "coordinates": [ 131.8745, 34.036417 ] } },
{ "type": "Feature", "properties": { "ID": 3522355530070, "正式名称": "のぞみ医院", "機関区分": 2, "都道府県コード": 35, "市区町村コード": 207, "所在地": "山口県下松市望町１丁目９－１０", "緯度": 34.027028, "経度": 131.861528, "url": "https://www.iryou.teikyouseido.mhlw.go.jp/znk-web/juminkanja/S2430/initialize?prefCd=35&kikanCd=2355530070&kikanKbn=2", "url2": null, "内容": "のぞみ医院【2:診療所】【診療科目:精神科_心療内科】山口県下松市望町１丁目９－１０" }, "geometry": { "type": "Point", "coordinates": [ 131.861528, 34.027028 ] } },
{ "type": "Feature", "properties": { "ID": 3522355530230, "正式名称": "医療法人社団平岡医院", "機関区分": 2, "都道府県コード": 35, "市区町村コード": 210, "所在地": "山口県光市室積松原４－７", "緯度": 33.933583, "経度": 131.970611, "url": "https://www.iryou.teikyouseido.mhlw.go.jp/znk-web/juminkanja/S2430/initialize?prefCd=35&kikanCd=2355530230&kikanKbn=2", "url2": null, "内容": "医療法人社団平岡医院【2:診療所】【診療科目:内科_胃腸内科_外科_リハビリテーション科_麻酔科】山口県光市室積松原４－７" }, "geometry": { "type": "Point", "coordinates": [ 131.970611, 33.933583 ] } },
{ "type": "Feature", "properties": { "ID": 3522355530360, "正式名称": "阿部クリニック", "機関区分": 2, "都道府県コード": 35, "市区町村コード": 207, "所在地": "山口県下松市大字河内１０４８－１", "緯度": 34.024139, "経度": 131.895778, "url": "https://www.iryou.teikyouseido.mhlw.go.jp/znk-web/juminkanja/S2430/initialize?prefCd=35&kikanCd=2355530360&kikanKbn=2", "url2": "http://www.soreikai.life", "内容": "阿部クリニック【2:診療所】【診療科目:内科_神経内科_外科_精神科_心療内科_麻酔科】山口県下松市大字河内１０４８－１" }, "geometry": { "type": "Point", "coordinates": [ 131.895778, 34.024139 ] } },
{ "type": "Feature", "properties": { "ID": 3522355530520, "正式名称": "医療法人ふるたに消化器内科", "機関区分": 2, "都道府県コード": 35, "市区町村コード": 215, "所在地": "山口県周南市楠木１丁目９－５", "緯度": 34.056639, "経度": 131.821694, "url": "https://www.iryou.teikyouseido.mhlw.go.jp/znk-web/juminkanja/S2430/initialize?prefCd=35&kikanCd=2355530520&kikanKbn=2", "url2": null, "内容": "医療法人ふるたに消化器内科【2:診療所】【診療科目:内科_消化器内科_肝臓内科_内視鏡内科】山口県周南市楠木１丁目９－５" }, "geometry": { "type": "Point", "coordinates": [ 131.821694, 34.056639 ] } },
{ "type": "Feature", "properties": { "ID": 3522355530650, "正式名称": "松永医院", "機関区分": 2, "都道府県コード": 35, "市区町村コード": 215, "所在地": "山口県周南市呼坂２０３２－１９", "緯度": 34.034361, "経度": 131.9365, "url": "https://www.iryou.teikyouseido.mhlw.go.jp/znk-web/juminkanja/S2430/initialize?prefCd=35&kikanCd=2355530650&kikanKbn=2", "url2": null, "内容": "松永医院【2:診療所】【診療科目:内科_外科】山口県周南市呼坂２０３２－１９" }, "geometry": { "type": "Point", "coordinates": [ 131.9365, 34.034361 ] } },
{ "type": "Feature", "properties": { "ID": 3522355531080, "正式名称": "上村内科クリニック", "機関区分": 2, "都道府県コード": 35, "市区町村コード": 207, "所在地": "山口県下松市西豊井８７７－１", "緯度": 34.012944, "経度": 131.870333, "url": "https://www.iryou.teikyouseido.mhlw.go.jp/znk-web/juminkanja/S2430/initialize?prefCd=35&kikanCd=2355531080&kikanKbn=2", "url2": "https://uemura-naika.com", "内容": "上村内科クリニック【2:診療所】【診療科目:内科_呼吸器内科_循環器内科_消化器内科_小児科_放射線科】山口県下松市西豊井８７７－１" }, "geometry": { "type": "Point", "coordinates": [ 131.870333, 34.012944 ] } },
{ "type": "Feature", "properties": { "ID": 3522355531110, "正式名称": "医療法人社団イシス会　かまたクリニック", "機関区分": 2, "都道府県コード": 35, "市区町村コード": 215, "所在地": "山口県周南市宮の前２－７－７", "緯度": 34.072, "経度": 131.763611, "url": "https://www.iryou.teikyouseido.mhlw.go.jp/znk-web/juminkanja/S2430/initialize?prefCd=35&kikanCd=2355531110&kikanKbn=2", "url2": null, "内容": "医療法人社団イシス会　かまたクリニック【2:診療所】【診療科目:腎臓内科_泌尿器科】山口県周南市宮の前２－７－７" }, "geometry": { "type": "Point", "coordinates": [ 131.763611, 34.072 ] } },
{ "type": "Feature", "properties": { "ID": 3522355531240, "正式名称": "医療法人　広田皮膚科", "機関区分": 2, "都道府県コード": 35, "市区町村コード": 215, "所在地": "山口県周南市新町２－４", "緯度": 34.052222, "経度": 131.805694, "url": "https://www.iryou.teikyouseido.mhlw.go.jp/znk-web/juminkanja/S2430/initialize?prefCd=35&kikanCd=2355531240&kikanKbn=2", "url2": "https://www.hirota-hifuka.com/", "内容": "医療法人　広田皮膚科【2:診療所】【診療科目:形成外科_皮膚科_アレルギー科】山口県周南市新町２－４" }, "geometry": { "type": "Point", "coordinates": [ 131.805694, 34.052222 ] } },
{ "type": "Feature", "properties": { "ID": 3522355531660, "正式名称": "久保駅前クリニック", "機関区分": 2, "都道府県コード": 35, "市区町村コード": 207, "所在地": "山口県下松市河内７９４－１", "緯度": 34.029444, "経度": 131.918778, "url": "https://www.iryou.teikyouseido.mhlw.go.jp/znk-web/juminkanja/S2430/initialize?prefCd=35&kikanCd=2355531660&kikanKbn=2", "url2": null, "内容": "久保駅前クリニック【2:診療所】【診療科目:眼科_アレルギー科】山口県下松市河内７９４－１" }, "geometry": { "type": "Point", "coordinates": [ 131.918778, 34.029444 ] } },
{ "type": "Feature", "properties": { "ID": 3522355531790, "正式名称": "光市休日診療所", "機関区分": 2, "都道府県コード": 35, "市区町村コード": 210, "所在地": "山口県光市光井２丁目２番１号", "緯度": 33.953361, "経度": 131.953417, "url": "https://www.iryou.teikyouseido.mhlw.go.jp/znk-web/juminkanja/S2430/initialize?prefCd=35&kikanCd=2355531790&kikanKbn=2", "url2": "http://www.city.hikari.lg.jp/kenkou/kyujitsushinryousho.html", "内容": "光市休日診療所【2:診療所】【診療科目:内科_外科】山口県光市光井２丁目２番１号" }, "geometry": { "type": "Point", "coordinates": [ 131.953417, 33.953361 ] } },
{ "type": "Feature", "properties": { "ID": 3522355532120, "正式名称": "医療法人　山口ひふ科クリニック", "機関区分": 2, "都道府県コード": 35, "市区町村コード": 215, "所在地": "山口県周南市桶川町５－１５", "緯度": 34.072417, "経度": 131.774861, "url": "https://www.iryou.teikyouseido.mhlw.go.jp/znk-web/juminkanja/S2430/initialize?prefCd=35&kikanCd=2355532120&kikanKbn=2", "url2": "https://www.yamaguchi-hifuka.jp/", "内容": "医療法人　山口ひふ科クリニック【2:診療所】【診療科目:形成外科_皮膚科】山口県周南市桶川町５－１５" }, "geometry": { "type": "Point", "coordinates": [ 131.774861, 34.072417 ] } },
{ "type": "Feature", "properties": { "ID": 3522355532250, "正式名称": "みずほ内科クリニック", "機関区分": 2, "都道府県コード": 35, "市区町村コード": 207, "所在地": "山口県下松市瑞穂町２丁目１９－１４", "緯度": 34.0245, "経度": 131.851556, "url": "https://www.iryou.teikyouseido.mhlw.go.jp/znk-web/juminkanja/S2430/initialize?prefCd=35&kikanCd=2355532250&kikanKbn=2", "url2": "https://www.abe-medicare.jp/mizuho-clinic/", "内容": "みずほ内科クリニック【2:診療所】【診療科目:内科_神経内科_リハビリテーション科】山口県下松市瑞穂町２丁目１９－１４" }, "geometry": { "type": "Point", "coordinates": [ 131.851556, 34.0245 ] } },
{ "type": "Feature", "properties": { "ID": 3522355532380, "正式名称": "石崎内科医院", "機関区分": 2, "都道府県コード": 35, "市区町村コード": 207, "所在地": "山口県下松市駅南１丁目７－７", "緯度": 34.010056, "経度": 131.866333, "url": "https://www.iryou.teikyouseido.mhlw.go.jp/znk-web/juminkanja/S2430/initialize?prefCd=35&kikanCd=2355532380&kikanKbn=2", "url2": null, "内容": "石崎内科医院【2:診療所】【診療科目:内科】山口県下松市駅南１丁目７－７" }, "geometry": { "type": "Point", "coordinates": [ 131.866333, 34.010056 ] } },
{ "type": "Feature", "properties": { "ID": 3522355532410, "正式名称": "医療法人社団みやもとクリニック", "機関区分": 2, "都道府県コード": 35, "市区町村コード": 207, "所在地": "山口県下松市河内２７５８－１", "緯度": 34.017611, "経度": 131.876361, "url": "https://www.iryou.teikyouseido.mhlw.go.jp/znk-web/juminkanja/S2430/initialize?prefCd=35&kikanCd=2355532410&kikanKbn=2", "url2": null, "内容": "医療法人社団みやもとクリニック【2:診療所】【診療科目:内科_循環器内科_消化器内科_外科_小児科_リハビリテーション科】山口県下松市河内２７５８－１" }, "geometry": { "type": "Point", "coordinates": [ 131.876361, 34.017611 ] } },
{ "type": "Feature", "properties": { "ID": 3522355532540, "正式名称": "医療法人中村医院", "機関区分": 2, "都道府県コード": 35, "市区町村コード": 215, "所在地": "山口県周南市福川２丁目６番２０号", "緯度": 34.073528, "経度": 131.738444, "url": "https://www.iryou.teikyouseido.mhlw.go.jp/znk-web/juminkanja/S2430/initialize?prefCd=35&kikanCd=2355532540&kikanKbn=2", "url2": null, "内容": "医療法人中村医院【2:診療所】【診療科目:内科_消化器内科】山口県周南市福川２丁目６番２０号" }, "geometry": { "type": "Point", "coordinates": [ 131.738444, 34.073528 ] } },
{ "type": "Feature", "properties": { "ID": 3522355532670, "正式名称": "医療法人まえだ循環器内科", "機関区分": 2, "都道府県コード": 35, "市区町村コード": 215, "所在地": "山口県周南市速玉町６－１２", "緯度": 34.045806, "経度": 131.8125, "url": "https://www.iryou.teikyouseido.mhlw.go.jp/znk-web/juminkanja/S2430/initialize?prefCd=35&kikanCd=2355532670&kikanKbn=2", "url2": "https://maedajyunkankinaika.jp/", "内容": "医療法人まえだ循環器内科【2:診療所】【診療科目:内科_循環器内科】山口県周南市速玉町６－１２" }, "geometry": { "type": "Point", "coordinates": [ 131.8125, 34.045806 ] } },
{ "type": "Feature", "properties": { "ID": 3522355533000, "正式名称": "医療法人　英クリニック", "機関区分": 2, "都道府県コード": 35, "市区町村コード": 207, "所在地": "山口県下松市大手町２丁目４－１１", "緯度": 34.013167, "経度": 131.866611, "url": "https://www.iryou.teikyouseido.mhlw.go.jp/znk-web/juminkanja/S2430/initialize?prefCd=35&kikanCd=2355533000&kikanKbn=2", "url2": null, "内容": "医療法人　英クリニック【2:診療所】【診療科目:内科_整形外科_リウマチ科_リハビリテーション科】山口県下松市大手町２丁目４－１１" }, "geometry": { "type": "Point", "coordinates": [ 131.866611, 34.013167 ] } },
{ "type": "Feature", "properties": { "ID": 3522355533130, "正式名称": "長田眼科医院", "機関区分": 2, "都道府県コード": 35, "市区町村コード": 215, "所在地": "山口県周南市栄町１丁目３６番地", "緯度": 34.054444, "経度": 131.804056, "url": "https://www.iryou.teikyouseido.mhlw.go.jp/znk-web/juminkanja/S2430/initialize?prefCd=35&kikanCd=2355533130&kikanKbn=2", "url2": "http://kokainomizu.web.fc2.com", "内容": "長田眼科医院【2:診療所】【診療科目:眼科】山口県周南市栄町１丁目３６番地" }, "geometry": { "type": "Point", "coordinates": [ 131.804056, 34.054444 ] } },
{ "type": "Feature", "properties": { "ID": 3522355533550, "正式名称": "本城クリニック", "機関区分": 2, "都道府県コード": 35, "市区町村コード": 215, "所在地": "山口県周南市五月町８－１", "緯度": 34.037111, "経度": 131.82875, "url": "https://www.iryou.teikyouseido.mhlw.go.jp/znk-web/juminkanja/S2430/initialize?prefCd=35&kikanCd=2355533550&kikanKbn=2", "url2": "http://www.honjo-clinic.jp", "内容": "本城クリニック【2:診療所】【診療科目:内科_消化器内科_放射線科】山口県周南市五月町８－１" }, "geometry": { "type": "Point", "coordinates": [ 131.82875, 34.037111 ] } },
{ "type": "Feature", "properties": { "ID": 3522355533680, "正式名称": "のだくりにっく", "機関区分": 2, "都道府県コード": 35, "市区町村コード": 207, "所在地": "山口県下松市中央町２１－３　ゆめタウン下松　４Ｆ", "緯度": 34.018639, "経度": 131.86275, "url": "https://www.iryou.teikyouseido.mhlw.go.jp/znk-web/juminkanja/S2430/initialize?prefCd=35&kikanCd=2355533680&kikanKbn=2", "url2": "noda-cl.jp/", "内容": "のだくりにっく【2:診療所】【診療科目:内科_循環器内科_消化器内科_外科_リハビリテーション科】山口県下松市中央町２１－３　ゆめタウン下松　４Ｆ" }, "geometry": { "type": "Point", "coordinates": [ 131.86275, 34.018639 ] } },
{ "type": "Feature", "properties": { "ID": 3522355533710, "正式名称": "医療法人社団滴翠会　多田クリニック", "機関区分": 2, "都道府県コード": 35, "市区町村コード": 210, "所在地": "山口県光市島田１丁目１－２１", "緯度": 33.972889, "経度": 131.93625, "url": "https://www.iryou.teikyouseido.mhlw.go.jp/znk-web/juminkanja/S2430/initialize?prefCd=35&kikanCd=2355533710&kikanKbn=2", "url2": null, "内容": "医療法人社団滴翠会　多田クリニック【2:診療所】【診療科目:内科_外科】山口県光市島田１丁目１－２１" }, "geometry": { "type": "Point", "coordinates": [ 131.93625, 33.972889 ] } },
{ "type": "Feature", "properties": { "ID": 3522355533840, "正式名称": "黒川医院", "機関区分": 2, "都道府県コード": 35, "市区町村コード": 215, "所在地": "山口県周南市五月町８番１号", "緯度": 34.037028, "経度": 131.829167, "url": "https://www.iryou.teikyouseido.mhlw.go.jp/znk-web/juminkanja/S2430/initialize?prefCd=35&kikanCd=2355533840&kikanKbn=2", "url2": "http://kurokawa-hospital.jp/", "内容": "黒川医院【2:診療所】【診療科目:外科_脳神経外科_整形外科_リハビリテーション科_放射線科_麻酔科】山口県周南市五月町８番１号" }, "geometry": { "type": "Point", "coordinates": [ 131.829167, 34.037028 ] } },
{ "type": "Feature", "properties": { "ID": 3522355534010, "正式名称": "医療法人社団あいクリニック", "機関区分": 2, "都道府県コード": 35, "市区町村コード": 207, "所在地": "山口県下松市西柳３丁目２番３４号", "緯度": 34.015, "経度": 131.863556, "url": "https://www.iryou.teikyouseido.mhlw.go.jp/znk-web/juminkanja/S2430/initialize?prefCd=35&kikanCd=2355534010&kikanKbn=2", "url2": "https://www.aiclinic.server-shared.com/", "内容": "医療法人社団あいクリニック【2:診療所】【診療科目:小児科_皮膚科_アレルギー科】山口県下松市西柳３丁目２番３４号" }, "geometry": { "type": "Point", "coordinates": [ 131.863556, 34.015 ] } },
{ "type": "Feature", "properties": { "ID": 3522355534140, "正式名称": "ふなつ眼科光分院", "機関区分": 2, "都道府県コード": 35, "市区町村コード": 210, "所在地": "山口県光市木園１丁目５－２２", "緯度": 33.977694, "経度": 131.930333, "url": "https://www.iryou.teikyouseido.mhlw.go.jp/znk-web/juminkanja/S2430/initialize?prefCd=35&kikanCd=2355534140&kikanKbn=2", "url2": "https://hikoboshi-kai.or.jp/hikari/", "内容": "ふなつ眼科光分院【2:診療所】【診療科目:眼科】山口県光市木園１丁目５－２２" }, "geometry": { "type": "Point", "coordinates": [ 131.930333, 33.977694 ] } },
{ "type": "Feature", "properties": { "ID": 3522355534270, "正式名称": "医療法人三生会　山下ウイメンズクリニック", "機関区分": 2, "都道府県コード": 35, "市区町村コード": 207, "所在地": "山口県下松市瑞穂町１－６－１０", "緯度": 34.020833, "経度": 131.8555, "url": "https://www.iryou.teikyouseido.mhlw.go.jp/znk-web/juminkanja/S2430/initialize?prefCd=35&kikanCd=2355534270&kikanKbn=2", "url2": "http://ivf-ywc.tumblr.com/", "内容": "医療法人三生会　山下ウイメンズクリニック【2:診療所】【診療科目:産婦人科】山口県下松市瑞穂町１－６－１０" }, "geometry": { "type": "Point", "coordinates": [ 131.8555, 34.020833 ] } },
{ "type": "Feature", "properties": { "ID": 3522355534300, "正式名称": "光市牛島診療所", "機関区分": 2, "都道府県コード": 35, "市区町村コード": 210, "所在地": "山口県光市大字牛島７６２－１", "緯度": 33.859714, "経度": 132.00633, "url": "https://www.iryou.teikyouseido.mhlw.go.jp/znk-web/juminkanja/S2430/initialize?prefCd=35&kikanCd=2355534300&kikanKbn=2", "url2": null, "内容": "光市牛島診療所【2:診療所】【診療科目:内科】山口県光市大字牛島７６２－１" }, "geometry": { "type": "Point", "coordinates": [ 132.00633, 33.859714 ] } },
{ "type": "Feature", "properties": { "ID": 3522355534430, "正式名称": "医療法人徳山ファーストクリニック", "機関区分": 2, "都道府県コード": 35, "市区町村コード": 215, "所在地": "山口県周南市平和通２－１　木村ビル１Ｆ", "緯度": 34.05075, "経度": 131.807, "url": "https://www.iryou.teikyouseido.mhlw.go.jp/znk-web/juminkanja/S2430/initialize?prefCd=35&kikanCd=2355534430&kikanKbn=2", "url2": null, "内容": "医療法人徳山ファーストクリニック【2:診療所】【診療科目:内科_小児科_皮膚科_アレルギー科】山口県周南市平和通２－１　木村ビル１Ｆ" }, "geometry": { "type": "Point", "coordinates": [ 131.807, 34.05075 ] } },
{ "type": "Feature", "properties": { "ID": 3522355534690, "正式名称": "やまて小児科・アレルギー科", "機関区分": 2, "都道府県コード": 35, "市区町村コード": 210, "所在地": "山口県光市浅江１－１０－１２", "緯度": 33.971694, "経度": 131.927472, "url": "https://www.iryou.teikyouseido.mhlw.go.jp/znk-web/juminkanja/S2430/initialize?prefCd=35&kikanCd=2355534690&kikanKbn=2", "url2": "https://yamate-cl.jp/", "内容": "やまて小児科・アレルギー科【2:診療所】【診療科目:小児科_アレルギー科】山口県光市浅江１－１０－１２" }, "geometry": { "type": "Point", "coordinates": [ 131.927472, 33.971694 ] } },
{ "type": "Feature", "properties": { "ID": 3522355535020, "正式名称": "医療法人和音会　あきよし心療内科クリニック", "機関区分": 2, "都道府県コード": 35, "市区町村コード": 210, "所在地": "山口県光市虹ケ浜３－１６－３０　ランドマーク虹ケ浜", "緯度": 33.972139, "経度": 131.91275, "url": "https://www.iryou.teikyouseido.mhlw.go.jp/znk-web/juminkanja/S2430/initialize?prefCd=35&kikanCd=2355535020&kikanKbn=2", "url2": null, "内容": "医療法人和音会　あきよし心療内科クリニック【2:診療所】【診療科目:内科_精神科_心療内科】山口県光市虹ケ浜３－１６－３０　ランドマーク虹ケ浜" }, "geometry": { "type": "Point", "coordinates": [ 131.91275, 33.972139 ] } },
{ "type": "Feature", "properties": { "ID": 3522355535150, "正式名称": "いとう内科", "機関区分": 2, "都道府県コード": 35, "市区町村コード": 215, "所在地": "山口県周南市孝田町３－４０", "緯度": 34.04625, "経度": 131.835639, "url": "https://www.iryou.teikyouseido.mhlw.go.jp/znk-web/juminkanja/S2430/initialize?prefCd=35&kikanCd=2355535150&kikanKbn=2", "url2": "http://ww7.tiki.ne.jp~itounaika-k", "内容": "いとう内科【2:診療所】【診療科目:内科_呼吸器内科_アレルギー科】山口県周南市孝田町３－４０" }, "geometry": { "type": "Point", "coordinates": [ 131.835639, 34.04625 ] } },
{ "type": "Feature", "properties": { "ID": 3522355535440, "正式名称": "医療法人淳信会　まさこメディカルクリニック", "機関区分": 2, "都道府県コード": 35, "市区町村コード": 215, "所在地": "山口県周南市新町１－５２　あさひビル１Ｆ", "緯度": 34.052, "経度": 131.806417, "url": "https://www.iryou.teikyouseido.mhlw.go.jp/znk-web/juminkanja/S2430/initialize?prefCd=35&kikanCd=2355535440&kikanKbn=2", "url2": "https://www.holisticure.jp/", "内容": "医療法人淳信会　まさこメディカルクリニック【2:診療所】【診療科目:内科_脳神経内科_循環器内科_消化器内科_リウマチ科】山口県周南市新町１－５２　あさひビル１Ｆ" }, "geometry": { "type": "Point", "coordinates": [ 131.806417, 34.052 ] } },
{ "type": "Feature", "properties": { "ID": 3522355535570, "正式名称": "ふじもとメンタルクリニック", "機関区分": 2, "都道府県コード": 35, "市区町村コード": 215, "所在地": "山口県周南市有楽町２３番地　近鉄徳山ビル２階", "緯度": 34.052111, "経度": 131.802722, "url": "https://www.iryou.teikyouseido.mhlw.go.jp/znk-web/juminkanja/S2430/initialize?prefCd=35&kikanCd=2355535570&kikanKbn=2", "url2": "http://fujimoto-mc.com", "内容": "ふじもとメンタルクリニック【2:診療所】【診療科目:精神科_心療内科】山口県周南市有楽町２３番地　近鉄徳山ビル２階" }, "geometry": { "type": "Point", "coordinates": [ 131.802722, 34.052111 ] } },
{ "type": "Feature", "properties": { "ID": 3522355535730, "正式名称": "医療法人松島こどもクリニック", "機関区分": 2, "都道府県コード": 35, "市区町村コード": 210, "所在地": "山口県光市光井３丁目７番３０号", "緯度": 33.954944, "経度": 131.95725, "url": "https://www.iryou.teikyouseido.mhlw.go.jp/znk-web/juminkanja/S2430/initialize?prefCd=35&kikanCd=2355535730&kikanKbn=2", "url2": "https://matsushima-cc.com", "内容": "医療法人松島こどもクリニック【2:診療所】【診療科目:小児科_アレルギー科】山口県光市光井３丁目７番３０号" }, "geometry": { "type": "Point", "coordinates": [ 131.95725, 33.954944 ] } },
{ "type": "Feature", "properties": { "ID": 3522355535860, "正式名称": "医療法人　大明会　宮里クリニック", "機関区分": 2, "都道府県コード": 35, "市区町村コード": 215, "所在地": "山口県周南市大内町９番１６号　みやさとビル１階", "緯度": 34.049444, "経度": 131.826222, "url": "https://www.iryou.teikyouseido.mhlw.go.jp/znk-web/juminkanja/S2430/initialize?prefCd=35&kikanCd=2355535860&kikanKbn=2", "url2": "http://www.miyasato-cl.com/", "内容": "医療法人　大明会　宮里クリニック【2:診療所】【診療科目:内科_リウマチ科】山口県周南市大内町９番１６号　みやさとビル１階" }, "geometry": { "type": "Point", "coordinates": [ 131.826222, 34.049444 ] } },
{ "type": "Feature", "properties": { "ID": 3522355536320, "正式名称": "医療法人社団高木内科クリニック", "機関区分": 2, "都道府県コード": 35, "市区町村コード": 215, "所在地": "山口県周南市久米３１９８－６", "緯度": 34.03225, "経度": 131.83525, "url": "https://www.iryou.teikyouseido.mhlw.go.jp/znk-web/juminkanja/S2430/initialize?prefCd=35&kikanCd=2355536320&kikanKbn=2", "url2": "https://takakinaika-clinic.com/", "内容": "医療法人社団高木内科クリニック【2:診療所】【診療科目:内科_呼吸器内科_循環器内科】山口県周南市久米３１９８－６" }, "geometry": { "type": "Point", "coordinates": [ 131.83525, 34.03225 ] } },
{ "type": "Feature", "properties": { "ID": 3522355536580, "正式名称": "医療法人おのクリニック", "機関区分": 2, "都道府県コード": 35, "市区町村コード": 215, "所在地": "山口県周南市大神三丁目１２番１号", "緯度": 34.079722, "経度": 131.764194, "url": "https://www.iryou.teikyouseido.mhlw.go.jp/znk-web/juminkanja/S2430/initialize?prefCd=35&kikanCd=2355536580&kikanKbn=2", "url2": "http://www.ono-cli.jp/", "内容": "医療法人おのクリニック【2:診療所】【診療科目:内科_呼吸器内科_循環器内科】山口県周南市大神三丁目１２番１号" }, "geometry": { "type": "Point", "coordinates": [ 131.764194, 34.079722 ] } },
{ "type": "Feature", "properties": { "ID": 3522355536610, "正式名称": "虹ケ浜皮フ科クリニック", "機関区分": 2, "都道府県コード": 35, "市区町村コード": 210, "所在地": "山口県光市浅江３丁目１７－１８", "緯度": 33.973861, "経度": 131.920944, "url": "https://www.iryou.teikyouseido.mhlw.go.jp/znk-web/juminkanja/S2430/initialize?prefCd=35&kikanCd=2355536610&kikanKbn=2", "url2": null, "内容": "虹ケ浜皮フ科クリニック【2:診療所】【診療科目:皮膚科_アレルギー科】山口県光市浅江３丁目１７－１８" }, "geometry": { "type": "Point", "coordinates": [ 131.920944, 33.973861 ] } },
{ "type": "Feature", "properties": { "ID": 3522355536740, "正式名称": "周陽ひふ科", "機関区分": 2, "都道府県コード": 35, "市区町村コード": 215, "所在地": "山口県周南市大内町１０－２１", "緯度": 34.048861, "経度": 131.826417, "url": "https://www.iryou.teikyouseido.mhlw.go.jp/znk-web/juminkanja/S2430/initialize?prefCd=35&kikanCd=2355536740&kikanKbn=2", "url2": null, "内容": "周陽ひふ科【2:診療所】【診療科目:皮膚科】山口県周南市大内町１０－２１" }, "geometry": { "type": "Point", "coordinates": [ 131.826417, 34.048861 ] } },
{ "type": "Feature", "properties": { "ID": 3522355536870, "正式名称": "たけなか医院", "機関区分": 2, "都道府県コード": 35, "市区町村コード": 210, "所在地": "山口県光市室積中央町５番５号", "緯度": 33.932556, "経度": 131.972389, "url": "https://www.iryou.teikyouseido.mhlw.go.jp/znk-web/juminkanja/S2430/initialize?prefCd=35&kikanCd=2355536870&kikanKbn=2", "url2": null, "内容": "たけなか医院【2:診療所】【診療科目:内科_外科_小児科】山口県光市室積中央町５番５号" }, "geometry": { "type": "Point", "coordinates": [ 131.972389, 33.932556 ] } },
{ "type": "Feature", "properties": { "ID": 3522355537040, "正式名称": "くだまつ眼科", "機関区分": 2, "都道府県コード": 35, "市区町村コード": 207, "所在地": "山口県下松市西柳３－１－８", "緯度": 34.014444, "経度": 131.864194, "url": "https://www.iryou.teikyouseido.mhlw.go.jp/znk-web/juminkanja/S2430/initialize?prefCd=35&kikanCd=2355537040&kikanKbn=2", "url2": null, "内容": "くだまつ眼科【2:診療所】【診療科目:眼科】山口県下松市西柳３－１－８" }, "geometry": { "type": "Point", "coordinates": [ 131.864194, 34.014444 ] } },
{ "type": "Feature", "properties": { "ID": 3522355537170, "正式名称": "医療法人社団　いのうえ内科クリニック", "機関区分": 2, "都道府県コード": 35, "市区町村コード": 210, "所在地": "山口県光市島田６丁目１３－２６", "緯度": 33.97775, "経度": 131.935889, "url": "https://www.iryou.teikyouseido.mhlw.go.jp/znk-web/juminkanja/S2430/initialize?prefCd=35&kikanCd=2355537170&kikanKbn=2", "url2": "http://www.inoue-cl.jp", "内容": "医療法人社団　いのうえ内科クリニック【2:診療所】【診療科目:内科_血液内科_糖尿病内科】山口県光市島田６丁目１３－２６" }, "geometry": { "type": "Point", "coordinates": [ 131.935889, 33.97775 ] } },
{ "type": "Feature", "properties": { "ID": 3522355537200, "正式名称": "近間泌尿器科クリニック", "機関区分": 2, "都道府県コード": 35, "市区町村コード": 215, "所在地": "山口県周南市河東町８－５", "緯度": 34.047083, "経度": 131.812417, "url": "https://www.iryou.teikyouseido.mhlw.go.jp/znk-web/juminkanja/S2430/initialize?prefCd=35&kikanCd=2355537200&kikanKbn=2", "url2": "http://www.chikama-clinic.com", "内容": "近間泌尿器科クリニック【2:診療所】【診療科目:泌尿器科】山口県周南市河東町８－５" }, "geometry": { "type": "Point", "coordinates": [ 131.812417, 34.047083 ] } },
{ "type": "Feature", "properties": { "ID": 3522355537620, "正式名称": "田村医院", "機関区分": 2, "都道府県コード": 35, "市区町村コード": 210, "所在地": "山口県光市室積大町２２－２０", "緯度": 33.938194, "経度": 131.969556, "url": "https://www.iryou.teikyouseido.mhlw.go.jp/znk-web/juminkanja/S2430/initialize?prefCd=35&kikanCd=2355537620&kikanKbn=2", "url2": "http://www.clinictamura.sakura.ne.jp/", "内容": "田村医院【2:診療所】【診療科目:内科_循環器内科_小児科】山口県光市室積大町２２－２０" }, "geometry": { "type": "Point", "coordinates": [ 131.969556, 33.938194 ] } },
{ "type": "Feature", "properties": { "ID": 3522355537750, "正式名称": "山下脳神経外科クリニック", "機関区分": 2, "都道府県コード": 35, "市区町村コード": 207, "所在地": "山口県下松市望町５丁目４番７号", "緯度": 34.026556, "経度": 131.852917, "url": "https://www.iryou.teikyouseido.mhlw.go.jp/znk-web/juminkanja/S2430/initialize?prefCd=35&kikanCd=2355537750&kikanKbn=2", "url2": "http://yamashita-nougeka.com/", "内容": "山下脳神経外科クリニック【2:診療所】【診療科目:神経内科_脳神経外科】山口県下松市望町５丁目４番７号" }, "geometry": { "type": "Point", "coordinates": [ 131.852917, 34.026556 ] } },
{ "type": "Feature", "properties": { "ID": 3522355538630, "正式名称": "岐陽内科", "機関区分": 2, "都道府県コード": 35, "市区町村コード": 215, "所在地": "山口県周南市栄町２丁目４１－２", "緯度": 34.053056, "経度": 131.803722, "url": "https://www.iryou.teikyouseido.mhlw.go.jp/znk-web/juminkanja/S2430/initialize?prefCd=35&kikanCd=2355538630&kikanKbn=2", "url2": "http://www.kiyou-clinic.jp", "内容": "岐陽内科【2:診療所】【診療科目:内科_糖尿病内科_呼吸器内科_消化器内科】山口県周南市栄町２丁目４１－２" }, "geometry": { "type": "Point", "coordinates": [ 131.803722, 34.053056 ] } },
{ "type": "Feature", "properties": { "ID": 3522355540040, "正式名称": "周南市須金診療所", "機関区分": 2, "都道府県コード": 35, "市区町村コード": 215, "所在地": "山口県周南市大字須万２４８８", "緯度": 34.201028, "経度": 131.923833, "url": "https://www.iryou.teikyouseido.mhlw.go.jp/znk-web/juminkanja/S2430/initialize?prefCd=35&kikanCd=2355540040&kikanKbn=2", "url2": null, "内容": "周南市須金診療所【2:診療所】【診療科目:内科_外科】山口県周南市大字須万２４８８" }, "geometry": { "type": "Point", "coordinates": [ 131.923833, 34.201028 ] } },
{ "type": "Feature", "properties": { "ID": 352235554033, "正式名称": "一般財団法人医療情報健康財団　周南クリニック", "機関区分": 2, "都道府県コード": 35, "市区町村コード": 215, "所在地": "山口県周南市代々木通１－２４", "緯度": 34.054758, "経度": 131.804395, "url": "https://www.iryou.teikyouseido.mhlw.go.jp/znk-web/juminkanja/S2430/initialize?prefCd=35&kikanCd=235554033&kikanKbn=2", "url2": null, "内容": "一般財団法人医療情報健康財団　周南クリニック【2:診療所】【診療科目:健康診断】山口県周南市代々木通１－２４" }, "geometry": { "type": "Point", "coordinates": [ 131.804395, 34.054758 ] } },
{ "type": "Feature", "properties": { "ID": 3522355540460, "正式名称": "医療法人くだまつ美里ハートクリニック", "機関区分": 2, "都道府県コード": 35, "市区町村コード": 207, "所在地": "山口県下松市美里町４－１０－２５", "緯度": 34.021417, "経度": 131.857083, "url": "https://www.iryou.teikyouseido.mhlw.go.jp/znk-web/juminkanja/S2430/initialize?prefCd=35&kikanCd=2355540460&kikanKbn=2", "url2": "http://www.km-heartclinic.jp/", "内容": "医療法人くだまつ美里ハートクリニック【2:診療所】【診療科目:内科_呼吸器内科_循環器内科】山口県下松市美里町４－１０－２５" }, "geometry": { "type": "Point", "coordinates": [ 131.857083, 34.021417 ] } },
{ "type": "Feature", "properties": { "ID": 3522355540620, "正式名称": "海風診療所", "機関区分": 2, "都道府県コード": 35, "市区町村コード": 215, "所在地": "山口県周南市梅園町１丁目３８　トレーフル・プリュス２Ｆ", "緯度": 34.0565, "経度": 131.805611, "url": "https://www.iryou.teikyouseido.mhlw.go.jp/znk-web/juminkanja/S2430/initialize?prefCd=35&kikanCd=2355540620&kikanKbn=2", "url2": "http://www.umi-kaze.com/", "内容": "海風診療所【2:診療所】【診療科目:内科_神経内科_脳神経外科_整形外科_美容外科_心療内科】山口県周南市梅園町１丁目３８　トレーフル・プリュス２Ｆ" }, "geometry": { "type": "Point", "coordinates": [ 131.805611, 34.0565 ] } },
{ "type": "Feature", "properties": { "ID": 3522355541180, "正式名称": "医療法人こうえい会　香田整形外科医院", "機関区分": 2, "都道府県コード": 35, "市区町村コード": 215, "所在地": "山口県周南市代々木通２－２７", "緯度": 34.054694, "経度": 131.802722, "url": "https://www.iryou.teikyouseido.mhlw.go.jp/znk-web/juminkanja/S2430/initialize?prefCd=35&kikanCd=2355541180&kikanKbn=2", "url2": "http://www.kouda-seikei.or.jp", "内容": "医療法人こうえい会　香田整形外科医院【2:診療所】【診療科目:整形外科_リウマチ科_リハビリテーション科】山口県周南市代々木通２－２７" }, "geometry": { "type": "Point", "coordinates": [ 131.802722, 34.054694 ] } },
{ "type": "Feature", "properties": { "ID": 3522355541210, "正式名称": "医療法人拓真会ほりいけ耳鼻咽喉科", "機関区分": 2, "都道府県コード": 35, "市区町村コード": 207, "所在地": "山口県下松市せせらぎ町二丁目１番２３号", "緯度": 34.017111, "経度": 131.859056, "url": "https://www.iryou.teikyouseido.mhlw.go.jp/znk-web/juminkanja/S2430/initialize?prefCd=35&kikanCd=2355541210&kikanKbn=2", "url2": "https://www.horiike-tsent.com", "内容": "医療法人拓真会ほりいけ耳鼻咽喉科【2:診療所】【診療科目:耳鼻いんこう科】山口県下松市せせらぎ町二丁目１番２３号" }, "geometry": { "type": "Point", "coordinates": [ 131.859056, 34.017111 ] } },
{ "type": "Feature", "properties": { "ID": 3522355541500, "正式名称": "ゆん脳神経外科クリニック", "機関区分": 2, "都道府県コード": 35, "市区町村コード": 215, "所在地": "山口県周南市二番町　１－４－３", "緯度": 34.053667, "経度": 131.811389, "url": "https://www.iryou.teikyouseido.mhlw.go.jp/znk-web/juminkanja/S2430/initialize?prefCd=35&kikanCd=2355541500&kikanKbn=2", "url2": "https://yunclinic.sakura.ne.jp/", "内容": "ゆん脳神経外科クリニック【2:診療所】【診療科目:神経内科_脳神経外科】山口県周南市二番町　１－４－３" }, "geometry": { "type": "Point", "coordinates": [ 131.811389, 34.053667 ] } },
{ "type": "Feature", "properties": { "ID": 3522355541630, "正式名称": "ふじむら小児科", "機関区分": 2, "都道府県コード": 35, "市区町村コード": 215, "所在地": "山口県周南市久米東神女３２０１－１　メディビル２Ｆ", "緯度": 34.032889, "経度": 131.835806, "url": "https://www.iryou.teikyouseido.mhlw.go.jp/znk-web/juminkanja/S2430/initialize?prefCd=35&kikanCd=2355541630&kikanKbn=2", "url2": "www.fujiped.com/", "内容": "ふじむら小児科【2:診療所】【診療科目:小児科】山口県周南市久米東神女３２０１－１　メディビル２Ｆ" }, "geometry": { "type": "Point", "coordinates": [ 131.835806, 34.032889 ] } },
{ "type": "Feature", "properties": { "ID": 3522355542060, "正式名称": "医療法人　さくらだ眼科", "機関区分": 2, "都道府県コード": 35, "市区町村コード": 215, "所在地": "山口県周南市原宿町４番２４号", "緯度": 34.061833, "経度": 131.804806, "url": "https://www.iryou.teikyouseido.mhlw.go.jp/znk-web/juminkanja/S2430/initialize?prefCd=35&kikanCd=2355542060&kikanKbn=2", "url2": "https://www.sakuradag.com", "内容": "医療法人　さくらだ眼科【2:診療所】【診療科目:眼科】山口県周南市原宿町４番２４号" }, "geometry": { "type": "Point", "coordinates": [ 131.804806, 34.061833 ] } },
{ "type": "Feature", "properties": { "ID": 3522355542220, "正式名称": "医療法人　きむらクリニック", "機関区分": 2, "都道府県コード": 35, "市区町村コード": 215, "所在地": "山口県周南市久米中央５－５－３", "緯度": 34.038472, "経度": 131.843389, "url": "https://www.iryou.teikyouseido.mhlw.go.jp/znk-web/juminkanja/S2430/initialize?prefCd=35&kikanCd=2355542220&kikanKbn=2", "url2": "kume.kimura.clinic-yamaguchi.com", "内容": "医療法人　きむらクリニック【2:診療所】【診療科目:内科_呼吸器内科_循環器内科】山口県周南市久米中央５－５－３" }, "geometry": { "type": "Point", "coordinates": [ 131.843389, 34.038472 ] } },
{ "type": "Feature", "properties": { "ID": 3522355542800, "正式名称": "岩本医院", "機関区分": 2, "都道府県コード": 35, "市区町村コード": 215, "所在地": "山口県周南市須々万本郷３５６－３", "緯度": 34.117667, "経度": 131.865, "url": "https://www.iryou.teikyouseido.mhlw.go.jp/znk-web/juminkanja/S2430/initialize?prefCd=35&kikanCd=2355542800&kikanKbn=2", "url2": "http://iwamotoiin.jp/", "内容": "岩本医院【2:診療所】【診療科目:内科_脳神経外科_整形外科】山口県周南市須々万本郷３５６－３" }, "geometry": { "type": "Point", "coordinates": [ 131.865, 34.117667 ] } },
{ "type": "Feature", "properties": { "ID": 3522355544370, "正式名称": "さんふらわあクリニック", "機関区分": 2, "都道府県コード": 35, "市区町村コード": 207, "所在地": "山口県下松市琴平町２丁目１１－２", "緯度": 34.003056, "経度": 131.876, "url": "https://www.iryou.teikyouseido.mhlw.go.jp/znk-web/juminkanja/S2430/initialize?prefCd=35&kikanCd=2355544370&kikanKbn=2", "url2": "https://www.sunflowerclinic-kudamatsuyamaguchi.online", "内容": "さんふらわあクリニック【2:診療所】【診療科目:内科】山口県下松市琴平町２丁目１１－２" }, "geometry": { "type": "Point", "coordinates": [ 131.876, 34.003056 ] } },
{ "type": "Feature", "properties": { "ID": 3522355545250, "正式名称": "のはら消化器内科", "機関区分": 2, "都道府県コード": 35, "市区町村コード": 207, "所在地": "山口県下松市望町２ー４ー８", "緯度": 34.026111, "経度": 131.860194, "url": "https://www.iryou.teikyouseido.mhlw.go.jp/znk-web/juminkanja/S2430/initialize?prefCd=35&kikanCd=2355545250&kikanKbn=2", "url2": "http://nohara-g.com/", "内容": "のはら消化器内科【2:診療所】【診療科目:消化器内科】山口県下松市望町２ー４ー８" }, "geometry": { "type": "Point", "coordinates": [ 131.860194, 34.026111 ] } },
{ "type": "Feature", "properties": { "ID": 3522355545380, "正式名称": "なかもり内科クリニック", "機関区分": 2, "都道府県コード": 35, "市区町村コード": 215, "所在地": "山口県周南市富田新町一丁目９番１０号", "緯度": 34.073028, "経度": 131.757528, "url": "https://www.iryou.teikyouseido.mhlw.go.jp/znk-web/juminkanja/S2430/initialize?prefCd=35&kikanCd=2355545380&kikanKbn=2", "url2": "http://nakamori-cl.jp", "内容": "なかもり内科クリニック【2:診療所】【診療科目:糖尿病内科】山口県周南市富田新町一丁目９番１０号" }, "geometry": { "type": "Point", "coordinates": [ 131.757528, 34.073028 ] } },
{ "type": "Feature", "properties": { "ID": 3522355546390, "正式名称": "周南ニュークリニック", "機関区分": 2, "都道府県コード": 35, "市区町村コード": 215, "所在地": "山口県周南市徳山５５２９番地", "緯度": 34.063028, "経度": 131.824611, "url": "https://www.iryou.teikyouseido.mhlw.go.jp/znk-web/juminkanja/S2430/initialize?prefCd=35&kikanCd=2355546390&kikanKbn=2", "url2": "www.nijinooka-shunan.com", "内容": "周南ニュークリニック【2:診療所】【診療科目:内科_腎臓内科_泌尿器科_腎臓・泌尿器科】山口県周南市徳山５５２９番地" }, "geometry": { "type": "Point", "coordinates": [ 131.824611, 34.063028 ] } },
{ "type": "Feature", "properties": { "ID": 3522355549610, "正式名称": "ひかり医院", "機関区分": 2, "都道府県コード": 35, "市区町村コード": 210, "所在地": "山口県光市光ケ丘５ー１８", "緯度": 33.981556, "経度": 131.918944, "url": "https://www.iryou.teikyouseido.mhlw.go.jp/znk-web/juminkanja/S2430/initialize?prefCd=35&kikanCd=2355549610&kikanKbn=2", "url2": "https://www.hikari-iin.jp/", "内容": "ひかり医院【2:診療所】【診療科目:内科_消化器内科_脳神経外科_皮膚科】山口県光市光ケ丘５ー１８" }, "geometry": { "type": "Point", "coordinates": [ 131.918944, 33.981556 ] } },
{ "type": "Feature", "properties": { "ID": 3522355550300, "正式名称": "医療法人　祥珠会　しゅうなん皮ふ科クリニック", "機関区分": 2, "都道府県コード": 35, "市区町村コード": 207, "所在地": "山口県下松市瑞穂町　１ー６ー７", "緯度": 34.021028, "経度": 131.855972, "url": "https://www.iryou.teikyouseido.mhlw.go.jp/znk-web/juminkanja/S2430/initialize?prefCd=35&kikanCd=2355550300&kikanKbn=2", "url2": "http://shunan-hifuka.jp", "内容": "医療法人　祥珠会　しゅうなん皮ふ科クリニック【2:診療所】【診療科目:皮膚科_美容皮膚科】山口県下松市瑞穂町　１ー６ー７" }, "geometry": { "type": "Point", "coordinates": [ 131.855972, 34.021028 ] } },
{ "type": "Feature", "properties": { "ID": 3522355553460, "正式名称": "かとう整形外科クリニック", "機関区分": 2, "都道府県コード": 35, "市区町村コード": 207, "所在地": "山口県下松市瑞穂町１丁目７番２４号", "緯度": 34.021194, "経度": 131.856056, "url": "https://www.iryou.teikyouseido.mhlw.go.jp/znk-web/juminkanja/S2430/initialize?prefCd=35&kikanCd=2355553460&kikanKbn=2", "url2": "https://kato-seikei-clinic.com", "内容": "かとう整形外科クリニック【2:診療所】【診療科目:整形外科】山口県下松市瑞穂町１丁目７番２４号" }, "geometry": { "type": "Point", "coordinates": [ 131.856056, 34.021194 ] } },
{ "type": "Feature", "properties": { "ID": 3522355554760, "正式名称": "あらきクリニック", "機関区分": 2, "都道府県コード": 35, "市区町村コード": 215, "所在地": "山口県周南市新宿通５－１－３７", "緯度": 34.062861, "経度": 131.799917, "url": "https://www.iryou.teikyouseido.mhlw.go.jp/znk-web/juminkanja/S2430/initialize?prefCd=35&kikanCd=2355554760&kikanKbn=2", "url2": "http://www.araki-clinic.info", "内容": "あらきクリニック【2:診療所】【診療科目:内科_外科_整形外科_リハビリテーション科】山口県周南市新宿通５－１－３７" }, "geometry": { "type": "Point", "coordinates": [ 131.799917, 34.062861 ] } },
{ "type": "Feature", "properties": { "ID": 3522355557790, "正式名称": "ひかり腎泌尿器科クリニック", "機関区分": 2, "都道府県コード": 35, "市区町村コード": 210, "所在地": "山口県光市中央４丁目５ー８", "緯度": 33.960361, "経度": 131.943111, "url": "https://www.iryou.teikyouseido.mhlw.go.jp/znk-web/juminkanja/S2430/initialize?prefCd=35&kikanCd=2355557790&kikanKbn=2", "url2": "https://hikari-nephro-urology.com", "内容": "ひかり腎泌尿器科クリニック【2:診療所】【診療科目:腎臓内科_人工透析内科_腎臓・泌尿器科】山口県光市中央４丁目５ー８" }, "geometry": { "type": "Point", "coordinates": [ 131.943111, 33.960361 ] } },
{ "type": "Feature", "properties": { "ID": 3522355557950, "正式名称": "きさんの里診療所", "機関区分": 2, "都道府県コード": 35, "市区町村コード": 215, "所在地": "山口県周南市五月町１２番１号", "緯度": 34.03693, "経度": 131.831651, "url": "https://www.iryou.teikyouseido.mhlw.go.jp/znk-web/juminkanja/S2430/initialize?prefCd=35&kikanCd=2355557950&kikanKbn=2", "url2": "https://www.hukusikumiai.com", "内容": "きさんの里診療所【2:診療所】【診療科目:内科】山口県周南市五月町１２番１号" }, "geometry": { "type": "Point", "coordinates": [ 131.831651, 34.03693 ] } },
{ "type": "Feature", "properties": { "ID": 3522355558380, "正式名称": "さくらだクリニック", "機関区分": 2, "都道府県コード": 35, "市区町村コード": 215, "所在地": "山口県周南市毛利町３丁目３２", "緯度": 34.057306, "経度": 131.810694, "url": "https://www.iryou.teikyouseido.mhlw.go.jp/znk-web/juminkanja/S2430/initialize?prefCd=35&kikanCd=2355558380&kikanKbn=2", "url2": "https://www.sakurada-cl.com/", "内容": "さくらだクリニック【2:診療所】【診療科目:内科_消化器内科_皮膚科_美容皮膚科】山口県周南市毛利町３丁目３２" }, "geometry": { "type": "Point", "coordinates": [ 131.810694, 34.057306 ] } },
{ "type": "Feature", "properties": { "ID": 3522355562000, "正式名称": "かのう歯科・耳鼻咽喉科クリニック", "機関区分": 2, "都道府県コード": 35, "市区町村コード": 207, "所在地": "山口県下松市北斗町６－２", "緯度": 34.00975, "経度": 131.868806, "url": "https://www.iryou.teikyouseido.mhlw.go.jp/znk-web/juminkanja/S2430/initialize?prefCd=35&kikanCd=2355562000&kikanKbn=2", "url2": "kano-cl.jp", "内容": "かのう歯科・耳鼻咽喉科クリニック【2:診療所】【診療科目:耳鼻いんこう科_歯科_歯科口腔外科_小児歯科】山口県下松市北斗町６－２" }, "geometry": { "type": "Point", "coordinates": [ 131.868806, 34.00975 ] } },
{ "type": "Feature", "properties": { "ID": 3522355562130, "正式名称": "医療法人　緑山会　鹿野博愛診療所", "機関区分": 2, "都道府県コード": 35, "市区町村コード": 215, "所在地": "山口県周南市鹿野下１１６１－１", "緯度": 34.224139, "経度": 131.815917, "url": "https://www.iryou.teikyouseido.mhlw.go.jp/znk-web/juminkanja/S2430/initialize?prefCd=35&kikanCd=2355562130&kikanKbn=2", "url2": "http://ryokuzankai.jp/index.html", "内容": "医療法人　緑山会　鹿野博愛診療所【2:診療所】【診療科目:内科_循環器内科_消化器内科_外科_整形外科_リハビリテーション科】山口県周南市鹿野下１１６１－１" }, "geometry": { "type": "Point", "coordinates": [ 131.815917, 34.224139 ] } },
{ "type": "Feature", "properties": { "ID": 3522355562550, "正式名称": "虹ケ浜整形外科クリニック", "機関区分": 2, "都道府県コード": 35, "市区町村コード": 210, "所在地": "山口県光市虹ケ浜１ー９ー１１", "緯度": 33.971694, "経度": 131.9195, "url": "https://www.iryou.teikyouseido.mhlw.go.jp/znk-web/juminkanja/S2430/initialize?prefCd=35&kikanCd=2355562550&kikanKbn=2", "url2": null, "内容": "虹ケ浜整形外科クリニック【2:診療所】【診療科目:整形外科】山口県光市虹ケ浜１ー９ー１１" }, "geometry": { "type": "Point", "coordinates": [ 131.9195, 33.971694 ] } },
{ "type": "Feature", "properties": { "ID": 3522355562710, "正式名称": "周南ホームケアクリニック", "機関区分": 2, "都道府県コード": 35, "市区町村コード": 210, "所在地": "山口県光市島田２丁目２３ー８原田ビル１Ｆ", "緯度": 33.988279, "経度": 131.96052, "url": "https://www.iryou.teikyouseido.mhlw.go.jp/znk-web/juminkanja/S2430/initialize?prefCd=35&kikanCd=2355562710&kikanKbn=2", "url2": null, "内容": "周南ホームケアクリニック【2:診療所】【診療科目:内科】山口県光市島田２丁目２３ー８原田ビル１Ｆ" }, "geometry": { "type": "Point", "coordinates": [ 131.96052, 33.988279 ] } },
{ "type": "Feature", "properties": { "ID": 3522355600540, "正式名称": "防府市野島診療所", "機関区分": 2, "都道府県コード": 35, "市区町村コード": 206, "所在地": "山口県防府市野島６７９－１１　野島漁村センター内", "緯度": 33.942028, "経度": 131.693361, "url": "https://www.iryou.teikyouseido.mhlw.go.jp/znk-web/juminkanja/S2430/initialize?prefCd=35&kikanCd=2355600540&kikanKbn=2", "url2": null, "内容": "防府市野島診療所【2:診療所】【診療科目:内科】山口県防府市野島６７９－１１　野島漁村センター内" }, "geometry": { "type": "Point", "coordinates": [ 131.693361, 33.942028 ] } },
{ "type": "Feature", "properties": { "ID": 3522355600960, "正式名称": "医療法人博仁会　秋本医院", "機関区分": 2, "都道府県コード": 35, "市区町村コード": 206, "所在地": "山口県防府市石ケ口１－１０－１８", "緯度": 34.041667, "経度": 131.566222, "url": "https://www.iryou.teikyouseido.mhlw.go.jp/znk-web/juminkanja/S2430/initialize?prefCd=35&kikanCd=2355600960&kikanKbn=2", "url2": null, "内容": "医療法人博仁会　秋本医院【2:診療所】【診療科目:内科_整形外科_リハビリテーション科】山口県防府市石ケ口１－１０－１８" }, "geometry": { "type": "Point", "coordinates": [ 131.566222, 34.041667 ] } },
{ "type": "Feature", "properties": { "ID": 3522355601000, "正式名称": "医療法人　芳和会　アベ産婦人科クリニック", "機関区分": 2, "都道府県コード": 35, "市区町村コード": 206, "所在地": "山口県防府市車塚町１０－２５", "緯度": 34.049611, "経度": 131.574222, "url": "https://www.iryou.teikyouseido.mhlw.go.jp/znk-web/juminkanja/S2430/initialize?prefCd=35&kikanCd=2355601000&kikanKbn=2", "url2": "http://www.abe-sanfujinka.com/", "内容": "医療法人　芳和会　アベ産婦人科クリニック【2:診療所】【診療科目:産婦人科】山口県防府市車塚町１０－２５" }, "geometry": { "type": "Point", "coordinates": [ 131.574222, 34.049611 ] } },
{ "type": "Feature", "properties": { "ID": 3522355601550, "正式名称": "医療法人えま皮膚科", "機関区分": 2, "都道府県コード": 35, "市区町村コード": 206, "所在地": "山口県防府市平和町１－３", "緯度": 34.057583, "経度": 131.564278, "url": "https://www.iryou.teikyouseido.mhlw.go.jp/znk-web/juminkanja/S2430/initialize?prefCd=35&kikanCd=2355601550&kikanKbn=2", "url2": null, "内容": "医療法人えま皮膚科【2:診療所】【診療科目:皮膚科】山口県防府市平和町１－３" }, "geometry": { "type": "Point", "coordinates": [ 131.564278, 34.057583 ] } },
{ "type": "Feature", "properties": { "ID": 3522355601840, "正式名称": "岡澤医院", "機関区分": 2, "都道府県コード": 35, "市区町村コード": 206, "所在地": "山口県防府市西仁井令２－１０－１", "緯度": 34.047306, "経度": 131.548222, "url": "https://www.iryou.teikyouseido.mhlw.go.jp/znk-web/juminkanja/S2430/initialize?prefCd=35&kikanCd=2355601840&kikanKbn=2", "url2": null, "内容": "岡澤医院【2:診療所】【診療科目:内科_消化器内科】山口県防府市西仁井令２－１０－１" }, "geometry": { "type": "Point", "coordinates": [ 131.548222, 34.047306 ] } },
{ "type": "Feature", "properties": { "ID": 3522355602560, "正式名称": "医療法人伯生会　佐伯医院", "機関区分": 2, "都道府県コード": 35, "市区町村コード": 206, "所在地": "山口県防府市南松崎町８－３２", "緯度": 34.057528, "経度": 131.576361, "url": "https://www.iryou.teikyouseido.mhlw.go.jp/znk-web/juminkanja/S2430/initialize?prefCd=35&kikanCd=2355602560&kikanKbn=2", "url2": "http://www.justmystage.com/home/hakuseikai/", "内容": "医療法人伯生会　佐伯医院【2:診療所】【診療科目:内科_循環器内科_形成外科_美容外科_小児科_皮膚科】山口県防府市南松崎町８－３２" }, "geometry": { "type": "Point", "coordinates": [ 131.576361, 34.057528 ] } },
{ "type": "Feature", "properties": { "ID": 3522355604290, "正式名称": "医療法人　慶和会　防府耳鼻咽喉科医院", "機関区分": 2, "都道府県コード": 35, "市区町村コード": 206, "所在地": "山口県防府市八王子１－２４－２４", "緯度": 34.056444, "経度": 131.568194, "url": "https://www.iryou.teikyouseido.mhlw.go.jp/znk-web/juminkanja/S2430/initialize?prefCd=35&kikanCd=2355604290&kikanKbn=2", "url2": null, "内容": "医療法人　慶和会　防府耳鼻咽喉科医院【2:診療所】【診療科目:耳鼻いんこう科】山口県防府市八王子１－２４－２４" }, "geometry": { "type": "Point", "coordinates": [ 131.568194, 34.056444 ] } },
{ "type": "Feature", "properties": { "ID": 3522355604610, "正式名称": "牟礼小児科", "機関区分": 2, "都道府県コード": 35, "市区町村コード": 206, "所在地": "山口県防府市牟礼浮野１９１７－２", "緯度": 34.048639, "経度": 131.604889, "url": "https://www.iryou.teikyouseido.mhlw.go.jp/znk-web/juminkanja/S2430/initialize?prefCd=35&kikanCd=2355604610&kikanKbn=2", "url2": null, "内容": "牟礼小児科【2:診療所】【診療科目:小児科】山口県防府市牟礼浮野１９１７－２" }, "geometry": { "type": "Point", "coordinates": [ 131.604889, 34.048639 ] } },
{ "type": "Feature", "properties": { "ID": 3522355605330, "正式名称": "山本内科医院", "機関区分": 2, "都道府県コード": 35, "市区町村コード": 206, "所在地": "山口県防府市栄町１－６－１４", "緯度": 34.055306, "経度": 131.571611, "url": "https://www.iryou.teikyouseido.mhlw.go.jp/znk-web/juminkanja/S2430/initialize?prefCd=35&kikanCd=2355605330&kikanKbn=2", "url2": null, "内容": "山本内科医院【2:診療所】【診療科目:内科】山口県防府市栄町１－６－１４" }, "geometry": { "type": "Point", "coordinates": [ 131.571611, 34.055306 ] } },
{ "type": "Feature", "properties": { "ID": 3522355605750, "正式名称": "渡辺内科・呼吸器科", "機関区分": 2, "都道府県コード": 35, "市区町村コード": 206, "所在地": "山口県防府市平和町１２－２", "緯度": 34.059139, "経度": 131.562056, "url": "https://www.iryou.teikyouseido.mhlw.go.jp/znk-web/juminkanja/S2430/initialize?prefCd=35&kikanCd=2355605750&kikanKbn=2", "url2": null, "内容": "渡辺内科・呼吸器科【2:診療所】【診療科目:内科_呼吸器内科】山口県防府市平和町１２－２" }, "geometry": { "type": "Point", "coordinates": [ 131.562056, 34.059139 ] } },
{ "type": "Feature", "properties": { "ID": 3522355606210, "正式名称": "医療法人　ふじわら小児科", "機関区分": 2, "都道府県コード": 35, "市区町村コード": 206, "所在地": "山口県防府市八王子２－１１－２１", "緯度": 34.059417, "経度": 131.565139, "url": "https://www.iryou.teikyouseido.mhlw.go.jp/znk-web/juminkanja/S2430/initialize?prefCd=35&kikanCd=2355606210&kikanKbn=2", "url2": "http://www.fujiwara-clinic.net/", "内容": "医療法人　ふじわら小児科【2:診療所】【診療科目:小児科】山口県防府市八王子２－１１－２１" }, "geometry": { "type": "Point", "coordinates": [ 131.565139, 34.059417 ] } },
{ "type": "Feature", "properties": { "ID": 3522355606340, "正式名称": "医療法人太誠会　木村整形外科", "機関区分": 2, "都道府県コード": 35, "市区町村コード": 206, "所在地": "山口県防府市岸津１丁目２０番２０号", "緯度": 34.05475, "経度": 131.595694, "url": "https://www.iryou.teikyouseido.mhlw.go.jp/znk-web/juminkanja/S2430/initialize?prefCd=35&kikanCd=2355606340&kikanKbn=2", "url2": null, "内容": "医療法人太誠会　木村整形外科【2:診療所】【診療科目:整形外科_リウマチ科_リハビリテーション科】山口県防府市岸津１丁目２０番２０号" }, "geometry": { "type": "Point", "coordinates": [ 131.595694, 34.05475 ] } },
{ "type": "Feature", "properties": { "ID": 3522355607060, "正式名称": "医療法人惻隠会　木村脳神経・外科内科", "機関区分": 2, "都道府県コード": 35, "市区町村コード": 206, "所在地": "山口県防府市新田７８０－３", "緯度": 34.03175, "経度": 131.56425, "url": "https://www.iryou.teikyouseido.mhlw.go.jp/znk-web/juminkanja/S2430/initialize?prefCd=35&kikanCd=2355607060&kikanKbn=2", "url2": "http://www.sokuinkai.com/", "内容": "医療法人惻隠会　木村脳神経・外科内科【2:診療所】【診療科目:内科_脳神経内科_外科_脳神経外科_リハビリテーション科】山口県防府市新田７８０－３" }, "geometry": { "type": "Point", "coordinates": [ 131.56425, 34.03175 ] } },
{ "type": "Feature", "properties": { "ID": 3522355607480, "正式名称": "医療法人社団　大西眼科", "機関区分": 2, "都道府県コード": 35, "市区町村コード": 206, "所在地": "山口県防府市栄町２－１－１", "緯度": 34.057083, "経度": 131.570806, "url": "https://www.iryou.teikyouseido.mhlw.go.jp/znk-web/juminkanja/S2430/initialize?prefCd=35&kikanCd=2355607480&kikanKbn=2", "url2": "http://www.onishi-ganka.com/", "内容": "医療法人社団　大西眼科【2:診療所】【診療科目:眼科】山口県防府市栄町２－１－１" }, "geometry": { "type": "Point", "coordinates": [ 131.570806, 34.057083 ] } },
{ "type": "Feature", "properties": { "ID": 3522355607510, "正式名称": "医療法人防府第一クリニック", "機関区分": 2, "都道府県コード": 35, "市区町村コード": 206, "所在地": "山口県防府市華園町１番８号", "緯度": 34.044583, "経度": 131.557722, "url": "https://www.iryou.teikyouseido.mhlw.go.jp/znk-web/juminkanja/S2430/initialize?prefCd=35&kikanCd=2355607510&kikanKbn=2", "url2": "www.citydo.com/prf/yamaguchi/guide/og/480000692.html", "内容": "医療法人防府第一クリニック【2:診療所】【診療科目:内科_糖尿病内科_循環器内科】山口県防府市華園町１番８号" }, "geometry": { "type": "Point", "coordinates": [ 131.557722, 34.044583 ] } },
{ "type": "Feature", "properties": { "ID": 3522355607640, "正式名称": "医療法人松寿会　甲嶋内科", "機関区分": 2, "都道府県コード": 35, "市区町村コード": 206, "所在地": "山口県防府市戎町２－５－３０", "緯度": 34.058806, "経度": 131.5705, "url": "https://www.iryou.teikyouseido.mhlw.go.jp/znk-web/juminkanja/S2430/initialize?prefCd=35&kikanCd=2355607640&kikanKbn=2", "url2": "https://syoujyukai.or.jp/koushima/", "内容": "医療法人松寿会　甲嶋内科【2:診療所】【診療科目:内科】山口県防府市戎町２－５－３０" }, "geometry": { "type": "Point", "coordinates": [ 131.5705, 34.058806 ] } },
{ "type": "Feature", "properties": { "ID": 3522355608230, "正式名称": "医療法人　浩然会　深野医院", "機関区分": 2, "都道府県コード": 35, "市区町村コード": 206, "所在地": "山口県防府市岩畠１－２２－１", "緯度": 34.058111, "経度": 131.595444, "url": "https://www.iryou.teikyouseido.mhlw.go.jp/znk-web/juminkanja/S2430/initialize?prefCd=35&kikanCd=2355608230&kikanKbn=2", "url2": "http://www.fukanoiin.com", "内容": "医療法人　浩然会　深野医院【2:診療所】【診療科目:内科_呼吸器内科_循環器内科】山口県防府市岩畠１－２２－１" }, "geometry": { "type": "Point", "coordinates": [ 131.595444, 34.058111 ] } },
{ "type": "Feature", "properties": { "ID": 3522355608360, "正式名称": "防府第一クリニック小児科", "機関区分": 2, "都道府県コード": 35, "市区町村コード": 206, "所在地": "山口県防府市華園町１番８号", "緯度": 34.044583, "経度": 131.557722, "url": "https://www.iryou.teikyouseido.mhlw.go.jp/znk-web/juminkanja/S2430/initialize?prefCd=35&kikanCd=2355608360&kikanKbn=2", "url2": "http//www.citydo.com/prf/php/gr/gr-pop.html?cID=480000692&pDir=yamaguchi", "内容": "防府第一クリニック小児科【2:診療所】【診療科目:小児科_アレルギー科】山口県防府市華園町１番８号" }, "geometry": { "type": "Point", "coordinates": [ 131.557722, 34.044583 ] } },
{ "type": "Feature", "properties": { "ID": 3522355608780, "正式名称": "周防医院", "機関区分": 2, "都道府県コード": 35, "市区町村コード": 206, "所在地": "山口県防府市車塚町１０番２８号", "緯度": 34.049639, "経度": 131.573556, "url": "https://www.iryou.teikyouseido.mhlw.go.jp/znk-web/juminkanja/S2430/initialize?prefCd=35&kikanCd=2355608780&kikanKbn=2", "url2": null, "内容": "周防医院【2:診療所】【診療科目:内科_神経内科】山口県防府市車塚町１０番２８号" }, "geometry": { "type": "Point", "coordinates": [ 131.573556, 34.049639 ] } },
{ "type": "Feature", "properties": { "ID": 3522355610510, "正式名称": "防府市休日診療所", "機関区分": 2, "都道府県コード": 35, "市区町村コード": 206, "所在地": "山口県防府市鞠生町１２－１", "緯度": 34.039111, "経度": 131.566333, "url": "https://www.iryou.teikyouseido.mhlw.go.jp/znk-web/juminkanja/S2430/initialize?prefCd=35&kikanCd=2355610510&kikanKbn=2", "url2": "https://www.city.hofu.yamaguchi.jp/soshiki/21/hospital-kyushin01.html", "内容": "防府市休日診療所【2:診療所】【診療科目:内科_小児科_歯科】山口県防府市鞠生町１２－１" }, "geometry": { "type": "Point", "coordinates": [ 131.566333, 34.039111 ] } },
{ "type": "Feature", "properties": { "ID": 3522355610930, "正式名称": "医療法人　靖英会　深川内科循環器科", "機関区分": 2, "都道府県コード": 35, "市区町村コード": 206, "所在地": "山口県防府市佐波１丁目１４－２１", "緯度": 34.054528, "経度": 131.561111, "url": "https://www.iryou.teikyouseido.mhlw.go.jp/znk-web/juminkanja/S2430/initialize?prefCd=35&kikanCd=2355610930&kikanKbn=2", "url2": "https://www.fukagawanaikajunkankika.com/", "内容": "医療法人　靖英会　深川内科循環器科【2:診療所】【診療科目:内科_循環器内科】山口県防府市佐波１丁目１４－２１" }, "geometry": { "type": "Point", "coordinates": [ 131.561111, 34.054528 ] } },
{ "type": "Feature", "properties": { "ID": 3522355611520, "正式名称": "医療法人社団白石ひふ科", "機関区分": 2, "都道府県コード": 35, "市区町村コード": 206, "所在地": "山口県防府市新田８１４", "緯度": 34.029889, "経度": 131.563333, "url": "https://www.iryou.teikyouseido.mhlw.go.jp/znk-web/juminkanja/S2430/initialize?prefCd=35&kikanCd=2355611520&kikanKbn=2", "url2": "http://hifu.byoinnavi.jp/", "内容": "医療法人社団白石ひふ科【2:診療所】【診療科目:形成外科_皮膚科】山口県防府市新田８１４" }, "geometry": { "type": "Point", "coordinates": [ 131.563333, 34.029889 ] } },
{ "type": "Feature", "properties": { "ID": 3522355611650, "正式名称": "倉田皮ふ科・乳腺科", "機関区分": 2, "都道府県コード": 35, "市区町村コード": 206, "所在地": "山口県防府市石が口１丁目３番２４号", "緯度": 34.044556, "経度": 131.563361, "url": "https://www.iryou.teikyouseido.mhlw.go.jp/znk-web/juminkanja/S2430/initialize?prefCd=35&kikanCd=2355611650&kikanKbn=2", "url2": "https://kurata-clinic.net", "内容": "倉田皮ふ科・乳腺科【2:診療所】【診療科目:乳腺外科_皮膚科_美容皮膚科】山口県防府市石が口１丁目３番２４号" }, "geometry": { "type": "Point", "coordinates": [ 131.563361, 34.044556 ] } },
{ "type": "Feature", "properties": { "ID": 3522355611780, "正式名称": "医療法人社団　南風会　山縣整形外科医院", "機関区分": 2, "都道府県コード": 35, "市区町村コード": 206, "所在地": "山口県防府市田島１０９２", "緯度": 34.023694, "経度": 131.561111, "url": "https://www.iryou.teikyouseido.mhlw.go.jp/znk-web/juminkanja/S2430/initialize?prefCd=35&kikanCd=2355611780&kikanKbn=2", "url2": "http://www.yamagata-iin.com", "内容": "医療法人社団　南風会　山縣整形外科医院【2:診療所】【診療科目:整形外科_リハビリテーション科】山口県防府市田島１０９２" }, "geometry": { "type": "Point", "coordinates": [ 131.561111, 34.023694 ] } },
{ "type": "Feature", "properties": { "ID": 3522355612530, "正式名称": "医療法人　松風会　松本クリニック", "機関区分": 2, "都道府県コード": 35, "市区町村コード": 206, "所在地": "山口県防府市国衙４－６－２０", "緯度": 34.058028, "経度": 131.59225, "url": "https://www.iryou.teikyouseido.mhlw.go.jp/znk-web/juminkanja/S2430/initialize?prefCd=35&kikanCd=2355612530&kikanKbn=2", "url2": "http://matsuclinic.info/", "内容": "医療法人　松風会　松本クリニック【2:診療所】【診療科目:内科_消化器内科_外科_肛門外科】山口県防府市国衙４－６－２０" }, "geometry": { "type": "Point", "coordinates": [ 131.59225, 34.058028 ] } },
{ "type": "Feature", "properties": { "ID": 3522355612790, "正式名称": "大田呼吸器内科", "機関区分": 2, "都道府県コード": 35, "市区町村コード": 206, "所在地": "山口県防府市高井６９１－１", "緯度": 34.067111, "経度": 131.549667, "url": "https://www.iryou.teikyouseido.mhlw.go.jp/znk-web/juminkanja/S2430/initialize?prefCd=35&kikanCd=2355612790&kikanKbn=2", "url2": null, "内容": "大田呼吸器内科【2:診療所】【診療科目:呼吸器内科】山口県防府市高井６９１－１" }, "geometry": { "type": "Point", "coordinates": [ 131.549667, 34.067111 ] } },
{ "type": "Feature", "properties": { "ID": 3522355612820, "正式名称": "医療法人杉桑会　杉山内科小児科医院", "機関区分": 2, "都道府県コード": 35, "市区町村コード": 206, "所在地": "山口県防府市佐波１丁目３－１０", "緯度": 34.05375, "経度": 131.56275, "url": "https://www.iryou.teikyouseido.mhlw.go.jp/znk-web/juminkanja/S2430/initialize?prefCd=35&kikanCd=2355612820&kikanKbn=2", "url2": "http://sugiyama-c.com", "内容": "医療法人杉桑会　杉山内科小児科医院【2:診療所】【診療科目:内科_小児科_リウマチ科】山口県防府市佐波１丁目３－１０" }, "geometry": { "type": "Point", "coordinates": [ 131.56275, 34.05375 ] } },
{ "type": "Feature", "properties": { "ID": 3522355612950, "正式名称": "松村内科医院", "機関区分": 2, "都道府県コード": 35, "市区町村コード": 206, "所在地": "山口県防府市南松崎町５－２０", "緯度": 34.056778, "経度": 131.579111, "url": "https://www.iryou.teikyouseido.mhlw.go.jp/znk-web/juminkanja/S2430/initialize?prefCd=35&kikanCd=2355612950&kikanKbn=2", "url2": null, "内容": "松村内科医院【2:診療所】【診療科目:内科】山口県防府市南松崎町５－２０" }, "geometry": { "type": "Point", "coordinates": [ 131.579111, 34.056778 ] } },
{ "type": "Feature", "properties": { "ID": 3522355613090, "正式名称": "医療法人社団　防府整形・リウマチクリニック", "機関区分": 2, "都道府県コード": 35, "市区町村コード": 206, "所在地": "山口県防府市新田１丁目７番１号", "緯度": 34.03825, "経度": 131.567806, "url": "https://www.iryou.teikyouseido.mhlw.go.jp/znk-web/juminkanja/S2430/initialize?prefCd=35&kikanCd=2355613090&kikanKbn=2", "url2": "https://hofu-seikei-ryumachi-clinic.jp/", "内容": "医療法人社団　防府整形・リウマチクリニック【2:診療所】【診療科目:整形外科_リウマチ科_リハビリテーション科】山口県防府市新田１丁目７番１号" }, "geometry": { "type": "Point", "coordinates": [ 131.567806, 34.03825 ] } },
{ "type": "Feature", "properties": { "ID": 3522355613120, "正式名称": "医療法人　青葉会　三好クリニック", "機関区分": 2, "都道府県コード": 35, "市区町村コード": 206, "所在地": "山口県防府市東三田尻１丁目３番１３号", "緯度": 34.049806, "経度": 131.577778, "url": "https://www.iryou.teikyouseido.mhlw.go.jp/znk-web/juminkanja/S2430/initialize?prefCd=35&kikanCd=2355613120&kikanKbn=2", "url2": "http://m-clinic.main.jp/", "内容": "医療法人　青葉会　三好クリニック【2:診療所】【診療科目:精神科_心療内科】山口県防府市東三田尻１丁目３番１３号" }, "geometry": { "type": "Point", "coordinates": [ 131.577778, 34.049806 ] } },
{ "type": "Feature", "properties": { "ID": 3522355613250, "正式名称": "医療法人　山口泌尿器科クリニック", "機関区分": 2, "都道府県コード": 35, "市区町村コード": 206, "所在地": "山口県防府市八王子１丁目４番６０号", "緯度": 34.053861, "経度": 131.565722, "url": "https://www.iryou.teikyouseido.mhlw.go.jp/znk-web/juminkanja/S2430/initialize?prefCd=35&kikanCd=2355613250&kikanKbn=2", "url2": "http://www.yamaguchi-urologyclinic.com", "内容": "医療法人　山口泌尿器科クリニック【2:診療所】【診療科目:泌尿器科】山口県防府市八王子１丁目４番６０号" }, "geometry": { "type": "Point", "coordinates": [ 131.565722, 34.053861 ] } },
{ "type": "Feature", "properties": { "ID": 3522355613410, "正式名称": "たかきクリニック", "機関区分": 2, "都道府県コード": 35, "市区町村コード": 206, "所在地": "山口県防府市大字台道３５８３の５", "緯度": 34.054861, "経度": 131.488083, "url": "https://www.iryou.teikyouseido.mhlw.go.jp/znk-web/juminkanja/S2430/initialize?prefCd=35&kikanCd=2355613410&kikanKbn=2", "url2": null, "内容": "たかきクリニック【2:診療所】【診療科目:内科_循環器内科_消化器内科_外科_肛門外科_整形外科_リハビリテーション科】山口県防府市大字台道３５８３の５" }, "geometry": { "type": "Point", "coordinates": [ 131.488083, 34.054861 ] } },
{ "type": "Feature", "properties": { "ID": 3522355613540, "正式名称": "医療法人　三鳩会　吉田整形外科", "機関区分": 2, "都道府県コード": 35, "市区町村コード": 206, "所在地": "山口県防府市上天神町３番８号", "緯度": 34.059361, "経度": 131.574389, "url": "https://www.iryou.teikyouseido.mhlw.go.jp/znk-web/juminkanja/S2430/initialize?prefCd=35&kikanCd=2355613540&kikanKbn=2", "url2": "http://www.c-able.ne.jp/~hazuki82/", "内容": "医療法人　三鳩会　吉田整形外科【2:診療所】【診療科目:外科_整形外科_リウマチ科_リハビリテーション科】山口県防府市上天神町３番８号" }, "geometry": { "type": "Point", "coordinates": [ 131.574389, 34.059361 ] } },
{ "type": "Feature", "properties": { "ID": 3522355613830, "正式名称": "木村眼科", "機関区分": 2, "都道府県コード": 35, "市区町村コード": 206, "所在地": "山口県防府市南松崎町１２－２２", "緯度": 34.058944, "経度": 131.579472, "url": "https://www.iryou.teikyouseido.mhlw.go.jp/znk-web/juminkanja/S2430/initialize?prefCd=35&kikanCd=2355613830&kikanKbn=2", "url2": null, "内容": "木村眼科【2:診療所】【診療科目:眼科】山口県防府市南松崎町１２－２２" }, "geometry": { "type": "Point", "coordinates": [ 131.579472, 34.058944 ] } },
{ "type": "Feature", "properties": { "ID": 3522355613960, "正式名称": "医療法人社団ひらた内科呼吸器科医院", "機関区分": 2, "都道府県コード": 35, "市区町村コード": 206, "所在地": "山口県防府市惣社町１番１１号", "緯度": 34.059889, "経度": 131.580028, "url": "https://www.iryou.teikyouseido.mhlw.go.jp/znk-web/juminkanja/S2430/initialize?prefCd=35&kikanCd=2355613960&kikanKbn=2", "url2": "http://www.myclinic.ne.jp/hiratacl/pc/", "内容": "医療法人社団ひらた内科呼吸器科医院【2:診療所】【診療科目:内科_呼吸器内科】山口県防府市惣社町１番１１号" }, "geometry": { "type": "Point", "coordinates": [ 131.580028, 34.059889 ] } },
{ "type": "Feature", "properties": { "ID": 3522355614000, "正式名称": "医療法人　はやしだ眼科", "機関区分": 2, "都道府県コード": 35, "市区町村コード": 206, "所在地": "山口県防府市新田８７４番地", "緯度": 34.033444, "経度": 131.567944, "url": "https://www.iryou.teikyouseido.mhlw.go.jp/znk-web/juminkanja/S2430/initialize?prefCd=35&kikanCd=2355614000&kikanKbn=2", "url2": null, "内容": "医療法人　はやしだ眼科【2:診療所】【診療科目:眼科】山口県防府市新田８７４番地" }, "geometry": { "type": "Point", "coordinates": [ 131.567944, 34.033444 ] } },
{ "type": "Feature", "properties": { "ID": 3522355614130, "正式名称": "医療法人　実昌会　中司内科", "機関区分": 2, "都道府県コード": 35, "市区町村コード": 206, "所在地": "山口県防府市大字田島５８７－１", "緯度": 34.024556, "経度": 131.55625, "url": "https://www.iryou.teikyouseido.mhlw.go.jp/znk-web/juminkanja/S2430/initialize?prefCd=35&kikanCd=2355614130&kikanKbn=2", "url2": "https://jisshokai.com", "内容": "医療法人　実昌会　中司内科【2:診療所】【診療科目:内科_呼吸器内科_循環器内科_アレルギー科】山口県防府市大字田島５８７－１" }, "geometry": { "type": "Point", "coordinates": [ 131.55625, 34.024556 ] } },
{ "type": "Feature", "properties": { "ID": 3522355614390, "正式名称": "医療法人社団　うのき内科・循環器科", "機関区分": 2, "都道府県コード": 35, "市区町村コード": 206, "所在地": "山口県防府市桑南二丁目１４番１７号", "緯度": 34.039167, "経度": 131.558472, "url": "https://www.iryou.teikyouseido.mhlw.go.jp/znk-web/juminkanja/S2430/initialize?prefCd=35&kikanCd=2355614390&kikanKbn=2", "url2": null, "内容": "医療法人社団　うのき内科・循環器科【2:診療所】【診療科目:内科_循環器内科】山口県防府市桑南二丁目１４番１７号" }, "geometry": { "type": "Point", "coordinates": [ 131.558472, 34.039167 ] } },
{ "type": "Feature", "properties": { "ID": 3522355614420, "正式名称": "医療法人　すみれ会　ひよしクリニック", "機関区分": 2, "都道府県コード": 35, "市区町村コード": 206, "所在地": "山口県防府市鋳物師町１１－８", "緯度": 34.051694, "経度": 131.576972, "url": "https://www.iryou.teikyouseido.mhlw.go.jp/znk-web/juminkanja/S2430/initialize?prefCd=35&kikanCd=2355614420&kikanKbn=2", "url2": "hiyoshi.cc", "内容": "医療法人　すみれ会　ひよしクリニック【2:診療所】【診療科目:頭頸部・耳鼻いんこう科_アレルギー科】山口県防府市鋳物師町１１－８" }, "geometry": { "type": "Point", "coordinates": [ 131.576972, 34.051694 ] } },
{ "type": "Feature", "properties": { "ID": 3522355614550, "正式名称": "古屋敷医院", "機関区分": 2, "都道府県コード": 35, "市区町村コード": 206, "所在地": "山口県防府市八王子１丁目１８番１５号", "緯度": 34.055833, "経度": 131.565417, "url": "https://www.iryou.teikyouseido.mhlw.go.jp/znk-web/juminkanja/S2430/initialize?prefCd=35&kikanCd=2355614550&kikanKbn=2", "url2": null, "内容": "古屋敷医院【2:診療所】【診療科目:内科_循環器内科_胃腸内科_外科_整形外科_アレルギー科_リハビリテーション科】山口県防府市八王子１丁目１８番１５号" }, "geometry": { "type": "Point", "coordinates": [ 131.565417, 34.055833 ] } },
{ "type": "Feature", "properties": { "ID": 3522355614710, "正式名称": "医療法人　くらしげ小児科", "機関区分": 2, "都道府県コード": 35, "市区町村コード": 206, "所在地": "山口県防府市三田尻一丁目１１番１６号", "緯度": 34.045333, "経度": 131.574833, "url": "https://www.iryou.teikyouseido.mhlw.go.jp/znk-web/juminkanja/S2430/initialize?prefCd=35&kikanCd=2355614710&kikanKbn=2", "url2": "http://www.kurashige.jp", "内容": "医療法人　くらしげ小児科【2:診療所】【診療科目:小児科_アレルギー科】山口県防府市三田尻一丁目１１番１６号" }, "geometry": { "type": "Point", "coordinates": [ 131.574833, 34.045333 ] } },
{ "type": "Feature", "properties": { "ID": 3522355614840, "正式名称": "光山医院", "機関区分": 2, "都道府県コード": 35, "市区町村コード": 206, "所在地": "山口県防府市今市町２１－１５", "緯度": 34.062861, "経度": 131.564889, "url": "https://www.iryou.teikyouseido.mhlw.go.jp/znk-web/juminkanja/S2430/initialize?prefCd=35&kikanCd=2355614840&kikanKbn=2", "url2": "www.mitsuyama-c.com", "内容": "光山医院【2:診療所】【診療科目:内科_呼吸器内科_循環器内科_小児科_耳鼻いんこう科_リウマチ科_放射線科】山口県防府市今市町２１－１５" }, "geometry": { "type": "Point", "coordinates": [ 131.564889, 34.062861 ] } },
{ "type": "Feature", "properties": { "ID": 3522355614970, "正式名称": "医療法人社団ながみつクリニック", "機関区分": 2, "都道府県コード": 35, "市区町村コード": 206, "所在地": "山口県防府市中央町９番４１号", "緯度": 34.048417, "経度": 131.568528, "url": "https://www.iryou.teikyouseido.mhlw.go.jp/znk-web/juminkanja/S2430/initialize?prefCd=35&kikanCd=2355614970&kikanKbn=2", "url2": "https://www.naga3-clinic.com/", "内容": "医療法人社団ながみつクリニック【2:診療所】【診療科目:神経内科_脳神経外科】山口県防府市中央町９番４１号" }, "geometry": { "type": "Point", "coordinates": [ 131.568528, 34.048417 ] } },
{ "type": "Feature", "properties": { "ID": 3522355615010, "正式名称": "村田小児科", "機関区分": 2, "都道府県コード": 35, "市区町村コード": 206, "所在地": "山口県防府市八王子二丁目４番８号", "緯度": 34.057417, "経度": 131.565556, "url": "https://www.iryou.teikyouseido.mhlw.go.jp/znk-web/juminkanja/S2430/initialize?prefCd=35&kikanCd=2355615010&kikanKbn=2", "url2": null, "内容": "村田小児科【2:診療所】【診療科目:小児科】山口県防府市八王子二丁目４番８号" }, "geometry": { "type": "Point", "coordinates": [ 131.565556, 34.057417 ] } },
{ "type": "Feature", "properties": { "ID": 3522355615140, "正式名称": "医療法人社団澤内科消化器科クリニック", "機関区分": 2, "都道府県コード": 35, "市区町村コード": 206, "所在地": "山口県防府市中央町９番６号", "緯度": 34.048667, "経度": 131.568583, "url": "https://www.iryou.teikyouseido.mhlw.go.jp/znk-web/juminkanja/S2430/initialize?prefCd=35&kikanCd=2355615140&kikanKbn=2", "url2": null, "内容": "医療法人社団澤内科消化器科クリニック【2:診療所】【診療科目:内科_消化器内科_肝臓内科】山口県防府市中央町９番６号" }, "geometry": { "type": "Point", "coordinates": [ 131.568583, 34.048667 ] } },
{ "type": "Feature", "properties": { "ID": 3522355615430, "正式名称": "医療法人　玲明会　大腸クリニック　かわむら内科", "機関区分": 2, "都道府県コード": 35, "市区町村コード": 206, "所在地": "山口県防府市高井３１３－１", "緯度": 34.067722, "経度": 131.556528, "url": "https://www.iryou.teikyouseido.mhlw.go.jp/znk-web/juminkanja/S2430/initialize?prefCd=35&kikanCd=2355615430&kikanKbn=2", "url2": null, "内容": "医療法人　玲明会　大腸クリニック　かわむら内科【2:診療所】【診療科目:内科_胃腸内科_肛門外科_リハビリテーション科】山口県防府市高井３１３－１" }, "geometry": { "type": "Point", "coordinates": [ 131.556528, 34.067722 ] } },
{ "type": "Feature", "properties": { "ID": 3522355615690, "正式名称": "寿町クリニック", "機関区分": 2, "都道府県コード": 35, "市区町村コード": 206, "所在地": "山口県防府市寿町３番１９号", "緯度": 34.051806, "経度": 131.56, "url": "https://www.iryou.teikyouseido.mhlw.go.jp/znk-web/juminkanja/S2430/initialize?prefCd=35&kikanCd=2355615690&kikanKbn=2", "url2": null, "内容": "寿町クリニック【2:診療所】【診療科目:内科_消化器内科_整形外科】山口県防府市寿町３番１９号" }, "geometry": { "type": "Point", "coordinates": [ 131.56, 34.051806 ] } },
{ "type": "Feature", "properties": { "ID": 3522355615720, "正式名称": "医療法人社団よしいこどもクリニック", "機関区分": 2, "都道府県コード": 35, "市区町村コード": 206, "所在地": "山口県防府市植松５５９－１", "緯度": 34.048753, "経度": 131.538226, "url": "https://www.iryou.teikyouseido.mhlw.go.jp/znk-web/juminkanja/S2430/initialize?prefCd=35&kikanCd=2355615720&kikanKbn=2", "url2": "http://www.citydo.com/prf/yamaguchi/guide/sg/480001092.html/", "内容": "医療法人社団よしいこどもクリニック【2:診療所】【診療科目:小児科_アレルギー科】山口県防府市植松５５９－１" }, "geometry": { "type": "Point", "coordinates": [ 131.538226, 34.048753 ] } },
{ "type": "Feature", "properties": { "ID": 3522355615850, "正式名称": "おがさ　まきレディースクリニック", "機関区分": 2, "都道府県コード": 35, "市区町村コード": 206, "所在地": "山口県防府市植松５５９－１　コスパメディカルビル　２Ｆ", "緯度": 34.048556, "経度": 131.538472, "url": "https://www.iryou.teikyouseido.mhlw.go.jp/znk-web/juminkanja/S2430/initialize?prefCd=35&kikanCd=2355615850&kikanKbn=2", "url2": "https://www.ogsmk-ladiesclinic.jp/", "内容": "おがさ　まきレディースクリニック【2:診療所】【診療科目:産婦人科】山口県防府市植松５５９－１　コスパメディカルビル　２Ｆ" }, "geometry": { "type": "Point", "coordinates": [ 131.538472, 34.048556 ] } },
{ "type": "Feature", "properties": { "ID": 3522355615980, "正式名称": "はすいけ耳鼻咽喉科クリニック", "機関区分": 2, "都道府県コード": 35, "市区町村コード": 206, "所在地": "山口県防府市新田５８２－１", "緯度": 34.035889, "経度": 131.56875, "url": "https://www.iryou.teikyouseido.mhlw.go.jp/znk-web/juminkanja/S2430/initialize?prefCd=35&kikanCd=2355615980&kikanKbn=2", "url2": "https://hasuike1133.net/", "内容": "はすいけ耳鼻咽喉科クリニック【2:診療所】【診療科目:耳鼻いんこう科】山口県防府市新田５８２－１" }, "geometry": { "type": "Point", "coordinates": [ 131.56875, 34.035889 ] } },
{ "type": "Feature", "properties": { "ID": 3522355616020, "正式名称": "医療法人オレンジ会　うちみち脳神経クリニック", "機関区分": 2, "都道府県コード": 35, "市区町村コード": 206, "所在地": "山口県防府市石が口２丁目２番３８号", "緯度": 34.044833, "経度": 131.562139, "url": "https://www.iryou.teikyouseido.mhlw.go.jp/znk-web/juminkanja/S2430/initialize?prefCd=35&kikanCd=2355616020&kikanKbn=2", "url2": "http://www.uchimichi-cl.jp", "内容": "医療法人オレンジ会　うちみち脳神経クリニック【2:診療所】【診療科目:内科_神経内科_脳神経外科】山口県防府市石が口２丁目２番３８号" }, "geometry": { "type": "Point", "coordinates": [ 131.562139, 34.044833 ] } },
{ "type": "Feature", "properties": { "ID": 3522355616310, "正式名称": "医療法人社団　涼風会　くらしげ整形外科クリニック", "機関区分": 2, "都道府県コード": 35, "市区町村コード": 206, "所在地": "山口県防府市田島１４９０－１", "緯度": 34.023083, "経度": 131.546528, "url": "https://www.iryou.teikyouseido.mhlw.go.jp/znk-web/juminkanja/S2430/initialize?prefCd=35&kikanCd=2355616310&kikanKbn=2", "url2": null, "内容": "医療法人社団　涼風会　くらしげ整形外科クリニック【2:診療所】【診療科目:整形外科_リウマチ科_リハビリテーション科】山口県防府市田島１４９０－１" }, "geometry": { "type": "Point", "coordinates": [ 131.546528, 34.023083 ] } },
{ "type": "Feature", "properties": { "ID": 3522355701160, "正式名称": "医療法人　相川医院", "機関区分": 2, "都道府県コード": 35, "市区町村コード": 203, "所在地": "山口県山口市鋳銭司５９６４－１", "緯度": 34.083667, "経度": 131.444167, "url": "https://www.iryou.teikyouseido.mhlw.go.jp/znk-web/juminkanja/S2430/initialize?prefCd=35&kikanCd=2355701160&kikanKbn=2", "url2": "http://www.aikawaiin.or.jp", "内容": "医療法人　相川医院【2:診療所】【診療科目:内科_呼吸器内科_消化器内科_外科_整形外科_リハビリテーション科】山口県山口市鋳銭司５９６４－１" }, "geometry": { "type": "Point", "coordinates": [ 131.444167, 34.083667 ] } },
{ "type": "Feature", "properties": { "ID": 3522355701580, "正式名称": "安藤内科医院", "機関区分": 2, "都道府県コード": 35, "市区町村コード": 203, "所在地": "山口県山口市仁保中郷７００", "緯度": 34.212611, "経度": 131.560056, "url": "https://www.iryou.teikyouseido.mhlw.go.jp/znk-web/juminkanja/S2430/initialize?prefCd=35&kikanCd=2355701580&kikanKbn=2", "url2": "https://www.andonaika.top/home/", "内容": "安藤内科医院【2:診療所】【診療科目:内科_糖尿病内科_腎臓内科】山口県山口市仁保中郷７００" }, "geometry": { "type": "Point", "coordinates": [ 131.560056, 34.212611 ] } },
{ "type": "Feature", "properties": { "ID": 3522355702590, "正式名称": "川崎医院", "機関区分": 2, "都道府県コード": 35, "市区町村コード": 203, "所在地": "山口県山口市中央１－６－５", "緯度": 34.178056, "経度": 131.476667, "url": "https://www.iryou.teikyouseido.mhlw.go.jp/znk-web/juminkanja/S2430/initialize?prefCd=35&kikanCd=2355702590&kikanKbn=2", "url2": null, "内容": "川崎医院【2:診療所】【診療科目:内科】山口県山口市中央１－６－５" }, "geometry": { "type": "Point", "coordinates": [ 131.476667, 34.178056 ] } },
{ "type": "Feature", "properties": { "ID": 3522355702910, "正式名称": "医療法人社団医心会　ササキクリニック", "機関区分": 2, "都道府県コード": 35, "市区町村コード": 203, "所在地": "山口県山口市泉都町１－６", "緯度": 34.168306, "経度": 131.464222, "url": "https://www.iryou.teikyouseido.mhlw.go.jp/znk-web/juminkanja/S2430/initialize?prefCd=35&kikanCd=2355702910&kikanKbn=2", "url2": null, "内容": "医療法人社団医心会　ササキクリニック【2:診療所】【診療科目:小児皮膚科_皮膚科】山口県山口市泉都町１－６" }, "geometry": { "type": "Point", "coordinates": [ 131.464222, 34.168306 ] } },
{ "type": "Feature", "properties": { "ID": 3522355703180, "正式名称": "医療法人坂本整形外科", "機関区分": 2, "都道府県コード": 35, "市区町村コード": 203, "所在地": "山口県山口市円政寺町７７", "緯度": 34.181944, "経度": 131.481778, "url": "https://www.iryou.teikyouseido.mhlw.go.jp/znk-web/juminkanja/S2430/initialize?prefCd=35&kikanCd=2355703180&kikanKbn=2", "url2": "https//www.sakamotoorthoclinic.com", "内容": "医療法人坂本整形外科【2:診療所】【診療科目:整形外科_リハビリテーション科】山口県山口市円政寺町７７" }, "geometry": { "type": "Point", "coordinates": [ 131.481778, 34.181944 ] } },
{ "type": "Feature", "properties": { "ID": 3522355704640, "正式名称": "野口医院", "機関区分": 2, "都道府県コード": 35, "市区町村コード": 203, "所在地": "山口県山口市朝田６７", "緯度": 34.1415, "経度": 131.436528, "url": "https://www.iryou.teikyouseido.mhlw.go.jp/znk-web/juminkanja/S2430/initialize?prefCd=35&kikanCd=2355704640&kikanKbn=2", "url2": null, "内容": "野口医院【2:診療所】【診療科目:内科】山口県山口市朝田６７" }, "geometry": { "type": "Point", "coordinates": [ 131.436528, 34.1415 ] } },
{ "type": "Feature", "properties": { "ID": 3522355704930, "正式名称": "ますだ内科循環器科", "機関区分": 2, "都道府県コード": 35, "市区町村コード": 203, "所在地": "山口県山口市秋穂二島１８８８", "緯度": 34.039333, "経度": 131.415472, "url": "https://www.iryou.teikyouseido.mhlw.go.jp/znk-web/juminkanja/S2430/initialize?prefCd=35&kikanCd=2355704930&kikanKbn=2", "url2": null, "内容": "ますだ内科循環器科【2:診療所】【診療科目:内科_循環器内科_小児科】山口県山口市秋穂二島１８８８" }, "geometry": { "type": "Point", "coordinates": [ 131.415472, 34.039333 ] } },
{ "type": "Feature", "properties": { "ID": 3522355705070, "正式名称": "医療法人桃圭会　淵上整形外科", "機関区分": 2, "都道府県コード": 35, "市区町村コード": 203, "所在地": "山口県山口市大内御堀五丁目８番１２号", "緯度": 34.164167, "経度": 131.487167, "url": "https://www.iryou.teikyouseido.mhlw.go.jp/znk-web/juminkanja/S2430/initialize?prefCd=35&kikanCd=2355705070&kikanKbn=2", "url2": "http://fuchigami-seikei.jp", "内容": "医療法人桃圭会　淵上整形外科【2:診療所】【診療科目:神経内科_整形外科_リウマチ科_リハビリテーション科】山口県山口市大内御堀五丁目８番１２号" }, "geometry": { "type": "Point", "coordinates": [ 131.487167, 34.164167 ] } },
{ "type": "Feature", "properties": { "ID": 3522355707250, "正式名称": "医療法人　奥田胃腸科内科", "機関区分": 2, "都道府県コード": 35, "市区町村コード": 203, "所在地": "山口県山口市道場門前１－１－４", "緯度": 34.175306, "経度": 131.474556, "url": "https://www.iryou.teikyouseido.mhlw.go.jp/znk-web/juminkanja/S2430/initialize?prefCd=35&kikanCd=2355707250&kikanKbn=2", "url2": null, "内容": "医療法人　奥田胃腸科内科【2:診療所】【診療科目:内科_消化器内科_胃腸内科_肝臓内科_内視鏡内科_放射線科】山口県山口市道場門前１－１－４" }, "geometry": { "type": "Point", "coordinates": [ 131.474556, 34.175306 ] } },
{ "type": "Feature", "properties": { "ID": 3522355707960, "正式名称": "医療法人社団素心会　神徳内科", "機関区分": 2, "都道府県コード": 35, "市区町村コード": 203, "所在地": "山口県山口市下市町１１－５", "緯度": 34.162972, "経度": 131.458444, "url": "https://www.iryou.teikyouseido.mhlw.go.jp/znk-web/juminkanja/S2430/initialize?prefCd=35&kikanCd=2355707960&kikanKbn=2", "url2": "www.koutokunaika.co.jp", "内容": "医療法人社団素心会　神徳内科【2:診療所】【診療科目:内科_呼吸器内科_循環器内科】山口県山口市下市町１１－５" }, "geometry": { "type": "Point", "coordinates": [ 131.458444, 34.162972 ] } },
{ "type": "Feature", "properties": { "ID": 3522355708840, "正式名称": "医療法人実誠会　おおどの診療所", "機関区分": 2, "都道府県コード": 35, "市区町村コード": 203, "所在地": "山口県山口市石観音町４－４", "緯度": 34.183639, "経度": 131.483889, "url": "https://www.iryou.teikyouseido.mhlw.go.jp/znk-web/juminkanja/S2430/initialize?prefCd=35&kikanCd=2355708840&kikanKbn=2", "url2": null, "内容": "医療法人実誠会　おおどの診療所【2:診療所】【診療科目:内科_消化器内科】山口県山口市石観音町４－４" }, "geometry": { "type": "Point", "coordinates": [ 131.483889, 34.183639 ] } },
{ "type": "Feature", "properties": { "ID": 3522355709140, "正式名称": "日吉台内科医院", "機関区分": 2, "都道府県コード": 35, "市区町村コード": 203, "所在地": "山口県山口市陶向田９６３番地", "緯度": 34.098611, "経度": 131.421167, "url": "https://www.iryou.teikyouseido.mhlw.go.jp/znk-web/juminkanja/S2430/initialize?prefCd=35&kikanCd=2355709140&kikanKbn=2", "url2": null, "内容": "日吉台内科医院【2:診療所】【診療科目:内科_糖尿病・内分泌内科_脳神経内科】山口県山口市陶向田９６３番地" }, "geometry": { "type": "Point", "coordinates": [ 131.421167, 34.098611 ] } },
{ "type": "Feature", "properties": { "ID": 3522355710250, "正式名称": "吉武医院", "機関区分": 2, "都道府県コード": 35, "市区町村コード": 203, "所在地": "山口県山口市秋穂東６２９２", "緯度": 34.013222, "経度": 131.432194, "url": "https://www.iryou.teikyouseido.mhlw.go.jp/znk-web/juminkanja/S2430/initialize?prefCd=35&kikanCd=2355710250&kikanKbn=2", "url2": "http://www.yoshitakeiin.com", "内容": "吉武医院【2:診療所】【診療科目:内科_外科_小児外科_リハビリテーション科】山口県山口市秋穂東６２９２" }, "geometry": { "type": "Point", "coordinates": [ 131.432194, 34.013222 ] } },
{ "type": "Feature", "properties": { "ID": 3522355710960, "正式名称": "小川整形外科", "機関区分": 2, "都道府県コード": 35, "市区町村コード": 203, "所在地": "山口県山口市嘉川５０３３－１", "緯度": 34.075472, "経度": 131.377472, "url": "https://www.iryou.teikyouseido.mhlw.go.jp/znk-web/juminkanja/S2430/initialize?prefCd=35&kikanCd=2355710960&kikanKbn=2", "url2": "https://www.ogawaseikei-yamaguchikagawa.jp/", "内容": "小川整形外科【2:診療所】【診療科目:整形外科_リウマチ科_リハビリテーション科】山口県山口市嘉川５０３３－１" }, "geometry": { "type": "Point", "coordinates": [ 131.377472, 34.075472 ] } },
{ "type": "Feature", "properties": { "ID": 3522355711680, "正式名称": "医療法人社団はまもと小児クリニック", "機関区分": 2, "都道府県コード": 35, "市区町村コード": 203, "所在地": "山口県山口市小郡明治一丁目９番１８号", "緯度": 34.099361, "経度": 131.394778, "url": "https://www.iryou.teikyouseido.mhlw.go.jp/znk-web/juminkanja/S2430/initialize?prefCd=35&kikanCd=2355711680&kikanKbn=2", "url2": null, "内容": "医療法人社団はまもと小児クリニック【2:診療所】【診療科目:小児科_アレルギー科】山口県山口市小郡明治一丁目９番１８号" }, "geometry": { "type": "Point", "coordinates": [ 131.394778, 34.099361 ] } },
{ "type": "Feature", "properties": { "ID": 3522355711840, "正式名称": "医療法人　三隅外科・胃腸科　みすみクリニック", "機関区分": 2, "都道府県コード": 35, "市区町村コード": 203, "所在地": "山口県山口市小郡明治１－５－２", "緯度": 34.097491, "経度": 131.394198, "url": "https://www.iryou.teikyouseido.mhlw.go.jp/znk-web/juminkanja/S2430/initialize?prefCd=35&kikanCd=2355711840&kikanKbn=2", "url2": "http://www.misumigeka.info/", "内容": "医療法人　三隅外科・胃腸科　みすみクリニック【2:診療所】【診療科目:内科_外科_整形外科_リハビリテーション科】山口県山口市小郡明治１－５－２" }, "geometry": { "type": "Point", "coordinates": [ 131.394198, 34.097491 ] } },
{ "type": "Feature", "properties": { "ID": 3522355712140, "正式名称": "医療法人小田医院", "機関区分": 2, "都道府県コード": 35, "市区町村コード": 203, "所在地": "山口県山口市小郡黄金町１１番９号", "緯度": 34.089528, "経度": 131.399222, "url": "https://www.iryou.teikyouseido.mhlw.go.jp/znk-web/juminkanja/S2430/initialize?prefCd=35&kikanCd=2355712140&kikanKbn=2", "url2": "https://www.dm-endo-ogori.com/", "内容": "医療法人小田医院【2:診療所】【診療科目:内科_糖尿病・内分泌内科_皮膚科】山口県山口市小郡黄金町１１番９号" }, "geometry": { "type": "Point", "coordinates": [ 131.399222, 34.089528 ] } },
{ "type": "Feature", "properties": { "ID": 3522355712300, "正式名称": "河端内科医院", "機関区分": 2, "都道府県コード": 35, "市区町村コード": 203, "所在地": "山口県山口市小郡下郷８４３－１０", "緯度": 34.102611, "経度": 131.395472, "url": "https://www.iryou.teikyouseido.mhlw.go.jp/znk-web/juminkanja/S2430/initialize?prefCd=35&kikanCd=2355712300&kikanKbn=2", "url2": null, "内容": "河端内科医院【2:診療所】【診療科目:内科】山口県山口市小郡下郷８４３－１０" }, "geometry": { "type": "Point", "coordinates": [ 131.395472, 34.102611 ] } },
{ "type": "Feature", "properties": { "ID": 3522355712430, "正式名称": "医療法人　村田外科胃腸科", "機関区分": 2, "都道府県コード": 35, "市区町村コード": 203, "所在地": "山口県山口市小郡下郷７５６－４", "緯度": 34.1015, "経度": 131.392278, "url": "https://www.iryou.teikyouseido.mhlw.go.jp/znk-web/juminkanja/S2430/initialize?prefCd=35&kikanCd=2355712430&kikanKbn=2", "url2": null, "内容": "医療法人　村田外科胃腸科【2:診療所】【診療科目:胃腸内科_外科_肛門外科_整形外科】山口県山口市小郡下郷７５６－４" }, "geometry": { "type": "Point", "coordinates": [ 131.392278, 34.1015 ] } },
{ "type": "Feature", "properties": { "ID": 3522355712690, "正式名称": "医療法人同愛会田村産婦人科医院", "機関区分": 2, "都道府県コード": 35, "市区町村コード": 203, "所在地": "山口県山口市小郡下郷１６１８", "緯度": 34.099167, "経度": 131.401, "url": "https://www.iryou.teikyouseido.mhlw.go.jp/znk-web/juminkanja/S2430/initialize?prefCd=35&kikanCd=2355712690&kikanKbn=2", "url2": null, "内容": "医療法人同愛会田村産婦人科医院【2:診療所】【診療科目:産婦人科】山口県山口市小郡下郷１６１８" }, "geometry": { "type": "Point", "coordinates": [ 131.401, 34.099167 ] } },
{ "type": "Feature", "properties": { "ID": 3522355712850, "正式名称": "医療法人　田中内科医院", "機関区分": 2, "都道府県コード": 35, "市区町村コード": 203, "所在地": "山口県山口市小郡長谷一丁目３番１６号", "緯度": 34.09575, "経度": 131.392667, "url": "https://www.iryou.teikyouseido.mhlw.go.jp/znk-web/juminkanja/S2430/initialize?prefCd=35&kikanCd=2355712850&kikanKbn=2", "url2": null, "内容": "医療法人　田中内科医院【2:診療所】【診療科目:内科_小児科_リハビリテーション科】山口県山口市小郡長谷一丁目３番１６号" }, "geometry": { "type": "Point", "coordinates": [ 131.392667, 34.09575 ] } },
{ "type": "Feature", "properties": { "ID": 3522355714030, "正式名称": "本永泌尿器科医院", "機関区分": 2, "都道府県コード": 35, "市区町村コード": 203, "所在地": "山口県山口市穂積町２－１３", "緯度": 34.157806, "経度": 131.459167, "url": "https://www.iryou.teikyouseido.mhlw.go.jp/znk-web/juminkanja/S2430/initialize?prefCd=35&kikanCd=2355714030&kikanKbn=2", "url2": null, "内容": "本永泌尿器科医院【2:診療所】【診療科目:泌尿器科】山口県山口市穂積町２－１３" }, "geometry": { "type": "Point", "coordinates": [ 131.459167, 34.157806 ] } },
{ "type": "Feature", "properties": { "ID": 3522355714610, "正式名称": "医療法人青山胃腸科内科", "機関区分": 2, "都道府県コード": 35, "市区町村コード": 203, "所在地": "山口県山口市吉敷上東三丁目１の２２", "緯度": 34.167361, "経度": 131.438806, "url": "https://www.iryou.teikyouseido.mhlw.go.jp/znk-web/juminkanja/S2430/initialize?prefCd=35&kikanCd=2355714610&kikanKbn=2", "url2": "https://aoyama-ichouka.jp", "内容": "医療法人青山胃腸科内科【2:診療所】【診療科目:内科_消化器内科_胃腸内科_肝臓内科_内視鏡内科】山口県山口市吉敷上東三丁目１の２２" }, "geometry": { "type": "Point", "coordinates": [ 131.438806, 34.167361 ] } },
{ "type": "Feature", "properties": { "ID": 3522355715040, "正式名称": "医療法人　Ｍｅｎｔａｌ　Ｃｌｉｎｉｃ　藤山医院", "機関区分": 2, "都道府県コード": 35, "市区町村コード": 203, "所在地": "山口県山口市吉敷下東１丁目７番２０号　竹下ビル２Ｆ", "緯度": 34.165083, "経度": 131.445917, "url": "https://www.iryou.teikyouseido.mhlw.go.jp/znk-web/juminkanja/S2430/initialize?prefCd=35&kikanCd=2355715040&kikanKbn=2", "url2": null, "内容": "医療法人　Ｍｅｎｔａｌ　Ｃｌｉｎｉｃ　藤山医院【2:診療所】【診療科目:精神科】山口県山口市吉敷下東１丁目７番２０号　竹下ビル２Ｆ" }, "geometry": { "type": "Point", "coordinates": [ 131.445917, 34.165083 ] } },
{ "type": "Feature", "properties": { "ID": 3522355715590, "正式名称": "医療法人　一陽会　藤原胃腸科内科", "機関区分": 2, "都道府県コード": 35, "市区町村コード": 203, "所在地": "山口県山口市折本１丁目９－１２", "緯度": 34.189889, "経度": 131.496139, "url": "https://www.iryou.teikyouseido.mhlw.go.jp/znk-web/juminkanja/S2430/initialize?prefCd=35&kikanCd=2355715590&kikanKbn=2", "url2": "https://fujiwara-ichoka.jp/", "内容": "医療法人　一陽会　藤原胃腸科内科【2:診療所】【診療科目:内科_消化器内科_内視鏡内科】山口県山口市折本１丁目９－１２" }, "geometry": { "type": "Point", "coordinates": [ 131.496139, 34.189889 ] } },
{ "type": "Feature", "properties": { "ID": 3522355716050, "正式名称": "医療法人　英知会　はらだ内科・内視鏡クリニック", "機関区分": 2, "都道府県コード": 35, "市区町村コード": 203, "所在地": "山口県山口市桜畠２－６－８", "緯度": 34.192528, "経度": 131.499028, "url": "https://www.iryou.teikyouseido.mhlw.go.jp/znk-web/juminkanja/S2430/initialize?prefCd=35&kikanCd=2355716050&kikanKbn=2", "url2": "https://harada-naika.clinic/", "内容": "医療法人　英知会　はらだ内科・内視鏡クリニック【2:診療所】【診療科目:内科_消化器内科_内視鏡内科】山口県山口市桜畠２－６－８" }, "geometry": { "type": "Point", "coordinates": [ 131.499028, 34.192528 ] } },
{ "type": "Feature", "properties": { "ID": 3522355716210, "正式名称": "医療法人社団青藍会　あんの循環器・総合クリニック", "機関区分": 2, "都道府県コード": 35, "市区町村コード": 203, "所在地": "山口県山口市吉敷中東１丁目１番１号", "緯度": 34.167028, "経度": 131.447389, "url": "https://www.iryou.teikyouseido.mhlw.go.jp/znk-web/juminkanja/S2430/initialize?prefCd=35&kikanCd=2355716210&kikanKbn=2", "url2": "http://www.seirankai.or.jp", "内容": "医療法人社団青藍会　あんの循環器・総合クリニック【2:診療所】【診療科目:内科_呼吸器内科_循環器内科_脳神経外科_整形外科_形成外科_小児科_眼科_耳鼻いんこう科_皮膚科_精神科_歯科_リハビリテーション科】山口県山口市吉敷中東１丁目１番１号" }, "geometry": { "type": "Point", "coordinates": [ 131.447389, 34.167028 ] } },
{ "type": "Feature", "properties": { "ID": 3522355716890, "正式名称": "医療法人社団吉野内科循環器科", "機関区分": 2, "都道府県コード": 35, "市区町村コード": 203, "所在地": "山口県山口市平井６４１－１", "緯度": 34.156056, "経度": 131.462, "url": "https://www.iryou.teikyouseido.mhlw.go.jp/znk-web/juminkanja/S2430/initialize?prefCd=35&kikanCd=2355716890&kikanKbn=2", "url2": null, "内容": "医療法人社団吉野内科循環器科【2:診療所】【診療科目:内科_循環器内科_消化器内科】山口県山口市平井６４１－１" }, "geometry": { "type": "Point", "coordinates": [ 131.462, 34.156056 ] } },
{ "type": "Feature", "properties": { "ID": 3522355716920, "正式名称": "田辺内科", "機関区分": 2, "都道府県コード": 35, "市区町村コード": 203, "所在地": "山口県山口市小郡新町四丁目２－２１", "緯度": 34.1145, "経度": 131.399528, "url": "https://www.iryou.teikyouseido.mhlw.go.jp/znk-web/juminkanja/S2430/initialize?prefCd=35&kikanCd=2355716920&kikanKbn=2", "url2": null, "内容": "田辺内科【2:診療所】【診療科目:内科_呼吸器内科_循環器内科_小児科】山口県山口市小郡新町四丁目２－２１" }, "geometry": { "type": "Point", "coordinates": [ 131.399528, 34.1145 ] } },
{ "type": "Feature", "properties": { "ID": 3522355717190, "正式名称": "中央クリニック", "機関区分": 2, "都道府県コード": 35, "市区町村コード": 203, "所在地": "山口県山口市中央３丁目２－４３", "緯度": 34.174806, "経度": 131.472361, "url": "https://www.iryou.teikyouseido.mhlw.go.jp/znk-web/juminkanja/S2430/initialize?prefCd=35&kikanCd=2355717190&kikanKbn=2", "url2": "https://chuou-clinic-ymg.jp/", "内容": "中央クリニック【2:診療所】【診療科目:内科_消化器内科_乳腺科_放射線科】山口県山口市中央３丁目２－４３" }, "geometry": { "type": "Point", "coordinates": [ 131.472361, 34.174806 ] } },
{ "type": "Feature", "properties": { "ID": 3522355717220, "正式名称": "医療法人　のむら医院", "機関区分": 2, "都道府県コード": 35, "市区町村コード": 203, "所在地": "山口県山口市湯田温泉１－８－１０", "緯度": 34.164167, "経度": 131.460028, "url": "https://www.iryou.teikyouseido.mhlw.go.jp/znk-web/juminkanja/S2430/initialize?prefCd=35&kikanCd=2355717220&kikanKbn=2", "url2": "https://eyeclinic-yuda.com/access/", "内容": "医療法人　のむら医院【2:診療所】【診療科目:内科_眼科】山口県山口市湯田温泉１－８－１０" }, "geometry": { "type": "Point", "coordinates": [ 131.460028, 34.164167 ] } },
{ "type": "Feature", "properties": { "ID": 3522355717350, "正式名称": "耳鼻咽喉科ののはなクリニック", "機関区分": 2, "都道府県コード": 35, "市区町村コード": 203, "所在地": "山口県山口市大内矢田北六丁目１９－１７", "緯度": 34.152722, "経度": 131.5155, "url": "https://www.iryou.teikyouseido.mhlw.go.jp/znk-web/juminkanja/S2430/initialize?prefCd=35&kikanCd=2355717350&kikanKbn=2", "url2": "http://www.nonohana.dr-clinic.jp", "内容": "耳鼻咽喉科ののはなクリニック【2:診療所】【診療科目:耳鼻いんこう科】山口県山口市大内矢田北六丁目１９－１７" }, "geometry": { "type": "Point", "coordinates": [ 131.5155, 34.152722 ] } },
{ "type": "Feature", "properties": { "ID": 3522355717480, "正式名称": "医療法人財団　清仁会附属　鴻城医院", "機関区分": 2, "都道府県コード": 35, "市区町村コード": 203, "所在地": "山口県山口市後河原１８１番地", "緯度": 34.182917, "経度": 131.476667, "url": "https://www.iryou.teikyouseido.mhlw.go.jp/znk-web/juminkanja/S2430/initialize?prefCd=35&kikanCd=2355717480&kikanKbn=2", "url2": "https://kojoclinic.jp/", "内容": "医療法人財団　清仁会附属　鴻城医院【2:診療所】【診療科目:内科】山口県山口市後河原１８１番地" }, "geometry": { "type": "Point", "coordinates": [ 131.476667, 34.182917 ] } },
{ "type": "Feature", "properties": { "ID": 3522355717930, "正式名称": "医療法人　真人会　たむら医院", "機関区分": 2, "都道府県コード": 35, "市区町村コード": 203, "所在地": "山口県山口市江崎２４７５－２", "緯度": 34.063806, "経度": 131.366, "url": "https://www.iryou.teikyouseido.mhlw.go.jp/znk-web/juminkanja/S2430/initialize?prefCd=35&kikanCd=2355717930&kikanKbn=2", "url2": "http://www.shinjin-kai.org/", "内容": "医療法人　真人会　たむら医院【2:診療所】【診療科目:内科_リハビリテーション科_麻酔科】山口県山口市江崎２４７５－２" }, "geometry": { "type": "Point", "coordinates": [ 131.366, 34.063806 ] } },
{ "type": "Feature", "properties": { "ID": 3522355718070, "正式名称": "太田皮膚科クリニック", "機関区分": 2, "都道府県コード": 35, "市区町村コード": 203, "所在地": "山口県山口市大内矢田北一丁目１９－１６", "緯度": 34.156111, "経度": 131.501889, "url": "https://www.iryou.teikyouseido.mhlw.go.jp/znk-web/juminkanja/S2430/initialize?prefCd=35&kikanCd=2355718070&kikanKbn=2", "url2": "http://www.ota-derma.com", "内容": "太田皮膚科クリニック【2:診療所】【診療科目:形成外科_皮膚科】山口県山口市大内矢田北一丁目１９－１６" }, "geometry": { "type": "Point", "coordinates": [ 131.501889, 34.156111 ] } },
{ "type": "Feature", "properties": { "ID": 3522355718520, "正式名称": "よしかね循環器内科", "機関区分": 2, "都道府県コード": 35, "市区町村コード": 203, "所在地": "山口県山口市小郡下郷２２２１－１２", "緯度": 34.098444, "経度": 131.392139, "url": "https://www.iryou.teikyouseido.mhlw.go.jp/znk-web/juminkanja/S2430/initialize?prefCd=35&kikanCd=2355718520&kikanKbn=2", "url2": null, "内容": "よしかね循環器内科【2:診療所】【診療科目:内科_呼吸器内科_循環器内科】山口県山口市小郡下郷２２２１－１２" }, "geometry": { "type": "Point", "coordinates": [ 131.392139, 34.098444 ] } },
{ "type": "Feature", "properties": { "ID": 3522355718650, "正式名称": "すずき内科クリニック", "機関区分": 2, "都道府県コード": 35, "市区町村コード": 203, "所在地": "山口県山口市大内千坊六丁目１０番１号", "緯度": 34.159, "経度": 131.491611, "url": "https://www.iryou.teikyouseido.mhlw.go.jp/znk-web/juminkanja/S2430/initialize?prefCd=35&kikanCd=2355718650&kikanKbn=2", "url2": null, "内容": "すずき内科クリニック【2:診療所】【診療科目:内科_消化器内科】山口県山口市大内千坊六丁目１０番１号" }, "geometry": { "type": "Point", "coordinates": [ 131.491611, 34.159 ] } },
{ "type": "Feature", "properties": { "ID": 3522355718810, "正式名称": "安藤消化器内科", "機関区分": 2, "都道府県コード": 35, "市区町村コード": 203, "所在地": "山口県山口市平井１４９７－１", "緯度": 34.144722, "経度": 131.455778, "url": "https://www.iryou.teikyouseido.mhlw.go.jp/znk-web/juminkanja/S2430/initialize?prefCd=35&kikanCd=2355718810&kikanKbn=2", "url2": null, "内容": "安藤消化器内科【2:診療所】【診療科目:内科_消化器内科】山口県山口市平井１４９７－１" }, "geometry": { "type": "Point", "coordinates": [ 131.455778, 34.144722 ] } },
{ "type": "Feature", "properties": { "ID": 3522355718940, "正式名称": "医療法人　ながた泌尿器科", "機関区分": 2, "都道府県コード": 35, "市区町村コード": 203, "所在地": "山口県山口市大内御堀六丁目２番１号", "緯度": 34.165361, "経度": 131.485389, "url": "https://www.iryou.teikyouseido.mhlw.go.jp/znk-web/juminkanja/S2430/initialize?prefCd=35&kikanCd=2355718940&kikanKbn=2", "url2": null, "内容": "医療法人　ながた泌尿器科【2:診療所】【診療科目:泌尿器科】山口県山口市大内御堀六丁目２番１号" }, "geometry": { "type": "Point", "coordinates": [ 131.485389, 34.165361 ] } },
{ "type": "Feature", "properties": { "ID": 3522355719080, "正式名称": "永田こどもクリニック", "機関区分": 2, "都道府県コード": 35, "市区町村コード": 203, "所在地": "山口県山口市三の宮２丁目７番４号", "緯度": 34.188694, "経度": 131.4905, "url": "https://www.iryou.teikyouseido.mhlw.go.jp/znk-web/juminkanja/S2430/initialize?prefCd=35&kikanCd=2355719080&kikanKbn=2", "url2": "http://www.c-able.ne.jp/~nagacli8/", "内容": "永田こどもクリニック【2:診療所】【診療科目:小児科_アレルギー科】山口県山口市三の宮２丁目７番４号" }, "geometry": { "type": "Point", "coordinates": [ 131.4905, 34.188694 ] } },
{ "type": "Feature", "properties": { "ID": 3522355719240, "正式名称": "医療法人まつお小児科", "機関区分": 2, "都道府県コード": 35, "市区町村コード": 203, "所在地": "山口県山口市維新公園５丁目４－２８", "緯度": 34.161917, "経度": 131.435528, "url": "https://www.iryou.teikyouseido.mhlw.go.jp/znk-web/juminkanja/S2430/initialize?prefCd=35&kikanCd=2355719240&kikanKbn=2", "url2": "http://www.c-able.ne.jp/~kaz-m/", "内容": "医療法人まつお小児科【2:診療所】【診療科目:小児科_アレルギー科】山口県山口市維新公園５丁目４－２８" }, "geometry": { "type": "Point", "coordinates": [ 131.435528, 34.161917 ] } },
{ "type": "Feature", "properties": { "ID": 3522355719400, "正式名称": "医療法人社団山岸内科", "機関区分": 2, "都道府県コード": 35, "市区町村コード": 203, "所在地": "山口県山口市小郡新町　６丁目５番３号", "緯度": 34.118694, "経度": 131.399833, "url": "https://www.iryou.teikyouseido.mhlw.go.jp/znk-web/juminkanja/S2430/initialize?prefCd=35&kikanCd=2355719400&kikanKbn=2", "url2": "https://www.yamagishi-naika.net/", "内容": "医療法人社団山岸内科【2:診療所】【診療科目:内科_呼吸器内科_循環器内科】山口県山口市小郡新町　６丁目５番３号" }, "geometry": { "type": "Point", "coordinates": [ 131.399833, 34.118694 ] } },
{ "type": "Feature", "properties": { "ID": 3522355719530, "正式名称": "医療法人社団やすの皮膚科", "機関区分": 2, "都道府県コード": 35, "市区町村コード": 203, "所在地": "山口県山口市小郡新町１－１－２", "緯度": 34.112056, "経度": 131.400833, "url": "https://www.iryou.teikyouseido.mhlw.go.jp/znk-web/juminkanja/S2430/initialize?prefCd=35&kikanCd=2355719530&kikanKbn=2", "url2": null, "内容": "医療法人社団やすの皮膚科【2:診療所】【診療科目:皮膚科】山口県山口市小郡新町１－１－２" }, "geometry": { "type": "Point", "coordinates": [ 131.400833, 34.112056 ] } },
{ "type": "Feature", "properties": { "ID": 3522355719790, "正式名称": "医療法人社団　ながやレディースクリニック", "機関区分": 2, "都道府県コード": 35, "市区町村コード": 203, "所在地": "山口県山口市黒川４７５番１号", "緯度": 34.138389, "経度": 131.446778, "url": "https://www.iryou.teikyouseido.mhlw.go.jp/znk-web/juminkanja/S2430/initialize?prefCd=35&kikanCd=2355719790&kikanKbn=2", "url2": "https://nagaya-lc.jp", "内容": "医療法人社団　ながやレディースクリニック【2:診療所】【診療科目:産婦人科_産科_婦人科】山口県山口市黒川４７５番１号" }, "geometry": { "type": "Point", "coordinates": [ 131.446778, 34.138389 ] } },
{ "type": "Feature", "properties": { "ID": 3522355719950, "正式名称": "やの内科", "機関区分": 2, "都道府県コード": 35, "市区町村コード": 203, "所在地": "山口県山口市元町２－２２", "緯度": 34.168806, "経度": 131.458111, "url": "https://www.iryou.teikyouseido.mhlw.go.jp/znk-web/juminkanja/S2430/initialize?prefCd=35&kikanCd=2355719950&kikanKbn=2", "url2": null, "内容": "やの内科【2:診療所】【診療科目:内科_糖尿病内科】山口県山口市元町２－２２" }, "geometry": { "type": "Point", "coordinates": [ 131.458111, 34.168806 ] } },
{ "type": "Feature", "properties": { "ID": 3522355720060, "正式名称": "宮野クリニック", "機関区分": 2, "都道府県コード": 35, "市区町村コード": 203, "所在地": "山口県山口市宮野下９３４番地５", "緯度": 34.187255, "経度": 131.500561, "url": "https://www.iryou.teikyouseido.mhlw.go.jp/znk-web/juminkanja/S2430/initialize?prefCd=35&kikanCd=2355720060&kikanKbn=2", "url2": "https://www.miyano-akagawa.jp/", "内容": "宮野クリニック【2:診療所】【診療科目:内科_循環器内科】山口県山口市宮野下９３４番地５" }, "geometry": { "type": "Point", "coordinates": [ 131.500561, 34.187255 ] } },
{ "type": "Feature", "properties": { "ID": 3522355720190, "正式名称": "医療法人佳和会　とみなが皮ふ科", "機関区分": 2, "都道府県コード": 35, "市区町村コード": 203, "所在地": "山口県山口市赤妻町３－８", "緯度": 34.168417, "経度": 131.449278, "url": "https://www.iryou.teikyouseido.mhlw.go.jp/znk-web/juminkanja/S2430/initialize?prefCd=35&kikanCd=2355720190&kikanKbn=2", "url2": "www.tominaga-hifuka.com", "内容": "医療法人佳和会　とみなが皮ふ科【2:診療所】【診療科目:形成外科_皮膚科_アレルギー科】山口県山口市赤妻町３－８" }, "geometry": { "type": "Point", "coordinates": [ 131.449278, 34.168417 ] } },
{ "type": "Feature", "properties": { "ID": 3522355720350, "正式名称": "医療法人　ましもと内科呼吸器科", "機関区分": 2, "都道府県コード": 35, "市区町村コード": 203, "所在地": "山口県山口市湯田温泉三丁目１番２４号", "緯度": 34.166583, "経度": 131.459611, "url": "https://www.iryou.teikyouseido.mhlw.go.jp/znk-web/juminkanja/S2430/initialize?prefCd=35&kikanCd=2355720350&kikanKbn=2", "url2": "https://mashimoto-naika.com", "内容": "医療法人　ましもと内科呼吸器科【2:診療所】【診療科目:内科_呼吸器内科】山口県山口市湯田温泉三丁目１番２４号" }, "geometry": { "type": "Point", "coordinates": [ 131.459611, 34.166583 ] } },
{ "type": "Feature", "properties": { "ID": 3522355720480, "正式名称": "医療法人社団・池畑診療所", "機関区分": 2, "都道府県コード": 35, "市区町村コード": 203, "所在地": "山口県山口市大字平井５５６番６", "緯度": 34.153861, "経度": 131.464972, "url": "https://www.iryou.teikyouseido.mhlw.go.jp/znk-web/juminkanja/S2430/initialize?prefCd=35&kikanCd=2355720480&kikanKbn=2", "url2": null, "内容": "医療法人社団・池畑診療所【2:診療所】【診療科目:リハビリテーション科_麻酔科】山口県山口市大字平井５５６番６" }, "geometry": { "type": "Point", "coordinates": [ 131.464972, 34.153861 ] } },
{ "type": "Feature", "properties": { "ID": 3522355720510, "正式名称": "おがたクリニック耳鼻咽喉科・眼科", "機関区分": 2, "都道府県コード": 35, "市区町村コード": 203, "所在地": "山口県山口市泉町８－２３", "緯度": 34.166611, "経度": 131.450861, "url": "https://www.iryou.teikyouseido.mhlw.go.jp/znk-web/juminkanja/S2430/initialize?prefCd=35&kikanCd=2355720510&kikanKbn=2", "url2": "http://www.ogata929.com/usr/pc/", "内容": "おがたクリニック耳鼻咽喉科・眼科【2:診療所】【診療科目:眼科_耳鼻いんこう科】山口県山口市泉町８－２３" }, "geometry": { "type": "Point", "coordinates": [ 131.450861, 34.166611 ] } },
{ "type": "Feature", "properties": { "ID": 3522355720640, "正式名称": "まえだ循環器内科", "機関区分": 2, "都道府県コード": 35, "市区町村コード": 203, "所在地": "山口県山口市緑町２－２１　緑町ビル１Ｆ", "緯度": 34.170583, "経度": 131.466389, "url": "https://www.iryou.teikyouseido.mhlw.go.jp/znk-web/juminkanja/S2430/initialize?prefCd=35&kikanCd=2355720640&kikanKbn=2", "url2": "http://www.m-junkanki.com", "内容": "まえだ循環器内科【2:診療所】【診療科目:内科_呼吸器内科_循環器内科】山口県山口市緑町２－２１　緑町ビル１Ｆ" }, "geometry": { "type": "Point", "coordinates": [ 131.466389, 34.170583 ] } },
{ "type": "Feature", "properties": { "ID": 3522355720770, "正式名称": "中村整形外科", "機関区分": 2, "都道府県コード": 35, "市区町村コード": 203, "所在地": "山口県山口市維新公園１－２－１", "緯度": 34.160917, "経度": 131.438861, "url": "https://www.iryou.teikyouseido.mhlw.go.jp/znk-web/juminkanja/S2430/initialize?prefCd=35&kikanCd=2355720770&kikanKbn=2", "url2": null, "内容": "中村整形外科【2:診療所】【診療科目:整形外科】山口県山口市維新公園１－２－１" }, "geometry": { "type": "Point", "coordinates": [ 131.438861, 34.160917 ] } },
{ "type": "Feature", "properties": { "ID": 3522355720800, "正式名称": "医療法人　田村医院", "機関区分": 2, "都道府県コード": 35, "市区町村コード": 203, "所在地": "山口県山口市葵１－４－７３", "緯度": 34.161222, "経度": 131.450639, "url": "https://www.iryou.teikyouseido.mhlw.go.jp/znk-web/juminkanja/S2430/initialize?prefCd=35&kikanCd=2355720800&kikanKbn=2", "url2": null, "内容": "医療法人　田村医院【2:診療所】【診療科目:内科】山口県山口市葵１－４－７３" }, "geometry": { "type": "Point", "coordinates": [ 131.450639, 34.161222 ] } },
{ "type": "Feature", "properties": { "ID": 3522355720930, "正式名称": "医療法人社団中村眼科", "機関区分": 2, "都道府県コード": 35, "市区町村コード": 203, "所在地": "山口県山口市小郡明治１－２－６", "緯度": 34.097444, "経度": 131.3925, "url": "https://www.iryou.teikyouseido.mhlw.go.jp/znk-web/juminkanja/S2430/initialize?prefCd=35&kikanCd=2355720930&kikanKbn=2", "url2": null, "内容": "医療法人社団中村眼科【2:診療所】【診療科目:眼科】山口県山口市小郡明治１－２－６" }, "geometry": { "type": "Point", "coordinates": [ 131.3925, 34.097444 ] } },
{ "type": "Feature", "properties": { "ID": 3522355721490, "正式名称": "医療法人たねくぼ整形外科クリニック", "機関区分": 2, "都道府県コード": 35, "市区町村コード": 203, "所在地": "山口県山口市幸町３番２３号", "緯度": 34.157028, "経度": 131.450139, "url": "https://www.iryou.teikyouseido.mhlw.go.jp/znk-web/juminkanja/S2430/initialize?prefCd=35&kikanCd=2355721490&kikanKbn=2", "url2": null, "内容": "医療法人たねくぼ整形外科クリニック【2:診療所】【診療科目:内科_整形外科】山口県山口市幸町３番２３号" }, "geometry": { "type": "Point", "coordinates": [ 131.450139, 34.157028 ] } },
{ "type": "Feature", "properties": { "ID": 3522355721650, "正式名称": "医療法人社団　よろず循環器内科", "機関区分": 2, "都道府県コード": 35, "市区町村コード": 203, "所在地": "山口県山口市糸米１丁目２番１３号", "緯度": 34.172556, "経度": 131.466611, "url": "https://www.iryou.teikyouseido.mhlw.go.jp/znk-web/juminkanja/S2430/initialize?prefCd=35&kikanCd=2355721650&kikanKbn=2", "url2": null, "内容": "医療法人社団　よろず循環器内科【2:診療所】【診療科目:内科_呼吸器内科_循環器内科】山口県山口市糸米１丁目２番１３号" }, "geometry": { "type": "Point", "coordinates": [ 131.466611, 34.172556 ] } },
{ "type": "Feature", "properties": { "ID": 3522355722080, "正式名称": "医療法人　尽心会　くらたクリニック", "機関区分": 2, "都道府県コード": 35, "市区町村コード": 203, "所在地": "山口県山口市黒川７７１－１１", "緯度": 34.1435, "経度": 131.450861, "url": "https://www.iryou.teikyouseido.mhlw.go.jp/znk-web/juminkanja/S2430/initialize?prefCd=35&kikanCd=2355722080&kikanKbn=2", "url2": "http://jinsinkai.kurata.clinic-yamaguchi.com/", "内容": "医療法人　尽心会　くらたクリニック【2:診療所】【診療科目:内科_呼吸器内科_循環器内科_消化器内科_小児科_アレルギー科_リハビリテーション科】山口県山口市黒川７７１－１１" }, "geometry": { "type": "Point", "coordinates": [ 131.450861, 34.1435 ] } },
{ "type": "Feature", "properties": { "ID": 3522355722110, "正式名称": "医療法人社団　和花輝会　おさばファミリークリニック", "機関区分": 2, "都道府県コード": 35, "市区町村コード": 203, "所在地": "山口県山口市下小鯖１１３３１－７", "緯度": 34.13225, "経度": 131.526139, "url": "https://www.iryou.teikyouseido.mhlw.go.jp/znk-web/juminkanja/S2430/initialize?prefCd=35&kikanCd=2355722110&kikanKbn=2", "url2": "https://osabafc.com/", "内容": "医療法人社団　和花輝会　おさばファミリークリニック【2:診療所】【診療科目:内科_循環器内科_外科】山口県山口市下小鯖１１３３１－７" }, "geometry": { "type": "Point", "coordinates": [ 131.526139, 34.13225 ] } },
{ "type": "Feature", "properties": { "ID": 3522355722240, "正式名称": "小泉小児科", "機関区分": 2, "都道府県コード": 35, "市区町村コード": 203, "所在地": "山口県山口市大市町３－５１", "緯度": 34.178, "経度": 131.480167, "url": "https://www.iryou.teikyouseido.mhlw.go.jp/znk-web/juminkanja/S2430/initialize?prefCd=35&kikanCd=2355722240&kikanKbn=2", "url2": "koizumi-shounika.com", "内容": "小泉小児科【2:診療所】【診療科目:小児科_アレルギー科】山口県山口市大市町３－５１" }, "geometry": { "type": "Point", "coordinates": [ 131.480167, 34.178 ] } },
{ "type": "Feature", "properties": { "ID": 3522355722660, "正式名称": "山川泌尿器科", "機関区分": 2, "都道府県コード": 35, "市区町村コード": 203, "所在地": "山口県山口市小郡長谷１丁目１番３号", "緯度": 34.096, "経度": 131.392222, "url": "https://www.iryou.teikyouseido.mhlw.go.jp/znk-web/juminkanja/S2430/initialize?prefCd=35&kikanCd=2355722660&kikanKbn=2", "url2": "http://www.medicalogori.com/yamakawa", "内容": "山川泌尿器科【2:診療所】【診療科目:泌尿器科】山口県山口市小郡長谷１丁目１番３号" }, "geometry": { "type": "Point", "coordinates": [ 131.392222, 34.096 ] } },
{ "type": "Feature", "properties": { "ID": 3522355722790, "正式名称": "医療法人　うちクリニック", "機関区分": 2, "都道府県コード": 35, "市区町村コード": 203, "所在地": "山口県山口市小郡長谷１－１－２", "緯度": 34.095722, "経度": 131.392361, "url": "https://www.iryou.teikyouseido.mhlw.go.jp/znk-web/juminkanja/S2430/initialize?prefCd=35&kikanCd=2355722790&kikanKbn=2", "url2": null, "内容": "医療法人　うちクリニック【2:診療所】【診療科目:耳鼻いんこう科_頭頸部・耳鼻いんこう科】山口県山口市小郡長谷１－１－２" }, "geometry": { "type": "Point", "coordinates": [ 131.392361, 34.095722 ] } },
{ "type": "Feature", "properties": { "ID": 3522355722820, "正式名称": "多田内科呼吸器科", "機関区分": 2, "都道府県コード": 35, "市区町村コード": 203, "所在地": "山口県山口市泉町８番２１－１号", "緯度": 34.166551, "経度": 131.450957, "url": "https://www.iryou.teikyouseido.mhlw.go.jp/znk-web/juminkanja/S2430/initialize?prefCd=35&kikanCd=2355722820&kikanKbn=2", "url2": "https://tada.clinic-yamaguchi.com", "内容": "多田内科呼吸器科【2:診療所】【診療科目:内科_呼吸器内科_循環器内科】山口県山口市泉町８番２１－１号" }, "geometry": { "type": "Point", "coordinates": [ 131.450957, 34.166551 ] } },
{ "type": "Feature", "properties": { "ID": 3522355722950, "正式名称": "医療法人健伸会おおうちクリニック", "機関区分": 2, "都道府県コード": 35, "市区町村コード": 203, "所在地": "山口県山口市大内千坊五丁目１番７号", "緯度": 34.159056, "経度": 131.490667, "url": "https://www.iryou.teikyouseido.mhlw.go.jp/znk-web/juminkanja/S2430/initialize?prefCd=35&kikanCd=2355722950&kikanKbn=2", "url2": "i-kenshinkai.com", "内容": "医療法人健伸会おおうちクリニック【2:診療所】【診療科目:内科_消化器内科_外科_整形外科_小児科_アレルギー科_リウマチ科_リハビリテーション科】山口県山口市大内千坊五丁目１番７号" }, "geometry": { "type": "Point", "coordinates": [ 131.490667, 34.159056 ] } },
{ "type": "Feature", "properties": { "ID": 3522355723090, "正式名称": "医療法人　小林眼科", "機関区分": 2, "都道府県コード": 35, "市区町村コード": 203, "所在地": "山口県山口市白石２丁目６ー５２－１", "緯度": 34.174972, "経度": 131.468556, "url": "https://www.iryou.teikyouseido.mhlw.go.jp/znk-web/juminkanja/S2430/initialize?prefCd=35&kikanCd=2355723090&kikanKbn=2", "url2": "https://www.kobayashi-ganka-yamaguchi.com/", "内容": "医療法人　小林眼科【2:診療所】【診療科目:眼科】山口県山口市白石２丁目６ー５２－１" }, "geometry": { "type": "Point", "coordinates": [ 131.468556, 34.174972 ] } },
{ "type": "Feature", "properties": { "ID": 3522355723250, "正式名称": "医療法人　ノムラ泌尿器科整形外科", "機関区分": 2, "都道府県コード": 35, "市区町村コード": 203, "所在地": "山口県山口市青葉台３番３２号", "緯度": 34.202361, "経度": 131.506556, "url": "https://www.iryou.teikyouseido.mhlw.go.jp/znk-web/juminkanja/S2430/initialize?prefCd=35&kikanCd=2355723250&kikanKbn=2", "url2": "https://www.nomura-h-s-clinic.jp/home", "内容": "医療法人　ノムラ泌尿器科整形外科【2:診療所】【診療科目:整形外科_泌尿器科_リウマチ科_リハビリテーション科】山口県山口市青葉台３番３２号" }, "geometry": { "type": "Point", "coordinates": [ 131.506556, 34.202361 ] } },
{ "type": "Feature", "properties": { "ID": 3522355723670, "正式名称": "社会福祉法人青藍会　ハートクリニック南山口", "機関区分": 2, "都道府県コード": 35, "市区町村コード": 203, "所在地": "山口県山口市深溝８０３－１", "緯度": 34.0515, "経度": 131.367194, "url": "https://www.iryou.teikyouseido.mhlw.go.jp/znk-web/juminkanja/S2430/initialize?prefCd=35&kikanCd=2355723670&kikanKbn=2", "url2": "https://seirankaigroup-heartclinic.com/", "内容": "社会福祉法人青藍会　ハートクリニック南山口【2:診療所】【診療科目:内科_循環器内科_脳神経外科_整形外科_形成外科_眼科_耳鼻科_皮膚科_リハビリテーション科】山口県山口市深溝８０３－１" }, "geometry": { "type": "Point", "coordinates": [ 131.367194, 34.0515 ] } },
{ "type": "Feature", "properties": { "ID": 3522355723700, "正式名称": "医療法人社団　たはらクリニック", "機関区分": 2, "都道府県コード": 35, "市区町村コード": 203, "所在地": "山口県山口市後河原４７", "緯度": 34.185167, "経度": 131.476306, "url": "https://www.iryou.teikyouseido.mhlw.go.jp/znk-web/juminkanja/S2430/initialize?prefCd=35&kikanCd=2355723700&kikanKbn=2", "url2": "taharaclinic.com", "内容": "医療法人社団　たはらクリニック【2:診療所】【診療科目:内科_小児科_アレルギー科】山口県山口市後河原４７" }, "geometry": { "type": "Point", "coordinates": [ 131.476306, 34.185167 ] } },
{ "type": "Feature", "properties": { "ID": 3522355723960, "正式名称": "並木通り　ゆうクリニック", "機関区分": 2, "都道府県コード": 35, "市区町村コード": 203, "所在地": "山口県山口市中央２－６－１８　前田ビル", "緯度": 34.177722, "経度": 131.474833, "url": "https://www.iryou.teikyouseido.mhlw.go.jp/znk-web/juminkanja/S2430/initialize?prefCd=35&kikanCd=2355723960&kikanKbn=2", "url2": "https://www.mizunoki.jp/institution/yuuclinic.html", "内容": "並木通り　ゆうクリニック【2:診療所】【診療科目:精神科_心療内科】山口県山口市中央２－６－１８　前田ビル" }, "geometry": { "type": "Point", "coordinates": [ 131.474833, 34.177722 ] } },
{ "type": "Feature", "properties": { "ID": 3522355724000, "正式名称": "医療法人社団太平会　クボクリニック", "機関区分": 2, "都道府県コード": 35, "市区町村コード": 203, "所在地": "山口県山口市鰐石町６－３５　松田ビル２Ｆ", "緯度": 34.169861, "経度": 131.476917, "url": "https://www.iryou.teikyouseido.mhlw.go.jp/znk-web/juminkanja/S2430/initialize?prefCd=35&kikanCd=2355724000&kikanKbn=2", "url2": null, "内容": "医療法人社団太平会　クボクリニック【2:診療所】【診療科目:神経内科_精神科_心療内科】山口県山口市鰐石町６－３５　松田ビル２Ｆ" }, "geometry": { "type": "Point", "coordinates": [ 131.476917, 34.169861 ] } },
{ "type": "Feature", "properties": { "ID": 3522355724260, "正式名称": "医療法人かく脳神経外科クリニック", "機関区分": 2, "都道府県コード": 35, "市区町村コード": 203, "所在地": "山口県山口市泉町８番１７号", "緯度": 34.166861, "経度": 131.450722, "url": "https://www.iryou.teikyouseido.mhlw.go.jp/znk-web/juminkanja/S2430/initialize?prefCd=35&kikanCd=2355724260&kikanKbn=2", "url2": "https://www.kaku-neurosurgery.com", "内容": "医療法人かく脳神経外科クリニック【2:診療所】【診療科目:脳神経内科_脳神経外科】山口県山口市泉町８番１７号" }, "geometry": { "type": "Point", "coordinates": [ 131.450722, 34.166861 ] } },
{ "type": "Feature", "properties": { "ID": 3522355724390, "正式名称": "医療法人　近藤こどもクリニック", "機関区分": 2, "都道府県コード": 35, "市区町村コード": 203, "所在地": "山口県山口市幸町３－４９－２", "緯度": 34.157611, "経度": 131.449972, "url": "https://www.iryou.teikyouseido.mhlw.go.jp/znk-web/juminkanja/S2430/initialize?prefCd=35&kikanCd=2355724390&kikanKbn=2", "url2": "https://kondo-kodomo-clinic.com", "内容": "医療法人　近藤こどもクリニック【2:診療所】【診療科目:小児科】山口県山口市幸町３－４９－２" }, "geometry": { "type": "Point", "coordinates": [ 131.449972, 34.157611 ] } },
{ "type": "Feature", "properties": { "ID": 3522355724550, "正式名称": "医療法人たむら内科医院", "機関区分": 2, "都道府県コード": 35, "市区町村コード": 203, "所在地": "山口県山口市大内長野８０５－５", "緯度": 34.159361, "経度": 131.515333, "url": "https://www.iryou.teikyouseido.mhlw.go.jp/znk-web/juminkanja/S2430/initialize?prefCd=35&kikanCd=2355724550&kikanKbn=2", "url2": "http://www.tamura-clinic.org/", "内容": "医療法人たむら内科医院【2:診療所】【診療科目:内科_呼吸器内科_循環器内科】山口県山口市大内長野８０５－５" }, "geometry": { "type": "Point", "coordinates": [ 131.515333, 34.159361 ] } },
{ "type": "Feature", "properties": { "ID": 3522355724680, "正式名称": "ハートこどもクリニック新山口", "機関区分": 2, "都道府県コード": 35, "市区町村コード": 203, "所在地": "山口県山口市小郡平成町１－１８", "緯度": 34.087806, "経度": 131.400389, "url": "https://www.iryou.teikyouseido.mhlw.go.jp/znk-web/juminkanja/S2430/initialize?prefCd=35&kikanCd=2355724680&kikanKbn=2", "url2": "https://www.heart-kodomo-clinic.jp/", "内容": "ハートこどもクリニック新山口【2:診療所】【診療科目:内科_小児科_精神科_アレルギー科_リハビリテーション科】山口県山口市小郡平成町１－１８" }, "geometry": { "type": "Point", "coordinates": [ 131.400389, 34.087806 ] } },
{ "type": "Feature", "properties": { "ID": 3522355724710, "正式名称": "医療法人　社団　えさき内科クリニック", "機関区分": 2, "都道府県コード": 35, "市区町村コード": 203, "所在地": "山口県山口市維新公園１丁目３－２５", "緯度": 34.16025, "経度": 131.437583, "url": "https://www.iryou.teikyouseido.mhlw.go.jp/znk-web/juminkanja/S2430/initialize?prefCd=35&kikanCd=2355724710&kikanKbn=2", "url2": null, "内容": "医療法人　社団　えさき内科クリニック【2:診療所】【診療科目:内科_消化器内科】山口県山口市維新公園１丁目３－２５" }, "geometry": { "type": "Point", "coordinates": [ 131.437583, 34.16025 ] } },
{ "type": "Feature", "properties": { "ID": 3522355724840, "正式名称": "医療法人なりしげ循環器内科", "機関区分": 2, "都道府県コード": 35, "市区町村コード": 203, "所在地": "山口県山口市矢原１１８１－３", "緯度": 34.152528, "経度": 131.443111, "url": "https://www.iryou.teikyouseido.mhlw.go.jp/znk-web/juminkanja/S2430/initialize?prefCd=35&kikanCd=2355724840&kikanKbn=2", "url2": "narishige-naika.com", "内容": "医療法人なりしげ循環器内科【2:診療所】【診療科目:内科_循環器内科】山口県山口市矢原１１８１－３" }, "geometry": { "type": "Point", "coordinates": [ 131.443111, 34.152528 ] } },
{ "type": "Feature", "properties": { "ID": 3522355725140, "正式名称": "三の宮ふくだクリニック", "機関区分": 2, "都道府県コード": 35, "市区町村コード": 203, "所在地": "山口県山口市三の宮１－２－３７　アセント３　１Ｆ", "緯度": 34.186611, "経度": 131.489722, "url": "https://www.iryou.teikyouseido.mhlw.go.jp/znk-web/juminkanja/S2430/initialize?prefCd=35&kikanCd=2355725140&kikanKbn=2", "url2": "http://www.c-able.ne.jp/~sf-clin/", "内容": "三の宮ふくだクリニック【2:診療所】【診療科目:内科_外科_乳腺外科_麻酔科】山口県山口市三の宮１－２－３７　アセント３　１Ｆ" }, "geometry": { "type": "Point", "coordinates": [ 131.489722, 34.186611 ] } },
{ "type": "Feature", "properties": { "ID": 3522355725980, "正式名称": "山口市休日・夜間急病診療所", "機関区分": 2, "都道府県コード": 35, "市区町村コード": 203, "所在地": "山口県山口市糸米２－６－６", "緯度": 34.175443, "経度": 131.46057, "url": "https://www.iryou.teikyouseido.mhlw.go.jp/znk-web/juminkanja/S2430/initialize?prefCd=35&kikanCd=2355725980&kikanKbn=2", "url2": "https://www.city.yamaguchi.lg.jp/map/7307.html", "内容": "山口市休日・夜間急病診療所【2:診療所】【診療科目:内科_外科_歯科】山口県山口市糸米２－６－６" }, "geometry": { "type": "Point", "coordinates": [ 131.46057, 34.175443 ] } },
{ "type": "Feature", "properties": { "ID": 3522355726280, "正式名称": "医療法人浩然会　耳鼻咽喉科かめやまクリニック", "機関区分": 2, "都道府県コード": 35, "市区町村コード": 203, "所在地": "山口県山口市亀山町　５－８", "緯度": 34.179194, "経度": 131.471889, "url": "https://www.iryou.teikyouseido.mhlw.go.jp/znk-web/juminkanja/S2430/initialize?prefCd=35&kikanCd=2355726280&kikanKbn=2", "url2": "http://www.kameyama-cl.com/", "内容": "医療法人浩然会　耳鼻咽喉科かめやまクリニック【2:診療所】【診療科目:アレルギー疾患内科_耳鼻いんこう科_アレルギー科】山口県山口市亀山町　５－８" }, "geometry": { "type": "Point", "coordinates": [ 131.471889, 34.179194 ] } },
{ "type": "Feature", "properties": { "ID": 3522355726570, "正式名称": "あゆかわこどもクリニック", "機関区分": 2, "都道府県コード": 35, "市区町村コード": 203, "所在地": "山口県山口市平井１４３９－１５", "緯度": 34.145222, "経度": 131.45875, "url": "https://www.iryou.teikyouseido.mhlw.go.jp/znk-web/juminkanja/S2430/initialize?prefCd=35&kikanCd=2355726570&kikanKbn=2", "url2": "ayukawa-clinic.com", "内容": "あゆかわこどもクリニック【2:診療所】【診療科目:小児科_アレルギー科】山口県山口市平井１４３９－１５" }, "geometry": { "type": "Point", "coordinates": [ 131.45875, 34.145222 ] } },
{ "type": "Feature", "properties": { "ID": 3522355726600, "正式名称": "医療法人社団野瀬内科小児科", "機関区分": 2, "都道府県コード": 35, "市区町村コード": 203, "所在地": "山口県山口市大内長野１５６９－１", "緯度": 34.163583, "経度": 131.515167, "url": "https://www.iryou.teikyouseido.mhlw.go.jp/znk-web/juminkanja/S2430/initialize?prefCd=35&kikanCd=2355726600&kikanKbn=2", "url2": "https://nosenaikasyounika.jp/", "内容": "医療法人社団野瀬内科小児科【2:診療所】【診療科目:内科_循環器内科_小児科】山口県山口市大内長野１５６９－１" }, "geometry": { "type": "Point", "coordinates": [ 131.515167, 34.163583 ] } },
{ "type": "Feature", "properties": { "ID": 3522355726730, "正式名称": "山口市串診療所", "機関区分": 2, "都道府県コード": 35, "市区町村コード": 203, "所在地": "山口県山口市徳地鯖河内１６２９－１", "緯度": 34.196778, "経度": 131.729861, "url": "https://www.iryou.teikyouseido.mhlw.go.jp/znk-web/juminkanja/S2430/initialize?prefCd=35&kikanCd=2355726730&kikanKbn=2", "url2": "http://tokudi.jadecom.or.jp/", "内容": "山口市串診療所【2:診療所】【診療科目:内科】山口県山口市徳地鯖河内１６２９－１" }, "geometry": { "type": "Point", "coordinates": [ 131.729861, 34.196778 ] } },
{ "type": "Feature", "properties": { "ID": 3522355727290, "正式名称": "耳鼻咽喉科ニコニコじびか", "機関区分": 2, "都道府県コード": 35, "市区町村コード": 203, "所在地": "山口県山口市大内長野１５６９－１", "緯度": 34.163222, "経度": 131.515167, "url": "https://www.iryou.teikyouseido.mhlw.go.jp/znk-web/juminkanja/S2430/initialize?prefCd=35&kikanCd=2355727290&kikanKbn=2", "url2": null, "内容": "耳鼻咽喉科ニコニコじびか【2:診療所】【診療科目:耳鼻いんこう科】山口県山口市大内長野１５６９－１" }, "geometry": { "type": "Point", "coordinates": [ 131.515167, 34.163222 ] } },
{ "type": "Feature", "properties": { "ID": 3522355727320, "正式名称": "まるおストレスケアクリニック", "機関区分": 2, "都道府県コード": 35, "市区町村コード": 203, "所在地": "山口県山口市矢原町２番１６号", "緯度": 34.157194, "経度": 131.453611, "url": "https://www.iryou.teikyouseido.mhlw.go.jp/znk-web/juminkanja/S2430/initialize?prefCd=35&kikanCd=2355727320&kikanKbn=2", "url2": "http://www.tm-clinic.com", "内容": "まるおストレスケアクリニック【2:診療所】【診療科目:精神科_心療内科】山口県山口市矢原町２番１６号" }, "geometry": { "type": "Point", "coordinates": [ 131.453611, 34.157194 ] } },
{ "type": "Feature", "properties": { "ID": 3522355727610, "正式名称": "坂本耳鼻咽喉科医院", "機関区分": 2, "都道府県コード": 35, "市区町村コード": 203, "所在地": "山口県山口市道場門前２丁目４－１３", "緯度": 34.175917, "経度": 131.477111, "url": "https://www.iryou.teikyouseido.mhlw.go.jp/znk-web/juminkanja/S2430/initialize?prefCd=35&kikanCd=2355727610&kikanKbn=2", "url2": "https://www.sakamoto-jibika.com", "内容": "坂本耳鼻咽喉科医院【2:診療所】【診療科目:耳鼻いんこう科】山口県山口市道場門前２丁目４－１３" }, "geometry": { "type": "Point", "coordinates": [ 131.477111, 34.175917 ] } },
{ "type": "Feature", "properties": { "ID": 3522355727900, "正式名称": "よしまつ医院", "機関区分": 2, "都道府県コード": 35, "市区町村コード": 203, "所在地": "山口県山口市秋穂二島５７８９－１", "緯度": 34.035361, "経度": 131.426417, "url": "https://www.iryou.teikyouseido.mhlw.go.jp/znk-web/juminkanja/S2430/initialize?prefCd=35&kikanCd=2355727900&kikanKbn=2", "url2": null, "内容": "よしまつ医院【2:診療所】【診療科目:内科_呼吸器内科_消化器内科_小児科】山口県山口市秋穂二島５７８９－１" }, "geometry": { "type": "Point", "coordinates": [ 131.426417, 34.035361 ] } },
{ "type": "Feature", "properties": { "ID": 3522355728170, "正式名称": "小野医院", "機関区分": 2, "都道府県コード": 35, "市区町村コード": 203, "所在地": "山口県山口市秋穂東１２５５－１", "緯度": 34.027667, "経度": 131.463389, "url": "https://www.iryou.teikyouseido.mhlw.go.jp/znk-web/juminkanja/S2430/initialize?prefCd=35&kikanCd=2355728170&kikanKbn=2", "url2": null, "内容": "小野医院【2:診療所】【診療科目:内科】山口県山口市秋穂東１２５５－１" }, "geometry": { "type": "Point", "coordinates": [ 131.463389, 34.027667 ] } },
{ "type": "Feature", "properties": { "ID": 3522355728460, "正式名称": "せぐち皮ふ科クリニック", "機関区分": 2, "都道府県コード": 35, "市区町村コード": 203, "所在地": "山口県山口市平井１４２０－８", "緯度": 34.145389, "経度": 131.458944, "url": "https://www.iryou.teikyouseido.mhlw.go.jp/znk-web/juminkanja/S2430/initialize?prefCd=35&kikanCd=2355728460&kikanKbn=2", "url2": "https://www.seguchi-hifuka.com", "内容": "せぐち皮ふ科クリニック【2:診療所】【診療科目:形成外科_皮膚科_アレルギー科】山口県山口市平井１４２０－８" }, "geometry": { "type": "Point", "coordinates": [ 131.458944, 34.145389 ] } },
{ "type": "Feature", "properties": { "ID": 3522355728620, "正式名称": "ひろなか内科循環器科", "機関区分": 2, "都道府県コード": 35, "市区町村コード": 203, "所在地": "山口県山口市阿知須４５１６－１", "緯度": 34.008632, "経度": 131.353738, "url": "https://www.iryou.teikyouseido.mhlw.go.jp/znk-web/juminkanja/S2430/initialize?prefCd=35&kikanCd=2355728620&kikanKbn=2", "url2": null, "内容": "ひろなか内科循環器科【2:診療所】【診療科目:内科_循環器内科】山口県山口市阿知須４５１６－１" }, "geometry": { "type": "Point", "coordinates": [ 131.353738, 34.008632 ] } },
{ "type": "Feature", "properties": { "ID": 3522355728750, "正式名称": "医療法人社団浩仁会新山口こうのとりクリニック", "機関区分": 2, "都道府県コード": 35, "市区町村コード": 203, "所在地": "山口県山口市小郡花園町１番９号", "緯度": 34.15675, "経度": 131.45275, "url": "https://www.iryou.teikyouseido.mhlw.go.jp/znk-web/juminkanja/S2430/initialize?prefCd=35&kikanCd=2355728750&kikanKbn=2", "url2": "shinyama-kounotori.jp", "内容": "医療法人社団浩仁会新山口こうのとりクリニック【2:診療所】【診療科目:産婦人科（生殖医療）】山口県山口市小郡花園町１番９号" }, "geometry": { "type": "Point", "coordinates": [ 131.45275, 34.15675 ] } },
{ "type": "Feature", "properties": { "ID": 3522355728910, "正式名称": "医療法人社団　やまがた循環器内科クリニック", "機関区分": 2, "都道府県コード": 35, "市区町村コード": 203, "所在地": "山口県山口市大内千坊４丁目１５番１９号", "緯度": 34.144583, "経度": 131.488778, "url": "https://www.iryou.teikyouseido.mhlw.go.jp/znk-web/juminkanja/S2430/initialize?prefCd=35&kikanCd=2355728910&kikanKbn=2", "url2": null, "内容": "医療法人社団　やまがた循環器内科クリニック【2:診療所】【診療科目:内科_循環器内科】山口県山口市大内千坊４丁目１５番１９号" }, "geometry": { "type": "Point", "coordinates": [ 131.488778, 34.144583 ] } },
{ "type": "Feature", "properties": { "ID": 3522355729050, "正式名称": "かしだ産婦人科クリニック", "機関区分": 2, "都道府県コード": 35, "市区町村コード": 203, "所在地": "山口県山口市宮島町１１－２", "緯度": 34.166278, "経度": 131.483694, "url": "https://www.iryou.teikyouseido.mhlw.go.jp/znk-web/juminkanja/S2430/initialize?prefCd=35&kikanCd=2355729050&kikanKbn=2", "url2": null, "内容": "かしだ産婦人科クリニック【2:診療所】【診療科目:産婦人科】山口県山口市宮島町１１－２" }, "geometry": { "type": "Point", "coordinates": [ 131.483694, 34.166278 ] } },
{ "type": "Feature", "properties": { "ID": 3522355729340, "正式名称": "いちょうの木クリニック", "機関区分": 2, "都道府県コード": 35, "市区町村コード": 203, "所在地": "山口県山口市小郡船倉町１－１３", "緯度": 34.094472, "経度": 131.403861, "url": "https://www.iryou.teikyouseido.mhlw.go.jp/znk-web/juminkanja/S2430/initialize?prefCd=35&kikanCd=2355729340&kikanKbn=2", "url2": "http://www.ichounokiclinic.com/", "内容": "いちょうの木クリニック【2:診療所】【診療科目:内科_消化器内科_内視鏡内科_放射線科】山口県山口市小郡船倉町１－１３" }, "geometry": { "type": "Point", "coordinates": [ 131.403861, 34.094472 ] } },
{ "type": "Feature", "properties": { "ID": 3522355729470, "正式名称": "ねごろ神経内科クリニック", "機関区分": 2, "都道府県コード": 35, "市区町村コード": 203, "所在地": "山口県山口市小郡下郷　３２０番１", "緯度": 34.108111, "経度": 131.397972, "url": "https://www.iryou.teikyouseido.mhlw.go.jp/znk-web/juminkanja/S2430/initialize?prefCd=35&kikanCd=2355729470&kikanKbn=2", "url2": "http://www.negoro-neuro.jp/", "内容": "ねごろ神経内科クリニック【2:診療所】【診療科目:内科_神経内科】山口県山口市小郡下郷　３２０番１" }, "geometry": { "type": "Point", "coordinates": [ 131.397972, 34.108111 ] } },
{ "type": "Feature", "properties": { "ID": 3522355729630, "正式名称": "手山産婦人科", "機関区分": 2, "都道府県コード": 35, "市区町村コード": 206, "所在地": "山口県防府市栄町１－８－７", "緯度": 34.055583, "経度": 131.570806, "url": "https://www.iryou.teikyouseido.mhlw.go.jp/znk-web/juminkanja/S2430/initialize?prefCd=35&kikanCd=2355729630&kikanKbn=2", "url2": "http://park15.wakwak.com/~teyama/", "内容": "手山産婦人科【2:診療所】【診療科目:産婦人科】山口県防府市栄町１－８－７" }, "geometry": { "type": "Point", "coordinates": [ 131.570806, 34.055583 ] } },
{ "type": "Feature", "properties": { "ID": 3522355729760, "正式名称": "医療法人あだち眼科", "機関区分": 2, "都道府県コード": 35, "市区町村コード": 203, "所在地": "山口県山口市小郡明治１丁目１３番１３号", "緯度": 34.0975, "経度": 131.396139, "url": "https://www.iryou.teikyouseido.mhlw.go.jp/znk-web/juminkanja/S2430/initialize?prefCd=35&kikanCd=2355729760&kikanKbn=2", "url2": "http://www.adachiganka.jp", "内容": "医療法人あだち眼科【2:診療所】【診療科目:眼科】山口県山口市小郡明治１丁目１３番１３号" }, "geometry": { "type": "Point", "coordinates": [ 131.396139, 34.0975 ] } },
{ "type": "Feature", "properties": { "ID": 3522355729890, "正式名称": "ざいつ内科クリニック", "機関区分": 2, "都道府県コード": 35, "市区町村コード": 203, "所在地": "山口県山口市小郡明治１‐１３‐１４", "緯度": 34.098194, "経度": 131.396583, "url": "https://www.iryou.teikyouseido.mhlw.go.jp/znk-web/juminkanja/S2430/initialize?prefCd=35&kikanCd=2355729890&kikanKbn=2", "url2": "https://www.zaitsu-naika.com/", "内容": "ざいつ内科クリニック【2:診療所】【診療科目:内科_血液・腫瘍内科_血液内科_糖尿病内科_アレルギー科_リウマチ科】山口県山口市小郡明治１‐１３‐１４" }, "geometry": { "type": "Point", "coordinates": [ 131.396583, 34.098194 ] } },
{ "type": "Feature", "properties": { "ID": 3522355730580, "正式名称": "サンタキッズ＆ファミリークリニック", "機関区分": 2, "都道府県コード": 35, "市区町村コード": 206, "所在地": "山口県防府市新田１－１－１", "緯度": 34.038333, "経度": 131.567167, "url": "https://www.iryou.teikyouseido.mhlw.go.jp/znk-web/juminkanja/S2430/initialize?prefCd=35&kikanCd=2355730580&kikanKbn=2", "url2": "http://www.santa-clinic.com/", "内容": "サンタキッズ＆ファミリークリニック【2:診療所】【診療科目:内科_漢方内科_小児科_アレルギー科】山口県防府市新田１－１－１" }, "geometry": { "type": "Point", "coordinates": [ 131.567167, 34.038333 ] } },
{ "type": "Feature", "properties": { "ID": 3522355730610, "正式名称": "医療法人　彦星会　ふなつ眼科　防府分院　かわもと眼科", "機関区分": 2, "都道府県コード": 35, "市区町村コード": 206, "所在地": "山口県防府市駅南町８番３８号", "緯度": 34.051361, "経度": 131.565361, "url": "https://www.iryou.teikyouseido.mhlw.go.jp/znk-web/juminkanja/S2430/initialize?prefCd=35&kikanCd=2355730610&kikanKbn=2", "url2": "www.kawamoto-ganka.jp", "内容": "医療法人　彦星会　ふなつ眼科　防府分院　かわもと眼科【2:診療所】【診療科目:眼科】山口県防府市駅南町８番３８号" }, "geometry": { "type": "Point", "coordinates": [ 131.565361, 34.051361 ] } },
{ "type": "Feature", "properties": { "ID": 3522355731750, "正式名称": "清水内科医院", "機関区分": 2, "都道府県コード": 35, "市区町村コード": 203, "所在地": "山口県山口市春日町２－２", "緯度": 34.180556, "経度": 131.471389, "url": "https://www.iryou.teikyouseido.mhlw.go.jp/znk-web/juminkanja/S2430/initialize?prefCd=35&kikanCd=2355731750&kikanKbn=2", "url2": "https://shimizu-cl.net/", "内容": "清水内科医院【2:診療所】【診療科目:内科_糖尿病内科】山口県山口市春日町２－２" }, "geometry": { "type": "Point", "coordinates": [ 131.471389, 34.180556 ] } },
{ "type": "Feature", "properties": { "ID": 3522355731880, "正式名称": "医療法人いたる会　山口嘉川クリニック", "機関区分": 2, "都道府県コード": 35, "市区町村コード": 203, "所在地": "山口県山口市嘉川１３６０－３", "緯度": 34.077111, "経度": 131.380333, "url": "https://www.iryou.teikyouseido.mhlw.go.jp/znk-web/juminkanja/S2430/initialize?prefCd=35&kikanCd=2355731880&kikanKbn=2", "url2": "www.y-kagawa-clinic.jp", "内容": "医療法人いたる会　山口嘉川クリニック【2:診療所】【診療科目:内科_アレルギー科_リウマチ科】山口県山口市嘉川１３６０－３" }, "geometry": { "type": "Point", "coordinates": [ 131.380333, 34.077111 ] } },
{ "type": "Feature", "properties": { "ID": 3522355732210, "正式名称": "医療法人　とよた整形外科クリニック", "機関区分": 2, "都道府県コード": 35, "市区町村コード": 203, "所在地": "山口県山口市大内千坊四丁目１５番２３号", "緯度": 34.152278, "経度": 131.490583, "url": "https://www.iryou.teikyouseido.mhlw.go.jp/znk-web/juminkanja/S2430/initialize?prefCd=35&kikanCd=2355732210&kikanKbn=2", "url2": "www.toyotaorthopedicclinic.jp/", "内容": "医療法人　とよた整形外科クリニック【2:診療所】【診療科目:整形外科_リウマチ科_リハビリテーション科】山口県山口市大内千坊四丁目１５番２３号" }, "geometry": { "type": "Point", "coordinates": [ 131.490583, 34.152278 ] } },
{ "type": "Feature", "properties": { "ID": 3522355732340, "正式名称": "すえなが内科在宅診療所", "機関区分": 2, "都道府県コード": 35, "市区町村コード": 203, "所在地": "山口県山口市鰐石町１－１２", "緯度": 34.17075, "経度": 131.478194, "url": "https://www.iryou.teikyouseido.mhlw.go.jp/znk-web/juminkanja/S2430/initialize?prefCd=35&kikanCd=2355732340&kikanKbn=2", "url2": "http//www8.ocn.ne.jp/~zaitaku", "内容": "すえなが内科在宅診療所【2:診療所】【診療科目:内科_緩和ケア内科】山口県山口市鰐石町１－１２" }, "geometry": { "type": "Point", "coordinates": [ 131.478194, 34.17075 ] } },
{ "type": "Feature", "properties": { "ID": 3522355732630, "正式名称": "よしき眼科クリニック", "機関区分": 2, "都道府県コード": 35, "市区町村コード": 203, "所在地": "山口県山口市吉敷中東三丁目１７－２２", "緯度": 34.16575, "経度": 131.438556, "url": "https://www.iryou.teikyouseido.mhlw.go.jp/znk-web/juminkanja/S2430/initialize?prefCd=35&kikanCd=2355732630&kikanKbn=2", "url2": "https://yoshiki-eye.com/", "内容": "よしき眼科クリニック【2:診療所】【診療科目:眼科】山口県山口市吉敷中東三丁目１７－２２" }, "geometry": { "type": "Point", "coordinates": [ 131.438556, 34.16575 ] } },
{ "type": "Feature", "properties": { "ID": 3522355732760, "正式名称": "医療法人おざさ皮ふ科クリニック", "機関区分": 2, "都道府県コード": 35, "市区町村コード": 203, "所在地": "山口県山口市大内千坊四丁目１６番３号", "緯度": 34.152583, "経度": 131.490139, "url": "https://www.iryou.teikyouseido.mhlw.go.jp/znk-web/juminkanja/S2430/initialize?prefCd=35&kikanCd=2355732760&kikanKbn=2", "url2": "ozasa-hifuka.com/", "内容": "医療法人おざさ皮ふ科クリニック【2:診療所】【診療科目:皮膚科】山口県山口市大内千坊四丁目１６番３号" }, "geometry": { "type": "Point", "coordinates": [ 131.490139, 34.152583 ] } },
{ "type": "Feature", "properties": { "ID": 3522355734810, "正式名称": "レディースクリニック　くまがい", "機関区分": 2, "都道府県コード": 35, "市区町村コード": 203, "所在地": "山口県山口市後河原８３", "緯度": 34.183639, "経度": 131.477667, "url": "https://www.iryou.teikyouseido.mhlw.go.jp/znk-web/juminkanja/S2430/initialize?prefCd=35&kikanCd=2355734810&kikanKbn=2", "url2": "http://www.lckumagai.com", "内容": "レディースクリニック　くまがい【2:診療所】【診療科目:産婦人科】山口県山口市後河原８３" }, "geometry": { "type": "Point", "coordinates": [ 131.477667, 34.183639 ] } },
{ "type": "Feature", "properties": { "ID": 3522355735110, "正式名称": "医療法人　ひまわり耳鼻咽喉科クリニック", "機関区分": 2, "都道府県コード": 35, "市区町村コード": 203, "所在地": "山口県山口市幸町３－４９－１", "緯度": 34.1575, "経度": 131.450111, "url": "https://www.iryou.teikyouseido.mhlw.go.jp/znk-web/juminkanja/S2430/initialize?prefCd=35&kikanCd=2355735110&kikanKbn=2", "url2": "http://www.himawari-ent.com", "内容": "医療法人　ひまわり耳鼻咽喉科クリニック【2:診療所】【診療科目:耳鼻いんこう科_アレルギー科】山口県山口市幸町３－４９－１" }, "geometry": { "type": "Point", "coordinates": [ 131.450111, 34.1575 ] } },
{ "type": "Feature", "properties": { "ID": 3522355736380, "正式名称": "医療法人　光恵会　光山医院山口", "機関区分": 2, "都道府県コード": 35, "市区町村コード": 203, "所在地": "山口県山口市矢原町７－１８", "緯度": 34.156583, "経度": 131.452639, "url": "https://www.iryou.teikyouseido.mhlw.go.jp/znk-web/juminkanja/S2430/initialize?prefCd=35&kikanCd=2355736380&kikanKbn=2", "url2": "http://www.mitsuyama-c.com", "内容": "医療法人　光恵会　光山医院山口【2:診療所】【診療科目:内科】山口県山口市矢原町７－１８" }, "geometry": { "type": "Point", "coordinates": [ 131.452639, 34.156583 ] } },
{ "type": "Feature", "properties": { "ID": 3522355736960, "正式名称": "三の宮の耳鼻咽喉科", "機関区分": 2, "都道府県コード": 35, "市区町村コード": 203, "所在地": "山口県山口市三の宮２丁目３－２６", "緯度": 34.188528, "経度": 131.493611, "url": "https://www.iryou.teikyouseido.mhlw.go.jp/znk-web/juminkanja/S2430/initialize?prefCd=35&kikanCd=2355736960&kikanKbn=2", "url2": "https://sannomiya-ent.jp", "内容": "三の宮の耳鼻咽喉科【2:診療所】【診療科目:耳鼻いんこう科_アレルギー科】山口県山口市三の宮２丁目３－２６" }, "geometry": { "type": "Point", "coordinates": [ 131.493611, 34.188528 ] } },
{ "type": "Feature", "properties": { "ID": 3522355739020, "正式名称": "とりい脳と女性のクリニック", "機関区分": 2, "都道府県コード": 35, "市区町村コード": 203, "所在地": "山口県山口市大内矢田北６丁目３－２５", "緯度": 34.153694, "経度": 131.511139, "url": "https://www.iryou.teikyouseido.mhlw.go.jp/znk-web/juminkanja/S2430/initialize?prefCd=35&kikanCd=2355739020&kikanKbn=2", "url2": "http://torii-clinic-since2015.com", "内容": "とりい脳と女性のクリニック【2:診療所】【診療科目:脳神経外科_産婦人科】山口県山口市大内矢田北６丁目３－２５" }, "geometry": { "type": "Point", "coordinates": [ 131.511139, 34.153694 ] } },
{ "type": "Feature", "properties": { "ID": 3522355739150, "正式名称": "いがた眼科", "機関区分": 2, "都道府県コード": 35, "市区町村コード": 203, "所在地": "山口県山口市大内御堀一丁目６番１号　大内ビル２階", "緯度": 34.166778, "経度": 131.483472, "url": "https://www.iryou.teikyouseido.mhlw.go.jp/znk-web/juminkanja/S2430/initialize?prefCd=35&kikanCd=2355739150&kikanKbn=2", "url2": null, "内容": "いがた眼科【2:診療所】【診療科目:眼科】山口県山口市大内御堀一丁目６番１号　大内ビル２階" }, "geometry": { "type": "Point", "coordinates": [ 131.483472, 34.166778 ] } },
{ "type": "Feature", "properties": { "ID": 3522355739310, "正式名称": "医療法人　まえば小児科クリニック", "機関区分": 2, "都道府県コード": 35, "市区町村コード": 203, "所在地": "山口県山口市小郡下郷７９７－８　２Ｆ", "緯度": 34.104333, "経度": 131.394556, "url": "https://www.iryou.teikyouseido.mhlw.go.jp/znk-web/juminkanja/S2430/initialize?prefCd=35&kikanCd=2355739310&kikanKbn=2", "url2": "http://maeba-pedia.jp/", "内容": "医療法人　まえば小児科クリニック【2:診療所】【診療科目:小児科_アレルギー科】山口県山口市小郡下郷７９７－８　２Ｆ" }, "geometry": { "type": "Point", "coordinates": [ 131.394556, 34.104333 ] } },
{ "type": "Feature", "properties": { "ID": 3522355742280, "正式名称": "さっか整形外科クリニック", "機関区分": 2, "都道府県コード": 35, "市区町村コード": 203, "所在地": "山口県山口市小郡下郷　２２２０－１", "緯度": 34.097778, "経度": 131.391778, "url": "https://www.iryou.teikyouseido.mhlw.go.jp/znk-web/juminkanja/S2430/initialize?prefCd=35&kikanCd=2355742280&kikanKbn=2", "url2": "http://sakka.clinic-yamaguchi.com", "内容": "さっか整形外科クリニック【2:診療所】【診療科目:整形外科_リウマチ科_リハビリテーション科】山口県山口市小郡下郷　２２２０－１" }, "geometry": { "type": "Point", "coordinates": [ 131.391778, 34.097778 ] } },
{ "type": "Feature", "properties": { "ID": 3522355742570, "正式名称": "医療法人飛孝会大野整形外科リウマチ科", "機関区分": 2, "都道府県コード": 35, "市区町村コード": 203, "所在地": "山口県山口市平井２９７－１", "緯度": 34.157472, "経度": 131.466472, "url": "https://www.iryou.teikyouseido.mhlw.go.jp/znk-web/juminkanja/S2430/initialize?prefCd=35&kikanCd=2355742570&kikanKbn=2", "url2": "http://ohno-seikeiriumachi.jp", "内容": "医療法人飛孝会大野整形外科リウマチ科【2:診療所】【診療科目:整形外科_リウマチ科_リハビリテーション科】山口県山口市平井２９７－１" }, "geometry": { "type": "Point", "coordinates": [ 131.466472, 34.157472 ] } },
{ "type": "Feature", "properties": { "ID": 3522355744040, "正式名称": "あじすこどもクリニック", "機関区分": 2, "都道府県コード": 35, "市区町村コード": 203, "所在地": "山口県山口市阿知須４５１５ー１", "緯度": 34.008083, "経度": 131.354194, "url": "https://www.iryou.teikyouseido.mhlw.go.jp/znk-web/juminkanja/S2430/initialize?prefCd=35&kikanCd=2355744040&kikanKbn=2", "url2": "https://ajisukodomo.clinic-yamaguchi.com", "内容": "あじすこどもクリニック【2:診療所】【診療科目:小児科】山口県山口市阿知須４５１５ー１" }, "geometry": { "type": "Point", "coordinates": [ 131.354194, 34.008083 ] } },
{ "type": "Feature", "properties": { "ID": 3522355745210, "正式名称": "しおみ循環器内科", "機関区分": 2, "都道府県コード": 35, "市区町村コード": 203, "所在地": "山口県山口市下竪小路６５ー１", "緯度": 34.182278, "経度": 131.479278, "url": "https://www.iryou.teikyouseido.mhlw.go.jp/znk-web/juminkanja/S2430/initialize?prefCd=35&kikanCd=2355745210&kikanKbn=2", "url2": "http://shiomicvc.jp/", "内容": "しおみ循環器内科【2:診療所】【診療科目:内科_循環器内科】山口県山口市下竪小路６５ー１" }, "geometry": { "type": "Point", "coordinates": [ 131.479278, 34.182278 ] } },
{ "type": "Feature", "properties": { "ID": 3522355745470, "正式名称": "医療法人健花悠久会かわい腎泌尿器科クリニック", "機関区分": 2, "都道府県コード": 35, "市区町村コード": 206, "所在地": "山口県防府市植松５５９ー１　コスパメディカルビル１Ｆ", "緯度": 34.0485, "経度": 131.538444, "url": "https://www.iryou.teikyouseido.mhlw.go.jp/znk-web/juminkanja/S2430/initialize?prefCd=35&kikanCd=2355745470&kikanKbn=2", "url2": "https://www.kawai-uro.com/", "内容": "医療法人健花悠久会かわい腎泌尿器科クリニック【2:診療所】【診療科目:腎臓・泌尿器科】山口県防府市植松５５９ー１　コスパメディカルビル１Ｆ" }, "geometry": { "type": "Point", "coordinates": [ 131.538444, 34.0485 ] } },
{ "type": "Feature", "properties": { "ID": 3522355745760, "正式名称": "まかたこどもアレルギークリニック", "機関区分": 2, "都道府県コード": 35, "市区町村コード": 203, "所在地": "山口県山口市赤妻町３ー３３ー１", "緯度": 34.168639, "経度": 131.448583, "url": "https://www.iryou.teikyouseido.mhlw.go.jp/znk-web/juminkanja/S2430/initialize?prefCd=35&kikanCd=2355745760&kikanKbn=2", "url2": "https://www.makata.clinic/", "内容": "まかたこどもアレルギークリニック【2:診療所】【診療科目:小児科_アレルギー科】山口県山口市赤妻町３ー３３ー１" }, "geometry": { "type": "Point", "coordinates": [ 131.448583, 34.168639 ] } },
{ "type": "Feature", "properties": { "ID": 3522355747940, "正式名称": "大正通りクリニック", "機関区分": 2, "都道府県コード": 35, "市区町村コード": 203, "所在地": "山口県山口市小郡明治２丁目１番５号", "緯度": 34.097694, "経度": 131.397111, "url": "https://www.iryou.teikyouseido.mhlw.go.jp/znk-web/juminkanja/S2430/initialize?prefCd=35&kikanCd=2355747940&kikanKbn=2", "url2": "http://www.taishoudouri-clinic.com/", "内容": "大正通りクリニック【2:診療所】【診療科目:内科_循環器内科_腎臓内科_人工透析内科】山口県山口市小郡明治２丁目１番５号" }, "geometry": { "type": "Point", "coordinates": [ 131.397111, 34.097694 ] } },
{ "type": "Feature", "properties": { "ID": 3522355748400, "正式名称": "医療法人輝風会　うえだ内科・循環器クリニック", "機関区分": 2, "都道府県コード": 35, "市区町村コード": 206, "所在地": "山口県防府市岸津１－１８－６", "緯度": 34.053806, "経度": 131.596389, "url": "https://www.iryou.teikyouseido.mhlw.go.jp/znk-web/juminkanja/S2430/initialize?prefCd=35&kikanCd=2355748400&kikanKbn=2", "url2": null, "内容": "医療法人輝風会　うえだ内科・循環器クリニック【2:診療所】【診療科目:内科_循環器内科】山口県防府市岸津１－１８－６" }, "geometry": { "type": "Point", "coordinates": [ 131.596389, 34.053806 ] } },
{ "type": "Feature", "properties": { "ID": 3522355750100, "正式名称": "あらい耳鼻咽喉科クリニック", "機関区分": 2, "都道府県コード": 35, "市区町村コード": 206, "所在地": "山口県防府市牟礼今宿１－５－３１", "緯度": 34.05425, "経度": 131.596972, "url": "https://www.iryou.teikyouseido.mhlw.go.jp/znk-web/juminkanja/S2430/initialize?prefCd=35&kikanCd=2355750100&kikanKbn=2", "url2": "https://arai-jbcl.jp", "内容": "あらい耳鼻咽喉科クリニック【2:診療所】【診療科目:耳鼻いんこう科】山口県防府市牟礼今宿１－５－３１" }, "geometry": { "type": "Point", "coordinates": [ 131.596972, 34.05425 ] } },
{ "type": "Feature", "properties": { "ID": 3522355752410, "正式名称": "こぐま診療所", "機関区分": 2, "都道府県コード": 35, "市区町村コード": 203, "所在地": "山口県山口市大内中央２ー５ー１５", "緯度": 34.153417, "経度": 131.49675, "url": "https://www.iryou.teikyouseido.mhlw.go.jp/znk-web/juminkanja/S2430/initialize?prefCd=35&kikanCd=2355752410&kikanKbn=2", "url2": "https://www.koguma-kodomo-clinic.com/", "内容": "こぐま診療所【2:診療所】【診療科目:小児科_アレルギー科】山口県山口市大内中央２ー５ー１５" }, "geometry": { "type": "Point", "coordinates": [ 131.49675, 34.153417 ] } },
{ "type": "Feature", "properties": { "ID": 3522355756610, "正式名称": "小郡第一整形駅前クリニック", "機関区分": 2, "都道府県コード": 35, "市区町村コード": 203, "所在地": "山口県山口市小郡令和一丁目１番２号　山口市産業交流拠点施設メディアフィットラボ３階", "緯度": 34.092556, "経度": 131.393556, "url": "https://www.iryou.teikyouseido.mhlw.go.jp/znk-web/juminkanja/S2430/initialize?prefCd=35&kikanCd=2355756610&kikanKbn=2", "url2": "http://www.ogoridaiichi.jp/clinic/", "内容": "小郡第一整形駅前クリニック【2:診療所】【診療科目:整形外科_リハビリテーション科】山口県山口市小郡令和一丁目１番２号　山口市産業交流拠点施設メディアフィットラボ３階" }, "geometry": { "type": "Point", "coordinates": [ 131.393556, 34.092556 ] } },
{ "type": "Feature", "properties": { "ID": 3522355758050, "正式名称": "もみの木皮ふ科クリニック", "機関区分": 2, "都道府県コード": 35, "市区町村コード": 203, "所在地": "山口県山口市小郡津市２番１８号", "緯度": 34.102778, "経度": 131.39475, "url": "https://www.iryou.teikyouseido.mhlw.go.jp/znk-web/juminkanja/S2430/initialize?prefCd=35&kikanCd=2355758050&kikanKbn=2", "url2": "https://mominoki-hifuka.com", "内容": "もみの木皮ふ科クリニック【2:診療所】【診療科目:皮膚科_美容皮膚科】山口県山口市小郡津市２番１８号" }, "geometry": { "type": "Point", "coordinates": [ 131.39475, 34.102778 ] } },
{ "type": "Feature", "properties": { "ID": 3522355760170, "正式名称": "ライフクリニック", "機関区分": 2, "都道府県コード": 35, "市区町村コード": 206, "所在地": "山口県防府市上右田３３６－１", "緯度": 34.095056, "経度": 131.580444, "url": "https://www.iryou.teikyouseido.mhlw.go.jp/znk-web/juminkanja/S2430/initialize?prefCd=35&kikanCd=2355760170&kikanKbn=2", "url2": "http://life-care-takasago.jp/clinic/", "内容": "ライフクリニック【2:診療所】【診療科目:内科_外科_小児科】山口県防府市上右田３３６－１" }, "geometry": { "type": "Point", "coordinates": [ 131.580444, 34.095056 ] } },
{ "type": "Feature", "properties": { "ID": 3522355762190, "正式名称": "山口市徳地診療所", "機関区分": 2, "都道府県コード": 35, "市区町村コード": 203, "所在地": "山口県山口市徳地堀１５６１番地１", "緯度": 34.190667, "経度": 131.660639, "url": "https://www.iryou.teikyouseido.mhlw.go.jp/znk-web/juminkanja/S2430/initialize?prefCd=35&kikanCd=2355762190&kikanKbn=2", "url2": "http://tokudi.jadecom.or.jp/", "内容": "山口市徳地診療所【2:診療所】【診療科目:内科】山口県山口市徳地堀１５６１番地１" }, "geometry": { "type": "Point", "coordinates": [ 131.660639, 34.190667 ] } },
{ "type": "Feature", "properties": { "ID": 3522355762220, "正式名称": "くにちか内科　循環器・呼吸器クリニック", "機関区分": 2, "都道府県コード": 35, "市区町村コード": 203, "所在地": "山口県山口市駅通り２丁目２－２１", "緯度": 34.174778, "経度": 131.478694, "url": "https://www.iryou.teikyouseido.mhlw.go.jp/znk-web/juminkanja/S2430/initialize?prefCd=35&kikanCd=2355762220&kikanKbn=2", "url2": "https://kunichika.jp", "内容": "くにちか内科　循環器・呼吸器クリニック【2:診療所】【診療科目:内科_呼吸器内科_循環器内科】山口県山口市駅通り２丁目２－２１" }, "geometry": { "type": "Point", "coordinates": [ 131.478694, 34.174778 ] } },
{ "type": "Feature", "properties": { "ID": 3522355764080, "正式名称": "さいとうクリニック", "機関区分": 2, "都道府県コード": 35, "市区町村コード": 203, "所在地": "山口県山口市黒川１０３１－１", "緯度": 34.138577, "経度": 131.450988, "url": "https://www.iryou.teikyouseido.mhlw.go.jp/znk-web/juminkanja/S2430/initialize?prefCd=35&kikanCd=2355764080&kikanKbn=2", "url2": null, "内容": "さいとうクリニック【2:診療所】【診療科目:内科_消化器内科】山口県山口市黒川１０３１－１" }, "geometry": { "type": "Point", "coordinates": [ 131.450988, 34.138577 ] } },
{ "type": "Feature", "properties": { "ID": 3522355764820, "正式名称": "エミナルクリニック山口院", "機関区分": 2, "都道府県コード": 35, "市区町村コード": 203, "所在地": "山口県山口市小郡明治", "緯度": 34.09571, "経度": 131.39417, "url": "https://www.iryou.teikyouseido.mhlw.go.jp/znk-web/juminkanja/S2430/initialize?prefCd=35&kikanCd=2355764820&kikanKbn=2", "url2": null, "内容": "エミナルクリニック山口院【2:診療所】【診療科目:美容皮膚科】山口県山口市小郡明治" }, "geometry": { "type": "Point", "coordinates": [ 131.39417, 34.09571 ] } },
{ "type": "Feature", "properties": { "ID": 352235576613, "正式名称": "山口いるか小児科アレルギー科", "機関区分": 2, "都道府県コード": 35, "市区町村コード": 203, "所在地": "山口県山口市泉都町１番３１号", "緯度": 34.168317, "経度": 131.463813, "url": "https://www.iryou.teikyouseido.mhlw.go.jp/znk-web/juminkanja/S2430/initialize?prefCd=35&kikanCd=235576613&kikanKbn=2", "url2": "https://yamaguchi-irukashonika.com/", "内容": "山口いるか小児科アレルギー科【2:診療所】【診療科目:小児科_アレルギー科】山口県山口市泉都町１番３１号" }, "geometry": { "type": "Point", "coordinates": [ 131.463813, 34.168317 ] } },
{ "type": "Feature", "properties": { "ID": 3522355766260, "正式名称": "ＮＡＧＡＯＫＡまぶた・スキンクリニック", "機関区分": 2, "都道府県コード": 35, "市区町村コード": 203, "所在地": "山口県山口市吉敷中東２丁目１－１７", "緯度": 34.165925, "経度": 131.445678, "url": "https://www.iryou.teikyouseido.mhlw.go.jp/znk-web/juminkanja/S2430/initialize?prefCd=35&kikanCd=2355766260&kikanKbn=2", "url2": null, "内容": "ＮＡＧＡＯＫＡまぶた・スキンクリニック【2:診療所】【診療科目:眼科】山口県山口市吉敷中東２丁目１－１７" }, "geometry": { "type": "Point", "coordinates": [ 131.445678, 34.165925 ] } },
{ "type": "Feature", "properties": { "ID": 3522355766680, "正式名称": "おおうち耳鼻咽喉科", "機関区分": 2, "都道府県コード": 35, "市区町村コード": 203, "所在地": "山口県山口市大内千坊四丁目１４－１４", "緯度": 34.153115, "経度": 131.490697, "url": "https://www.iryou.teikyouseido.mhlw.go.jp/znk-web/juminkanja/S2430/initialize?prefCd=35&kikanCd=2355766680&kikanKbn=2", "url2": "ouchi-ent.jp", "内容": "おおうち耳鼻咽喉科【2:診療所】【診療科目:頭頸部外科_小児耳鼻いんこう科_気管食道・耳鼻いんこう科_頭頸部・耳鼻いんこう科_アレルギー科】山口県山口市大内千坊四丁目１４－１４" }, "geometry": { "type": "Point", "coordinates": [ 131.490697, 34.153115 ] } },
{ "type": "Feature", "properties": { "ID": 3522355803080, "正式名称": "医療法人社団上宇部外科", "機関区分": 2, "都道府県コード": 35, "市区町村コード": 202, "所在地": "山口県宇部市海南町２－１２", "緯度": 33.958889, "経度": 131.261972, "url": "https://www.iryou.teikyouseido.mhlw.go.jp/znk-web/juminkanja/S2430/initialize?prefCd=35&kikanCd=2355803080&kikanKbn=2", "url2": null, "内容": "医療法人社団上宇部外科【2:診療所】【診療科目:呼吸器内科_循環器内科_外科_整形外科_リハビリテーション科】山口県宇部市海南町２－１２" }, "geometry": { "type": "Point", "coordinates": [ 131.261972, 33.958889 ] } },
{ "type": "Feature", "properties": { "ID": 3522355803240, "正式名称": "医療法人社団小林整形外科", "機関区分": 2, "都道府県コード": 35, "市区町村コード": 202, "所在地": "山口県宇部市西宇部南４－９－２６", "緯度": 34.00225, "経度": 131.22025, "url": "https://www.iryou.teikyouseido.mhlw.go.jp/znk-web/juminkanja/S2430/initialize?prefCd=35&kikanCd=2355803240&kikanKbn=2", "url2": null, "内容": "医療法人社団小林整形外科【2:診療所】【診療科目:整形外科_リハビリテーション科】山口県宇部市西宇部南４－９－２６" }, "geometry": { "type": "Point", "coordinates": [ 131.22025, 34.00225 ] } },
{ "type": "Feature", "properties": { "ID": 3522355803400, "正式名称": "北村クリニック", "機関区分": 2, "都道府県コード": 35, "市区町村コード": 202, "所在地": "山口県宇部市松山町２丁目６－３２", "緯度": 33.942056, "経度": 131.256806, "url": "https://www.iryou.teikyouseido.mhlw.go.jp/znk-web/juminkanja/S2430/initialize?prefCd=35&kikanCd=2355803400&kikanKbn=2", "url2": "http://www13plala.or.jp/kitamura-clinic/", "内容": "北村クリニック【2:診療所】【診療科目:内科_消化器内科】山口県宇部市松山町２丁目６－３２" }, "geometry": { "type": "Point", "coordinates": [ 131.256806, 33.942056 ] } },
{ "type": "Feature", "properties": { "ID": 3522355804670, "正式名称": "高田外科医院", "機関区分": 2, "都道府県コード": 35, "市区町村コード": 202, "所在地": "山口県宇部市床波二丁目５番３３－３号", "緯度": 33.953889, "経度": 131.306833, "url": "https://www.iryou.teikyouseido.mhlw.go.jp/znk-web/juminkanja/S2430/initialize?prefCd=35&kikanCd=2355804670&kikanKbn=2", "url2": null, "内容": "高田外科医院【2:診療所】【診療科目:呼吸器内科_消化器内科_外科_呼吸器外科_消化器外科_整形外科】山口県宇部市床波二丁目５番３３－３号" }, "geometry": { "type": "Point", "coordinates": [ 131.306833, 33.953889 ] } },
{ "type": "Feature", "properties": { "ID": 3522355806690, "正式名称": "野中耳鼻科", "機関区分": 2, "都道府県コード": 35, "市区町村コード": 202, "所在地": "山口県宇部市西本町１－１－４２", "緯度": 33.957778, "経度": 131.240028, "url": "https://www.iryou.teikyouseido.mhlw.go.jp/znk-web/juminkanja/S2430/initialize?prefCd=35&kikanCd=2355806690&kikanKbn=2", "url2": "https://j-nonaka.pupu.jp/clinic/index1.html", "内容": "野中耳鼻科【2:診療所】【診療科目:耳鼻いんこう科_アレルギー科】山口県宇部市西本町１－１－４２" }, "geometry": { "type": "Point", "coordinates": [ 131.240028, 33.957778 ] } },
{ "type": "Feature", "properties": { "ID": 3522355806850, "正式名称": "医療法人いぶき会　針間産婦人科", "機関区分": 2, "都道府県コード": 35, "市区町村コード": 202, "所在地": "山口県宇部市常盤町２－１－４４", "緯度": 33.950861, "経度": 131.249861, "url": "https://www.iryou.teikyouseido.mhlw.go.jp/znk-web/juminkanja/S2430/initialize?prefCd=35&kikanCd=2355806850&kikanKbn=2", "url2": "http://www.noriko-cl.com", "内容": "医療法人いぶき会　針間産婦人科【2:診療所】【診療科目:産婦人科】山口県宇部市常盤町２－１－４４" }, "geometry": { "type": "Point", "coordinates": [ 131.249861, 33.950861 ] } },
{ "type": "Feature", "properties": { "ID": 3522355807150, "正式名称": "医療法人社団　淳和会　ひらた内科クリニック", "機関区分": 2, "都道府県コード": 35, "市区町村コード": 202, "所在地": "山口県宇部市若松町５－５", "緯度": 33.959306, "経度": 131.242972, "url": "https://www.iryou.teikyouseido.mhlw.go.jp/znk-web/juminkanja/S2430/initialize?prefCd=35&kikanCd=2355807150&kikanKbn=2", "url2": "https://www.hirata-naika.com", "内容": "医療法人社団　淳和会　ひらた内科クリニック【2:診療所】【診療科目:内科_呼吸器内科_アレルギー疾患内科_アレルギー科_リウマチ科】山口県宇部市若松町５－５" }, "geometry": { "type": "Point", "coordinates": [ 131.242972, 33.959306 ] } },
{ "type": "Feature", "properties": { "ID": 3522355810600, "正式名称": "医療法人社団弘洋会　床波内科", "機関区分": 2, "都道府県コード": 35, "市区町村コード": 202, "所在地": "山口県宇部市今村南一丁目２番４０－５号", "緯度": 33.950528, "経度": 131.302167, "url": "https://www.iryou.teikyouseido.mhlw.go.jp/znk-web/juminkanja/S2430/initialize?prefCd=35&kikanCd=2355810600&kikanKbn=2", "url2": "https://www.tokonaminaika.com/", "内容": "医療法人社団弘洋会　床波内科【2:診療所】【診療科目:内科_循環器内科_放射線科】山口県宇部市今村南一丁目２番４０－５号" }, "geometry": { "type": "Point", "coordinates": [ 131.302167, 33.950528 ] } },
{ "type": "Feature", "properties": { "ID": 3522355810730, "正式名称": "はらだクリニック", "機関区分": 2, "都道府県コード": 35, "市区町村コード": 202, "所在地": "山口県宇部市恩田５－８－５", "緯度": 33.942222, "経度": 131.270528, "url": "https://www.iryou.teikyouseido.mhlw.go.jp/znk-web/juminkanja/S2430/initialize?prefCd=35&kikanCd=2355810730&kikanKbn=2", "url2": "https://www.harada-clicic.info", "内容": "はらだクリニック【2:診療所】【診療科目:内科_消化器内科_胃腸内科_外科_肛門外科_整形外科_リハビリテーション科】山口県宇部市恩田５－８－５" }, "geometry": { "type": "Point", "coordinates": [ 131.270528, 33.942222 ] } },
{ "type": "Feature", "properties": { "ID": 3522355811450, "正式名称": "宇部市休日・夜間救急診療所", "機関区分": 2, "都道府県コード": 35, "市区町村コード": 202, "所在地": "山口県宇部市琴芝町二丁目１番１０号", "緯度": 33.954028, "経度": 131.253528, "url": "https://www.iryou.teikyouseido.mhlw.go.jp/znk-web/juminkanja/S2430/initialize?prefCd=35&kikanCd=2355811450&kikanKbn=2", "url2": "http://www.city.ube.yamaguchi.jp/koukyouannai/hokeniryou_shisetsu/kyuukyuu.html", "内容": "宇部市休日・夜間救急診療所【2:診療所】【診療科目:内科_外科_小児科_歯科】山口県宇部市琴芝町二丁目１番１０号" }, "geometry": { "type": "Point", "coordinates": [ 131.253528, 33.954028 ] } },
{ "type": "Feature", "properties": { "ID": 3522355811740, "正式名称": "医療法人社団良芙会　藤田放射線科", "機関区分": 2, "都道府県コード": 35, "市区町村コード": 202, "所在地": "山口県宇部市琴芝町１－２－５７", "緯度": 33.955417, "経度": 131.251306, "url": "https://www.iryou.teikyouseido.mhlw.go.jp/znk-web/juminkanja/S2430/initialize?prefCd=35&kikanCd=2355811740&kikanKbn=2", "url2": null, "内容": "医療法人社団良芙会　藤田放射線科【2:診療所】【診療科目:内科_消化器内科_胃腸内科_内視鏡内科_放射線科】山口県宇部市琴芝町１－２－５７" }, "geometry": { "type": "Point", "coordinates": [ 131.251306, 33.955417 ] } },
{ "type": "Feature", "properties": { "ID": 3522355812200, "正式名称": "医療法人社団土屋医院", "機関区分": 2, "都道府県コード": 35, "市区町村コード": 202, "所在地": "山口県宇部市上町２－３－１１", "緯度": 33.959889, "経度": 131.237139, "url": "https://www.iryou.teikyouseido.mhlw.go.jp/znk-web/juminkanja/S2430/initialize?prefCd=35&kikanCd=2355812200&kikanKbn=2", "url2": "http://tsuchiya1976.com", "内容": "医療法人社団土屋医院【2:診療所】【診療科目:脳神経内科_精神科_心療内科】山口県宇部市上町２－３－１１" }, "geometry": { "type": "Point", "coordinates": [ 131.237139, 33.959889 ] } },
{ "type": "Feature", "properties": { "ID": 3522355812460, "正式名称": "山本内科", "機関区分": 2, "都道府県コード": 35, "市区町村コード": 202, "所在地": "山口県宇部市北琴芝２－１２－１２", "緯度": 33.9575, "経度": 131.257722, "url": "https://www.iryou.teikyouseido.mhlw.go.jp/znk-web/juminkanja/S2430/initialize?prefCd=35&kikanCd=2355812460&kikanKbn=2", "url2": null, "内容": "山本内科【2:診療所】【診療科目:内科_呼吸器内科_循環器内科_消化器内科】山口県宇部市北琴芝２－１２－１２" }, "geometry": { "type": "Point", "coordinates": [ 131.257722, 33.9575 ] } },
{ "type": "Feature", "properties": { "ID": 3522355812590, "正式名称": "医療法人社団　うのしま内科クリニック", "機関区分": 2, "都道府県コード": 35, "市区町村コード": 202, "所在地": "山口県宇部市浜町２－１１－１５", "緯度": 33.965222, "経度": 131.234056, "url": "https://www.iryou.teikyouseido.mhlw.go.jp/znk-web/juminkanja/S2430/initialize?prefCd=35&kikanCd=2355812590&kikanKbn=2", "url2": "unoshimanaika.jp", "内容": "医療法人社団　うのしま内科クリニック【2:診療所】【診療科目:内科_消化器内科_内視鏡内科_放射線科】山口県宇部市浜町２－１１－１５" }, "geometry": { "type": "Point", "coordinates": [ 131.234056, 33.965222 ] } },
{ "type": "Feature", "properties": { "ID": 3522355813050, "正式名称": "金子小児科", "機関区分": 2, "都道府県コード": 35, "市区町村コード": 202, "所在地": "山口県宇部市上町１－６－１６", "緯度": 33.959528, "経度": 131.2395, "url": "https://www.iryou.teikyouseido.mhlw.go.jp/znk-web/juminkanja/S2430/initialize?prefCd=35&kikanCd=2355813050&kikanKbn=2", "url2": "http://kaneko-shounika.com/", "内容": "金子小児科【2:診療所】【診療科目:小児科】山口県宇部市上町１－６－１６" }, "geometry": { "type": "Point", "coordinates": [ 131.2395, 33.959528 ] } },
{ "type": "Feature", "properties": { "ID": 3522355813920, "正式名称": "根木胃腸科", "機関区分": 2, "都道府県コード": 35, "市区町村コード": 202, "所在地": "山口県宇部市島３－６－１５", "緯度": 33.961083, "経度": 131.240972, "url": "https://www.iryou.teikyouseido.mhlw.go.jp/znk-web/juminkanja/S2430/initialize?prefCd=35&kikanCd=2355813920&kikanKbn=2", "url2": null, "内容": "根木胃腸科【2:診療所】【診療科目:胃腸内科】山口県宇部市島３－６－１５" }, "geometry": { "type": "Point", "coordinates": [ 131.240972, 33.961083 ] } },
{ "type": "Feature", "properties": { "ID": 3522355814190, "正式名称": "医療法人社団　浅山眼科", "機関区分": 2, "都道府県コード": 35, "市区町村コード": 202, "所在地": "山口県宇部市常盤町１－１－４", "緯度": 33.952667, "経度": 131.247028, "url": "https://www.iryou.teikyouseido.mhlw.go.jp/znk-web/juminkanja/S2430/initialize?prefCd=35&kikanCd=2355814190&kikanKbn=2", "url2": "http://www.asayama-ganka.com", "内容": "医療法人社団　浅山眼科【2:診療所】【診療科目:眼科】山口県宇部市常盤町１－１－４" }, "geometry": { "type": "Point", "coordinates": [ 131.247028, 33.952667 ] } },
{ "type": "Feature", "properties": { "ID": 3522355814220, "正式名称": "医療法人社団　ふじもと内科胃腸科医院", "機関区分": 2, "都道府県コード": 35, "市区町村コード": 202, "所在地": "山口県宇部市東梶返４－７－７", "緯度": 33.948417, "経度": 131.264167, "url": "https://www.iryou.teikyouseido.mhlw.go.jp/znk-web/juminkanja/S2430/initialize?prefCd=35&kikanCd=2355814220&kikanKbn=2", "url2": "http://www.fujimotonaika.jp", "内容": "医療法人社団　ふじもと内科胃腸科医院【2:診療所】【診療科目:内科_胃腸内科】山口県宇部市東梶返４－７－７" }, "geometry": { "type": "Point", "coordinates": [ 131.264167, 33.948417 ] } },
{ "type": "Feature", "properties": { "ID": 3522355814480, "正式名称": "医療法人社団　徳久内科医院", "機関区分": 2, "都道府県コード": 35, "市区町村コード": 202, "所在地": "山口県宇部市恩田町２－２２－４１", "緯度": 33.943583, "経度": 131.265, "url": "https://www.iryou.teikyouseido.mhlw.go.jp/znk-web/juminkanja/S2430/initialize?prefCd=35&kikanCd=2355814480&kikanKbn=2", "url2": null, "内容": "医療法人社団　徳久内科医院【2:診療所】【診療科目:内科_循環器内科】山口県宇部市恩田町２－２２－４１" }, "geometry": { "type": "Point", "coordinates": [ 131.265, 33.943583 ] } },
{ "type": "Feature", "properties": { "ID": 3522355814800, "正式名称": "医療法人社団　東整形外科", "機関区分": 2, "都道府県コード": 35, "市区町村コード": 202, "所在地": "山口県宇部市恩田町２－８－８", "緯度": 33.945889, "経度": 131.265583, "url": "https://www.iryou.teikyouseido.mhlw.go.jp/znk-web/juminkanja/S2430/initialize?prefCd=35&kikanCd=2355814800&kikanKbn=2", "url2": "http://azumaseikei.byoinnavi.jp/pc/", "内容": "医療法人社団　東整形外科【2:診療所】【診療科目:整形外科_リウマチ科_リハビリテーション科】山口県宇部市恩田町２－８－８" }, "geometry": { "type": "Point", "coordinates": [ 131.265583, 33.945889 ] } },
{ "type": "Feature", "properties": { "ID": 3522355814930, "正式名称": "医療法人末冨内科クリニック", "機関区分": 2, "都道府県コード": 35, "市区町村コード": 202, "所在地": "山口県宇部市厚南中央二丁目２番３号", "緯度": 33.993583, "経度": 131.2185, "url": "https://www.iryou.teikyouseido.mhlw.go.jp/znk-web/juminkanja/S2430/initialize?prefCd=35&kikanCd=2355814930&kikanKbn=2", "url2": null, "内容": "医療法人末冨内科クリニック【2:診療所】【診療科目:内科_消化器内科_内視鏡内科_放射線科】山口県宇部市厚南中央二丁目２番３号" }, "geometry": { "type": "Point", "coordinates": [ 131.2185, 33.993583 ] } },
{ "type": "Feature", "properties": { "ID": 3522355815230, "正式名称": "医療法人社団　西村外科医院", "機関区分": 2, "都道府県コード": 35, "市区町村コード": 202, "所在地": "山口県宇部市妻崎開作８１２－１", "緯度": 33.97725, "経度": 131.203806, "url": "https://www.iryou.teikyouseido.mhlw.go.jp/znk-web/juminkanja/S2430/initialize?prefCd=35&kikanCd=2355815230&kikanKbn=2", "url2": null, "内容": "医療法人社団　西村外科医院【2:診療所】【診療科目:消化器内科_外科_リハビリテーション科_放射線診断科】山口県宇部市妻崎開作８１２－１" }, "geometry": { "type": "Point", "coordinates": [ 131.203806, 33.97725 ] } },
{ "type": "Feature", "properties": { "ID": 3522355815360, "正式名称": "医療法人社団　鈴木小児科医院", "機関区分": 2, "都道府県コード": 35, "市区町村コード": 202, "所在地": "山口県宇部市今村北４丁目２６―１５", "緯度": 33.957778, "経度": 131.307472, "url": "https://www.iryou.teikyouseido.mhlw.go.jp/znk-web/juminkanja/S2430/initialize?prefCd=35&kikanCd=2355815360&kikanKbn=2", "url2": "http://www.suzuki-syonika.net/", "内容": "医療法人社団　鈴木小児科医院【2:診療所】【診療科目:小児科_アレルギー科】山口県宇部市今村北４丁目２６―１５" }, "geometry": { "type": "Point", "coordinates": [ 131.307472, 33.957778 ] } },
{ "type": "Feature", "properties": { "ID": 3522355816790, "正式名称": "女性クリニックおがた", "機関区分": 2, "都道府県コード": 35, "市区町村コード": 216, "所在地": "山口県山陽小野田市中央３丁目６－３０", "緯度": 33.978306, "経度": 131.180028, "url": "https://www.iryou.teikyouseido.mhlw.go.jp/znk-web/juminkanja/S2430/initialize?prefCd=35&kikanCd=2355816790&kikanKbn=2", "url2": "http://ogata-cl.com/", "内容": "女性クリニックおがた【2:診療所】【診療科目:産婦人科】山口県山陽小野田市中央３丁目６－３０" }, "geometry": { "type": "Point", "coordinates": [ 131.180028, 33.978306 ] } },
{ "type": "Feature", "properties": { "ID": 3522355817410, "正式名称": "医療法人社団　田原耳鼻咽喉科医院", "機関区分": 2, "都道府県コード": 35, "市区町村コード": 216, "所在地": "山口県山陽小野田市住吉本町１－５－２７", "緯度": 33.980194, "経度": 131.177806, "url": "https://www.iryou.teikyouseido.mhlw.go.jp/znk-web/juminkanja/S2430/initialize?prefCd=35&kikanCd=2355817410&kikanKbn=2", "url2": "https://www.tahara-jibiinkoukaiin.com", "内容": "医療法人社団　田原耳鼻咽喉科医院【2:診療所】【診療科目:耳鼻いんこう科_アレルギー科】山口県山陽小野田市住吉本町１－５－２７" }, "geometry": { "type": "Point", "coordinates": [ 131.177806, 33.980194 ] } },
{ "type": "Feature", "properties": { "ID": 3522355818000, "正式名称": "医療法人社団村重医院", "機関区分": 2, "都道府県コード": 35, "市区町村コード": 216, "所在地": "山口県山陽小野田市須恵１－１２－１０", "緯度": 33.971917, "経度": 131.178694, "url": "https://www.iryou.teikyouseido.mhlw.go.jp/znk-web/juminkanja/S2430/initialize?prefCd=35&kikanCd=2355818000&kikanKbn=2", "url2": "http://murashige.byoinnavi.jp/pc/", "内容": "医療法人社団村重医院【2:診療所】【診療科目:内科_脳神経内科_リハビリテーション科_放射線科】山口県山陽小野田市須恵１－１２－１０" }, "geometry": { "type": "Point", "coordinates": [ 131.178694, 33.971917 ] } },
{ "type": "Feature", "properties": { "ID": 3522355818420, "正式名称": "医療法人社団成医会　山田循環器科．内科", "機関区分": 2, "都道府県コード": 35, "市区町村コード": 216, "所在地": "山口県山陽小野田市東高泊２０５５－５", "緯度": 34.001333, "経度": 131.183111, "url": "https://www.iryou.teikyouseido.mhlw.go.jp/znk-web/juminkanja/S2430/initialize?prefCd=35&kikanCd=2355818420&kikanKbn=2", "url2": null, "内容": "医療法人社団成医会　山田循環器科．内科【2:診療所】【診療科目:内科】山口県山陽小野田市東高泊２０５５－５" }, "geometry": { "type": "Point", "coordinates": [ 131.183111, 34.001333 ] } },
{ "type": "Feature", "properties": { "ID": 3522355818710, "正式名称": "医療生活協同組合健文会　生協小野田診療所", "機関区分": 2, "都道府県コード": 35, "市区町村コード": 216, "所在地": "山口県山陽小野田市くし山１丁目１７番２０号", "緯度": 34.011027, "経度": 131.182055, "url": "https://www.iryou.teikyouseido.mhlw.go.jp/znk-web/juminkanja/S2430/initialize?prefCd=35&kikanCd=2355818710&kikanKbn=2", "url2": "https://www.kenbun-onoda.jp", "内容": "医療生活協同組合健文会　生協小野田診療所【2:診療所】【診療科目:内科_消化器内科_歯科_小児歯科_放射線科】山口県山陽小野田市くし山１丁目１７番２０号" }, "geometry": { "type": "Point", "coordinates": [ 131.182055, 34.011027 ] } },
{ "type": "Feature", "properties": { "ID": 3522355818840, "正式名称": "医療法人社団中村内科胃腸科医院", "機関区分": 2, "都道府県コード": 35, "市区町村コード": 216, "所在地": "山口県山陽小野田市日の出　４－５－６", "緯度": 34.005333, "経度": 131.185861, "url": "https://www.iryou.teikyouseido.mhlw.go.jp/znk-web/juminkanja/S2430/initialize?prefCd=35&kikanCd=2355818840&kikanKbn=2", "url2": null, "内容": "医療法人社団中村内科胃腸科医院【2:診療所】【診療科目:内科_循環器内科_胃腸内科_外科_放射線科】山口県山陽小野田市日の出　４－５－６" }, "geometry": { "type": "Point", "coordinates": [ 131.185861, 34.005333 ] } },
{ "type": "Feature", "properties": { "ID": 3522355819300, "正式名称": "永田消化器内科クリニック", "機関区分": 2, "都道府県コード": 35, "市区町村コード": 202, "所在地": "山口県宇部市恩田町４－２－１７", "緯度": 33.942944, "経度": 131.268472, "url": "https://www.iryou.teikyouseido.mhlw.go.jp/znk-web/juminkanja/S2430/initialize?prefCd=35&kikanCd=2355819300&kikanKbn=2", "url2": "http://www.nagata-giclinic.com/", "内容": "永田消化器内科クリニック【2:診療所】【診療科目:内科_消化器内科_内視鏡内科】山口県宇部市恩田町４－２－１７" }, "geometry": { "type": "Point", "coordinates": [ 131.268472, 33.942944 ] } },
{ "type": "Feature", "properties": { "ID": 3522355819690, "正式名称": "医療法人社団　おばやま内科", "機関区分": 2, "都道府県コード": 35, "市区町村コード": 202, "所在地": "山口県宇部市南小羽山町２－１９－１３", "緯度": 33.974861, "経度": 131.258417, "url": "https://www.iryou.teikyouseido.mhlw.go.jp/znk-web/juminkanja/S2430/initialize?prefCd=35&kikanCd=2355819690&kikanKbn=2", "url2": null, "内容": "医療法人社団　おばやま内科【2:診療所】【診療科目:内科_循環器内科_心臓血管外科】山口県宇部市南小羽山町２－１９－１３" }, "geometry": { "type": "Point", "coordinates": [ 131.258417, 33.974861 ] } },
{ "type": "Feature", "properties": { "ID": 3522355819850, "正式名称": "医療法人　健仁会　しおん内科外科クリニック", "機関区分": 2, "都道府県コード": 35, "市区町村コード": 216, "所在地": "山口県山陽小野田市日の出三丁目７番２号", "緯度": 34.007167, "経度": 131.184361, "url": "https://www.iryou.teikyouseido.mhlw.go.jp/znk-web/juminkanja/S2430/initialize?prefCd=35&kikanCd=2355819850&kikanKbn=2", "url2": null, "内容": "医療法人　健仁会　しおん内科外科クリニック【2:診療所】【診療科目:内科_呼吸器内科_循環器内科_消化器内科_外科_肛門外科】山口県山陽小野田市日の出三丁目７番２号" }, "geometry": { "type": "Point", "coordinates": [ 131.184361, 34.007167 ] } },
{ "type": "Feature", "properties": { "ID": 3522355819980, "正式名称": "なにわ皮膚科医院", "機関区分": 2, "都道府県コード": 35, "市区町村コード": 202, "所在地": "山口県宇部市相生町３－１８", "緯度": 33.952583, "経度": 131.245111, "url": "https://www.iryou.teikyouseido.mhlw.go.jp/znk-web/juminkanja/S2430/initialize?prefCd=35&kikanCd=2355819980&kikanKbn=2", "url2": "https://www.naniwahifuka.com", "内容": "なにわ皮膚科医院【2:診療所】【診療科目:皮膚科_アレルギー科】山口県宇部市相生町３－１８" }, "geometry": { "type": "Point", "coordinates": [ 131.245111, 33.952583 ] } },
{ "type": "Feature", "properties": { "ID": 3522355820250, "正式名称": "今村皮膚科形成外科", "機関区分": 2, "都道府県コード": 35, "市区町村コード": 202, "所在地": "山口県宇部市松山町１－８－２２", "緯度": 33.945222, "経度": 131.254333, "url": "https://www.iryou.teikyouseido.mhlw.go.jp/znk-web/juminkanja/S2430/initialize?prefCd=35&kikanCd=2355820250&kikanKbn=2", "url2": "https://www.imamura-hifukakeiseigeka.com/", "内容": "今村皮膚科形成外科【2:診療所】【診療科目:形成外科_皮膚科】山口県宇部市松山町１－８－２２" }, "geometry": { "type": "Point", "coordinates": [ 131.254333, 33.945222 ] } },
{ "type": "Feature", "properties": { "ID": 3522355821390, "正式名称": "医療法人社団いそべ整形外科医院", "機関区分": 2, "都道府県コード": 35, "市区町村コード": 202, "所在地": "山口県宇部市松山町１丁目８－２３", "緯度": 33.945389, "経度": 131.254444, "url": "https://www.iryou.teikyouseido.mhlw.go.jp/znk-web/juminkanja/S2430/initialize?prefCd=35&kikanCd=2355821390&kikanKbn=2", "url2": null, "内容": "医療法人社団いそべ整形外科医院【2:診療所】【診療科目:整形外科_リウマチ科_リハビリテーション科】山口県宇部市松山町１丁目８－２３" }, "geometry": { "type": "Point", "coordinates": [ 131.254444, 33.945389 ] } },
{ "type": "Feature", "properties": { "ID": 3522355822430, "正式名称": "医療法人社団西村内科医院", "機関区分": 2, "都道府県コード": 35, "市区町村コード": 216, "所在地": "山口県山陽小野田市西高泊５８６－１", "緯度": 34.009917, "経度": 131.170722, "url": "https://www.iryou.teikyouseido.mhlw.go.jp/znk-web/juminkanja/S2430/initialize?prefCd=35&kikanCd=2355822430&kikanKbn=2", "url2": "https://www.naika-nishimura.jp", "内容": "医療法人社団西村内科医院【2:診療所】【診療科目:内科_消化器内科_内視鏡内科】山口県山陽小野田市西高泊５８６－１" }, "geometry": { "type": "Point", "coordinates": [ 131.170722, 34.009917 ] } },
{ "type": "Feature", "properties": { "ID": 3522355822560, "正式名称": "医療法人清水泌尿器科", "機関区分": 2, "都道府県コード": 35, "市区町村コード": 202, "所在地": "山口県宇部市浜町２丁目３番３４号", "緯度": 33.964639, "経度": 131.235167, "url": "https://www.iryou.teikyouseido.mhlw.go.jp/znk-web/juminkanja/S2430/initialize?prefCd=35&kikanCd=2355822560&kikanKbn=2", "url2": "https://www.shimizuhinyoukika.com", "内容": "医療法人清水泌尿器科【2:診療所】【診療科目:泌尿器科】山口県宇部市浜町２丁目３番３４号" }, "geometry": { "type": "Point", "coordinates": [ 131.235167, 33.964639 ] } },
{ "type": "Feature", "properties": { "ID": 3522355822980, "正式名称": "医療法人フジイ内科医院", "機関区分": 2, "都道府県コード": 35, "市区町村コード": 202, "所在地": "山口県宇部市西小串５丁目６番２１号", "緯度": 33.965278, "経度": 131.243583, "url": "https://www.iryou.teikyouseido.mhlw.go.jp/znk-web/juminkanja/S2430/initialize?prefCd=35&kikanCd=2355822980&kikanKbn=2", "url2": null, "内容": "医療法人フジイ内科医院【2:診療所】【診療科目:内科_糖尿病内科】山口県宇部市西小串５丁目６番２１号" }, "geometry": { "type": "Point", "coordinates": [ 131.243583, 33.965278 ] } },
{ "type": "Feature", "properties": { "ID": 3522355823280, "正式名称": "医療法人社団たはら整形外科", "機関区分": 2, "都道府県コード": 35, "市区町村コード": 202, "所在地": "山口県宇部市厚南区中野開作", "緯度": 33.956, "経度": 131.24475, "url": "https://www.iryou.teikyouseido.mhlw.go.jp/znk-web/juminkanja/S2430/initialize?prefCd=35&kikanCd=2355823280&kikanKbn=2", "url2": "taharaseikei-ube.com", "内容": "医療法人社団たはら整形外科【2:診療所】【診療科目:整形外科_リウマチ科_リハビリテーション科】山口県宇部市厚南区中野開作" }, "geometry": { "type": "Point", "coordinates": [ 131.24475, 33.956 ] } },
{ "type": "Feature", "properties": { "ID": 3522355823310, "正式名称": "医療法人社団矢野外科医院", "機関区分": 2, "都道府県コード": 35, "市区町村コード": 202, "所在地": "山口県宇部市鍋倉町６番４５号", "緯度": 33.968778, "経度": 131.232833, "url": "https://www.iryou.teikyouseido.mhlw.go.jp/znk-web/juminkanja/S2430/initialize?prefCd=35&kikanCd=2355823310&kikanKbn=2", "url2": null, "内容": "医療法人社団矢野外科医院【2:診療所】【診療科目:消化器内科_外科_肛門外科_リハビリテーション科_放射線科_麻酔科】山口県宇部市鍋倉町６番４５号" }, "geometry": { "type": "Point", "coordinates": [ 131.232833, 33.968778 ] } },
{ "type": "Feature", "properties": { "ID": 3522355823730, "正式名称": "医療法人嶋本医院しまもと耳鼻咽喉科", "機関区分": 2, "都道府県コード": 35, "市区町村コード": 216, "所在地": "山口県山陽小野田市中央三丁目６番１９号", "緯度": 33.977806, "経度": 131.179833, "url": "https://www.iryou.teikyouseido.mhlw.go.jp/znk-web/juminkanja/S2430/initialize?prefCd=35&kikanCd=2355823730&kikanKbn=2", "url2": null, "内容": "医療法人嶋本医院しまもと耳鼻咽喉科【2:診療所】【診療科目:耳鼻いんこう科_アレルギー科】山口県山陽小野田市中央三丁目６番１９号" }, "geometry": { "type": "Point", "coordinates": [ 131.179833, 33.977806 ] } },
{ "type": "Feature", "properties": { "ID": 3522355823860, "正式名称": "医療法人社団三井外科医院", "機関区分": 2, "都道府県コード": 35, "市区町村コード": 202, "所在地": "山口県宇部市昭和町４丁目４番１６号", "緯度": 33.934806, "経度": 131.258444, "url": "https://www.iryou.teikyouseido.mhlw.go.jp/znk-web/juminkanja/S2430/initialize?prefCd=35&kikanCd=2355823860&kikanKbn=2", "url2": null, "内容": "医療法人社団三井外科医院【2:診療所】【診療科目:内科_消化器内科_胃腸内科_外科_肛門外科_整形外科_リハビリテーション科】山口県宇部市昭和町４丁目４番１６号" }, "geometry": { "type": "Point", "coordinates": [ 131.258444, 33.934806 ] } },
{ "type": "Feature", "properties": { "ID": 3522355824030, "正式名称": "医療法人仁心会　南園クリニック", "機関区分": 2, "都道府県コード": 35, "市区町村コード": 202, "所在地": "山口県宇部市昭和町一丁目２番１５号", "緯度": 33.943139, "経度": 131.253667, "url": "https://www.iryou.teikyouseido.mhlw.go.jp/znk-web/juminkanja/S2430/initialize?prefCd=35&kikanCd=2355824030&kikanKbn=2", "url2": "http://minamisono.jp/", "内容": "医療法人仁心会　南園クリニック【2:診療所】【診療科目:内科_循環器内科_腎臓内科_神経内科_脳神経外科】山口県宇部市昭和町一丁目２番１５号" }, "geometry": { "type": "Point", "coordinates": [ 131.253667, 33.943139 ] } },
{ "type": "Feature", "properties": { "ID": 3522355824290, "正式名称": "医療法人社団永谷眼科", "機関区分": 2, "都道府県コード": 35, "市区町村コード": 202, "所在地": "山口県宇部市島３－１０－１１", "緯度": 33.963361, "経度": 131.242444, "url": "https://www.iryou.teikyouseido.mhlw.go.jp/znk-web/juminkanja/S2430/initialize?prefCd=35&kikanCd=2355824290&kikanKbn=2", "url2": "http://www.nagaya.or.jp", "内容": "医療法人社団永谷眼科【2:診療所】【診療科目:小児眼科_眼科】山口県宇部市島３－１０－１１" }, "geometry": { "type": "Point", "coordinates": [ 131.242444, 33.963361 ] } },
{ "type": "Feature", "properties": { "ID": 3522355824740, "正式名称": "医療法人社団久本皮ふ科医院", "機関区分": 2, "都道府県コード": 35, "市区町村コード": 202, "所在地": "山口県宇部市北琴芝２丁目１０番１０号", "緯度": 33.958722, "経度": 131.258833, "url": "https://www.iryou.teikyouseido.mhlw.go.jp/znk-web/juminkanja/S2430/initialize?prefCd=35&kikanCd=2355824740&kikanKbn=2", "url2": "http://www.hisamoto-hifuka.com/", "内容": "医療法人社団久本皮ふ科医院【2:診療所】【診療科目:皮膚科】山口県宇部市北琴芝２丁目１０番１０号" }, "geometry": { "type": "Point", "coordinates": [ 131.258833, 33.958722 ] } },
{ "type": "Feature", "properties": { "ID": 3522355824870, "正式名称": "かわむらクリニック", "機関区分": 2, "都道府県コード": 35, "市区町村コード": 202, "所在地": "山口県宇部市東岐波３８４８－６", "緯度": 33.98, "経度": 131.340222, "url": "https://www.iryou.teikyouseido.mhlw.go.jp/znk-web/juminkanja/S2430/initialize?prefCd=35&kikanCd=2355824870&kikanKbn=2", "url2": "http://kawamuraclinic.net/", "内容": "かわむらクリニック【2:診療所】【診療科目:内科_消化器内科_外科_皮膚科_リハビリテーション科】山口県宇部市東岐波３８４８－６" }, "geometry": { "type": "Point", "coordinates": [ 131.340222, 33.98 ] } },
{ "type": "Feature", "properties": { "ID": 3522355825200, "正式名称": "医療法人社団猪熊耳鼻咽喉科", "機関区分": 2, "都道府県コード": 35, "市区町村コード": 202, "所在地": "山口県宇部市中村３－５－２２", "緯度": 33.962028, "経度": 131.262278, "url": "https://www.iryou.teikyouseido.mhlw.go.jp/znk-web/juminkanja/S2430/initialize?prefCd=35&kikanCd=2355825200&kikanKbn=2", "url2": null, "内容": "医療法人社団猪熊耳鼻咽喉科【2:診療所】【診療科目:耳鼻いんこう科】山口県宇部市中村３－５－２２" }, "geometry": { "type": "Point", "coordinates": [ 131.262278, 33.962028 ] } },
{ "type": "Feature", "properties": { "ID": 3522355825460, "正式名称": "医療法人　吉中内科医院", "機関区分": 2, "都道府県コード": 35, "市区町村コード": 216, "所在地": "山口県山陽小野田市住吉本町１丁目３番１７号", "緯度": 33.980278, "経度": 131.177278, "url": "https://www.iryou.teikyouseido.mhlw.go.jp/znk-web/juminkanja/S2430/initialize?prefCd=35&kikanCd=2355825460&kikanKbn=2", "url2": "http://www.yoshinakaiin.jp/", "内容": "医療法人　吉中内科医院【2:診療所】【診療科目:内科_呼吸器内科_循環器内科_胃腸内科】山口県山陽小野田市住吉本町１丁目３番１７号" }, "geometry": { "type": "Point", "coordinates": [ 131.177278, 33.980278 ] } },
{ "type": "Feature", "properties": { "ID": 3522355825620, "正式名称": "きばた小児科医院", "機関区分": 2, "都道府県コード": 35, "市区町村コード": 202, "所在地": "山口県宇部市東岐波大石前１３０７の１", "緯度": 33.992833, "経度": 131.34625, "url": "https://www.iryou.teikyouseido.mhlw.go.jp/znk-web/juminkanja/S2430/initialize?prefCd=35&kikanCd=2355825620&kikanKbn=2", "url2": null, "内容": "きばた小児科医院【2:診療所】【診療科目:小児科】山口県宇部市東岐波大石前１３０７の１" }, "geometry": { "type": "Point", "coordinates": [ 131.34625, 33.992833 ] } },
{ "type": "Feature", "properties": { "ID": 3522355825880, "正式名称": "医療法人社団　尾崎循環器内科", "機関区分": 2, "都道府県コード": 35, "市区町村コード": 202, "所在地": "山口県宇部市西岐波４６９５番の１", "緯度": 33.943944, "経度": 131.288528, "url": "https://www.iryou.teikyouseido.mhlw.go.jp/znk-web/juminkanja/S2430/initialize?prefCd=35&kikanCd=2355825880&kikanKbn=2", "url2": "https://www.ozakijunkankinaika.com/", "内容": "医療法人社団　尾崎循環器内科【2:診療所】【診療科目:内科_呼吸器内科_循環器内科】山口県宇部市西岐波４６９５番の１" }, "geometry": { "type": "Point", "coordinates": [ 131.288528, 33.943944 ] } },
{ "type": "Feature", "properties": { "ID": 3522355826050, "正式名称": "山田皮ふ科", "機関区分": 2, "都道府県コード": 35, "市区町村コード": 202, "所在地": "山口県宇部市開一丁目２番７号", "緯度": 33.965, "経度": 131.277861, "url": "https://www.iryou.teikyouseido.mhlw.go.jp/znk-web/juminkanja/S2430/initialize?prefCd=35&kikanCd=2355826050&kikanKbn=2", "url2": null, "内容": "山田皮ふ科【2:診療所】【診療科目:皮膚科】山口県宇部市開一丁目２番７号" }, "geometry": { "type": "Point", "coordinates": [ 131.277861, 33.965 ] } },
{ "type": "Feature", "properties": { "ID": 3522355826210, "正式名称": "医療法人社団　廣重内科", "機関区分": 2, "都道府県コード": 35, "市区町村コード": 202, "所在地": "山口県宇部市床波二丁目３番６号", "緯度": 33.952806, "経度": 131.306, "url": "https://www.iryou.teikyouseido.mhlw.go.jp/znk-web/juminkanja/S2430/initialize?prefCd=35&kikanCd=2355826210&kikanKbn=2", "url2": null, "内容": "医療法人社団　廣重内科【2:診療所】【診療科目:内科】山口県宇部市床波二丁目３番６号" }, "geometry": { "type": "Point", "coordinates": [ 131.306, 33.952806 ] } },
{ "type": "Feature", "properties": { "ID": 3522355826340, "正式名称": "永井レディースクリニック", "機関区分": 2, "都道府県コード": 35, "市区町村コード": 202, "所在地": "山口県宇部市厚南北５－２－４５", "緯度": 34.002333, "経度": 131.217583, "url": "https://www.iryou.teikyouseido.mhlw.go.jp/znk-web/juminkanja/S2430/initialize?prefCd=35&kikanCd=2355826340&kikanKbn=2", "url2": null, "内容": "永井レディースクリニック【2:診療所】【診療科目:内科_産婦人科】山口県宇部市厚南北５－２－４５" }, "geometry": { "type": "Point", "coordinates": [ 131.217583, 34.002333 ] } },
{ "type": "Feature", "properties": { "ID": 3522355826500, "正式名称": "生協上宇部クリニック", "機関区分": 2, "都道府県コード": 35, "市区町村コード": 202, "所在地": "山口県宇部市海南町２－２５", "緯度": 33.958556, "経度": 131.263028, "url": "https://www.iryou.teikyouseido.mhlw.go.jp/znk-web/juminkanja/S2430/initialize?prefCd=35&kikanCd=2355826500&kikanKbn=2", "url2": "http://www.seikyo-kamiube.jp/", "内容": "生協上宇部クリニック【2:診療所】【診療科目:内科】山口県宇部市海南町２－２５" }, "geometry": { "type": "Point", "coordinates": [ 131.263028, 33.958556 ] } },
{ "type": "Feature", "properties": { "ID": 3522355826760, "正式名称": "ブライトンクリニック", "機関区分": 2, "都道府県コード": 35, "市区町村コード": 202, "所在地": "山口県宇部市西岐波１５５１の１", "緯度": 33.961556, "経度": 131.316111, "url": "https://www.iryou.teikyouseido.mhlw.go.jp/znk-web/juminkanja/S2430/initialize?prefCd=35&kikanCd=2355826760&kikanKbn=2", "url2": "http://brighten-clinic.net/", "内容": "ブライトンクリニック【2:診療所】【診療科目:耳鼻いんこう科_皮膚科_心療内科】山口県宇部市西岐波１５５１の１" }, "geometry": { "type": "Point", "coordinates": [ 131.316111, 33.961556 ] } },
{ "type": "Feature", "properties": { "ID": 3522355826890, "正式名称": "医療法人社団コスモス会　オクダ内科循環器科", "機関区分": 2, "都道府県コード": 35, "市区町村コード": 202, "所在地": "山口県宇部市厚南中央一丁目２番６６号", "緯度": 33.996556, "経度": 131.222472, "url": "https://www.iryou.teikyouseido.mhlw.go.jp/znk-web/juminkanja/S2430/initialize?prefCd=35&kikanCd=2355826890&kikanKbn=2", "url2": "nttbj.itp.ne.jp/0836444970/index.html", "内容": "医療法人社団コスモス会　オクダ内科循環器科【2:診療所】【診療科目:内科_呼吸器内科_循環器内科】山口県宇部市厚南中央一丁目２番６６号" }, "geometry": { "type": "Point", "coordinates": [ 131.222472, 33.996556 ] } },
{ "type": "Feature", "properties": { "ID": 3522355827060, "正式名称": "医療法人社団開クリニック", "機関区分": 2, "都道府県コード": 35, "市区町村コード": 202, "所在地": "山口県宇部市開６丁目１１番５号", "緯度": 33.959917, "経度": 131.279083, "url": "https://www.iryou.teikyouseido.mhlw.go.jp/znk-web/juminkanja/S2430/initialize?prefCd=35&kikanCd=2355827060&kikanKbn=2", "url2": null, "内容": "医療法人社団開クリニック【2:診療所】【診療科目:内科_外科_整形外科_リハビリテーション科】山口県宇部市開６丁目１１番５号" }, "geometry": { "type": "Point", "coordinates": [ 131.279083, 33.959917 ] } },
{ "type": "Feature", "properties": { "ID": 3522355827190, "正式名称": "医療法人社団はりま内科・胃腸科", "機関区分": 2, "都道府県コード": 35, "市区町村コード": 216, "所在地": "山口県山陽小野田市大字小野田７０３６ー１", "緯度": 33.996417, "経度": 131.182167, "url": "https://www.iryou.teikyouseido.mhlw.go.jp/znk-web/juminkanja/S2430/initialize?prefCd=35&kikanCd=2355827190&kikanKbn=2", "url2": null, "内容": "医療法人社団はりま内科・胃腸科【2:診療所】【診療科目:内科_消化器内科】山口県山陽小野田市大字小野田７０３６ー１" }, "geometry": { "type": "Point", "coordinates": [ 131.182167, 33.996417 ] } },
{ "type": "Feature", "properties": { "ID": 3522355827220, "正式名称": "耳鼻咽喉科クリニカ厚南", "機関区分": 2, "都道府県コード": 35, "市区町村コード": 202, "所在地": "山口県宇部市大字東須恵字用尺７５１番地１８", "緯度": 33.990389, "経度": 131.206889, "url": "https://www.iryou.teikyouseido.mhlw.go.jp/znk-web/juminkanja/S2430/initialize?prefCd=35&kikanCd=2355827220&kikanKbn=2", "url2": null, "内容": "耳鼻咽喉科クリニカ厚南【2:診療所】【診療科目:耳鼻いんこう科】山口県宇部市大字東須恵字用尺７５１番地１８" }, "geometry": { "type": "Point", "coordinates": [ 131.206889, 33.990389 ] } },
{ "type": "Feature", "properties": { "ID": 3522355827350, "正式名称": "医療法人社団　恒誠会　ふくたクリニック", "機関区分": 2, "都道府県コード": 35, "市区町村コード": 202, "所在地": "山口県宇部市島３－８－１３", "緯度": 33.962417, "経度": 131.241583, "url": "https://www.iryou.teikyouseido.mhlw.go.jp/znk-web/juminkanja/S2430/initialize?prefCd=35&kikanCd=2355827350&kikanKbn=2", "url2": null, "内容": "医療法人社団　恒誠会　ふくたクリニック【2:診療所】【診療科目:内科_呼吸器内科_循環器内科_リウマチ科】山口県宇部市島３－８－１３" }, "geometry": { "type": "Point", "coordinates": [ 131.241583, 33.962417 ] } },
{ "type": "Feature", "properties": { "ID": 3522355827480, "正式名称": "医療法人社団　おもて整形外科", "機関区分": 2, "都道府県コード": 35, "市区町村コード": 216, "所在地": "山口県山陽小野田市日の出四丁目５番８号", "緯度": 34.005417, "経度": 131.186083, "url": "https://www.iryou.teikyouseido.mhlw.go.jp/znk-web/juminkanja/S2430/initialize?prefCd=35&kikanCd=2355827480&kikanKbn=2", "url2": null, "内容": "医療法人社団　おもて整形外科【2:診療所】【診療科目:整形外科_リハビリテーション科】山口県山陽小野田市日の出四丁目５番８号" }, "geometry": { "type": "Point", "coordinates": [ 131.186083, 34.005417 ] } },
{ "type": "Feature", "properties": { "ID": 3522355827510, "正式名称": "医療法人社団　すが眼科", "機関区分": 2, "都道府県コード": 35, "市区町村コード": 202, "所在地": "山口県宇部市東須恵用尺７５１番地の１９", "緯度": 33.990583, "経度": 131.20775, "url": "https://www.iryou.teikyouseido.mhlw.go.jp/znk-web/juminkanja/S2430/initialize?prefCd=35&kikanCd=2355827510&kikanKbn=2", "url2": null, "内容": "医療法人社団　すが眼科【2:診療所】【診療科目:眼科】山口県宇部市東須恵用尺７５１番地の１９" }, "geometry": { "type": "Point", "coordinates": [ 131.20775, 33.990583 ] } },
{ "type": "Feature", "properties": { "ID": 3522355827770, "正式名称": "医療法人社団はたもとクリニック", "機関区分": 2, "都道府県コード": 35, "市区町村コード": 216, "所在地": "山口県山陽小野田市日の出３丁目１０番１号", "緯度": 34.006806, "経度": 131.183528, "url": "https://www.iryou.teikyouseido.mhlw.go.jp/znk-web/juminkanja/S2430/initialize?prefCd=35&kikanCd=2355827770&kikanKbn=2", "url2": null, "内容": "医療法人社団はたもとクリニック【2:診療所】【診療科目:精神科_心療内科】山口県山陽小野田市日の出３丁目１０番１号" }, "geometry": { "type": "Point", "coordinates": [ 131.183528, 34.006806 ] } },
{ "type": "Feature", "properties": { "ID": 3522355827800, "正式名称": "医療法人社団　小沢内科医院", "機関区分": 2, "都道府県コード": 35, "市区町村コード": 202, "所在地": "山口県宇部市琴芝町１丁目４－３１", "緯度": 33.953778, "経度": 131.251167, "url": "https://www.iryou.teikyouseido.mhlw.go.jp/znk-web/juminkanja/S2430/initialize?prefCd=35&kikanCd=2355827800&kikanKbn=2", "url2": null, "内容": "医療法人社団　小沢内科医院【2:診療所】【診療科目:内科_呼吸器内科_循環器内科】山口県宇部市琴芝町１丁目４－３１" }, "geometry": { "type": "Point", "coordinates": [ 131.251167, 33.953778 ] } },
{ "type": "Feature", "properties": { "ID": 3522355828230, "正式名称": "医療法人　西垣内医院　西垣内放射線科", "機関区分": 2, "都道府県コード": 35, "市区町村コード": 202, "所在地": "山口県宇部市妻崎開作９１４－２", "緯度": 33.975167, "経度": 131.201472, "url": "https://www.iryou.teikyouseido.mhlw.go.jp/znk-web/juminkanja/S2430/initialize?prefCd=35&kikanCd=2355828230&kikanKbn=2", "url2": null, "内容": "医療法人　西垣内医院　西垣内放射線科【2:診療所】【診療科目:呼吸器内科_消化器内科_リハビリテーション科_放射線科】山口県宇部市妻崎開作９１４－２" }, "geometry": { "type": "Point", "coordinates": [ 131.201472, 33.975167 ] } },
{ "type": "Feature", "properties": { "ID": 3522355828650, "正式名称": "医療法人社団　いのくまこどもクリニック", "機関区分": 2, "都道府県コード": 35, "市区町村コード": 202, "所在地": "山口県宇部市西岐波大沢４５３５－５", "緯度": 33.9445, "経度": 131.288917, "url": "https://www.iryou.teikyouseido.mhlw.go.jp/znk-web/juminkanja/S2430/initialize?prefCd=35&kikanCd=2355828650&kikanKbn=2", "url2": null, "内容": "医療法人社団　いのくまこどもクリニック【2:診療所】【診療科目:小児科】山口県宇部市西岐波大沢４５３５－５" }, "geometry": { "type": "Point", "coordinates": [ 131.288917, 33.9445 ] } },
{ "type": "Feature", "properties": { "ID": 3522355828780, "正式名称": "医療法人社団新生皮ふ科クリニック", "機関区分": 2, "都道府県コード": 35, "市区町村コード": 216, "所在地": "山口県山陽小野田市新生２丁目４番３号", "緯度": 34.002167, "経度": 131.179583, "url": "https://www.iryou.teikyouseido.mhlw.go.jp/znk-web/juminkanja/S2430/initialize?prefCd=35&kikanCd=2355828780&kikanKbn=2", "url2": null, "内容": "医療法人社団新生皮ふ科クリニック【2:診療所】【診療科目:皮膚科_アレルギー科】山口県山陽小野田市新生２丁目４番３号" }, "geometry": { "type": "Point", "coordinates": [ 131.179583, 34.002167 ] } },
{ "type": "Feature", "properties": { "ID": 3522355829080, "正式名称": "医療法人社団小羽山クリニック", "機関区分": 2, "都道府県コード": 35, "市区町村コード": 202, "所在地": "山口県宇部市北小羽山町２丁目６番５２号", "緯度": 33.978111, "経度": 131.25975, "url": "https://www.iryou.teikyouseido.mhlw.go.jp/znk-web/juminkanja/S2430/initialize?prefCd=35&kikanCd=2355829080&kikanKbn=2", "url2": null, "内容": "医療法人社団小羽山クリニック【2:診療所】【診療科目:皮膚科】山口県宇部市北小羽山町２丁目６番５２号" }, "geometry": { "type": "Point", "coordinates": [ 131.25975, 33.978111 ] } },
{ "type": "Feature", "properties": { "ID": 3522355829110, "正式名称": "ときわクリニック", "機関区分": 2, "都道府県コード": 35, "市区町村コード": 202, "所在地": "山口県宇部市西岐波４７３９番地の２", "緯度": 33.948944, "経度": 131.291194, "url": "https://www.iryou.teikyouseido.mhlw.go.jp/znk-web/juminkanja/S2430/initialize?prefCd=35&kikanCd=2355829110&kikanKbn=2", "url2": null, "内容": "ときわクリニック【2:診療所】【診療科目:内科_呼吸器内科_消化器内科_胃腸内科_外科_脳神経外科_整形外科_リハビリテーション科】山口県宇部市西岐波４７３９番地の２" }, "geometry": { "type": "Point", "coordinates": [ 131.291194, 33.948944 ] } },
{ "type": "Feature", "properties": { "ID": 3522355829240, "正式名称": "渡辺内科医院", "機関区分": 2, "都道府県コード": 35, "市区町村コード": 202, "所在地": "山口県宇部市松山町４丁目９の７", "緯度": 33.937528, "経度": 131.258278, "url": "https://www.iryou.teikyouseido.mhlw.go.jp/znk-web/juminkanja/S2430/initialize?prefCd=35&kikanCd=2355829240&kikanKbn=2", "url2": null, "内容": "渡辺内科医院【2:診療所】【診療科目:内科_消化器内科_放射線科】山口県宇部市松山町４丁目９の７" }, "geometry": { "type": "Point", "coordinates": [ 131.258278, 33.937528 ] } },
{ "type": "Feature", "properties": { "ID": 3522355829400, "正式名称": "ひらき内科", "機関区分": 2, "都道府県コード": 35, "市区町村コード": 202, "所在地": "山口県宇部市開１丁目３番地３号", "緯度": 33.964722, "経度": 131.278778, "url": "https://www.iryou.teikyouseido.mhlw.go.jp/znk-web/juminkanja/S2430/initialize?prefCd=35&kikanCd=2355829400&kikanKbn=2", "url2": "http://www.hiraki-mc.com", "内容": "ひらき内科【2:診療所】【診療科目:内科】山口県宇部市開１丁目３番地３号" }, "geometry": { "type": "Point", "coordinates": [ 131.278778, 33.964722 ] } },
{ "type": "Feature", "properties": { "ID": 3522355829660, "正式名称": "吉崎内科医院", "機関区分": 2, "都道府県コード": 35, "市区町村コード": 213, "所在地": "山口県美祢市美東町大田５４５７ー３", "緯度": 34.219583, "経度": 131.344306, "url": "https://www.iryou.teikyouseido.mhlw.go.jp/znk-web/juminkanja/S2430/initialize?prefCd=35&kikanCd=2355829660&kikanKbn=2", "url2": null, "内容": "吉崎内科医院【2:診療所】【診療科目:内科_小児科_リハビリテーション科】山口県美祢市美東町大田５４５７ー３" }, "geometry": { "type": "Point", "coordinates": [ 131.344306, 34.219583 ] } },
{ "type": "Feature", "properties": { "ID": 3522355829820, "正式名称": "むらかみこどもクリニック", "機関区分": 2, "都道府県コード": 35, "市区町村コード": 202, "所在地": "山口県宇部市大字東須恵字下四町開作１９７７－１１", "緯度": 33.980861, "経度": 131.202194, "url": "https://www.iryou.teikyouseido.mhlw.go.jp/znk-web/juminkanja/S2430/initialize?prefCd=35&kikanCd=2355829820&kikanKbn=2", "url2": null, "内容": "むらかみこどもクリニック【2:診療所】【診療科目:小児科_アレルギー科】山口県宇部市大字東須恵字下四町開作１９７７－１１" }, "geometry": { "type": "Point", "coordinates": [ 131.202194, 33.980861 ] } },
{ "type": "Feature", "properties": { "ID": 3522355829950, "正式名称": "医療法人社団　あさひクリニック", "機関区分": 2, "都道府県コード": 35, "市区町村コード": 216, "所在地": "山口県山陽小野田市郡４４５－５", "緯度": 34.050167, "経度": 131.171333, "url": "https://www.iryou.teikyouseido.mhlw.go.jp/znk-web/juminkanja/S2430/initialize?prefCd=35&kikanCd=2355829950&kikanKbn=2", "url2": null, "内容": "医療法人社団　あさひクリニック【2:診療所】【診療科目:内科_呼吸器内科_循環器内科_小児科_リハビリテーション科】山口県山陽小野田市郡４４５－５" }, "geometry": { "type": "Point", "coordinates": [ 131.171333, 34.050167 ] } },
{ "type": "Feature", "properties": { "ID": 3522355830060, "正式名称": "医療法人社団にしむら内科クリニック", "機関区分": 2, "都道府県コード": 35, "市区町村コード": 202, "所在地": "山口県宇部市山門四丁目１番２７号", "緯度": 33.963972, "経度": 131.274861, "url": "https://www.iryou.teikyouseido.mhlw.go.jp/znk-web/juminkanja/S2430/initialize?prefCd=35&kikanCd=2355830060&kikanKbn=2", "url2": "nishimura-c.byoinnavi.jp/", "内容": "医療法人社団にしむら内科クリニック【2:診療所】【診療科目:内科_呼吸器内科_循環器内科_消化器内科_リハビリテーション科_放射線科】山口県宇部市山門四丁目１番２７号" }, "geometry": { "type": "Point", "coordinates": [ 131.274861, 33.963972 ] } },
{ "type": "Feature", "properties": { "ID": 3522355830350, "正式名称": "栗栖クリニック", "機関区分": 2, "都道府県コード": 35, "市区町村コード": 202, "所在地": "山口県宇部市大字東岐波字塩田１０９６番地１", "緯度": 33.990806, "経度": 131.348889, "url": "https://www.iryou.teikyouseido.mhlw.go.jp/znk-web/juminkanja/S2430/initialize?prefCd=35&kikanCd=2355830350&kikanKbn=2", "url2": "https://www.kurisu-cl.com/", "内容": "栗栖クリニック【2:診療所】【診療科目:内科_消化器内科_外科_リハビリテーション科】山口県宇部市大字東岐波字塩田１０９６番地１" }, "geometry": { "type": "Point", "coordinates": [ 131.348889, 33.990806 ] } },
{ "type": "Feature", "properties": { "ID": 3522355830480, "正式名称": "いとう眼科クリニック", "機関区分": 2, "都道府県コード": 35, "市区町村コード": 216, "所在地": "山口県山陽小野田市日の出２丁目１６９５－２", "緯度": 34.006806, "経度": 131.179944, "url": "https://www.iryou.teikyouseido.mhlw.go.jp/znk-web/juminkanja/S2430/initialize?prefCd=35&kikanCd=2355830480&kikanKbn=2", "url2": null, "内容": "いとう眼科クリニック【2:診療所】【診療科目:眼科】山口県山陽小野田市日の出２丁目１６９５－２" }, "geometry": { "type": "Point", "coordinates": [ 131.179944, 34.006806 ] } },
{ "type": "Feature", "properties": { "ID": 3522355830510, "正式名称": "医療法人社団長谷川眼科琴芝クリニック", "機関区分": 2, "都道府県コード": 35, "市区町村コード": 202, "所在地": "山口県宇部市北琴芝２丁目５番２１号", "緯度": 33.959889, "経度": 131.2595, "url": "https://www.iryou.teikyouseido.mhlw.go.jp/znk-web/juminkanja/S2430/initialize?prefCd=35&kikanCd=2355830510&kikanKbn=2", "url2": null, "内容": "医療法人社団長谷川眼科琴芝クリニック【2:診療所】【診療科目:眼科】山口県宇部市北琴芝２丁目５番２１号" }, "geometry": { "type": "Point", "coordinates": [ 131.2595, 33.959889 ] } },
{ "type": "Feature", "properties": { "ID": 3522355830640, "正式名称": "医療法人　健生会　いのうえ内科医院", "機関区分": 2, "都道府県コード": 35, "市区町村コード": 216, "所在地": "山口県山陽小野田市須恵一丁目４番１０号", "緯度": 33.973917, "経度": 131.178889, "url": "https://www.iryou.teikyouseido.mhlw.go.jp/znk-web/juminkanja/S2430/initialize?prefCd=35&kikanCd=2355830640&kikanKbn=2", "url2": null, "内容": "医療法人　健生会　いのうえ内科医院【2:診療所】【診療科目:内科_糖尿病内科】山口県山陽小野田市須恵一丁目４番１０号" }, "geometry": { "type": "Point", "coordinates": [ 131.178889, 33.973917 ] } },
{ "type": "Feature", "properties": { "ID": 3522355830770, "正式名称": "医療法人社団稲本内科医院", "機関区分": 2, "都道府県コード": 35, "市区町村コード": 216, "所在地": "山口県山陽小野田市楴山二丁目１番１０号", "緯度": 34.013472, "経度": 131.184472, "url": "https://www.iryou.teikyouseido.mhlw.go.jp/znk-web/juminkanja/S2430/initialize?prefCd=35&kikanCd=2355830770&kikanKbn=2", "url2": "http://www5d.biglobe.ne.jp/~inamoto/", "内容": "医療法人社団稲本内科医院【2:診療所】【診療科目:内科_消化器内科_漢方内科_リハビリテーション科_放射線科】山口県山陽小野田市楴山二丁目１番１０号" }, "geometry": { "type": "Point", "coordinates": [ 131.184472, 34.013472 ] } },
{ "type": "Feature", "properties": { "ID": 3522355830800, "正式名称": "医療法人江仁会耳鼻咽喉科タハラクリニック", "機関区分": 2, "都道府県コード": 35, "市区町村コード": 216, "所在地": "山口県山陽小野田市大字東高泊１２７５番地の６", "緯度": 34.012556, "経度": 131.180222, "url": "https://www.iryou.teikyouseido.mhlw.go.jp/znk-web/juminkanja/S2430/initialize?prefCd=35&kikanCd=2355830800&kikanKbn=2", "url2": "hiromi0914.xsrv.jp", "内容": "医療法人江仁会耳鼻咽喉科タハラクリニック【2:診療所】【診療科目:小児耳鼻いんこう科_耳鼻いんこう科_頭頸部・耳鼻いんこう科_めまい科_アレルギー科】山口県山陽小野田市大字東高泊１２７５番地の６" }, "geometry": { "type": "Point", "coordinates": [ 131.180222, 34.012556 ] } },
{ "type": "Feature", "properties": { "ID": 3522355831100, "正式名称": "医療法人社団小野整形外科クリニック", "機関区分": 2, "都道府県コード": 35, "市区町村コード": 202, "所在地": "山口県宇部市大字西岐波字山村２７５９番６", "緯度": 33.958056, "経度": 131.310083, "url": "https://www.iryou.teikyouseido.mhlw.go.jp/znk-web/juminkanja/S2430/initialize?prefCd=35&kikanCd=2355831100&kikanKbn=2", "url2": "http://stg.ymg.urban.ne.jp/home/tdsono/", "内容": "医療法人社団小野整形外科クリニック【2:診療所】【診療科目:整形外科_リウマチ科_リハビリテーション科】山口県宇部市大字西岐波字山村２７５９番６" }, "geometry": { "type": "Point", "coordinates": [ 131.310083, 33.958056 ] } },
{ "type": "Feature", "properties": { "ID": 3522355831520, "正式名称": "医療法人社団はしもと産婦人科医院", "機関区分": 2, "都道府県コード": 35, "市区町村コード": 202, "所在地": "山口県宇部市大字東須恵１９５９－１０", "緯度": 33.980889, "経度": 131.203028, "url": "https://www.iryou.teikyouseido.mhlw.go.jp/znk-web/juminkanja/S2430/initialize?prefCd=35&kikanCd=2355831520&kikanKbn=2", "url2": "http://hashimoto-lc.jp/", "内容": "医療法人社団はしもと産婦人科医院【2:診療所】【診療科目:産婦人科】山口県宇部市大字東須恵１９５９－１０" }, "geometry": { "type": "Point", "coordinates": [ 131.203028, 33.980889 ] } },
{ "type": "Feature", "properties": { "ID": 3522355831650, "正式名称": "医療法人社団　野間クリニック", "機関区分": 2, "都道府県コード": 35, "市区町村コード": 213, "所在地": "山口県美祢市大嶺町東分４４７－２", "緯度": 34.17225, "経度": 131.209444, "url": "https://www.iryou.teikyouseido.mhlw.go.jp/znk-web/juminkanja/S2430/initialize?prefCd=35&kikanCd=2355831650&kikanKbn=2", "url2": null, "内容": "医療法人社団　野間クリニック【2:診療所】【診療科目:内科_漢方内科_外科_小児科】山口県美祢市大嶺町東分４４７－２" }, "geometry": { "type": "Point", "coordinates": [ 131.209444, 34.17225 ] } },
{ "type": "Feature", "properties": { "ID": 3522355831780, "正式名称": "医療法人社団　寛仁会　藤村内科クリニック", "機関区分": 2, "都道府県コード": 35, "市区町村コード": 213, "所在地": "山口県美祢市大嶺町東分前川２９０－１", "緯度": 34.166361, "経度": 131.20825, "url": "https://www.iryou.teikyouseido.mhlw.go.jp/znk-web/juminkanja/S2430/initialize?prefCd=35&kikanCd=2355831780&kikanKbn=2", "url2": "fujimuranaika.com", "内容": "医療法人社団　寛仁会　藤村内科クリニック【2:診療所】【診療科目:内科_呼吸器内科_循環器内科_消化器内科_リハビリテーション科_放射線科】山口県美祢市大嶺町東分前川２９０－１" }, "geometry": { "type": "Point", "coordinates": [ 131.20825, 34.166361 ] } },
{ "type": "Feature", "properties": { "ID": 3522355831810, "正式名称": "医療法人香山会　きわらクリニック耳鼻咽喉科", "機関区分": 2, "都道府県コード": 35, "市区町村コード": 202, "所在地": "山口県宇部市東岐波１０５３－６", "緯度": 33.988889, "経度": 131.345861, "url": "https://www.iryou.teikyouseido.mhlw.go.jp/znk-web/juminkanja/S2430/initialize?prefCd=35&kikanCd=2355831810&kikanKbn=2", "url2": "https://kiwaraclinic.wixsite.com/ubeshi", "内容": "医療法人香山会　きわらクリニック耳鼻咽喉科【2:診療所】【診療科目:耳鼻いんこう科】山口県宇部市東岐波１０５３－６" }, "geometry": { "type": "Point", "coordinates": [ 131.345861, 33.988889 ] } },
{ "type": "Feature", "properties": { "ID": 3522355832110, "正式名称": "医療法人社団ニシムラ内科", "機関区分": 2, "都道府県コード": 35, "市区町村コード": 202, "所在地": "山口県宇部市東岐波花園２１５１－２", "緯度": 33.988, "経度": 131.343667, "url": "https://www.iryou.teikyouseido.mhlw.go.jp/znk-web/juminkanja/S2430/initialize?prefCd=35&kikanCd=2355832110&kikanKbn=2", "url2": "https://www.nishimura-im.jp", "内容": "医療法人社団ニシムラ内科【2:診療所】【診療科目:内科】山口県宇部市東岐波花園２１５１－２" }, "geometry": { "type": "Point", "coordinates": [ 131.343667, 33.988 ] } },
{ "type": "Feature", "properties": { "ID": 3522355832240, "正式名称": "沖中耳鼻咽喉科クリニック", "機関区分": 2, "都道府県コード": 35, "市区町村コード": 202, "所在地": "山口県宇部市岬町１－２－３３", "緯度": 33.932972, "経度": 131.26275, "url": "https://www.iryou.teikyouseido.mhlw.go.jp/znk-web/juminkanja/S2430/initialize?prefCd=35&kikanCd=2355832240&kikanKbn=2", "url2": "http://www.c-able.ne.jp/~okent/", "内容": "沖中耳鼻咽喉科クリニック【2:診療所】【診療科目:耳鼻いんこう科】山口県宇部市岬町１－２－３３" }, "geometry": { "type": "Point", "coordinates": [ 131.26275, 33.932972 ] } },
{ "type": "Feature", "properties": { "ID": 3522355832400, "正式名称": "いそやま泌尿器科クリニック", "機関区分": 2, "都道府県コード": 35, "市区町村コード": 202, "所在地": "山口県宇部市西岐波浜田１５５０－５", "緯度": 33.971431, "経度": 131.315983, "url": "https://www.iryou.teikyouseido.mhlw.go.jp/znk-web/juminkanja/S2430/initialize?prefCd=35&kikanCd=2355832400&kikanKbn=2", "url2": "https://www.isoyama-hinyokika.com", "内容": "いそやま泌尿器科クリニック【2:診療所】【診療科目:腎臓内科_泌尿器科_腎臓・泌尿器科】山口県宇部市西岐波浜田１５５０－５" }, "geometry": { "type": "Point", "coordinates": [ 131.315983, 33.971431 ] } },
{ "type": "Feature", "properties": { "ID": 3522355832660, "正式名称": "なかの眼科クリニック", "機関区分": 2, "都道府県コード": 35, "市区町村コード": 202, "所在地": "山口県宇部市西岐波１７２２－１", "緯度": 33.9585, "経度": 131.320778, "url": "https://www.iryou.teikyouseido.mhlw.go.jp/znk-web/juminkanja/S2430/initialize?prefCd=35&kikanCd=2355832660&kikanKbn=2", "url2": "http://nakano-eyeclinic.jp", "内容": "なかの眼科クリニック【2:診療所】【診療科目:眼科】山口県宇部市西岐波１７２２－１" }, "geometry": { "type": "Point", "coordinates": [ 131.320778, 33.9585 ] } },
{ "type": "Feature", "properties": { "ID": 3522355832790, "正式名称": "わだ泌尿器科クリニック", "機関区分": 2, "都道府県コード": 35, "市区町村コード": 202, "所在地": "山口県宇部市沼１丁目１－２３", "緯度": 33.964028, "経度": 131.264111, "url": "https://www.iryou.teikyouseido.mhlw.go.jp/znk-web/juminkanja/S2430/initialize?prefCd=35&kikanCd=2355832790&kikanKbn=2", "url2": null, "内容": "わだ泌尿器科クリニック【2:診療所】【診療科目:泌尿器科】山口県宇部市沼１丁目１－２３" }, "geometry": { "type": "Point", "coordinates": [ 131.264111, 33.964028 ] } },
{ "type": "Feature", "properties": { "ID": 3522355832820, "正式名称": "医療法人　耀裕会　いけだ整形外科", "機関区分": 2, "都道府県コード": 35, "市区町村コード": 202, "所在地": "山口県宇部市昭和町１丁目４番７号", "緯度": 33.941528, "経度": 131.254944, "url": "https://www.iryou.teikyouseido.mhlw.go.jp/znk-web/juminkanja/S2430/initialize?prefCd=35&kikanCd=2355832820&kikanKbn=2", "url2": null, "内容": "医療法人　耀裕会　いけだ整形外科【2:診療所】【診療科目:整形外科_リウマチ科_リハビリテーション科】山口県宇部市昭和町１丁目４番７号" }, "geometry": { "type": "Point", "coordinates": [ 131.254944, 33.941528 ] } },
{ "type": "Feature", "properties": { "ID": 3522355833250, "正式名称": "医療法人社団大西クリニック", "機関区分": 2, "都道府県コード": 35, "市区町村コード": 202, "所在地": "山口県宇部市大字東岐波２１１８番地の１３", "緯度": 33.989528, "経度": 131.345028, "url": "https://www.iryou.teikyouseido.mhlw.go.jp/znk-web/juminkanja/S2430/initialize?prefCd=35&kikanCd=2355833250&kikanKbn=2", "url2": "onishiclinic.jp", "内容": "医療法人社団大西クリニック【2:診療所】【診療科目:精神科_心療内科】山口県宇部市大字東岐波２１１８番地の１３" }, "geometry": { "type": "Point", "coordinates": [ 131.345028, 33.989528 ] } },
{ "type": "Feature", "properties": { "ID": 3522355833380, "正式名称": "医療法人社団あいべ内科クリニック", "機関区分": 2, "都道府県コード": 35, "市区町村コード": 202, "所在地": "山口県宇部市船木行光６８３番地", "緯度": 34.043556, "経度": 131.218083, "url": "https://www.iryou.teikyouseido.mhlw.go.jp/znk-web/juminkanja/S2430/initialize?prefCd=35&kikanCd=2355833380&kikanKbn=2", "url2": "aibeclinic.com", "内容": "医療法人社団あいべ内科クリニック【2:診療所】【診療科目:内科_呼吸器内科_循環器内科_消化器内科】山口県宇部市船木行光６８３番地" }, "geometry": { "type": "Point", "coordinates": [ 131.218083, 34.043556 ] } },
{ "type": "Feature", "properties": { "ID": 3522355833540, "正式名称": "医療法人ささい　おのだ放射線科クリニック", "機関区分": 2, "都道府県コード": 35, "市区町村コード": 202, "所在地": "山口県宇部市東小羽山町４丁目１－２", "緯度": 33.982861, "経度": 131.263306, "url": "https://www.iryou.teikyouseido.mhlw.go.jp/znk-web/juminkanja/S2430/initialize?prefCd=35&kikanCd=2355833540&kikanKbn=2", "url2": null, "内容": "医療法人ささい　おのだ放射線科クリニック【2:診療所】【診療科目:呼吸器内科_胃腸内科_放射線科】山口県宇部市東小羽山町４丁目１－２" }, "geometry": { "type": "Point", "coordinates": [ 131.263306, 33.982861 ] } },
{ "type": "Feature", "properties": { "ID": 3522355833670, "正式名称": "医療法人　テレサ会　西川医院", "機関区分": 2, "都道府県コード": 35, "市区町村コード": 202, "所在地": "山口県宇部市西岐波岩上３２５番地１", "緯度": 33.97, "経度": 131.300917, "url": "https://www.iryou.teikyouseido.mhlw.go.jp/znk-web/juminkanja/S2430/initialize?prefCd=35&kikanCd=2355833670&kikanKbn=2", "url2": "http://teresa-kai.byoinnavi.jp/", "内容": "医療法人　テレサ会　西川医院【2:診療所】【診療科目:内科_胃腸内科_外科_肛門外科_児童精神科_小児神経科　発達小児科_精神科_リハビリテーション科_放射線科】山口県宇部市西岐波岩上３２５番地１" }, "geometry": { "type": "Point", "coordinates": [ 131.300917, 33.97 ] } },
{ "type": "Feature", "properties": { "ID": 3522355833700, "正式名称": "医療法人社団札場クリニック", "機関区分": 2, "都道府県コード": 35, "市区町村コード": 213, "所在地": "山口県美祢市大嶺町東分３４６０－２", "緯度": 34.165222, "経度": 131.202861, "url": "https://www.iryou.teikyouseido.mhlw.go.jp/znk-web/juminkanja/S2430/initialize?prefCd=35&kikanCd=2355833700&kikanKbn=2", "url2": null, "内容": "医療法人社団札場クリニック【2:診療所】【診療科目:内科_神経内科_脳神経外科_リハビリテーション科】山口県美祢市大嶺町東分３４６０－２" }, "geometry": { "type": "Point", "coordinates": [ 131.202861, 34.165222 ] } },
{ "type": "Feature", "properties": { "ID": 3522355833830, "正式名称": "社会福祉法人同朋福祉会　ともの園クリニック", "機関区分": 2, "都道府県コード": 35, "市区町村コード": 213, "所在地": "山口県美祢市於福町下３３６０番地", "緯度": 34.246889, "経度": 131.213611, "url": "https://www.iryou.teikyouseido.mhlw.go.jp/znk-web/juminkanja/S2430/initialize?prefCd=35&kikanCd=2355833830&kikanKbn=2", "url2": null, "内容": "社会福祉法人同朋福祉会　ともの園クリニック【2:診療所】【診療科目:内科_循環器内科_精神科_放射線科】山口県美祢市於福町下３３６０番地" }, "geometry": { "type": "Point", "coordinates": [ 131.213611, 34.246889 ] } },
{ "type": "Feature", "properties": { "ID": 3522355834000, "正式名称": "医療法人社団　松岡整形外科", "機関区分": 2, "都道府県コード": 35, "市区町村コード": 216, "所在地": "山口県山陽小野田市北竜王町１６－１７", "緯度": 33.968361, "経度": 131.176833, "url": "https://www.iryou.teikyouseido.mhlw.go.jp/znk-web/juminkanja/S2430/initialize?prefCd=35&kikanCd=2355834000&kikanKbn=2", "url2": null, "内容": "医療法人社団　松岡整形外科【2:診療所】【診療科目:整形外科_リハビリテーション科】山口県山陽小野田市北竜王町１６－１７" }, "geometry": { "type": "Point", "coordinates": [ 131.176833, 33.968361 ] } },
{ "type": "Feature", "properties": { "ID": 3522355834130, "正式名称": "医療法人原田外科医院", "機関区分": 2, "都道府県コード": 35, "市区町村コード": 213, "所在地": "山口県美祢市大嶺町東分３２２番地の１", "緯度": 34.167722, "経度": 131.207194, "url": "https://www.iryou.teikyouseido.mhlw.go.jp/znk-web/juminkanja/S2430/initialize?prefCd=35&kikanCd=2355834130&kikanKbn=2", "url2": null, "内容": "医療法人原田外科医院【2:診療所】【診療科目:内科_外科_整形外科_リハビリテーション科】山口県美祢市大嶺町東分３２２番地の１" }, "geometry": { "type": "Point", "coordinates": [ 131.207194, 34.167722 ] } },
{ "type": "Feature", "properties": { "ID": 3522355834390, "正式名称": "扶老会クリニック", "機関区分": 2, "都道府県コード": 35, "市区町村コード": 202, "所在地": "山口県宇部市船木８３３番地", "緯度": 34.048806, "経度": 131.192, "url": "https://www.iryou.teikyouseido.mhlw.go.jp/znk-web/juminkanja/S2430/initialize?prefCd=35&kikanCd=2355834390&kikanKbn=2", "url2": "http://www.furoukai.jp", "内容": "扶老会クリニック【2:診療所】【診療科目:内科_神経内科_精神科_心療内科】山口県宇部市船木８３３番地" }, "geometry": { "type": "Point", "coordinates": [ 131.192, 34.048806 ] } },
{ "type": "Feature", "properties": { "ID": 3522355834420, "正式名称": "医療法人社団内田内科消化器科", "機関区分": 2, "都道府県コード": 35, "市区町村コード": 202, "所在地": "山口県宇部市床波二丁目５番２６号", "緯度": 33.954056, "経度": 131.307611, "url": "https://www.iryou.teikyouseido.mhlw.go.jp/znk-web/juminkanja/S2430/initialize?prefCd=35&kikanCd=2355834420&kikanKbn=2", "url2": "https://utidanaika-ube.com", "内容": "医療法人社団内田内科消化器科【2:診療所】【診療科目:内科_消化器内科_放射線科】山口県宇部市床波二丁目５番２６号" }, "geometry": { "type": "Point", "coordinates": [ 131.307611, 33.954056 ] } },
{ "type": "Feature", "properties": { "ID": 3522355834680, "正式名称": "医療法人　田中としろう眼科", "機関区分": 2, "都道府県コード": 35, "市区町村コード": 216, "所在地": "山口県山陽小野田市厚狭今市１４３４－１８", "緯度": 34.059722, "経度": 131.173472, "url": "https://www.iryou.teikyouseido.mhlw.go.jp/znk-web/juminkanja/S2430/initialize?prefCd=35&kikanCd=2355834680&kikanKbn=2", "url2": null, "内容": "医療法人　田中としろう眼科【2:診療所】【診療科目:眼科】山口県山陽小野田市厚狭今市１４３４－１８" }, "geometry": { "type": "Point", "coordinates": [ 131.173472, 34.059722 ] } },
{ "type": "Feature", "properties": { "ID": 3522355834710, "正式名称": "医療法人雅美会きわなみ内科クリニック", "機関区分": 2, "都道府県コード": 35, "市区町村コード": 202, "所在地": "山口県宇部市西宇部南三丁目２番１５号", "緯度": 34.001833, "経度": 131.21975, "url": "https://www.iryou.teikyouseido.mhlw.go.jp/znk-web/juminkanja/S2430/initialize?prefCd=35&kikanCd=2355834710&kikanKbn=2", "url2": null, "内容": "医療法人雅美会きわなみ内科クリニック【2:診療所】【診療科目:内科_糖尿病内科_呼吸器内科_甲状腺内科】山口県宇部市西宇部南三丁目２番１５号" }, "geometry": { "type": "Point", "coordinates": [ 131.21975, 34.001833 ] } },
{ "type": "Feature", "properties": { "ID": 3522355834840, "正式名称": "医療法人　楽寿堂　松岡小児科", "機関区分": 2, "都道府県コード": 35, "市区町村コード": 202, "所在地": "山口県宇部市西宇部南４－６－７", "緯度": 34.001611, "経度": 131.222194, "url": "https://www.iryou.teikyouseido.mhlw.go.jp/znk-web/juminkanja/S2430/initialize?prefCd=35&kikanCd=2355834840&kikanKbn=2", "url2": "https://matsuoka-shounika.com", "内容": "医療法人　楽寿堂　松岡小児科【2:診療所】【診療科目:小児科_アレルギー科】山口県宇部市西宇部南４－６－７" }, "geometry": { "type": "Point", "coordinates": [ 131.222194, 34.001611 ] } },
{ "type": "Feature", "properties": { "ID": 3522355834970, "正式名称": "たての皮膚科クリニック", "機関区分": 2, "都道府県コード": 35, "市区町村コード": 202, "所在地": "山口県宇部市東岐波５６７６", "緯度": 33.976028, "経度": 131.336139, "url": "https://www.iryou.teikyouseido.mhlw.go.jp/znk-web/juminkanja/S2430/initialize?prefCd=35&kikanCd=2355834970&kikanKbn=2", "url2": null, "内容": "たての皮膚科クリニック【2:診療所】【診療科目:皮膚科】山口県宇部市東岐波５６７６" }, "geometry": { "type": "Point", "coordinates": [ 131.336139, 33.976028 ] } },
{ "type": "Feature", "properties": { "ID": 3522355835140, "正式名称": "すがメンタルクリニック", "機関区分": 2, "都道府県コード": 35, "市区町村コード": 202, "所在地": "山口県宇部市中野開作４３３－３", "緯度": 33.982806, "経度": 131.216417, "url": "https://www.iryou.teikyouseido.mhlw.go.jp/znk-web/juminkanja/S2430/initialize?prefCd=35&kikanCd=2355835140&kikanKbn=2", "url2": "http://www.sgsts.jp", "内容": "すがメンタルクリニック【2:診療所】【診療科目:精神科_心療内科】山口県宇部市中野開作４３３－３" }, "geometry": { "type": "Point", "coordinates": [ 131.216417, 33.982806 ] } },
{ "type": "Feature", "properties": { "ID": 3522355835270, "正式名称": "医療法人聖比留会　厚狭セントヒル泌尿器科", "機関区分": 2, "都道府県コード": 35, "市区町村コード": 216, "所在地": "山口県山陽小野田市大字厚狭字今市１４４５番地１", "緯度": 34.060972, "経度": 131.174111, "url": "https://www.iryou.teikyouseido.mhlw.go.jp/znk-web/juminkanja/S2430/initialize?prefCd=35&kikanCd=2355835270&kikanKbn=2", "url2": "http//www.sthill-hp.or.jp", "内容": "医療法人聖比留会　厚狭セントヒル泌尿器科【2:診療所】【診療科目:泌尿器科】山口県山陽小野田市大字厚狭字今市１４４５番地１" }, "geometry": { "type": "Point", "coordinates": [ 131.174111, 34.060972 ] } },
{ "type": "Feature", "properties": { "ID": 3522355835850, "正式名称": "医療法人社団かわかみ整形外科・小児科クリニック", "機関区分": 2, "都道府県コード": 35, "市区町村コード": 202, "所在地": "山口県宇部市野原１丁目５－５", "緯度": 33.950083, "経度": 131.270667, "url": "https://www.iryou.teikyouseido.mhlw.go.jp/znk-web/juminkanja/S2430/initialize?prefCd=35&kikanCd=2355835850&kikanKbn=2", "url2": "http://kawakamiclinic.or.jp/", "内容": "医療法人社団かわかみ整形外科・小児科クリニック【2:診療所】【診療科目:整形外科_小児科_リウマチ科_リハビリテーション科】山口県宇部市野原１丁目５－５" }, "geometry": { "type": "Point", "coordinates": [ 131.270667, 33.950083 ] } },
{ "type": "Feature", "properties": { "ID": 3522355836020, "正式名称": "わたなべ泌尿器科", "機関区分": 2, "都道府県コード": 35, "市区町村コード": 216, "所在地": "山口県山陽小野田市中川４－６－１３", "緯度": 33.989944, "経度": 131.175333, "url": "https://www.iryou.teikyouseido.mhlw.go.jp/znk-web/juminkanja/S2430/initialize?prefCd=35&kikanCd=2355836020&kikanKbn=2", "url2": "https://www.watanabe-hinyokika.com/", "内容": "わたなべ泌尿器科【2:診療所】【診療科目:泌尿器科】山口県山陽小野田市中川４－６－１３" }, "geometry": { "type": "Point", "coordinates": [ 131.175333, 33.989944 ] } },
{ "type": "Feature", "properties": { "ID": 3522355836150, "正式名称": "医療法人社団なかの耳鼻咽喉科クリニック", "機関区分": 2, "都道府県コード": 35, "市区町村コード": 202, "所在地": "山口県宇部市妻崎開作１１０－３", "緯度": 33.979111, "経度": 131.216917, "url": "https://www.iryou.teikyouseido.mhlw.go.jp/znk-web/juminkanja/S2430/initialize?prefCd=35&kikanCd=2355836150&kikanKbn=2", "url2": null, "内容": "医療法人社団なかの耳鼻咽喉科クリニック【2:診療所】【診療科目:耳鼻いんこう科】山口県宇部市妻崎開作１１０－３" }, "geometry": { "type": "Point", "coordinates": [ 131.216917, 33.979111 ] } },
{ "type": "Feature", "properties": { "ID": 3522355836310, "正式名称": "しらさわ内科クリニック", "機関区分": 2, "都道府県コード": 35, "市区町村コード": 216, "所在地": "山口県山陽小野田市北竜王町１０番１０号", "緯度": 33.970222, "経度": 131.176306, "url": "https://www.iryou.teikyouseido.mhlw.go.jp/znk-web/juminkanja/S2430/initialize?prefCd=35&kikanCd=2355836310&kikanKbn=2", "url2": "http://www.shirasawa-clinic.net/", "内容": "しらさわ内科クリニック【2:診療所】【診療科目:内科_消化器内科_放射線科】山口県山陽小野田市北竜王町１０番１０号" }, "geometry": { "type": "Point", "coordinates": [ 131.176306, 33.970222 ] } },
{ "type": "Feature", "properties": { "ID": 3522355836440, "正式名称": "医療法人　緒方耳鼻咽喉科クリニック", "機関区分": 2, "都道府県コード": 35, "市区町村コード": 202, "所在地": "山口県宇部市東小串１丁目１－６８", "緯度": 33.96275, "経度": 131.251833, "url": "https://www.iryou.teikyouseido.mhlw.go.jp/znk-web/juminkanja/S2430/initialize?prefCd=35&kikanCd=2355836440&kikanKbn=2", "url2": null, "内容": "医療法人　緒方耳鼻咽喉科クリニック【2:診療所】【診療科目:耳鼻いんこう科】山口県宇部市東小串１丁目１－６８" }, "geometry": { "type": "Point", "coordinates": [ 131.251833, 33.96275 ] } },
{ "type": "Feature", "properties": { "ID": 3522355836860, "正式名称": "よしもと小児科", "機関区分": 2, "都道府県コード": 35, "市区町村コード": 202, "所在地": "山口県宇部市中尾一丁目７番１０号", "緯度": 33.969583, "経度": 131.267611, "url": "https://www.iryou.teikyouseido.mhlw.go.jp/znk-web/juminkanja/S2430/initialize?prefCd=35&kikanCd=2355836860&kikanKbn=2", "url2": "https://www.yoshimoto-child.com/", "内容": "よしもと小児科【2:診療所】【診療科目:小児科】山口県宇部市中尾一丁目７番１０号" }, "geometry": { "type": "Point", "coordinates": [ 131.267611, 33.969583 ] } },
{ "type": "Feature", "properties": { "ID": 3522355836990, "正式名称": "医療法人社団長谷川眼科", "機関区分": 2, "都道府県コード": 35, "市区町村コード": 216, "所在地": "山口県山陽小野田市中川４丁目４番１号", "緯度": 33.988611, "経度": 131.177028, "url": "https://www.iryou.teikyouseido.mhlw.go.jp/znk-web/juminkanja/S2430/initialize?prefCd=35&kikanCd=2355836990&kikanKbn=2", "url2": null, "内容": "医療法人社団長谷川眼科【2:診療所】【診療科目:眼科】山口県山陽小野田市中川４丁目４番１号" }, "geometry": { "type": "Point", "coordinates": [ 131.177028, 33.988611 ] } },
{ "type": "Feature", "properties": { "ID": 3522355837030, "正式名称": "医療法人社団厚心会やまもとクリニック", "機関区分": 2, "都道府県コード": 35, "市区町村コード": 202, "所在地": "山口県宇部市黒石北三丁目１番５３号", "緯度": 33.984276, "経度": 131.212593, "url": "https://www.iryou.teikyouseido.mhlw.go.jp/znk-web/juminkanja/S2430/initialize?prefCd=35&kikanCd=2355837030&kikanKbn=2", "url2": null, "内容": "医療法人社団厚心会やまもとクリニック【2:診療所】【診療科目:内科_消化器内科_外科_リハビリテーション科】山口県宇部市黒石北三丁目１番５３号" }, "geometry": { "type": "Point", "coordinates": [ 131.212593, 33.984276 ] } },
{ "type": "Feature", "properties": { "ID": 3522355837160, "正式名称": "医療法人社団岡野整形外科クリニック", "機関区分": 2, "都道府県コード": 35, "市区町村コード": 216, "所在地": "山口県山陽小野田市大字西高泊６４８番２４", "緯度": 34.007361, "経度": 131.176056, "url": "https://www.iryou.teikyouseido.mhlw.go.jp/znk-web/juminkanja/S2430/initialize?prefCd=35&kikanCd=2355837160&kikanKbn=2", "url2": null, "内容": "医療法人社団岡野整形外科クリニック【2:診療所】【診療科目:整形外科】山口県山陽小野田市大字西高泊６４８番２４" }, "geometry": { "type": "Point", "coordinates": [ 131.176056, 34.007361 ] } },
{ "type": "Feature", "properties": { "ID": 3522355837290, "正式名称": "むべの里診療所", "機関区分": 2, "都道府県コード": 35, "市区町村コード": 202, "所在地": "山口県宇部市大字東須恵字大浴３２０－１９", "緯度": 33.992556, "経度": 131.200806, "url": "https://www.iryou.teikyouseido.mhlw.go.jp/znk-web/juminkanja/S2430/initialize?prefCd=35&kikanCd=2355837290&kikanKbn=2", "url2": null, "内容": "むべの里診療所【2:診療所】【診療科目:内科】山口県宇部市大字東須恵字大浴３２０－１９" }, "geometry": { "type": "Point", "coordinates": [ 131.200806, 33.992556 ] } },
{ "type": "Feature", "properties": { "ID": 3522355837450, "正式名称": "医療法人てらい内科クリニック", "機関区分": 2, "都道府県コード": 35, "市区町村コード": 216, "所在地": "山口県山陽小野田市桜一丁目１番５号", "緯度": 34.053175, "経度": 131.158019, "url": "https://www.iryou.teikyouseido.mhlw.go.jp/znk-web/juminkanja/S2430/initialize?prefCd=35&kikanCd=2355837450&kikanKbn=2", "url2": "http://www.citydo.com/prf/yamaguchi/guide/sg/480001120.html", "内容": "医療法人てらい内科クリニック【2:診療所】【診療科目:内科_消化器内科】山口県山陽小野田市桜一丁目１番５号" }, "geometry": { "type": "Point", "coordinates": [ 131.158019, 34.053175 ] } },
{ "type": "Feature", "properties": { "ID": 3522355837900, "正式名称": "医療法人太白会　ひがしきわ整形外科クリニック", "機関区分": 2, "都道府県コード": 35, "市区町村コード": 202, "所在地": "山口県宇部市東岐波大津出５６１０番地７", "緯度": 33.97275, "経度": 131.334083, "url": "https://www.iryou.teikyouseido.mhlw.go.jp/znk-web/juminkanja/S2430/initialize?prefCd=35&kikanCd=2355837900&kikanKbn=2", "url2": "http://www.c-able.ne.jp/~seaside/sub12.html", "内容": "医療法人太白会　ひがしきわ整形外科クリニック【2:診療所】【診療科目:整形外科_リハビリテーション科】山口県宇部市東岐波大津出５６１０番地７" }, "geometry": { "type": "Point", "coordinates": [ 131.334083, 33.97275 ] } },
{ "type": "Feature", "properties": { "ID": 3522355838040, "正式名称": "永井皮ふ科医院", "機関区分": 2, "都道府県コード": 35, "市区町村コード": 202, "所在地": "山口県宇部市厚南北１丁目３－２２", "緯度": 33.99925, "経度": 131.218889, "url": "https://www.iryou.teikyouseido.mhlw.go.jp/znk-web/juminkanja/S2430/initialize?prefCd=35&kikanCd=2355838040&kikanKbn=2", "url2": null, "内容": "永井皮ふ科医院【2:診療所】【診療科目:皮膚科】山口県宇部市厚南北１丁目３－２２" }, "geometry": { "type": "Point", "coordinates": [ 131.218889, 33.99925 ] } },
{ "type": "Feature", "properties": { "ID": 3522355838330, "正式名称": "くろかわクリニック", "機関区分": 2, "都道府県コード": 35, "市区町村コード": 202, "所在地": "山口県宇部市亀浦１丁目２番２２号", "緯度": 33.942611, "経度": 131.287139, "url": "https://www.iryou.teikyouseido.mhlw.go.jp/znk-web/juminkanja/S2430/initialize?prefCd=35&kikanCd=2355838330&kikanKbn=2", "url2": "www.myclinic.ne.jp/kurokaw/pc", "内容": "くろかわクリニック【2:診療所】【診療科目:神経内科_脳神経外科】山口県宇部市亀浦１丁目２番２２号" }, "geometry": { "type": "Point", "coordinates": [ 131.287139, 33.942611 ] } },
{ "type": "Feature", "properties": { "ID": 3522355838590, "正式名称": "はらぐち内科呼吸器科", "機関区分": 2, "都道府県コード": 35, "市区町村コード": 202, "所在地": "山口県宇部市明神町１－１－２１", "緯度": 33.932278, "経度": 131.261861, "url": "https://www.iryou.teikyouseido.mhlw.go.jp/znk-web/juminkanja/S2430/initialize?prefCd=35&kikanCd=2355838590&kikanKbn=2", "url2": null, "内容": "はらぐち内科呼吸器科【2:診療所】【診療科目:内科_呼吸器内科_循環器内科_アレルギー疾患内科】山口県宇部市明神町１－１－２１" }, "geometry": { "type": "Point", "coordinates": [ 131.261861, 33.932278 ] } },
{ "type": "Feature", "properties": { "ID": 3522355838620, "正式名称": "あきよし竹尾クリニック", "機関区分": 2, "都道府県コード": 35, "市区町村コード": 213, "所在地": "山口県美祢市秋芳町秋吉５４４１－３", "緯度": 34.214417, "経度": 131.289194, "url": "https://www.iryou.teikyouseido.mhlw.go.jp/znk-web/juminkanja/S2430/initialize?prefCd=35&kikanCd=2355838620&kikanKbn=2", "url2": null, "内容": "あきよし竹尾クリニック【2:診療所】【診療科目:内科_外科_リハビリテーション科】山口県美祢市秋芳町秋吉５４４１－３" }, "geometry": { "type": "Point", "coordinates": [ 131.289194, 34.214417 ] } },
{ "type": "Feature", "properties": { "ID": 3522355838750, "正式名称": "医療法人　たお内科クリニック", "機関区分": 2, "都道府県コード": 35, "市区町村コード": 202, "所在地": "山口県宇部市島二丁目４番１１号", "緯度": 33.959306, "経度": 131.244139, "url": "https://www.iryou.teikyouseido.mhlw.go.jp/znk-web/juminkanja/S2430/initialize?prefCd=35&kikanCd=2355838750&kikanKbn=2", "url2": "http://www.c-able.ne.jp/~tao-imc/", "内容": "医療法人　たお内科クリニック【2:診療所】【診療科目:内科】山口県宇部市島二丁目４番１１号" }, "geometry": { "type": "Point", "coordinates": [ 131.244139, 33.959306 ] } },
{ "type": "Feature", "properties": { "ID": 3522355838880, "正式名称": "ペインクリニック山本医院", "機関区分": 2, "都道府県コード": 35, "市区町村コード": 202, "所在地": "山口県宇部市東須恵上流川２２９７－１", "緯度": 33.978611, "経度": 131.20125, "url": "https://www.iryou.teikyouseido.mhlw.go.jp/znk-web/juminkanja/S2430/initialize?prefCd=35&kikanCd=2355838880&kikanKbn=2", "url2": "http://www.yamamotopainclinic.jp/", "内容": "ペインクリニック山本医院【2:診療所】【診療科目:疼痛緩和内科_ペインクリニック内科_麻酔科】山口県宇部市東須恵上流川２２９７－１" }, "geometry": { "type": "Point", "coordinates": [ 131.20125, 33.978611 ] } },
{ "type": "Feature", "properties": { "ID": 3522355838910, "正式名称": "医療法人社団藤野内科", "機関区分": 2, "都道府県コード": 35, "市区町村コード": 202, "所在地": "山口県宇部市寿町一丁目３番３３号", "緯度": 33.953806, "経度": 131.247833, "url": "https://www.iryou.teikyouseido.mhlw.go.jp/znk-web/juminkanja/S2430/initialize?prefCd=35&kikanCd=2355838910&kikanKbn=2", "url2": "https://www.fujino-naika.or.jp/", "内容": "医療法人社団藤野内科【2:診療所】【診療科目:内科_感染症内科_呼吸器内科_循環器内科】山口県宇部市寿町一丁目３番３３号" }, "geometry": { "type": "Point", "coordinates": [ 131.247833, 33.953806 ] } },
{ "type": "Feature", "properties": { "ID": 3522355839050, "正式名称": "医療法人　樹和会　くまがい眼科", "機関区分": 2, "都道府県コード": 35, "市区町村コード": 202, "所在地": "山口県宇部市東岐波２１２９－１", "緯度": 33.988889, "経度": 131.345056, "url": "https://www.iryou.teikyouseido.mhlw.go.jp/znk-web/juminkanja/S2430/initialize?prefCd=35&kikanCd=2355839050&kikanKbn=2", "url2": "http://kumagai-ganka.jp", "内容": "医療法人　樹和会　くまがい眼科【2:診療所】【診療科目:眼科】山口県宇部市東岐波２１２９－１" }, "geometry": { "type": "Point", "coordinates": [ 131.345056, 33.988889 ] } },
{ "type": "Feature", "properties": { "ID": 3522355839180, "正式名称": "よこやま皮ふ科クリニック", "機関区分": 2, "都道府県コード": 35, "市区町村コード": 202, "所在地": "山口県宇部市中野開作６８－４", "緯度": 33.992806, "経度": 131.219, "url": "https://www.iryou.teikyouseido.mhlw.go.jp/znk-web/juminkanja/S2430/initialize?prefCd=35&kikanCd=2355839180&kikanKbn=2", "url2": null, "内容": "よこやま皮ふ科クリニック【2:診療所】【診療科目:皮膚科】山口県宇部市中野開作６８－４" }, "geometry": { "type": "Point", "coordinates": [ 131.219, 33.992806 ] } },
{ "type": "Feature", "properties": { "ID": 3522355839500, "正式名称": "耳鼻咽喉科　伯野医院", "機関区分": 2, "都道府県コード": 35, "市区町村コード": 216, "所在地": "山口県山陽小野田市山川４５－２", "緯度": 34.055806, "経度": 131.159333, "url": "https://www.iryou.teikyouseido.mhlw.go.jp/znk-web/juminkanja/S2430/initialize?prefCd=35&kikanCd=2355839500&kikanKbn=2", "url2": "hakuno-entclinic.com", "内容": "耳鼻咽喉科　伯野医院【2:診療所】【診療科目:耳鼻いんこう科】山口県山陽小野田市山川４５－２" }, "geometry": { "type": "Point", "coordinates": [ 131.159333, 34.055806 ] } },
{ "type": "Feature", "properties": { "ID": 3522355839760, "正式名称": "医療法人社団　浜通りクリニック", "機関区分": 2, "都道府県コード": 35, "市区町村コード": 202, "所在地": "山口県宇部市東藤曲二丁目５番２０号", "緯度": 33.969506, "経度": 131.232944, "url": "https://www.iryou.teikyouseido.mhlw.go.jp/znk-web/juminkanja/S2430/initialize?prefCd=35&kikanCd=2355839760&kikanKbn=2", "url2": "http://www.hamadoori-clinic.com", "内容": "医療法人社団　浜通りクリニック【2:診療所】【診療科目:呼吸器内科_精神科_心療内科_アレルギー科】山口県宇部市東藤曲二丁目５番２０号" }, "geometry": { "type": "Point", "coordinates": [ 131.232944, 33.969506 ] } },
{ "type": "Feature", "properties": { "ID": 3522355839890, "正式名称": "くろいし内科クリニク", "機関区分": 2, "都道府県コード": 35, "市区町村コード": 202, "所在地": "山口県宇部市大字妻崎開作５０３－１", "緯度": 33.982889, "経度": 131.207278, "url": "https://www.iryou.teikyouseido.mhlw.go.jp/znk-web/juminkanja/S2430/initialize?prefCd=35&kikanCd=2355839890&kikanKbn=2", "url2": "http://kuroishi-naika.org", "内容": "くろいし内科クリニク【2:診療所】【診療科目:内科_呼吸器内科_循環器内科】山口県宇部市大字妻崎開作５０３－１" }, "geometry": { "type": "Point", "coordinates": [ 131.207278, 33.982889 ] } },
{ "type": "Feature", "properties": { "ID": 3522355839920, "正式名称": "医療法人社団　桜和会　ジョイ皮ふ科クリニック", "機関区分": 2, "都道府県コード": 35, "市区町村コード": 216, "所在地": "山口県山陽小野田市中川６丁目４－１　おのだサンパーク東館", "緯度": 33.985361, "経度": 131.170583, "url": "https://www.iryou.teikyouseido.mhlw.go.jp/znk-web/juminkanja/S2430/initialize?prefCd=35&kikanCd=2355839920&kikanKbn=2", "url2": "http://joyhifuka.jp", "内容": "医療法人社団　桜和会　ジョイ皮ふ科クリニック【2:診療所】【診療科目:皮膚科_アレルギー科】山口県山陽小野田市中川６丁目４－１　おのだサンパーク東館" }, "geometry": { "type": "Point", "coordinates": [ 131.170583, 33.985361 ] } },
{ "type": "Feature", "properties": { "ID": 3522355840030, "正式名称": "江本智子ウィメンズクリニック", "機関区分": 2, "都道府県コード": 35, "市区町村コード": 202, "所在地": "山口県宇部市神原町１丁目４－８", "緯度": 33.9515, "経度": 131.257528, "url": "https://www.iryou.teikyouseido.mhlw.go.jp/znk-web/juminkanja/S2430/initialize?prefCd=35&kikanCd=2355840030&kikanKbn=2", "url2": "http://www10.ocn.ne.jp/~tomocli/", "内容": "江本智子ウィメンズクリニック【2:診療所】【診療科目:女性内科_婦人科】山口県宇部市神原町１丁目４－８" }, "geometry": { "type": "Point", "coordinates": [ 131.257528, 33.9515 ] } },
{ "type": "Feature", "properties": { "ID": 3522355840320, "正式名称": "近本眼科", "機関区分": 2, "都道府県コード": 35, "市区町村コード": 202, "所在地": "山口県宇部市恩田町２－５－１５", "緯度": 33.947806, "経度": 131.263778, "url": "https://www.iryou.teikyouseido.mhlw.go.jp/znk-web/juminkanja/S2430/initialize?prefCd=35&kikanCd=2355840320&kikanKbn=2", "url2": "https://www.chikamoto.jp/", "内容": "近本眼科【2:診療所】【診療科目:眼科】山口県宇部市恩田町２－５－１５" }, "geometry": { "type": "Point", "coordinates": [ 131.263778, 33.947806 ] } },
{ "type": "Feature", "properties": { "ID": 3522355840450, "正式名称": "医療法人くさの胃腸内科クリニック", "機関区分": 2, "都道府県コード": 35, "市区町村コード": 202, "所在地": "山口県宇部市東須恵１９７６－１", "緯度": 33.980694, "経度": 131.202444, "url": "https://www.iryou.teikyouseido.mhlw.go.jp/znk-web/juminkanja/S2430/initialize?prefCd=35&kikanCd=2355840450&kikanKbn=2", "url2": "http://www.kusano-naika.com/", "内容": "医療法人くさの胃腸内科クリニック【2:診療所】【診療科目:内科_胃腸内科_肝臓内科_内視鏡内科】山口県宇部市東須恵１９７６－１" }, "geometry": { "type": "Point", "coordinates": [ 131.202444, 33.980694 ] } },
{ "type": "Feature", "properties": { "ID": 3522355840580, "正式名称": "医療法人社団はせがわ耳鼻クリニック", "機関区分": 2, "都道府県コード": 35, "市区町村コード": 216, "所在地": "山口県山陽小野田市厚狭４５８－１３", "緯度": 34.053083, "経度": 131.1725, "url": "https://www.iryou.teikyouseido.mhlw.go.jp/znk-web/juminkanja/S2430/initialize?prefCd=35&kikanCd=2355840580&kikanKbn=2", "url2": "http://www.hg-cl.jp/", "内容": "医療法人社団はせがわ耳鼻クリニック【2:診療所】【診療科目:耳鼻いんこう科】山口県山陽小野田市厚狭４５８－１３" }, "geometry": { "type": "Point", "coordinates": [ 131.1725, 34.053083 ] } },
{ "type": "Feature", "properties": { "ID": 3522355840870, "正式名称": "医療法人社団　ＰＥＲＦＥＣＴＩＯＮ　くろいし眼科", "機関区分": 2, "都道府県コード": 35, "市区町村コード": 202, "所在地": "山口県宇部市東須恵１９６６－１", "緯度": 33.981111, "経度": 131.201972, "url": "https://www.iryou.teikyouseido.mhlw.go.jp/znk-web/juminkanja/S2430/initialize?prefCd=35&kikanCd=2355840870&kikanKbn=2", "url2": "http://kuroishi-eye.com", "内容": "医療法人社団　ＰＥＲＦＥＣＴＩＯＮ　くろいし眼科【2:診療所】【診療科目:小児眼科_眼科】山口県宇部市東須恵１９６６－１" }, "geometry": { "type": "Point", "coordinates": [ 131.201972, 33.981111 ] } },
{ "type": "Feature", "properties": { "ID": 3522355840900, "正式名称": "紫苑リハビリ内科クリニック", "機関区分": 2, "都道府県コード": 35, "市区町村コード": 216, "所在地": "山口県山陽小野田市大字厚狭字埴生田５０３番１", "緯度": 34.053306, "経度": 131.173861, "url": "https://www.iryou.teikyouseido.mhlw.go.jp/znk-web/juminkanja/S2430/initialize?prefCd=35&kikanCd=2355840900&kikanKbn=2", "url2": null, "内容": "紫苑リハビリ内科クリニック【2:診療所】【診療科目:内科_整形外科_リハビリテーション科】山口県山陽小野田市大字厚狭字埴生田５０３番１" }, "geometry": { "type": "Point", "coordinates": [ 131.173861, 34.053306 ] } },
{ "type": "Feature", "properties": { "ID": 3522355841040, "正式名称": "医療法人　比真会　たていしクリニック", "機関区分": 2, "都道府県コード": 35, "市区町村コード": 202, "所在地": "山口県宇部市常盤町１丁目４ー２５", "緯度": 33.951528, "経度": 131.249389, "url": "https://www.iryou.teikyouseido.mhlw.go.jp/znk-web/juminkanja/S2430/initialize?prefCd=35&kikanCd=2355841040&kikanKbn=2", "url2": "https://www.tateishi-clinic.com/", "内容": "医療法人　比真会　たていしクリニック【2:診療所】【診療科目:内科_循環器内科】山口県宇部市常盤町１丁目４ー２５" }, "geometry": { "type": "Point", "coordinates": [ 131.249389, 33.951528 ] } },
{ "type": "Feature", "properties": { "ID": 3522355841200, "正式名称": "金沢守クリニック", "機関区分": 2, "都道府県コード": 35, "市区町村コード": 202, "所在地": "山口県宇部市東岐波５６８９－４", "緯度": 33.976472, "経度": 131.336917, "url": "https://www.iryou.teikyouseido.mhlw.go.jp/znk-web/juminkanja/S2430/initialize?prefCd=35&kikanCd=2355841200&kikanKbn=2", "url2": "http://www.kanazawamamoru-clinic.jp", "内容": "金沢守クリニック【2:診療所】【診療科目:内科_外科_リウマチ科】山口県宇部市東岐波５６８９－４" }, "geometry": { "type": "Point", "coordinates": [ 131.336917, 33.976472 ] } },
{ "type": "Feature", "properties": { "ID": 3522355841330, "正式名称": "医療法人　和耀会　むらた循環器内科", "機関区分": 2, "都道府県コード": 35, "市区町村コード": 216, "所在地": "山口県山陽小野田市西高泊　６７２－２", "緯度": 34.005056, "経度": 131.175083, "url": "https://www.iryou.teikyouseido.mhlw.go.jp/znk-web/juminkanja/S2430/initialize?prefCd=35&kikanCd=2355841330&kikanKbn=2", "url2": "www.muratacvc.com", "内容": "医療法人　和耀会　むらた循環器内科【2:診療所】【診療科目:内科_循環器内科】山口県山陽小野田市西高泊　６７２－２" }, "geometry": { "type": "Point", "coordinates": [ 131.175083, 34.005056 ] } },
{ "type": "Feature", "properties": { "ID": 3522355841910, "正式名称": "よしかわ脳神経外科クリニック", "機関区分": 2, "都道府県コード": 35, "市区町村コード": 202, "所在地": "山口県宇部市東小串２－１－６", "緯度": 33.963139, "経度": 131.252806, "url": "https://www.iryou.teikyouseido.mhlw.go.jp/znk-web/juminkanja/S2430/initialize?prefCd=35&kikanCd=2355841910&kikanKbn=2", "url2": "www.yoshikawa-nouge.jp", "内容": "よしかわ脳神経外科クリニック【2:診療所】【診療科目:神経内科_脳神経外科】山口県宇部市東小串２－１－６" }, "geometry": { "type": "Point", "coordinates": [ 131.252806, 33.963139 ] } },
{ "type": "Feature", "properties": { "ID": 3522355842180, "正式名称": "江本内科", "機関区分": 2, "都道府県コード": 35, "市区町村コード": 202, "所在地": "山口県宇部市神原一丁目４番１０号", "緯度": 33.951417, "経度": 131.257444, "url": "https://www.iryou.teikyouseido.mhlw.go.jp/znk-web/juminkanja/S2430/initialize?prefCd=35&kikanCd=2355842180&kikanKbn=2", "url2": "www.emoto-clinic.org", "内容": "江本内科【2:診療所】【診療科目:内科_糖尿病内科_内分泌内科】山口県宇部市神原一丁目４番１０号" }, "geometry": { "type": "Point", "coordinates": [ 131.257444, 33.951417 ] } },
{ "type": "Feature", "properties": { "ID": 3522355842340, "正式名称": "医療法人社団平成会すながわこどもクリニック", "機関区分": 2, "都道府県コード": 35, "市区町村コード": 216, "所在地": "山口県山陽小野田市日の出２－２－６", "緯度": 34.004611, "経度": 131.180556, "url": "https://www.iryou.teikyouseido.mhlw.go.jp/znk-web/juminkanja/S2430/initialize?prefCd=35&kikanCd=2355842340&kikanKbn=2", "url2": "http://sunagawa-cc.com", "内容": "医療法人社団平成会すながわこどもクリニック【2:診療所】【診療科目:小児科】山口県山陽小野田市日の出２－２－６" }, "geometry": { "type": "Point", "coordinates": [ 131.180556, 34.004611 ] } },
{ "type": "Feature", "properties": { "ID": 3522355842630, "正式名称": "医療法人なわたクリニック", "機関区分": 2, "都道府県コード": 35, "市区町村コード": 202, "所在地": "山口県宇部市大字沖ノ旦６８６－１", "緯度": 33.996444, "経度": 131.227056, "url": "https://www.iryou.teikyouseido.mhlw.go.jp/znk-web/juminkanja/S2430/initialize?prefCd=35&kikanCd=2355842630&kikanKbn=2", "url2": "http://nawata-clinic.com", "内容": "医療法人なわたクリニック【2:診療所】【診療科目:内科_循環器内科_産婦人科_婦人科】山口県宇部市大字沖ノ旦６８６－１" }, "geometry": { "type": "Point", "coordinates": [ 131.227056, 33.996444 ] } },
{ "type": "Feature", "properties": { "ID": 3522355843350, "正式名称": "医療法人社団　しま産婦人科", "機関区分": 2, "都道府県コード": 35, "市区町村コード": 202, "所在地": "山口県宇部市島２丁目１－３", "緯度": 33.962361, "経度": 131.244417, "url": "https://www.iryou.teikyouseido.mhlw.go.jp/znk-web/juminkanja/S2430/initialize?prefCd=35&kikanCd=2355843350&kikanKbn=2", "url2": "https://www.shima-obgy.jp/", "内容": "医療法人社団　しま産婦人科【2:診療所】【診療科目:産婦人科】山口県宇部市島２丁目１－３" }, "geometry": { "type": "Point", "coordinates": [ 131.244417, 33.962361 ] } },
{ "type": "Feature", "properties": { "ID": 3522355843480, "正式名称": "波乗りクリニック", "機関区分": 2, "都道府県コード": 35, "市区町村コード": 202, "所在地": "山口県宇部市東岐波　丸尾　４３２７番８", "緯度": 33.966667, "経度": 131.349722, "url": "https://www.iryou.teikyouseido.mhlw.go.jp/znk-web/juminkanja/S2430/initialize?prefCd=35&kikanCd=2355843480&kikanKbn=2", "url2": "https://naminori.clinic/", "内容": "波乗りクリニック【2:診療所】【診療科目:内科_心療内科】山口県宇部市東岐波　丸尾　４３２７番８" }, "geometry": { "type": "Point", "coordinates": [ 131.349722, 33.966667 ] } },
{ "type": "Feature", "properties": { "ID": 3522355843770, "正式名称": "竹川小児科医院", "機関区分": 2, "都道府県コード": 35, "市区町村コード": 202, "所在地": "山口県宇部市厚南中央２丁目１－９", "緯度": 33.996333, "経度": 131.219361, "url": "https://www.iryou.teikyouseido.mhlw.go.jp/znk-web/juminkanja/S2430/initialize?prefCd=35&kikanCd=2355843770&kikanKbn=2", "url2": "http://www.takegawa-ccl.com/", "内容": "竹川小児科医院【2:診療所】【診療科目:小児科_アレルギー科】山口県宇部市厚南中央２丁目１－９" }, "geometry": { "type": "Point", "coordinates": [ 131.219361, 33.996333 ] } },
{ "type": "Feature", "properties": { "ID": 3522355843930, "正式名称": "ふじつ眼科", "機関区分": 2, "都道府県コード": 35, "市区町村コード": 202, "所在地": "山口県宇部市小串　９１－２０", "緯度": 33.968694, "経度": 131.252111, "url": "https://www.iryou.teikyouseido.mhlw.go.jp/znk-web/juminkanja/S2430/initialize?prefCd=35&kikanCd=2355843930&kikanKbn=2", "url2": "http://fujitsuganka.com", "内容": "ふじつ眼科【2:診療所】【診療科目:眼科】山口県宇部市小串　９１－２０" }, "geometry": { "type": "Point", "coordinates": [ 131.252111, 33.968694 ] } },
{ "type": "Feature", "properties": { "ID": 3522355844070, "正式名称": "おのだサンパークアイクリニック", "機関区分": 2, "都道府県コード": 35, "市区町村コード": 216, "所在地": "山口県山陽小野田市中川６－４－１　おのだサンパーク", "緯度": 33.985028, "経度": 131.170972, "url": "https://www.iryou.teikyouseido.mhlw.go.jp/znk-web/juminkanja/S2430/initialize?prefCd=35&kikanCd=2355844070&kikanKbn=2", "url2": null, "内容": "おのだサンパークアイクリニック【2:診療所】【診療科目:眼科】山口県山陽小野田市中川６－４－１　おのだサンパーク" }, "geometry": { "type": "Point", "coordinates": [ 131.170972, 33.985028 ] } },
{ "type": "Feature", "properties": { "ID": 3522355844490, "正式名称": "ねもと皮ふ科クリニック", "機関区分": 2, "都道府県コード": 35, "市区町村コード": 216, "所在地": "山口県山陽小野田市くし山１－１－７", "緯度": 34.008806, "経度": 131.181722, "url": "https://www.iryou.teikyouseido.mhlw.go.jp/znk-web/juminkanja/S2430/initialize?prefCd=35&kikanCd=2355844490&kikanKbn=2", "url2": "http://nemotohihuka.com", "内容": "ねもと皮ふ科クリニック【2:診療所】【診療科目:皮膚科_アレルギー科】山口県山陽小野田市くし山１－１－７" }, "geometry": { "type": "Point", "coordinates": [ 131.181722, 34.008806 ] } },
{ "type": "Feature", "properties": { "ID": 3522355844520, "正式名称": "ひうら整形外科クリニック", "機関区分": 2, "都道府県コード": 35, "市区町村コード": 202, "所在地": "山口県宇部市妻崎開作１０９", "緯度": 33.973444, "経度": 131.204472, "url": "https://www.iryou.teikyouseido.mhlw.go.jp/znk-web/juminkanja/S2430/initialize?prefCd=35&kikanCd=2355844520&kikanKbn=2", "url2": "http://www.hiura-oc.jp/", "内容": "ひうら整形外科クリニック【2:診療所】【診療科目:整形外科_リウマチ科_リハビリテーション科】山口県宇部市妻崎開作１０９" }, "geometry": { "type": "Point", "coordinates": [ 131.204472, 33.973444 ] } },
{ "type": "Feature", "properties": { "ID": 3522355844650, "正式名称": "中島内科在宅診療所", "機関区分": 2, "都道府県コード": 35, "市区町村コード": 216, "所在地": "山口県山陽小野田市日の出三丁目１５－１２", "緯度": 34.006806, "経度": 131.181833, "url": "https://www.iryou.teikyouseido.mhlw.go.jp/znk-web/juminkanja/S2430/initialize?prefCd=35&kikanCd=2355844650&kikanKbn=2", "url2": "https://nakashima-naika.jp", "内容": "中島内科在宅診療所【2:診療所】【診療科目:内科】山口県山陽小野田市日の出三丁目１５－１２" }, "geometry": { "type": "Point", "coordinates": [ 131.181833, 34.006806 ] } },
{ "type": "Feature", "properties": { "ID": 3522355844810, "正式名称": "医療法人　至誠会　かとう整形外科・リハビリテーション科", "機関区分": 2, "都道府県コード": 35, "市区町村コード": 202, "所在地": "山口県宇部市大字東須恵１９６３", "緯度": 33.990528, "経度": 131.208389, "url": "https://www.iryou.teikyouseido.mhlw.go.jp/znk-web/juminkanja/S2430/initialize?prefCd=35&kikanCd=2355844810&kikanKbn=2", "url2": "http://kato-clinic-yamaguchi.com/", "内容": "医療法人　至誠会　かとう整形外科・リハビリテーション科【2:診療所】【診療科目:整形外科_リハビリテーション科】山口県宇部市大字東須恵１９６３" }, "geometry": { "type": "Point", "coordinates": [ 131.208389, 33.990528 ] } },
{ "type": "Feature", "properties": { "ID": 3522355844940, "正式名称": "医療法人社団　鈴木眼科医院", "機関区分": 2, "都道府県コード": 35, "市区町村コード": 202, "所在地": "山口県宇部市今村北４丁目２６番８号", "緯度": 33.957389, "経度": 131.30825, "url": "https://www.iryou.teikyouseido.mhlw.go.jp/znk-web/juminkanja/S2430/initialize?prefCd=35&kikanCd=2355844940&kikanKbn=2", "url2": "http://www.suzuki-eye.net", "内容": "医療法人社団　鈴木眼科医院【2:診療所】【診療科目:眼科】山口県宇部市今村北４丁目２６番８号" }, "geometry": { "type": "Point", "coordinates": [ 131.30825, 33.957389 ] } },
{ "type": "Feature", "properties": { "ID": 3522355845080, "正式名称": "医療法人ＥＭＳ植田救急クリニック", "機関区分": 2, "都道府県コード": 35, "市区町村コード": 213, "所在地": "山口県美祢市大嶺町東分字沖田１２１０－１", "緯度": 34.181583, "経度": 131.211694, "url": "https://www.iryou.teikyouseido.mhlw.go.jp/znk-web/juminkanja/S2430/initialize?prefCd=35&kikanCd=2355845080&kikanKbn=2", "url2": "uedaqq.com", "内容": "医療法人ＥＭＳ植田救急クリニック【2:診療所】【診療科目:内科_循環器内科_外科_脳神経外科_整形外科_小児科_リハビリテーション科_救急科】山口県美祢市大嶺町東分字沖田１２１０－１" }, "geometry": { "type": "Point", "coordinates": [ 131.211694, 34.181583 ] } },
{ "type": "Feature", "properties": { "ID": 3522355845790, "正式名称": "まつなが整形外科クリニック", "機関区分": 2, "都道府県コード": 35, "市区町村コード": 202, "所在地": "山口県宇部市西小串２－６－１２", "緯度": 33.964583, "経度": 131.248139, "url": "https://www.iryou.teikyouseido.mhlw.go.jp/znk-web/juminkanja/S2430/initialize?prefCd=35&kikanCd=2355845790&kikanKbn=2", "url2": "http://matsunagaseikei.jp/", "内容": "まつなが整形外科クリニック【2:診療所】【診療科目:整形外科_リハビリテーション科】山口県宇部市西小串２－６－１２" }, "geometry": { "type": "Point", "coordinates": [ 131.248139, 33.964583 ] } },
{ "type": "Feature", "properties": { "ID": 3522355846410, "正式名称": "いちみや皮ふ科形成外科", "機関区分": 2, "都道府県コード": 35, "市区町村コード": 202, "所在地": "山口県宇部市鍋倉町２ー６", "緯度": 33.966389, "経度": 131.232222, "url": "https://www.iryou.teikyouseido.mhlw.go.jp/znk-web/juminkanja/S2430/initialize?prefCd=35&kikanCd=2355846410&kikanKbn=2", "url2": "http://r.goope.jp/ichimiya-hifukei/", "内容": "いちみや皮ふ科形成外科【2:診療所】【診療科目:形成外科_小児皮膚科_皮膚科_美容皮膚科】山口県宇部市鍋倉町２ー６" }, "geometry": { "type": "Point", "coordinates": [ 131.232222, 33.966389 ] } },
{ "type": "Feature", "properties": { "ID": 3522355846700, "正式名称": "わただ内科", "機関区分": 2, "都道府県コード": 35, "市区町村コード": 202, "所在地": "山口県宇部市寿町２丁目１２ー７", "緯度": 33.951278, "経度": 131.250778, "url": "https://www.iryou.teikyouseido.mhlw.go.jp/znk-web/juminkanja/S2430/initialize?prefCd=35&kikanCd=2355846700&kikanKbn=2", "url2": "https://www.watada-naika.com/", "内容": "わただ内科【2:診療所】【診療科目:内科_糖尿病・内分泌内科_呼吸器内科_リウマチ科】山口県宇部市寿町２丁目１２ー７" }, "geometry": { "type": "Point", "coordinates": [ 131.250778, 33.951278 ] } },
{ "type": "Feature", "properties": { "ID": 3522355853610, "正式名称": "わたなべクリニック", "機関区分": 2, "都道府県コード": 35, "市区町村コード": 202, "所在地": "山口県宇部市西小串６丁目５番５０号", "緯度": 33.964056, "経度": 131.246639, "url": "https://www.iryou.teikyouseido.mhlw.go.jp/znk-web/juminkanja/S2430/initialize?prefCd=35&kikanCd=2355853610&kikanKbn=2", "url2": "http://watanabeclinic-ube.com/index.html", "内容": "わたなべクリニック【2:診療所】【診療科目:精神科_心療内科】山口県宇部市西小串６丁目５番５０号" }, "geometry": { "type": "Point", "coordinates": [ 131.246639, 33.964056 ] } },
{ "type": "Feature", "properties": { "ID": 3522355855630, "正式名称": "はらだクリニック", "機関区分": 2, "都道府県コード": 35, "市区町村コード": 216, "所在地": "山口県山陽小野田市津布田２５０６ー１", "緯度": 34.033694, "経度": 131.099972, "url": "https://www.iryou.teikyouseido.mhlw.go.jp/znk-web/juminkanja/S2430/initialize?prefCd=35&kikanCd=2355855630&kikanKbn=2", "url2": "http://www.mickey-clinic.com", "内容": "はらだクリニック【2:診療所】【診療科目:内科_外科_リハビリテーション科】山口県山陽小野田市津布田２５０６ー１" }, "geometry": { "type": "Point", "coordinates": [ 131.099972, 34.033694 ] } },
{ "type": "Feature", "properties": { "ID": 3522355856060, "正式名称": "瀬戸整形外科クリニック", "機関区分": 2, "都道府県コード": 35, "市区町村コード": 216, "所在地": "山口県山陽小野田市稲荷町１１ー２０", "緯度": 33.983833, "経度": 131.178222, "url": "https://www.iryou.teikyouseido.mhlw.go.jp/znk-web/juminkanja/S2430/initialize?prefCd=35&kikanCd=2355856060&kikanKbn=2", "url2": "https://www.setoseikei.com/", "内容": "瀬戸整形外科クリニック【2:診療所】【診療科目:整形外科_リウマチ科_リハビリテーション科】山口県山陽小野田市稲荷町１１ー２０" }, "geometry": { "type": "Point", "coordinates": [ 131.178222, 33.983833 ] } },
{ "type": "Feature", "properties": { "ID": 3522355859540, "正式名称": "大草医院　ころ吉訪問診療所", "機関区分": 2, "都道府県コード": 35, "市区町村コード": 202, "所在地": "山口県宇部市ひらき台一丁目１６番６号", "緯度": 33.971806, "経度": 131.281611, "url": "https://www.iryou.teikyouseido.mhlw.go.jp/znk-web/juminkanja/S2430/initialize?prefCd=35&kikanCd=2355859540&kikanKbn=2", "url2": null, "内容": "大草医院　ころ吉訪問診療所【2:診療所】【診療科目:内科】山口県宇部市ひらき台一丁目１６番６号" }, "geometry": { "type": "Point", "coordinates": [ 131.281611, 33.971806 ] } },
{ "type": "Feature", "properties": { "ID": 3522355859960, "正式名称": "さの脳神経内科クリニック", "機関区分": 2, "都道府県コード": 35, "市区町村コード": 202, "所在地": "山口県宇部市妻崎開作１０７", "緯度": 33.979083, "経度": 131.217306, "url": "https://www.iryou.teikyouseido.mhlw.go.jp/znk-web/juminkanja/S2430/initialize?prefCd=35&kikanCd=2355859960&kikanKbn=2", "url2": null, "内容": "さの脳神経内科クリニック【2:診療所】【診療科目:脳神経内科_神経内科】山口県宇部市妻崎開作１０７" }, "geometry": { "type": "Point", "coordinates": [ 131.217306, 33.979083 ] } },
{ "type": "Feature", "properties": { "ID": 3522355862120, "正式名称": "たるもと耳鼻咽喉科クリニック", "機関区分": 2, "都道府県コード": 35, "市区町村コード": 202, "所在地": "山口県宇部市大字東須恵１９６１－１", "緯度": 33.981556, "経度": 131.202444, "url": "https://www.iryou.teikyouseido.mhlw.go.jp/znk-web/juminkanja/S2430/initialize?prefCd=35&kikanCd=2355862120&kikanKbn=2", "url2": "https://tarumoto.clinic", "内容": "たるもと耳鼻咽喉科クリニック【2:診療所】【診療科目:耳鼻いんこう科】山口県宇部市大字東須恵１９６１－１" }, "geometry": { "type": "Point", "coordinates": [ 131.202444, 33.981556 ] } },
{ "type": "Feature", "properties": { "ID": 3522355862540, "正式名称": "ふかみつ乳腺クリニック", "機関区分": 2, "都道府県コード": 35, "市区町村コード": 202, "所在地": "山口県宇部市寿町３丁目４－２４", "緯度": 33.950806, "経度": 131.252472, "url": "https://www.iryou.teikyouseido.mhlw.go.jp/znk-web/juminkanja/S2430/initialize?prefCd=35&kikanCd=2355862540&kikanKbn=2", "url2": "https://fukamitsu-breast-clinic.com/", "内容": "ふかみつ乳腺クリニック【2:診療所】【診療科目:内科_外科_乳腺外科】山口県宇部市寿町３丁目４－２４" }, "geometry": { "type": "Point", "coordinates": [ 131.252472, 33.950806 ] } },
{ "type": "Feature", "properties": { "ID": 3522355862670, "正式名称": "恩田ホームクリニック", "機関区分": 2, "都道府県コード": 35, "市区町村コード": 202, "所在地": "山口県宇部市草江２丁目１－４５", "緯度": 33.941139, "経度": 131.27375, "url": "https://www.iryou.teikyouseido.mhlw.go.jp/znk-web/juminkanja/S2430/initialize?prefCd=35&kikanCd=2355862670&kikanKbn=2", "url2": "http://www.ondahomeclinic.jp", "内容": "恩田ホームクリニック【2:診療所】【診療科目:内科_外科】山口県宇部市草江２丁目１－４５" }, "geometry": { "type": "Point", "coordinates": [ 131.27375, 33.941139 ] } },
{ "type": "Feature", "properties": { "ID": 3522355863000, "正式名称": "かわぞえクリニック", "機関区分": 2, "都道府県コード": 35, "市区町村コード": 202, "所在地": "山口県宇部市川添１－２－５", "緯度": 33.973176, "経度": 131.269405, "url": "https://www.iryou.teikyouseido.mhlw.go.jp/znk-web/juminkanja/S2430/initialize?prefCd=35&kikanCd=2355863000&kikanKbn=2", "url2": "https://www.mube-kawazoe.jp/", "内容": "かわぞえクリニック【2:診療所】【診療科目:内科_外科】山口県宇部市川添１－２－５" }, "geometry": { "type": "Point", "coordinates": [ 131.269405, 33.973176 ] } },
{ "type": "Feature", "properties": { "ID": 3522355866870, "正式名称": "たていし内科在宅診療所", "機関区分": 2, "都道府県コード": 35, "市区町村コード": 202, "所在地": "山口県宇部市南小串２丁目８－３－１０１", "緯度": 33.961187, "経度": 131.247629, "url": "https://www.iryou.teikyouseido.mhlw.go.jp/znk-web/juminkanja/S2430/initialize?prefCd=35&kikanCd=2355866870&kikanKbn=2", "url2": "https://tateishi-zaitaku-clinic.com/", "内容": "たていし内科在宅診療所【2:診療所】【診療科目:内科_老年内科_疼痛緩和内科_緩和ケア内科_麻酔科】山口県宇部市南小串２丁目８－３－１０１" }, "geometry": { "type": "Point", "coordinates": [ 131.247629, 33.961187 ] } },
{ "type": "Feature", "properties": { "ID": 3522355901540, "正式名称": "医療法人河村医院", "機関区分": 2, "都道府県コード": 35, "市区町村コード": 216, "所在地": "山口県山陽小野田市大字鴨ノ庄１８－６", "緯度": 34.056167, "経度": 131.158417, "url": "https://www.iryou.teikyouseido.mhlw.go.jp/znk-web/juminkanja/S2430/initialize?prefCd=35&kikanCd=2355901540&kikanKbn=2", "url2": "http://kawamura-iin.byoinnavi.jp/pc/", "内容": "医療法人河村医院【2:診療所】【診療科目:内科_外科_整形外科_リハビリテーション科】山口県山陽小野田市大字鴨ノ庄１８－６" }, "geometry": { "type": "Point", "coordinates": [ 131.158417, 34.056167 ] } },
{ "type": "Feature", "properties": { "ID": 3522355903720, "正式名称": "医療法人　隆正会　吉武内科クリニック", "機関区分": 2, "都道府県コード": 35, "市区町村コード": 216, "所在地": "山口県山陽小野田市大字厚狭　１０４０－１", "緯度": 34.058694, "経度": 131.173778, "url": "https://www.iryou.teikyouseido.mhlw.go.jp/znk-web/juminkanja/S2430/initialize?prefCd=35&kikanCd=2355903720&kikanKbn=2", "url2": null, "内容": "医療法人　隆正会　吉武内科クリニック【2:診療所】【診療科目:内科_消化器内科_肝臓内科_内視鏡内科_小児科_リハビリテーション科】山口県山陽小野田市大字厚狭　１０４０－１" }, "geometry": { "type": "Point", "coordinates": [ 131.173778, 34.058694 ] } },
{ "type": "Feature", "properties": { "ID": 3522355904020, "正式名称": "医療法人社団民正会　たみたに内科循環器科", "機関区分": 2, "都道府県コード": 35, "市区町村コード": 216, "所在地": "山口県山陽小野田市大字鴨庄１１番地３", "緯度": 34.056361, "経度": 131.156056, "url": "https://www.iryou.teikyouseido.mhlw.go.jp/znk-web/juminkanja/S2430/initialize?prefCd=35&kikanCd=2355904020&kikanKbn=2", "url2": "http://www.minseikai.jp", "内容": "医療法人社団民正会　たみたに内科循環器科【2:診療所】【診療科目:内科_呼吸器内科_循環器内科_胃腸内科】山口県山陽小野田市大字鴨庄１１番地３" }, "geometry": { "type": "Point", "coordinates": [ 131.156056, 34.056361 ] } },
{ "type": "Feature", "properties": { "ID": 3522356000730, "正式名称": "医療法人社団青雲会　青柳内科医院", "機関区分": 2, "都道府県コード": 35, "市区町村コード": 201, "所在地": "山口県下関市菊川町大字下岡枝３７５番地１", "緯度": 34.125667, "経度": 131.035167, "url": "https://www.iryou.teikyouseido.mhlw.go.jp/znk-web/juminkanja/S2430/initialize?prefCd=35&kikanCd=2356000730&kikanKbn=2", "url2": null, "内容": "医療法人社団青雲会　青柳内科医院【2:診療所】【診療科目:内科_循環器内科_消化器内科】山口県下関市菊川町大字下岡枝３７５番地１" }, "geometry": { "type": "Point", "coordinates": [ 131.035167, 34.125667 ] } },
{ "type": "Feature", "properties": { "ID": 3522356001740, "正式名称": "医療法人社団　江本外科・胃腸科医院", "機関区分": 2, "都道府県コード": 35, "市区町村コード": 201, "所在地": "山口県下関市菊川町下岡枝１７０－３", "緯度": 34.123944, "経度": 131.032722, "url": "https://www.iryou.teikyouseido.mhlw.go.jp/znk-web/juminkanja/S2430/initialize?prefCd=35&kikanCd=2356001740&kikanKbn=2", "url2": "https://byoinnavi.jp/clinic/165621", "内容": "医療法人社団　江本外科・胃腸科医院【2:診療所】【診療科目:内科_外科_乳腺外科_肛門外科_整形外科】山口県下関市菊川町下岡枝１７０－３" }, "geometry": { "type": "Point", "coordinates": [ 131.032722, 34.123944 ] } },
{ "type": "Feature", "properties": { "ID": 3522356001900, "正式名称": "医療法人社団千葉クリニック", "機関区分": 2, "都道府県コード": 35, "市区町村コード": 201, "所在地": "山口県下関市豊田町中村６―１", "緯度": 34.200194, "経度": 131.078361, "url": "https://www.iryou.teikyouseido.mhlw.go.jp/znk-web/juminkanja/S2430/initialize?prefCd=35&kikanCd=2356001900&kikanKbn=2", "url2": null, "内容": "医療法人社団千葉クリニック【2:診療所】【診療科目:内科_外科_麻酔科】山口県下関市豊田町中村６―１" }, "geometry": { "type": "Point", "coordinates": [ 131.078361, 34.200194 ] } },
{ "type": "Feature", "properties": { "ID": 3522356002170, "正式名称": "小田医院", "機関区分": 2, "都道府県コード": 35, "市区町村コード": 201, "所在地": "山口県下関市豊田町殿敷１８１０番地", "緯度": 34.203639, "経度": 131.079472, "url": "https://www.iryou.teikyouseido.mhlw.go.jp/znk-web/juminkanja/S2430/initialize?prefCd=35&kikanCd=2356002170&kikanKbn=2", "url2": null, "内容": "小田医院【2:診療所】【診療科目:内科_消化器内科_小児科】山口県下関市豊田町殿敷１８１０番地" }, "geometry": { "type": "Point", "coordinates": [ 131.079472, 34.203639 ] } },
{ "type": "Feature", "properties": { "ID": 3522356101930, "正式名称": "和田医院", "機関区分": 2, "都道府県コード": 35, "市区町村コード": 201, "所在地": "山口県下関市豊北町大字神田上２７６２番地１", "緯度": 34.286833, "経度": 130.893472, "url": "https://www.iryou.teikyouseido.mhlw.go.jp/znk-web/juminkanja/S2430/initialize?prefCd=35&kikanCd=2356101930&kikanKbn=2", "url2": null, "内容": "和田医院【2:診療所】【診療科目:内科】山口県下関市豊北町大字神田上２７６２番地１" }, "geometry": { "type": "Point", "coordinates": [ 130.893472, 34.286833 ] } },
{ "type": "Feature", "properties": { "ID": 3522356102100, "正式名称": "医療法人社団　藤本医院", "機関区分": 2, "都道府県コード": 35, "市区町村コード": 201, "所在地": "山口県下関市豊浦町川棚６９２３－１", "緯度": 34.147139, "経度": 130.924194, "url": "https://www.iryou.teikyouseido.mhlw.go.jp/znk-web/juminkanja/S2430/initialize?prefCd=35&kikanCd=2356102100&kikanKbn=2", "url2": null, "内容": "医療法人社団　藤本医院【2:診療所】【診療科目:内科_糖尿病内科_消化器内科_外科】山口県下関市豊浦町川棚６９２３－１" }, "geometry": { "type": "Point", "coordinates": [ 130.924194, 34.147139 ] } },
{ "type": "Feature", "properties": { "ID": 3522356102230, "正式名称": "下関市立角島診療所", "機関区分": 2, "都道府県コード": 35, "市区町村コード": 201, "所在地": "山口県下関市豊北町大字角島１４１８番地４", "緯度": 34.355528, "経度": 130.867, "url": "https://www.iryou.teikyouseido.mhlw.go.jp/znk-web/juminkanja/S2430/initialize?prefCd=35&kikanCd=2356102230&kikanKbn=2", "url2": "https://www.city.shimonoseki.lg.jp/site/toyotabyoin/", "内容": "下関市立角島診療所【2:診療所】【診療科目:内科_外科_小児科】山口県下関市豊北町大字角島１４１８番地４" }, "geometry": { "type": "Point", "coordinates": [ 130.867, 34.355528 ] } },
{ "type": "Feature", "properties": { "ID": 3522356102650, "正式名称": "下関市島戸診療所", "機関区分": 2, "都道府県コード": 35, "市区町村コード": 201, "所在地": "山口県下関市豊北町大字神田４０２５番地の２", "緯度": 34.354861, "経度": 130.901722, "url": "https://www.iryou.teikyouseido.mhlw.go.jp/znk-web/juminkanja/S2430/initialize?prefCd=35&kikanCd=2356102650&kikanKbn=2", "url2": null, "内容": "下関市島戸診療所【2:診療所】【診療科目:内科_循環器内科_小児科】山口県下関市豊北町大字神田４０２５番地の２" }, "geometry": { "type": "Point", "coordinates": [ 130.901722, 34.354861 ] } },
{ "type": "Feature", "properties": { "ID": 3522356102780, "正式名称": "医療法人社団しんむら医院", "機関区分": 2, "都道府県コード": 35, "市区町村コード": 201, "所在地": "山口県下関市豊浦町小串１９４－３", "緯度": 34.170639, "経度": 130.929472, "url": "https://www.iryou.teikyouseido.mhlw.go.jp/znk-web/juminkanja/S2430/initialize?prefCd=35&kikanCd=2356102780&kikanKbn=2", "url2": null, "内容": "医療法人社団しんむら医院【2:診療所】【診療科目:内科_呼吸器内科_循環器内科_胃腸内科_小児科_リハビリテーション科】山口県下関市豊浦町小串１９４－３" }, "geometry": { "type": "Point", "coordinates": [ 130.929472, 34.170639 ] } },
{ "type": "Feature", "properties": { "ID": 3522356103080, "正式名称": "医療法人社団　　誠洋会　重本内科", "機関区分": 2, "都道府県コード": 35, "市区町村コード": 201, "所在地": "山口県下関市豊浦町黒井", "緯度": 34.124245, "経度": 130.91292, "url": "https://www.iryou.teikyouseido.mhlw.go.jp/znk-web/juminkanja/S2430/initialize?prefCd=35&kikanCd=2356103080&kikanKbn=2", "url2": "https://sigemo.jimdofree.com/", "内容": "医療法人社団　　誠洋会　重本内科【2:診療所】【診療科目:内科_糖尿病内科】山口県下関市豊浦町黒井" }, "geometry": { "type": "Point", "coordinates": [ 130.91292, 34.124245 ] } },
{ "type": "Feature", "properties": { "ID": 3522356103240, "正式名称": "医療法人社団藤井クリニック", "機関区分": 2, "都道府県コード": 35, "市区町村コード": 201, "所在地": "山口県下関市豊北町大字滝部３１４６番２", "緯度": 34.289333, "経度": 130.948639, "url": "https://www.iryou.teikyouseido.mhlw.go.jp/znk-web/juminkanja/S2430/initialize?prefCd=35&kikanCd=2356103240&kikanKbn=2", "url2": null, "内容": "医療法人社団藤井クリニック【2:診療所】【診療科目:内科_麻酔科】山口県下関市豊北町大字滝部３１４６番２" }, "geometry": { "type": "Point", "coordinates": [ 130.948639, 34.289333 ] } },
{ "type": "Feature", "properties": { "ID": 3522356103790, "正式名称": "医療法人社団　若草会　木本クリニック", "機関区分": 2, "都道府県コード": 35, "市区町村コード": 201, "所在地": "山口県下関市豊北町大字阿川３７９６番地１", "緯度": 34.339472, "経度": 130.925778, "url": "https://www.iryou.teikyouseido.mhlw.go.jp/znk-web/juminkanja/S2430/initialize?prefCd=35&kikanCd=2356103790&kikanKbn=2", "url2": null, "内容": "医療法人社団　若草会　木本クリニック【2:診療所】【診療科目:内科_循環器内科_消化器内科_小児科】山口県下関市豊北町大字阿川３７９６番地１" }, "geometry": { "type": "Point", "coordinates": [ 130.925778, 34.339472 ] } },
{ "type": "Feature", "properties": { "ID": 3522356103820, "正式名称": "医療法人社団永山医院", "機関区分": 2, "都道府県コード": 35, "市区町村コード": 201, "所在地": "山口県下関市豊浦町川棚石橋６９２０番１", "緯度": 34.147639, "経度": 130.923417, "url": "https://www.iryou.teikyouseido.mhlw.go.jp/znk-web/juminkanja/S2430/initialize?prefCd=35&kikanCd=2356103820&kikanKbn=2", "url2": null, "内容": "医療法人社団永山医院【2:診療所】【診療科目:内科_耳鼻いんこう科】山口県下関市豊浦町川棚石橋６９２０番１" }, "geometry": { "type": "Point", "coordinates": [ 130.923417, 34.147639 ] } },
{ "type": "Feature", "properties": { "ID": 3522356104090, "正式名称": "医療法人社団じょうのクリニック", "機関区分": 2, "都道府県コード": 35, "市区町村コード": 201, "所在地": "山口県下関市豊浦町大字宇賀７４４４－２", "緯度": 34.208639, "経度": 130.932167, "url": "https://www.iryou.teikyouseido.mhlw.go.jp/znk-web/juminkanja/S2430/initialize?prefCd=35&kikanCd=2356104090&kikanKbn=2", "url2": null, "内容": "医療法人社団じょうのクリニック【2:診療所】【診療科目:内科_外科_リハビリテーション科】山口県下関市豊浦町大字宇賀７４４４－２" }, "geometry": { "type": "Point", "coordinates": [ 130.932167, 34.208639 ] } },
{ "type": "Feature", "properties": { "ID": 3522356104120, "正式名称": "あめやまクリニック", "機関区分": 2, "都道府県コード": 35, "市区町村コード": 201, "所在地": "山口県下関市菊川町大字田部１１４８番地５", "緯度": 34.114889, "経度": 131.033417, "url": "https://www.iryou.teikyouseido.mhlw.go.jp/znk-web/juminkanja/S2430/initialize?prefCd=35&kikanCd=2356104120&kikanKbn=2", "url2": null, "内容": "あめやまクリニック【2:診療所】【診療科目:内科_外科_リハビリテーション科_麻酔科】山口県下関市菊川町大字田部１１４８番地５" }, "geometry": { "type": "Point", "coordinates": [ 131.033417, 34.114889 ] } },
{ "type": "Feature", "properties": { "ID": 3522356104250, "正式名称": "医療法人ふじかわクリニック", "機関区分": 2, "都道府県コード": 35, "市区町村コード": 201, "所在地": "山口県下関市豊浦町川棚７２８７番地５", "緯度": 34.142556, "経度": 130.920694, "url": "https://www.iryou.teikyouseido.mhlw.go.jp/znk-web/juminkanja/S2430/initialize?prefCd=35&kikanCd=2356104250&kikanKbn=2", "url2": null, "内容": "医療法人ふじかわクリニック【2:診療所】【診療科目:内科_消化器内科_リハビリテーション科】山口県下関市豊浦町川棚７２８７番地５" }, "geometry": { "type": "Point", "coordinates": [ 130.920694, 34.142556 ] } },
{ "type": "Feature", "properties": { "ID": 3522356104380, "正式名称": "下関市立豊田中央病院殿居診療所", "機関区分": 2, "都道府県コード": 35, "市区町村コード": 201, "所在地": "山口県下関市豊田町大字荒木５１番地２", "緯度": 34.248889, "経度": 131.038444, "url": "https://www.iryou.teikyouseido.mhlw.go.jp/znk-web/juminkanja/S2430/initialize?prefCd=35&kikanCd=2356104380&kikanKbn=2", "url2": "https://www.city.shimonoseki.lg.jp/site/toyotabyoin/", "内容": "下関市立豊田中央病院殿居診療所【2:診療所】【診療科目:内科_外科】山口県下関市豊田町大字荒木５１番地２" }, "geometry": { "type": "Point", "coordinates": [ 131.038444, 34.248889 ] } },
{ "type": "Feature", "properties": { "ID": 3522356201120, "正式名称": "三澤医院", "機関区分": 2, "都道府県コード": 35, "市区町村コード": 213, "所在地": "山口県美祢市西厚保町本郷４１２", "緯度": 34.110583, "経度": 131.150917, "url": "https://www.iryou.teikyouseido.mhlw.go.jp/znk-web/juminkanja/S2430/initialize?prefCd=35&kikanCd=2356201120&kikanKbn=2", "url2": null, "内容": "三澤医院【2:診療所】【診療科目:内科_小児科】山口県美祢市西厚保町本郷４１２" }, "geometry": { "type": "Point", "coordinates": [ 131.150917, 34.110583 ] } },
{ "type": "Feature", "properties": { "ID": 3522356201700, "正式名称": "中元医院", "機関区分": 2, "都道府県コード": 35, "市区町村コード": 213, "所在地": "山口県美祢市伊佐町伊佐４８４７－１", "緯度": 34.166472, "経度": 131.219278, "url": "https://www.iryou.teikyouseido.mhlw.go.jp/znk-web/juminkanja/S2430/initialize?prefCd=35&kikanCd=2356201700&kikanKbn=2", "url2": null, "内容": "中元医院【2:診療所】【診療科目:内科_糖尿病内科_代謝内科_脂質代謝内科_糖尿病・内分泌内科_糖尿病・代謝内科_代謝・内分泌内科_呼吸器内科_老年・呼吸器内科_循環器内科_心臓内科_消化器内科_胃腸内科_肝臓内科_アレルギー疾患内科_小児科_麻酔科】山口県美祢市伊佐町伊佐４８４７－１" }, "geometry": { "type": "Point", "coordinates": [ 131.219278, 34.166472 ] } },
{ "type": "Feature", "properties": { "ID": 3522356203140, "正式名称": "医療法人社団　恵水会　山本医院", "機関区分": 2, "都道府県コード": 35, "市区町村コード": 213, "所在地": "山口県美祢市大嶺町東分３３６７－１", "緯度": 34.171139, "経度": 131.205306, "url": "https://www.iryou.teikyouseido.mhlw.go.jp/znk-web/juminkanja/S2430/initialize?prefCd=35&kikanCd=2356203140&kikanKbn=2", "url2": "https://yamamotoin.jimdofree.com/", "内容": "医療法人社団　恵水会　山本医院【2:診療所】【診療科目:内科_整形外科_小児科_リハビリテーション科】山口県美祢市大嶺町東分３３６７－１" }, "geometry": { "type": "Point", "coordinates": [ 131.205306, 34.171139 ] } },
{ "type": "Feature", "properties": { "ID": 3522356300300, "正式名称": "医療法人天野内科胃腸科医院", "機関区分": 2, "都道府県コード": 35, "市区町村コード": 211, "所在地": "山口県長門市東深川２０１０－１", "緯度": 34.366861, "経度": 131.179389, "url": "https://www.iryou.teikyouseido.mhlw.go.jp/znk-web/juminkanja/S2430/initialize?prefCd=35&kikanCd=2356300300&kikanKbn=2", "url2": "http//:www.amano-cl.com", "内容": "医療法人天野内科胃腸科医院【2:診療所】【診療科目:内科_消化器内科_放射線科】山口県長門市東深川２０１０－１" }, "geometry": { "type": "Point", "coordinates": [ 131.179389, 34.366861 ] } },
{ "type": "Feature", "properties": { "ID": 3522356301440, "正式名称": "医療法人俵道会　吉村内科", "機関区分": 2, "都道府県コード": 35, "市区町村コード": 211, "所在地": "山口県長門市東深川１９５３－１", "緯度": 34.367472, "経度": 131.181472, "url": "https://www.iryou.teikyouseido.mhlw.go.jp/znk-web/juminkanja/S2430/initialize?prefCd=35&kikanCd=2356301440&kikanKbn=2", "url2": null, "内容": "医療法人俵道会　吉村内科【2:診療所】【診療科目:内科_呼吸器内科_循環器内科】山口県長門市東深川１９５３－１" }, "geometry": { "type": "Point", "coordinates": [ 131.181472, 34.367472 ] } },
{ "type": "Feature", "properties": { "ID": 3522356301990, "正式名称": "岡田クリニック", "機関区分": 2, "都道府県コード": 35, "市区町村コード": 211, "所在地": "山口県長門市東深川１８５８－１", "緯度": 34.367444, "経度": 131.182472, "url": "https://www.iryou.teikyouseido.mhlw.go.jp/znk-web/juminkanja/S2430/initialize?prefCd=35&kikanCd=2356301990&kikanKbn=2", "url2": null, "内容": "岡田クリニック【2:診療所】【診療科目:内科_循環器内科_小児科】山口県長門市東深川１８５８－１" }, "geometry": { "type": "Point", "coordinates": [ 131.182472, 34.367444 ] } },
{ "type": "Feature", "properties": { "ID": 3522356302290, "正式名称": "桑原医院", "機関区分": 2, "都道府県コード": 35, "市区町村コード": 211, "所在地": "山口県長門市三隅下１３６７－５", "緯度": 34.36775, "経度": 131.238917, "url": "https://www.iryou.teikyouseido.mhlw.go.jp/znk-web/juminkanja/S2430/initialize?prefCd=35&kikanCd=2356302290&kikanKbn=2", "url2": null, "内容": "桑原医院【2:診療所】【診療科目:内科】山口県長門市三隅下１３６７－５" }, "geometry": { "type": "Point", "coordinates": [ 131.238917, 34.36775 ] } },
{ "type": "Feature", "properties": { "ID": 3522356302900, "正式名称": "医療法人良裕会　戸嶋医院", "機関区分": 2, "都道府県コード": 35, "市区町村コード": 211, "所在地": "山口県長門市油谷向津具下３３６９－２", "緯度": 34.407889, "経度": 130.974778, "url": "https://www.iryou.teikyouseido.mhlw.go.jp/znk-web/juminkanja/S2430/initialize?prefCd=35&kikanCd=2356302900&kikanKbn=2", "url2": null, "内容": "医療法人良裕会　戸嶋医院【2:診療所】【診療科目:内科_循環器内科_外科】山口県長門市油谷向津具下３３６９－２" }, "geometry": { "type": "Point", "coordinates": [ 130.974778, 34.407889 ] } },
{ "type": "Feature", "properties": { "ID": 3522356303880, "正式名称": "医療法人昌成会　國司眼科医院", "機関区分": 2, "都道府県コード": 35, "市区町村コード": 211, "所在地": "山口県長門市東深川８９０－４２", "緯度": 34.377583, "経度": 131.186222, "url": "https://www.iryou.teikyouseido.mhlw.go.jp/znk-web/juminkanja/S2430/initialize?prefCd=35&kikanCd=2356303880&kikanKbn=2", "url2": null, "内容": "医療法人昌成会　國司眼科医院【2:診療所】【診療科目:眼科】山口県長門市東深川８９０－４２" }, "geometry": { "type": "Point", "coordinates": [ 131.186222, 34.377583 ] } },
{ "type": "Feature", "properties": { "ID": 3522356304050, "正式名称": "宮尾医院", "機関区分": 2, "都道府県コード": 35, "市区町村コード": 211, "所在地": "山口県長門市仙崎１９６１－１１", "緯度": 34.394861, "経度": 131.199833, "url": "https://www.iryou.teikyouseido.mhlw.go.jp/znk-web/juminkanja/S2430/initialize?prefCd=35&kikanCd=2356304050&kikanKbn=2", "url2": null, "内容": "宮尾医院【2:診療所】【診療科目:内科_呼吸器内科_循環器内科】山口県長門市仙崎１９６１－１１" }, "geometry": { "type": "Point", "coordinates": [ 131.199833, 34.394861 ] } },
{ "type": "Feature", "properties": { "ID": 3522356304340, "正式名称": "木村クリニック", "機関区分": 2, "都道府県コード": 35, "市区町村コード": 211, "所在地": "山口県長門市油谷新別名９５３－２", "緯度": 34.373528, "経度": 131.057528, "url": "https://www.iryou.teikyouseido.mhlw.go.jp/znk-web/juminkanja/S2430/initialize?prefCd=35&kikanCd=2356304340&kikanKbn=2", "url2": null, "内容": "木村クリニック【2:診療所】【診療科目:内科_外科_整形外科_眼科_リハビリテーション科】山口県長門市油谷新別名９５３－２" }, "geometry": { "type": "Point", "coordinates": [ 131.057528, 34.373528 ] } },
{ "type": "Feature", "properties": { "ID": 3522356304630, "正式名称": "しみず循環器科内科医院", "機関区分": 2, "都道府県コード": 35, "市区町村コード": 211, "所在地": "山口県長門市東深川１３８５－１", "緯度": 34.371722, "経度": 131.1865, "url": "https://www.iryou.teikyouseido.mhlw.go.jp/znk-web/juminkanja/S2430/initialize?prefCd=35&kikanCd=2356304630&kikanKbn=2", "url2": null, "内容": "しみず循環器科内科医院【2:診療所】【診療科目:内科_呼吸器内科_循環器内科_リハビリテーション科】山口県長門市東深川１３８５－１" }, "geometry": { "type": "Point", "coordinates": [ 131.1865, 34.371722 ] } },
{ "type": "Feature", "properties": { "ID": 3522356304920, "正式名称": "半田内科クリニック", "機関区分": 2, "都道府県コード": 35, "市区町村コード": 211, "所在地": "山口県長門市東深川８３７番地の１", "緯度": 34.374056, "経度": 131.185611, "url": "https://www.iryou.teikyouseido.mhlw.go.jp/znk-web/juminkanja/S2430/initialize?prefCd=35&kikanCd=2356304920&kikanKbn=2", "url2": "hanta-naika.byoinnavi.jp", "内容": "半田内科クリニック【2:診療所】【診療科目:内科】山口県長門市東深川８３７番地の１" }, "geometry": { "type": "Point", "coordinates": [ 131.185611, 34.374056 ] } },
{ "type": "Feature", "properties": { "ID": 3522356305220, "正式名称": "医療法人洋明会　友近内科循環器科医院", "機関区分": 2, "都道府県コード": 35, "市区町村コード": 211, "所在地": "山口県長門市油谷新別名９９９－１０", "緯度": 34.373361, "経度": 131.060278, "url": "https://www.iryou.teikyouseido.mhlw.go.jp/znk-web/juminkanja/S2430/initialize?prefCd=35&kikanCd=2356305220&kikanKbn=2", "url2": null, "内容": "医療法人洋明会　友近内科循環器科医院【2:診療所】【診療科目:内科_循環器内科】山口県長門市油谷新別名９９９－１０" }, "geometry": { "type": "Point", "coordinates": [ 131.060278, 34.373361 ] } },
{ "type": "Feature", "properties": { "ID": 3522356305350, "正式名称": "医療法人　杏祐会　長門診療所", "機関区分": 2, "都道府県コード": 35, "市区町村コード": 211, "所在地": "山口県長門市東深川１８９７番１", "緯度": 34.370194, "経度": 131.183778, "url": "https://www.iryou.teikyouseido.mhlw.go.jp/znk-web/juminkanja/S2430/initialize?prefCd=35&kikanCd=2356305350&kikanKbn=2", "url2": "http//r.goope.jp/nagatocl", "内容": "医療法人　杏祐会　長門診療所【2:診療所】【診療科目:内科_糖尿病内科_循環器内科_消化器内科_整形外科_リハビリテーション科】山口県長門市東深川１８９７番１" }, "geometry": { "type": "Point", "coordinates": [ 131.183778, 34.370194 ] } },
{ "type": "Feature", "properties": { "ID": 3522356305480, "正式名称": "うちだ眼科", "機関区分": 2, "都道府県コード": 35, "市区町村コード": 211, "所在地": "山口県長門市東深川１００６２番４５", "緯度": 34.3725, "経度": 131.188361, "url": "https://www.iryou.teikyouseido.mhlw.go.jp/znk-web/juminkanja/S2430/initialize?prefCd=35&kikanCd=2356305480&kikanKbn=2", "url2": null, "内容": "うちだ眼科【2:診療所】【診療科目:眼科】山口県長門市東深川１００６２番４５" }, "geometry": { "type": "Point", "coordinates": [ 131.188361, 34.3725 ] } },
{ "type": "Feature", "properties": { "ID": 3522356305510, "正式名称": "医療法人　綿貫耳鼻咽喉科", "機関区分": 2, "都道府県コード": 35, "市区町村コード": 211, "所在地": "山口県長門市東深川９２４－１１", "緯度": 34.372806, "経度": 131.184917, "url": "https://www.iryou.teikyouseido.mhlw.go.jp/znk-web/juminkanja/S2430/initialize?prefCd=35&kikanCd=2356305510&kikanKbn=2", "url2": "http//www.watanuki-jibika.com/", "内容": "医療法人　綿貫耳鼻咽喉科【2:診療所】【診療科目:耳鼻いんこう科】山口県長門市東深川９２４－１１" }, "geometry": { "type": "Point", "coordinates": [ 131.184917, 34.372806 ] } },
{ "type": "Feature", "properties": { "ID": 3522356305640, "正式名称": "長門市応急診療所", "機関区分": 2, "都道府県コード": 35, "市区町村コード": 211, "所在地": "山口県長門市仙崎１９８番地１", "緯度": 34.377556, "経度": 131.195222, "url": "https://www.iryou.teikyouseido.mhlw.go.jp/znk-web/juminkanja/S2430/initialize?prefCd=35&kikanCd=2356305640&kikanKbn=2", "url2": "https://www.city.nagato.yamaguchi.jp/soshiki/12/14310.html", "内容": "長門市応急診療所【2:診療所】【診療科目:内科_小児科】山口県長門市仙崎１９８番地１" }, "geometry": { "type": "Point", "coordinates": [ 131.195222, 34.377556 ] } },
{ "type": "Feature", "properties": { "ID": 3522356306520, "正式名称": "医療法人生山会　たわらやま診療所", "機関区分": 2, "都道府県コード": 35, "市区町村コード": 211, "所在地": "山口県長門市俵山４９１２番地１", "緯度": 34.289417, "経度": 131.095778, "url": "https://www.iryou.teikyouseido.mhlw.go.jp/znk-web/juminkanja/S2430/initialize?prefCd=35&kikanCd=2356306520&kikanKbn=2", "url2": "http://www.shouzankai-saiki.com/tawarayama", "内容": "医療法人生山会　たわらやま診療所【2:診療所】【診療科目:内科_外科_脳神経外科_整形外科_リハビリテーション科】山口県長門市俵山４９１２番地１" }, "geometry": { "type": "Point", "coordinates": [ 131.095778, 34.289417 ] } },
{ "type": "Feature", "properties": { "ID": 3522356400200, "正式名称": "萩市国民健康保険見島診療所", "機関区分": 2, "都道府県コード": 35, "市区町村コード": 204, "所在地": "山口県萩市見島３５番地２", "緯度": 34.76275, "経度": 131.150278, "url": "https://www.iryou.teikyouseido.mhlw.go.jp/znk-web/juminkanja/S2430/initialize?prefCd=35&kikanCd=2356400200&kikanKbn=2", "url2": null, "内容": "萩市国民健康保険見島診療所【2:診療所】【診療科目:内科_小児科_歯科】山口県萩市見島３５番地２" }, "geometry": { "type": "Point", "coordinates": [ 131.150278, 34.76275 ] } },
{ "type": "Feature", "properties": { "ID": 3522356400910, "正式名称": "医療法人健幸会兼田医院", "機関区分": 2, "都道府県コード": 35, "市区町村コード": 204, "所在地": "山口県萩市吉田町１", "緯度": 34.413194, "経度": 131.403694, "url": "https://www.iryou.teikyouseido.mhlw.go.jp/znk-web/juminkanja/S2430/initialize?prefCd=35&kikanCd=2356400910&kikanKbn=2", "url2": null, "内容": "医療法人健幸会兼田医院【2:診療所】【診療科目:内科_消化器内科_外科_肛門外科】山口県萩市吉田町１" }, "geometry": { "type": "Point", "coordinates": [ 131.403694, 34.413194 ] } },
{ "type": "Feature", "properties": { "ID": 3522356401050, "正式名称": "医療法人河野医院", "機関区分": 2, "都道府県コード": 35, "市区町村コード": 204, "所在地": "山口県萩市大井１７２３－１", "緯度": 34.473083, "経度": 131.447056, "url": "https://www.iryou.teikyouseido.mhlw.go.jp/znk-web/juminkanja/S2430/initialize?prefCd=35&kikanCd=2356401050&kikanKbn=2", "url2": null, "内容": "医療法人河野医院【2:診療所】【診療科目:内科_呼吸器内科_循環器内科_整形外科_リハビリテーション科_放射線科】山口県萩市大井１７２３－１" }, "geometry": { "type": "Point", "coordinates": [ 131.447056, 34.473083 ] } },
{ "type": "Feature", "properties": { "ID": 3522356401630, "正式名称": "医療法人社団中嶋クリニック", "機関区分": 2, "都道府県コード": 35, "市区町村コード": 204, "所在地": "山口県萩市今古萩町１５－５", "緯度": 34.415944, "経度": 131.402556, "url": "https://www.iryou.teikyouseido.mhlw.go.jp/znk-web/juminkanja/S2430/initialize?prefCd=35&kikanCd=2356401630&kikanKbn=2", "url2": "https://www.nakashima-clinic.site/", "内容": "医療法人社団中嶋クリニック【2:診療所】【診療科目:内科_呼吸器内科_循環器内科_消化器内科_小児科_リハビリテーション科】山口県萩市今古萩町１５－５" }, "geometry": { "type": "Point", "coordinates": [ 131.402556, 34.415944 ] } },
{ "type": "Feature", "properties": { "ID": 3522356401920, "正式名称": "医療法人　なかむらレディースクリニック", "機関区分": 2, "都道府県コード": 35, "市区町村コード": 204, "所在地": "山口県萩市熊谷町１０８", "緯度": 34.417111, "経度": 131.400528, "url": "https://www.iryou.teikyouseido.mhlw.go.jp/znk-web/juminkanja/S2430/initialize?prefCd=35&kikanCd=2356401920&kikanKbn=2", "url2": "https://itp.ne.jp", "内容": "医療法人　なかむらレディースクリニック【2:診療所】【診療科目:産科_婦人科】山口県萩市熊谷町１０８" }, "geometry": { "type": "Point", "coordinates": [ 131.400528, 34.417111 ] } },
{ "type": "Feature", "properties": { "ID": 3522356402060, "正式名称": "医療法人社団裕嵩会　波多野医院", "機関区分": 2, "都道府県コード": 35, "市区町村コード": 204, "所在地": "山口県萩市堀内２４７番地５", "緯度": 34.413667, "経度": 131.389472, "url": "https://www.iryou.teikyouseido.mhlw.go.jp/znk-web/juminkanja/S2430/initialize?prefCd=35&kikanCd=2356402060&kikanKbn=2", "url2": "http://www.citydo.com/prf/yamaguchi/guide/sg/480000922.html", "内容": "医療法人社団裕嵩会　波多野医院【2:診療所】【診療科目:内科_皮膚科】山口県萩市堀内２４７番地５" }, "geometry": { "type": "Point", "coordinates": [ 131.389472, 34.413667 ] } },
{ "type": "Feature", "properties": { "ID": 3522356402220, "正式名称": "医療法人　ふじわら内科医院", "機関区分": 2, "都道府県コード": 35, "市区町村コード": 204, "所在地": "山口県萩市土原５６１－４", "緯度": 34.411333, "経度": 131.405972, "url": "https://www.iryou.teikyouseido.mhlw.go.jp/znk-web/juminkanja/S2430/initialize?prefCd=35&kikanCd=2356402220&kikanKbn=2", "url2": null, "内容": "医療法人　ふじわら内科医院【2:診療所】【診療科目:内科】山口県萩市土原５６１－４" }, "geometry": { "type": "Point", "coordinates": [ 131.405972, 34.411333 ] } },
{ "type": "Feature", "properties": { "ID": 3522356402640, "正式名称": "医療法人社団　めづき医院", "機関区分": 2, "都道府県コード": 35, "市区町村コード": 204, "所在地": "山口県萩市土原３７０－１", "緯度": 34.414889, "経度": 131.4075, "url": "https://www.iryou.teikyouseido.mhlw.go.jp/znk-web/juminkanja/S2430/initialize?prefCd=35&kikanCd=2356402640&kikanKbn=2", "url2": "http://meduki.byoinnavi.jp/pc/", "内容": "医療法人社団　めづき医院【2:診療所】【診療科目:消化器内科_外科_整形外科_皮膚科_泌尿器科_麻酔科】山口県萩市土原３７０－１" }, "geometry": { "type": "Point", "coordinates": [ 131.4075, 34.414889 ] } },
{ "type": "Feature", "properties": { "ID": 3522356402800, "正式名称": "柳井医院", "機関区分": 2, "都道府県コード": 35, "市区町村コード": 204, "所在地": "山口県萩市橋本町６３", "緯度": 34.402556, "経度": 131.401861, "url": "https://www.iryou.teikyouseido.mhlw.go.jp/znk-web/juminkanja/S2430/initialize?prefCd=35&kikanCd=2356402800&kikanKbn=2", "url2": null, "内容": "柳井医院【2:診療所】【診療科目:内科_消化器内科】山口県萩市橋本町６３" }, "geometry": { "type": "Point", "coordinates": [ 131.401861, 34.402556 ] } },
{ "type": "Feature", "properties": { "ID": 3522356403230, "正式名称": "医療法人わたぬきクリニック", "機関区分": 2, "都道府県コード": 35, "市区町村コード": 204, "所在地": "山口県萩市東浜崎町５３", "緯度": 34.419361, "経度": 131.402083, "url": "https://www.iryou.teikyouseido.mhlw.go.jp/znk-web/juminkanja/S2430/initialize?prefCd=35&kikanCd=2356403230&kikanKbn=2", "url2": null, "内容": "医療法人わたぬきクリニック【2:診療所】【診療科目:内科_循環器内科_小児科】山口県萩市東浜崎町５３" }, "geometry": { "type": "Point", "coordinates": [ 131.402083, 34.419361 ] } },
{ "type": "Feature", "properties": { "ID": 3522356403490, "正式名称": "萩市国民健康保険見島診療所宇津分室", "機関区分": 2, "都道府県コード": 35, "市区町村コード": 204, "所在地": "山口県萩市見島１８１９番地３", "緯度": 34.78125, "経度": 131.143278, "url": "https://www.iryou.teikyouseido.mhlw.go.jp/znk-web/juminkanja/S2430/initialize?prefCd=35&kikanCd=2356403490&kikanKbn=2", "url2": null, "内容": "萩市国民健康保険見島診療所宇津分室【2:診療所】【診療科目:内科_小児科】山口県萩市見島１８１９番地３" }, "geometry": { "type": "Point", "coordinates": [ 131.143278, 34.78125 ] } },
{ "type": "Feature", "properties": { "ID": 3522356404110, "正式名称": "中坪医院", "機関区分": 2, "都道府県コード": 35, "市区町村コード": 204, "所在地": "山口県萩市今魚店町３８", "緯度": 34.416833, "経度": 131.394194, "url": "https://www.iryou.teikyouseido.mhlw.go.jp/znk-web/juminkanja/S2430/initialize?prefCd=35&kikanCd=2356404110&kikanKbn=2", "url2": "https://nakatsubodr.wixsite.com/website", "内容": "中坪医院【2:診療所】【診療科目:内科_呼吸器内科】山口県萩市今魚店町３８" }, "geometry": { "type": "Point", "coordinates": [ 131.394194, 34.416833 ] } },
{ "type": "Feature", "properties": { "ID": 3522356404530, "正式名称": "萩市国民健康保険大島診療所", "機関区分": 2, "都道府県コード": 35, "市区町村コード": 204, "所在地": "山口県萩市大島５番地９", "緯度": 34.491778, "経度": 131.407583, "url": "https://www.iryou.teikyouseido.mhlw.go.jp/znk-web/juminkanja/S2430/initialize?prefCd=35&kikanCd=2356404530&kikanKbn=2", "url2": null, "内容": "萩市国民健康保険大島診療所【2:診療所】【診療科目:内科_小児科】山口県萩市大島５番地９" }, "geometry": { "type": "Point", "coordinates": [ 131.407583, 34.491778 ] } },
{ "type": "Feature", "properties": { "ID": 3522356404950, "正式名称": "阿武町国民健康保険福賀診療所", "機関区分": 2, "都道府県コード": 35, "市区町村コード": 502, "所在地": "山口県阿武郡阿武町福田下１４０７番地３", "緯度": 34.517667, "経度": 131.6, "url": "https://www.iryou.teikyouseido.mhlw.go.jp/znk-web/juminkanja/S2430/initialize?prefCd=35&kikanCd=2356404950&kikanKbn=2", "url2": null, "内容": "阿武町国民健康保険福賀診療所【2:診療所】【診療科目:内科_小児科】山口県阿武郡阿武町福田下１４０７番地３" }, "geometry": { "type": "Point", "coordinates": [ 131.6, 34.517667 ] } },
{ "type": "Feature", "properties": { "ID": 3522356405700, "正式名称": "萩市国民健康保険弥富診療センター", "機関区分": 2, "都道府県コード": 35, "市区町村コード": 204, "所在地": "山口県萩市大字弥富下３９９５番地", "緯度": 34.547528, "経度": 131.641528, "url": "https://www.iryou.teikyouseido.mhlw.go.jp/znk-web/juminkanja/S2430/initialize?prefCd=35&kikanCd=2356405700&kikanKbn=2", "url2": null, "内容": "萩市国民健康保険弥富診療センター【2:診療所】【診療科目:内科】山口県萩市大字弥富下３９９５番地" }, "geometry": { "type": "Point", "coordinates": [ 131.641528, 34.547528 ] } },
{ "type": "Feature", "properties": { "ID": 3522356407010, "正式名称": "萩市国民健康保険福川診療所", "機関区分": 2, "都道府県コード": 35, "市区町村コード": 204, "所在地": "山口県萩市福井下３９９４番地の１", "緯度": 34.432722, "経度": 131.484028, "url": "https://www.iryou.teikyouseido.mhlw.go.jp/znk-web/juminkanja/S2430/initialize?prefCd=35&kikanCd=2356407010&kikanKbn=2", "url2": null, "内容": "萩市国民健康保険福川診療所【2:診療所】【診療科目:内科_小児科】山口県萩市福井下３９９４番地の１" }, "geometry": { "type": "Point", "coordinates": [ 131.484028, 34.432722 ] } },
{ "type": "Feature", "properties": { "ID": 3522356407560, "正式名称": "花宮医院", "機関区分": 2, "都道府県コード": 35, "市区町村コード": 204, "所在地": "山口県萩市平安古町平安古３０５番地３", "緯度": 34.409861, "経度": 131.391944, "url": "https://www.iryou.teikyouseido.mhlw.go.jp/znk-web/juminkanja/S2430/initialize?prefCd=35&kikanCd=2356407560&kikanKbn=2", "url2": "hanamiya-clinic.com", "内容": "花宮医院【2:診療所】【診療科目:循環器内科_消化器内科_外科_小児科_皮膚科_アレルギー科】山口県萩市平安古町平安古３０５番地３" }, "geometry": { "type": "Point", "coordinates": [ 131.391944, 34.409861 ] } },
{ "type": "Feature", "properties": { "ID": 3522356407720, "正式名称": "医療法人社団　永見眼科", "機関区分": 2, "都道府県コード": 35, "市区町村コード": 204, "所在地": "山口県萩市土原３５１番地", "緯度": 34.414306, "経度": 131.406222, "url": "https://www.iryou.teikyouseido.mhlw.go.jp/znk-web/juminkanja/S2430/initialize?prefCd=35&kikanCd=2356407720&kikanKbn=2", "url2": "http://www.nagami-ganka.com/", "内容": "医療法人社団　永見眼科【2:診療所】【診療科目:眼科】山口県萩市土原３５１番地" }, "geometry": { "type": "Point", "coordinates": [ 131.406222, 34.414306 ] } },
{ "type": "Feature", "properties": { "ID": 3522356408440, "正式名称": "医療法人いわたにこどもクリニック", "機関区分": 2, "都道府県コード": 35, "市区町村コード": 204, "所在地": "山口県萩市椿東２９７２－１", "緯度": 34.414306, "経度": 131.411056, "url": "https://www.iryou.teikyouseido.mhlw.go.jp/znk-web/juminkanja/S2430/initialize?prefCd=35&kikanCd=2356408440&kikanKbn=2", "url2": "https://www.iwatani2100.com/", "内容": "医療法人いわたにこどもクリニック【2:診療所】【診療科目:小児科_アレルギー科】山口県萩市椿東２９７２－１" }, "geometry": { "type": "Point", "coordinates": [ 131.411056, 34.414306 ] } },
{ "type": "Feature", "properties": { "ID": 3522356408570, "正式名称": "医療法人　市原内科皮膚科", "機関区分": 2, "都道府県コード": 35, "市区町村コード": 204, "所在地": "山口県萩市塩屋町２１番地", "緯度": 34.4145, "経度": 131.396972, "url": "https://www.iryou.teikyouseido.mhlw.go.jp/znk-web/juminkanja/S2430/initialize?prefCd=35&kikanCd=2356408570&kikanKbn=2", "url2": null, "内容": "医療法人　市原内科皮膚科【2:診療所】【診療科目:内科_皮膚科】山口県萩市塩屋町２１番地" }, "geometry": { "type": "Point", "coordinates": [ 131.396972, 34.4145 ] } },
{ "type": "Feature", "properties": { "ID": 3522356408730, "正式名称": "萩市国民健康保険佐々並診療所", "機関区分": 2, "都道府県コード": 35, "市区町村コード": 204, "所在地": "山口県萩市大字佐々並　２４９３番地の４", "緯度": 34.284583, "経度": 131.458278, "url": "https://www.iryou.teikyouseido.mhlw.go.jp/znk-web/juminkanja/S2430/initialize?prefCd=35&kikanCd=2356408730&kikanKbn=2", "url2": null, "内容": "萩市国民健康保険佐々並診療所【2:診療所】【診療科目:内科_外科_整形外科_リハビリテーション科】山口県萩市大字佐々並　２４９３番地の４" }, "geometry": { "type": "Point", "coordinates": [ 131.458278, 34.284583 ] } },
{ "type": "Feature", "properties": { "ID": 3522356408990, "正式名称": "医療法人　森眼科", "機関区分": 2, "都道府県コード": 35, "市区町村コード": 204, "所在地": "山口県萩市大字土原２７１－５", "緯度": 34.41075, "経度": 131.407944, "url": "https://www.iryou.teikyouseido.mhlw.go.jp/znk-web/juminkanja/S2430/initialize?prefCd=35&kikanCd=2356408990&kikanKbn=2", "url2": "www.citydo.com/sp/0838-26-8880", "内容": "医療法人　森眼科【2:診療所】【診療科目:眼科】山口県萩市大字土原２７１－５" }, "geometry": { "type": "Point", "coordinates": [ 131.407944, 34.41075 ] } },
{ "type": "Feature", "properties": { "ID": 3522356409030, "正式名称": "医療法人社団田町診療所", "機関区分": 2, "都道府県コード": 35, "市区町村コード": 204, "所在地": "山口県萩市東田町２２－８", "緯度": 34.412417, "経度": 131.402417, "url": "https://www.iryou.teikyouseido.mhlw.go.jp/znk-web/juminkanja/S2430/initialize?prefCd=35&kikanCd=2356409030&kikanKbn=2", "url2": "http://www.tamachi.net", "内容": "医療法人社団田町診療所【2:診療所】【診療科目:整形外科_リウマチ科_リハビリテーション科】山口県萩市東田町２２－８" }, "geometry": { "type": "Point", "coordinates": [ 131.402417, 34.412417 ] } },
{ "type": "Feature", "properties": { "ID": 3522356409160, "正式名称": "医療法人社団成和会　堀耳鼻咽喉科医院", "機関区分": 2, "都道府県コード": 35, "市区町村コード": 204, "所在地": "山口県萩市江向４１７－５", "緯度": 34.407417, "経度": 131.401972, "url": "https://www.iryou.teikyouseido.mhlw.go.jp/znk-web/juminkanja/S2430/initialize?prefCd=35&kikanCd=2356409160&kikanKbn=2", "url2": null, "内容": "医療法人社団成和会　堀耳鼻咽喉科医院【2:診療所】【診療科目:耳鼻いんこう科_アレルギー科】山口県萩市江向４１７－５" }, "geometry": { "type": "Point", "coordinates": [ 131.401972, 34.407417 ] } },
{ "type": "Feature", "properties": { "ID": 3522356409290, "正式名称": "萩市国民健康保険川上診療所", "機関区分": 2, "都道府県コード": 35, "市区町村コード": 204, "所在地": "山口県萩市川上４５０２番地２", "緯度": 34.357694, "経度": 131.459944, "url": "https://www.iryou.teikyouseido.mhlw.go.jp/znk-web/juminkanja/S2430/initialize?prefCd=35&kikanCd=2356409290&kikanKbn=2", "url2": null, "内容": "萩市国民健康保険川上診療所【2:診療所】【診療科目:内科_小児科】山口県萩市川上４５０２番地２" }, "geometry": { "type": "Point", "coordinates": [ 131.459944, 34.357694 ] } },
{ "type": "Feature", "properties": { "ID": 3522356410690, "正式名称": "医療法人さがら眼科クリニック", "機関区分": 2, "都道府県コード": 35, "市区町村コード": 204, "所在地": "山口県萩市今古萩町４３－１", "緯度": 34.416083, "経度": 131.401472, "url": "https://www.iryou.teikyouseido.mhlw.go.jp/znk-web/juminkanja/S2430/initialize?prefCd=35&kikanCd=2356410690&kikanKbn=2", "url2": "http://www.sagara-eye.jp/", "内容": "医療法人さがら眼科クリニック【2:診療所】【診療科目:眼科】山口県萩市今古萩町４３－１" }, "geometry": { "type": "Point", "coordinates": [ 131.401472, 34.416083 ] } },
{ "type": "Feature", "properties": { "ID": 3522356410980, "正式名称": "かわかみ整形リハビリテーションクリニック", "機関区分": 2, "都道府県コード": 35, "市区町村コード": 204, "所在地": "山口県萩市大字椿東２８６３－７", "緯度": 34.4175, "経度": 131.413722, "url": "https://www.iryou.teikyouseido.mhlw.go.jp/znk-web/juminkanja/S2430/initialize?prefCd=35&kikanCd=2356410980&kikanKbn=2", "url2": "http://kawakami-clinic.jimdo.com", "内容": "かわかみ整形リハビリテーションクリニック【2:診療所】【診療科目:整形外科_リウマチ科_リハビリテーション科】山口県萩市大字椿東２８６３－７" }, "geometry": { "type": "Point", "coordinates": [ 131.413722, 34.4175 ] } },
{ "type": "Feature", "properties": { "ID": 3522356411020, "正式名称": "萩市休日急患診療センター", "機関区分": 2, "都道府県コード": 35, "市区町村コード": 204, "所在地": "山口県萩市大字椿３４６０番地３", "緯度": 34.396833, "経度": 131.394139, "url": "https://www.iryou.teikyouseido.mhlw.go.jp/znk-web/juminkanja/S2430/initialize?prefCd=35&kikanCd=2356411020&kikanKbn=2", "url2": "https://www.city.hagi.lg.jp/soshiki/41/h27460.html", "内容": "萩市休日急患診療センター【2:診療所】【診療科目:内科_歯科】山口県萩市大字椿３４６０番地３" }, "geometry": { "type": "Point", "coordinates": [ 131.394139, 34.396833 ] } },
{ "type": "Feature", "properties": { "ID": 3522356411150, "正式名称": "みやうち内科消化器科クリニック", "機関区分": 2, "都道府県コード": 35, "市区町村コード": 204, "所在地": "山口県萩市大字椿２７８８－１番地", "緯度": 34.396722, "経度": 131.402056, "url": "https://www.iryou.teikyouseido.mhlw.go.jp/znk-web/juminkanja/S2430/initialize?prefCd=35&kikanCd=2356411150&kikanKbn=2", "url2": null, "内容": "みやうち内科消化器科クリニック【2:診療所】【診療科目:内科_消化器内科】山口県萩市大字椿２７８８－１番地" }, "geometry": { "type": "Point", "coordinates": [ 131.402056, 34.396722 ] } },
{ "type": "Feature", "properties": { "ID": 3522356411310, "正式名称": "萩市国民健康保険須佐診療センター", "機関区分": 2, "都道府県コード": 35, "市区町村コード": 204, "所在地": "山口県萩市須佐４５７０番地５", "緯度": 34.61893, "経度": 131.602292, "url": "https://www.iryou.teikyouseido.mhlw.go.jp/znk-web/juminkanja/S2430/initialize?prefCd=35&kikanCd=2356411310&kikanKbn=2", "url2": "https://www.city.hagi.lg.jp/soshiki/41/h40285.html", "内容": "萩市国民健康保険須佐診療センター【2:診療所】【診療科目:内科_小児科】山口県萩市須佐４５７０番地５" }, "geometry": { "type": "Point", "coordinates": [ 131.602292, 34.61893 ] } },
{ "type": "Feature", "properties": { "ID": 3522356412290, "正式名称": "医療法人　大藤医院", "機関区分": 2, "都道府県コード": 35, "市区町村コード": 204, "所在地": "山口県萩市大字椿３５３７番地６", "緯度": 34.394389, "経度": 131.400611, "url": "https://www.iryou.teikyouseido.mhlw.go.jp/znk-web/juminkanja/S2430/initialize?prefCd=35&kikanCd=2356412290&kikanKbn=2", "url2": null, "内容": "医療法人　大藤医院【2:診療所】【診療科目:整形外科_リウマチ科_リハビリテーション科_麻酔科】山口県萩市大字椿３５３７番地６" }, "geometry": { "type": "Point", "coordinates": [ 131.400611, 34.394389 ] } },
{ "type": "Feature", "properties": { "ID": 3522356413170, "正式名称": "医療法人わかまつ皮ふ科クリニック", "機関区分": 2, "都道府県コード": 35, "市区町村コード": 204, "所在地": "山口県萩市大字土原５４５－２", "緯度": 34.410278, "経度": 131.408583, "url": "https://www.iryou.teikyouseido.mhlw.go.jp/znk-web/juminkanja/S2430/initialize?prefCd=35&kikanCd=2356413170&kikanKbn=2", "url2": "wakamatsuhifuka.com", "内容": "医療法人わかまつ皮ふ科クリニック【2:診療所】【診療科目:皮膚科】山口県萩市大字土原５４５－２" }, "geometry": { "type": "Point", "coordinates": [ 131.408583, 34.410278 ] } },
{ "type": "Feature", "properties": { "ID": 3522356413330, "正式名称": "医療法人　河井クリニック", "機関区分": 2, "都道府県コード": 35, "市区町村コード": 204, "所在地": "山口県萩市大字土原４４５番地", "緯度": 34.406917, "経度": 131.406, "url": "https://www.iryou.teikyouseido.mhlw.go.jp/znk-web/juminkanja/S2430/initialize?prefCd=35&kikanCd=2356413330&kikanKbn=2", "url2": null, "内容": "医療法人　河井クリニック【2:診療所】【診療科目:内科_精神科_心療内科】山口県萩市大字土原４４５番地" }, "geometry": { "type": "Point", "coordinates": [ 131.406, 34.406917 ] } },
{ "type": "Feature", "properties": { "ID": 3522356413460, "正式名称": "萩市国民健康保険田万川診療所", "機関区分": 2, "都道府県コード": 35, "市区町村コード": 204, "所在地": "山口県萩市下田万１０３６番地", "緯度": 34.637444, "経度": 131.661333, "url": "https://www.iryou.teikyouseido.mhlw.go.jp/znk-web/juminkanja/S2430/initialize?prefCd=35&kikanCd=2356413460&kikanKbn=2", "url2": null, "内容": "萩市国民健康保険田万川診療所【2:診療所】【診療科目:内科_外科】山口県萩市下田万１０３６番地" }, "geometry": { "type": "Point", "coordinates": [ 131.661333, 34.637444 ] } },
{ "type": "Feature", "properties": { "ID": 3522356420530, "正式名称": "阿武町国民健康保険あぶ診療所", "機関区分": 2, "都道府県コード": 35, "市区町村コード": 502, "所在地": "山口県阿武郡阿武町奈古２８６０－１", "緯度": 34.502622, "経度": 131.471347, "url": "https://www.iryou.teikyouseido.mhlw.go.jp/znk-web/juminkanja/S2430/initialize?prefCd=35&kikanCd=2356420530&kikanKbn=2", "url2": null, "内容": "阿武町国民健康保険あぶ診療所【2:診療所】【診療科目:内科】山口県阿武郡阿武町奈古２８６０－１" }, "geometry": { "type": "Point", "coordinates": [ 131.471347, 34.502622 ] } },
{ "type": "Feature", "properties": { "ID": 3522356500810, "正式名称": "原医院", "機関区分": 2, "都道府県コード": 35, "市区町村コード": 203, "所在地": "山口県山口市阿東地福上１８５２－１", "緯度": 34.361778, "経度": 131.665472, "url": "https://www.iryou.teikyouseido.mhlw.go.jp/znk-web/juminkanja/S2430/initialize?prefCd=35&kikanCd=2356500810&kikanKbn=2", "url2": null, "内容": "原医院【2:診療所】【診療科目:内科】山口県山口市阿東地福上１８５２－１" }, "geometry": { "type": "Point", "coordinates": [ 131.665472, 34.361778 ] } },
{ "type": "Feature", "properties": { "ID": 3522356501400, "正式名称": "萩市国民健康保険むつみ診療所", "機関区分": 2, "都道府県コード": 35, "市区町村コード": 204, "所在地": "山口県萩市大字吉部上３１７４番地の２", "緯度": 34.436948, "経度": 131.577427, "url": "https://www.iryou.teikyouseido.mhlw.go.jp/znk-web/juminkanja/S2430/initialize?prefCd=35&kikanCd=2356501400&kikanKbn=2", "url2": null, "内容": "萩市国民健康保険むつみ診療所【2:診療所】【診療科目:内科】山口県萩市大字吉部上３１７４番地の２" }, "geometry": { "type": "Point", "coordinates": [ 131.577427, 34.436948 ] } },
{ "type": "Feature", "properties": { "ID": 3522356501790, "正式名称": "三浦医院", "機関区分": 2, "都道府県コード": 35, "市区町村コード": 203, "所在地": "山口県山口市阿東徳佐中３００３", "緯度": 34.395528, "経度": 131.717611, "url": "https://www.iryou.teikyouseido.mhlw.go.jp/znk-web/juminkanja/S2430/initialize?prefCd=35&kikanCd=2356501790&kikanKbn=2", "url2": null, "内容": "三浦医院【2:診療所】【診療科目:内科_小児科】山口県山口市阿東徳佐中３００３" }, "geometry": { "type": "Point", "coordinates": [ 131.717611, 34.395528 ] } },
{ "type": "Feature", "properties": { "ID": 3522356502120, "正式名称": "医療法人杏和会　藤原医院", "機関区分": 2, "都道府県コード": 35, "市区町村コード": 203, "所在地": "山口県山口市阿東生雲中１８８の７", "緯度": 34.381389, "経度": 131.601556, "url": "https://www.iryou.teikyouseido.mhlw.go.jp/znk-web/juminkanja/S2430/initialize?prefCd=35&kikanCd=2356502120&kikanKbn=2", "url2": null, "内容": "医療法人杏和会　藤原医院【2:診療所】【診療科目:内科_外科_小児科_リハビリテーション科】山口県山口市阿東生雲中１８８の７" }, "geometry": { "type": "Point", "coordinates": [ 131.601556, 34.381389 ] } },
{ "type": "Feature", "properties": { "ID": 3523355519900, "正式名称": "ワハハキッズデンタルランド＆おとな歯科", "機関区分": 2, "都道府県コード": 35, "市区町村コード": 215, "所在地": "山口県周南市久米中央５丁目８番１号イオンタウン周南久米", "緯度": 34.03701, "経度": 131.844192, "url": "https://www.iryou.teikyouseido.mhlw.go.jp/znk-web/juminkanja/S2430/initialize?prefCd=35&kikanCd=3355519900&kikanKbn=2", "url2": "https://www.aeontown.co.jp", "内容": "ワハハキッズデンタルランド＆おとな歯科【2:診療所】【診療科目:歯科_小児歯科】山口県周南市久米中央５丁目８番１号イオンタウン周南久米" }, "geometry": { "type": "Point", "coordinates": [ 131.844192, 34.03701 ] } },
{ "type": "Feature", "properties": { "ID": 3523355700160, "正式名称": "稲光歯科医院", "機関区分": 2, "都道府県コード": 35, "市区町村コード": 203, "所在地": "山口県山口市天花１－３－２２", "緯度": 34.187478, "経度": 131.479127, "url": "https://www.iryou.teikyouseido.mhlw.go.jp/znk-web/juminkanja/S2430/initialize?prefCd=35&kikanCd=3355700160&kikanKbn=2", "url2": "https://inamitsu-dc.com", "内容": "稲光歯科医院【2:診療所】【診療科目:歯科_矯正歯科_歯科口腔外科_小児歯科_小児矯正歯科】山口県山口市天花１－３－２２" }, "geometry": { "type": "Point", "coordinates": [ 131.479127, 34.187478 ] } }
]
}
