{
"type": "FeatureCollection",
"name": "geo_35_5",
"crs": { "type": "name", "properties": { "name": "urn:ogc:def:crs:OGC:1.3:CRS84" } },
"features": [
{ "type": "Feature", "properties": { "ID": 3551001, "正式名称": "福川薬局　新地店", "機関区分": 5, "都道府県コード": 35, "市区町村コード": 215, "所在地": "山口県周南市新地町１２番３５号", "緯度": 34.07095, "経度": 131.732241, "url": "https://www.iryou.teikyouseido.mhlw.go.jp/znk-web/juminkanja/S2430/initialize?prefCd=35&kikanCd=1001&kikanKbn=5", "url2": null, "内容": "福川薬局　新地店【5:薬局】山口県周南市新地町１２番３５号" }, "geometry": { "type": "Point", "coordinates": [ 131.732241, 34.07095 ] } },
{ "type": "Feature", "properties": { "ID": 3551002, "正式名称": "サン薬局", "機関区分": 5, "都道府県コード": 35, "市区町村コード": 202, "所在地": "山口県宇部市今村北５－１２－１", "緯度": 33.963135, "経度": 131.304793, "url": "https://www.iryou.teikyouseido.mhlw.go.jp/znk-web/juminkanja/S2430/initialize?prefCd=35&kikanCd=1002&kikanKbn=5", "url2": "http://www.rising-japan.org/", "内容": "サン薬局【5:薬局】山口県宇部市今村北５－１２－１" }, "geometry": { "type": "Point", "coordinates": [ 131.304793, 33.963135 ] } },
{ "type": "Feature", "properties": { "ID": 3551005, "正式名称": "はすの実薬局", "機関区分": 5, "都道府県コード": 35, "市区町村コード": 201, "所在地": "山口県下関市清末鞍馬３丁目５番地１２－２号", "緯度": 34.063558, "経度": 131.026768, "url": "https://www.iryou.teikyouseido.mhlw.go.jp/znk-web/juminkanja/S2430/initialize?prefCd=35&kikanCd=1005&kikanKbn=5", "url2": "https://www.rising-japan.org/", "内容": "はすの実薬局【5:薬局】山口県下関市清末鞍馬３丁目５番地１２－２号" }, "geometry": { "type": "Point", "coordinates": [ 131.026768, 34.063558 ] } },
{ "type": "Feature", "properties": { "ID": 3551006, "正式名称": "すずらん薬局", "機関区分": 5, "都道府県コード": 35, "市区町村コード": 208, "所在地": "山口県岩国市麻里布町３ー５－３０", "緯度": 34.170256, "経度": 132.222197, "url": "https://www.iryou.teikyouseido.mhlw.go.jp/znk-web/juminkanja/S2430/initialize?prefCd=35&kikanCd=1006&kikanKbn=5", "url2": "http://www.watanabe-ph.co.jp/", "内容": "すずらん薬局【5:薬局】山口県岩国市麻里布町３ー５－３０" }, "geometry": { "type": "Point", "coordinates": [ 132.222197, 34.170256 ] } },
{ "type": "Feature", "properties": { "ID": 3551007, "正式名称": "薬局エンゼル", "機関区分": 5, "都道府県コード": 35, "市区町村コード": 204, "所在地": "山口県萩市須佐４９８０－２", "緯度": 34.622419, "経度": 131.605389, "url": "https://www.iryou.teikyouseido.mhlw.go.jp/znk-web/juminkanja/S2430/initialize?prefCd=35&kikanCd=1007&kikanKbn=5", "url2": null, "内容": "薬局エンゼル【5:薬局】山口県萩市須佐４９８０－２" }, "geometry": { "type": "Point", "coordinates": [ 131.605389, 34.622419 ] } },
{ "type": "Feature", "properties": { "ID": 3551008, "正式名称": "トモエ薬局", "機関区分": 5, "都道府県コード": 35, "市区町村コード": 202, "所在地": "山口県宇部市常盤町一丁目４番２号", "緯度": 33.951471, "経度": 131.248957, "url": "https://www.iryou.teikyouseido.mhlw.go.jp/znk-web/juminkanja/S2430/initialize?prefCd=35&kikanCd=1008&kikanKbn=5", "url2": "http://www.green-ph.jp/", "内容": "トモエ薬局【5:薬局】山口県宇部市常盤町一丁目４番２号" }, "geometry": { "type": "Point", "coordinates": [ 131.248957, 33.951471 ] } },
{ "type": "Feature", "properties": { "ID": 355101, "正式名称": "西田薬局", "機関区分": 5, "都道府県コード": 35, "市区町村コード": 202, "所在地": "山口県宇部市東岐波１１００", "緯度": 33.990529, "経度": 131.347976, "url": "https://www.iryou.teikyouseido.mhlw.go.jp/znk-web/juminkanja/S2430/initialize?prefCd=35&kikanCd=101&kikanKbn=5", "url2": null, "内容": "西田薬局【5:薬局】山口県宇部市東岐波１１００" }, "geometry": { "type": "Point", "coordinates": [ 131.347976, 33.990529 ] } },
{ "type": "Feature", "properties": { "ID": 3551014, "正式名称": "三の宮薬局", "機関区分": 5, "都道府県コード": 35, "市区町村コード": 203, "所在地": "山口県山口市三の宮２－７－６", "緯度": 34.188914, "経度": 131.490317, "url": "https://www.iryou.teikyouseido.mhlw.go.jp/znk-web/juminkanja/S2430/initialize?prefCd=35&kikanCd=1014&kikanKbn=5", "url2": "http:/www.c-able.ne.jp/~sanno3/", "内容": "三の宮薬局【5:薬局】山口県山口市三の宮２－７－６" }, "geometry": { "type": "Point", "coordinates": [ 131.490317, 34.188914 ] } },
{ "type": "Feature", "properties": { "ID": 3551015, "正式名称": "セレッソ薬局", "機関区分": 5, "都道府県コード": 35, "市区町村コード": 213, "所在地": "山口県美祢市大嶺町東分３２２番２", "緯度": 34.168077, "経度": 131.207281, "url": "https://www.iryou.teikyouseido.mhlw.go.jp/znk-web/juminkanja/S2430/initialize?prefCd=35&kikanCd=1015&kikanKbn=5", "url2": "https://www.rising-japan.org/", "内容": "セレッソ薬局【5:薬局】山口県美祢市大嶺町東分３２２番２" }, "geometry": { "type": "Point", "coordinates": [ 131.207281, 34.168077 ] } },
{ "type": "Feature", "properties": { "ID": 3551016, "正式名称": "いちご薬局光店", "機関区分": 5, "都道府県コード": 35, "市区町村コード": 210, "所在地": "山口県光市島田２丁目４－３", "緯度": 33.974036, "経度": 131.933664, "url": "https://www.iryou.teikyouseido.mhlw.go.jp/znk-web/juminkanja/S2430/initialize?prefCd=35&kikanCd=1016&kikanKbn=5", "url2": null, "内容": "いちご薬局光店【5:薬局】山口県光市島田２丁目４－３" }, "geometry": { "type": "Point", "coordinates": [ 131.933664, 33.974036 ] } },
{ "type": "Feature", "properties": { "ID": 3551017, "正式名称": "オリーブ薬局　長府店", "機関区分": 5, "都道府県コード": 35, "市区町村コード": 201, "所在地": "山口県下関市長府中六波町３００番１", "緯度": 34.012442, "経度": 130.990684, "url": "https://www.iryou.teikyouseido.mhlw.go.jp/znk-web/juminkanja/S2430/initialize?prefCd=35&kikanCd=1017&kikanKbn=5", "url2": "http://www.ssmile.co.jp/", "内容": "オリーブ薬局　長府店【5:薬局】山口県下関市長府中六波町３００番１" }, "geometry": { "type": "Point", "coordinates": [ 130.990684, 34.012442 ] } },
{ "type": "Feature", "properties": { "ID": 3551018, "正式名称": "有限会社クスノキ薬局", "機関区分": 5, "都道府県コード": 35, "市区町村コード": 203, "所在地": "山口県山口市白石二丁目６番５０号", "緯度": 34.175242, "経度": 131.4688, "url": "https://www.iryou.teikyouseido.mhlw.go.jp/znk-web/juminkanja/S2430/initialize?prefCd=35&kikanCd=1018&kikanKbn=5", "url2": null, "内容": "有限会社クスノキ薬局【5:薬局】山口県山口市白石二丁目６番５０号" }, "geometry": { "type": "Point", "coordinates": [ 131.4688, 34.175242 ] } },
{ "type": "Feature", "properties": { "ID": 3551019, "正式名称": "よつば薬局", "機関区分": 5, "都道府県コード": 35, "市区町村コード": 216, "所在地": "山口県山陽小野田市大字鴨庄字焼田９０番８", "緯度": 34.056074, "経度": 131.159084, "url": "https://www.iryou.teikyouseido.mhlw.go.jp/znk-web/juminkanja/S2430/initialize?prefCd=35&kikanCd=1019&kikanKbn=5", "url2": "http://mizuyuki.iinaa.net/", "内容": "よつば薬局【5:薬局】山口県山陽小野田市大字鴨庄字焼田９０番８" }, "geometry": { "type": "Point", "coordinates": [ 131.159084, 34.056074 ] } },
{ "type": "Feature", "properties": { "ID": 355102, "正式名称": "下松中央調剤薬局", "機関区分": 5, "都道府県コード": 35, "市区町村コード": 207, "所在地": "山口県下松市大手町二丁目８番１５号", "緯度": 34.013378, "経度": 131.868978, "url": "https://www.iryou.teikyouseido.mhlw.go.jp/znk-web/juminkanja/S2430/initialize?prefCd=35&kikanCd=102&kikanKbn=5", "url2": null, "内容": "下松中央調剤薬局【5:薬局】山口県下松市大手町二丁目８番１５号" }, "geometry": { "type": "Point", "coordinates": [ 131.868978, 34.013378 ] } },
{ "type": "Feature", "properties": { "ID": 3551020, "正式名称": "おおばたけ薬局", "機関区分": 5, "都道府県コード": 35, "市区町村コード": 212, "所在地": "山口県柳井市大畠９０６", "緯度": 33.962319, "経度": 132.172069, "url": "https://www.iryou.teikyouseido.mhlw.go.jp/znk-web/juminkanja/S2430/initialize?prefCd=35&kikanCd=1020&kikanKbn=5", "url2": null, "内容": "おおばたけ薬局【5:薬局】山口県柳井市大畠９０６" }, "geometry": { "type": "Point", "coordinates": [ 132.172069, 33.962319 ] } },
{ "type": "Feature", "properties": { "ID": 3551021, "正式名称": "久米調剤薬局", "機関区分": 5, "都道府県コード": 35, "市区町村コード": 215, "所在地": "山口県周南市久米中央５丁目５番５号", "緯度": 34.038299, "経度": 131.84348, "url": "https://www.iryou.teikyouseido.mhlw.go.jp/znk-web/juminkanja/S2430/initialize?prefCd=35&kikanCd=1021&kikanKbn=5", "url2": null, "内容": "久米調剤薬局【5:薬局】山口県周南市久米中央５丁目５番５号" }, "geometry": { "type": "Point", "coordinates": [ 131.84348, 34.038299 ] } },
{ "type": "Feature", "properties": { "ID": 3551022, "正式名称": "いくも薬局天神店", "機関区分": 5, "都道府県コード": 35, "市区町村コード": 206, "所在地": "山口県防府市上天神町３番２０号", "緯度": 34.059247, "経度": 131.57495, "url": "https://www.iryou.teikyouseido.mhlw.go.jp/znk-web/juminkanja/S2430/initialize?prefCd=35&kikanCd=1022&kikanKbn=5", "url2": "https://www.ikumopharmacy.com/", "内容": "いくも薬局天神店【5:薬局】山口県防府市上天神町３番２０号" }, "geometry": { "type": "Point", "coordinates": [ 131.57495, 34.059247 ] } },
{ "type": "Feature", "properties": { "ID": 3551024, "正式名称": "ニック調剤薬局　宇部店", "機関区分": 5, "都道府県コード": 35, "市区町村コード": 202, "所在地": "山口県宇部市小串９１ー８７", "緯度": 33.967014, "経度": 131.25166, "url": "https://www.iryou.teikyouseido.mhlw.go.jp/znk-web/juminkanja/S2430/initialize?prefCd=35&kikanCd=1024&kikanKbn=5", "url2": "http://www.n-i-c.co.jp/new/", "内容": "ニック調剤薬局　宇部店【5:薬局】山口県宇部市小串９１ー８７" }, "geometry": { "type": "Point", "coordinates": [ 131.25166, 33.967014 ] } },
{ "type": "Feature", "properties": { "ID": 3551026, "正式名称": "くしがはま薬局", "機関区分": 5, "都道府県コード": 35, "市区町村コード": 215, "所在地": "山口県周南市櫛ヶ浜５０３－５", "緯度": 34.02669, "経度": 131.830567, "url": "https://www.iryou.teikyouseido.mhlw.go.jp/znk-web/juminkanja/S2430/initialize?prefCd=35&kikanCd=1026&kikanKbn=5", "url2": null, "内容": "くしがはま薬局【5:薬局】山口県周南市櫛ヶ浜５０３－５" }, "geometry": { "type": "Point", "coordinates": [ 131.830567, 34.02669 ] } },
{ "type": "Feature", "properties": { "ID": 3551027, "正式名称": "ゆずり葉薬局", "機関区分": 5, "都道府県コード": 35, "市区町村コード": 202, "所在地": "山口県宇部市厚南中央２丁目１ー１０", "緯度": 33.996177, "経度": 131.219455, "url": "https://www.iryou.teikyouseido.mhlw.go.jp/znk-web/juminkanja/S2430/initialize?prefCd=35&kikanCd=1027&kikanKbn=5", "url2": "https://prog-net.jp/", "内容": "ゆずり葉薬局【5:薬局】山口県宇部市厚南中央２丁目１ー１０" }, "geometry": { "type": "Point", "coordinates": [ 131.219455, 33.996177 ] } },
{ "type": "Feature", "properties": { "ID": 3551030, "正式名称": "なでしこ薬局", "機関区分": 5, "都道府県コード": 35, "市区町村コード": 201, "所在地": "山口県下関市菊川町田部字森１２０２番３", "緯度": 34.11313, "経度": 131.030137, "url": "https://www.iryou.teikyouseido.mhlw.go.jp/znk-web/juminkanja/S2430/initialize?prefCd=35&kikanCd=1030&kikanKbn=5", "url2": "http://www.flowerbros-tms.com", "内容": "なでしこ薬局【5:薬局】山口県下関市菊川町田部字森１２０２番３" }, "geometry": { "type": "Point", "coordinates": [ 131.030137, 34.11313 ] } },
{ "type": "Feature", "properties": { "ID": 3551031, "正式名称": "おひさま薬局", "機関区分": 5, "都道府県コード": 35, "市区町村コード": 216, "所在地": "山口県山陽小野田市西高泊６７２番地３", "緯度": 34.004814, "経度": 131.175083, "url": "https://www.iryou.teikyouseido.mhlw.go.jp/znk-web/juminkanja/S2430/initialize?prefCd=35&kikanCd=1031&kikanKbn=5", "url2": null, "内容": "おひさま薬局【5:薬局】山口県山陽小野田市西高泊６７２番地３" }, "geometry": { "type": "Point", "coordinates": [ 131.175083, 34.004814 ] } },
{ "type": "Feature", "properties": { "ID": 3551032, "正式名称": "あとも薬局", "機関区分": 5, "都道府県コード": 35, "市区町村コード": 203, "所在地": "山口県山口市矢原町７－１８", "緯度": 34.156235, "経度": 131.452421, "url": "https://www.iryou.teikyouseido.mhlw.go.jp/znk-web/juminkanja/S2430/initialize?prefCd=35&kikanCd=1032&kikanKbn=5", "url2": "https://atomo-p.com/", "内容": "あとも薬局【5:薬局】山口県山口市矢原町７－１８" }, "geometry": { "type": "Point", "coordinates": [ 131.452421, 34.156235 ] } },
{ "type": "Feature", "properties": { "ID": 3551033, "正式名称": "つばさ薬局", "機関区分": 5, "都道府県コード": 35, "市区町村コード": 202, "所在地": "山口県宇部市浜町２丁目１１ー１４", "緯度": 33.96553, "経度": 131.2343, "url": "https://www.iryou.teikyouseido.mhlw.go.jp/znk-web/juminkanja/S2430/initialize?prefCd=35&kikanCd=1033&kikanKbn=5", "url2": "https://tsubasa-p.com", "内容": "つばさ薬局【5:薬局】山口県宇部市浜町２丁目１１ー１４" }, "geometry": { "type": "Point", "coordinates": [ 131.2343, 33.96553 ] } },
{ "type": "Feature", "properties": { "ID": 3551034, "正式名称": "ひとみ薬局", "機関区分": 5, "都道府県コード": 35, "市区町村コード": 215, "所在地": "山口県周南市新町一丁目２５番地２", "緯度": 34.052494, "経度": 131.806056, "url": "https://www.iryou.teikyouseido.mhlw.go.jp/znk-web/juminkanja/S2430/initialize?prefCd=35&kikanCd=1034&kikanKbn=5", "url2": "http://www.yakumeikan.com", "内容": "ひとみ薬局【5:薬局】山口県周南市新町一丁目２５番地２" }, "geometry": { "type": "Point", "coordinates": [ 131.806056, 34.052494 ] } },
{ "type": "Feature", "properties": { "ID": 3551035, "正式名称": "あいあい薬局", "機関区分": 5, "都道府県コード": 35, "市区町村コード": 201, "所在地": "山口県下関市田中町１１番６号", "緯度": 33.960972, "経度": 130.940759, "url": "https://www.iryou.teikyouseido.mhlw.go.jp/znk-web/juminkanja/S2430/initialize?prefCd=35&kikanCd=1035&kikanKbn=5", "url2": "http://www.aiai-pharmacy.com", "内容": "あいあい薬局【5:薬局】山口県下関市田中町１１番６号" }, "geometry": { "type": "Point", "coordinates": [ 130.940759, 33.960972 ] } },
{ "type": "Feature", "properties": { "ID": 3551036, "正式名称": "はら薬局寿町店", "機関区分": 5, "都道府県コード": 35, "市区町村コード": 202, "所在地": "山口県宇部市寿町１丁目３ー３１", "緯度": 33.953634, "経度": 131.248046, "url": "https://www.iryou.teikyouseido.mhlw.go.jp/znk-web/juminkanja/S2430/initialize?prefCd=35&kikanCd=1036&kikanKbn=5", "url2": null, "内容": "はら薬局寿町店【5:薬局】山口県宇部市寿町１丁目３ー３１" }, "geometry": { "type": "Point", "coordinates": [ 131.248046, 33.953634 ] } },
{ "type": "Feature", "properties": { "ID": 3551037, "正式名称": "みき薬局　宇部店", "機関区分": 5, "都道府県コード": 35, "市区町村コード": 202, "所在地": "山口県宇部市沖ノ旦６８４－７", "緯度": 33.9964, "経度": 131.227794, "url": "https://www.iryou.teikyouseido.mhlw.go.jp/znk-web/juminkanja/S2430/initialize?prefCd=35&kikanCd=1037&kikanKbn=5", "url2": "https://www.sanwa.tc/", "内容": "みき薬局　宇部店【5:薬局】山口県宇部市沖ノ旦６８４－７" }, "geometry": { "type": "Point", "coordinates": [ 131.227794, 33.9964 ] } },
{ "type": "Feature", "properties": { "ID": 3551038, "正式名称": "阿知須薬局", "機関区分": 5, "都道府県コード": 35, "市区町村コード": 203, "所在地": "山口県山口市阿知須４２３９番地４", "緯度": 34.010008, "経度": 131.359742, "url": "https://www.iryou.teikyouseido.mhlw.go.jp/znk-web/juminkanja/S2430/initialize?prefCd=35&kikanCd=1038&kikanKbn=5", "url2": "http://www.nishimoto-ph-group.co.jp/", "内容": "阿知須薬局【5:薬局】山口県山口市阿知須４２３９番地４" }, "geometry": { "type": "Point", "coordinates": [ 131.359742, 34.010008 ] } },
{ "type": "Feature", "properties": { "ID": 3551042, "正式名称": "株式会社ファミリー薬局", "機関区分": 5, "都道府県コード": 35, "市区町村コード": 210, "所在地": "山口県光市光ヶ丘２番２号", "緯度": 33.979081, "経度": 131.921023, "url": "https://www.iryou.teikyouseido.mhlw.go.jp/znk-web/juminkanja/S2430/initialize?prefCd=35&kikanCd=1042&kikanKbn=5", "url2": "http://familypharmacy.co.jp/", "内容": "株式会社ファミリー薬局【5:薬局】山口県光市光ヶ丘２番２号" }, "geometry": { "type": "Point", "coordinates": [ 131.921023, 33.979081 ] } },
{ "type": "Feature", "properties": { "ID": 3551043, "正式名称": "サンキュードラッグ　新椋野薬局", "機関区分": 5, "都道府県コード": 35, "市区町村コード": 201, "所在地": "山口県下関市新椋野３丁目１番１０号", "緯度": 33.985002, "経度": 130.945252, "url": "https://www.iryou.teikyouseido.mhlw.go.jp/znk-web/juminkanja/S2430/initialize?prefCd=35&kikanCd=1043&kikanKbn=5", "url2": "http://www.drug39.co.jp/", "内容": "サンキュードラッグ　新椋野薬局【5:薬局】山口県下関市新椋野３丁目１番１０号" }, "geometry": { "type": "Point", "coordinates": [ 130.945252, 33.985002 ] } },
{ "type": "Feature", "properties": { "ID": 3551044, "正式名称": "中央薬局", "機関区分": 5, "都道府県コード": 35, "市区町村コード": 203, "所在地": "山口県山口市小郡下郷", "緯度": 34.103061, "経度": 131.39759, "url": "https://www.iryou.teikyouseido.mhlw.go.jp/znk-web/juminkanja/S2430/initialize?prefCd=35&kikanCd=1044&kikanKbn=5", "url2": "http://my-okusuri.jp", "内容": "中央薬局【5:薬局】山口県山口市小郡下郷" }, "geometry": { "type": "Point", "coordinates": [ 131.39759, 34.103061 ] } },
{ "type": "Feature", "properties": { "ID": 3551045, "正式名称": "城下町つばき薬局", "機関区分": 5, "都道府県コード": 35, "市区町村コード": 201, "所在地": "山口県下関市長府南之町３番３４号", "緯度": 33.997695, "経度": 130.990184, "url": "https://www.iryou.teikyouseido.mhlw.go.jp/znk-web/juminkanja/S2430/initialize?prefCd=35&kikanCd=1045&kikanKbn=5", "url2": "http://www.flowerbros-tms.com", "内容": "城下町つばき薬局【5:薬局】山口県下関市長府南之町３番３４号" }, "geometry": { "type": "Point", "coordinates": [ 130.990184, 33.997695 ] } },
{ "type": "Feature", "properties": { "ID": 3551046, "正式名称": "さこまち薬局", "機関区分": 5, "都道府県コード": 35, "市区町村コード": 201, "所在地": "山口県下関市彦島迫町３丁目７ー５", "緯度": 33.940461, "経度": 130.898531, "url": "https://www.iryou.teikyouseido.mhlw.go.jp/znk-web/juminkanja/S2430/initialize?prefCd=35&kikanCd=1046&kikanKbn=5", "url2": null, "内容": "さこまち薬局【5:薬局】山口県下関市彦島迫町３丁目７ー５" }, "geometry": { "type": "Point", "coordinates": [ 130.898531, 33.940461 ] } },
{ "type": "Feature", "properties": { "ID": 3551047, "正式名称": "フェリース薬局", "機関区分": 5, "都道府県コード": 35, "市区町村コード": 203, "所在地": "山口県山口市大内矢田北６丁目６番２６号", "緯度": 34.154705, "経度": 131.5128, "url": "https://www.iryou.teikyouseido.mhlw.go.jp/znk-web/juminkanja/S2430/initialize?prefCd=35&kikanCd=1047&kikanKbn=5", "url2": "https://www.feliz-pharmacy.jp/", "内容": "フェリース薬局【5:薬局】山口県山口市大内矢田北６丁目６番２６号" }, "geometry": { "type": "Point", "coordinates": [ 131.5128, 34.154705 ] } },
{ "type": "Feature", "properties": { "ID": 3551048, "正式名称": "ひかり薬局　萩駅前店", "機関区分": 5, "都道府県コード": 35, "市区町村コード": 204, "所在地": "山口県萩市椿３５３７－９", "緯度": 34.394434, "経度": 131.400068, "url": "https://www.iryou.teikyouseido.mhlw.go.jp/znk-web/juminkanja/S2430/initialize?prefCd=35&kikanCd=1048&kikanKbn=5", "url2": null, "内容": "ひかり薬局　萩駅前店【5:薬局】山口県萩市椿３５３７－９" }, "geometry": { "type": "Point", "coordinates": [ 131.400068, 34.394434 ] } },
{ "type": "Feature", "properties": { "ID": 3551049, "正式名称": "あおば薬局", "機関区分": 5, "都道府県コード": 35, "市区町村コード": 204, "所在地": "山口県萩市今古萩町４０－１", "緯度": 34.416, "経度": 131.40165, "url": "https://www.iryou.teikyouseido.mhlw.go.jp/znk-web/juminkanja/S2430/initialize?prefCd=35&kikanCd=1049&kikanKbn=5", "url2": null, "内容": "あおば薬局【5:薬局】山口県萩市今古萩町４０－１" }, "geometry": { "type": "Point", "coordinates": [ 131.40165, 34.416 ] } },
{ "type": "Feature", "properties": { "ID": 3551050, "正式名称": "きたに薬局柳井店", "機関区分": 5, "都道府県コード": 35, "市区町村コード": 212, "所在地": "山口県柳井市柳井５０３６番地３の２", "緯度": 33.985919, "経度": 132.097481, "url": "https://www.iryou.teikyouseido.mhlw.go.jp/znk-web/juminkanja/S2430/initialize?prefCd=35&kikanCd=1050&kikanKbn=5", "url2": "https://kitani-pharmacy.clinic-yamaguchi.com/", "内容": "きたに薬局柳井店【5:薬局】山口県柳井市柳井５０３６番地３の２" }, "geometry": { "type": "Point", "coordinates": [ 132.097481, 33.985919 ] } },
{ "type": "Feature", "properties": { "ID": 3551051, "正式名称": "玖珂薬局", "機関区分": 5, "都道府県コード": 35, "市区町村コード": 208, "所在地": "山口県岩国市玖珂町４９３８－１０", "緯度": 34.0917, "経度": 132.083382, "url": "https://www.iryou.teikyouseido.mhlw.go.jp/znk-web/juminkanja/S2430/initialize?prefCd=35&kikanCd=1051&kikanKbn=5", "url2": null, "内容": "玖珂薬局【5:薬局】山口県岩国市玖珂町４９３８－１０" }, "geometry": { "type": "Point", "coordinates": [ 132.083382, 34.0917 ] } },
{ "type": "Feature", "properties": { "ID": 3551052, "正式名称": "ウォンツ山口小郡薬局", "機関区分": 5, "都道府県コード": 35, "市区町村コード": 203, "所在地": "山口県山口市小郡下郷７９７－８", "緯度": 34.10416, "経度": 131.394347, "url": "https://www.iryou.teikyouseido.mhlw.go.jp/znk-web/juminkanja/S2430/initialize?prefCd=35&kikanCd=1052&kikanKbn=5", "url2": "https://www.wants.co.jp/", "内容": "ウォンツ山口小郡薬局【5:薬局】山口県山口市小郡下郷７９７－８" }, "geometry": { "type": "Point", "coordinates": [ 131.394347, 34.10416 ] } },
{ "type": "Feature", "properties": { "ID": 3551053, "正式名称": "そうごう薬局防府駅南町店", "機関区分": 5, "都道府県コード": 35, "市区町村コード": 206, "所在地": "山口県防府市駅南町８－３９", "緯度": 34.051797, "経度": 131.565839, "url": "https://www.iryou.teikyouseido.mhlw.go.jp/znk-web/juminkanja/S2430/initialize?prefCd=35&kikanCd=1053&kikanKbn=5", "url2": "http://www.sogo-medical.co.jp", "内容": "そうごう薬局防府駅南町店【5:薬局】山口県防府市駅南町８－３９" }, "geometry": { "type": "Point", "coordinates": [ 131.565839, 34.051797 ] } },
{ "type": "Feature", "properties": { "ID": 3551054, "正式名称": "イケダ薬局", "機関区分": 5, "都道府県コード": 35, "市区町村コード": 203, "所在地": "山口県山口市阿知須４７９０ー１０", "緯度": 34.0162, "経度": 131.34326, "url": "https://www.iryou.teikyouseido.mhlw.go.jp/znk-web/juminkanja/S2430/initialize?prefCd=35&kikanCd=1054&kikanKbn=5", "url2": null, "内容": "イケダ薬局【5:薬局】山口県山口市阿知須４７９０ー１０" }, "geometry": { "type": "Point", "coordinates": [ 131.34326, 34.0162 ] } },
{ "type": "Feature", "properties": { "ID": 3551055, "正式名称": "こころ薬局　三の宮店", "機関区分": 5, "都道府県コード": 35, "市区町村コード": 203, "所在地": "山口県山口市三の宮２－２１６０－７", "緯度": 34.188597, "経度": 131.493714, "url": "https://www.iryou.teikyouseido.mhlw.go.jp/znk-web/juminkanja/S2430/initialize?prefCd=35&kikanCd=1055&kikanKbn=5", "url2": null, "内容": "こころ薬局　三の宮店【5:薬局】山口県山口市三の宮２－２１６０－７" }, "geometry": { "type": "Point", "coordinates": [ 131.493714, 34.188597 ] } },
{ "type": "Feature", "properties": { "ID": 3551056, "正式名称": "ときわ公園前薬局", "機関区分": 5, "都道府県コード": 35, "市区町村コード": 202, "所在地": "山口県宇部市則貞５丁目５ー８", "緯度": 33.942826, "経度": 131.280485, "url": "https://www.iryou.teikyouseido.mhlw.go.jp/znk-web/juminkanja/S2430/initialize?prefCd=35&kikanCd=1056&kikanKbn=5", "url2": null, "内容": "ときわ公園前薬局【5:薬局】山口県宇部市則貞５丁目５ー８" }, "geometry": { "type": "Point", "coordinates": [ 131.280485, 33.942826 ] } },
{ "type": "Feature", "properties": { "ID": 3551057, "正式名称": "ゆう薬局", "機関区分": 5, "都道府県コード": 35, "市区町村コード": 201, "所在地": "山口県下関市彦島江の浦町１丁目７ー２登根ビル１Ｆ", "緯度": 33.936737, "経度": 130.916811, "url": "https://www.iryou.teikyouseido.mhlw.go.jp/znk-web/juminkanja/S2430/initialize?prefCd=35&kikanCd=1057&kikanKbn=5", "url2": "https://asa-pharmacy.storeinfo.jp/", "内容": "ゆう薬局【5:薬局】山口県下関市彦島江の浦町１丁目７ー２登根ビル１Ｆ" }, "geometry": { "type": "Point", "coordinates": [ 130.916811, 33.936737 ] } },
{ "type": "Feature", "properties": { "ID": 3551058, "正式名称": "西日本薬局　小野田店", "機関区分": 5, "都道府県コード": 35, "市区町村コード": 216, "所在地": "山口県山陽小野田市東高泊１５８８ー２", "緯度": 33.99927, "経度": 131.175525, "url": "https://www.iryou.teikyouseido.mhlw.go.jp/znk-web/juminkanja/S2430/initialize?prefCd=35&kikanCd=1058&kikanKbn=5", "url2": "http://www.nishinihoniryou.jp/pharmacy/", "内容": "西日本薬局　小野田店【5:薬局】山口県山陽小野田市東高泊１５８８ー２" }, "geometry": { "type": "Point", "coordinates": [ 131.175525, 33.99927 ] } },
{ "type": "Feature", "properties": { "ID": 3551059, "正式名称": "ハーブ薬局", "機関区分": 5, "都道府県コード": 35, "市区町村コード": 203, "所在地": "山口県山口市中央２丁目６番１９号　１Ｆ", "緯度": 34.177436, "経度": 131.4748, "url": "https://www.iryou.teikyouseido.mhlw.go.jp/znk-web/juminkanja/S2430/initialize?prefCd=35&kikanCd=1059&kikanKbn=5", "url2": "http://www.flowerbros-tms.com", "内容": "ハーブ薬局【5:薬局】山口県山口市中央２丁目６番１９号　１Ｆ" }, "geometry": { "type": "Point", "coordinates": [ 131.4748, 34.177436 ] } },
{ "type": "Feature", "properties": { "ID": 355106, "正式名称": "島田薬局", "機関区分": 5, "都道府県コード": 35, "市区町村コード": 210, "所在地": "山口県光市島田二丁目１８番７号", "緯度": 33.970878, "経度": 131.933242, "url": "https://www.iryou.teikyouseido.mhlw.go.jp/znk-web/juminkanja/S2430/initialize?prefCd=35&kikanCd=106&kikanKbn=5", "url2": "https://kashiwaya-pharmacy.com/", "内容": "島田薬局【5:薬局】山口県光市島田二丁目１８番７号" }, "geometry": { "type": "Point", "coordinates": [ 131.933242, 33.970878 ] } },
{ "type": "Feature", "properties": { "ID": 3551064, "正式名称": "エスマイル薬局松小田店", "機関区分": 5, "都道府県コード": 35, "市区町村コード": 201, "所在地": "山口県下関市長府松小田本町５２１番３", "緯度": 34.025802, "経度": 130.99023, "url": "https://www.iryou.teikyouseido.mhlw.go.jp/znk-web/juminkanja/S2430/initialize?prefCd=35&kikanCd=1064&kikanKbn=5", "url2": "http://www.ssmile.co.jp", "内容": "エスマイル薬局松小田店【5:薬局】山口県下関市長府松小田本町５２１番３" }, "geometry": { "type": "Point", "coordinates": [ 130.99023, 34.025802 ] } },
{ "type": "Feature", "properties": { "ID": 3551066, "正式名称": "有限会社稗田薬局", "機関区分": 5, "都道府県コード": 35, "市区町村コード": 201, "所在地": "山口県下関市稗田北町１３－３７", "緯度": 33.99601, "経度": 130.932666, "url": "https://www.iryou.teikyouseido.mhlw.go.jp/znk-web/juminkanja/S2430/initialize?prefCd=35&kikanCd=1066&kikanKbn=5", "url2": "https://www.ssmedical-group.com/", "内容": "有限会社稗田薬局【5:薬局】山口県下関市稗田北町１３－３７" }, "geometry": { "type": "Point", "coordinates": [ 130.932666, 33.99601 ] } },
{ "type": "Feature", "properties": { "ID": 3551068, "正式名称": "昭和通薬局", "機関区分": 5, "都道府県コード": 35, "市区町村コード": 207, "所在地": "山口県下松市大字西豊井字殿ヶ浴６４３", "緯度": 34.00984, "経度": 131.87102, "url": "https://www.iryou.teikyouseido.mhlw.go.jp/znk-web/juminkanja/S2430/initialize?prefCd=35&kikanCd=1068&kikanKbn=5", "url2": "http://yuukivision.clinic-yamaguchi.com/", "内容": "昭和通薬局【5:薬局】山口県下松市大字西豊井字殿ヶ浴６４３" }, "geometry": { "type": "Point", "coordinates": [ 131.87102, 34.00984 ] } },
{ "type": "Feature", "properties": { "ID": 3551071, "正式名称": "すぎのこ薬局", "機関区分": 5, "都道府県コード": 35, "市区町村コード": 215, "所在地": "山口県周南市須々万本郷３５６ー４８", "緯度": 34.117536, "経度": 131.865127, "url": "https://www.iryou.teikyouseido.mhlw.go.jp/znk-web/juminkanja/S2430/initialize?prefCd=35&kikanCd=1071&kikanKbn=5", "url2": "http://yakumeikan.com", "内容": "すぎのこ薬局【5:薬局】山口県周南市須々万本郷３５６ー４８" }, "geometry": { "type": "Point", "coordinates": [ 131.865127, 34.117536 ] } },
{ "type": "Feature", "properties": { "ID": 3551072, "正式名称": "友薬局", "機関区分": 5, "都道府県コード": 35, "市区町村コード": 202, "所在地": "山口県宇部市東須恵", "緯度": 33.981865, "経度": 131.20277, "url": "https://www.iryou.teikyouseido.mhlw.go.jp/znk-web/juminkanja/S2430/initialize?prefCd=35&kikanCd=1072&kikanKbn=5", "url2": null, "内容": "友薬局【5:薬局】山口県宇部市東須恵" }, "geometry": { "type": "Point", "coordinates": [ 131.20277, 33.981865 ] } },
{ "type": "Feature", "properties": { "ID": 3551073, "正式名称": "フェリース薬局　松崎店", "機関区分": 5, "都道府県コード": 35, "市区町村コード": 206, "所在地": "山口県防府市南松崎町５番２４号", "緯度": 34.056828, "経度": 131.578922, "url": "https://www.iryou.teikyouseido.mhlw.go.jp/znk-web/juminkanja/S2430/initialize?prefCd=35&kikanCd=1073&kikanKbn=5", "url2": "https://feliz-pharmacy.com/", "内容": "フェリース薬局　松崎店【5:薬局】山口県防府市南松崎町５番２４号" }, "geometry": { "type": "Point", "coordinates": [ 131.578922, 34.056828 ] } },
{ "type": "Feature", "properties": { "ID": 3551074, "正式名称": "中央東薬局", "機関区分": 5, "都道府県コード": 35, "市区町村コード": 202, "所在地": "山口県宇部市松山町３丁目１１－１５", "緯度": 33.94105, "経度": 131.255972, "url": "https://www.iryou.teikyouseido.mhlw.go.jp/znk-web/juminkanja/S2430/initialize?prefCd=35&kikanCd=1074&kikanKbn=5", "url2": "https://www.chuohigashi-ph.com", "内容": "中央東薬局【5:薬局】山口県宇部市松山町３丁目１１－１５" }, "geometry": { "type": "Point", "coordinates": [ 131.255972, 33.94105 ] } },
{ "type": "Feature", "properties": { "ID": 3551075, "正式名称": "川棚薬局", "機関区分": 5, "都道府県コード": 35, "市区町村コード": 201, "所在地": "山口県下関市豊浦町川棚７２８７－１", "緯度": 34.142198, "経度": 130.92092, "url": "https://www.iryou.teikyouseido.mhlw.go.jp/znk-web/juminkanja/S2430/initialize?prefCd=35&kikanCd=1075&kikanKbn=5", "url2": "https://mine-city.org", "内容": "川棚薬局【5:薬局】山口県下関市豊浦町川棚７２８７－１" }, "geometry": { "type": "Point", "coordinates": [ 130.92092, 34.142198 ] } },
{ "type": "Feature", "properties": { "ID": 3551077, "正式名称": "こもれび薬局", "機関区分": 5, "都道府県コード": 35, "市区町村コード": 208, "所在地": "山口県岩国市牛野谷町２－２４－６３", "緯度": 34.153844, "経度": 132.200617, "url": "https://www.iryou.teikyouseido.mhlw.go.jp/znk-web/juminkanja/S2430/initialize?prefCd=35&kikanCd=1077&kikanKbn=5", "url2": null, "内容": "こもれび薬局【5:薬局】山口県岩国市牛野谷町２－２４－６３" }, "geometry": { "type": "Point", "coordinates": [ 132.200617, 34.153844 ] } },
{ "type": "Feature", "properties": { "ID": 3551079, "正式名称": "アイプラス薬局平井店", "機関区分": 5, "都道府県コード": 35, "市区町村コード": 203, "所在地": "山口県山口市平井２９８－６", "緯度": 34.157447, "経度": 131.466192, "url": "https://www.iryou.teikyouseido.mhlw.go.jp/znk-web/juminkanja/S2430/initialize?prefCd=35&kikanCd=1079&kikanKbn=5", "url2": null, "内容": "アイプラス薬局平井店【5:薬局】山口県山口市平井２９８－６" }, "geometry": { "type": "Point", "coordinates": [ 131.466192, 34.157447 ] } },
{ "type": "Feature", "properties": { "ID": 3551080, "正式名称": "あゆみ薬局", "機関区分": 5, "都道府県コード": 35, "市区町村コード": 202, "所在地": "山口県宇部市西小串二丁目６番１０号", "緯度": 33.964462, "経度": 131.248288, "url": "https://www.iryou.teikyouseido.mhlw.go.jp/znk-web/juminkanja/S2430/initialize?prefCd=35&kikanCd=1080&kikanKbn=5", "url2": "http://www.miyajimap.com/ayumi.html", "内容": "あゆみ薬局【5:薬局】山口県宇部市西小串二丁目６番１０号" }, "geometry": { "type": "Point", "coordinates": [ 131.248288, 33.964462 ] } },
{ "type": "Feature", "properties": { "ID": 3551081, "正式名称": "牛野谷ことり薬局", "機関区分": 5, "都道府県コード": 35, "市区町村コード": 208, "所在地": "山口県岩国市牛野谷町３－３９－１８", "緯度": 34.151267, "経度": 132.201957, "url": "https://www.iryou.teikyouseido.mhlw.go.jp/znk-web/juminkanja/S2430/initialize?prefCd=35&kikanCd=1081&kikanKbn=5", "url2": "ushinoyakotoriyakkyoku.jimdosite.com", "内容": "牛野谷ことり薬局【5:薬局】山口県岩国市牛野谷町３－３９－１８" }, "geometry": { "type": "Point", "coordinates": [ 132.201957, 34.151267 ] } },
{ "type": "Feature", "properties": { "ID": 3551083, "正式名称": "寿薬局", "機関区分": 5, "都道府県コード": 35, "市区町村コード": 202, "所在地": "山口県宇部市寿町一丁目３番２２号", "緯度": 33.953068, "経度": 131.24879, "url": "https://www.iryou.teikyouseido.mhlw.go.jp/znk-web/juminkanja/S2430/initialize?prefCd=35&kikanCd=1083&kikanKbn=5", "url2": "http://www.green-ph.jp/", "内容": "寿薬局【5:薬局】山口県宇部市寿町一丁目３番２２号" }, "geometry": { "type": "Point", "coordinates": [ 131.24879, 33.953068 ] } },
{ "type": "Feature", "properties": { "ID": 3551084, "正式名称": "まちの薬局上新地店", "機関区分": 5, "都道府県コード": 35, "市区町村コード": 201, "所在地": "山口県下関市上新地町３ー３ー３０", "緯度": 33.95964, "経度": 130.91977, "url": "https://www.iryou.teikyouseido.mhlw.go.jp/znk-web/juminkanja/S2430/initialize?prefCd=35&kikanCd=1084&kikanKbn=5", "url2": null, "内容": "まちの薬局上新地店【5:薬局】山口県下関市上新地町３ー３ー３０" }, "geometry": { "type": "Point", "coordinates": [ 130.91977, 33.95964 ] } },
{ "type": "Feature", "properties": { "ID": 3551085, "正式名称": "おおみね薬局", "機関区分": 5, "都道府県コード": 35, "市区町村コード": 213, "所在地": "山口県美祢市大嶺町東分字沖田１２１０－４", "緯度": 34.167023, "経度": 131.20456, "url": "https://www.iryou.teikyouseido.mhlw.go.jp/znk-web/juminkanja/S2430/initialize?prefCd=35&kikanCd=1085&kikanKbn=5", "url2": "https://www.sanwa.tc/", "内容": "おおみね薬局【5:薬局】山口県美祢市大嶺町東分字沖田１２１０－４" }, "geometry": { "type": "Point", "coordinates": [ 131.20456, 34.167023 ] } },
{ "type": "Feature", "properties": { "ID": 3551086, "正式名称": "エスマイル薬局今宿店", "機関区分": 5, "都道府県コード": 35, "市区町村コード": 215, "所在地": "山口県周南市緑町一丁目５３番地の２", "緯度": 34.058315, "経度": 131.804034, "url": "https://www.iryou.teikyouseido.mhlw.go.jp/znk-web/juminkanja/S2430/initialize?prefCd=35&kikanCd=1086&kikanKbn=5", "url2": "http://www.ssmile.co.jp", "内容": "エスマイル薬局今宿店【5:薬局】山口県周南市緑町一丁目５３番地の２" }, "geometry": { "type": "Point", "coordinates": [ 131.804034, 34.058315 ] } },
{ "type": "Feature", "properties": { "ID": 3551088, "正式名称": "アイム薬局", "機関区分": 5, "都道府県コード": 35, "市区町村コード": 208, "所在地": "山口県岩国市元町４ー１ー１５", "緯度": 34.171907, "経度": 132.231181, "url": "https://www.iryou.teikyouseido.mhlw.go.jp/znk-web/juminkanja/S2430/initialize?prefCd=35&kikanCd=1088&kikanKbn=5", "url2": "https://mikk-ligar.jp/", "内容": "アイム薬局【5:薬局】山口県岩国市元町４ー１ー１５" }, "geometry": { "type": "Point", "coordinates": [ 132.231181, 34.171907 ] } },
{ "type": "Feature", "properties": { "ID": 3551089, "正式名称": "たんぽぽ薬局", "機関区分": 5, "都道府県コード": 35, "市区町村コード": 208, "所在地": "山口県岩国市山手町１丁目２２番２３号", "緯度": 34.168518, "経度": 132.21441, "url": "https://www.iryou.teikyouseido.mhlw.go.jp/znk-web/juminkanja/S2430/initialize?prefCd=35&kikanCd=1089&kikanKbn=5", "url2": "http://yakumeikan.com", "内容": "たんぽぽ薬局【5:薬局】山口県岩国市山手町１丁目２２番２３号" }, "geometry": { "type": "Point", "coordinates": [ 132.21441, 34.168518 ] } },
{ "type": "Feature", "properties": { "ID": 3551090, "正式名称": "ウォンツ西岩国薬局", "機関区分": 5, "都道府県コード": 35, "市区町村コード": 208, "所在地": "山口県岩国市錦見６－１４－３４", "緯度": 34.164042, "経度": 132.195961, "url": "https://www.iryou.teikyouseido.mhlw.go.jp/znk-web/juminkanja/S2430/initialize?prefCd=35&kikanCd=1090&kikanKbn=5", "url2": "https://www.wants.co.jp/", "内容": "ウォンツ西岩国薬局【5:薬局】山口県岩国市錦見６－１４－３４" }, "geometry": { "type": "Point", "coordinates": [ 132.195961, 34.164042 ] } },
{ "type": "Feature", "properties": { "ID": 3551091, "正式名称": "うみがめ薬局", "機関区分": 5, "都道府県コード": 35, "市区町村コード": 210, "所在地": "山口県光市浅江一丁目１１番２６号", "緯度": 33.971263, "経度": 131.927805, "url": "https://www.iryou.teikyouseido.mhlw.go.jp/znk-web/juminkanja/S2430/initialize?prefCd=35&kikanCd=1091&kikanKbn=5", "url2": "http://www.yu-wa-co.jp", "内容": "うみがめ薬局【5:薬局】山口県光市浅江一丁目１１番２６号" }, "geometry": { "type": "Point", "coordinates": [ 131.927805, 33.971263 ] } },
{ "type": "Feature", "properties": { "ID": 3551092, "正式名称": "銀座薬局", "機関区分": 5, "都道府県コード": 35, "市区町村コード": 215, "所在地": "山口県周南市銀座２丁目２７番地", "緯度": 34.050094, "経度": 131.805138, "url": "https://www.iryou.teikyouseido.mhlw.go.jp/znk-web/juminkanja/S2430/initialize?prefCd=35&kikanCd=1092&kikanKbn=5", "url2": "http://ginzapharmacy.com/", "内容": "銀座薬局【5:薬局】山口県周南市銀座２丁目２７番地" }, "geometry": { "type": "Point", "coordinates": [ 131.805138, 34.050094 ] } },
{ "type": "Feature", "properties": { "ID": 3551093, "正式名称": "ニック調剤薬局　新南陽店", "機関区分": 5, "都道府県コード": 35, "市区町村コード": 215, "所在地": "山口県周南市政所１－１４－７", "緯度": 34.073856, "経度": 131.767814, "url": "https://www.iryou.teikyouseido.mhlw.go.jp/znk-web/juminkanja/S2430/initialize?prefCd=35&kikanCd=1093&kikanKbn=5", "url2": null, "内容": "ニック調剤薬局　新南陽店【5:薬局】山口県周南市政所１－１４－７" }, "geometry": { "type": "Point", "coordinates": [ 131.767814, 34.073856 ] } },
{ "type": "Feature", "properties": { "ID": 3551094, "正式名称": "ココカラファイン薬局　周南久米店", "機関区分": 5, "都道府県コード": 35, "市区町村コード": 215, "所在地": "山口県周南市久米中央一丁目１５番１３号", "緯度": 34.041658, "経度": 131.82055, "url": "https://www.iryou.teikyouseido.mhlw.go.jp/znk-web/juminkanja/S2430/initialize?prefCd=35&kikanCd=1094&kikanKbn=5", "url2": "https://www.matsukiyococokara-online.com/map?kid=20001807", "内容": "ココカラファイン薬局　周南久米店【5:薬局】山口県周南市久米中央一丁目１５番１３号" }, "geometry": { "type": "Point", "coordinates": [ 131.82055, 34.041658 ] } },
{ "type": "Feature", "properties": { "ID": 3551095, "正式名称": "岩本薬局", "機関区分": 5, "都道府県コード": 35, "市区町村コード": 202, "所在地": "山口県宇部市船木２３１ー１", "緯度": 34.044221, "経度": 131.22324, "url": "https://www.iryou.teikyouseido.mhlw.go.jp/znk-web/juminkanja/S2430/initialize?prefCd=35&kikanCd=1095&kikanKbn=5", "url2": null, "内容": "岩本薬局【5:薬局】山口県宇部市船木２３１ー１" }, "geometry": { "type": "Point", "coordinates": [ 131.22324, 34.044221 ] } },
{ "type": "Feature", "properties": { "ID": 3551096, "正式名称": "きたうら薬局", "機関区分": 5, "都道府県コード": 35, "市区町村コード": 201, "所在地": "山口県下関市安岡駅前１丁目２ー１２", "緯度": 34.025843, "経度": 130.915697, "url": "https://www.iryou.teikyouseido.mhlw.go.jp/znk-web/juminkanja/S2430/initialize?prefCd=35&kikanCd=1096&kikanKbn=5", "url2": null, "内容": "きたうら薬局【5:薬局】山口県下関市安岡駅前１丁目２ー１２" }, "geometry": { "type": "Point", "coordinates": [ 130.915697, 34.025843 ] } },
{ "type": "Feature", "properties": { "ID": 3551098, "正式名称": "さむろ薬局", "機関区分": 5, "都道府県コード": 35, "市区町村コード": 204, "所在地": "山口県萩市吉田町５１－１１", "緯度": 34.415896, "経度": 131.402883, "url": "https://www.iryou.teikyouseido.mhlw.go.jp/znk-web/juminkanja/S2430/initialize?prefCd=35&kikanCd=1098&kikanKbn=5", "url2": "https://www.samuropharmacy.com/", "内容": "さむろ薬局【5:薬局】山口県萩市吉田町５１－１１" }, "geometry": { "type": "Point", "coordinates": [ 131.402883, 34.415896 ] } },
{ "type": "Feature", "properties": { "ID": 3551099, "正式名称": "つしみ薬局", "機関区分": 5, "都道府県コード": 35, "市区町村コード": 208, "所在地": "山口県岩国市麻里布町６丁目７ー２４", "緯度": 34.168518, "経度": 132.2207, "url": "https://www.iryou.teikyouseido.mhlw.go.jp/znk-web/juminkanja/S2430/initialize?prefCd=35&kikanCd=1099&kikanKbn=5", "url2": null, "内容": "つしみ薬局【5:薬局】山口県岩国市麻里布町６丁目７ー２４" }, "geometry": { "type": "Point", "coordinates": [ 132.2207, 34.168518 ] } },
{ "type": "Feature", "properties": { "ID": 355110, "正式名称": "光星薬局", "機関区分": 5, "都道府県コード": 35, "市区町村コード": 215, "所在地": "山口県周南市古川町９番６号", "緯度": 34.070354, "経度": 131.773183, "url": "https://www.iryou.teikyouseido.mhlw.go.jp/znk-web/juminkanja/S2430/initialize?prefCd=35&kikanCd=110&kikanKbn=5", "url2": "http://www.okazakiyakuhin.com", "内容": "光星薬局【5:薬局】山口県周南市古川町９番６号" }, "geometry": { "type": "Point", "coordinates": [ 131.773183, 34.070354 ] } },
{ "type": "Feature", "properties": { "ID": 3551100, "正式名称": "新町薬局", "機関区分": 5, "都道府県コード": 35, "市区町村コード": 208, "所在地": "山口県岩国市岩国３丁目２ー４", "緯度": 34.163522, "経度": 132.183774, "url": "https://www.iryou.teikyouseido.mhlw.go.jp/znk-web/juminkanja/S2430/initialize?prefCd=35&kikanCd=1100&kikanKbn=5", "url2": null, "内容": "新町薬局【5:薬局】山口県岩国市岩国３丁目２ー４" }, "geometry": { "type": "Point", "coordinates": [ 132.183774, 34.163522 ] } },
{ "type": "Feature", "properties": { "ID": 3551102, "正式名称": "はな薬局　市民病院前店", "機関区分": 5, "都道府県コード": 35, "市区町村コード": 216, "所在地": "山口県山陽小野田市東高泊１６１４番地３", "緯度": 33.999132, "経度": 131.178275, "url": "https://www.iryou.teikyouseido.mhlw.go.jp/znk-web/juminkanja/S2430/initialize?prefCd=35&kikanCd=1102&kikanKbn=5", "url2": "https://hana-p.jp/", "内容": "はな薬局　市民病院前店【5:薬局】山口県山陽小野田市東高泊１６１４番地３" }, "geometry": { "type": "Point", "coordinates": [ 131.178275, 33.999132 ] } },
{ "type": "Feature", "properties": { "ID": 3551103, "正式名称": "あおば薬局", "機関区分": 5, "都道府県コード": 35, "市区町村コード": 202, "所在地": "山口県宇部市五十目山町１５番２号", "緯度": 33.93676, "経度": 131.266483, "url": "https://www.iryou.teikyouseido.mhlw.go.jp/znk-web/juminkanja/S2430/initialize?prefCd=35&kikanCd=1103&kikanKbn=5", "url2": "http://hoken-kikaku.com/pharmacy_aoba.html", "内容": "あおば薬局【5:薬局】山口県宇部市五十目山町１５番２号" }, "geometry": { "type": "Point", "coordinates": [ 131.266483, 33.93676 ] } },
{ "type": "Feature", "properties": { "ID": 3551104, "正式名称": "上宇部あおば薬局", "機関区分": 5, "都道府県コード": 35, "市区町村コード": 202, "所在地": "山口県宇部市海南町２番２１号", "緯度": 33.958828, "経度": 131.26308, "url": "https://www.iryou.teikyouseido.mhlw.go.jp/znk-web/juminkanja/S2430/initialize?prefCd=35&kikanCd=1104&kikanKbn=5", "url2": "http://hoken-kikaku.com/pharmacy_kamiubeaoba.html", "内容": "上宇部あおば薬局【5:薬局】山口県宇部市海南町２番２１号" }, "geometry": { "type": "Point", "coordinates": [ 131.26308, 33.958828 ] } },
{ "type": "Feature", "properties": { "ID": 3551105, "正式名称": "みつば薬局", "機関区分": 5, "都道府県コード": 35, "市区町村コード": 216, "所在地": "山口県山陽小野田市くし山１丁目１７番１２号", "緯度": 34.010788, "経度": 131.181791, "url": "https://www.iryou.teikyouseido.mhlw.go.jp/znk-web/juminkanja/S2430/initialize?prefCd=35&kikanCd=1105&kikanKbn=5", "url2": "http://hoken-kikaku.com/pharmacy_mitsuba.html", "内容": "みつば薬局【5:薬局】山口県山陽小野田市くし山１丁目１７番１２号" }, "geometry": { "type": "Point", "coordinates": [ 131.181791, 34.010788 ] } },
{ "type": "Feature", "properties": { "ID": 3551107, "正式名称": "そよかぜ薬局", "機関区分": 5, "都道府県コード": 35, "市区町村コード": 215, "所在地": "山口県周南市富田新町一丁目９番２４号", "緯度": 34.073199, "経度": 131.757572, "url": "https://www.iryou.teikyouseido.mhlw.go.jp/znk-web/juminkanja/S2430/initialize?prefCd=35&kikanCd=1107&kikanKbn=5", "url2": "https://www.soyokazekindm.com", "内容": "そよかぜ薬局【5:薬局】山口県周南市富田新町一丁目９番２４号" }, "geometry": { "type": "Point", "coordinates": [ 131.757572, 34.073199 ] } },
{ "type": "Feature", "properties": { "ID": 3551108, "正式名称": "下関在宅支援薬局", "機関区分": 5, "都道府県コード": 35, "市区町村コード": 201, "所在地": "山口県下関市秋根南町二丁目３番１号", "緯度": 34.008389, "経度": 130.954583, "url": "https://www.iryou.teikyouseido.mhlw.go.jp/znk-web/juminkanja/S2430/initialize?prefCd=35&kikanCd=1108&kikanKbn=5", "url2": null, "内容": "下関在宅支援薬局【5:薬局】山口県下関市秋根南町二丁目３番１号" }, "geometry": { "type": "Point", "coordinates": [ 130.954583, 34.008389 ] } },
{ "type": "Feature", "properties": { "ID": 3551109, "正式名称": "オオタ薬局山手店", "機関区分": 5, "都道府県コード": 35, "市区町村コード": 203, "所在地": "山口県山口市小郡下郷７４８番１", "緯度": 34.1002, "経度": 131.392797, "url": "https://www.iryou.teikyouseido.mhlw.go.jp/znk-web/juminkanja/S2430/initialize?prefCd=35&kikanCd=1109&kikanKbn=5", "url2": "http://www.ota-pharmacy.co.jp/html/", "内容": "オオタ薬局山手店【5:薬局】山口県山口市小郡下郷７４８番１" }, "geometry": { "type": "Point", "coordinates": [ 131.392797, 34.1002 ] } },
{ "type": "Feature", "properties": { "ID": 3551111, "正式名称": "山一薬局アルク山口店", "機関区分": 5, "都道府県コード": 35, "市区町村コード": 203, "所在地": "山口県山口市中央４－７－２０", "緯度": 34.173153, "経度": 131.469908, "url": "https://www.iryou.teikyouseido.mhlw.go.jp/znk-web/juminkanja/S2430/initialize?prefCd=35&kikanCd=1111&kikanKbn=5", "url2": "http://yamaichi-kanpou.com", "内容": "山一薬局アルク山口店【5:薬局】山口県山口市中央４－７－２０" }, "geometry": { "type": "Point", "coordinates": [ 131.469908, 34.173153 ] } },
{ "type": "Feature", "properties": { "ID": 3551112, "正式名称": "あさひ薬局大内店", "機関区分": 5, "都道府県コード": 35, "市区町村コード": 203, "所在地": "山口県山口市大内千坊五丁目１ー１", "緯度": 34.159304, "経度": 131.490391, "url": "https://www.iryou.teikyouseido.mhlw.go.jp/znk-web/juminkanja/S2430/initialize?prefCd=35&kikanCd=1112&kikanKbn=5", "url2": null, "内容": "あさひ薬局大内店【5:薬局】山口県山口市大内千坊五丁目１ー１" }, "geometry": { "type": "Point", "coordinates": [ 131.490391, 34.159304 ] } },
{ "type": "Feature", "properties": { "ID": 3551113, "正式名称": "多田薬局", "機関区分": 5, "都道府県コード": 35, "市区町村コード": 208, "所在地": "山口県岩国市多田３丁目１０２－６", "緯度": 34.182094, "経度": 132.167003, "url": "https://www.iryou.teikyouseido.mhlw.go.jp/znk-web/juminkanja/S2430/initialize?prefCd=35&kikanCd=1113&kikanKbn=5", "url2": "s-and-e-pharmacy-5qxep05.gamma.site", "内容": "多田薬局【5:薬局】山口県岩国市多田３丁目１０２－６" }, "geometry": { "type": "Point", "coordinates": [ 132.167003, 34.182094 ] } },
{ "type": "Feature", "properties": { "ID": 3551119, "正式名称": "くすのき薬局", "機関区分": 5, "都道府県コード": 35, "市区町村コード": 202, "所在地": "山口県宇部市船木６８２－１", "緯度": 34.043534, "経度": 131.217833, "url": "https://www.iryou.teikyouseido.mhlw.go.jp/znk-web/juminkanja/S2430/initialize?prefCd=35&kikanCd=1119&kikanKbn=5", "url2": "https://e-bond.info/withs/", "内容": "くすのき薬局【5:薬局】山口県宇部市船木６８２－１" }, "geometry": { "type": "Point", "coordinates": [ 131.217833, 34.043534 ] } },
{ "type": "Feature", "properties": { "ID": 355112, "正式名称": "ヤマネ薬局　小郡店", "機関区分": 5, "都道府県コード": 35, "市区町村コード": 203, "所在地": "山口県山口市小郡令和１－３－１", "緯度": 34.096437, "経度": 131.399268, "url": "https://www.iryou.teikyouseido.mhlw.go.jp/znk-web/juminkanja/S2430/initialize?prefCd=35&kikanCd=112&kikanKbn=5", "url2": null, "内容": "ヤマネ薬局　小郡店【5:薬局】山口県山口市小郡令和１－３－１" }, "geometry": { "type": "Point", "coordinates": [ 131.399268, 34.096437 ] } },
{ "type": "Feature", "properties": { "ID": 3551122, "正式名称": "アイン薬局山口湯田店", "機関区分": 5, "都道府県コード": 35, "市区町村コード": 203, "所在地": "山口県山口市泉都町９番１４号", "緯度": 34.166755, "経度": 131.460801, "url": "https://www.iryou.teikyouseido.mhlw.go.jp/znk-web/juminkanja/S2430/initialize?prefCd=35&kikanCd=1122&kikanKbn=5", "url2": "https://www.ainj.co.jp", "内容": "アイン薬局山口湯田店【5:薬局】山口県山口市泉都町９番１４号" }, "geometry": { "type": "Point", "coordinates": [ 131.460801, 34.166755 ] } },
{ "type": "Feature", "properties": { "ID": 3551123, "正式名称": "かじくり薬局", "機関区分": 5, "都道府県コード": 35, "市区町村コード": 201, "所在地": "山口県下関市梶栗町３丁目７番７号", "緯度": 34.013786, "経度": 130.920886, "url": "https://www.iryou.teikyouseido.mhlw.go.jp/znk-web/juminkanja/S2430/initialize?prefCd=35&kikanCd=1123&kikanKbn=5", "url2": "https://www.ainj.co.jp/", "内容": "かじくり薬局【5:薬局】山口県下関市梶栗町３丁目７番７号" }, "geometry": { "type": "Point", "coordinates": [ 130.920886, 34.013786 ] } },
{ "type": "Feature", "properties": { "ID": 3551124, "正式名称": "アップル薬局", "機関区分": 5, "都道府県コード": 35, "市区町村コード": 201, "所在地": "山口県下関市梶栗町２丁目２番１７号", "緯度": 34.013681, "経度": 130.920201, "url": "https://www.iryou.teikyouseido.mhlw.go.jp/znk-web/juminkanja/S2430/initialize?prefCd=35&kikanCd=1124&kikanKbn=5", "url2": "http://www.ainj.co.jp/", "内容": "アップル薬局【5:薬局】山口県下関市梶栗町２丁目２番１７号" }, "geometry": { "type": "Point", "coordinates": [ 130.920201, 34.013681 ] } },
{ "type": "Feature", "properties": { "ID": 3551126, "正式名称": "レインボー薬局", "機関区分": 5, "都道府県コード": 35, "市区町村コード": 202, "所在地": "山口県宇部市恩田町二丁目９番４８号", "緯度": 33.945675, "経度": 131.265425, "url": "https://www.iryou.teikyouseido.mhlw.go.jp/znk-web/juminkanja/S2430/initialize?prefCd=35&kikanCd=1126&kikanKbn=5", "url2": null, "内容": "レインボー薬局【5:薬局】山口県宇部市恩田町二丁目９番４８号" }, "geometry": { "type": "Point", "coordinates": [ 131.265425, 33.945675 ] } },
{ "type": "Feature", "properties": { "ID": 3551127, "正式名称": "グリーン薬局", "機関区分": 5, "都道府県コード": 35, "市区町村コード": 201, "所在地": "山口県下関市彦島本村町６丁目１７ー１３", "緯度": 33.939767, "経度": 130.913994, "url": "https://www.iryou.teikyouseido.mhlw.go.jp/znk-web/juminkanja/S2430/initialize?prefCd=35&kikanCd=1127&kikanKbn=5", "url2": null, "内容": "グリーン薬局【5:薬局】山口県下関市彦島本村町６丁目１７ー１３" }, "geometry": { "type": "Point", "coordinates": [ 130.913994, 33.939767 ] } },
{ "type": "Feature", "properties": { "ID": 3551128, "正式名称": "徳佐薬局", "機関区分": 5, "都道府県コード": 35, "市区町村コード": 203, "所在地": "山口県山口市阿東徳佐中", "緯度": 34.396521, "経度": 131.720532, "url": "https://www.iryou.teikyouseido.mhlw.go.jp/znk-web/juminkanja/S2430/initialize?prefCd=35&kikanCd=1128&kikanKbn=5", "url2": null, "内容": "徳佐薬局【5:薬局】山口県山口市阿東徳佐中" }, "geometry": { "type": "Point", "coordinates": [ 131.720532, 34.396521 ] } },
{ "type": "Feature", "properties": { "ID": 3551129, "正式名称": "仁成堂薬局阿知須店", "機関区分": 5, "都道府県コード": 35, "市区町村コード": 203, "所在地": "山口県山口市阿知須４５１５－１０", "緯度": 34.007881, "経度": 131.354356, "url": "https://www.iryou.teikyouseido.mhlw.go.jp/znk-web/juminkanja/S2430/initialize?prefCd=35&kikanCd=1129&kikanKbn=5", "url2": "http://www.jinsei-do.co.jp", "内容": "仁成堂薬局阿知須店【5:薬局】山口県山口市阿知須４５１５－１０" }, "geometry": { "type": "Point", "coordinates": [ 131.354356, 34.007881 ] } },
{ "type": "Feature", "properties": { "ID": 355113, "正式名称": "彦島薬局", "機関区分": 5, "都道府県コード": 35, "市区町村コード": 201, "所在地": "山口県下関市彦島角倉町１丁目１１番２７号", "緯度": 33.926014, "経度": 130.914666, "url": "https://www.iryou.teikyouseido.mhlw.go.jp/znk-web/juminkanja/S2430/initialize?prefCd=35&kikanCd=113&kikanKbn=5", "url2": null, "内容": "彦島薬局【5:薬局】山口県下関市彦島角倉町１丁目１１番２７号" }, "geometry": { "type": "Point", "coordinates": [ 130.914666, 33.926014 ] } },
{ "type": "Feature", "properties": { "ID": 3551130, "正式名称": "あおぞら薬局　南岩国店", "機関区分": 5, "都道府県コード": 35, "市区町村コード": 208, "所在地": "山口県岩国市南岩国町１丁目１４番２３号", "緯度": 34.134639, "経度": 132.204616, "url": "https://www.iryou.teikyouseido.mhlw.go.jp/znk-web/juminkanja/S2430/initialize?prefCd=35&kikanCd=1130&kikanKbn=5", "url2": "https://www.aozorayou.com/home", "内容": "あおぞら薬局　南岩国店【5:薬局】山口県岩国市南岩国町１丁目１４番２３号" }, "geometry": { "type": "Point", "coordinates": [ 132.204616, 34.134639 ] } },
{ "type": "Feature", "properties": { "ID": 3551132, "正式名称": "今津一丁目薬局", "機関区分": 5, "都道府県コード": 35, "市区町村コード": 208, "所在地": "山口県岩国市今津町１丁目１１番２７号", "緯度": 34.167033, "経度": 132.221155, "url": "https://www.iryou.teikyouseido.mhlw.go.jp/znk-web/juminkanja/S2430/initialize?prefCd=35&kikanCd=1132&kikanKbn=5", "url2": null, "内容": "今津一丁目薬局【5:薬局】山口県岩国市今津町１丁目１１番２７号" }, "geometry": { "type": "Point", "coordinates": [ 132.221155, 34.167033 ] } },
{ "type": "Feature", "properties": { "ID": 3551134, "正式名称": "そうごう薬局　須々万店", "機関区分": 5, "都道府県コード": 35, "市区町村コード": 215, "所在地": "山口県周南市須々万本郷２９ー１", "緯度": 34.120903, "経度": 131.87033, "url": "https://www.iryou.teikyouseido.mhlw.go.jp/znk-web/juminkanja/S2430/initialize?prefCd=35&kikanCd=1134&kikanKbn=5", "url2": "http://www.sogo-medical.co.jp/", "内容": "そうごう薬局　須々万店【5:薬局】山口県周南市須々万本郷２９ー１" }, "geometry": { "type": "Point", "coordinates": [ 131.87033, 34.120903 ] } },
{ "type": "Feature", "properties": { "ID": 3551135, "正式名称": "ココカラファイン薬局　政所店", "機関区分": 5, "都道府県コード": 35, "市区町村コード": 215, "所在地": "山口県周南市桶川町７－１１", "緯度": 34.072375, "経度": 131.773933, "url": "https://www.iryou.teikyouseido.mhlw.go.jp/znk-web/juminkanja/S2430/initialize?prefCd=35&kikanCd=1135&kikanKbn=5", "url2": "https://www.matsukiyococokara-online.com/map?kid=20001806", "内容": "ココカラファイン薬局　政所店【5:薬局】山口県周南市桶川町７－１１" }, "geometry": { "type": "Point", "coordinates": [ 131.773933, 34.072375 ] } },
{ "type": "Feature", "properties": { "ID": 3551136, "正式名称": "しんせい薬局", "機関区分": 5, "都道府県コード": 35, "市区町村コード": 202, "所在地": "山口県宇部市今村南１－１－２３", "緯度": 33.950263, "経度": 131.30234, "url": "https://www.iryou.teikyouseido.mhlw.go.jp/znk-web/juminkanja/S2430/initialize?prefCd=35&kikanCd=1136&kikanKbn=5", "url2": "https://www.aipgroup.co.jp/shinsei.top.html", "内容": "しんせい薬局【5:薬局】山口県宇部市今村南１－１－２３" }, "geometry": { "type": "Point", "coordinates": [ 131.30234, 33.950263 ] } },
{ "type": "Feature", "properties": { "ID": 3551137, "正式名称": "そよかぜ薬局", "機関区分": 5, "都道府県コード": 35, "市区町村コード": 204, "所在地": "山口県萩市東浜崎町９０番地", "緯度": 34.4195, "経度": 131.401764, "url": "https://www.iryou.teikyouseido.mhlw.go.jp/znk-web/juminkanja/S2430/initialize?prefCd=35&kikanCd=1137&kikanKbn=5", "url2": "sasamurahagi.com", "内容": "そよかぜ薬局【5:薬局】山口県萩市東浜崎町９０番地" }, "geometry": { "type": "Point", "coordinates": [ 131.401764, 34.4195 ] } },
{ "type": "Feature", "properties": { "ID": 3551138, "正式名称": "きらら薬局", "機関区分": 5, "都道府県コード": 35, "市区町村コード": 216, "所在地": "山口県山陽小野田市新生２丁目４番５号", "緯度": 34.002232, "経度": 131.179375, "url": "https://www.iryou.teikyouseido.mhlw.go.jp/znk-web/juminkanja/S2430/initialize?prefCd=35&kikanCd=1138&kikanKbn=5", "url2": "https://www.marinegroup.jp/store/", "内容": "きらら薬局【5:薬局】山口県山陽小野田市新生２丁目４番５号" }, "geometry": { "type": "Point", "coordinates": [ 131.179375, 34.002232 ] } },
{ "type": "Feature", "properties": { "ID": 3551139, "正式名称": "へき中央薬局", "機関区分": 5, "都道府県コード": 35, "市区町村コード": 211, "所在地": "山口県長門市日置中２４８８－４", "緯度": 34.380264, "経度": 131.105823, "url": "https://www.iryou.teikyouseido.mhlw.go.jp/znk-web/juminkanja/S2430/initialize?prefCd=35&kikanCd=1139&kikanKbn=5", "url2": "https://www.hekichuph.com/", "内容": "へき中央薬局【5:薬局】山口県長門市日置中２４８８－４" }, "geometry": { "type": "Point", "coordinates": [ 131.105823, 34.380264 ] } },
{ "type": "Feature", "properties": { "ID": 355114, "正式名称": "津田薬局", "機関区分": 5, "都道府県コード": 35, "市区町村コード": 204, "所在地": "山口県萩市東田町１２８番地", "緯度": 34.412144, "経度": 131.400692, "url": "https://www.iryou.teikyouseido.mhlw.go.jp/znk-web/juminkanja/S2430/initialize?prefCd=35&kikanCd=114&kikanKbn=5", "url2": null, "内容": "津田薬局【5:薬局】山口県萩市東田町１２８番地" }, "geometry": { "type": "Point", "coordinates": [ 131.400692, 34.412144 ] } },
{ "type": "Feature", "properties": { "ID": 3551140, "正式名称": "ひまわり薬局大神店", "機関区分": 5, "都道府県コード": 35, "市区町村コード": 215, "所在地": "山口県周南市大神３丁目１２番７３号", "緯度": 34.079843, "経度": 131.763844, "url": "https://www.iryou.teikyouseido.mhlw.go.jp/znk-web/juminkanja/S2430/initialize?prefCd=35&kikanCd=1140&kikanKbn=5", "url2": "http://flore.co.jp", "内容": "ひまわり薬局大神店【5:薬局】山口県周南市大神３丁目１２番７３号" }, "geometry": { "type": "Point", "coordinates": [ 131.763844, 34.079843 ] } },
{ "type": "Feature", "properties": { "ID": 3551141, "正式名称": "のぞみ薬局伊倉店", "機関区分": 5, "都道府県コード": 35, "市区町村コード": 201, "所在地": "山口県下関市伊倉新町４丁目２ー１４", "緯度": 34.005621, "経度": 130.935897, "url": "https://www.iryou.teikyouseido.mhlw.go.jp/znk-web/juminkanja/S2430/initialize?prefCd=35&kikanCd=1141&kikanKbn=5", "url2": null, "内容": "のぞみ薬局伊倉店【5:薬局】山口県下関市伊倉新町４丁目２ー１４" }, "geometry": { "type": "Point", "coordinates": [ 130.935897, 34.005621 ] } },
{ "type": "Feature", "properties": { "ID": 3551142, "正式名称": "ほたる薬局", "機関区分": 5, "都道府県コード": 35, "市区町村コード": 203, "所在地": "山口県山口市下竪小路６５番１号", "緯度": 34.182278, "経度": 131.479289, "url": "https://www.iryou.teikyouseido.mhlw.go.jp/znk-web/juminkanja/S2430/initialize?prefCd=35&kikanCd=1142&kikanKbn=5", "url2": null, "内容": "ほたる薬局【5:薬局】山口県山口市下竪小路６５番１号" }, "geometry": { "type": "Point", "coordinates": [ 131.479289, 34.182278 ] } },
{ "type": "Feature", "properties": { "ID": 3551144, "正式名称": "くすのき薬局", "機関区分": 5, "都道府県コード": 35, "市区町村コード": 206, "所在地": "山口県防府市八王子１丁目２４番１８号", "緯度": 34.056569, "経度": 131.56766, "url": "https://www.iryou.teikyouseido.mhlw.go.jp/znk-web/juminkanja/S2430/initialize?prefCd=35&kikanCd=1144&kikanKbn=5", "url2": "https://prog-net.jp/", "内容": "くすのき薬局【5:薬局】山口県防府市八王子１丁目２４番１８号" }, "geometry": { "type": "Point", "coordinates": [ 131.56766, 34.056569 ] } },
{ "type": "Feature", "properties": { "ID": 3551145, "正式名称": "シジュウカラ薬局", "機関区分": 5, "都道府県コード": 35, "市区町村コード": 206, "所在地": "山口県防府市多々良１丁目８ー３０", "緯度": 34.063939, "経度": 131.587392, "url": "https://www.iryou.teikyouseido.mhlw.go.jp/znk-web/juminkanja/S2430/initialize?prefCd=35&kikanCd=1145&kikanKbn=5", "url2": null, "内容": "シジュウカラ薬局【5:薬局】山口県防府市多々良１丁目８ー３０" }, "geometry": { "type": "Point", "coordinates": [ 131.587392, 34.063939 ] } },
{ "type": "Feature", "properties": { "ID": 3551146, "正式名称": "山根大健堂薬局", "機関区分": 5, "都道府県コード": 35, "市区町村コード": 203, "所在地": "山口県山口市秋穂東６７４６－１", "緯度": 34.015976, "経度": 131.432522, "url": "https://www.iryou.teikyouseido.mhlw.go.jp/znk-web/juminkanja/S2430/initialize?prefCd=35&kikanCd=1146&kikanKbn=5", "url2": null, "内容": "山根大健堂薬局【5:薬局】山口県山口市秋穂東６７４６－１" }, "geometry": { "type": "Point", "coordinates": [ 131.432522, 34.015976 ] } },
{ "type": "Feature", "properties": { "ID": 3551147, "正式名称": "じふく薬局", "機関区分": 5, "都道府県コード": 35, "市区町村コード": 203, "所在地": "山口県山口市阿東地福上１８５４", "緯度": 34.361339, "経度": 131.664908, "url": "https://www.iryou.teikyouseido.mhlw.go.jp/znk-web/juminkanja/S2430/initialize?prefCd=35&kikanCd=1147&kikanKbn=5", "url2": null, "内容": "じふく薬局【5:薬局】山口県山口市阿東地福上１８５４" }, "geometry": { "type": "Point", "coordinates": [ 131.664908, 34.361339 ] } },
{ "type": "Feature", "properties": { "ID": 3551148, "正式名称": "ヘイワ薬局防府南店", "機関区分": 5, "都道府県コード": 35, "市区町村コード": 206, "所在地": "山口県防府市三田尻一丁目ニ番七号", "緯度": 34.049479, "経度": 131.573092, "url": "https://www.iryou.teikyouseido.mhlw.go.jp/znk-web/juminkanja/S2430/initialize?prefCd=35&kikanCd=1148&kikanKbn=5", "url2": "https://heiwapharmacy.com/", "内容": "ヘイワ薬局防府南店【5:薬局】山口県防府市三田尻一丁目ニ番七号" }, "geometry": { "type": "Point", "coordinates": [ 131.573092, 34.049479 ] } },
{ "type": "Feature", "properties": { "ID": 3551151, "正式名称": "ゆうなぎ薬局", "機関区分": 5, "都道府県コード": 35, "市区町村コード": 201, "所在地": "山口県下関市彦島江の浦町１－１－１１", "緯度": 33.93739, "経度": 130.915949, "url": "https://www.iryou.teikyouseido.mhlw.go.jp/znk-web/juminkanja/S2430/initialize?prefCd=35&kikanCd=1151&kikanKbn=5", "url2": "http://www.toki-ph.com", "内容": "ゆうなぎ薬局【5:薬局】山口県下関市彦島江の浦町１－１－１１" }, "geometry": { "type": "Point", "coordinates": [ 130.915949, 33.93739 ] } },
{ "type": "Feature", "properties": { "ID": 3551152, "正式名称": "ウォンツ宇部琴芝薬局", "機関区分": 5, "都道府県コード": 35, "市区町村コード": 202, "所在地": "山口県宇部市北琴芝２－１１－４５", "緯度": 33.956742, "経度": 131.258722, "url": "https://www.iryou.teikyouseido.mhlw.go.jp/znk-web/juminkanja/S2430/initialize?prefCd=35&kikanCd=1152&kikanKbn=5", "url2": "https://www.wants.co.jp", "内容": "ウォンツ宇部琴芝薬局【5:薬局】山口県宇部市北琴芝２－１１－４５" }, "geometry": { "type": "Point", "coordinates": [ 131.258722, 33.956742 ] } },
{ "type": "Feature", "properties": { "ID": 3551153, "正式名称": "こくりつ薬局あさ店", "機関区分": 5, "都道府県コード": 35, "市区町村コード": 216, "所在地": "山口県山陽小野田市郡４４５－４", "緯度": 34.049919, "経度": 131.171261, "url": "https://www.iryou.teikyouseido.mhlw.go.jp/znk-web/juminkanja/S2430/initialize?prefCd=35&kikanCd=1153&kikanKbn=5", "url2": "http://sanwapharmacy.co.jp", "内容": "こくりつ薬局あさ店【5:薬局】山口県山陽小野田市郡４４５－４" }, "geometry": { "type": "Point", "coordinates": [ 131.171261, 34.049919 ] } },
{ "type": "Feature", "properties": { "ID": 3551155, "正式名称": "ウォンツ上山口薬局", "機関区分": 5, "都道府県コード": 35, "市区町村コード": 203, "所在地": "山口県山口市三の宮１ー２ー４７", "緯度": 34.186119, "経度": 131.488865, "url": "https://www.iryou.teikyouseido.mhlw.go.jp/znk-web/juminkanja/S2430/initialize?prefCd=35&kikanCd=1155&kikanKbn=5", "url2": "https://www.wants.co.jp", "内容": "ウォンツ上山口薬局【5:薬局】山口県山口市三の宮１ー２ー４７" }, "geometry": { "type": "Point", "coordinates": [ 131.488865, 34.186119 ] } },
{ "type": "Feature", "properties": { "ID": 3551156, "正式名称": "くるみ薬局", "機関区分": 5, "都道府県コード": 35, "市区町村コード": 201, "所在地": "山口県下関市清末鞍馬３－４－９", "緯度": 34.063792, "経度": 131.028164, "url": "https://www.iryou.teikyouseido.mhlw.go.jp/znk-web/juminkanja/S2430/initialize?prefCd=35&kikanCd=1156&kikanKbn=5", "url2": "http://www.marinegroup.jp/", "内容": "くるみ薬局【5:薬局】山口県下関市清末鞍馬３－４－９" }, "geometry": { "type": "Point", "coordinates": [ 131.028164, 34.063792 ] } },
{ "type": "Feature", "properties": { "ID": 3551159, "正式名称": "御弓町薬局", "機関区分": 5, "都道府県コード": 35, "市区町村コード": 215, "所在地": "山口県周南市徳山４１８６－５", "緯度": 34.053167, "経度": 131.813779, "url": "https://www.iryou.teikyouseido.mhlw.go.jp/znk-web/juminkanja/S2430/initialize?prefCd=35&kikanCd=1159&kikanKbn=5", "url2": "http://www.qol-net.co.jp/pharmacy/map/detail.php?i", "内容": "御弓町薬局【5:薬局】山口県周南市徳山４１８６－５" }, "geometry": { "type": "Point", "coordinates": [ 131.813779, 34.053167 ] } },
{ "type": "Feature", "properties": { "ID": 3551160, "正式名称": "古川薬局", "機関区分": 5, "都道府県コード": 35, "市区町村コード": 215, "所在地": "山口県周南市川手１－７－１６", "緯度": 34.070358, "経度": 131.776642, "url": "https://www.iryou.teikyouseido.mhlw.go.jp/znk-web/juminkanja/S2430/initialize?prefCd=35&kikanCd=1160&kikanKbn=5", "url2": "https://www.qol-net.co.jp/pharmacy/map/detail.php?id=713", "内容": "古川薬局【5:薬局】山口県周南市川手１－７－１６" }, "geometry": { "type": "Point", "coordinates": [ 131.776642, 34.070358 ] } },
{ "type": "Feature", "properties": { "ID": 3551161, "正式名称": "とんだ薬局", "機関区分": 5, "都道府県コード": 35, "市区町村コード": 215, "所在地": "山口県周南市桶川町５－１６", "緯度": 34.07225, "経度": 131.774854, "url": "https://www.iryou.teikyouseido.mhlw.go.jp/znk-web/juminkanja/S2430/initialize?prefCd=35&kikanCd=1161&kikanKbn=5", "url2": "https://www.qol-net.co.jp/pharmacy/map/detail.php?id=712", "内容": "とんだ薬局【5:薬局】山口県周南市桶川町５－１６" }, "geometry": { "type": "Point", "coordinates": [ 131.774854, 34.07225 ] } },
{ "type": "Feature", "properties": { "ID": 3551162, "正式名称": "なないろ薬局", "機関区分": 5, "都道府県コード": 35, "市区町村コード": 210, "所在地": "山口県光市虹ケ浜３丁目７ー２５", "緯度": 33.973228, "経度": 131.917467, "url": "https://www.iryou.teikyouseido.mhlw.go.jp/znk-web/juminkanja/S2430/initialize?prefCd=35&kikanCd=1162&kikanKbn=5", "url2": "http://yoyogi-neo.com", "内容": "なないろ薬局【5:薬局】山口県光市虹ケ浜３丁目７ー２５" }, "geometry": { "type": "Point", "coordinates": [ 131.917467, 33.973228 ] } },
{ "type": "Feature", "properties": { "ID": 3551163, "正式名称": "まさむね薬局", "機関区分": 5, "都道府県コード": 35, "市区町村コード": 201, "所在地": "山口県下関市綾羅木本町２丁目３番１１号", "緯度": 34.002008, "経度": 130.926318, "url": "https://www.iryou.teikyouseido.mhlw.go.jp/znk-web/juminkanja/S2430/initialize?prefCd=35&kikanCd=1163&kikanKbn=5", "url2": "https://www.rising-japan.org/", "内容": "まさむね薬局【5:薬局】山口県下関市綾羅木本町２丁目３番１１号" }, "geometry": { "type": "Point", "coordinates": [ 130.926318, 34.002008 ] } },
{ "type": "Feature", "properties": { "ID": 3551164, "正式名称": "さくら薬局", "機関区分": 5, "都道府県コード": 35, "市区町村コード": 208, "所在地": "山口県岩国市錦見７丁目１７ー１７", "緯度": 34.16003, "経度": 132.187332, "url": "https://www.iryou.teikyouseido.mhlw.go.jp/znk-web/juminkanja/S2430/initialize?prefCd=35&kikanCd=1164&kikanKbn=5", "url2": null, "内容": "さくら薬局【5:薬局】山口県岩国市錦見７丁目１７ー１７" }, "geometry": { "type": "Point", "coordinates": [ 132.187332, 34.16003 ] } },
{ "type": "Feature", "properties": { "ID": 3551165, "正式名称": "れもん薬局", "機関区分": 5, "都道府県コード": 35, "市区町村コード": 208, "所在地": "山口県岩国市由宇町由宇崎５番３号", "緯度": 34.036568, "経度": 132.2168, "url": "https://www.iryou.teikyouseido.mhlw.go.jp/znk-web/juminkanja/S2430/initialize?prefCd=35&kikanCd=1165&kikanKbn=5", "url2": "http://www.flowerbros-tms.com", "内容": "れもん薬局【5:薬局】山口県岩国市由宇町由宇崎５番３号" }, "geometry": { "type": "Point", "coordinates": [ 132.2168, 34.036568 ] } },
{ "type": "Feature", "properties": { "ID": 3551166, "正式名称": "ゆず薬局", "機関区分": 5, "都道府県コード": 35, "市区町村コード": 208, "所在地": "山口県岩国市南岩国町４－５７－１１", "緯度": 34.130971, "経度": 132.197562, "url": "https://www.iryou.teikyouseido.mhlw.go.jp/znk-web/juminkanja/S2430/initialize?prefCd=35&kikanCd=1166&kikanKbn=5", "url2": "http://flowerbros-tms.com", "内容": "ゆず薬局【5:薬局】山口県岩国市南岩国町４－５７－１１" }, "geometry": { "type": "Point", "coordinates": [ 132.197562, 34.130971 ] } },
{ "type": "Feature", "properties": { "ID": 3551167, "正式名称": "木村薬局", "機関区分": 5, "都道府県コード": 35, "市区町村コード": 215, "所在地": "山口県周南市平和通り２丁目３番地", "緯度": 33.815686, "経度": 132.783669, "url": "https://www.iryou.teikyouseido.mhlw.go.jp/znk-web/juminkanja/S2430/initialize?prefCd=35&kikanCd=1167&kikanKbn=5", "url2": "http://www.zaitak.jp/", "内容": "木村薬局【5:薬局】山口県周南市平和通り２丁目３番地" }, "geometry": { "type": "Point", "coordinates": [ 132.783669, 33.815686 ] } },
{ "type": "Feature", "properties": { "ID": 3551168, "正式名称": "つばき薬局江向店", "機関区分": 5, "都道府県コード": 35, "市区町村コード": 204, "所在地": "山口県萩市御許町１５２", "緯度": 34.406864, "経度": 131.401858, "url": "https://www.iryou.teikyouseido.mhlw.go.jp/znk-web/juminkanja/S2430/initialize?prefCd=35&kikanCd=1168&kikanKbn=5", "url2": null, "内容": "つばき薬局江向店【5:薬局】山口県萩市御許町１５２" }, "geometry": { "type": "Point", "coordinates": [ 131.401858, 34.406864 ] } },
{ "type": "Feature", "properties": { "ID": 3551169, "正式名称": "そうごう薬局東駅店", "機関区分": 5, "都道府県コード": 35, "市区町村コード": 201, "所在地": "山口県下関市羽山町１番１ー２０２号", "緯度": 33.968347, "経度": 130.929378, "url": "https://www.iryou.teikyouseido.mhlw.go.jp/znk-web/juminkanja/S2430/initialize?prefCd=35&kikanCd=1169&kikanKbn=5", "url2": null, "内容": "そうごう薬局東駅店【5:薬局】山口県下関市羽山町１番１ー２０２号" }, "geometry": { "type": "Point", "coordinates": [ 130.929378, 33.968347 ] } },
{ "type": "Feature", "properties": { "ID": 355117, "正式名称": "日の出調剤薬局", "機関区分": 5, "都道府県コード": 35, "市区町村コード": 216, "所在地": "山口県山陽小野田市日の出３丁目７番５号", "緯度": 34.007208, "経度": 131.184233, "url": "https://www.iryou.teikyouseido.mhlw.go.jp/znk-web/juminkanja/S2430/initialize?prefCd=35&kikanCd=117&kikanKbn=5", "url2": null, "内容": "日の出調剤薬局【5:薬局】山口県山陽小野田市日の出３丁目７番５号" }, "geometry": { "type": "Point", "coordinates": [ 131.184233, 34.007208 ] } },
{ "type": "Feature", "properties": { "ID": 3551170, "正式名称": "光ケ丘薬局", "機関区分": 5, "都道府県コード": 35, "市区町村コード": 210, "所在地": "山口県光市光ケ丘５番１７号", "緯度": 33.981558, "経度": 131.918697, "url": "https://www.iryou.teikyouseido.mhlw.go.jp/znk-web/juminkanja/S2430/initialize?prefCd=35&kikanCd=1170&kikanKbn=5", "url2": "https://next-destination.jp/", "内容": "光ケ丘薬局【5:薬局】山口県光市光ケ丘５番１７号" }, "geometry": { "type": "Point", "coordinates": [ 131.918697, 33.981558 ] } },
{ "type": "Feature", "properties": { "ID": 3551171, "正式名称": "イオン薬局光店", "機関区分": 5, "都道府県コード": 35, "市区町村コード": 210, "所在地": "山口県光市浅江木園１７５６－１", "緯度": 33.97189, "経度": 131.92406, "url": "https://www.iryou.teikyouseido.mhlw.go.jp/znk-web/juminkanja/S2430/initialize?prefCd=35&kikanCd=1171&kikanKbn=5", "url2": null, "内容": "イオン薬局光店【5:薬局】山口県光市浅江木園１７５６－１" }, "geometry": { "type": "Point", "coordinates": [ 131.92406, 33.97189 ] } },
{ "type": "Feature", "properties": { "ID": 3551172, "正式名称": "いとう薬局", "機関区分": 5, "都道府県コード": 35, "市区町村コード": 207, "所在地": "山口県下松市美里町４ー６ー２４", "緯度": 34.021676, "経度": 131.859552, "url": "https://www.iryou.teikyouseido.mhlw.go.jp/znk-web/juminkanja/S2430/initialize?prefCd=35&kikanCd=1172&kikanKbn=5", "url2": "https://pharmacy-ito.jimdofree.com/", "内容": "いとう薬局【5:薬局】山口県下松市美里町４ー６ー２４" }, "geometry": { "type": "Point", "coordinates": [ 131.859552, 34.021676 ] } },
{ "type": "Feature", "properties": { "ID": 3551173, "正式名称": "篠原薬局川棚店", "機関区分": 5, "都道府県コード": 35, "市区町村コード": 201, "所在地": "山口県下関市豊浦町川棚６９２７－４", "緯度": 34.146836, "経度": 130.924345, "url": "https://www.iryou.teikyouseido.mhlw.go.jp/znk-web/juminkanja/S2430/initialize?prefCd=35&kikanCd=1173&kikanKbn=5", "url2": "https://www.shinoharaph.com", "内容": "篠原薬局川棚店【5:薬局】山口県下関市豊浦町川棚６９２７－４" }, "geometry": { "type": "Point", "coordinates": [ 130.924345, 34.146836 ] } },
{ "type": "Feature", "properties": { "ID": 3551175, "正式名称": "いちのみや薬局　下松店", "機関区分": 5, "都道府県コード": 35, "市区町村コード": 207, "所在地": "山口県下松市瑞穂町１丁目６番５号", "緯度": 34.021188, "経度": 131.85588, "url": "https://www.iryou.teikyouseido.mhlw.go.jp/znk-web/juminkanja/S2430/initialize?prefCd=35&kikanCd=1175&kikanKbn=5", "url2": "http://ichinomiya-pharmacy-group.jp/groups.html", "内容": "いちのみや薬局　下松店【5:薬局】山口県下松市瑞穂町１丁目６番５号" }, "geometry": { "type": "Point", "coordinates": [ 131.85588, 34.021188 ] } },
{ "type": "Feature", "properties": { "ID": 3551176, "正式名称": "むれ薬局", "機関区分": 5, "都道府県コード": 35, "市区町村コード": 206, "所在地": "山口県防府市牟礼今宿１丁目５－３８", "緯度": 34.054025, "経度": 131.596744, "url": "https://www.iryou.teikyouseido.mhlw.go.jp/znk-web/juminkanja/S2430/initialize?prefCd=35&kikanCd=1176&kikanKbn=5", "url2": null, "内容": "むれ薬局【5:薬局】山口県防府市牟礼今宿１丁目５－３８" }, "geometry": { "type": "Point", "coordinates": [ 131.596744, 34.054025 ] } },
{ "type": "Feature", "properties": { "ID": 3551177, "正式名称": "いちご薬局室積店", "機関区分": 5, "都道府県コード": 35, "市区町村コード": 210, "所在地": "山口県光市室積中央町４番１０号", "緯度": 33.932391, "経度": 131.972743, "url": "https://www.iryou.teikyouseido.mhlw.go.jp/znk-web/juminkanja/S2430/initialize?prefCd=35&kikanCd=1177&kikanKbn=5", "url2": "http://www.15ichigo.jp/shop", "内容": "いちご薬局室積店【5:薬局】山口県光市室積中央町４番１０号" }, "geometry": { "type": "Point", "coordinates": [ 131.972743, 33.932391 ] } },
{ "type": "Feature", "properties": { "ID": 3551178, "正式名称": "さくら薬局ひかり店", "機関区分": 5, "都道府県コード": 35, "市区町村コード": 210, "所在地": "山口県光市光ケ丘６番２号", "緯度": 33.982675, "経度": 131.919739, "url": "https://www.iryou.teikyouseido.mhlw.go.jp/znk-web/juminkanja/S2430/initialize?prefCd=35&kikanCd=1178&kikanKbn=5", "url2": "http://www.tms-inc.co.jp", "内容": "さくら薬局ひかり店【5:薬局】山口県光市光ケ丘６番２号" }, "geometry": { "type": "Point", "coordinates": [ 131.919739, 33.982675 ] } },
{ "type": "Feature", "properties": { "ID": 3551179, "正式名称": "寿薬局厚南店", "機関区分": 5, "都道府県コード": 35, "市区町村コード": 202, "所在地": "山口県宇部市厚南中央一丁目２番６５号", "緯度": 33.996615, "経度": 131.222314, "url": "https://www.iryou.teikyouseido.mhlw.go.jp/znk-web/juminkanja/S2430/initialize?prefCd=35&kikanCd=1179&kikanKbn=5", "url2": "http://www.green-ph.jp/", "内容": "寿薬局厚南店【5:薬局】山口県宇部市厚南中央一丁目２番６５号" }, "geometry": { "type": "Point", "coordinates": [ 131.222314, 33.996615 ] } },
{ "type": "Feature", "properties": { "ID": 3551180, "正式名称": "健和薬局", "機関区分": 5, "都道府県コード": 35, "市区町村コード": 201, "所在地": "山口県下関市王司本町一丁目１７番２１号", "緯度": 34.040886, "経度": 131.015783, "url": "https://www.iryou.teikyouseido.mhlw.go.jp/znk-web/juminkanja/S2430/initialize?prefCd=35&kikanCd=1180&kikanKbn=5", "url2": "https://www.nex-feat.com/", "内容": "健和薬局【5:薬局】山口県下関市王司本町一丁目１７番２１号" }, "geometry": { "type": "Point", "coordinates": [ 131.015783, 34.040886 ] } },
{ "type": "Feature", "properties": { "ID": 3551181, "正式名称": "しまの和薬局", "機関区分": 5, "都道府県コード": 35, "市区町村コード": 202, "所在地": "山口県宇部市島３－８－１４", "緯度": 33.962599, "経度": 131.241558, "url": "https://www.iryou.teikyouseido.mhlw.go.jp/znk-web/juminkanja/S2430/initialize?prefCd=35&kikanCd=1181&kikanKbn=5", "url2": "http://samurapharmacy.g1.xrea.com/sub2.html", "内容": "しまの和薬局【5:薬局】山口県宇部市島３－８－１４" }, "geometry": { "type": "Point", "coordinates": [ 131.241558, 33.962599 ] } },
{ "type": "Feature", "properties": { "ID": 3551182, "正式名称": "くりや薬局", "機関区分": 5, "都道府県コード": 35, "市区町村コード": 215, "所在地": "山口県周南市栗屋３６５－７", "緯度": 34.020043, "経度": 131.831986, "url": "https://www.iryou.teikyouseido.mhlw.go.jp/znk-web/juminkanja/S2430/initialize?prefCd=35&kikanCd=1182&kikanKbn=5", "url2": null, "内容": "くりや薬局【5:薬局】山口県周南市栗屋３６５－７" }, "geometry": { "type": "Point", "coordinates": [ 131.831986, 34.020043 ] } },
{ "type": "Feature", "properties": { "ID": 3551185, "正式名称": "あおば薬局", "機関区分": 5, "都道府県コード": 35, "市区町村コード": 215, "所在地": "山口県周南市大字徳山字鬼頭１０７０１番２", "緯度": 34.05415, "経度": 131.821942, "url": "https://www.iryou.teikyouseido.mhlw.go.jp/znk-web/juminkanja/S2430/initialize?prefCd=35&kikanCd=1185&kikanKbn=5", "url2": null, "内容": "あおば薬局【5:薬局】山口県周南市大字徳山字鬼頭１０７０１番２" }, "geometry": { "type": "Point", "coordinates": [ 131.821942, 34.05415 ] } },
{ "type": "Feature", "properties": { "ID": 3551186, "正式名称": "大信薬局　長府店", "機関区分": 5, "都道府県コード": 35, "市区町村コード": 201, "所在地": "山口県下関市長府才川２－１２－８", "緯度": 34.022733, "経度": 131.004252, "url": "https://www.iryou.teikyouseido.mhlw.go.jp/znk-web/juminkanja/S2430/initialize?prefCd=35&kikanCd=1186&kikanKbn=5", "url2": "https://www.taishinph.co.jp/", "内容": "大信薬局　長府店【5:薬局】山口県下関市長府才川２－１２－８" }, "geometry": { "type": "Point", "coordinates": [ 131.004252, 34.022733 ] } },
{ "type": "Feature", "properties": { "ID": 3551187, "正式名称": "ミッドタウン薬局", "機関区分": 5, "都道府県コード": 35, "市区町村コード": 208, "所在地": "山口県岩国市麻里布町７丁目２－１８", "緯度": 34.17215, "経度": 132.218477, "url": "https://www.iryou.teikyouseido.mhlw.go.jp/znk-web/juminkanja/S2430/initialize?prefCd=35&kikanCd=1187&kikanKbn=5", "url2": "http://yakumeikan.com/store/category/yamaguchi/", "内容": "ミッドタウン薬局【5:薬局】山口県岩国市麻里布町７丁目２－１８" }, "geometry": { "type": "Point", "coordinates": [ 132.218477, 34.17215 ] } },
{ "type": "Feature", "properties": { "ID": 3551188, "正式名称": "ひろやファーマシー", "機関区分": 5, "都道府県コード": 35, "市区町村コード": 215, "所在地": "山口県周南市新町二丁目３番１", "緯度": 34.052217, "経度": 131.80582, "url": "https://www.iryou.teikyouseido.mhlw.go.jp/znk-web/juminkanja/S2430/initialize?prefCd=35&kikanCd=1188&kikanKbn=5", "url2": "http://www.yakumeikan.com/", "内容": "ひろやファーマシー【5:薬局】山口県周南市新町二丁目３番１" }, "geometry": { "type": "Point", "coordinates": [ 131.80582, 34.052217 ] } },
{ "type": "Feature", "properties": { "ID": 3551189, "正式名称": "三浦薬局", "機関区分": 5, "都道府県コード": 35, "市区町村コード": 203, "所在地": "山口県山口市赤妻町３－３３－２", "緯度": 34.168541, "経度": 131.447941, "url": "https://www.iryou.teikyouseido.mhlw.go.jp/znk-web/juminkanja/S2430/initialize?prefCd=35&kikanCd=1189&kikanKbn=5", "url2": null, "内容": "三浦薬局【5:薬局】山口県山口市赤妻町３－３３－２" }, "geometry": { "type": "Point", "coordinates": [ 131.447941, 34.168541 ] } },
{ "type": "Feature", "properties": { "ID": 3551190, "正式名称": "あすなろ薬局", "機関区分": 5, "都道府県コード": 35, "市区町村コード": 204, "所在地": "山口県萩市土原５６０番地４", "緯度": 34.410542, "経度": 131.407456, "url": "https://www.iryou.teikyouseido.mhlw.go.jp/znk-web/juminkanja/S2430/initialize?prefCd=35&kikanCd=1190&kikanKbn=5", "url2": "https://sasamurahagi.com", "内容": "あすなろ薬局【5:薬局】山口県萩市土原５６０番地４" }, "geometry": { "type": "Point", "coordinates": [ 131.407456, 34.410542 ] } },
{ "type": "Feature", "properties": { "ID": 3551191, "正式名称": "あい薬局今津店", "機関区分": 5, "都道府県コード": 35, "市区町村コード": 208, "所在地": "山口県岩国市今津町１丁目９－２５", "緯度": 34.16768, "経度": 132.22028, "url": "https://www.iryou.teikyouseido.mhlw.go.jp/znk-web/juminkanja/S2430/initialize?prefCd=35&kikanCd=1191&kikanKbn=5", "url2": "https://www.sanwa.tc/", "内容": "あい薬局今津店【5:薬局】山口県岩国市今津町１丁目９－２５" }, "geometry": { "type": "Point", "coordinates": [ 132.22028, 34.16768 ] } },
{ "type": "Feature", "properties": { "ID": 3551192, "正式名称": "エビス薬局", "機関区分": 5, "都道府県コード": 35, "市区町村コード": 206, "所在地": "山口県防府市大崎４５５－１", "緯度": 34.065064, "経度": 131.541928, "url": "https://www.iryou.teikyouseido.mhlw.go.jp/znk-web/juminkanja/S2430/initialize?prefCd=35&kikanCd=1192&kikanKbn=5", "url2": "https://futamisupply.co.jp/publics/index/27/", "内容": "エビス薬局【5:薬局】山口県防府市大崎４５５－１" }, "geometry": { "type": "Point", "coordinates": [ 131.541928, 34.065064 ] } },
{ "type": "Feature", "properties": { "ID": 3551194, "正式名称": "五葉つつじ薬局", "機関区分": 5, "都道府県コード": 35, "市区町村コード": 202, "所在地": "山口県宇部市北琴芝二丁目３ー１", "緯度": 33.959015, "経度": 131.258869, "url": "https://www.iryou.teikyouseido.mhlw.go.jp/znk-web/juminkanja/S2430/initialize?prefCd=35&kikanCd=1194&kikanKbn=5", "url2": "https://prog-net.jp/", "内容": "五葉つつじ薬局【5:薬局】山口県宇部市北琴芝二丁目３ー１" }, "geometry": { "type": "Point", "coordinates": [ 131.258869, 33.959015 ] } },
{ "type": "Feature", "properties": { "ID": 3551196, "正式名称": "アイン薬局済生会下関病院店", "機関区分": 5, "都道府県コード": 35, "市区町村コード": 201, "所在地": "山口県下関市安岡町８ー５ー１", "緯度": 34.031571, "経度": 130.931957, "url": "https://www.iryou.teikyouseido.mhlw.go.jp/znk-web/juminkanja/S2430/initialize?prefCd=35&kikanCd=1196&kikanKbn=5", "url2": "http://www.ainj.co.jp/", "内容": "アイン薬局済生会下関病院店【5:薬局】山口県下関市安岡町８ー５ー１" }, "geometry": { "type": "Point", "coordinates": [ 130.931957, 34.031571 ] } },
{ "type": "Feature", "properties": { "ID": 3551197, "正式名称": "ペリカンこころ薬局", "機関区分": 5, "都道府県コード": 35, "市区町村コード": 202, "所在地": "山口県宇部市西小串６－５－５２", "緯度": 33.964181, "経度": 131.248241, "url": "https://www.iryou.teikyouseido.mhlw.go.jp/znk-web/juminkanja/S2430/initialize?prefCd=35&kikanCd=1197&kikanKbn=5", "url2": "https://www.pelican-pharmacy.jp", "内容": "ペリカンこころ薬局【5:薬局】山口県宇部市西小串６－５－５２" }, "geometry": { "type": "Point", "coordinates": [ 131.248241, 33.964181 ] } },
{ "type": "Feature", "properties": { "ID": 3551198, "正式名称": "あおい薬局", "機関区分": 5, "都道府県コード": 35, "市区町村コード": 201, "所在地": "山口県下関市形山みどり町１４番１９号", "緯度": 34.015437, "経度": 130.954008, "url": "https://www.iryou.teikyouseido.mhlw.go.jp/znk-web/juminkanja/S2430/initialize?prefCd=35&kikanCd=1198&kikanKbn=5", "url2": "https://takehiro-g.com/", "内容": "あおい薬局【5:薬局】山口県下関市形山みどり町１４番１９号" }, "geometry": { "type": "Point", "coordinates": [ 130.954008, 34.015437 ] } },
{ "type": "Feature", "properties": { "ID": 3551199, "正式名称": "アイテル薬局汐入店", "機関区分": 5, "都道府県コード": 35, "市区町村コード": 201, "所在地": "山口県下関市大坪本町３６番１７号", "緯度": 33.973475, "経度": 130.919125, "url": "https://www.iryou.teikyouseido.mhlw.go.jp/znk-web/juminkanja/S2430/initialize?prefCd=35&kikanCd=1199&kikanKbn=5", "url2": "http://www.zaitak.jp/", "内容": "アイテル薬局汐入店【5:薬局】山口県下関市大坪本町３６番１７号" }, "geometry": { "type": "Point", "coordinates": [ 130.919125, 33.973475 ] } },
{ "type": "Feature", "properties": { "ID": 355120, "正式名称": "中関薬局", "機関区分": 5, "都道府県コード": 35, "市区町村コード": 206, "所在地": "山口県防府市田島４２５番地の９", "緯度": 34.022744, "経度": 131.551144, "url": "https://www.iryou.teikyouseido.mhlw.go.jp/znk-web/juminkanja/S2430/initialize?prefCd=35&kikanCd=120&kikanKbn=5", "url2": null, "内容": "中関薬局【5:薬局】山口県防府市田島４２５番地の９" }, "geometry": { "type": "Point", "coordinates": [ 131.551144, 34.022744 ] } },
{ "type": "Feature", "properties": { "ID": 3551200, "正式名称": "しらさぎ薬局", "機関区分": 5, "都道府県コード": 35, "市区町村コード": 208, "所在地": "山口県岩国市門前町３ー１１ー８", "緯度": 34.146126, "経度": 132.21255, "url": "https://www.iryou.teikyouseido.mhlw.go.jp/znk-web/juminkanja/S2430/initialize?prefCd=35&kikanCd=1200&kikanKbn=5", "url2": "http://yuushin.cc/", "内容": "しらさぎ薬局【5:薬局】山口県岩国市門前町３ー１１ー８" }, "geometry": { "type": "Point", "coordinates": [ 132.21255, 34.146126 ] } },
{ "type": "Feature", "properties": { "ID": 3551201, "正式名称": "椿東中央薬局", "機関区分": 5, "都道府県コード": 35, "市区町村コード": 204, "所在地": "山口県萩市椿東２８６３ー１５", "緯度": 34.417523, "経度": 131.413696, "url": "https://www.iryou.teikyouseido.mhlw.go.jp/znk-web/juminkanja/S2430/initialize?prefCd=35&kikanCd=1201&kikanKbn=5", "url2": "https://www.chintocentralph.com/", "内容": "椿東中央薬局【5:薬局】山口県萩市椿東２８６３ー１５" }, "geometry": { "type": "Point", "coordinates": [ 131.413696, 34.417523 ] } },
{ "type": "Feature", "properties": { "ID": 3551202, "正式名称": "ノゾミ薬局", "機関区分": 5, "都道府県コード": 35, "市区町村コード": 207, "所在地": "山口県下松市望町二丁目４－８", "緯度": 34.026261, "経度": 131.860003, "url": "https://www.iryou.teikyouseido.mhlw.go.jp/znk-web/juminkanja/S2430/initialize?prefCd=35&kikanCd=1202&kikanKbn=5", "url2": "http://sanwa.tc", "内容": "ノゾミ薬局【5:薬局】山口県下松市望町二丁目４－８" }, "geometry": { "type": "Point", "coordinates": [ 131.860003, 34.026261 ] } },
{ "type": "Feature", "properties": { "ID": 3551203, "正式名称": "しらかべ薬局", "機関区分": 5, "都道府県コード": 35, "市区町村コード": 212, "所在地": "山口県柳井市伊保庄５６２－１", "緯度": 33.966369, "経度": 132.11037, "url": "https://www.iryou.teikyouseido.mhlw.go.jp/znk-web/juminkanja/S2430/initialize?prefCd=35&kikanCd=1203&kikanKbn=5", "url2": "http://www.itou-co.jp/", "内容": "しらかべ薬局【5:薬局】山口県柳井市伊保庄５６２－１" }, "geometry": { "type": "Point", "coordinates": [ 132.11037, 33.966369 ] } },
{ "type": "Feature", "properties": { "ID": 3551204, "正式名称": "長谷薬局", "機関区分": 5, "都道府県コード": 35, "市区町村コード": 203, "所在地": "山口県山口市小郡長谷一丁目４番３０号", "緯度": 34.094986, "経度": 131.39139, "url": "https://www.iryou.teikyouseido.mhlw.go.jp/znk-web/juminkanja/S2430/initialize?prefCd=35&kikanCd=1204&kikanKbn=5", "url2": "http://www.marinegroup.jp/", "内容": "長谷薬局【5:薬局】山口県山口市小郡長谷一丁目４番３０号" }, "geometry": { "type": "Point", "coordinates": [ 131.39139, 34.094986 ] } },
{ "type": "Feature", "properties": { "ID": 3551205, "正式名称": "川口薬局", "機関区分": 5, "都道府県コード": 35, "市区町村コード": 215, "所在地": "山口県周南市政所一丁目８番３号", "緯度": 34.073697, "経度": 131.770422, "url": "https://www.iryou.teikyouseido.mhlw.go.jp/znk-web/juminkanja/S2430/initialize?prefCd=35&kikanCd=1205&kikanKbn=5", "url2": null, "内容": "川口薬局【5:薬局】山口県周南市政所一丁目８番３号" }, "geometry": { "type": "Point", "coordinates": [ 131.770422, 34.073697 ] } },
{ "type": "Feature", "properties": { "ID": 3551206, "正式名称": "めぐみ薬局", "機関区分": 5, "都道府県コード": 35, "市区町村コード": 216, "所在地": "山口県山陽小野田市厚狭１４４４－９", "緯度": 34.060717, "経度": 131.17414, "url": "https://www.iryou.teikyouseido.mhlw.go.jp/znk-web/juminkanja/S2430/initialize?prefCd=35&kikanCd=1206&kikanKbn=5", "url2": "https://mine-city.org", "内容": "めぐみ薬局【5:薬局】山口県山陽小野田市厚狭１４４４－９" }, "geometry": { "type": "Point", "coordinates": [ 131.17414, 34.060717 ] } },
{ "type": "Feature", "properties": { "ID": 3551207, "正式名称": "おきのだん薬局", "機関区分": 5, "都道府県コード": 35, "市区町村コード": 202, "所在地": "山口県宇部市沖ノ旦７９０－１", "緯度": 33.996756, "経度": 131.225674, "url": "https://www.iryou.teikyouseido.mhlw.go.jp/znk-web/juminkanja/S2430/initialize?prefCd=35&kikanCd=1207&kikanKbn=5", "url2": "https://mine-city.org/", "内容": "おきのだん薬局【5:薬局】山口県宇部市沖ノ旦７９０－１" }, "geometry": { "type": "Point", "coordinates": [ 131.225674, 33.996756 ] } },
{ "type": "Feature", "properties": { "ID": 3551208, "正式名称": "秋芳薬局", "機関区分": 5, "都道府県コード": 35, "市区町村コード": 213, "所在地": "山口県美祢市秋芳町秋吉５３４１－４", "緯度": 34.213874, "経度": 131.293424, "url": "https://www.iryou.teikyouseido.mhlw.go.jp/znk-web/juminkanja/S2430/initialize?prefCd=35&kikanCd=1208&kikanKbn=5", "url2": "https://mine-city.org", "内容": "秋芳薬局【5:薬局】山口県美祢市秋芳町秋吉５３４１－４" }, "geometry": { "type": "Point", "coordinates": [ 131.293424, 34.213874 ] } },
{ "type": "Feature", "properties": { "ID": 3551209, "正式名称": "菊川薬局", "機関区分": 5, "都道府県コード": 35, "市区町村コード": 201, "所在地": "山口県下関市菊川町下岡枝３７４－７", "緯度": 34.12235, "経度": 131.03247, "url": "https://www.iryou.teikyouseido.mhlw.go.jp/znk-web/juminkanja/S2430/initialize?prefCd=35&kikanCd=1209&kikanKbn=5", "url2": "https://mine-city.org", "内容": "菊川薬局【5:薬局】山口県下関市菊川町下岡枝３７４－７" }, "geometry": { "type": "Point", "coordinates": [ 131.03247, 34.12235 ] } },
{ "type": "Feature", "properties": { "ID": 3551210, "正式名称": "イルカ薬局大内店", "機関区分": 5, "都道府県コード": 35, "市区町村コード": 203, "所在地": "山口県山口市大内中央２ー５ー１３", "緯度": 34.17254, "経度": 131.46976, "url": "https://www.iryou.teikyouseido.mhlw.go.jp/znk-web/juminkanja/S2430/initialize?prefCd=35&kikanCd=1210&kikanKbn=5", "url2": null, "内容": "イルカ薬局大内店【5:薬局】山口県山口市大内中央２ー５ー１３" }, "geometry": { "type": "Point", "coordinates": [ 131.46976, 34.17254 ] } },
{ "type": "Feature", "properties": { "ID": 3551213, "正式名称": "はなばたけ薬局", "機関区分": 5, "都道府県コード": 35, "市区町村コード": 215, "所在地": "山口県周南市花畠町４－５", "緯度": 34.059342, "経度": 131.811458, "url": "https://www.iryou.teikyouseido.mhlw.go.jp/znk-web/juminkanja/S2430/initialize?prefCd=35&kikanCd=1213&kikanKbn=5", "url2": "http://yoyogi-neo.com/", "内容": "はなばたけ薬局【5:薬局】山口県周南市花畠町４－５" }, "geometry": { "type": "Point", "coordinates": [ 131.811458, 34.059342 ] } },
{ "type": "Feature", "properties": { "ID": 3551214, "正式名称": "三好薬局大正町店", "機関区分": 5, "都道府県コード": 35, "市区町村コード": 203, "所在地": "山口県山口市小郡大正町２番２６号", "緯度": 34.094967, "経度": 131.39584, "url": "https://www.iryou.teikyouseido.mhlw.go.jp/znk-web/juminkanja/S2430/initialize?prefCd=35&kikanCd=1214&kikanKbn=5", "url2": "http://my-okusuri.jp/shop/", "内容": "三好薬局大正町店【5:薬局】山口県山口市小郡大正町２番２６号" }, "geometry": { "type": "Point", "coordinates": [ 131.39584, 34.094967 ] } },
{ "type": "Feature", "properties": { "ID": 3551215, "正式名称": "あい薬局　新南陽店", "機関区分": 5, "都道府県コード": 35, "市区町村コード": 215, "所在地": "山口県周南市南浦山町５番１３号", "緯度": 34.069661, "経度": 131.788439, "url": "https://www.iryou.teikyouseido.mhlw.go.jp/znk-web/juminkanja/S2430/initialize?prefCd=35&kikanCd=1215&kikanKbn=5", "url2": "http://www.sanwa.tc/", "内容": "あい薬局　新南陽店【5:薬局】山口県周南市南浦山町５番１３号" }, "geometry": { "type": "Point", "coordinates": [ 131.788439, 34.069661 ] } },
{ "type": "Feature", "properties": { "ID": 3551216, "正式名称": "昇陽堂薬局", "機関区分": 5, "都道府県コード": 35, "市区町村コード": 203, "所在地": "山口県山口市平井７２９", "緯度": 34.153206, "経度": 131.464481, "url": "https://www.iryou.teikyouseido.mhlw.go.jp/znk-web/juminkanja/S2430/initialize?prefCd=35&kikanCd=1216&kikanKbn=5", "url2": null, "内容": "昇陽堂薬局【5:薬局】山口県山口市平井７２９" }, "geometry": { "type": "Point", "coordinates": [ 131.464481, 34.153206 ] } },
{ "type": "Feature", "properties": { "ID": 3551218, "正式名称": "ニック薬局", "機関区分": 5, "都道府県コード": 35, "市区町村コード": 202, "所在地": "山口県宇部市西岐波２７５９番地６", "緯度": 33.957825, "経度": 131.309894, "url": "https://www.iryou.teikyouseido.mhlw.go.jp/znk-web/juminkanja/S2430/initialize?prefCd=35&kikanCd=1218&kikanKbn=5", "url2": "http://takehiro-inc.com", "内容": "ニック薬局【5:薬局】山口県宇部市西岐波２７５９番地６" }, "geometry": { "type": "Point", "coordinates": [ 131.309894, 33.957825 ] } },
{ "type": "Feature", "properties": { "ID": 3551219, "正式名称": "サンドラッグ下関綾羅木薬局", "機関区分": 5, "都道府県コード": 35, "市区町村コード": 201, "所在地": "山口県下関市綾羅木新町三丁目２ー１", "緯度": 34.012955, "経度": 130.921602, "url": "https://www.iryou.teikyouseido.mhlw.go.jp/znk-web/juminkanja/S2430/initialize?prefCd=35&kikanCd=1219&kikanKbn=5", "url2": "https://sundrug-online.com/blogs/search-store/8902", "内容": "サンドラッグ下関綾羅木薬局【5:薬局】山口県下関市綾羅木新町三丁目２ー１" }, "geometry": { "type": "Point", "coordinates": [ 130.921602, 34.012955 ] } },
{ "type": "Feature", "properties": { "ID": 3551220, "正式名称": "成和薬局梅が丘店", "機関区分": 5, "都道府県コード": 35, "市区町村コード": 208, "所在地": "山口県岩国市平田６－１１－２０", "緯度": 34.137649, "経度": 132.183909, "url": "https://www.iryou.teikyouseido.mhlw.go.jp/znk-web/juminkanja/S2430/initialize?prefCd=35&kikanCd=1220&kikanKbn=5", "url2": "https://www.seiwa-pharmacy.co.jp", "内容": "成和薬局梅が丘店【5:薬局】山口県岩国市平田６－１１－２０" }, "geometry": { "type": "Point", "coordinates": [ 132.183909, 34.137649 ] } },
{ "type": "Feature", "properties": { "ID": 3551221, "正式名称": "緑町薬局", "機関区分": 5, "都道府県コード": 35, "市区町村コード": 206, "所在地": "山口県防府市緑町一丁目３－１９", "緯度": 34.05401, "経度": 131.577929, "url": "https://www.iryou.teikyouseido.mhlw.go.jp/znk-web/juminkanja/S2430/initialize?prefCd=35&kikanCd=1221&kikanKbn=5", "url2": null, "内容": "緑町薬局【5:薬局】山口県防府市緑町一丁目３－１９" }, "geometry": { "type": "Point", "coordinates": [ 131.577929, 34.05401 ] } },
{ "type": "Feature", "properties": { "ID": 3551222, "正式名称": "きずな薬局", "機関区分": 5, "都道府県コード": 35, "市区町村コード": 216, "所在地": "山口県山陽小野田市津布田２５０１ー１", "緯度": 34.033618, "経度": 131.100198, "url": "https://www.iryou.teikyouseido.mhlw.go.jp/znk-web/juminkanja/S2430/initialize?prefCd=35&kikanCd=1222&kikanKbn=5", "url2": "http://www.cosmo-pharmacy.co.jp", "内容": "きずな薬局【5:薬局】山口県山陽小野田市津布田２５０１ー１" }, "geometry": { "type": "Point", "coordinates": [ 131.100198, 34.033618 ] } },
{ "type": "Feature", "properties": { "ID": 3551223, "正式名称": "ふくふく薬局", "機関区分": 5, "都道府県コード": 35, "市区町村コード": 210, "所在地": "山口県光市中央４－５－３", "緯度": 33.960261, "経度": 131.943149, "url": "https://www.iryou.teikyouseido.mhlw.go.jp/znk-web/juminkanja/S2430/initialize?prefCd=35&kikanCd=1223&kikanKbn=5", "url2": "http://yakumeikan.com", "内容": "ふくふく薬局【5:薬局】山口県光市中央４－５－３" }, "geometry": { "type": "Point", "coordinates": [ 131.943149, 33.960261 ] } },
{ "type": "Feature", "properties": { "ID": 3551224, "正式名称": "アーチ薬局", "機関区分": 5, "都道府県コード": 35, "市区町村コード": 208, "所在地": "山口県岩国市山手町２丁目１８番１０号", "緯度": 34.16499, "経度": 132.213022, "url": "https://www.iryou.teikyouseido.mhlw.go.jp/znk-web/juminkanja/S2430/initialize?prefCd=35&kikanCd=1224&kikanKbn=5", "url2": null, "内容": "アーチ薬局【5:薬局】山口県岩国市山手町２丁目１８番１０号" }, "geometry": { "type": "Point", "coordinates": [ 132.213022, 34.16499 ] } },
{ "type": "Feature", "properties": { "ID": 3551225, "正式名称": "かなえ薬局", "機関区分": 5, "都道府県コード": 35, "市区町村コード": 203, "所在地": "山口県山口市小郡令和１丁目１番２号", "緯度": 34.093742, "経度": 131.39459, "url": "https://www.iryou.teikyouseido.mhlw.go.jp/znk-web/juminkanja/S2430/initialize?prefCd=35&kikanCd=1225&kikanKbn=5", "url2": "http://my-okusuri.jp", "内容": "かなえ薬局【5:薬局】山口県山口市小郡令和１丁目１番２号" }, "geometry": { "type": "Point", "coordinates": [ 131.39459, 34.093742 ] } },
{ "type": "Feature", "properties": { "ID": 3551226, "正式名称": "漢方薬局ＳＡＬＯＮ　ＤＵ　ＫＡＭＰＯＵ", "機関区分": 5, "都道府県コード": 35, "市区町村コード": 201, "所在地": "山口県下関市長府中浜町７ー１０", "緯度": 33.998302, "経度": 130.98831, "url": "https://www.iryou.teikyouseido.mhlw.go.jp/znk-web/juminkanja/S2430/initialize?prefCd=35&kikanCd=1226&kikanKbn=5", "url2": null, "内容": "漢方薬局ＳＡＬＯＮ　ＤＵ　ＫＡＭＰＯＵ【5:薬局】山口県下関市長府中浜町７ー１０" }, "geometry": { "type": "Point", "coordinates": [ 130.98831, 33.998302 ] } },
{ "type": "Feature", "properties": { "ID": 3551227, "正式名称": "クローバー薬局そお店", "機関区分": 5, "都道府県コード": 35, "市区町村コード": 208, "所在地": "山口県岩国市周東町祖生５７１８－８", "緯度": 34.074494, "経度": 132.106403, "url": "https://www.iryou.teikyouseido.mhlw.go.jp/znk-web/juminkanja/S2430/initialize?prefCd=35&kikanCd=1227&kikanKbn=5", "url2": "https://k-create.jp", "内容": "クローバー薬局そお店【5:薬局】山口県岩国市周東町祖生５７１８－８" }, "geometry": { "type": "Point", "coordinates": [ 132.106403, 34.074494 ] } },
{ "type": "Feature", "properties": { "ID": 3551228, "正式名称": "ワダ薬局", "機関区分": 5, "都道府県コード": 35, "市区町村コード": 211, "所在地": "山口県長門市東深川８１７番地", "緯度": 34.374995, "経度": 131.188699, "url": "https://www.iryou.teikyouseido.mhlw.go.jp/znk-web/juminkanja/S2430/initialize?prefCd=35&kikanCd=1228&kikanKbn=5", "url2": null, "内容": "ワダ薬局【5:薬局】山口県長門市東深川８１７番地" }, "geometry": { "type": "Point", "coordinates": [ 131.188699, 34.374995 ] } },
{ "type": "Feature", "properties": { "ID": 3551229, "正式名称": "セブン薬局光店", "機関区分": 5, "都道府県コード": 35, "市区町村コード": 210, "所在地": "山口県光市浅江３丁目１番２２号", "緯度": 33.974885, "経度": 131.924627, "url": "https://www.iryou.teikyouseido.mhlw.go.jp/znk-web/juminkanja/S2430/initialize?prefCd=35&kikanCd=1229&kikanKbn=5", "url2": null, "内容": "セブン薬局光店【5:薬局】山口県光市浅江３丁目１番２２号" }, "geometry": { "type": "Point", "coordinates": [ 131.924627, 33.974885 ] } },
{ "type": "Feature", "properties": { "ID": 3551230, "正式名称": "下関市薬剤師会栄町薬局", "機関区分": 5, "都道府県コード": 35, "市区町村コード": 201, "所在地": "山口県下関市栄町１番６号", "緯度": 33.963694, "経度": 130.927306, "url": "https://www.iryou.teikyouseido.mhlw.go.jp/znk-web/juminkanja/S2430/initialize?prefCd=35&kikanCd=1230&kikanKbn=5", "url2": null, "内容": "下関市薬剤師会栄町薬局【5:薬局】山口県下関市栄町１番６号" }, "geometry": { "type": "Point", "coordinates": [ 130.927306, 33.963694 ] } },
{ "type": "Feature", "properties": { "ID": 3551231, "正式名称": "しらゆり薬局", "機関区分": 5, "都道府県コード": 35, "市区町村コード": 201, "所在地": "山口県下関市上新地町３－１－１", "緯度": 33.958328, "経度": 130.920717, "url": "https://www.iryou.teikyouseido.mhlw.go.jp/znk-web/juminkanja/S2430/initialize?prefCd=35&kikanCd=1231&kikanKbn=5", "url2": "http://www.zaitak.jp/", "内容": "しらゆり薬局【5:薬局】山口県下関市上新地町３－１－１" }, "geometry": { "type": "Point", "coordinates": [ 130.920717, 33.958328 ] } },
{ "type": "Feature", "properties": { "ID": 3551232, "正式名称": "だるま薬局　草花", "機関区分": 5, "都道府県コード": 35, "市区町村コード": 203, "所在地": "山口県山口市平井７６６－７", "緯度": 34.151336, "経度": 131.467979, "url": "https://www.iryou.teikyouseido.mhlw.go.jp/znk-web/juminkanja/S2430/initialize?prefCd=35&kikanCd=1232&kikanKbn=5", "url2": null, "内容": "だるま薬局　草花【5:薬局】山口県山口市平井７６６－７" }, "geometry": { "type": "Point", "coordinates": [ 131.467979, 34.151336 ] } },
{ "type": "Feature", "properties": { "ID": 3551233, "正式名称": "ひまわり薬局下松店", "機関区分": 5, "都道府県コード": 35, "市区町村コード": 207, "所在地": "山口県下松市望町５－４－８", "緯度": 34.026354, "経度": 131.852878, "url": "https://www.iryou.teikyouseido.mhlw.go.jp/znk-web/juminkanja/S2430/initialize?prefCd=35&kikanCd=1233&kikanKbn=5", "url2": "http://15.ichigo.jp", "内容": "ひまわり薬局下松店【5:薬局】山口県下松市望町５－４－８" }, "geometry": { "type": "Point", "coordinates": [ 131.852878, 34.026354 ] } },
{ "type": "Feature", "properties": { "ID": 3551234, "正式名称": "エイト薬局", "機関区分": 5, "都道府県コード": 35, "市区町村コード": 210, "所在地": "山口県光市光ケ丘３－３", "緯度": 33.981028, "経度": 131.920402, "url": "https://www.iryou.teikyouseido.mhlw.go.jp/znk-web/juminkanja/S2430/initialize?prefCd=35&kikanCd=1234&kikanKbn=5", "url2": "http://8studio.jp", "内容": "エイト薬局【5:薬局】山口県光市光ケ丘３－３" }, "geometry": { "type": "Point", "coordinates": [ 131.920402, 33.981028 ] } },
{ "type": "Feature", "properties": { "ID": 3551235, "正式名称": "ヘイワ薬局　本店", "機関区分": 5, "都道府県コード": 35, "市区町村コード": 206, "所在地": "山口県防府市天神一丁目１０番２５号", "緯度": 34.056142, "経度": 131.573511, "url": "https://www.iryou.teikyouseido.mhlw.go.jp/znk-web/juminkanja/S2430/initialize?prefCd=35&kikanCd=1235&kikanKbn=5", "url2": null, "内容": "ヘイワ薬局　本店【5:薬局】山口県防府市天神一丁目１０番２５号" }, "geometry": { "type": "Point", "coordinates": [ 131.573511, 34.056142 ] } },
{ "type": "Feature", "properties": { "ID": 3551236, "正式名称": "サンキュードラッグ上田中町薬局", "機関区分": 5, "都道府県コード": 35, "市区町村コード": 201, "所在地": "山口県下関市上田中町２－９－３", "緯度": 33.963903, "経度": 130.941886, "url": "https://www.iryou.teikyouseido.mhlw.go.jp/znk-web/juminkanja/S2430/initialize?prefCd=35&kikanCd=1236&kikanKbn=5", "url2": "http://www.drug39.co.jp/", "内容": "サンキュードラッグ上田中町薬局【5:薬局】山口県下関市上田中町２－９－３" }, "geometry": { "type": "Point", "coordinates": [ 130.941886, 33.963903 ] } },
{ "type": "Feature", "properties": { "ID": 3551237, "正式名称": "西日本ファーマシー", "機関区分": 5, "都道府県コード": 35, "市区町村コード": 201, "所在地": "山口県下関市長府中之町２－６", "緯度": 33.999836, "経度": 130.990992, "url": "https://www.iryou.teikyouseido.mhlw.go.jp/znk-web/juminkanja/S2430/initialize?prefCd=35&kikanCd=1237&kikanKbn=5", "url2": "http://www.marinegroup.jp/", "内容": "西日本ファーマシー【5:薬局】山口県下関市長府中之町２－６" }, "geometry": { "type": "Point", "coordinates": [ 130.990992, 33.999836 ] } },
{ "type": "Feature", "properties": { "ID": 3551238, "正式名称": "かえる薬局", "機関区分": 5, "都道府県コード": 35, "市区町村コード": 207, "所在地": "山口県下松市瑞穂町２丁目２０番１０号", "緯度": 34.024346, "経度": 131.851374, "url": "https://www.iryou.teikyouseido.mhlw.go.jp/znk-web/juminkanja/S2430/initialize?prefCd=35&kikanCd=1238&kikanKbn=5", "url2": "https://kaeru-pharmacy.webnode.jp/", "内容": "かえる薬局【5:薬局】山口県下松市瑞穂町２丁目２０番１０号" }, "geometry": { "type": "Point", "coordinates": [ 131.851374, 34.024346 ] } },
{ "type": "Feature", "properties": { "ID": 3551239, "正式名称": "フェリース薬局宇部店", "機関区分": 5, "都道府県コード": 35, "市区町村コード": 202, "所在地": "山口県宇部市松山町１－８－６　佐々木ビル１Ｆ", "緯度": 33.946453, "経度": 131.254389, "url": "https://www.iryou.teikyouseido.mhlw.go.jp/znk-web/juminkanja/S2430/initialize?prefCd=35&kikanCd=1239&kikanKbn=5", "url2": "https://www.feliz-pharmacy.jp", "内容": "フェリース薬局宇部店【5:薬局】山口県宇部市松山町１－８－６　佐々木ビル１Ｆ" }, "geometry": { "type": "Point", "coordinates": [ 131.254389, 33.946453 ] } },
{ "type": "Feature", "properties": { "ID": 3551240, "正式名称": "こねこ薬局", "機関区分": 5, "都道府県コード": 35, "市区町村コード": 202, "所在地": "山口県宇部市上町１－６－１８", "緯度": 33.95953, "経度": 131.239294, "url": "https://www.iryou.teikyouseido.mhlw.go.jp/znk-web/juminkanja/S2430/initialize?prefCd=35&kikanCd=1240&kikanKbn=5", "url2": "http://yakumeikan.com", "内容": "こねこ薬局【5:薬局】山口県宇部市上町１－６－１８" }, "geometry": { "type": "Point", "coordinates": [ 131.239294, 33.95953 ] } },
{ "type": "Feature", "properties": { "ID": 3551241, "正式名称": "スカイ薬局", "機関区分": 5, "都道府県コード": 35, "市区町村コード": 202, "所在地": "山口県宇部市南小羽山町二丁目１９番１４号", "緯度": 33.975079, "経度": 131.258498, "url": "https://www.iryou.teikyouseido.mhlw.go.jp/znk-web/juminkanja/S2430/initialize?prefCd=35&kikanCd=1241&kikanKbn=5", "url2": "http://yakumeikan.com", "内容": "スカイ薬局【5:薬局】山口県宇部市南小羽山町二丁目１９番１４号" }, "geometry": { "type": "Point", "coordinates": [ 131.258498, 33.975079 ] } },
{ "type": "Feature", "properties": { "ID": 3551242, "正式名称": "ほのぼの薬局", "機関区分": 5, "都道府県コード": 35, "市区町村コード": 203, "所在地": "山口県山口市大内御堀六丁目２番３号", "緯度": 34.165269, "経度": 131.485555, "url": "https://www.iryou.teikyouseido.mhlw.go.jp/znk-web/juminkanja/S2430/initialize?prefCd=35&kikanCd=1242&kikanKbn=5", "url2": "http://yakumeikan.com", "内容": "ほのぼの薬局【5:薬局】山口県山口市大内御堀六丁目２番３号" }, "geometry": { "type": "Point", "coordinates": [ 131.485555, 34.165269 ] } },
{ "type": "Feature", "properties": { "ID": 3551243, "正式名称": "サンセル薬局", "機関区分": 5, "都道府県コード": 35, "市区町村コード": 203, "所在地": "山口県山口市駅通り２丁目３番３号", "緯度": 34.175117, "経度": 131.478827, "url": "https://www.iryou.teikyouseido.mhlw.go.jp/znk-web/juminkanja/S2430/initialize?prefCd=35&kikanCd=1243&kikanKbn=5", "url2": "https://mine-city.org", "内容": "サンセル薬局【5:薬局】山口県山口市駅通り２丁目３番３号" }, "geometry": { "type": "Point", "coordinates": [ 131.478827, 34.175117 ] } },
{ "type": "Feature", "properties": { "ID": 3551244, "正式名称": "フタミ薬局五月店", "機関区分": 5, "都道府県コード": 35, "市区町村コード": 215, "所在地": "山口県周南市五月町９番１０号", "緯度": 34.036797, "経度": 131.828697, "url": "https://www.iryou.teikyouseido.mhlw.go.jp/znk-web/juminkanja/S2430/initialize?prefCd=35&kikanCd=1244&kikanKbn=5", "url2": "https://www.futamisupply.co.jp/", "内容": "フタミ薬局五月店【5:薬局】山口県周南市五月町９番１０号" }, "geometry": { "type": "Point", "coordinates": [ 131.828697, 34.036797 ] } },
{ "type": "Feature", "properties": { "ID": 3551245, "正式名称": "愛・感動・ＮＥＸＴ薬局", "機関区分": 5, "都道府県コード": 35, "市区町村コード": 201, "所在地": "山口県下関市後田町", "緯度": 33.968619, "経度": 130.934783, "url": "https://www.iryou.teikyouseido.mhlw.go.jp/znk-web/juminkanja/S2430/initialize?prefCd=35&kikanCd=1245&kikanKbn=5", "url2": "https://www.shimonoseki-himawari-pharmacy.com", "内容": "愛・感動・ＮＥＸＴ薬局【5:薬局】山口県下関市後田町" }, "geometry": { "type": "Point", "coordinates": [ 130.934783, 33.968619 ] } },
{ "type": "Feature", "properties": { "ID": 3551246, "正式名称": "みかさ薬局", "機関区分": 5, "都道府県コード": 35, "市区町村コード": 208, "所在地": "山口県岩国市三笠町２－６－７", "緯度": 34.16596, "経度": 132.227091, "url": "https://www.iryou.teikyouseido.mhlw.go.jp/znk-web/juminkanja/S2430/initialize?prefCd=35&kikanCd=1246&kikanKbn=5", "url2": "http://yuushin.cc/", "内容": "みかさ薬局【5:薬局】山口県岩国市三笠町２－６－７" }, "geometry": { "type": "Point", "coordinates": [ 132.227091, 34.16596 ] } },
{ "type": "Feature", "properties": { "ID": 3551247, "正式名称": "メロディ薬局", "機関区分": 5, "都道府県コード": 35, "市区町村コード": 203, "所在地": "山口県山口市幸町３番４９－３", "緯度": 34.157872, "経度": 131.45011, "url": "https://www.iryou.teikyouseido.mhlw.go.jp/znk-web/juminkanja/S2430/initialize?prefCd=35&kikanCd=1247&kikanKbn=5", "url2": "https://mine-city.org/", "内容": "メロディ薬局【5:薬局】山口県山口市幸町３番４９－３" }, "geometry": { "type": "Point", "coordinates": [ 131.45011, 34.157872 ] } },
{ "type": "Feature", "properties": { "ID": 3551248, "正式名称": "アイテル薬局新椋野店", "機関区分": 5, "都道府県コード": 35, "市区町村コード": 201, "所在地": "山口県下関市三河町１５番４３", "緯度": 33.986367, "経度": 130.94486, "url": "https://www.iryou.teikyouseido.mhlw.go.jp/znk-web/juminkanja/S2430/initialize?prefCd=35&kikanCd=1248&kikanKbn=5", "url2": "http://www.zaitak.jp/", "内容": "アイテル薬局新椋野店【5:薬局】山口県下関市三河町１５番４３" }, "geometry": { "type": "Point", "coordinates": [ 130.94486, 33.986367 ] } },
{ "type": "Feature", "properties": { "ID": 3551249, "正式名称": "ひなた薬局", "機関区分": 5, "都道府県コード": 35, "市区町村コード": 201, "所在地": "山口県下関市豊北町滝部", "緯度": 34.290512, "経度": 130.95103, "url": "https://www.iryou.teikyouseido.mhlw.go.jp/znk-web/juminkanja/S2430/initialize?prefCd=35&kikanCd=1249&kikanKbn=5", "url2": null, "内容": "ひなた薬局【5:薬局】山口県下関市豊北町滝部" }, "geometry": { "type": "Point", "coordinates": [ 130.95103, 34.290512 ] } },
{ "type": "Feature", "properties": { "ID": 355125, "正式名称": "アオバ薬局", "機関区分": 5, "都道府県コード": 35, "市区町村コード": 201, "所在地": "山口県下関市彦島江の浦町４丁目２－４", "緯度": 33.935831, "経度": 130.918859, "url": "https://www.iryou.teikyouseido.mhlw.go.jp/znk-web/juminkanja/S2430/initialize?prefCd=35&kikanCd=125&kikanKbn=5", "url2": null, "内容": "アオバ薬局【5:薬局】山口県下関市彦島江の浦町４丁目２－４" }, "geometry": { "type": "Point", "coordinates": [ 130.918859, 33.935831 ] } },
{ "type": "Feature", "properties": { "ID": 3551250, "正式名称": "ハナミズキ薬局小月店", "機関区分": 5, "都道府県コード": 35, "市区町村コード": 201, "所在地": "山口県下関市小月駅前１ー６ー２８", "緯度": 34.068963, "経度": 131.031496, "url": "https://www.iryou.teikyouseido.mhlw.go.jp/znk-web/juminkanja/S2430/initialize?prefCd=35&kikanCd=1250&kikanKbn=5", "url2": "https://www.hanamizuki-pharmacy.com/", "内容": "ハナミズキ薬局小月店【5:薬局】山口県下関市小月駅前１ー６ー２８" }, "geometry": { "type": "Point", "coordinates": [ 131.031496, 34.068963 ] } },
{ "type": "Feature", "properties": { "ID": 3551252, "正式名称": "三田川薬局", "機関区分": 5, "都道府県コード": 35, "市区町村コード": 215, "所在地": "山口県周南市大字徳山５８２７－１", "緯度": 34.059789, "経度": 131.816408, "url": "https://www.iryou.teikyouseido.mhlw.go.jp/znk-web/juminkanja/S2430/initialize?prefCd=35&kikanCd=1252&kikanKbn=5", "url2": "http://www.zaitak.jp/", "内容": "三田川薬局【5:薬局】山口県周南市大字徳山５８２７－１" }, "geometry": { "type": "Point", "coordinates": [ 131.816408, 34.059789 ] } },
{ "type": "Feature", "properties": { "ID": 3551253, "正式名称": "夏みかん薬局", "機関区分": 5, "都道府県コード": 35, "市区町村コード": 204, "所在地": "山口県萩市土原５４３－１８", "緯度": 34.410957, "経度": 131.404805, "url": "https://www.iryou.teikyouseido.mhlw.go.jp/znk-web/juminkanja/S2430/initialize?prefCd=35&kikanCd=1253&kikanKbn=5", "url2": null, "内容": "夏みかん薬局【5:薬局】山口県萩市土原５４３－１８" }, "geometry": { "type": "Point", "coordinates": [ 131.404805, 34.410957 ] } },
{ "type": "Feature", "properties": { "ID": 3551254, "正式名称": "宮野薬局", "機関区分": 5, "都道府県コード": 35, "市区町村コード": 202, "所在地": "山口県宇部市文京町１０番４０号", "緯度": 33.975126, "経度": 131.228422, "url": "https://www.iryou.teikyouseido.mhlw.go.jp/znk-web/juminkanja/S2430/initialize?prefCd=35&kikanCd=1254&kikanKbn=5", "url2": null, "内容": "宮野薬局【5:薬局】山口県宇部市文京町１０番４０号" }, "geometry": { "type": "Point", "coordinates": [ 131.228422, 33.975126 ] } },
{ "type": "Feature", "properties": { "ID": 3551255, "正式名称": "あい薬局　山口店", "機関区分": 5, "都道府県コード": 35, "市区町村コード": 203, "所在地": "山口県山口市円政寺７７ー５", "緯度": 34.180702, "経度": 131.48312, "url": "https://www.iryou.teikyouseido.mhlw.go.jp/znk-web/juminkanja/S2430/initialize?prefCd=35&kikanCd=1255&kikanKbn=5", "url2": "http://www.sanwa.tc/", "内容": "あい薬局　山口店【5:薬局】山口県山口市円政寺７７ー５" }, "geometry": { "type": "Point", "coordinates": [ 131.48312, 34.180702 ] } },
{ "type": "Feature", "properties": { "ID": 3551257, "正式名称": "むさし薬局", "機関区分": 5, "都道府県コード": 35, "市区町村コード": 210, "所在地": "山口県光市大字岩田２３５６番地３", "緯度": 33.982859, "経度": 131.998907, "url": "https://www.iryou.teikyouseido.mhlw.go.jp/znk-web/juminkanja/S2430/initialize?prefCd=35&kikanCd=1257&kikanKbn=5", "url2": "http://yakumeikan.com", "内容": "むさし薬局【5:薬局】山口県光市大字岩田２３５６番地３" }, "geometry": { "type": "Point", "coordinates": [ 131.998907, 33.982859 ] } },
{ "type": "Feature", "properties": { "ID": 3551258, "正式名称": "ウォンツ　イオンタウン周南久米薬局", "機関区分": 5, "都道府県コード": 35, "市区町村コード": 215, "所在地": "山口県周南市久米中央五丁目８番１号", "緯度": 34.03669, "経度": 131.842913, "url": "https://www.iryou.teikyouseido.mhlw.go.jp/znk-web/juminkanja/S2430/initialize?prefCd=35&kikanCd=1258&kikanKbn=5", "url2": "https://www.wants.co.jp/shop/?cm=v&id=7176", "内容": "ウォンツ　イオンタウン周南久米薬局【5:薬局】山口県周南市久米中央五丁目８番１号" }, "geometry": { "type": "Point", "coordinates": [ 131.842913, 34.03669 ] } },
{ "type": "Feature", "properties": { "ID": 3551259, "正式名称": "きりん薬局", "機関区分": 5, "都道府県コード": 35, "市区町村コード": 210, "所在地": "山口県光市島田", "緯度": 33.970554, "経度": 131.93515, "url": "https://www.iryou.teikyouseido.mhlw.go.jp/znk-web/juminkanja/S2430/initialize?prefCd=35&kikanCd=1259&kikanKbn=5", "url2": null, "内容": "きりん薬局【5:薬局】山口県光市島田" }, "geometry": { "type": "Point", "coordinates": [ 131.93515, 33.970554 ] } },
{ "type": "Feature", "properties": { "ID": 355126, "正式名称": "有限会社光栄薬局", "機関区分": 5, "都道府県コード": 35, "市区町村コード": 203, "所在地": "山口県山口市大内矢田北５丁目１２番１５号", "緯度": 34.154458, "経度": 131.50915, "url": "https://www.iryou.teikyouseido.mhlw.go.jp/znk-web/juminkanja/S2430/initialize?prefCd=35&kikanCd=126&kikanKbn=5", "url2": "https://www.koei-p.jp", "内容": "有限会社光栄薬局【5:薬局】山口県山口市大内矢田北５丁目１２番１５号" }, "geometry": { "type": "Point", "coordinates": [ 131.50915, 34.154458 ] } },
{ "type": "Feature", "properties": { "ID": 3551260, "正式名称": "南岩国えきまえ薬局", "機関区分": 5, "都道府県コード": 35, "市区町村コード": 208, "所在地": "山口県岩国市尾津町２－２２－１０", "緯度": 34.13665, "経度": 132.206295, "url": "https://www.iryou.teikyouseido.mhlw.go.jp/znk-web/juminkanja/S2430/initialize?prefCd=35&kikanCd=1260&kikanKbn=5", "url2": "http://yakumeikan.com/", "内容": "南岩国えきまえ薬局【5:薬局】山口県岩国市尾津町２－２２－１０" }, "geometry": { "type": "Point", "coordinates": [ 132.206295, 34.13665 ] } },
{ "type": "Feature", "properties": { "ID": 3551261, "正式名称": "アイテル薬局　下松北斗店", "機関区分": 5, "都道府県コード": 35, "市区町村コード": 207, "所在地": "山口県下松市北斗町６番４号", "緯度": 34.009529, "経度": 131.869022, "url": "https://www.iryou.teikyouseido.mhlw.go.jp/znk-web/juminkanja/S2430/initialize?prefCd=35&kikanCd=1261&kikanKbn=5", "url2": "http://www.zaitak.jp/", "内容": "アイテル薬局　下松北斗店【5:薬局】山口県下松市北斗町６番４号" }, "geometry": { "type": "Point", "coordinates": [ 131.869022, 34.009529 ] } },
{ "type": "Feature", "properties": { "ID": 3551262, "正式名称": "アイテル薬局　白石店", "機関区分": 5, "都道府県コード": 35, "市区町村コード": 203, "所在地": "山口県山口市中河原町２丁目１４", "緯度": 34.178443, "経度": 131.475806, "url": "https://www.iryou.teikyouseido.mhlw.go.jp/znk-web/juminkanja/S2430/initialize?prefCd=35&kikanCd=1262&kikanKbn=5", "url2": null, "内容": "アイテル薬局　白石店【5:薬局】山口県山口市中河原町２丁目１４" }, "geometry": { "type": "Point", "coordinates": [ 131.475806, 34.178443 ] } },
{ "type": "Feature", "properties": { "ID": 3551263, "正式名称": "あいりす薬局", "機関区分": 5, "都道府県コード": 35, "市区町村コード": 210, "所在地": "山口県光市虹ケ浜１丁目９番１３号", "緯度": 33.971686, "経度": 131.919492, "url": "https://www.iryou.teikyouseido.mhlw.go.jp/znk-web/juminkanja/S2430/initialize?prefCd=35&kikanCd=1263&kikanKbn=5", "url2": null, "内容": "あいりす薬局【5:薬局】山口県光市虹ケ浜１丁目９番１３号" }, "geometry": { "type": "Point", "coordinates": [ 131.919492, 33.971686 ] } },
{ "type": "Feature", "properties": { "ID": 3551264, "正式名称": "あじさい薬局", "機関区分": 5, "都道府県コード": 35, "市区町村コード": 203, "所在地": "山口県山口市吉田２２１０番地１", "緯度": 34.14354, "経度": 131.468443, "url": "https://www.iryou.teikyouseido.mhlw.go.jp/znk-web/juminkanja/S2430/initialize?prefCd=35&kikanCd=1264&kikanKbn=5", "url2": "http://yakumeikan.com", "内容": "あじさい薬局【5:薬局】山口県山口市吉田２２１０番地１" }, "geometry": { "type": "Point", "coordinates": [ 131.468443, 34.14354 ] } },
{ "type": "Feature", "properties": { "ID": 3551265, "正式名称": "稗田みらい薬局", "機関区分": 5, "都道府県コード": 35, "市区町村コード": 201, "所在地": "山口県下関市稗田町７ー１イーストビル１０２号", "緯度": 33.99425, "経度": 130.9317, "url": "https://www.iryou.teikyouseido.mhlw.go.jp/znk-web/juminkanja/S2430/initialize?prefCd=35&kikanCd=1265&kikanKbn=5", "url2": "http://www.marinegroup.jp/", "内容": "稗田みらい薬局【5:薬局】山口県下関市稗田町７ー１イーストビル１０２号" }, "geometry": { "type": "Point", "coordinates": [ 130.9317, 33.99425 ] } },
{ "type": "Feature", "properties": { "ID": 3551266, "正式名称": "なないろ薬局", "機関区分": 5, "都道府県コード": 35, "市区町村コード": 201, "所在地": "山口県下関市伊倉新町一丁目５ー４３", "緯度": 34.006248, "経度": 130.941647, "url": "https://www.iryou.teikyouseido.mhlw.go.jp/znk-web/juminkanja/S2430/initialize?prefCd=35&kikanCd=1266&kikanKbn=5", "url2": "http://www.marinegroup.jp/", "内容": "なないろ薬局【5:薬局】山口県下関市伊倉新町一丁目５ー４３" }, "geometry": { "type": "Point", "coordinates": [ 130.941647, 34.006248 ] } },
{ "type": "Feature", "properties": { "ID": 3551267, "正式名称": "ウォンツ　岩国中津薬局", "機関区分": 5, "都道府県コード": 35, "市区町村コード": 208, "所在地": "山口県岩国市中津町２－４－３３", "緯度": 34.154032, "経度": 132.216137, "url": "https://www.iryou.teikyouseido.mhlw.go.jp/znk-web/juminkanja/S2430/initialize?prefCd=35&kikanCd=1267&kikanKbn=5", "url2": "https://www.wants.co.jp", "内容": "ウォンツ　岩国中津薬局【5:薬局】山口県岩国市中津町２－４－３３" }, "geometry": { "type": "Point", "coordinates": [ 132.216137, 34.154032 ] } },
{ "type": "Feature", "properties": { "ID": 3551268, "正式名称": "サンキュードラッグ新下関薬局", "機関区分": 5, "都道府県コード": 35, "市区町村コード": 201, "所在地": "山口県下関市形山みどり町１５番１６号", "緯度": 34.014468, "経度": 130.954477, "url": "https://www.iryou.teikyouseido.mhlw.go.jp/znk-web/juminkanja/S2430/initialize?prefCd=35&kikanCd=1268&kikanKbn=5", "url2": "https://www.drug39.co.jp/", "内容": "サンキュードラッグ新下関薬局【5:薬局】山口県下関市形山みどり町１５番１６号" }, "geometry": { "type": "Point", "coordinates": [ 130.954477, 34.014468 ] } },
{ "type": "Feature", "properties": { "ID": 3551269, "正式名称": "あけぼの薬局　岩国店", "機関区分": 5, "都道府県コード": 35, "市区町村コード": 208, "所在地": "山口県岩国市麻里布町３－１４－１０", "緯度": 34.171295, "経度": 132.221734, "url": "https://www.iryou.teikyouseido.mhlw.go.jp/znk-web/juminkanja/S2430/initialize?prefCd=35&kikanCd=1269&kikanKbn=5", "url2": null, "内容": "あけぼの薬局　岩国店【5:薬局】山口県岩国市麻里布町３－１４－１０" }, "geometry": { "type": "Point", "coordinates": [ 132.221734, 34.171295 ] } },
{ "type": "Feature", "properties": { "ID": 3551270, "正式名称": "大信薬局竹崎店", "機関区分": 5, "都道府県コード": 35, "市区町村コード": 201, "所在地": "山口県下関市竹崎町１－１４－２５", "緯度": 33.952214, "経度": 130.926403, "url": "https://www.iryou.teikyouseido.mhlw.go.jp/znk-web/juminkanja/S2430/initialize?prefCd=35&kikanCd=1270&kikanKbn=5", "url2": "https://www.taishinph.co.jp/", "内容": "大信薬局竹崎店【5:薬局】山口県下関市竹崎町１－１４－２５" }, "geometry": { "type": "Point", "coordinates": [ 130.926403, 33.952214 ] } },
{ "type": "Feature", "properties": { "ID": 3551271, "正式名称": "ひなた薬局", "機関区分": 5, "都道府県コード": 35, "市区町村コード": 202, "所在地": "山口県宇部市草江２丁目１番４４号", "緯度": 33.941273, "経度": 131.273621, "url": "https://www.iryou.teikyouseido.mhlw.go.jp/znk-web/juminkanja/S2430/initialize?prefCd=35&kikanCd=1271&kikanKbn=5", "url2": "http://www.miyajimap", "内容": "ひなた薬局【5:薬局】山口県宇部市草江２丁目１番４４号" }, "geometry": { "type": "Point", "coordinates": [ 131.273621, 33.941273 ] } },
{ "type": "Feature", "properties": { "ID": 3551273, "正式名称": "ふれあい薬局宮の前店", "機関区分": 5, "都道府県コード": 35, "市区町村コード": 215, "所在地": "山口県周南市宮の前二丁目３番１７号", "緯度": 34.072042, "経度": 131.765749, "url": "https://www.iryou.teikyouseido.mhlw.go.jp/znk-web/juminkanja/S2430/initialize?prefCd=35&kikanCd=1273&kikanKbn=5", "url2": "http://yuushin.cc/shop/fureai/", "内容": "ふれあい薬局宮の前店【5:薬局】山口県周南市宮の前二丁目３番１７号" }, "geometry": { "type": "Point", "coordinates": [ 131.765749, 34.072042 ] } },
{ "type": "Feature", "properties": { "ID": 3551274, "正式名称": "オーランド薬局", "機関区分": 5, "都道府県コード": 35, "市区町村コード": 202, "所在地": "山口県宇部市東小羽山町４丁目１－５", "緯度": 33.982978, "経度": 131.263244, "url": "https://www.iryou.teikyouseido.mhlw.go.jp/znk-web/juminkanja/S2430/initialize?prefCd=35&kikanCd=1274&kikanKbn=5", "url2": null, "内容": "オーランド薬局【5:薬局】山口県宇部市東小羽山町４丁目１－５" }, "geometry": { "type": "Point", "coordinates": [ 131.263244, 33.982978 ] } },
{ "type": "Feature", "properties": { "ID": 3551275, "正式名称": "平田壱丁目薬局", "機関区分": 5, "都道府県コード": 35, "市区町村コード": 208, "所在地": "山口県岩国市平田一丁目２８ー２５", "緯度": 34.149076, "経度": 132.181672, "url": "https://www.iryou.teikyouseido.mhlw.go.jp/znk-web/juminkanja/S2430/initialize?prefCd=35&kikanCd=1275&kikanKbn=5", "url2": null, "内容": "平田壱丁目薬局【5:薬局】山口県岩国市平田一丁目２８ー２５" }, "geometry": { "type": "Point", "coordinates": [ 132.181672, 34.149076 ] } },
{ "type": "Feature", "properties": { "ID": 3551276, "正式名称": "ひかる薬局周東店", "機関区分": 5, "都道府県コード": 35, "市区町村コード": 208, "所在地": "山口県岩国市周東町下久原２４１０－２", "緯度": 34.093081, "経度": 132.050675, "url": "https://www.iryou.teikyouseido.mhlw.go.jp/znk-web/juminkanja/S2430/initialize?prefCd=35&kikanCd=1276&kikanKbn=5", "url2": null, "内容": "ひかる薬局周東店【5:薬局】山口県岩国市周東町下久原２４１０－２" }, "geometry": { "type": "Point", "coordinates": [ 132.050675, 34.093081 ] } },
{ "type": "Feature", "properties": { "ID": 3551277, "正式名称": "中央薬局", "機関区分": 5, "都道府県コード": 35, "市区町村コード": 208, "所在地": "山口県岩国市今津町４丁目４－４", "緯度": 34.165423, "経度": 132.216385, "url": "https://www.iryou.teikyouseido.mhlw.go.jp/znk-web/juminkanja/S2430/initialize?prefCd=35&kikanCd=1277&kikanKbn=5", "url2": null, "内容": "中央薬局【5:薬局】山口県岩国市今津町４丁目４－４" }, "geometry": { "type": "Point", "coordinates": [ 132.216385, 34.165423 ] } },
{ "type": "Feature", "properties": { "ID": 3551278, "正式名称": "東山薬局", "機関区分": 5, "都道府県コード": 35, "市区町村コード": 215, "所在地": "山口県周南市東山町２－３", "緯度": 34.046724, "経度": 131.813579, "url": "https://www.iryou.teikyouseido.mhlw.go.jp/znk-web/juminkanja/S2430/initialize?prefCd=35&kikanCd=1278&kikanKbn=5", "url2": "http://www.zaitak.jp/pages/11/#block302", "内容": "東山薬局【5:薬局】山口県周南市東山町２－３" }, "geometry": { "type": "Point", "coordinates": [ 131.813579, 34.046724 ] } },
{ "type": "Feature", "properties": { "ID": 3551279, "正式名称": "マリン薬局", "機関区分": 5, "都道府県コード": 35, "市区町村コード": 202, "所在地": "山口県宇部市西本町２丁目１３－２５", "緯度": 33.959598, "経度": 131.2369, "url": "https://www.iryou.teikyouseido.mhlw.go.jp/znk-web/juminkanja/S2430/initialize?prefCd=35&kikanCd=1279&kikanKbn=5", "url2": null, "内容": "マリン薬局【5:薬局】山口県宇部市西本町２丁目１３－２５" }, "geometry": { "type": "Point", "coordinates": [ 131.2369, 33.959598 ] } },
{ "type": "Feature", "properties": { "ID": 355128, "正式名称": "きわなみ薬局", "機関区分": 5, "都道府県コード": 35, "市区町村コード": 202, "所在地": "山口県宇部市厚南中央二丁目２番７号", "緯度": 33.993561, "経度": 131.218844, "url": "https://www.iryou.teikyouseido.mhlw.go.jp/znk-web/juminkanja/S2430/initialize?prefCd=35&kikanCd=128&kikanKbn=5", "url2": null, "内容": "きわなみ薬局【5:薬局】山口県宇部市厚南中央二丁目２番７号" }, "geometry": { "type": "Point", "coordinates": [ 131.218844, 33.993561 ] } },
{ "type": "Feature", "properties": { "ID": 3551280, "正式名称": "オオタ薬局丸尾店", "機関区分": 5, "都道府県コード": 35, "市区町村コード": 202, "所在地": "山口県宇部市東岐波４３２７番地３９", "緯度": 33.966971, "経度": 131.349852, "url": "https://www.iryou.teikyouseido.mhlw.go.jp/znk-web/juminkanja/S2430/initialize?prefCd=35&kikanCd=1280&kikanKbn=5", "url2": "http://www.ota-pharmacy.co.jp", "内容": "オオタ薬局丸尾店【5:薬局】山口県宇部市東岐波４３２７番地３９" }, "geometry": { "type": "Point", "coordinates": [ 131.349852, 33.966971 ] } },
{ "type": "Feature", "properties": { "ID": 3551281, "正式名称": "たくら薬局", "機関区分": 5, "都道府県コード": 35, "市区町村コード": 201, "所在地": "山口県下関市田倉７６７", "緯度": 34.013278, "経度": 130.96627, "url": "https://www.iryou.teikyouseido.mhlw.go.jp/znk-web/juminkanja/S2430/initialize?prefCd=35&kikanCd=1281&kikanKbn=5", "url2": "https://www.crane-pharma.com/", "内容": "たくら薬局【5:薬局】山口県下関市田倉７６７" }, "geometry": { "type": "Point", "coordinates": [ 130.96627, 34.013278 ] } },
{ "type": "Feature", "properties": { "ID": 3551282, "正式名称": "ウォンツ宇部鍋倉薬局", "機関区分": 5, "都道府県コード": 35, "市区町村コード": 202, "所在地": "山口県宇部市鍋倉町６－５２", "緯度": 33.968506, "経度": 131.232819, "url": "https://www.iryou.teikyouseido.mhlw.go.jp/znk-web/juminkanja/S2430/initialize?prefCd=35&kikanCd=1282&kikanKbn=5", "url2": "https://shop.tsuruha-g.com/3939", "内容": "ウォンツ宇部鍋倉薬局【5:薬局】山口県宇部市鍋倉町６－５２" }, "geometry": { "type": "Point", "coordinates": [ 131.232819, 33.968506 ] } },
{ "type": "Feature", "properties": { "ID": 3551284, "正式名称": "ベル調剤薬局", "機関区分": 5, "都道府県コード": 35, "市区町村コード": 215, "所在地": "山口県周南市周陽２丁目４−１", "緯度": 34.047164, "経度": 131.832478, "url": "https://www.iryou.teikyouseido.mhlw.go.jp/znk-web/juminkanja/S2430/initialize?prefCd=35&kikanCd=1284&kikanKbn=5", "url2": "https://salvia-healthcare.com/", "内容": "ベル調剤薬局【5:薬局】山口県周南市周陽２丁目４−１" }, "geometry": { "type": "Point", "coordinates": [ 131.832478, 34.047164 ] } },
{ "type": "Feature", "properties": { "ID": 3551286, "正式名称": "セントラル薬局", "機関区分": 5, "都道府県コード": 35, "市区町村コード": 216, "所在地": "山口県山陽小野田市中央１丁目５番２２号", "緯度": 33.97581, "経度": 131.177411, "url": "https://www.iryou.teikyouseido.mhlw.go.jp/znk-web/juminkanja/S2430/initialize?prefCd=35&kikanCd=1286&kikanKbn=5", "url2": "https://mine-city.org", "内容": "セントラル薬局【5:薬局】山口県山陽小野田市中央１丁目５番２２号" }, "geometry": { "type": "Point", "coordinates": [ 131.177411, 33.97581 ] } },
{ "type": "Feature", "properties": { "ID": 3551288, "正式名称": "たにだ薬局中尾店", "機関区分": 5, "都道府県コード": 35, "市区町村コード": 202, "所在地": "山口県宇部市中尾１－７－１３グリーンハイツ琴崎", "緯度": 33.969179, "経度": 131.267405, "url": "https://www.iryou.teikyouseido.mhlw.go.jp/znk-web/juminkanja/S2430/initialize?prefCd=35&kikanCd=1288&kikanKbn=5", "url2": null, "内容": "たにだ薬局中尾店【5:薬局】山口県宇部市中尾１－７－１３グリーンハイツ琴崎" }, "geometry": { "type": "Point", "coordinates": [ 131.267405, 33.969179 ] } },
{ "type": "Feature", "properties": { "ID": 3551289, "正式名称": "錦町薬局", "機関区分": 5, "都道府県コード": 35, "市区町村コード": 202, "所在地": "山口県宇部市錦町１０－１１", "緯度": 33.94408, "経度": 131.252831, "url": "https://www.iryou.teikyouseido.mhlw.go.jp/znk-web/juminkanja/S2430/initialize?prefCd=35&kikanCd=1289&kikanKbn=5", "url2": null, "内容": "錦町薬局【5:薬局】山口県宇部市錦町１０－１１" }, "geometry": { "type": "Point", "coordinates": [ 131.252831, 33.94408 ] } },
{ "type": "Feature", "properties": { "ID": 3551290, "正式名称": "ウォンツ竜王薬局", "機関区分": 5, "都道府県コード": 35, "市区町村コード": 216, "所在地": "山口県山陽小野田市北竜王町１５－２４", "緯度": 33.969455, "経度": 131.176845, "url": "https://www.iryou.teikyouseido.mhlw.go.jp/znk-web/juminkanja/S2430/initialize?prefCd=35&kikanCd=1290&kikanKbn=5", "url2": "https://shop.tsuruha-g.com/3979", "内容": "ウォンツ竜王薬局【5:薬局】山口県山陽小野田市北竜王町１５－２４" }, "geometry": { "type": "Point", "coordinates": [ 131.176845, 33.969455 ] } },
{ "type": "Feature", "properties": { "ID": 3551291, "正式名称": "ウォンツ防府松崎薬局", "機関区分": 5, "都道府県コード": 35, "市区町村コード": 206, "所在地": "山口県防府市南松崎町４－２６", "緯度": 34.056451, "経度": 131.578497, "url": "https://www.iryou.teikyouseido.mhlw.go.jp/znk-web/juminkanja/S2430/initialize?prefCd=35&kikanCd=1291&kikanKbn=5", "url2": "https://shop.tsuruha-g.com/3945", "内容": "ウォンツ防府松崎薬局【5:薬局】山口県防府市南松崎町４－２６" }, "geometry": { "type": "Point", "coordinates": [ 131.578497, 34.056451 ] } },
{ "type": "Feature", "properties": { "ID": 3551292, "正式名称": "オオタ薬局　嘉川店", "機関区分": 5, "都道府県コード": 35, "市区町村コード": 203, "所在地": "山口県山口市江崎２４７５ー３", "緯度": 34.063671, "経度": 131.36593, "url": "https://www.iryou.teikyouseido.mhlw.go.jp/znk-web/juminkanja/S2430/initialize?prefCd=35&kikanCd=1292&kikanKbn=5", "url2": "http://www.ota.pharmacy.co.jp", "内容": "オオタ薬局　嘉川店【5:薬局】山口県山口市江崎２４７５ー３" }, "geometry": { "type": "Point", "coordinates": [ 131.36593, 34.063671 ] } },
{ "type": "Feature", "properties": { "ID": 3551293, "正式名称": "シブヤ薬局", "機関区分": 5, "都道府県コード": 35, "市区町村コード": 206, "所在地": "山口県防府市八王子２丁目６－１５", "緯度": 34.057785, "経度": 131.564968, "url": "https://www.iryou.teikyouseido.mhlw.go.jp/znk-web/juminkanja/S2430/initialize?prefCd=35&kikanCd=1293&kikanKbn=5", "url2": "https://ishimaru-ph.co.jp/", "内容": "シブヤ薬局【5:薬局】山口県防府市八王子２丁目６－１５" }, "geometry": { "type": "Point", "coordinates": [ 131.564968, 34.057785 ] } },
{ "type": "Feature", "properties": { "ID": 3551294, "正式名称": "マリン薬局上宇部店", "機関区分": 5, "都道府県コード": 35, "市区町村コード": 202, "所在地": "山口県宇部市山門４丁目１－２４", "緯度": 33.964043, "経度": 131.274455, "url": "https://www.iryou.teikyouseido.mhlw.go.jp/znk-web/juminkanja/S2430/initialize?prefCd=35&kikanCd=1294&kikanKbn=5", "url2": null, "内容": "マリン薬局上宇部店【5:薬局】山口県宇部市山門４丁目１－２４" }, "geometry": { "type": "Point", "coordinates": [ 131.274455, 33.964043 ] } },
{ "type": "Feature", "properties": { "ID": 3551295, "正式名称": "いちか薬局", "機関区分": 5, "都道府県コード": 35, "市区町村コード": 203, "所在地": "山口県山口市平井３００番地１（１０２号）", "緯度": 34.157964, "経度": 131.466256, "url": "https://www.iryou.teikyouseido.mhlw.go.jp/znk-web/juminkanja/S2430/initialize?prefCd=35&kikanCd=1295&kikanKbn=5", "url2": null, "内容": "いちか薬局【5:薬局】山口県山口市平井３００番地１（１０２号）" }, "geometry": { "type": "Point", "coordinates": [ 131.466256, 34.157964 ] } },
{ "type": "Feature", "properties": { "ID": 3551296, "正式名称": "かわち薬局", "機関区分": 5, "都道府県コード": 35, "市区町村コード": 321, "所在地": "山口県玖珂郡和木町和木二丁目８番１９号", "緯度": 34.205784, "経度": 132.222485, "url": "https://www.iryou.teikyouseido.mhlw.go.jp/znk-web/juminkanja/S2430/initialize?prefCd=35&kikanCd=1296&kikanKbn=5", "url2": "https://waki-kawachi-pharmacy.jimdosite.com/", "内容": "かわち薬局【5:薬局】山口県玖珂郡和木町和木二丁目８番１９号" }, "geometry": { "type": "Point", "coordinates": [ 132.222485, 34.205784 ] } },
{ "type": "Feature", "properties": { "ID": 3551297, "正式名称": "いちのみや薬局新田店", "機関区分": 5, "都道府県コード": 35, "市区町村コード": 206, "所在地": "山口県防府市新田８１６", "緯度": 34.030121, "経度": 131.563416, "url": "https://www.iryou.teikyouseido.mhlw.go.jp/znk-web/juminkanja/S2430/initialize?prefCd=35&kikanCd=1297&kikanKbn=5", "url2": "http://ichinomiya-pharmacy-group.jp/", "内容": "いちのみや薬局新田店【5:薬局】山口県防府市新田８１６" }, "geometry": { "type": "Point", "coordinates": [ 131.563416, 34.030121 ] } },
{ "type": "Feature", "properties": { "ID": 3551298, "正式名称": "平井薬局", "機関区分": 5, "都道府県コード": 35, "市区町村コード": 203, "所在地": "山口県山口市平井２９８－６", "緯度": 34.157523, "経度": 131.466492, "url": "https://www.iryou.teikyouseido.mhlw.go.jp/znk-web/juminkanja/S2430/initialize?prefCd=35&kikanCd=1298&kikanKbn=5", "url2": "http://www.zaitak.jp", "内容": "平井薬局【5:薬局】山口県山口市平井２９８－６" }, "geometry": { "type": "Point", "coordinates": [ 131.466492, 34.157523 ] } },
{ "type": "Feature", "properties": { "ID": 3551299, "正式名称": "慶万薬局", "機関区分": 5, "都道府県コード": 35, "市区町村コード": 215, "所在地": "山口県周南市慶万町１番１２号", "緯度": 34.049912, "経度": 131.812312, "url": "https://www.iryou.teikyouseido.mhlw.go.jp/znk-web/juminkanja/S2430/initialize?prefCd=35&kikanCd=1299&kikanKbn=5", "url2": "https://yoyogi-neo.com/top/%e6%85%b6%e4%b8%87%e8%96%ac%e5%b1%80/", "内容": "慶万薬局【5:薬局】山口県周南市慶万町１番１２号" }, "geometry": { "type": "Point", "coordinates": [ 131.812312, 34.049912 ] } },
{ "type": "Feature", "properties": { "ID": 3551301, "正式名称": "ふしの薬局", "機関区分": 5, "都道府県コード": 35, "市区町村コード": 203, "所在地": "山口県山口市黒川１０３１－４", "緯度": 34.138577, "経度": 131.450988, "url": "https://www.iryou.teikyouseido.mhlw.go.jp/znk-web/juminkanja/S2430/initialize?prefCd=35&kikanCd=1301&kikanKbn=5", "url2": "https://www.officedrug.com/", "内容": "ふしの薬局【5:薬局】山口県山口市黒川１０３１－４" }, "geometry": { "type": "Point", "coordinates": [ 131.450988, 34.138577 ] } },
{ "type": "Feature", "properties": { "ID": 3551304, "正式名称": "調剤薬局マツモトキヨシ　コープここといずみ店", "機関区分": 5, "都道府県コード": 35, "市区町村コード": 203, "所在地": "山口県山口市泉町９番２号", "緯度": 34.166692, "経度": 131.449583, "url": "https://www.iryou.teikyouseido.mhlw.go.jp/znk-web/juminkanja/S2430/initialize?prefCd=35&kikanCd=1304&kikanKbn=5", "url2": "https://www.matsukiyococokara-online.com/map?kid=21405568", "内容": "調剤薬局マツモトキヨシ　コープここといずみ店【5:薬局】山口県山口市泉町９番２号" }, "geometry": { "type": "Point", "coordinates": [ 131.449583, 34.166692 ] } },
{ "type": "Feature", "properties": { "ID": 3551305, "正式名称": "イオン薬局防府店", "機関区分": 5, "都道府県コード": 35, "市区町村コード": 206, "所在地": "山口県防府市中央町１－３", "緯度": 34.0522, "経度": 131.569678, "url": "https://www.iryou.teikyouseido.mhlw.go.jp/znk-web/juminkanja/S2430/initialize?prefCd=35&kikanCd=1305&kikanKbn=5", "url2": null, "内容": "イオン薬局防府店【5:薬局】山口県防府市中央町１－３" }, "geometry": { "type": "Point", "coordinates": [ 131.569678, 34.0522 ] } },
{ "type": "Feature", "properties": { "ID": 3551307, "正式名称": "あとも薬局", "機関区分": 5, "都道府県コード": 35, "市区町村コード": 203, "所在地": "山口県山口市矢原町７－１８", "緯度": 34.156217, "経度": 131.452405, "url": "https://www.iryou.teikyouseido.mhlw.go.jp/znk-web/juminkanja/S2430/initialize?prefCd=35&kikanCd=1307&kikanKbn=5", "url2": "https://atomo-p.com/", "内容": "あとも薬局【5:薬局】山口県山口市矢原町７－１８" }, "geometry": { "type": "Point", "coordinates": [ 131.452405, 34.156217 ] } },
{ "type": "Feature", "properties": { "ID": 3551308, "正式名称": "オオタ薬局丸尾店", "機関区分": 5, "都道府県コード": 35, "市区町村コード": 202, "所在地": "山口県宇部市東岐波４３２７番地３９", "緯度": 33.966969, "経度": 131.349835, "url": "https://www.iryou.teikyouseido.mhlw.go.jp/znk-web/juminkanja/S2430/initialize?prefCd=35&kikanCd=1308&kikanKbn=5", "url2": "http://www.ota-pharmacy.co.jp", "内容": "オオタ薬局丸尾店【5:薬局】山口県宇部市東岐波４３２７番地３９" }, "geometry": { "type": "Point", "coordinates": [ 131.349835, 33.966969 ] } },
{ "type": "Feature", "properties": { "ID": 3551309, "正式名称": "いちのみや薬局新下関店", "機関区分": 5, "都道府県コード": 35, "市区町村コード": 201, "所在地": "山口県下関市大字石原１２７コスパ新下関クリニックビル１階", "緯度": 34.015963, "経度": 130.949637, "url": "https://www.iryou.teikyouseido.mhlw.go.jp/znk-web/juminkanja/S2430/initialize?prefCd=35&kikanCd=1309&kikanKbn=5", "url2": "http://ichinomiya-pharmacy-group.jp/", "内容": "いちのみや薬局新下関店【5:薬局】山口県下関市大字石原１２７コスパ新下関クリニックビル１階" }, "geometry": { "type": "Point", "coordinates": [ 130.949637, 34.015963 ] } },
{ "type": "Feature", "properties": { "ID": 355131, "正式名称": "天神薬局", "機関区分": 5, "都道府県コード": 35, "市区町村コード": 202, "所在地": "山口県宇部市常盤町一丁目３番３号", "緯度": 33.951845, "経度": 131.248594, "url": "https://www.iryou.teikyouseido.mhlw.go.jp/znk-web/juminkanja/S2430/initialize?prefCd=35&kikanCd=131&kikanKbn=5", "url2": null, "内容": "天神薬局【5:薬局】山口県宇部市常盤町一丁目３番３号" }, "geometry": { "type": "Point", "coordinates": [ 131.248594, 33.951845 ] } },
{ "type": "Feature", "properties": { "ID": 3551310, "正式名称": "たんぽぽ薬局", "機関区分": 5, "都道府県コード": 35, "市区町村コード": 202, "所在地": "山口県宇部市川添一丁目１番１３号", "緯度": 33.973719, "経度": 131.270189, "url": "https://www.iryou.teikyouseido.mhlw.go.jp/znk-web/juminkanja/S2430/initialize?prefCd=35&kikanCd=1310&kikanKbn=5", "url2": "https://www.flowerbros-tms.com/pharmacies/%e3%81%9f%e3%82%93%e3%81%bd%e3%81%bd%e8%96%ac%e5%b1%80", "内容": "たんぽぽ薬局【5:薬局】山口県宇部市川添一丁目１番１３号" }, "geometry": { "type": "Point", "coordinates": [ 131.270189, 33.973719 ] } },
{ "type": "Feature", "properties": { "ID": 3551311, "正式名称": "有限会社ふたば薬局", "機関区分": 5, "都道府県コード": 35, "市区町村コード": 206, "所在地": "山口県防府市岩畠１－２１－１６", "緯度": 34.057782, "経度": 131.595951, "url": "https://www.iryou.teikyouseido.mhlw.go.jp/znk-web/juminkanja/S2430/initialize?prefCd=35&kikanCd=1311&kikanKbn=5", "url2": null, "内容": "有限会社ふたば薬局【5:薬局】山口県防府市岩畠１－２１－１６" }, "geometry": { "type": "Point", "coordinates": [ 131.595951, 34.057782 ] } },
{ "type": "Feature", "properties": { "ID": 3551312, "正式名称": "ワダ薬局", "機関区分": 5, "都道府県コード": 35, "市区町村コード": 211, "所在地": "山口県長門市東深川８１７番地", "緯度": 34.370856, "経度": 131.18262, "url": "https://www.iryou.teikyouseido.mhlw.go.jp/znk-web/juminkanja/S2430/initialize?prefCd=35&kikanCd=1312&kikanKbn=5", "url2": null, "内容": "ワダ薬局【5:薬局】山口県長門市東深川８１７番地" }, "geometry": { "type": "Point", "coordinates": [ 131.18262, 34.370856 ] } },
{ "type": "Feature", "properties": { "ID": 3551314, "正式名称": "ウォンツ宇部沼１丁目薬局", "機関区分": 5, "都道府県コード": 35, "市区町村コード": 202, "所在地": "山口県宇部市沼１丁目８－３９", "緯度": 33.961918, "経度": 131.26311, "url": "https://www.iryou.teikyouseido.mhlw.go.jp/znk-web/juminkanja/S2430/initialize?prefCd=35&kikanCd=1314&kikanKbn=5", "url2": "https://www.wants.co.jp/", "内容": "ウォンツ宇部沼１丁目薬局【5:薬局】山口県宇部市沼１丁目８－３９" }, "geometry": { "type": "Point", "coordinates": [ 131.26311, 33.961918 ] } },
{ "type": "Feature", "properties": { "ID": 3551315, "正式名称": "オオタ薬局　湯田店", "機関区分": 5, "都道府県コード": 35, "市区町村コード": 203, "所在地": "山口県山口市泉都町１番３０号", "緯度": 34.167982, "経度": 131.463225, "url": "https://www.iryou.teikyouseido.mhlw.go.jp/znk-web/juminkanja/S2430/initialize?prefCd=35&kikanCd=1315&kikanKbn=5", "url2": "https://www.ota-pharmacy.co.jp/about/", "内容": "オオタ薬局　湯田店【5:薬局】山口県山口市泉都町１番３０号" }, "geometry": { "type": "Point", "coordinates": [ 131.463225, 34.167982 ] } },
{ "type": "Feature", "properties": { "ID": 3551316, "正式名称": "いぶき薬局", "機関区分": 5, "都道府県コード": 35, "市区町村コード": 203, "所在地": "山口県山口市宮野下９３４番地１０", "緯度": 34.194152, "経度": 131.506063, "url": "https://www.iryou.teikyouseido.mhlw.go.jp/znk-web/juminkanja/S2430/initialize?prefCd=35&kikanCd=1316&kikanKbn=5", "url2": "https://mine-city.org/", "内容": "いぶき薬局【5:薬局】山口県山口市宮野下９３４番地１０" }, "geometry": { "type": "Point", "coordinates": [ 131.506063, 34.194152 ] } },
{ "type": "Feature", "properties": { "ID": 3551317, "正式名称": "代々木商事株式会社くすのき薬局", "機関区分": 5, "都道府県コード": 35, "市区町村コード": 215, "所在地": "山口県周南市楠木一丁目９－２６", "緯度": 34.056596, "経度": 131.82186, "url": "https://www.iryou.teikyouseido.mhlw.go.jp/znk-web/juminkanja/S2430/initialize?prefCd=35&kikanCd=1317&kikanKbn=5", "url2": "https://yoyogi-neo.com", "内容": "代々木商事株式会社くすのき薬局【5:薬局】山口県周南市楠木一丁目９－２６" }, "geometry": { "type": "Point", "coordinates": [ 131.82186, 34.056596 ] } },
{ "type": "Feature", "properties": { "ID": 3551319, "正式名称": "レモン薬局", "機関区分": 5, "都道府県コード": 35, "市区町村コード": 215, "所在地": "山口県周南市弥生町２－８", "緯度": 34.056706, "経度": 131.806819, "url": "https://www.iryou.teikyouseido.mhlw.go.jp/znk-web/juminkanja/S2430/initialize?prefCd=35&kikanCd=1319&kikanKbn=5", "url2": null, "内容": "レモン薬局【5:薬局】山口県周南市弥生町２－８" }, "geometry": { "type": "Point", "coordinates": [ 131.806819, 34.056706 ] } },
{ "type": "Feature", "properties": { "ID": 3551320, "正式名称": "いちのみや薬局山口店", "機関区分": 5, "都道府県コード": 35, "市区町村コード": 203, "所在地": "山口県山口市大内千坊４－１４－１２", "緯度": 34.152929, "経度": 131.490592, "url": "https://www.iryou.teikyouseido.mhlw.go.jp/znk-web/juminkanja/S2430/initialize?prefCd=35&kikanCd=1320&kikanKbn=5", "url2": "https://ichinomiya-pharmacy-group.jp/", "内容": "いちのみや薬局山口店【5:薬局】山口県山口市大内千坊４－１４－１２" }, "geometry": { "type": "Point", "coordinates": [ 131.490592, 34.152929 ] } },
{ "type": "Feature", "properties": { "ID": 3551321, "正式名称": "あじさい薬局　やすらガーデン前店", "機関区分": 5, "都道府県コード": 35, "市区町村コード": 201, "所在地": "山口県下関市富任町５丁目３番３７号", "緯度": 34.024514, "経度": 130.924726, "url": "https://www.iryou.teikyouseido.mhlw.go.jp/znk-web/juminkanja/S2430/initialize?prefCd=35&kikanCd=1321&kikanKbn=5", "url2": null, "内容": "あじさい薬局　やすらガーデン前店【5:薬局】山口県下関市富任町５丁目３番３７号" }, "geometry": { "type": "Point", "coordinates": [ 130.924726, 34.024514 ] } },
{ "type": "Feature", "properties": { "ID": 3551322, "正式名称": "（株）Ｒｉｔａ－Ｈｅａｒｔ　まちかど薬局", "機関区分": 5, "都道府県コード": 35, "市区町村コード": 201, "所在地": "山口県下関市新垢田南町１丁目１４ー１０", "緯度": 33.987829, "経度": 130.917985, "url": "https://www.iryou.teikyouseido.mhlw.go.jp/znk-web/juminkanja/S2430/initialize?prefCd=35&kikanCd=1322&kikanKbn=5", "url2": null, "内容": "（株）Ｒｉｔａ－Ｈｅａｒｔ　まちかど薬局【5:薬局】山口県下関市新垢田南町１丁目１４ー１０" }, "geometry": { "type": "Point", "coordinates": [ 130.917985, 33.987829 ] } },
{ "type": "Feature", "properties": { "ID": 3551323, "正式名称": "ハナミズキ薬局唐戸店", "機関区分": 5, "都道府県コード": 35, "市区町村コード": 201, "所在地": "山口県下関市幸町６－２７", "緯度": 33.961927, "経度": 130.942891, "url": "https://www.iryou.teikyouseido.mhlw.go.jp/znk-web/juminkanja/S2430/initialize?prefCd=35&kikanCd=1323&kikanKbn=5", "url2": "https://www.kusurinomadoguchi.com/yamaguchi/s1000131337/photo", "内容": "ハナミズキ薬局唐戸店【5:薬局】山口県下関市幸町６－２７" }, "geometry": { "type": "Point", "coordinates": [ 130.942891, 33.961927 ] } },
{ "type": "Feature", "properties": { "ID": 3551329, "正式名称": "しゅうなん薬局", "機関区分": 5, "都道府県コード": 35, "市区町村コード": 215, "所在地": "山口県周南市徳山４１１０番１", "緯度": 34.056115, "経度": 131.813281, "url": "https://www.iryou.teikyouseido.mhlw.go.jp/znk-web/juminkanja/S2430/initialize?prefCd=35&kikanCd=1329&kikanKbn=5", "url2": "https://mine-city.org", "内容": "しゅうなん薬局【5:薬局】山口県周南市徳山４１１０番１" }, "geometry": { "type": "Point", "coordinates": [ 131.813281, 34.056115 ] } },
{ "type": "Feature", "properties": { "ID": 355133, "正式名称": "ナカモト薬局", "機関区分": 5, "都道府県コード": 35, "市区町村コード": 204, "所在地": "山口県萩市江崎", "緯度": 34.639796, "経度": 131.652487, "url": "https://www.iryou.teikyouseido.mhlw.go.jp/znk-web/juminkanja/S2430/initialize?prefCd=35&kikanCd=133&kikanKbn=5", "url2": null, "内容": "ナカモト薬局【5:薬局】山口県萩市江崎" }, "geometry": { "type": "Point", "coordinates": [ 131.652487, 34.639796 ] } },
{ "type": "Feature", "properties": { "ID": 3551331, "正式名称": "琴音薬局", "機関区分": 5, "都道府県コード": 35, "市区町村コード": 202, "所在地": "山口県宇部市琴芝町一丁目４番１０号", "緯度": 33.954077, "経度": 131.251235, "url": "https://www.iryou.teikyouseido.mhlw.go.jp/znk-web/juminkanja/S2430/initialize?prefCd=35&kikanCd=1331&kikanKbn=5", "url2": null, "内容": "琴音薬局【5:薬局】山口県宇部市琴芝町一丁目４番１０号" }, "geometry": { "type": "Point", "coordinates": [ 131.251235, 33.954077 ] } },
{ "type": "Feature", "properties": { "ID": 355140, "正式名称": "有限会社琴芝薬局", "機関区分": 5, "都道府県コード": 35, "市区町村コード": 202, "所在地": "山口県宇部市琴芝町１丁目２番５０号", "緯度": 33.955049, "経度": 131.250948, "url": "https://www.iryou.teikyouseido.mhlw.go.jp/znk-web/juminkanja/S2430/initialize?prefCd=35&kikanCd=140&kikanKbn=5", "url2": null, "内容": "有限会社琴芝薬局【5:薬局】山口県宇部市琴芝町１丁目２番５０号" }, "geometry": { "type": "Point", "coordinates": [ 131.250948, 33.955049 ] } },
{ "type": "Feature", "properties": { "ID": 355141, "正式名称": "有限会社山一薬局", "機関区分": 5, "都道府県コード": 35, "市区町村コード": 203, "所在地": "山口県山口市道場門前１－２－２９", "緯度": 34.176744, "経度": 131.476142, "url": "https://www.iryou.teikyouseido.mhlw.go.jp/znk-web/juminkanja/S2430/initialize?prefCd=35&kikanCd=141&kikanKbn=5", "url2": null, "内容": "有限会社山一薬局【5:薬局】山口県山口市道場門前１－２－２９" }, "geometry": { "type": "Point", "coordinates": [ 131.476142, 34.176744 ] } },
{ "type": "Feature", "properties": { "ID": 355144, "正式名称": "有限会社つばさ薬局", "機関区分": 5, "都道府県コード": 35, "市区町村コード": 208, "所在地": "山口県岩国市中津町２丁目１４ー２", "緯度": 34.155925, "経度": 132.217348, "url": "https://www.iryou.teikyouseido.mhlw.go.jp/znk-web/juminkanja/S2430/initialize?prefCd=35&kikanCd=144&kikanKbn=5", "url2": null, "内容": "有限会社つばさ薬局【5:薬局】山口県岩国市中津町２丁目１４ー２" }, "geometry": { "type": "Point", "coordinates": [ 132.217348, 34.155925 ] } },
{ "type": "Feature", "properties": { "ID": 355145, "正式名称": "代々木薬局", "機関区分": 5, "都道府県コード": 35, "市区町村コード": 215, "所在地": "山口県周南市栄町１丁目５－１", "緯度": 34.011642, "経度": 131.867639, "url": "https://www.iryou.teikyouseido.mhlw.go.jp/znk-web/juminkanja/S2430/initialize?prefCd=35&kikanCd=145&kikanKbn=5", "url2": "https://yoyogi-neo.com/", "内容": "代々木薬局【5:薬局】山口県周南市栄町１丁目５－１" }, "geometry": { "type": "Point", "coordinates": [ 131.867639, 34.011642 ] } },
{ "type": "Feature", "properties": { "ID": 355149, "正式名称": "有限会社コトブキ薬局", "機関区分": 5, "都道府県コード": 35, "市区町村コード": 201, "所在地": "山口県下関市竹崎町３－５－２５", "緯度": 33.952345, "経度": 130.922245, "url": "https://www.iryou.teikyouseido.mhlw.go.jp/znk-web/juminkanja/S2430/initialize?prefCd=35&kikanCd=149&kikanKbn=5", "url2": "http://kotobukiph.com", "内容": "有限会社コトブキ薬局【5:薬局】山口県下関市竹崎町３－５－２５" }, "geometry": { "type": "Point", "coordinates": [ 130.922245, 33.952345 ] } },
{ "type": "Feature", "properties": { "ID": 355150, "正式名称": "オオタ薬局", "機関区分": 5, "都道府県コード": 35, "市区町村コード": 203, "所在地": "山口県山口市小郡新町４丁目２番１７号", "緯度": 34.114458, "経度": 131.399939, "url": "https://www.iryou.teikyouseido.mhlw.go.jp/znk-web/juminkanja/S2430/initialize?prefCd=35&kikanCd=150&kikanKbn=5", "url2": "http://www.ota-pharmacy.co.jp/html/", "内容": "オオタ薬局【5:薬局】山口県山口市小郡新町４丁目２番１７号" }, "geometry": { "type": "Point", "coordinates": [ 131.399939, 34.114458 ] } },
{ "type": "Feature", "properties": { "ID": 355155, "正式名称": "有限会社イタモチ薬局", "機関区分": 5, "都道府県コード": 35, "市区町村コード": 211, "所在地": "山口県長門市西深川４３１６番地の３", "緯度": 34.352547, "経度": 131.175172, "url": "https://www.iryou.teikyouseido.mhlw.go.jp/znk-web/juminkanja/S2430/initialize?prefCd=35&kikanCd=155&kikanKbn=5", "url2": null, "内容": "有限会社イタモチ薬局【5:薬局】山口県長門市西深川４３１６番地の３" }, "geometry": { "type": "Point", "coordinates": [ 131.175172, 34.352547 ] } },
{ "type": "Feature", "properties": { "ID": 355157, "正式名称": "青海薬局", "機関区分": 5, "都道府県コード": 35, "市区町村コード": 211, "所在地": "山口県長門市東深川２００５番地", "緯度": 34.366503, "経度": 131.179378, "url": "https://www.iryou.teikyouseido.mhlw.go.jp/znk-web/juminkanja/S2430/initialize?prefCd=35&kikanCd=157&kikanKbn=5", "url2": null, "内容": "青海薬局【5:薬局】山口県長門市東深川２００５番地" }, "geometry": { "type": "Point", "coordinates": [ 131.179378, 34.366503 ] } },
{ "type": "Feature", "properties": { "ID": 355159, "正式名称": "有限会社江の浦薬局", "機関区分": 5, "都道府県コード": 35, "市区町村コード": 201, "所在地": "山口県下関市彦島江の浦町１丁目５番２号", "緯度": 33.936454, "経度": 130.912072, "url": "https://www.iryou.teikyouseido.mhlw.go.jp/znk-web/juminkanja/S2430/initialize?prefCd=35&kikanCd=159&kikanKbn=5", "url2": "https://www.enoura.jp", "内容": "有限会社江の浦薬局【5:薬局】山口県下関市彦島江の浦町１丁目５番２号" }, "geometry": { "type": "Point", "coordinates": [ 130.912072, 33.936454 ] } },
{ "type": "Feature", "properties": { "ID": 355160, "正式名称": "南岩国薬局", "機関区分": 5, "都道府県コード": 35, "市区町村コード": 208, "所在地": "山口県岩国市南岩国町１丁目３０番１６号", "緯度": 34.136145, "経度": 132.200569, "url": "https://www.iryou.teikyouseido.mhlw.go.jp/znk-web/juminkanja/S2430/initialize?prefCd=35&kikanCd=160&kikanKbn=5", "url2": "http://yakumeikan.com", "内容": "南岩国薬局【5:薬局】山口県岩国市南岩国町１丁目３０番１６号" }, "geometry": { "type": "Point", "coordinates": [ 132.200569, 34.136145 ] } },
{ "type": "Feature", "properties": { "ID": 355165, "正式名称": "亀屋薬局", "機関区分": 5, "都道府県コード": 35, "市区町村コード": 215, "所在地": "山口県周南市新町２丁目１５番地", "緯度": 34.051917, "経度": 131.805792, "url": "https://www.iryou.teikyouseido.mhlw.go.jp/znk-web/juminkanja/S2430/initialize?prefCd=35&kikanCd=165&kikanKbn=5", "url2": null, "内容": "亀屋薬局【5:薬局】山口県周南市新町２丁目１５番地" }, "geometry": { "type": "Point", "coordinates": [ 131.805792, 34.051917 ] } },
{ "type": "Feature", "properties": { "ID": 355167, "正式名称": "平成薬局", "機関区分": 5, "都道府県コード": 35, "市区町村コード": 202, "所在地": "山口県宇部市昭和町４丁目４番１４号", "緯度": 33.934611, "経度": 131.258319, "url": "https://www.iryou.teikyouseido.mhlw.go.jp/znk-web/juminkanja/S2430/initialize?prefCd=35&kikanCd=167&kikanKbn=5", "url2": null, "内容": "平成薬局【5:薬局】山口県宇部市昭和町４丁目４番１４号" }, "geometry": { "type": "Point", "coordinates": [ 131.258319, 33.934611 ] } },
{ "type": "Feature", "properties": { "ID": 355170, "正式名称": "トマト薬局", "機関区分": 5, "都道府県コード": 35, "市区町村コード": 215, "所在地": "山口県周南市大内町１０－１０", "緯度": 34.047331, "経度": 131.825133, "url": "https://www.iryou.teikyouseido.mhlw.go.jp/znk-web/juminkanja/S2430/initialize?prefCd=35&kikanCd=170&kikanKbn=5", "url2": null, "内容": "トマト薬局【5:薬局】山口県周南市大内町１０－１０" }, "geometry": { "type": "Point", "coordinates": [ 131.825133, 34.047331 ] } },
{ "type": "Feature", "properties": { "ID": 355171, "正式名称": "みね薬局", "機関区分": 5, "都道府県コード": 35, "市区町村コード": 213, "所在地": "山口県美祢市大嶺町東分３３６８－１", "緯度": 34.170873, "経度": 131.204915, "url": "https://www.iryou.teikyouseido.mhlw.go.jp/znk-web/juminkanja/S2430/initialize?prefCd=35&kikanCd=171&kikanKbn=5", "url2": "https://www.ssmedical-group.com/", "内容": "みね薬局【5:薬局】山口県美祢市大嶺町東分３３６８－１" }, "geometry": { "type": "Point", "coordinates": [ 131.204915, 34.170873 ] } },
{ "type": "Feature", "properties": { "ID": 355172, "正式名称": "亀屋製薬合資会社　亀屋薬局", "機関区分": 5, "都道府県コード": 35, "市区町村コード": 201, "所在地": "山口県下関市唐戸町１−１９", "緯度": 33.958149, "経度": 130.943087, "url": "https://www.iryou.teikyouseido.mhlw.go.jp/znk-web/juminkanja/S2430/initialize?prefCd=35&kikanCd=172&kikanKbn=5", "url2": null, "内容": "亀屋製薬合資会社　亀屋薬局【5:薬局】山口県下関市唐戸町１−１９" }, "geometry": { "type": "Point", "coordinates": [ 130.943087, 33.958149 ] } },
{ "type": "Feature", "properties": { "ID": 355173, "正式名称": "エビス薬局", "機関区分": 5, "都道府県コード": 35, "市区町村コード": 202, "所在地": "山口県宇部市島３丁目１０－２３", "緯度": 33.963381, "経度": 131.242678, "url": "https://www.iryou.teikyouseido.mhlw.go.jp/znk-web/juminkanja/S2430/initialize?prefCd=35&kikanCd=173&kikanKbn=5", "url2": null, "内容": "エビス薬局【5:薬局】山口県宇部市島３丁目１０－２３" }, "geometry": { "type": "Point", "coordinates": [ 131.242678, 33.963381 ] } },
{ "type": "Feature", "properties": { "ID": 355174, "正式名称": "有限会社ドレミ薬局", "機関区分": 5, "都道府県コード": 35, "市区町村コード": 202, "所在地": "山口県宇部市恩田町二丁目２３番２０号", "緯度": 33.943353, "経度": 131.265558, "url": "https://www.iryou.teikyouseido.mhlw.go.jp/znk-web/juminkanja/S2430/initialize?prefCd=35&kikanCd=174&kikanKbn=5", "url2": null, "内容": "有限会社ドレミ薬局【5:薬局】山口県宇部市恩田町二丁目２３番２０号" }, "geometry": { "type": "Point", "coordinates": [ 131.265558, 33.943353 ] } },
{ "type": "Feature", "properties": { "ID": 355175, "正式名称": "新生薬局", "機関区分": 5, "都道府県コード": 35, "市区町村コード": 216, "所在地": "山口県山陽小野田市東高泊２０５５－１", "緯度": 34.002031, "経度": 131.183187, "url": "https://www.iryou.teikyouseido.mhlw.go.jp/znk-web/juminkanja/S2430/initialize?prefCd=35&kikanCd=175&kikanKbn=5", "url2": "http://www.flowerbros-tms.com/", "内容": "新生薬局【5:薬局】山口県山陽小野田市東高泊２０５５－１" }, "geometry": { "type": "Point", "coordinates": [ 131.183187, 34.002031 ] } },
{ "type": "Feature", "properties": { "ID": 355176, "正式名称": "元町薬局", "機関区分": 5, "都道府県コード": 35, "市区町村コード": 208, "所在地": "山口県岩国市元町２丁目１－１７", "緯度": 34.171386, "経度": 132.227707, "url": "https://www.iryou.teikyouseido.mhlw.go.jp/znk-web/juminkanja/S2430/initialize?prefCd=35&kikanCd=176&kikanKbn=5", "url2": "http://yuushin.cc/shop/motomachi/", "内容": "元町薬局【5:薬局】山口県岩国市元町２丁目１－１７" }, "geometry": { "type": "Point", "coordinates": [ 132.227707, 34.171386 ] } },
{ "type": "Feature", "properties": { "ID": 355177, "正式名称": "緑町薬局", "機関区分": 5, "都道府県コード": 35, "市区町村コード": 215, "所在地": "山口県周南市緑町三丁目３８番地", "緯度": 34.060352, "経度": 131.80415, "url": "https://www.iryou.teikyouseido.mhlw.go.jp/znk-web/juminkanja/S2430/initialize?prefCd=35&kikanCd=177&kikanKbn=5", "url2": "http://www.okazakiyakuhin.com/", "内容": "緑町薬局【5:薬局】山口県周南市緑町三丁目３８番地" }, "geometry": { "type": "Point", "coordinates": [ 131.80415, 34.060352 ] } },
{ "type": "Feature", "properties": { "ID": 35518, "正式名称": "有限会社遠藤中央薬局", "機関区分": 5, "都道府県コード": 35, "市区町村コード": 203, "所在地": "山口県山口市道場門前１丁目３番１０号", "緯度": 34.176333, "経度": 131.47668, "url": "https://www.iryou.teikyouseido.mhlw.go.jp/znk-web/juminkanja/S2430/initialize?prefCd=35&kikanCd=18&kikanKbn=5", "url2": "https://endo-chuo-pharmacy.com/", "内容": "有限会社遠藤中央薬局【5:薬局】山口県山口市道場門前１丁目３番１０号" }, "geometry": { "type": "Point", "coordinates": [ 131.47668, 34.176333 ] } },
{ "type": "Feature", "properties": { "ID": 355184, "正式名称": "あたご薬局", "機関区分": 5, "都道府県コード": 35, "市区町村コード": 208, "所在地": "山口県岩国市門前町２ー３６ー７", "緯度": 34.146221, "経度": 132.211875, "url": "https://www.iryou.teikyouseido.mhlw.go.jp/znk-web/juminkanja/S2430/initialize?prefCd=35&kikanCd=184&kikanKbn=5", "url2": null, "内容": "あたご薬局【5:薬局】山口県岩国市門前町２ー３６ー７" }, "geometry": { "type": "Point", "coordinates": [ 132.211875, 34.146221 ] } },
{ "type": "Feature", "properties": { "ID": 355186, "正式名称": "ミユキ薬局", "機関区分": 5, "都道府県コード": 35, "市区町村コード": 215, "所在地": "山口県周南市桜木３丁目９番３号", "緯度": 34.039286, "経度": 131.838022, "url": "https://www.iryou.teikyouseido.mhlw.go.jp/znk-web/juminkanja/S2430/initialize?prefCd=35&kikanCd=186&kikanKbn=5", "url2": null, "内容": "ミユキ薬局【5:薬局】山口県周南市桜木３丁目９番３号" }, "geometry": { "type": "Point", "coordinates": [ 131.838022, 34.039286 ] } },
{ "type": "Feature", "properties": { "ID": 355187, "正式名称": "さくらぎ薬局", "機関区分": 5, "都道府県コード": 35, "市区町村コード": 204, "所在地": "山口県萩市土原３５７－１", "緯度": 34.413997, "経度": 131.406575, "url": "https://www.iryou.teikyouseido.mhlw.go.jp/znk-web/juminkanja/S2430/initialize?prefCd=35&kikanCd=187&kikanKbn=5", "url2": null, "内容": "さくらぎ薬局【5:薬局】山口県萩市土原３５７－１" }, "geometry": { "type": "Point", "coordinates": [ 131.406575, 34.413997 ] } },
{ "type": "Feature", "properties": { "ID": 35519, "正式名称": "浜安薬局", "機関区分": 5, "都道府県コード": 35, "市区町村コード": 208, "所在地": "山口県岩国市昭和町１丁目１９番の７号", "緯度": 34.173443, "経度": 132.231137, "url": "https://www.iryou.teikyouseido.mhlw.go.jp/znk-web/juminkanja/S2430/initialize?prefCd=35&kikanCd=19&kikanKbn=5", "url2": null, "内容": "浜安薬局【5:薬局】山口県岩国市昭和町１丁目１９番の７号" }, "geometry": { "type": "Point", "coordinates": [ 132.231137, 34.173443 ] } },
{ "type": "Feature", "properties": { "ID": 355191, "正式名称": "秋本薬局綾羅木店", "機関区分": 5, "都道府県コード": 35, "市区町村コード": 201, "所在地": "山口県下関市綾羅木本町４丁目８番２８号", "緯度": 34.004645, "経度": 130.923667, "url": "https://www.iryou.teikyouseido.mhlw.go.jp/znk-web/juminkanja/S2430/initialize?prefCd=35&kikanCd=191&kikanKbn=5", "url2": "http://akimoto-yakkyoku.jp/", "内容": "秋本薬局綾羅木店【5:薬局】山口県下関市綾羅木本町４丁目８番２８号" }, "geometry": { "type": "Point", "coordinates": [ 130.923667, 34.004645 ] } },
{ "type": "Feature", "properties": { "ID": 355194, "正式名称": "ファーマシーイシマル　東陽店", "機関区分": 5, "都道府県コード": 35, "市区町村コード": 207, "所在地": "山口県下松市東陽４丁目２１－５", "緯度": 34.033758, "経度": 131.912081, "url": "https://www.iryou.teikyouseido.mhlw.go.jp/znk-web/juminkanja/S2430/initialize?prefCd=35&kikanCd=194&kikanKbn=5", "url2": "https://ishimaru-ph.co.jp/", "内容": "ファーマシーイシマル　東陽店【5:薬局】山口県下松市東陽４丁目２１－５" }, "geometry": { "type": "Point", "coordinates": [ 131.912081, 34.033758 ] } },
{ "type": "Feature", "properties": { "ID": 355196, "正式名称": "はるみ薬局", "機関区分": 5, "都道府県コード": 35, "市区町村コード": 201, "所在地": "山口県下関市上新地町", "緯度": 33.957884, "経度": 130.921483, "url": "https://www.iryou.teikyouseido.mhlw.go.jp/znk-web/juminkanja/S2430/initialize?prefCd=35&kikanCd=196&kikanKbn=5", "url2": null, "内容": "はるみ薬局【5:薬局】山口県下関市上新地町" }, "geometry": { "type": "Point", "coordinates": [ 130.921483, 33.957884 ] } },
{ "type": "Feature", "properties": { "ID": 355202, "正式名称": "秋本調剤薬局　唐戸店", "機関区分": 5, "都道府県コード": 35, "市区町村コード": 201, "所在地": "山口県下関市赤間町９－７", "緯度": 33.958865, "経度": 130.945346, "url": "https://www.iryou.teikyouseido.mhlw.go.jp/znk-web/juminkanja/S2430/initialize?prefCd=35&kikanCd=202&kikanKbn=5", "url2": "http://akimoto-yakkyoku.jp/", "内容": "秋本調剤薬局　唐戸店【5:薬局】山口県下関市赤間町９－７" }, "geometry": { "type": "Point", "coordinates": [ 130.945346, 33.958865 ] } },
{ "type": "Feature", "properties": { "ID": 355206, "正式名称": "ファイン薬局", "機関区分": 5, "都道府県コード": 35, "市区町村コード": 203, "所在地": "山口県山口市湯田温泉１丁目５番２６号", "緯度": 34.164331, "経度": 131.460194, "url": "https://www.iryou.teikyouseido.mhlw.go.jp/znk-web/juminkanja/S2430/initialize?prefCd=35&kikanCd=206&kikanKbn=5", "url2": "https://fain0124.com/", "内容": "ファイン薬局【5:薬局】山口県山口市湯田温泉１丁目５番２６号" }, "geometry": { "type": "Point", "coordinates": [ 131.460194, 34.164331 ] } },
{ "type": "Feature", "properties": { "ID": 355207, "正式名称": "立石薬局", "機関区分": 5, "都道府県コード": 35, "市区町村コード": 208, "所在地": "山口県岩国市立石町１丁目３番１６号", "緯度": 34.177918, "経度": 132.229238, "url": "https://www.iryou.teikyouseido.mhlw.go.jp/znk-web/juminkanja/S2430/initialize?prefCd=35&kikanCd=207&kikanKbn=5", "url2": null, "内容": "立石薬局【5:薬局】山口県岩国市立石町１丁目３番１６号" }, "geometry": { "type": "Point", "coordinates": [ 132.229238, 34.177918 ] } },
{ "type": "Feature", "properties": { "ID": 355209, "正式名称": "ホーム薬局", "機関区分": 5, "都道府県コード": 35, "市区町村コード": 215, "所在地": "山口県周南市新地町４番２号", "緯度": 34.071469, "経度": 131.734137, "url": "https://www.iryou.teikyouseido.mhlw.go.jp/znk-web/juminkanja/S2430/initialize?prefCd=35&kikanCd=209&kikanKbn=5", "url2": "https://www.top-home-sakurada.com", "内容": "ホーム薬局【5:薬局】山口県周南市新地町４番２号" }, "geometry": { "type": "Point", "coordinates": [ 131.734137, 34.071469 ] } },
{ "type": "Feature", "properties": { "ID": 355210, "正式名称": "たなか薬局", "機関区分": 5, "都道府県コード": 35, "市区町村コード": 202, "所在地": "山口県宇部市黒石北４ー４ー４１", "緯度": 33.983517, "経度": 131.20749, "url": "https://www.iryou.teikyouseido.mhlw.go.jp/znk-web/juminkanja/S2430/initialize?prefCd=35&kikanCd=210&kikanKbn=5", "url2": null, "内容": "たなか薬局【5:薬局】山口県宇部市黒石北４ー４ー４１" }, "geometry": { "type": "Point", "coordinates": [ 131.20749, 33.983517 ] } },
{ "type": "Feature", "properties": { "ID": 355218, "正式名称": "熊野薬局", "機関区分": 5, "都道府県コード": 35, "市区町村コード": 201, "所在地": "山口県下関市熊野町２丁目１４－２２", "緯度": 33.992667, "経度": 130.942244, "url": "https://www.iryou.teikyouseido.mhlw.go.jp/znk-web/juminkanja/S2430/initialize?prefCd=35&kikanCd=218&kikanKbn=5", "url2": null, "内容": "熊野薬局【5:薬局】山口県下関市熊野町２丁目１４－２２" }, "geometry": { "type": "Point", "coordinates": [ 130.942244, 33.992667 ] } },
{ "type": "Feature", "properties": { "ID": 355225, "正式名称": "有限会社三愛薬局", "機関区分": 5, "都道府県コード": 35, "市区町村コード": 203, "所在地": "山口県山口市鋳銭司５９６６‐８", "緯度": 34.083678, "経度": 131.444389, "url": "https://www.iryou.teikyouseido.mhlw.go.jp/znk-web/juminkanja/S2430/initialize?prefCd=35&kikanCd=225&kikanKbn=5", "url2": null, "内容": "有限会社三愛薬局【5:薬局】山口県山口市鋳銭司５９６６‐８" }, "geometry": { "type": "Point", "coordinates": [ 131.444389, 34.083678 ] } },
{ "type": "Feature", "properties": { "ID": 355229, "正式名称": "くれない薬局", "機関区分": 5, "都道府県コード": 35, "市区町村コード": 201, "所在地": "山口県下関市武久町２丁目５５番５号", "緯度": 33.981805, "経度": 130.917913, "url": "https://www.iryou.teikyouseido.mhlw.go.jp/znk-web/juminkanja/S2430/initialize?prefCd=35&kikanCd=229&kikanKbn=5", "url2": null, "内容": "くれない薬局【5:薬局】山口県下関市武久町２丁目５５番５号" }, "geometry": { "type": "Point", "coordinates": [ 130.917913, 33.981805 ] } },
{ "type": "Feature", "properties": { "ID": 355230, "正式名称": "しおかわ薬局", "機関区分": 5, "都道府県コード": 35, "市区町村コード": 207, "所在地": "山口県下松市栄町３丁目３番９号", "緯度": 34.012198, "経度": 131.86932, "url": "https://www.iryou.teikyouseido.mhlw.go.jp/znk-web/juminkanja/S2430/initialize?prefCd=35&kikanCd=230&kikanKbn=5", "url2": null, "内容": "しおかわ薬局【5:薬局】山口県下松市栄町３丁目３番９号" }, "geometry": { "type": "Point", "coordinates": [ 131.86932, 34.012198 ] } },
{ "type": "Feature", "properties": { "ID": 355234, "正式名称": "さくら薬局", "機関区分": 5, "都道府県コード": 35, "市区町村コード": 201, "所在地": "山口県下関市上田中町", "緯度": 33.96182, "経度": 130.94165, "url": "https://www.iryou.teikyouseido.mhlw.go.jp/znk-web/juminkanja/S2430/initialize?prefCd=35&kikanCd=234&kikanKbn=5", "url2": null, "内容": "さくら薬局【5:薬局】山口県下関市上田中町" }, "geometry": { "type": "Point", "coordinates": [ 130.94165, 33.96182 ] } },
{ "type": "Feature", "properties": { "ID": 355235, "正式名称": "有限会社健成薬局", "機関区分": 5, "都道府県コード": 35, "市区町村コード": 208, "所在地": "山口県岩国市岩国１丁目２０－５０", "緯度": 34.167084, "経度": 132.180563, "url": "https://www.iryou.teikyouseido.mhlw.go.jp/znk-web/juminkanja/S2430/initialize?prefCd=35&kikanCd=235&kikanKbn=5", "url2": "https://kensei-pharmacy.com/", "内容": "有限会社健成薬局【5:薬局】山口県岩国市岩国１丁目２０－５０" }, "geometry": { "type": "Point", "coordinates": [ 132.180563, 34.167084 ] } },
{ "type": "Feature", "properties": { "ID": 355236, "正式名称": "フタミ薬局　下松店", "機関区分": 5, "都道府県コード": 35, "市区町村コード": 207, "所在地": "山口県下松市生野屋西１丁目５番２５号", "緯度": 34.035611, "経度": 131.883806, "url": "https://www.iryou.teikyouseido.mhlw.go.jp/znk-web/juminkanja/S2430/initialize?prefCd=35&kikanCd=236&kikanKbn=5", "url2": null, "内容": "フタミ薬局　下松店【5:薬局】山口県下松市生野屋西１丁目５番２５号" }, "geometry": { "type": "Point", "coordinates": [ 131.883806, 34.035611 ] } },
{ "type": "Feature", "properties": { "ID": 355237, "正式名称": "千代町薬局", "機関区分": 5, "都道府県コード": 35, "市区町村コード": 216, "所在地": "山口県山陽小野田市稲荷町１１ー１９", "緯度": 33.98352, "経度": 131.177971, "url": "https://www.iryou.teikyouseido.mhlw.go.jp/znk-web/juminkanja/S2430/initialize?prefCd=35&kikanCd=237&kikanKbn=5", "url2": null, "内容": "千代町薬局【5:薬局】山口県山陽小野田市稲荷町１１ー１９" }, "geometry": { "type": "Point", "coordinates": [ 131.177971, 33.98352 ] } },
{ "type": "Feature", "properties": { "ID": 355238, "正式名称": "さくら薬局　長府店", "機関区分": 5, "都道府県コード": 35, "市区町村コード": 201, "所在地": "山口県下関市長府南之町３－３２", "緯度": 33.997639, "経度": 130.989881, "url": "https://www.iryou.teikyouseido.mhlw.go.jp/znk-web/juminkanja/S2430/initialize?prefCd=35&kikanCd=238&kikanKbn=5", "url2": "http://www.tms-inc.co.jp", "内容": "さくら薬局　長府店【5:薬局】山口県下関市長府南之町３－３２" }, "geometry": { "type": "Point", "coordinates": [ 130.989881, 33.997639 ] } },
{ "type": "Feature", "properties": { "ID": 355239, "正式名称": "珠の浦薬局", "機関区分": 5, "都道府県コード": 35, "市区町村コード": 201, "所在地": "山口県下関市長府珠の浦町１番１４号", "緯度": 34.007371, "経度": 130.980346, "url": "https://www.iryou.teikyouseido.mhlw.go.jp/znk-web/juminkanja/S2430/initialize?prefCd=35&kikanCd=239&kikanKbn=5", "url2": null, "内容": "珠の浦薬局【5:薬局】山口県下関市長府珠の浦町１番１４号" }, "geometry": { "type": "Point", "coordinates": [ 130.980346, 34.007371 ] } },
{ "type": "Feature", "properties": { "ID": 355240, "正式名称": "平成薬局", "機関区分": 5, "都道府県コード": 35, "市区町村コード": 215, "所在地": "山口県周南市孝田町７番１号", "緯度": 34.048853, "経度": 131.834363, "url": "https://www.iryou.teikyouseido.mhlw.go.jp/znk-web/juminkanja/S2430/initialize?prefCd=35&kikanCd=240&kikanKbn=5", "url2": "http://tokuyaku.jp/", "内容": "平成薬局【5:薬局】山口県周南市孝田町７番１号" }, "geometry": { "type": "Point", "coordinates": [ 131.834363, 34.048853 ] } },
{ "type": "Feature", "properties": { "ID": 355241, "正式名称": "スミカワ薬局", "機関区分": 5, "都道府県コード": 35, "市区町村コード": 208, "所在地": "山口県岩国市今津町四丁目２番４号", "緯度": 34.165569, "経度": 132.217841, "url": "https://www.iryou.teikyouseido.mhlw.go.jp/znk-web/juminkanja/S2430/initialize?prefCd=35&kikanCd=241&kikanKbn=5", "url2": null, "内容": "スミカワ薬局【5:薬局】山口県岩国市今津町四丁目２番４号" }, "geometry": { "type": "Point", "coordinates": [ 132.217841, 34.165569 ] } },
{ "type": "Feature", "properties": { "ID": 355242, "正式名称": "みどり薬局", "機関区分": 5, "都道府県コード": 35, "市区町村コード": 203, "所在地": "山口県山口市吉敷中東三丁目１３番３号", "緯度": 34.164733, "経度": 131.440517, "url": "https://www.iryou.teikyouseido.mhlw.go.jp/znk-web/juminkanja/S2430/initialize?prefCd=35&kikanCd=242&kikanKbn=5", "url2": null, "内容": "みどり薬局【5:薬局】山口県山口市吉敷中東三丁目１３番３号" }, "geometry": { "type": "Point", "coordinates": [ 131.440517, 34.164733 ] } },
{ "type": "Feature", "properties": { "ID": 355243, "正式名称": "大戸薬局", "機関区分": 5, "都道府県コード": 35, "市区町村コード": 210, "所在地": "山口県光市室積中央町１番１号", "緯度": 33.932861, "経度": 131.974019, "url": "https://www.iryou.teikyouseido.mhlw.go.jp/znk-web/juminkanja/S2430/initialize?prefCd=35&kikanCd=243&kikanKbn=5", "url2": null, "内容": "大戸薬局【5:薬局】山口県光市室積中央町１番１号" }, "geometry": { "type": "Point", "coordinates": [ 131.974019, 33.932861 ] } },
{ "type": "Feature", "properties": { "ID": 355246, "正式名称": "有限会社みどり薬局　光店", "機関区分": 5, "都道府県コード": 35, "市区町村コード": 210, "所在地": "山口県光市浅江３丁目９‐６", "緯度": 33.973647, "経度": 131.922616, "url": "https://www.iryou.teikyouseido.mhlw.go.jp/znk-web/juminkanja/S2430/initialize?prefCd=35&kikanCd=246&kikanKbn=5", "url2": null, "内容": "有限会社みどり薬局　光店【5:薬局】山口県光市浅江３丁目９‐６" }, "geometry": { "type": "Point", "coordinates": [ 131.922616, 33.973647 ] } },
{ "type": "Feature", "properties": { "ID": 355247, "正式名称": "新町ＰＨ薬局", "機関区分": 5, "都道府県コード": 35, "市区町村コード": 215, "所在地": "山口県周南市新町２丁目９－３", "緯度": 34.051986, "経度": 131.805431, "url": "https://www.iryou.teikyouseido.mhlw.go.jp/znk-web/juminkanja/S2430/initialize?prefCd=35&kikanCd=247&kikanKbn=5", "url2": "https://yoyogi-neo.com/top/shinmachi_ph/", "内容": "新町ＰＨ薬局【5:薬局】山口県周南市新町２丁目９－３" }, "geometry": { "type": "Point", "coordinates": [ 131.805431, 34.051986 ] } },
{ "type": "Feature", "properties": { "ID": 355248, "正式名称": "アリス薬局", "機関区分": 5, "都道府県コード": 35, "市区町村コード": 215, "所在地": "山口県周南市桜馬場通２ー８", "緯度": 34.052861, "経度": 131.81036, "url": "https://www.iryou.teikyouseido.mhlw.go.jp/znk-web/juminkanja/S2430/initialize?prefCd=35&kikanCd=248&kikanKbn=5", "url2": "http://www.officedrug.com", "内容": "アリス薬局【5:薬局】山口県周南市桜馬場通２ー８" }, "geometry": { "type": "Point", "coordinates": [ 131.81036, 34.052861 ] } },
{ "type": "Feature", "properties": { "ID": 355249, "正式名称": "有限会社いちのみや薬局", "機関区分": 5, "都道府県コード": 35, "市区町村コード": 201, "所在地": "山口県下関市一の宮町４丁目１番２１号", "緯度": 33.995239, "経度": 130.952081, "url": "https://www.iryou.teikyouseido.mhlw.go.jp/znk-web/juminkanja/S2430/initialize?prefCd=35&kikanCd=249&kikanKbn=5", "url2": "http://ichinomiya-pharmacy-group.jp/", "内容": "有限会社いちのみや薬局【5:薬局】山口県下関市一の宮町４丁目１番２１号" }, "geometry": { "type": "Point", "coordinates": [ 130.952081, 33.995239 ] } },
{ "type": "Feature", "properties": { "ID": 35525, "正式名称": "有限会社藤井薬局　中土居支店", "機関区分": 5, "都道府県コード": 35, "市区町村コード": 201, "所在地": "山口県下関市長府中土居北町４ー６", "緯度": 34.008537, "経度": 130.99158, "url": "https://www.iryou.teikyouseido.mhlw.go.jp/znk-web/juminkanja/S2430/initialize?prefCd=35&kikanCd=25&kikanKbn=5", "url2": "http://www.fujii-pharmacy.com", "内容": "有限会社藤井薬局　中土居支店【5:薬局】山口県下関市長府中土居北町４ー６" }, "geometry": { "type": "Point", "coordinates": [ 130.99158, 34.008537 ] } },
{ "type": "Feature", "properties": { "ID": 355250, "正式名称": "宇部共同薬局", "機関区分": 5, "都道府県コード": 35, "市区町村コード": 202, "所在地": "山口県宇部市大字西岐波字東大道１９２２番地の３", "緯度": 33.959163, "経度": 131.33278, "url": "https://www.iryou.teikyouseido.mhlw.go.jp/znk-web/juminkanja/S2430/initialize?prefCd=35&kikanCd=250&kikanKbn=5", "url2": null, "内容": "宇部共同薬局【5:薬局】山口県宇部市大字西岐波字東大道１９２２番地の３" }, "geometry": { "type": "Point", "coordinates": [ 131.33278, 33.959163 ] } },
{ "type": "Feature", "properties": { "ID": 355253, "正式名称": "スマイル薬局", "機関区分": 5, "都道府県コード": 35, "市区町村コード": 216, "所在地": "山口県山陽小野田市大字西高泊５９０番地５", "緯度": 34.009866, "経度": 131.170457, "url": "https://www.iryou.teikyouseido.mhlw.go.jp/znk-web/juminkanja/S2430/initialize?prefCd=35&kikanCd=253&kikanKbn=5", "url2": null, "内容": "スマイル薬局【5:薬局】山口県山陽小野田市大字西高泊５９０番地５" }, "geometry": { "type": "Point", "coordinates": [ 131.170457, 34.009866 ] } },
{ "type": "Feature", "properties": { "ID": 355254, "正式名称": "カワムラ薬局", "機関区分": 5, "都道府県コード": 35, "市区町村コード": 206, "所在地": "山口県防府市三田尻２－８－６", "緯度": 34.043119, "経度": 131.577675, "url": "https://www.iryou.teikyouseido.mhlw.go.jp/znk-web/juminkanja/S2430/initialize?prefCd=35&kikanCd=254&kikanKbn=5", "url2": "https://www.kawamura-pharmacy.com", "内容": "カワムラ薬局【5:薬局】山口県防府市三田尻２－８－６" }, "geometry": { "type": "Point", "coordinates": [ 131.577675, 34.043119 ] } },
{ "type": "Feature", "properties": { "ID": 355255, "正式名称": "みほり薬局", "機関区分": 5, "都道府県コード": 35, "市区町村コード": 203, "所在地": "山口県山口市大内矢田北一丁目１９－１８", "緯度": 34.155965, "経度": 131.501885, "url": "https://www.iryou.teikyouseido.mhlw.go.jp/znk-web/juminkanja/S2430/initialize?prefCd=35&kikanCd=255&kikanKbn=5", "url2": "https://kmihori0.wixsite.com/my-site-3", "内容": "みほり薬局【5:薬局】山口県山口市大内矢田北一丁目１９－１８" }, "geometry": { "type": "Point", "coordinates": [ 131.501885, 34.155965 ] } },
{ "type": "Feature", "properties": { "ID": 355257, "正式名称": "きたに薬局熊毛店", "機関区分": 5, "都道府県コード": 35, "市区町村コード": 215, "所在地": "山口県周南市呼坂３９０－１", "緯度": 34.038308, "経度": 131.950292, "url": "https://www.iryou.teikyouseido.mhlw.go.jp/znk-web/juminkanja/S2430/initialize?prefCd=35&kikanCd=257&kikanKbn=5", "url2": null, "内容": "きたに薬局熊毛店【5:薬局】山口県周南市呼坂３９０－１" }, "geometry": { "type": "Point", "coordinates": [ 131.950292, 34.038308 ] } },
{ "type": "Feature", "properties": { "ID": 355259, "正式名称": "いしはら薬局", "機関区分": 5, "都道府県コード": 35, "市区町村コード": 212, "所在地": "山口県柳井市東土手", "緯度": 33.967873, "経度": 132.11606, "url": "https://www.iryou.teikyouseido.mhlw.go.jp/znk-web/juminkanja/S2430/initialize?prefCd=35&kikanCd=259&kikanKbn=5", "url2": null, "内容": "いしはら薬局【5:薬局】山口県柳井市東土手" }, "geometry": { "type": "Point", "coordinates": [ 132.11606, 33.967873 ] } },
{ "type": "Feature", "properties": { "ID": 35526, "正式名称": "石丸薬局", "機関区分": 5, "都道府県コード": 35, "市区町村コード": 215, "所在地": "山口県周南市若宮町", "緯度": 34.051285, "経度": 131.80626, "url": "https://www.iryou.teikyouseido.mhlw.go.jp/znk-web/juminkanja/S2430/initialize?prefCd=35&kikanCd=26&kikanKbn=5", "url2": "https://ishimaru-ph.co.jp/", "内容": "石丸薬局【5:薬局】山口県周南市若宮町" }, "geometry": { "type": "Point", "coordinates": [ 131.80626, 34.051285 ] } },
{ "type": "Feature", "properties": { "ID": 355262, "正式名称": "秀栄薬局", "機関区分": 5, "都道府県コード": 35, "市区町村コード": 203, "所在地": "山口県山口市小郡下郷９６５", "緯度": 34.101582, "経度": 131.398941, "url": "https://www.iryou.teikyouseido.mhlw.go.jp/znk-web/juminkanja/S2430/initialize?prefCd=35&kikanCd=262&kikanKbn=5", "url2": "https://www.rising-japan.org/", "内容": "秀栄薬局【5:薬局】山口県山口市小郡下郷９６５" }, "geometry": { "type": "Point", "coordinates": [ 131.398941, 34.101582 ] } },
{ "type": "Feature", "properties": { "ID": 355265, "正式名称": "神女薬局", "機関区分": 5, "都道府県コード": 35, "市区町村コード": 215, "所在地": "山口県周南市久米東神女３２００－５", "緯度": 34.030956, "経度": 131.84225, "url": "https://www.iryou.teikyouseido.mhlw.go.jp/znk-web/juminkanja/S2430/initialize?prefCd=35&kikanCd=265&kikanKbn=5", "url2": "https://yoyogi-neo.com/", "内容": "神女薬局【5:薬局】山口県周南市久米東神女３２００－５" }, "geometry": { "type": "Point", "coordinates": [ 131.84225, 34.030956 ] } },
{ "type": "Feature", "properties": { "ID": 355266, "正式名称": "シゲタ薬局", "機関区分": 5, "都道府県コード": 35, "市区町村コード": 203, "所在地": "山口県山口市金古曽町３番地の１", "緯度": 34.185179, "経度": 131.483612, "url": "https://www.iryou.teikyouseido.mhlw.go.jp/znk-web/juminkanja/S2430/initialize?prefCd=35&kikanCd=266&kikanKbn=5", "url2": "http://www.yakumeikan.com/", "内容": "シゲタ薬局【5:薬局】山口県山口市金古曽町３番地の１" }, "geometry": { "type": "Point", "coordinates": [ 131.483612, 34.185179 ] } },
{ "type": "Feature", "properties": { "ID": 355271, "正式名称": "篠原薬局", "機関区分": 5, "都道府県コード": 35, "市区町村コード": 201, "所在地": "山口県下関市豊浦町大字小串７番地の７", "緯度": 34.170043, "経度": 130.92744, "url": "https://www.iryou.teikyouseido.mhlw.go.jp/znk-web/juminkanja/S2430/initialize?prefCd=35&kikanCd=271&kikanKbn=5", "url2": "http://www.shinoharaph.com", "内容": "篠原薬局【5:薬局】山口県下関市豊浦町大字小串７番地の７" }, "geometry": { "type": "Point", "coordinates": [ 130.92744, 34.170043 ] } },
{ "type": "Feature", "properties": { "ID": 355274, "正式名称": "有限会社三樹　まこと薬局", "機関区分": 5, "都道府県コード": 35, "市区町村コード": 208, "所在地": "山口県岩国市今津町４丁目１４番１１号", "緯度": 34.164086, "経度": 132.213639, "url": "https://www.iryou.teikyouseido.mhlw.go.jp/znk-web/juminkanja/S2430/initialize?prefCd=35&kikanCd=274&kikanKbn=5", "url2": null, "内容": "有限会社三樹　まこと薬局【5:薬局】山口県岩国市今津町４丁目１４番１１号" }, "geometry": { "type": "Point", "coordinates": [ 132.213639, 34.164086 ] } },
{ "type": "Feature", "properties": { "ID": 355276, "正式名称": "岩国薬剤師会会営薬局", "機関区分": 5, "都道府県コード": 35, "市区町村コード": 208, "所在地": "山口県岩国市室の木町３丁目６番１３号", "緯度": 34.171365, "経度": 132.206468, "url": "https://www.iryou.teikyouseido.mhlw.go.jp/znk-web/juminkanja/S2430/initialize?prefCd=35&kikanCd=276&kikanKbn=5", "url2": "http://iwayaku.com/", "内容": "岩国薬剤師会会営薬局【5:薬局】山口県岩国市室の木町３丁目６番１３号" }, "geometry": { "type": "Point", "coordinates": [ 132.206468, 34.171365 ] } },
{ "type": "Feature", "properties": { "ID": 355278, "正式名称": "有限会社　松崎町薬局", "機関区分": 5, "都道府県コード": 35, "市区町村コード": 206, "所在地": "山口県防府市天神２丁目４－１６", "緯度": 34.057187, "経度": 131.575477, "url": "https://www.iryou.teikyouseido.mhlw.go.jp/znk-web/juminkanja/S2430/initialize?prefCd=35&kikanCd=278&kikanKbn=5", "url2": null, "内容": "有限会社　松崎町薬局【5:薬局】山口県防府市天神２丁目４－１６" }, "geometry": { "type": "Point", "coordinates": [ 131.575477, 34.057187 ] } },
{ "type": "Feature", "properties": { "ID": 355282, "正式名称": "ヤマネ薬局", "機関区分": 5, "都道府県コード": 35, "市区町村コード": 203, "所在地": "山口県山口市秋穂二島５９８９", "緯度": 34.037261, "経度": 131.422481, "url": "https://www.iryou.teikyouseido.mhlw.go.jp/znk-web/juminkanja/S2430/initialize?prefCd=35&kikanCd=282&kikanKbn=5", "url2": "https://www.yamane-kusuri.com/", "内容": "ヤマネ薬局【5:薬局】山口県山口市秋穂二島５９８９" }, "geometry": { "type": "Point", "coordinates": [ 131.422481, 34.037261 ] } },
{ "type": "Feature", "properties": { "ID": 355283, "正式名称": "有限会社遠藤中央薬局　下市店", "機関区分": 5, "都道府県コード": 35, "市区町村コード": 203, "所在地": "山口県山口市下市町１１番１６号", "緯度": 34.163023, "経度": 131.458609, "url": "https://www.iryou.teikyouseido.mhlw.go.jp/znk-web/juminkanja/S2430/initialize?prefCd=35&kikanCd=283&kikanKbn=5", "url2": null, "内容": "有限会社遠藤中央薬局　下市店【5:薬局】山口県山口市下市町１１番１６号" }, "geometry": { "type": "Point", "coordinates": [ 131.458609, 34.163023 ] } },
{ "type": "Feature", "properties": { "ID": 355284, "正式名称": "アトム薬局", "機関区分": 5, "都道府県コード": 35, "市区町村コード": 215, "所在地": "山口県周南市桶川町５番２１号", "緯度": 34.071811, "経度": 131.774698, "url": "https://www.iryou.teikyouseido.mhlw.go.jp/znk-web/juminkanja/S2430/initialize?prefCd=35&kikanCd=284&kikanKbn=5", "url2": "http://www.officedrug.com/", "内容": "アトム薬局【5:薬局】山口県周南市桶川町５番２１号" }, "geometry": { "type": "Point", "coordinates": [ 131.774698, 34.071811 ] } },
{ "type": "Feature", "properties": { "ID": 355286, "正式名称": "ひらもと薬局", "機関区分": 5, "都道府県コード": 35, "市区町村コード": 208, "所在地": "山口県岩国市新港町四丁目１５ー３９", "緯度": 34.190293, "経度": 132.229249, "url": "https://www.iryou.teikyouseido.mhlw.go.jp/znk-web/juminkanja/S2430/initialize?prefCd=35&kikanCd=286&kikanKbn=5", "url2": null, "内容": "ひらもと薬局【5:薬局】山口県岩国市新港町四丁目１５ー３９" }, "geometry": { "type": "Point", "coordinates": [ 132.229249, 34.190293 ] } },
{ "type": "Feature", "properties": { "ID": 355288, "正式名称": "めで薬局", "機関区分": 5, "都道府県コード": 35, "市区町村コード": 216, "所在地": "山口県山陽小野田市小野田７０３５番地５", "緯度": 33.996012, "経度": 131.182039, "url": "https://www.iryou.teikyouseido.mhlw.go.jp/znk-web/juminkanja/S2430/initialize?prefCd=35&kikanCd=288&kikanKbn=5", "url2": null, "内容": "めで薬局【5:薬局】山口県山陽小野田市小野田７０３５番地５" }, "geometry": { "type": "Point", "coordinates": [ 131.182039, 33.996012 ] } },
{ "type": "Feature", "properties": { "ID": 355289, "正式名称": "グリーン薬局", "機関区分": 5, "都道府県コード": 35, "市区町村コード": 202, "所在地": "山口県宇部市開六丁目１１番６ー１号", "緯度": 33.96002, "経度": 131.279387, "url": "https://www.iryou.teikyouseido.mhlw.go.jp/znk-web/juminkanja/S2430/initialize?prefCd=35&kikanCd=289&kikanKbn=5", "url2": "http://www.green-ph.jp/", "内容": "グリーン薬局【5:薬局】山口県宇部市開六丁目１１番６ー１号" }, "geometry": { "type": "Point", "coordinates": [ 131.279387, 33.96002 ] } },
{ "type": "Feature", "properties": { "ID": 35529, "正式名称": "西村薬局", "機関区分": 5, "都道府県コード": 35, "市区町村コード": 215, "所在地": "山口県周南市速玉町４番７号", "緯度": 34.046235, "経度": 131.810205, "url": "https://www.iryou.teikyouseido.mhlw.go.jp/znk-web/juminkanja/S2430/initialize?prefCd=35&kikanCd=29&kikanKbn=5", "url2": null, "内容": "西村薬局【5:薬局】山口県周南市速玉町４番７号" }, "geometry": { "type": "Point", "coordinates": [ 131.810205, 34.046235 ] } },
{ "type": "Feature", "properties": { "ID": 355293, "正式名称": "フジモト薬局　中野店", "機関区分": 5, "都道府県コード": 35, "市区町村コード": 202, "所在地": "山口県宇部市東須恵７５１－２０", "緯度": 33.990331, "経度": 131.207467, "url": "https://www.iryou.teikyouseido.mhlw.go.jp/znk-web/juminkanja/S2430/initialize?prefCd=35&kikanCd=293&kikanKbn=5", "url2": null, "内容": "フジモト薬局　中野店【5:薬局】山口県宇部市東須恵７５１－２０" }, "geometry": { "type": "Point", "coordinates": [ 131.207467, 33.990331 ] } },
{ "type": "Feature", "properties": { "ID": 355296, "正式名称": "菊川薬局", "機関区分": 5, "都道府県コード": 35, "市区町村コード": 215, "所在地": "山口県周南市下上２０８７－１", "緯度": 34.089405, "経度": 131.782121, "url": "https://www.iryou.teikyouseido.mhlw.go.jp/znk-web/juminkanja/S2430/initialize?prefCd=35&kikanCd=296&kikanKbn=5", "url2": "http://www.officedrug.com/", "内容": "菊川薬局【5:薬局】山口県周南市下上２０８７－１" }, "geometry": { "type": "Point", "coordinates": [ 131.782121, 34.089405 ] } },
{ "type": "Feature", "properties": { "ID": 355298, "正式名称": "山内薬局", "機関区分": 5, "都道府県コード": 35, "市区町村コード": 206, "所在地": "山口県防府市天神二丁目５－５", "緯度": 34.057903, "経度": 131.574122, "url": "https://www.iryou.teikyouseido.mhlw.go.jp/znk-web/juminkanja/S2430/initialize?prefCd=35&kikanCd=298&kikanKbn=5", "url2": "http://thegodwepraise.com", "内容": "山内薬局【5:薬局】山口県防府市天神二丁目５－５" }, "geometry": { "type": "Point", "coordinates": [ 131.574122, 34.057903 ] } },
{ "type": "Feature", "properties": { "ID": 355299, "正式名称": "有限会社福浦薬局", "機関区分": 5, "都道府県コード": 35, "市区町村コード": 201, "所在地": "山口県下関市彦島福浦町３－１－１７", "緯度": 33.927888, "経度": 130.912718, "url": "https://www.iryou.teikyouseido.mhlw.go.jp/znk-web/juminkanja/S2430/initialize?prefCd=35&kikanCd=299&kikanKbn=5", "url2": null, "内容": "有限会社福浦薬局【5:薬局】山口県下関市彦島福浦町３－１－１７" }, "geometry": { "type": "Point", "coordinates": [ 130.912718, 33.927888 ] } },
{ "type": "Feature", "properties": { "ID": 355300, "正式名称": "コスモス薬局", "機関区分": 5, "都道府県コード": 35, "市区町村コード": 208, "所在地": "山口県岩国市麻里布町３丁目１－２７", "緯度": 34.172, "経度": 132.223198, "url": "https://www.iryou.teikyouseido.mhlw.go.jp/znk-web/juminkanja/S2430/initialize?prefCd=35&kikanCd=300&kikanKbn=5", "url2": "http://smile-pharmacy.jp/main/shop_all/cosmos/", "内容": "コスモス薬局【5:薬局】山口県岩国市麻里布町３丁目１－２７" }, "geometry": { "type": "Point", "coordinates": [ 132.223198, 34.172 ] } },
{ "type": "Feature", "properties": { "ID": 355301, "正式名称": "まつばら薬局", "機関区分": 5, "都道府県コード": 35, "市区町村コード": 202, "所在地": "山口県宇部市中央町二丁目１２番９号", "緯度": 33.95389, "経度": 131.242668, "url": "https://www.iryou.teikyouseido.mhlw.go.jp/znk-web/juminkanja/S2430/initialize?prefCd=35&kikanCd=301&kikanKbn=5", "url2": null, "内容": "まつばら薬局【5:薬局】山口県宇部市中央町二丁目１２番９号" }, "geometry": { "type": "Point", "coordinates": [ 131.242668, 33.95389 ] } },
{ "type": "Feature", "properties": { "ID": 355303, "正式名称": "椿　薬局", "機関区分": 5, "都道府県コード": 35, "市区町村コード": 204, "所在地": "山口県萩市椿東２９７２－９", "緯度": 34.414292, "経度": 131.411069, "url": "https://www.iryou.teikyouseido.mhlw.go.jp/znk-web/juminkanja/S2430/initialize?prefCd=35&kikanCd=303&kikanKbn=5", "url2": null, "内容": "椿　薬局【5:薬局】山口県萩市椿東２９７２－９" }, "geometry": { "type": "Point", "coordinates": [ 131.411069, 34.414292 ] } },
{ "type": "Feature", "properties": { "ID": 355305, "正式名称": "株式会社　壱番薬局", "機関区分": 5, "都道府県コード": 35, "市区町村コード": 202, "所在地": "山口県宇部市昭和町四丁目９番４号", "緯度": 33.932249, "経度": 131.259775, "url": "https://www.iryou.teikyouseido.mhlw.go.jp/znk-web/juminkanja/S2430/initialize?prefCd=35&kikanCd=305&kikanKbn=5", "url2": "http://www.kanpo-ichiban.co.jp/", "内容": "株式会社　壱番薬局【5:薬局】山口県宇部市昭和町四丁目９番４号" }, "geometry": { "type": "Point", "coordinates": [ 131.259775, 33.932249 ] } },
{ "type": "Feature", "properties": { "ID": 355308, "正式名称": "ひまわり薬局", "機関区分": 5, "都道府県コード": 35, "市区町村コード": 216, "所在地": "山口県山陽小野田市日の出４丁目５番２号", "緯度": 34.005544, "経度": 131.185307, "url": "https://www.iryou.teikyouseido.mhlw.go.jp/znk-web/juminkanja/S2430/initialize?prefCd=35&kikanCd=308&kikanKbn=5", "url2": "http://www.flowerbros-tms.com/", "内容": "ひまわり薬局【5:薬局】山口県山陽小野田市日の出４丁目５番２号" }, "geometry": { "type": "Point", "coordinates": [ 131.185307, 34.005544 ] } },
{ "type": "Feature", "properties": { "ID": 355311, "正式名称": "小西薬局", "機関区分": 5, "都道府県コード": 35, "市区町村コード": 215, "所在地": "山口県周南市銀座一丁目７番地", "緯度": 34.051522, "経度": 131.804347, "url": "https://www.iryou.teikyouseido.mhlw.go.jp/znk-web/juminkanja/S2430/initialize?prefCd=35&kikanCd=311&kikanKbn=5", "url2": null, "内容": "小西薬局【5:薬局】山口県周南市銀座一丁目７番地" }, "geometry": { "type": "Point", "coordinates": [ 131.804347, 34.051522 ] } },
{ "type": "Feature", "properties": { "ID": 355312, "正式名称": "第一薬局　小野田バイパス店", "機関区分": 5, "都道府県コード": 35, "市区町村コード": 216, "所在地": "山口県山陽小野田市西高泊６６９番", "緯度": 34.005664, "経度": 131.175353, "url": "https://www.iryou.teikyouseido.mhlw.go.jp/znk-web/juminkanja/S2430/initialize?prefCd=35&kikanCd=312&kikanKbn=5", "url2": null, "内容": "第一薬局　小野田バイパス店【5:薬局】山口県山陽小野田市西高泊６６９番" }, "geometry": { "type": "Point", "coordinates": [ 131.175353, 34.005664 ] } },
{ "type": "Feature", "properties": { "ID": 355314, "正式名称": "よなみや薬局", "機関区分": 5, "都道府県コード": 35, "市区町村コード": 344, "所在地": "山口県熊毛郡平生町宇佐木", "緯度": 33.947685, "経度": 132.0855, "url": "https://www.iryou.teikyouseido.mhlw.go.jp/znk-web/juminkanja/S2430/initialize?prefCd=35&kikanCd=314&kikanKbn=5", "url2": "http://yonamiya.com", "内容": "よなみや薬局【5:薬局】山口県熊毛郡平生町宇佐木" }, "geometry": { "type": "Point", "coordinates": [ 132.0855, 33.947685 ] } },
{ "type": "Feature", "properties": { "ID": 355317, "正式名称": "乗兼薬局", "機関区分": 5, "都道府県コード": 35, "市区町村コード": 215, "所在地": "山口県周南市岐南町１０番７号", "緯度": 34.058976, "経度": 131.814482, "url": "https://www.iryou.teikyouseido.mhlw.go.jp/znk-web/juminkanja/S2430/initialize?prefCd=35&kikanCd=317&kikanKbn=5", "url2": "http://www.okazakiyakuhin.com", "内容": "乗兼薬局【5:薬局】山口県周南市岐南町１０番７号" }, "geometry": { "type": "Point", "coordinates": [ 131.814482, 34.058976 ] } },
{ "type": "Feature", "properties": { "ID": 355318, "正式名称": "ミドリ薬局", "機関区分": 5, "都道府県コード": 35, "市区町村コード": 215, "所在地": "山口県周南市福川３丁目１１番１８号", "緯度": 34.073214, "経度": 131.738046, "url": "https://www.iryou.teikyouseido.mhlw.go.jp/znk-web/juminkanja/S2430/initialize?prefCd=35&kikanCd=318&kikanKbn=5", "url2": "https://futamisupply.co.jp/publics/index/22/", "内容": "ミドリ薬局【5:薬局】山口県周南市福川３丁目１１番１８号" }, "geometry": { "type": "Point", "coordinates": [ 131.738046, 34.073214 ] } },
{ "type": "Feature", "properties": { "ID": 355320, "正式名称": "小野田駅前薬局", "機関区分": 5, "都道府県コード": 35, "市区町村コード": 216, "所在地": "山口県山陽小野田市日の出三丁目１５番５号", "緯度": 34.006625, "経度": 131.181929, "url": "https://www.iryou.teikyouseido.mhlw.go.jp/znk-web/juminkanja/S2430/initialize?prefCd=35&kikanCd=320&kikanKbn=5", "url2": null, "内容": "小野田駅前薬局【5:薬局】山口県山陽小野田市日の出三丁目１５番５号" }, "geometry": { "type": "Point", "coordinates": [ 131.181929, 34.006625 ] } },
{ "type": "Feature", "properties": { "ID": 355321, "正式名称": "コスモ薬局", "機関区分": 5, "都道府県コード": 35, "市区町村コード": 215, "所在地": "山口県周南市川手１－７－７", "緯度": 34.069786, "経度": 131.779747, "url": "https://www.iryou.teikyouseido.mhlw.go.jp/znk-web/juminkanja/S2430/initialize?prefCd=35&kikanCd=321&kikanKbn=5", "url2": null, "内容": "コスモ薬局【5:薬局】山口県周南市川手１－７－７" }, "geometry": { "type": "Point", "coordinates": [ 131.779747, 34.069786 ] } },
{ "type": "Feature", "properties": { "ID": 355322, "正式名称": "なの花薬局", "機関区分": 5, "都道府県コード": 35, "市区町村コード": 215, "所在地": "山口県周南市児玉町３丁目２１ー１", "緯度": 34.05793, "経度": 131.809802, "url": "https://www.iryou.teikyouseido.mhlw.go.jp/znk-web/juminkanja/S2430/initialize?prefCd=35&kikanCd=322&kikanKbn=5", "url2": null, "内容": "なの花薬局【5:薬局】山口県周南市児玉町３丁目２１ー１" }, "geometry": { "type": "Point", "coordinates": [ 131.809802, 34.05793 ] } },
{ "type": "Feature", "properties": { "ID": 355323, "正式名称": "やまいち漢方薬局", "機関区分": 5, "都道府県コード": 35, "市区町村コード": 203, "所在地": "山口県山口市下竪小路１０８番地", "緯度": 34.181975, "経度": 131.479842, "url": "https://www.iryou.teikyouseido.mhlw.go.jp/znk-web/juminkanja/S2430/initialize?prefCd=35&kikanCd=323&kikanKbn=5", "url2": "http://yamaichi-yakkyoku.com", "内容": "やまいち漢方薬局【5:薬局】山口県山口市下竪小路１０８番地" }, "geometry": { "type": "Point", "coordinates": [ 131.479842, 34.181975 ] } },
{ "type": "Feature", "properties": { "ID": 355324, "正式名称": "ベル薬局　南部店", "機関区分": 5, "都道府県コード": 35, "市区町村コード": 201, "所在地": "山口県下関市南部町７ー７", "緯度": 33.95656, "経度": 130.94237, "url": "https://www.iryou.teikyouseido.mhlw.go.jp/znk-web/juminkanja/S2430/initialize?prefCd=35&kikanCd=324&kikanKbn=5", "url2": "http://www.n-i-c.co.jp/new/", "内容": "ベル薬局　南部店【5:薬局】山口県下関市南部町７ー７" }, "geometry": { "type": "Point", "coordinates": [ 130.94237, 33.95656 ] } },
{ "type": "Feature", "properties": { "ID": 355326, "正式名称": "ひの木薬局", "機関区分": 5, "都道府県コード": 35, "市区町村コード": 215, "所在地": "山口県周南市若宮町１ー４３ー２", "緯度": 34.051791, "経度": 131.806782, "url": "https://www.iryou.teikyouseido.mhlw.go.jp/znk-web/juminkanja/S2430/initialize?prefCd=35&kikanCd=326&kikanKbn=5", "url2": null, "内容": "ひの木薬局【5:薬局】山口県周南市若宮町１ー４３ー２" }, "geometry": { "type": "Point", "coordinates": [ 131.806782, 34.051791 ] } },
{ "type": "Feature", "properties": { "ID": 355327, "正式名称": "有限会社松本漢方薬局", "機関区分": 5, "都道府県コード": 35, "市区町村コード": 215, "所在地": "山口県周南市政所１丁目６－１４", "緯度": 34.074628, "経度": 131.770739, "url": "https://www.iryou.teikyouseido.mhlw.go.jp/znk-web/juminkanja/S2430/initialize?prefCd=35&kikanCd=327&kikanKbn=5", "url2": "https://matsumotokanpo.jimdoweb.com", "内容": "有限会社松本漢方薬局【5:薬局】山口県周南市政所１丁目６－１４" }, "geometry": { "type": "Point", "coordinates": [ 131.770739, 34.074628 ] } },
{ "type": "Feature", "properties": { "ID": 355328, "正式名称": "回生堂薬局", "機関区分": 5, "都道府県コード": 35, "市区町村コード": 202, "所在地": "山口県宇部市南小串二丁目３番５号", "緯度": 33.960174, "経度": 131.247417, "url": "https://www.iryou.teikyouseido.mhlw.go.jp/znk-web/juminkanja/S2430/initialize?prefCd=35&kikanCd=328&kikanKbn=5", "url2": "https://itokaiseidou.co.jp", "内容": "回生堂薬局【5:薬局】山口県宇部市南小串二丁目３番５号" }, "geometry": { "type": "Point", "coordinates": [ 131.247417, 33.960174 ] } },
{ "type": "Feature", "properties": { "ID": 35533, "正式名称": "椎木薬局", "機関区分": 5, "都道府県コード": 35, "市区町村コード": 206, "所在地": "山口県防府市西浦２０６８", "緯度": 34.022452, "経度": 131.519809, "url": "https://www.iryou.teikyouseido.mhlw.go.jp/znk-web/juminkanja/S2430/initialize?prefCd=35&kikanCd=33&kikanKbn=5", "url2": null, "内容": "椎木薬局【5:薬局】山口県防府市西浦２０６８" }, "geometry": { "type": "Point", "coordinates": [ 131.519809, 34.022452 ] } },
{ "type": "Feature", "properties": { "ID": 355331, "正式名称": "あい薬局", "機関区分": 5, "都道府県コード": 35, "市区町村コード": 202, "所在地": "山口県宇部市寿町一丁目３番１８号", "緯度": 33.953325, "経度": 131.248928, "url": "https://www.iryou.teikyouseido.mhlw.go.jp/znk-web/juminkanja/S2430/initialize?prefCd=35&kikanCd=331&kikanKbn=5", "url2": "http://itokaiseidou.co.jp", "内容": "あい薬局【5:薬局】山口県宇部市寿町一丁目３番１８号" }, "geometry": { "type": "Point", "coordinates": [ 131.248928, 33.953325 ] } },
{ "type": "Feature", "properties": { "ID": 355333, "正式名称": "すみれ薬局　北琴芝店", "機関区分": 5, "都道府県コード": 35, "市区町村コード": 202, "所在地": "山口県宇部市北琴芝二丁目１２番１１号", "緯度": 33.95765, "経度": 131.258059, "url": "https://www.iryou.teikyouseido.mhlw.go.jp/znk-web/juminkanja/S2430/initialize?prefCd=35&kikanCd=333&kikanKbn=5", "url2": null, "内容": "すみれ薬局　北琴芝店【5:薬局】山口県宇部市北琴芝二丁目１２番１１号" }, "geometry": { "type": "Point", "coordinates": [ 131.258059, 33.95765 ] } },
{ "type": "Feature", "properties": { "ID": 355334, "正式名称": "銀座屋薬局", "機関区分": 5, "都道府県コード": 35, "市区町村コード": 305, "所在地": "山口県大島郡周防大島町大字久賀４５５６の１", "緯度": 33.947542, "経度": 132.266578, "url": "https://www.iryou.teikyouseido.mhlw.go.jp/znk-web/juminkanja/S2430/initialize?prefCd=35&kikanCd=334&kikanKbn=5", "url2": null, "内容": "銀座屋薬局【5:薬局】山口県大島郡周防大島町大字久賀４５５６の１" }, "geometry": { "type": "Point", "coordinates": [ 132.266578, 33.947542 ] } },
{ "type": "Feature", "properties": { "ID": 355335, "正式名称": "有限会社遠藤中央薬局　湯田支店", "機関区分": 5, "都道府県コード": 35, "市区町村コード": 203, "所在地": "山口県山口市元町２番２１号", "緯度": 34.168663, "経度": 131.458081, "url": "https://www.iryou.teikyouseido.mhlw.go.jp/znk-web/juminkanja/S2430/initialize?prefCd=35&kikanCd=335&kikanKbn=5", "url2": "http://endo-chuo-pharmacy.com", "内容": "有限会社遠藤中央薬局　湯田支店【5:薬局】山口県山口市元町２番２１号" }, "geometry": { "type": "Point", "coordinates": [ 131.458081, 34.168663 ] } },
{ "type": "Feature", "properties": { "ID": 355337, "正式名称": "山口市薬剤師会薬局", "機関区分": 5, "都道府県コード": 35, "市区町村コード": 203, "所在地": "山口県山口市八幡馬場１７－１", "緯度": 34.185749, "経度": 131.483101, "url": "https://www.iryou.teikyouseido.mhlw.go.jp/znk-web/juminkanja/S2430/initialize?prefCd=35&kikanCd=337&kikanKbn=5", "url2": null, "内容": "山口市薬剤師会薬局【5:薬局】山口県山口市八幡馬場１７－１" }, "geometry": { "type": "Point", "coordinates": [ 131.483101, 34.185749 ] } },
{ "type": "Feature", "properties": { "ID": 355338, "正式名称": "有限会社あがり薬局", "機関区分": 5, "都道府県コード": 35, "市区町村コード": 204, "所在地": "山口県萩市大字土原２７２ー１", "緯度": 34.40852, "経度": 131.40495, "url": "https://www.iryou.teikyouseido.mhlw.go.jp/znk-web/juminkanja/S2430/initialize?prefCd=35&kikanCd=338&kikanKbn=5", "url2": null, "内容": "有限会社あがり薬局【5:薬局】山口県萩市大字土原２７２ー１" }, "geometry": { "type": "Point", "coordinates": [ 131.40495, 34.40852 ] } },
{ "type": "Feature", "properties": { "ID": 355339, "正式名称": "シティ薬局", "機関区分": 5, "都道府県コード": 35, "市区町村コード": 211, "所在地": "山口県長門市仙崎２０３－１", "緯度": 34.374839, "経度": 131.195144, "url": "https://www.iryou.teikyouseido.mhlw.go.jp/znk-web/juminkanja/S2430/initialize?prefCd=35&kikanCd=339&kikanKbn=5", "url2": "http://city-ph.co.jp", "内容": "シティ薬局【5:薬局】山口県長門市仙崎２０３－１" }, "geometry": { "type": "Point", "coordinates": [ 131.195144, 34.374839 ] } },
{ "type": "Feature", "properties": { "ID": 355340, "正式名称": "いちご薬局　青葉店", "機関区分": 5, "都道府県コード": 35, "市区町村コード": 208, "所在地": "山口県岩国市保津町２丁目４番５０号", "緯度": 34.083014, "経度": 132.209206, "url": "https://www.iryou.teikyouseido.mhlw.go.jp/znk-web/juminkanja/S2430/initialize?prefCd=35&kikanCd=340&kikanKbn=5", "url2": "http://www.15ichigo.jp/", "内容": "いちご薬局　青葉店【5:薬局】山口県岩国市保津町２丁目４番５０号" }, "geometry": { "type": "Point", "coordinates": [ 132.209206, 34.083014 ] } },
{ "type": "Feature", "properties": { "ID": 355344, "正式名称": "鹿野薬局", "機関区分": 5, "都道府県コード": 35, "市区町村コード": 215, "所在地": "山口県周南市鹿野下１２３３番地の１", "緯度": 34.22508, "経度": 131.816936, "url": "https://www.iryou.teikyouseido.mhlw.go.jp/znk-web/juminkanja/S2430/initialize?prefCd=35&kikanCd=344&kikanKbn=5", "url2": "http://www.okazakiyakuhin.com", "内容": "鹿野薬局【5:薬局】山口県周南市鹿野下１２３３番地の１" }, "geometry": { "type": "Point", "coordinates": [ 131.816936, 34.22508 ] } },
{ "type": "Feature", "properties": { "ID": 355345, "正式名称": "ひかり中央薬局", "機関区分": 5, "都道府県コード": 35, "市区町村コード": 210, "所在地": "山口県光市木園１丁目８番５号", "緯度": 33.977475, "経度": 131.929828, "url": "https://www.iryou.teikyouseido.mhlw.go.jp/znk-web/juminkanja/S2430/initialize?prefCd=35&kikanCd=345&kikanKbn=5", "url2": null, "内容": "ひかり中央薬局【5:薬局】山口県光市木園１丁目８番５号" }, "geometry": { "type": "Point", "coordinates": [ 131.929828, 33.977475 ] } },
{ "type": "Feature", "properties": { "ID": 355348, "正式名称": "有限会社ふたば薬局", "機関区分": 5, "都道府県コード": 35, "市区町村コード": 206, "所在地": "山口県防府市岩畠一丁目２１ー１６", "緯度": 34.0578, "経度": 131.595959, "url": "https://www.iryou.teikyouseido.mhlw.go.jp/znk-web/juminkanja/S2430/initialize?prefCd=35&kikanCd=348&kikanKbn=5", "url2": null, "内容": "有限会社ふたば薬局【5:薬局】山口県防府市岩畠一丁目２１ー１６" }, "geometry": { "type": "Point", "coordinates": [ 131.595959, 34.0578 ] } },
{ "type": "Feature", "properties": { "ID": 35535, "正式名称": "村田漢方堂薬局", "機関区分": 5, "都道府県コード": 35, "市区町村コード": 201, "所在地": "山口県下関市彦島杉田町", "緯度": 33.92928, "経度": 130.91869, "url": "https://www.iryou.teikyouseido.mhlw.go.jp/znk-web/juminkanja/S2430/initialize?prefCd=35&kikanCd=35&kikanKbn=5", "url2": "http://murata-kanpo.ftw.jp/", "内容": "村田漢方堂薬局【5:薬局】山口県下関市彦島杉田町" }, "geometry": { "type": "Point", "coordinates": [ 130.91869, 33.92928 ] } },
{ "type": "Feature", "properties": { "ID": 355350, "正式名称": "のぞみ薬局金比羅店", "機関区分": 5, "都道府県コード": 35, "市区町村コード": 201, "所在地": "山口県下関市金比羅２－１", "緯度": 33.96674, "経度": 130.918613, "url": "https://www.iryou.teikyouseido.mhlw.go.jp/znk-web/juminkanja/S2430/initialize?prefCd=35&kikanCd=350&kikanKbn=5", "url2": null, "内容": "のぞみ薬局金比羅店【5:薬局】山口県下関市金比羅２－１" }, "geometry": { "type": "Point", "coordinates": [ 130.918613, 33.96674 ] } },
{ "type": "Feature", "properties": { "ID": 355351, "正式名称": "長門中央薬局", "機関区分": 5, "都道府県コード": 35, "市区町村コード": 211, "所在地": "山口県長門市東深川８９０番地の２２", "緯度": 34.37702, "経度": 131.186052, "url": "https://www.iryou.teikyouseido.mhlw.go.jp/znk-web/juminkanja/S2430/initialize?prefCd=35&kikanCd=351&kikanKbn=5", "url2": "https://www.nagatochuph.com", "内容": "長門中央薬局【5:薬局】山口県長門市東深川８９０番地の２２" }, "geometry": { "type": "Point", "coordinates": [ 131.186052, 34.37702 ] } },
{ "type": "Feature", "properties": { "ID": 355352, "正式名称": "いちのみや薬局　防府店", "機関区分": 5, "都道府県コード": 35, "市区町村コード": 206, "所在地": "山口県防府市華浦２丁目４番１８号", "緯度": 34.038039, "経度": 131.568313, "url": "https://www.iryou.teikyouseido.mhlw.go.jp/znk-web/juminkanja/S2430/initialize?prefCd=35&kikanCd=352&kikanKbn=5", "url2": "http://ichinomiya-pharmacy-group.jp/", "内容": "いちのみや薬局　防府店【5:薬局】山口県防府市華浦２丁目４番１８号" }, "geometry": { "type": "Point", "coordinates": [ 131.568313, 34.038039 ] } },
{ "type": "Feature", "properties": { "ID": 355353, "正式名称": "そうごう薬局　下松店", "機関区分": 5, "都道府県コード": 35, "市区町村コード": 207, "所在地": "山口県下松市中央町２１ー３　ゆめタウン下松４階", "緯度": 34.019978, "経度": 131.86249, "url": "https://www.iryou.teikyouseido.mhlw.go.jp/znk-web/juminkanja/S2430/initialize?prefCd=35&kikanCd=353&kikanKbn=5", "url2": "https://shop.sogo-pharmacy.jp/detail/28/", "内容": "そうごう薬局　下松店【5:薬局】山口県下松市中央町２１ー３　ゆめタウン下松４階" }, "geometry": { "type": "Point", "coordinates": [ 131.86249, 34.019978 ] } },
{ "type": "Feature", "properties": { "ID": 355354, "正式名称": "そうごう薬局　宇部店", "機関区分": 5, "都道府県コード": 35, "市区町村コード": 202, "所在地": "山口県宇部市西小串５丁目６番１９号", "緯度": 33.965415, "経度": 131.244217, "url": "https://www.iryou.teikyouseido.mhlw.go.jp/znk-web/juminkanja/S2430/initialize?prefCd=35&kikanCd=354&kikanKbn=5", "url2": "http://www.sogo-medical.co.jp", "内容": "そうごう薬局　宇部店【5:薬局】山口県宇部市西小串５丁目６番１９号" }, "geometry": { "type": "Point", "coordinates": [ 131.244217, 33.965415 ] } },
{ "type": "Feature", "properties": { "ID": 355355, "正式名称": "小川薬局　小羽山店", "機関区分": 5, "都道府県コード": 35, "市区町村コード": 202, "所在地": "山口県宇部市北小羽山町二丁目６番３号", "緯度": 33.978038, "経度": 131.25954, "url": "https://www.iryou.teikyouseido.mhlw.go.jp/znk-web/juminkanja/S2430/initialize?prefCd=35&kikanCd=355&kikanKbn=5", "url2": "http://www.green-ph.jp/", "内容": "小川薬局　小羽山店【5:薬局】山口県宇部市北小羽山町二丁目６番３号" }, "geometry": { "type": "Point", "coordinates": [ 131.25954, 33.978038 ] } },
{ "type": "Feature", "properties": { "ID": 355358, "正式名称": "パワフル薬局", "機関区分": 5, "都道府県コード": 35, "市区町村コード": 201, "所在地": "山口県下関市彦島江の浦町", "緯度": 33.928984, "経度": 130.917402, "url": "https://www.iryou.teikyouseido.mhlw.go.jp/znk-web/juminkanja/S2430/initialize?prefCd=35&kikanCd=358&kikanKbn=5", "url2": "http://pawafuru-p6.crayonsite.net", "内容": "パワフル薬局【5:薬局】山口県下関市彦島江の浦町" }, "geometry": { "type": "Point", "coordinates": [ 130.917402, 33.928984 ] } },
{ "type": "Feature", "properties": { "ID": 355359, "正式名称": "多々良薬局", "機関区分": 5, "都道府県コード": 35, "市区町村コード": 206, "所在地": "山口県防府市多々良２ー５ー４６", "緯度": 34.06173, "経度": 131.58835, "url": "https://www.iryou.teikyouseido.mhlw.go.jp/znk-web/juminkanja/S2430/initialize?prefCd=35&kikanCd=359&kikanKbn=5", "url2": "https://ishimaru-ph.co.jp/", "内容": "多々良薬局【5:薬局】山口県防府市多々良２ー５ー４６" }, "geometry": { "type": "Point", "coordinates": [ 131.58835, 34.06173 ] } },
{ "type": "Feature", "properties": { "ID": 35536, "正式名称": "有限会社木津屋薬局", "機関区分": 5, "都道府県コード": 35, "市区町村コード": 203, "所在地": "山口県山口市中市町６番１８号", "緯度": 34.178403, "経度": 131.478792, "url": "https://www.iryou.teikyouseido.mhlw.go.jp/znk-web/juminkanja/S2430/initialize?prefCd=35&kikanCd=36&kikanKbn=5", "url2": null, "内容": "有限会社木津屋薬局【5:薬局】山口県山口市中市町６番１８号" }, "geometry": { "type": "Point", "coordinates": [ 131.478792, 34.178403 ] } },
{ "type": "Feature", "properties": { "ID": 355360, "正式名称": "すえ薬局", "機関区分": 5, "都道府県コード": 35, "市区町村コード": 216, "所在地": "山口県山陽小野田市須恵１－１２－２", "緯度": 33.971808, "経度": 131.179336, "url": "https://www.iryou.teikyouseido.mhlw.go.jp/znk-web/juminkanja/S2430/initialize?prefCd=35&kikanCd=360&kikanKbn=5", "url2": "http://www.cosmo-pharmacy.co.jp", "内容": "すえ薬局【5:薬局】山口県山陽小野田市須恵１－１２－２" }, "geometry": { "type": "Point", "coordinates": [ 131.179336, 33.971808 ] } },
{ "type": "Feature", "properties": { "ID": 355361, "正式名称": "光ヶ丘薬局", "機関区分": 5, "都道府県コード": 35, "市区町村コード": 203, "所在地": "山口県山口市小郡新町７－１－３７", "緯度": 34.118778, "経度": 131.399164, "url": "https://www.iryou.teikyouseido.mhlw.go.jp/znk-web/juminkanja/S2430/initialize?prefCd=35&kikanCd=361&kikanKbn=5", "url2": null, "内容": "光ヶ丘薬局【5:薬局】山口県山口市小郡新町７－１－３７" }, "geometry": { "type": "Point", "coordinates": [ 131.399164, 34.118778 ] } },
{ "type": "Feature", "properties": { "ID": 355363, "正式名称": "秋本東駅薬局", "機関区分": 5, "都道府県コード": 35, "市区町村コード": 201, "所在地": "山口県下関市後田町１－８－１８", "緯度": 33.968924, "経度": 130.930513, "url": "https://www.iryou.teikyouseido.mhlw.go.jp/znk-web/juminkanja/S2430/initialize?prefCd=35&kikanCd=363&kikanKbn=5", "url2": "http://akimoto-yakkyoku.jp/", "内容": "秋本東駅薬局【5:薬局】山口県下関市後田町１－８－１８" }, "geometry": { "type": "Point", "coordinates": [ 130.930513, 33.968924 ] } },
{ "type": "Feature", "properties": { "ID": 355364, "正式名称": "大内薬局", "機関区分": 5, "都道府県コード": 35, "市区町村コード": 215, "所在地": "山口県周南市大内町８番４号", "緯度": 34.049619, "経度": 131.826044, "url": "https://www.iryou.teikyouseido.mhlw.go.jp/znk-web/juminkanja/S2430/initialize?prefCd=35&kikanCd=364&kikanKbn=5", "url2": null, "内容": "大内薬局【5:薬局】山口県周南市大内町８番４号" }, "geometry": { "type": "Point", "coordinates": [ 131.826044, 34.049619 ] } },
{ "type": "Feature", "properties": { "ID": 355365, "正式名称": "ひらき薬局", "機関区分": 5, "都道府県コード": 35, "市区町村コード": 202, "所在地": "山口県宇部市開１－３－２", "緯度": 33.961781, "経度": 131.275739, "url": "https://www.iryou.teikyouseido.mhlw.go.jp/znk-web/juminkanja/S2430/initialize?prefCd=35&kikanCd=365&kikanKbn=5", "url2": null, "内容": "ひらき薬局【5:薬局】山口県宇部市開１－３－２" }, "geometry": { "type": "Point", "coordinates": [ 131.275739, 33.961781 ] } },
{ "type": "Feature", "properties": { "ID": 355366, "正式名称": "佐村松山町薬局", "機関区分": 5, "都道府県コード": 35, "市区町村コード": 202, "所在地": "山口県宇部市松山町四丁目８－３", "緯度": 33.937146, "経度": 131.258432, "url": "https://www.iryou.teikyouseido.mhlw.go.jp/znk-web/juminkanja/S2430/initialize?prefCd=35&kikanCd=366&kikanKbn=5", "url2": "http://samurapharmacy.g1.xrea.com/sub3.html", "内容": "佐村松山町薬局【5:薬局】山口県宇部市松山町四丁目８－３" }, "geometry": { "type": "Point", "coordinates": [ 131.258432, 33.937146 ] } },
{ "type": "Feature", "properties": { "ID": 355367, "正式名称": "よしず薬局", "機関区分": 5, "都道府県コード": 35, "市区町村コード": 211, "所在地": "山口県長門市仙崎２８３番地の４", "緯度": 34.37445, "経度": 131.195239, "url": "https://www.iryou.teikyouseido.mhlw.go.jp/znk-web/juminkanja/S2430/initialize?prefCd=35&kikanCd=367&kikanKbn=5", "url2": null, "内容": "よしず薬局【5:薬局】山口県長門市仙崎２８３番地の４" }, "geometry": { "type": "Point", "coordinates": [ 131.195239, 34.37445 ] } },
{ "type": "Feature", "properties": { "ID": 355370, "正式名称": "さくら薬局", "機関区分": 5, "都道府県コード": 35, "市区町村コード": 211, "所在地": "山口県長門市東深川西新開１４５番地の５", "緯度": 34.37515, "経度": 131.18135, "url": "https://www.iryou.teikyouseido.mhlw.go.jp/znk-web/juminkanja/S2430/initialize?prefCd=35&kikanCd=370&kikanKbn=5", "url2": "https://teaplan-g.com/", "内容": "さくら薬局【5:薬局】山口県長門市東深川西新開１４５番地の５" }, "geometry": { "type": "Point", "coordinates": [ 131.18135, 34.37515 ] } },
{ "type": "Feature", "properties": { "ID": 355371, "正式名称": "川中薬局", "機関区分": 5, "都道府県コード": 35, "市区町村コード": 201, "所在地": "山口県下関市川中豊町７丁目１２番１３号", "緯度": 33.99336, "経度": 130.938984, "url": "https://www.iryou.teikyouseido.mhlw.go.jp/znk-web/juminkanja/S2430/initialize?prefCd=35&kikanCd=371&kikanKbn=5", "url2": "https://www.kawanaka-p.jp", "内容": "川中薬局【5:薬局】山口県下関市川中豊町７丁目１２番１３号" }, "geometry": { "type": "Point", "coordinates": [ 130.938984, 33.99336 ] } },
{ "type": "Feature", "properties": { "ID": 355379, "正式名称": "有限会社藤井薬局", "機関区分": 5, "都道府県コード": 35, "市区町村コード": 201, "所在地": "山口県下関市長府金屋町４ー１５", "緯度": 34.001595, "経度": 130.98969, "url": "https://www.iryou.teikyouseido.mhlw.go.jp/znk-web/juminkanja/S2430/initialize?prefCd=35&kikanCd=379&kikanKbn=5", "url2": null, "内容": "有限会社藤井薬局【5:薬局】山口県下関市長府金屋町４ー１５" }, "geometry": { "type": "Point", "coordinates": [ 130.98969, 34.001595 ] } },
{ "type": "Feature", "properties": { "ID": 355381, "正式名称": "おおそら薬局", "機関区分": 5, "都道府県コード": 35, "市区町村コード": 203, "所在地": "山口県山口市赤妻町３番７号", "緯度": 34.168337, "経度": 131.449481, "url": "https://www.iryou.teikyouseido.mhlw.go.jp/znk-web/juminkanja/S2430/initialize?prefCd=35&kikanCd=381&kikanKbn=5", "url2": null, "内容": "おおそら薬局【5:薬局】山口県山口市赤妻町３番７号" }, "geometry": { "type": "Point", "coordinates": [ 131.449481, 34.168337 ] } },
{ "type": "Feature", "properties": { "ID": 355382, "正式名称": "みすみ薬局", "機関区分": 5, "都道府県コード": 35, "市区町村コード": 211, "所在地": "山口県長門市三隅下１３６２番地の１", "緯度": 34.3678, "経度": 131.238069, "url": "https://www.iryou.teikyouseido.mhlw.go.jp/znk-web/juminkanja/S2430/initialize?prefCd=35&kikanCd=382&kikanKbn=5", "url2": null, "内容": "みすみ薬局【5:薬局】山口県長門市三隅下１３６２番地の１" }, "geometry": { "type": "Point", "coordinates": [ 131.238069, 34.3678 ] } },
{ "type": "Feature", "properties": { "ID": 355384, "正式名称": "かのはら薬局", "機関区分": 5, "都道府県コード": 35, "市区町村コード": 202, "所在地": "山口県宇部市山門４丁目１番２４号", "緯度": 33.963981, "経度": 131.274431, "url": "https://www.iryou.teikyouseido.mhlw.go.jp/znk-web/juminkanja/S2430/initialize?prefCd=35&kikanCd=384&kikanKbn=5", "url2": null, "内容": "かのはら薬局【5:薬局】山口県宇部市山門４丁目１番２４号" }, "geometry": { "type": "Point", "coordinates": [ 131.274431, 33.963981 ] } },
{ "type": "Feature", "properties": { "ID": 355385, "正式名称": "くすりらんど栄町薬局", "機関区分": 5, "都道府県コード": 35, "市区町村コード": 215, "所在地": "山口県周南市栄町二丁目４０番地", "緯度": 34.052935, "経度": 131.80388, "url": "https://www.iryou.teikyouseido.mhlw.go.jp/znk-web/juminkanja/S2430/initialize?prefCd=35&kikanCd=385&kikanKbn=5", "url2": null, "内容": "くすりらんど栄町薬局【5:薬局】山口県周南市栄町二丁目４０番地" }, "geometry": { "type": "Point", "coordinates": [ 131.80388, 34.052935 ] } },
{ "type": "Feature", "properties": { "ID": 355386, "正式名称": "もみの木薬局", "機関区分": 5, "都道府県コード": 35, "市区町村コード": 201, "所在地": "山口県下関市生野町二丁目２７番３号", "緯度": 33.984875, "経度": 130.934522, "url": "https://www.iryou.teikyouseido.mhlw.go.jp/znk-web/juminkanja/S2430/initialize?prefCd=35&kikanCd=386&kikanKbn=5", "url2": "http://www.nakayamayakuhan.co.jp", "内容": "もみの木薬局【5:薬局】山口県下関市生野町二丁目２７番３号" }, "geometry": { "type": "Point", "coordinates": [ 130.934522, 33.984875 ] } },
{ "type": "Feature", "properties": { "ID": 355387, "正式名称": "さつき薬局", "機関区分": 5, "都道府県コード": 35, "市区町村コード": 201, "所在地": "山口県下関市豊北町大字阿川３７９５番地の３", "緯度": 34.339328, "経度": 130.925659, "url": "https://www.iryou.teikyouseido.mhlw.go.jp/znk-web/juminkanja/S2430/initialize?prefCd=35&kikanCd=387&kikanKbn=5", "url2": "http://mizuki.iinaa.net/", "内容": "さつき薬局【5:薬局】山口県下関市豊北町大字阿川３７９５番地の３" }, "geometry": { "type": "Point", "coordinates": [ 130.925659, 34.339328 ] } },
{ "type": "Feature", "properties": { "ID": 355391, "正式名称": "有限会社伊藤重光堂薬局", "機関区分": 5, "都道府県コード": 35, "市区町村コード": 201, "所在地": "山口県下関市中之町９番１号", "緯度": 33.958292, "経度": 130.946314, "url": "https://www.iryou.teikyouseido.mhlw.go.jp/znk-web/juminkanja/S2430/initialize?prefCd=35&kikanCd=391&kikanKbn=5", "url2": null, "内容": "有限会社伊藤重光堂薬局【5:薬局】山口県下関市中之町９番１号" }, "geometry": { "type": "Point", "coordinates": [ 130.946314, 33.958292 ] } },
{ "type": "Feature", "properties": { "ID": 355392, "正式名称": "そうごう薬局　萩店", "機関区分": 5, "都道府県コード": 35, "市区町村コード": 204, "所在地": "山口県萩市江向４１７番地２", "緯度": 34.407164, "経度": 131.401786, "url": "https://www.iryou.teikyouseido.mhlw.go.jp/znk-web/juminkanja/S2430/initialize?prefCd=35&kikanCd=392&kikanKbn=5", "url2": "http://www.sogo-medical.co.jp", "内容": "そうごう薬局　萩店【5:薬局】山口県萩市江向４１７番地２" }, "geometry": { "type": "Point", "coordinates": [ 131.401786, 34.407164 ] } },
{ "type": "Feature", "properties": { "ID": 355396, "正式名称": "有限会社有田薬局", "機関区分": 5, "都道府県コード": 35, "市区町村コード": 215, "所在地": "山口県周南市新町１－２７", "緯度": 34.052332, "経度": 131.805976, "url": "https://www.iryou.teikyouseido.mhlw.go.jp/znk-web/juminkanja/S2430/initialize?prefCd=35&kikanCd=396&kikanKbn=5", "url2": null, "内容": "有限会社有田薬局【5:薬局】山口県周南市新町１－２７" }, "geometry": { "type": "Point", "coordinates": [ 131.805976, 34.052332 ] } },
{ "type": "Feature", "properties": { "ID": 355398, "正式名称": "石丸薬局　末武店", "機関区分": 5, "都道府県コード": 35, "市区町村コード": 207, "所在地": "山口県下松市望町１丁目９－１１", "緯度": 34.027136, "経度": 131.861376, "url": "https://www.iryou.teikyouseido.mhlw.go.jp/znk-web/juminkanja/S2430/initialize?prefCd=35&kikanCd=398&kikanKbn=5", "url2": "https://ishimaru-ph.co.jp/", "内容": "石丸薬局　末武店【5:薬局】山口県下松市望町１丁目９－１１" }, "geometry": { "type": "Point", "coordinates": [ 131.861376, 34.027136 ] } },
{ "type": "Feature", "properties": { "ID": 355402, "正式名称": "小野田中央薬局", "機関区分": 5, "都道府県コード": 35, "市区町村コード": 216, "所在地": "山口県山陽小野田市須恵１丁目４番１２号", "緯度": 33.974094, "経度": 131.178883, "url": "https://www.iryou.teikyouseido.mhlw.go.jp/znk-web/juminkanja/S2430/initialize?prefCd=35&kikanCd=402&kikanKbn=5", "url2": null, "内容": "小野田中央薬局【5:薬局】山口県山陽小野田市須恵１丁目４番１２号" }, "geometry": { "type": "Point", "coordinates": [ 131.178883, 33.974094 ] } },
{ "type": "Feature", "properties": { "ID": 355403, "正式名称": "ドレミ薬局", "機関区分": 5, "都道府県コード": 35, "市区町村コード": 212, "所在地": "山口県柳井市南町７丁目１１番８号", "緯度": 33.962594, "経度": 132.097878, "url": "https://www.iryou.teikyouseido.mhlw.go.jp/znk-web/juminkanja/S2430/initialize?prefCd=35&kikanCd=403&kikanKbn=5", "url2": null, "内容": "ドレミ薬局【5:薬局】山口県柳井市南町７丁目１１番８号" }, "geometry": { "type": "Point", "coordinates": [ 132.097878, 33.962594 ] } },
{ "type": "Feature", "properties": { "ID": 355405, "正式名称": "さんよう薬局", "機関区分": 5, "都道府県コード": 35, "市区町村コード": 216, "所在地": "山口県山陽小野田市厚狭１０４２ー１", "緯度": 34.059073, "経度": 131.174045, "url": "https://www.iryou.teikyouseido.mhlw.go.jp/znk-web/juminkanja/S2430/initialize?prefCd=35&kikanCd=405&kikanKbn=5", "url2": null, "内容": "さんよう薬局【5:薬局】山口県山陽小野田市厚狭１０４２ー１" }, "geometry": { "type": "Point", "coordinates": [ 131.174045, 34.059073 ] } },
{ "type": "Feature", "properties": { "ID": 355406, "正式名称": "岡山漢方薬局", "機関区分": 5, "都道府県コード": 35, "市区町村コード": 208, "所在地": "山口県岩国市玖珂町５１４ー１", "緯度": 34.096143, "経度": 132.079899, "url": "https://www.iryou.teikyouseido.mhlw.go.jp/znk-web/juminkanja/S2430/initialize?prefCd=35&kikanCd=406&kikanKbn=5", "url2": null, "内容": "岡山漢方薬局【5:薬局】山口県岩国市玖珂町５１４ー１" }, "geometry": { "type": "Point", "coordinates": [ 132.079899, 34.096143 ] } },
{ "type": "Feature", "properties": { "ID": 355408, "正式名称": "天神薬局", "機関区分": 5, "都道府県コード": 35, "市区町村コード": 206, "所在地": "山口県防府市天神", "緯度": 34.056964, "経度": 131.573181, "url": "https://www.iryou.teikyouseido.mhlw.go.jp/znk-web/juminkanja/S2430/initialize?prefCd=35&kikanCd=408&kikanKbn=5", "url2": "https://ishimaru-ph.co.jp/", "内容": "天神薬局【5:薬局】山口県防府市天神" }, "geometry": { "type": "Point", "coordinates": [ 131.573181, 34.056964 ] } },
{ "type": "Feature", "properties": { "ID": 35541, "正式名称": "ハラダ薬局", "機関区分": 5, "都道府県コード": 35, "市区町村コード": 216, "所在地": "山口県山陽小野田市大字埴生８２９番地", "緯度": 34.03904, "経度": 131.090537, "url": "https://www.iryou.teikyouseido.mhlw.go.jp/znk-web/juminkanja/S2430/initialize?prefCd=35&kikanCd=41&kikanKbn=5", "url2": null, "内容": "ハラダ薬局【5:薬局】山口県山陽小野田市大字埴生８２９番地" }, "geometry": { "type": "Point", "coordinates": [ 131.090537, 34.03904 ] } },
{ "type": "Feature", "properties": { "ID": 355410, "正式名称": "仙崎薬局", "機関区分": 5, "都道府県コード": 35, "市区町村コード": 211, "所在地": "山口県長門市仙崎横田２０４番地の１", "緯度": 34.40197, "経度": 131.19856, "url": "https://www.iryou.teikyouseido.mhlw.go.jp/znk-web/juminkanja/S2430/initialize?prefCd=35&kikanCd=410&kikanKbn=5", "url2": null, "内容": "仙崎薬局【5:薬局】山口県長門市仙崎横田２０４番地の１" }, "geometry": { "type": "Point", "coordinates": [ 131.19856, 34.40197 ] } },
{ "type": "Feature", "properties": { "ID": 355411, "正式名称": "オリーブ薬局", "機関区分": 5, "都道府県コード": 35, "市区町村コード": 203, "所在地": "山口県山口市泉町", "緯度": 34.166551, "経度": 131.450957, "url": "https://www.iryou.teikyouseido.mhlw.go.jp/znk-web/juminkanja/S2430/initialize?prefCd=35&kikanCd=411&kikanKbn=5", "url2": "https://oliveph753.com/", "内容": "オリーブ薬局【5:薬局】山口県山口市泉町" }, "geometry": { "type": "Point", "coordinates": [ 131.450957, 34.166551 ] } },
{ "type": "Feature", "properties": { "ID": 355418, "正式名称": "山口介護保険薬局", "機関区分": 5, "都道府県コード": 35, "市区町村コード": 203, "所在地": "山口県山口市小郡平砂町７ー６", "緯度": 34.087765, "経度": 131.3937, "url": "https://www.iryou.teikyouseido.mhlw.go.jp/znk-web/juminkanja/S2430/initialize?prefCd=35&kikanCd=418&kikanKbn=5", "url2": null, "内容": "山口介護保険薬局【5:薬局】山口県山口市小郡平砂町７ー６" }, "geometry": { "type": "Point", "coordinates": [ 131.3937, 34.087765 ] } },
{ "type": "Feature", "properties": { "ID": 355421, "正式名称": "菜の花薬局", "機関区分": 5, "都道府県コード": 35, "市区町村コード": 201, "所在地": "山口県下関市垢田町１－２３－１２", "緯度": 33.992619, "経度": 130.926353, "url": "https://www.iryou.teikyouseido.mhlw.go.jp/znk-web/juminkanja/S2430/initialize?prefCd=35&kikanCd=421&kikanKbn=5", "url2": "http://www.e-classa.net/nanohana11/index/html", "内容": "菜の花薬局【5:薬局】山口県下関市垢田町１－２３－１２" }, "geometry": { "type": "Point", "coordinates": [ 130.926353, 33.992619 ] } },
{ "type": "Feature", "properties": { "ID": 355425, "正式名称": "アイエム薬局", "機関区分": 5, "都道府県コード": 35, "市区町村コード": 216, "所在地": "山口県山陽小野田市くし山二丁目１番８号", "緯度": 34.013691, "経度": 131.184404, "url": "https://www.iryou.teikyouseido.mhlw.go.jp/znk-web/juminkanja/S2430/initialize?prefCd=35&kikanCd=425&kikanKbn=5", "url2": "https://aiem-onoda.jp", "内容": "アイエム薬局【5:薬局】山口県山陽小野田市くし山二丁目１番８号" }, "geometry": { "type": "Point", "coordinates": [ 131.184404, 34.013691 ] } },
{ "type": "Feature", "properties": { "ID": 355426, "正式名称": "おづ薬局", "機関区分": 5, "都道府県コード": 35, "市区町村コード": 208, "所在地": "山口県岩国市尾津町１丁目１２番２７号", "緯度": 34.143684, "経度": 132.212482, "url": "https://www.iryou.teikyouseido.mhlw.go.jp/znk-web/juminkanja/S2430/initialize?prefCd=35&kikanCd=426&kikanKbn=5", "url2": null, "内容": "おづ薬局【5:薬局】山口県岩国市尾津町１丁目１２番２７号" }, "geometry": { "type": "Point", "coordinates": [ 132.212482, 34.143684 ] } },
{ "type": "Feature", "properties": { "ID": 355427, "正式名称": "やまて薬局", "機関区分": 5, "都道府県コード": 35, "市区町村コード": 208, "所在地": "山口県岩国市山手町二丁目１８番１３号", "緯度": 34.164772, "経度": 132.212945, "url": "https://www.iryou.teikyouseido.mhlw.go.jp/znk-web/juminkanja/S2430/initialize?prefCd=35&kikanCd=427&kikanKbn=5", "url2": null, "内容": "やまて薬局【5:薬局】山口県岩国市山手町二丁目１８番１３号" }, "geometry": { "type": "Point", "coordinates": [ 132.212945, 34.164772 ] } },
{ "type": "Feature", "properties": { "ID": 355428, "正式名称": "家本薬局", "機関区分": 5, "都道府県コード": 35, "市区町村コード": 206, "所在地": "山口県防府市田島１０３２番地", "緯度": 34.023564, "経度": 131.561567, "url": "https://www.iryou.teikyouseido.mhlw.go.jp/znk-web/juminkanja/S2430/initialize?prefCd=35&kikanCd=428&kikanKbn=5", "url2": "http://www4.ocn.ne.jp/~saba123/", "内容": "家本薬局【5:薬局】山口県防府市田島１０３２番地" }, "geometry": { "type": "Point", "coordinates": [ 131.561567, 34.023564 ] } },
{ "type": "Feature", "properties": { "ID": 355430, "正式名称": "有限会社オリーブ薬局", "機関区分": 5, "都道府県コード": 35, "市区町村コード": 204, "所在地": "山口県萩市堀内２３６", "緯度": 34.414251, "経度": 131.389201, "url": "https://www.iryou.teikyouseido.mhlw.go.jp/znk-web/juminkanja/S2430/initialize?prefCd=35&kikanCd=430&kikanKbn=5", "url2": null, "内容": "有限会社オリーブ薬局【5:薬局】山口県萩市堀内２３６" }, "geometry": { "type": "Point", "coordinates": [ 131.389201, 34.414251 ] } },
{ "type": "Feature", "properties": { "ID": 355432, "正式名称": "いちご薬局本町店", "機関区分": 5, "都道府県コード": 35, "市区町村コード": 208, "所在地": "山口県岩国市玖珂町５９５１", "緯度": 34.094343, "経度": 132.08214, "url": "https://www.iryou.teikyouseido.mhlw.go.jp/znk-web/juminkanja/S2430/initialize?prefCd=35&kikanCd=432&kikanKbn=5", "url2": "http://www.15ichigo.jp/", "内容": "いちご薬局本町店【5:薬局】山口県岩国市玖珂町５９５１" }, "geometry": { "type": "Point", "coordinates": [ 132.08214, 34.094343 ] } },
{ "type": "Feature", "properties": { "ID": 355439, "正式名称": "アカダ薬局　新町店", "機関区分": 5, "都道府県コード": 35, "市区町村コード": 201, "所在地": "山口県下関市上田中町", "緯度": 33.96182, "経度": 130.94165, "url": "https://www.iryou.teikyouseido.mhlw.go.jp/znk-web/juminkanja/S2430/initialize?prefCd=35&kikanCd=439&kikanKbn=5", "url2": null, "内容": "アカダ薬局　新町店【5:薬局】山口県下関市上田中町" }, "geometry": { "type": "Point", "coordinates": [ 130.94165, 33.96182 ] } },
{ "type": "Feature", "properties": { "ID": 355442, "正式名称": "ひのき薬局", "機関区分": 5, "都道府県コード": 35, "市区町村コード": 202, "所在地": "山口県宇部市西岐波４７３９－２４", "緯度": 33.948986, "経度": 131.291211, "url": "https://www.iryou.teikyouseido.mhlw.go.jp/znk-web/juminkanja/S2430/initialize?prefCd=35&kikanCd=442&kikanKbn=5", "url2": null, "内容": "ひのき薬局【5:薬局】山口県宇部市西岐波４７３９－２４" }, "geometry": { "type": "Point", "coordinates": [ 131.291211, 33.948986 ] } },
{ "type": "Feature", "properties": { "ID": 355444, "正式名称": "おごおり薬局", "機関区分": 5, "都道府県コード": 35, "市区町村コード": 203, "所在地": "山口県山口市小郡下郷８６６番地４", "緯度": 34.102672, "経度": 131.397422, "url": "https://www.iryou.teikyouseido.mhlw.go.jp/znk-web/juminkanja/S2430/initialize?prefCd=35&kikanCd=444&kikanKbn=5", "url2": "http://www.seirankai.or.jp", "内容": "おごおり薬局【5:薬局】山口県山口市小郡下郷８６６番地４" }, "geometry": { "type": "Point", "coordinates": [ 131.397422, 34.102672 ] } },
{ "type": "Feature", "properties": { "ID": 355449, "正式名称": "有限会社ひまわり薬局", "機関区分": 5, "都道府県コード": 35, "市区町村コード": 201, "所在地": "山口県下関市生野町", "緯度": 33.985973, "経度": 130.937958, "url": "https://www.iryou.teikyouseido.mhlw.go.jp/znk-web/juminkanja/S2430/initialize?prefCd=35&kikanCd=449&kikanKbn=5", "url2": "https://www.shimonoseki-himawari-pharmacy.com/home", "内容": "有限会社ひまわり薬局【5:薬局】山口県下関市生野町" }, "geometry": { "type": "Point", "coordinates": [ 130.937958, 33.985973 ] } },
{ "type": "Feature", "properties": { "ID": 355450, "正式名称": "ささむら薬局", "機関区分": 5, "都道府県コード": 35, "市区町村コード": 204, "所在地": "山口県萩市東田町１８－４", "緯度": 34.412994, "経度": 131.403504, "url": "https://www.iryou.teikyouseido.mhlw.go.jp/znk-web/juminkanja/S2430/initialize?prefCd=35&kikanCd=450&kikanKbn=5", "url2": "sasamurahagi.com", "内容": "ささむら薬局【5:薬局】山口県萩市東田町１８－４" }, "geometry": { "type": "Point", "coordinates": [ 131.403504, 34.412994 ] } },
{ "type": "Feature", "properties": { "ID": 355451, "正式名称": "山手ハート薬局", "機関区分": 5, "都道府県コード": 35, "市区町村コード": 208, "所在地": "山口県岩国市山手町１丁目１１番２４号", "緯度": 34.168678, "経度": 132.21734, "url": "https://www.iryou.teikyouseido.mhlw.go.jp/znk-web/juminkanja/S2430/initialize?prefCd=35&kikanCd=451&kikanKbn=5", "url2": "yamateheart-pharmacy.com", "内容": "山手ハート薬局【5:薬局】山口県岩国市山手町１丁目１１番２４号" }, "geometry": { "type": "Point", "coordinates": [ 132.21734, 34.168678 ] } },
{ "type": "Feature", "properties": { "ID": 355452, "正式名称": "ワイズ薬局", "機関区分": 5, "都道府県コード": 35, "市区町村コード": 201, "所在地": "山口県下関市長府東侍町５－６", "緯度": 33.994789, "経度": 130.991519, "url": "https://www.iryou.teikyouseido.mhlw.go.jp/znk-web/juminkanja/S2430/initialize?prefCd=35&kikanCd=452&kikanKbn=5", "url2": "http://kotobukiph.com", "内容": "ワイズ薬局【5:薬局】山口県下関市長府東侍町５－６" }, "geometry": { "type": "Point", "coordinates": [ 130.991519, 33.994789 ] } },
{ "type": "Feature", "properties": { "ID": 355454, "正式名称": "第一薬局　労災病院前店", "機関区分": 5, "都道府県コード": 35, "市区町村コード": 216, "所在地": "山口県山陽小野田市南中川町１１３００－２８", "緯度": 33.986787, "経度": 131.178188, "url": "https://www.iryou.teikyouseido.mhlw.go.jp/znk-web/juminkanja/S2430/initialize?prefCd=35&kikanCd=454&kikanKbn=5", "url2": null, "内容": "第一薬局　労災病院前店【5:薬局】山口県山陽小野田市南中川町１１３００－２８" }, "geometry": { "type": "Point", "coordinates": [ 131.178188, 33.986787 ] } },
{ "type": "Feature", "properties": { "ID": 355456, "正式名称": "サルビア薬局", "機関区分": 5, "都道府県コード": 35, "市区町村コード": 215, "所在地": "山口県周南市政所二丁目１３番１３号", "緯度": 34.0731, "経度": 131.76673, "url": "https://www.iryou.teikyouseido.mhlw.go.jp/znk-web/juminkanja/S2430/initialize?prefCd=35&kikanCd=456&kikanKbn=5", "url2": null, "内容": "サルビア薬局【5:薬局】山口県周南市政所二丁目１３番１３号" }, "geometry": { "type": "Point", "coordinates": [ 131.76673, 34.0731 ] } },
{ "type": "Feature", "properties": { "ID": 355458, "正式名称": "ひらお薬局", "機関区分": 5, "都道府県コード": 35, "市区町村コード": 344, "所在地": "山口県熊毛郡平生町平生村２０９－１", "緯度": 33.937584, "経度": 132.07594, "url": "https://www.iryou.teikyouseido.mhlw.go.jp/znk-web/juminkanja/S2430/initialize?prefCd=35&kikanCd=458&kikanKbn=5", "url2": "http://yuushin.cc/", "内容": "ひらお薬局【5:薬局】山口県熊毛郡平生町平生村２０９－１" }, "geometry": { "type": "Point", "coordinates": [ 132.07594, 33.937584 ] } },
{ "type": "Feature", "properties": { "ID": 355459, "正式名称": "美秋薬局", "機関区分": 5, "都道府県コード": 35, "市区町村コード": 213, "所在地": "山口県美祢市美東町大田３８１０－１４", "緯度": 34.220223, "経度": 131.339798, "url": "https://www.iryou.teikyouseido.mhlw.go.jp/znk-web/juminkanja/S2430/initialize?prefCd=35&kikanCd=459&kikanKbn=5", "url2": "https://www.rising-japan.org/", "内容": "美秋薬局【5:薬局】山口県美祢市美東町大田３８１０－１４" }, "geometry": { "type": "Point", "coordinates": [ 131.339798, 34.220223 ] } },
{ "type": "Feature", "properties": { "ID": 355460, "正式名称": "まりふ薬局", "機関区分": 5, "都道府県コード": 35, "市区町村コード": 206, "所在地": "山口県防府市石が口１－１０－１４", "緯度": 34.0413, "経度": 131.56665, "url": "https://www.iryou.teikyouseido.mhlw.go.jp/znk-web/juminkanja/S2430/initialize?prefCd=35&kikanCd=460&kikanKbn=5", "url2": "http://yuushin.cc/", "内容": "まりふ薬局【5:薬局】山口県防府市石が口１－１０－１４" }, "geometry": { "type": "Point", "coordinates": [ 131.56665, 34.0413 ] } },
{ "type": "Feature", "properties": { "ID": 355461, "正式名称": "シクマ薬局", "機関区分": 5, "都道府県コード": 35, "市区町村コード": 212, "所在地": "山口県柳井市ニュータウン南町２０番", "緯度": 33.967124, "経度": 132.097287, "url": "https://www.iryou.teikyouseido.mhlw.go.jp/znk-web/juminkanja/S2430/initialize?prefCd=35&kikanCd=461&kikanKbn=5", "url2": null, "内容": "シクマ薬局【5:薬局】山口県柳井市ニュータウン南町２０番" }, "geometry": { "type": "Point", "coordinates": [ 132.097287, 33.967124 ] } },
{ "type": "Feature", "properties": { "ID": 355467, "正式名称": "かしわや薬局　本店", "機関区分": 5, "都道府県コード": 35, "市区町村コード": 210, "所在地": "山口県光市浅江１丁目９番１１号", "緯度": 33.972111, "経度": 131.927725, "url": "https://www.iryou.teikyouseido.mhlw.go.jp/znk-web/juminkanja/S2430/initialize?prefCd=35&kikanCd=467&kikanKbn=5", "url2": "https://kashiwaya-pharmacy.com/", "内容": "かしわや薬局　本店【5:薬局】山口県光市浅江１丁目９番１１号" }, "geometry": { "type": "Point", "coordinates": [ 131.927725, 33.972111 ] } },
{ "type": "Feature", "properties": { "ID": 355468, "正式名称": "青海薬局", "機関区分": 5, "都道府県コード": 35, "市区町村コード": 204, "所在地": "山口県萩市椿４０８２の４", "緯度": 34.394367, "経度": 131.40112, "url": "https://www.iryou.teikyouseido.mhlw.go.jp/znk-web/juminkanja/S2430/initialize?prefCd=35&kikanCd=468&kikanKbn=5", "url2": "https://web.gogo.jp/publicpreview/preview/67e9df70a4160774daec3807", "内容": "青海薬局【5:薬局】山口県萩市椿４０８２の４" }, "geometry": { "type": "Point", "coordinates": [ 131.40112, 34.394367 ] } },
{ "type": "Feature", "properties": { "ID": 355471, "正式名称": "東郷薬局　東田町店", "機関区分": 5, "都道府県コード": 35, "市区町村コード": 204, "所在地": "山口県萩市東田町２２", "緯度": 34.412756, "経度": 131.402578, "url": "https://www.iryou.teikyouseido.mhlw.go.jp/znk-web/juminkanja/S2430/initialize?prefCd=35&kikanCd=471&kikanKbn=5", "url2": null, "内容": "東郷薬局　東田町店【5:薬局】山口県萩市東田町２２" }, "geometry": { "type": "Point", "coordinates": [ 131.402578, 34.412756 ] } },
{ "type": "Feature", "properties": { "ID": 355472, "正式名称": "下松共同薬局", "機関区分": 5, "都道府県コード": 35, "市区町村コード": 207, "所在地": "山口県下松市生野屋南１丁目１３番２号", "緯度": 34.031947, "経度": 131.87445, "url": "https://www.iryou.teikyouseido.mhlw.go.jp/znk-web/juminkanja/S2430/initialize?prefCd=35&kikanCd=472&kikanKbn=5", "url2": null, "内容": "下松共同薬局【5:薬局】山口県下松市生野屋南１丁目１３番２号" }, "geometry": { "type": "Point", "coordinates": [ 131.87445, 34.031947 ] } },
{ "type": "Feature", "properties": { "ID": 355474, "正式名称": "東岐波薬局", "機関区分": 5, "都道府県コード": 35, "市区町村コード": 202, "所在地": "山口県宇部市東岐波１３１１番地３", "緯度": 33.993253, "経度": 131.346111, "url": "https://www.iryou.teikyouseido.mhlw.go.jp/znk-web/juminkanja/S2430/initialize?prefCd=35&kikanCd=474&kikanKbn=5", "url2": null, "内容": "東岐波薬局【5:薬局】山口県宇部市東岐波１３１１番地３" }, "geometry": { "type": "Point", "coordinates": [ 131.346111, 33.993253 ] } },
{ "type": "Feature", "properties": { "ID": 355475, "正式名称": "めばえ薬局", "機関区分": 5, "都道府県コード": 35, "市区町村コード": 206, "所在地": "山口県防府市三田尻一丁目１２番１３号", "緯度": 34.045411, "経度": 131.575192, "url": "https://www.iryou.teikyouseido.mhlw.go.jp/znk-web/juminkanja/S2430/initialize?prefCd=35&kikanCd=475&kikanKbn=5", "url2": null, "内容": "めばえ薬局【5:薬局】山口県防府市三田尻一丁目１２番１３号" }, "geometry": { "type": "Point", "coordinates": [ 131.575192, 34.045411 ] } },
{ "type": "Feature", "properties": { "ID": 355477, "正式名称": "ゆりの木薬局　矢原店", "機関区分": 5, "都道府県コード": 35, "市区町村コード": 203, "所在地": "山口県山口市幸町３番２２号", "緯度": 34.157217, "経度": 131.450403, "url": "https://www.iryou.teikyouseido.mhlw.go.jp/znk-web/juminkanja/S2430/initialize?prefCd=35&kikanCd=477&kikanKbn=5", "url2": null, "内容": "ゆりの木薬局　矢原店【5:薬局】山口県山口市幸町３番２２号" }, "geometry": { "type": "Point", "coordinates": [ 131.450403, 34.157217 ] } },
{ "type": "Feature", "properties": { "ID": 355478, "正式名称": "いちのみや薬局伊佐江店", "機関区分": 5, "都道府県コード": 35, "市区町村コード": 206, "所在地": "山口県防府市桑南二丁目１４番１６号", "緯度": 34.039179, "経度": 131.558618, "url": "https://www.iryou.teikyouseido.mhlw.go.jp/znk-web/juminkanja/S2430/initialize?prefCd=35&kikanCd=478&kikanKbn=5", "url2": "https://ichinomiya-pharmacy-group.jp/", "内容": "いちのみや薬局伊佐江店【5:薬局】山口県防府市桑南二丁目１４番１６号" }, "geometry": { "type": "Point", "coordinates": [ 131.558618, 34.039179 ] } },
{ "type": "Feature", "properties": { "ID": 35548, "正式名称": "三陽堂薬局", "機関区分": 5, "都道府県コード": 35, "市区町村コード": 305, "所在地": "山口県大島郡周防大島町東安下庄２９３９－１２", "緯度": 33.900314, "経度": 132.279328, "url": "https://www.iryou.teikyouseido.mhlw.go.jp/znk-web/juminkanja/S2430/initialize?prefCd=35&kikanCd=48&kikanKbn=5", "url2": null, "内容": "三陽堂薬局【5:薬局】山口県大島郡周防大島町東安下庄２９３９－１２" }, "geometry": { "type": "Point", "coordinates": [ 132.279328, 33.900314 ] } },
{ "type": "Feature", "properties": { "ID": 355480, "正式名称": "フジモト薬局　西岐波店", "機関区分": 5, "都道府県コード": 35, "市区町村コード": 202, "所在地": "山口県宇部市西岐波浜田１５５０番地１０", "緯度": 33.94256, "経度": 131.29088, "url": "https://www.iryou.teikyouseido.mhlw.go.jp/znk-web/juminkanja/S2430/initialize?prefCd=35&kikanCd=480&kikanKbn=5", "url2": null, "内容": "フジモト薬局　西岐波店【5:薬局】山口県宇部市西岐波浜田１５５０番地１０" }, "geometry": { "type": "Point", "coordinates": [ 131.29088, 33.94256 ] } },
{ "type": "Feature", "properties": { "ID": 355485, "正式名称": "木屋川薬局", "機関区分": 5, "都道府県コード": 35, "市区町村コード": 201, "所在地": "山口県下関市豊田町大字中村５番地", "緯度": 34.200031, "経度": 131.077756, "url": "https://www.iryou.teikyouseido.mhlw.go.jp/znk-web/juminkanja/S2430/initialize?prefCd=35&kikanCd=485&kikanKbn=5", "url2": null, "内容": "木屋川薬局【5:薬局】山口県下関市豊田町大字中村５番地" }, "geometry": { "type": "Point", "coordinates": [ 131.077756, 34.200031 ] } },
{ "type": "Feature", "properties": { "ID": 355486, "正式名称": "くにしげふぁーましー", "機関区分": 5, "都道府県コード": 35, "市区町村コード": 208, "所在地": "山口県岩国市通津３７３５", "緯度": 34.069235, "経度": 132.207027, "url": "https://www.iryou.teikyouseido.mhlw.go.jp/znk-web/juminkanja/S2430/initialize?prefCd=35&kikanCd=486&kikanKbn=5", "url2": null, "内容": "くにしげふぁーましー【5:薬局】山口県岩国市通津３７３５" }, "geometry": { "type": "Point", "coordinates": [ 132.207027, 34.069235 ] } },
{ "type": "Feature", "properties": { "ID": 355488, "正式名称": "第一薬局住吉店", "機関区分": 5, "都道府県コード": 35, "市区町村コード": 216, "所在地": "山口県山陽小野田市住吉本町１丁目３番２２号", "緯度": 33.979908, "経度": 131.17746, "url": "https://www.iryou.teikyouseido.mhlw.go.jp/znk-web/juminkanja/S2430/initialize?prefCd=35&kikanCd=488&kikanKbn=5", "url2": null, "内容": "第一薬局住吉店【5:薬局】山口県山陽小野田市住吉本町１丁目３番２２号" }, "geometry": { "type": "Point", "coordinates": [ 131.17746, 33.979908 ] } },
{ "type": "Feature", "properties": { "ID": 355489, "正式名称": "有限会社杉山薬局", "機関区分": 5, "都道府県コード": 35, "市区町村コード": 204, "所在地": "山口県萩市下田万１３３５ー１", "緯度": 34.638186, "経度": 131.66135, "url": "https://www.iryou.teikyouseido.mhlw.go.jp/znk-web/juminkanja/S2430/initialize?prefCd=35&kikanCd=489&kikanKbn=5", "url2": "https://sugiyama-pharmacy.com", "内容": "有限会社杉山薬局【5:薬局】山口県萩市下田万１３３５ー１" }, "geometry": { "type": "Point", "coordinates": [ 131.66135, 34.638186 ] } },
{ "type": "Feature", "properties": { "ID": 355490, "正式名称": "コスモ薬局　防府店", "機関区分": 5, "都道府県コード": 35, "市区町村コード": 206, "所在地": "山口県防府市鋳物師町１１番１２号", "緯度": 34.051103, "経度": 131.576544, "url": "https://www.iryou.teikyouseido.mhlw.go.jp/znk-web/juminkanja/S2430/initialize?prefCd=35&kikanCd=490&kikanKbn=5", "url2": null, "内容": "コスモ薬局　防府店【5:薬局】山口県防府市鋳物師町１１番１２号" }, "geometry": { "type": "Point", "coordinates": [ 131.576544, 34.051103 ] } },
{ "type": "Feature", "properties": { "ID": 355491, "正式名称": "こぶし薬局", "機関区分": 5, "都道府県コード": 35, "市区町村コード": 208, "所在地": "山口県岩国市山手町１－１０－３", "緯度": 34.168723, "経度": 132.217889, "url": "https://www.iryou.teikyouseido.mhlw.go.jp/znk-web/juminkanja/S2430/initialize?prefCd=35&kikanCd=491&kikanKbn=5", "url2": null, "内容": "こぶし薬局【5:薬局】山口県岩国市山手町１－１０－３" }, "geometry": { "type": "Point", "coordinates": [ 132.217889, 34.168723 ] } },
{ "type": "Feature", "properties": { "ID": 355492, "正式名称": "車塚薬局", "機関区分": 5, "都道府県コード": 35, "市区町村コード": 206, "所在地": "山口県防府市車塚町４－４", "緯度": 34.052045, "経度": 131.574322, "url": "https://www.iryou.teikyouseido.mhlw.go.jp/znk-web/juminkanja/S2430/initialize?prefCd=35&kikanCd=492&kikanKbn=5", "url2": null, "内容": "車塚薬局【5:薬局】山口県防府市車塚町４－４" }, "geometry": { "type": "Point", "coordinates": [ 131.574322, 34.052045 ] } },
{ "type": "Feature", "properties": { "ID": 355493, "正式名称": "えびす薬局　新田店", "機関区分": 5, "都道府県コード": 35, "市区町村コード": 206, "所在地": "山口県防府市大字新田８７４番地", "緯度": 34.033453, "経度": 131.567956, "url": "https://www.iryou.teikyouseido.mhlw.go.jp/znk-web/juminkanja/S2430/initialize?prefCd=35&kikanCd=493&kikanKbn=5", "url2": null, "内容": "えびす薬局　新田店【5:薬局】山口県防府市大字新田８７４番地" }, "geometry": { "type": "Point", "coordinates": [ 131.567956, 34.033453 ] } },
{ "type": "Feature", "properties": { "ID": 355494, "正式名称": "のぞみ薬局", "機関区分": 5, "都道府県コード": 35, "市区町村コード": 216, "所在地": "山口県山陽小野田市小野田６１０６－８１", "緯度": 33.986592, "経度": 131.182114, "url": "https://www.iryou.teikyouseido.mhlw.go.jp/znk-web/juminkanja/S2430/initialize?prefCd=35&kikanCd=494&kikanKbn=5", "url2": "http://www.nicho.co.jp/tenpo/nozomi/", "内容": "のぞみ薬局【5:薬局】山口県山陽小野田市小野田６１０６－８１" }, "geometry": { "type": "Point", "coordinates": [ 131.182114, 33.986592 ] } },
{ "type": "Feature", "properties": { "ID": 355495, "正式名称": "宇部休日夜間薬局", "機関区分": 5, "都道府県コード": 35, "市区町村コード": 202, "所在地": "山口県宇部市琴芝町二丁目１番３４号", "緯度": 33.953687, "経度": 131.253498, "url": "https://www.iryou.teikyouseido.mhlw.go.jp/znk-web/juminkanja/S2430/initialize?prefCd=35&kikanCd=495&kikanKbn=5", "url2": null, "内容": "宇部休日夜間薬局【5:薬局】山口県宇部市琴芝町二丁目１番３４号" }, "geometry": { "type": "Point", "coordinates": [ 131.253498, 33.953687 ] } },
{ "type": "Feature", "properties": { "ID": 355497, "正式名称": "土原薬局", "機関区分": 5, "都道府県コード": 35, "市区町村コード": 204, "所在地": "山口県萩市土原３６９番２", "緯度": 34.414986, "経度": 131.40775, "url": "https://www.iryou.teikyouseido.mhlw.go.jp/znk-web/juminkanja/S2430/initialize?prefCd=35&kikanCd=497&kikanKbn=5", "url2": null, "内容": "土原薬局【5:薬局】山口県萩市土原３６９番２" }, "geometry": { "type": "Point", "coordinates": [ 131.40775, 34.414986 ] } },
{ "type": "Feature", "properties": { "ID": 35550, "正式名称": "飯島薬局", "機関区分": 5, "都道府県コード": 35, "市区町村コード": 215, "所在地": "山口県周南市飯島町一丁目５１番地の１", "緯度": 34.050894, "経度": 131.809073, "url": "https://www.iryou.teikyouseido.mhlw.go.jp/znk-web/juminkanja/S2430/initialize?prefCd=35&kikanCd=50&kikanKbn=5", "url2": "http://www.okazakiyakuhin.com", "内容": "飯島薬局【5:薬局】山口県周南市飯島町一丁目５１番地の１" }, "geometry": { "type": "Point", "coordinates": [ 131.809073, 34.050894 ] } },
{ "type": "Feature", "properties": { "ID": 355501, "正式名称": "篠田薬局", "機関区分": 5, "都道府県コード": 35, "市区町村コード": 213, "所在地": "山口県美祢市伊佐町伊佐４８４８番地の１", "緯度": 34.166264, "経度": 131.219186, "url": "https://www.iryou.teikyouseido.mhlw.go.jp/znk-web/juminkanja/S2430/initialize?prefCd=35&kikanCd=501&kikanKbn=5", "url2": null, "内容": "篠田薬局【5:薬局】山口県美祢市伊佐町伊佐４８４８番地の１" }, "geometry": { "type": "Point", "coordinates": [ 131.219186, 34.166264 ] } },
{ "type": "Feature", "properties": { "ID": 355503, "正式名称": "大野薬局", "機関区分": 5, "都道府県コード": 35, "市区町村コード": 201, "所在地": "山口県下関市幡生本町１番１３号", "緯度": 33.978678, "経度": 130.928622, "url": "https://www.iryou.teikyouseido.mhlw.go.jp/znk-web/juminkanja/S2430/initialize?prefCd=35&kikanCd=503&kikanKbn=5", "url2": null, "内容": "大野薬局【5:薬局】山口県下関市幡生本町１番１３号" }, "geometry": { "type": "Point", "coordinates": [ 130.928622, 33.978678 ] } },
{ "type": "Feature", "properties": { "ID": 355504, "正式名称": "Ｇ＆Ｆ　藤井薬局　美祢店", "機関区分": 5, "都道府県コード": 35, "市区町村コード": 213, "所在地": "山口県美祢市大嶺町東分字前川２９０ー２", "緯度": 34.167023, "経度": 131.20456, "url": "https://www.iryou.teikyouseido.mhlw.go.jp/znk-web/juminkanja/S2430/initialize?prefCd=35&kikanCd=504&kikanKbn=5", "url2": null, "内容": "Ｇ＆Ｆ　藤井薬局　美祢店【5:薬局】山口県美祢市大嶺町東分字前川２９０ー２" }, "geometry": { "type": "Point", "coordinates": [ 131.20456, 34.167023 ] } },
{ "type": "Feature", "properties": { "ID": 355507, "正式名称": "補生堂漢方薬局　岐山通り店", "機関区分": 5, "都道府県コード": 35, "市区町村コード": 215, "所在地": "山口県周南市岐山通り３－６", "緯度": 34.050743, "経度": 131.80739, "url": "https://www.iryou.teikyouseido.mhlw.go.jp/znk-web/juminkanja/S2430/initialize?prefCd=35&kikanCd=507&kikanKbn=5", "url2": "http://www.hoseidou.co.jp/html/", "内容": "補生堂漢方薬局　岐山通り店【5:薬局】山口県周南市岐山通り３－６" }, "geometry": { "type": "Point", "coordinates": [ 131.80739, 34.050743 ] } },
{ "type": "Feature", "properties": { "ID": 355508, "正式名称": "みやわき漢方薬局", "機関区分": 5, "都道府県コード": 35, "市区町村コード": 202, "所在地": "山口県宇部市東小串１ー１ー１", "緯度": 33.96261, "経度": 131.25269, "url": "https://www.iryou.teikyouseido.mhlw.go.jp/znk-web/juminkanja/S2430/initialize?prefCd=35&kikanCd=508&kikanKbn=5", "url2": null, "内容": "みやわき漢方薬局【5:薬局】山口県宇部市東小串１ー１ー１" }, "geometry": { "type": "Point", "coordinates": [ 131.25269, 33.96261 ] } },
{ "type": "Feature", "properties": { "ID": 355509, "正式名称": "有限会社ベル薬局　東駅店", "機関区分": 5, "都道府県コード": 35, "市区町村コード": 201, "所在地": "山口県下関市羽山町４番１号", "緯度": 33.968592, "経度": 130.9296, "url": "https://www.iryou.teikyouseido.mhlw.go.jp/znk-web/juminkanja/S2430/initialize?prefCd=35&kikanCd=509&kikanKbn=5", "url2": "http://www.e-classa.net/bell/", "内容": "有限会社ベル薬局　東駅店【5:薬局】山口県下関市羽山町４番１号" }, "geometry": { "type": "Point", "coordinates": [ 130.9296, 33.968592 ] } },
{ "type": "Feature", "properties": { "ID": 355510, "正式名称": "みずき薬局", "機関区分": 5, "都道府県コード": 35, "市区町村コード": 201, "所在地": "山口県下関市豊北町大字神田上２７５８番地の２", "緯度": 34.286339, "経度": 130.893353, "url": "https://www.iryou.teikyouseido.mhlw.go.jp/znk-web/juminkanja/S2430/initialize?prefCd=35&kikanCd=510&kikanKbn=5", "url2": "http://mizuyuki.iinaa.net/index.html", "内容": "みずき薬局【5:薬局】山口県下関市豊北町大字神田上２７５８番地の２" }, "geometry": { "type": "Point", "coordinates": [ 130.893353, 34.286339 ] } },
{ "type": "Feature", "properties": { "ID": 355511, "正式名称": "きらら薬局", "機関区分": 5, "都道府県コード": 35, "市区町村コード": 208, "所在地": "山口県岩国市尾津町２丁目１４－６１", "緯度": 34.141628, "経度": 132.211249, "url": "https://www.iryou.teikyouseido.mhlw.go.jp/znk-web/juminkanja/S2430/initialize?prefCd=35&kikanCd=511&kikanKbn=5", "url2": "http://yuushin.cc/", "内容": "きらら薬局【5:薬局】山口県岩国市尾津町２丁目１４－６１" }, "geometry": { "type": "Point", "coordinates": [ 132.211249, 34.141628 ] } },
{ "type": "Feature", "properties": { "ID": 355516, "正式名称": "みき薬局　山口店", "機関区分": 5, "都道府県コード": 35, "市区町村コード": 203, "所在地": "山口県山口市桜畠", "緯度": 34.19195, "経度": 131.49751, "url": "https://www.iryou.teikyouseido.mhlw.go.jp/znk-web/juminkanja/S2430/initialize?prefCd=35&kikanCd=516&kikanKbn=5", "url2": "http://www.sanwa.tc", "内容": "みき薬局　山口店【5:薬局】山口県山口市桜畠" }, "geometry": { "type": "Point", "coordinates": [ 131.49751, 34.19195 ] } },
{ "type": "Feature", "properties": { "ID": 355517, "正式名称": "ヘイワ薬局　仁井令店", "機関区分": 5, "都道府県コード": 35, "市区町村コード": 206, "所在地": "山口県防府市西仁井令１－１１－１", "緯度": 34.051147, "経度": 131.552097, "url": "https://www.iryou.teikyouseido.mhlw.go.jp/znk-web/juminkanja/S2430/initialize?prefCd=35&kikanCd=517&kikanKbn=5", "url2": "https://heiwapharmacy.com", "内容": "ヘイワ薬局　仁井令店【5:薬局】山口県防府市西仁井令１－１１－１" }, "geometry": { "type": "Point", "coordinates": [ 131.552097, 34.051147 ] } },
{ "type": "Feature", "properties": { "ID": 355518, "正式名称": "防府栄町薬局", "機関区分": 5, "都道府県コード": 35, "市区町村コード": 206, "所在地": "山口県防府市栄町２丁目２ー４８", "緯度": 34.056894, "経度": 131.571249, "url": "https://www.iryou.teikyouseido.mhlw.go.jp/znk-web/juminkanja/S2430/initialize?prefCd=35&kikanCd=518&kikanKbn=5", "url2": null, "内容": "防府栄町薬局【5:薬局】山口県防府市栄町２丁目２ー４８" }, "geometry": { "type": "Point", "coordinates": [ 131.571249, 34.056894 ] } },
{ "type": "Feature", "properties": { "ID": 355519, "正式名称": "グリーン薬局", "機関区分": 5, "都道府県コード": 35, "市区町村コード": 216, "所在地": "山口県山陽小野田市大字東高泊１６１４番地の７", "緯度": 33.999126, "経度": 131.17858, "url": "https://www.iryou.teikyouseido.mhlw.go.jp/znk-web/juminkanja/S2430/initialize?prefCd=35&kikanCd=519&kikanKbn=5", "url2": "http://www.green-ph.jp/", "内容": "グリーン薬局【5:薬局】山口県山陽小野田市大字東高泊１６１４番地の７" }, "geometry": { "type": "Point", "coordinates": [ 131.17858, 33.999126 ] } },
{ "type": "Feature", "properties": { "ID": 355520, "正式名称": "周東薬局", "機関区分": 5, "都道府県コード": 35, "市区町村コード": 344, "所在地": "山口県熊毛郡平生町平生村７６５番地２", "緯度": 33.937584, "経度": 132.07594, "url": "https://www.iryou.teikyouseido.mhlw.go.jp/znk-web/juminkanja/S2430/initialize?prefCd=35&kikanCd=520&kikanKbn=5", "url2": "https://aobado.jp/shop/shuto-hirao/", "内容": "周東薬局【5:薬局】山口県熊毛郡平生町平生村７６５番地２" }, "geometry": { "type": "Point", "coordinates": [ 132.07594, 33.937584 ] } },
{ "type": "Feature", "properties": { "ID": 355521, "正式名称": "おおしま相談薬局", "機関区分": 5, "都道府県コード": 35, "市区町村コード": 202, "所在地": "山口県宇部市南小羽山町一丁目９番１８号", "緯度": 33.973033, "経度": 131.255844, "url": "https://www.iryou.teikyouseido.mhlw.go.jp/znk-web/juminkanja/S2430/initialize?prefCd=35&kikanCd=521&kikanKbn=5", "url2": null, "内容": "おおしま相談薬局【5:薬局】山口県宇部市南小羽山町一丁目９番１８号" }, "geometry": { "type": "Point", "coordinates": [ 131.255844, 33.973033 ] } },
{ "type": "Feature", "properties": { "ID": 355522, "正式名称": "朋和会薬局", "機関区分": 5, "都道府県コード": 35, "市区町村コード": 202, "所在地": "山口県宇部市南小串一丁目１番２号", "緯度": 33.960434, "経度": 131.251007, "url": "https://www.iryou.teikyouseido.mhlw.go.jp/znk-web/juminkanja/S2430/initialize?prefCd=35&kikanCd=522&kikanKbn=5", "url2": null, "内容": "朋和会薬局【5:薬局】山口県宇部市南小串一丁目１番２号" }, "geometry": { "type": "Point", "coordinates": [ 131.251007, 33.960434 ] } },
{ "type": "Feature", "properties": { "ID": 355523, "正式名称": "さくら薬局", "機関区分": 5, "都道府県コード": 35, "市区町村コード": 216, "所在地": "山口県山陽小野田市赤崎２－１０－２", "緯度": 33.962323, "経度": 131.173796, "url": "https://www.iryou.teikyouseido.mhlw.go.jp/znk-web/juminkanja/S2430/initialize?prefCd=35&kikanCd=523&kikanKbn=5", "url2": "http://www.cosmo-pharmacy.co.jp/shop", "内容": "さくら薬局【5:薬局】山口県山陽小野田市赤崎２－１０－２" }, "geometry": { "type": "Point", "coordinates": [ 131.173796, 33.962323 ] } },
{ "type": "Feature", "properties": { "ID": 355524, "正式名称": "新下薬局　幸町店", "機関区分": 5, "都道府県コード": 35, "市区町村コード": 201, "所在地": "山口県下関市幸町１３－２３", "緯度": 33.962747, "経度": 130.943768, "url": "https://www.iryou.teikyouseido.mhlw.go.jp/znk-web/juminkanja/S2430/initialize?prefCd=35&kikanCd=524&kikanKbn=5", "url2": "https://www.ssmedical-group.com/", "内容": "新下薬局　幸町店【5:薬局】山口県下関市幸町１３－２３" }, "geometry": { "type": "Point", "coordinates": [ 130.943768, 33.962747 ] } },
{ "type": "Feature", "properties": { "ID": 355527, "正式名称": "新くわのやま薬局", "機関区分": 5, "都道府県コード": 35, "市区町村コード": 206, "所在地": "山口県防府市中央町９番４０号", "緯度": 34.048582, "経度": 131.568224, "url": "https://www.iryou.teikyouseido.mhlw.go.jp/znk-web/juminkanja/S2430/initialize?prefCd=35&kikanCd=527&kikanKbn=5", "url2": "http://ichinomiya-pharmacy-group.jp/", "内容": "新くわのやま薬局【5:薬局】山口県防府市中央町９番４０号" }, "geometry": { "type": "Point", "coordinates": [ 131.568224, 34.048582 ] } },
{ "type": "Feature", "properties": { "ID": 355529, "正式名称": "フェアリー薬局", "機関区分": 5, "都道府県コード": 35, "市区町村コード": 206, "所在地": "山口県防府市今市町２２番３号", "緯度": 34.063161, "経度": 131.564986, "url": "https://www.iryou.teikyouseido.mhlw.go.jp/znk-web/juminkanja/S2430/initialize?prefCd=35&kikanCd=529&kikanKbn=5", "url2": "http://www.e-classa.net/fairy-medica/", "内容": "フェアリー薬局【5:薬局】山口県防府市今市町２２番３号" }, "geometry": { "type": "Point", "coordinates": [ 131.564986, 34.063161 ] } },
{ "type": "Feature", "properties": { "ID": 355530, "正式名称": "あおぞら薬局", "機関区分": 5, "都道府県コード": 35, "市区町村コード": 204, "所在地": "山口県萩市大字塩屋町８番地", "緯度": 34.414218, "経度": 131.397419, "url": "https://www.iryou.teikyouseido.mhlw.go.jp/znk-web/juminkanja/S2430/initialize?prefCd=35&kikanCd=530&kikanKbn=5", "url2": "sasamurahagi.com", "内容": "あおぞら薬局【5:薬局】山口県萩市大字塩屋町８番地" }, "geometry": { "type": "Point", "coordinates": [ 131.397419, 34.414218 ] } },
{ "type": "Feature", "properties": { "ID": 355531, "正式名称": "やない薬局", "機関区分": 5, "都道府県コード": 35, "市区町村コード": 212, "所在地": "山口県柳井市古開作１０００番地の７", "緯度": 33.958093, "経度": 132.096746, "url": "https://www.iryou.teikyouseido.mhlw.go.jp/znk-web/juminkanja/S2430/initialize?prefCd=35&kikanCd=531&kikanKbn=5", "url2": "http://www.nishimoto-ph-group.co.jp/index.html", "内容": "やない薬局【5:薬局】山口県柳井市古開作１０００番地の７" }, "geometry": { "type": "Point", "coordinates": [ 132.096746, 33.958093 ] } },
{ "type": "Feature", "properties": { "ID": 355532, "正式名称": "安岡駅前薬局", "機関区分": 5, "都道府県コード": 35, "市区町村コード": 201, "所在地": "山口県下関市安岡駅前", "緯度": 34.023617, "経度": 130.916958, "url": "https://www.iryou.teikyouseido.mhlw.go.jp/znk-web/juminkanja/S2430/initialize?prefCd=35&kikanCd=532&kikanKbn=5", "url2": null, "内容": "安岡駅前薬局【5:薬局】山口県下関市安岡駅前" }, "geometry": { "type": "Point", "coordinates": [ 130.916958, 34.023617 ] } },
{ "type": "Feature", "properties": { "ID": 355534, "正式名称": "南小野田薬局", "機関区分": 5, "都道府県コード": 35, "市区町村コード": 216, "所在地": "山口県山陽小野田市南竜王町１番２０号", "緯度": 33.968018, "経度": 131.177008, "url": "https://www.iryou.teikyouseido.mhlw.go.jp/znk-web/juminkanja/S2430/initialize?prefCd=35&kikanCd=534&kikanKbn=5", "url2": "https://www.kusurinomadoguchi.com/yamaguchi/s62741", "内容": "南小野田薬局【5:薬局】山口県山陽小野田市南竜王町１番２０号" }, "geometry": { "type": "Point", "coordinates": [ 131.177008, 33.968018 ] } },
{ "type": "Feature", "properties": { "ID": 355538, "正式名称": "ひまわり薬局光店", "機関区分": 5, "都道府県コード": 35, "市区町村コード": 210, "所在地": "山口県光市室積松原４－４", "緯度": 33.933905, "経度": 131.970468, "url": "https://www.iryou.teikyouseido.mhlw.go.jp/znk-web/juminkanja/S2430/initialize?prefCd=35&kikanCd=538&kikanKbn=5", "url2": "https://flore.co.jp/himawari/", "内容": "ひまわり薬局光店【5:薬局】山口県光市室積松原４－４" }, "geometry": { "type": "Point", "coordinates": [ 131.970468, 33.933905 ] } },
{ "type": "Feature", "properties": { "ID": 35554, "正式名称": "有限会社永松薬局", "機関区分": 5, "都道府県コード": 35, "市区町村コード": 201, "所在地": "山口県下関市長府中之町５番２７号", "緯度": 34.000925, "経度": 130.989519, "url": "https://www.iryou.teikyouseido.mhlw.go.jp/znk-web/juminkanja/S2430/initialize?prefCd=35&kikanCd=54&kikanKbn=5", "url2": null, "内容": "有限会社永松薬局【5:薬局】山口県下関市長府中之町５番２７号" }, "geometry": { "type": "Point", "coordinates": [ 130.989519, 34.000925 ] } },
{ "type": "Feature", "properties": { "ID": 355541, "正式名称": "さくら坂薬局", "機関区分": 5, "都道府県コード": 35, "市区町村コード": 216, "所在地": "山口県山陽小野田市大字小野田字弐番溜井６１０６ー５６", "緯度": 33.985821, "経度": 131.182158, "url": "https://www.iryou.teikyouseido.mhlw.go.jp/znk-web/juminkanja/S2430/initialize?prefCd=35&kikanCd=541&kikanKbn=5", "url2": "http://www.cosmo-pharmacy.co.jp", "内容": "さくら坂薬局【5:薬局】山口県山陽小野田市大字小野田字弐番溜井６１０６ー５６" }, "geometry": { "type": "Point", "coordinates": [ 131.182158, 33.985821 ] } },
{ "type": "Feature", "properties": { "ID": 355542, "正式名称": "タカサキ薬局　長府店", "機関区分": 5, "都道府県コード": 35, "市区町村コード": 201, "所在地": "山口県下関市長府江下町５番８号", "緯度": 34.011386, "経度": 130.995128, "url": "https://www.iryou.teikyouseido.mhlw.go.jp/znk-web/juminkanja/S2430/initialize?prefCd=35&kikanCd=542&kikanKbn=5", "url2": null, "内容": "タカサキ薬局　長府店【5:薬局】山口県下関市長府江下町５番８号" }, "geometry": { "type": "Point", "coordinates": [ 130.995128, 34.011386 ] } },
{ "type": "Feature", "properties": { "ID": 355544, "正式名称": "ワキ薬局", "機関区分": 5, "都道府県コード": 35, "市区町村コード": 321, "所在地": "山口県玖珂郡和木町和木３丁目１番８号", "緯度": 34.204025, "経度": 132.225193, "url": "https://www.iryou.teikyouseido.mhlw.go.jp/znk-web/juminkanja/S2430/initialize?prefCd=35&kikanCd=544&kikanKbn=5", "url2": "http://waki.pharmacy-yamaguchi.com", "内容": "ワキ薬局【5:薬局】山口県玖珂郡和木町和木３丁目１番８号" }, "geometry": { "type": "Point", "coordinates": [ 132.225193, 34.204025 ] } },
{ "type": "Feature", "properties": { "ID": 355545, "正式名称": "さくら薬局", "機関区分": 5, "都道府県コード": 35, "市区町村コード": 215, "所在地": "山口県周南市川端町二丁目１番１号", "緯度": 34.050293, "経度": 131.809938, "url": "https://www.iryou.teikyouseido.mhlw.go.jp/znk-web/juminkanja/S2430/initialize?prefCd=35&kikanCd=545&kikanKbn=5", "url2": "http://www.okazakiyakuhin.com", "内容": "さくら薬局【5:薬局】山口県周南市川端町二丁目１番１号" }, "geometry": { "type": "Point", "coordinates": [ 131.809938, 34.050293 ] } },
{ "type": "Feature", "properties": { "ID": 355546, "正式名称": "くまげ薬局", "機関区分": 5, "都道府県コード": 35, "市区町村コード": 215, "所在地": "山口県周南市呼坂８３８－１", "緯度": 34.045578, "経度": 131.956842, "url": "https://www.iryou.teikyouseido.mhlw.go.jp/znk-web/juminkanja/S2430/initialize?prefCd=35&kikanCd=546&kikanKbn=5", "url2": "https://aobado.jp", "内容": "くまげ薬局【5:薬局】山口県周南市呼坂８３８－１" }, "geometry": { "type": "Point", "coordinates": [ 131.956842, 34.045578 ] } },
{ "type": "Feature", "properties": { "ID": 355547, "正式名称": "メディカルパーク薬局", "機関区分": 5, "都道府県コード": 35, "市区町村コード": 203, "所在地": "山口県山口市小郡長谷１丁目１番５号", "緯度": 34.096023, "経度": 131.391953, "url": "https://www.iryou.teikyouseido.mhlw.go.jp/znk-web/juminkanja/S2430/initialize?prefCd=35&kikanCd=547&kikanKbn=5", "url2": "http://www.e-classa.net/medicalpark/", "内容": "メディカルパーク薬局【5:薬局】山口県山口市小郡長谷１丁目１番５号" }, "geometry": { "type": "Point", "coordinates": [ 131.391953, 34.096023 ] } },
{ "type": "Feature", "properties": { "ID": 35555, "正式名称": "若松薬局", "機関区分": 5, "都道府県コード": 35, "市区町村コード": 202, "所在地": "山口県宇部市若松町４番１７号", "緯度": 33.95936, "経度": 131.243453, "url": "https://www.iryou.teikyouseido.mhlw.go.jp/znk-web/juminkanja/S2430/initialize?prefCd=35&kikanCd=55&kikanKbn=5", "url2": null, "内容": "若松薬局【5:薬局】山口県宇部市若松町４番１７号" }, "geometry": { "type": "Point", "coordinates": [ 131.243453, 33.95936 ] } },
{ "type": "Feature", "properties": { "ID": 355550, "正式名称": "わかば薬局", "機関区分": 5, "都道府県コード": 35, "市区町村コード": 215, "所在地": "山口県周南市栄町一丁目３５番地", "緯度": 34.054267, "経度": 131.804194, "url": "https://www.iryou.teikyouseido.mhlw.go.jp/znk-web/juminkanja/S2430/initialize?prefCd=35&kikanCd=550&kikanKbn=5", "url2": "https://yoyogi-neo.com/", "内容": "わかば薬局【5:薬局】山口県周南市栄町一丁目３５番地" }, "geometry": { "type": "Point", "coordinates": [ 131.804194, 34.054267 ] } },
{ "type": "Feature", "properties": { "ID": 355551, "正式名称": "ドリーム薬局", "機関区分": 5, "都道府県コード": 35, "市区町村コード": 201, "所在地": "山口県下関市豊前田町二丁目７番７号宮崎ビル３階", "緯度": 33.951581, "経度": 130.928892, "url": "https://www.iryou.teikyouseido.mhlw.go.jp/znk-web/juminkanja/S2430/initialize?prefCd=35&kikanCd=551&kikanKbn=5", "url2": null, "内容": "ドリーム薬局【5:薬局】山口県下関市豊前田町二丁目７番７号宮崎ビル３階" }, "geometry": { "type": "Point", "coordinates": [ 130.928892, 33.951581 ] } },
{ "type": "Feature", "properties": { "ID": 355553, "正式名称": "りぼん薬局", "機関区分": 5, "都道府県コード": 35, "市区町村コード": 208, "所在地": "山口県岩国市玖珂町中郷５５８ー７", "緯度": 34.09721, "経度": 132.08139, "url": "https://www.iryou.teikyouseido.mhlw.go.jp/znk-web/juminkanja/S2430/initialize?prefCd=35&kikanCd=553&kikanKbn=5", "url2": "http://www.ribon-kuga.com", "内容": "りぼん薬局【5:薬局】山口県岩国市玖珂町中郷５５８ー７" }, "geometry": { "type": "Point", "coordinates": [ 132.08139, 34.09721 ] } },
{ "type": "Feature", "properties": { "ID": 355554, "正式名称": "健栄薬局", "機関区分": 5, "都道府県コード": 35, "市区町村コード": 207, "所在地": "山口県下松市大手町２丁目５番１６号", "緯度": 34.012944, "経度": 131.866811, "url": "https://www.iryou.teikyouseido.mhlw.go.jp/znk-web/juminkanja/S2430/initialize?prefCd=35&kikanCd=554&kikanKbn=5", "url2": "http://www.kenei-kudamatsu.com/", "内容": "健栄薬局【5:薬局】山口県下松市大手町２丁目５番１６号" }, "geometry": { "type": "Point", "coordinates": [ 131.866811, 34.012944 ] } },
{ "type": "Feature", "properties": { "ID": 355555, "正式名称": "だいだい薬局", "機関区分": 5, "都道府県コード": 35, "市区町村コード": 204, "所在地": "山口県萩市椿東４１６２ー１４", "緯度": 34.4127, "経度": 131.41673, "url": "https://www.iryou.teikyouseido.mhlw.go.jp/znk-web/juminkanja/S2430/initialize?prefCd=35&kikanCd=555&kikanKbn=5", "url2": null, "内容": "だいだい薬局【5:薬局】山口県萩市椿東４１６２ー１４" }, "geometry": { "type": "Point", "coordinates": [ 131.41673, 34.4127 ] } },
{ "type": "Feature", "properties": { "ID": 355556, "正式名称": "いちご薬局", "機関区分": 5, "都道府県コード": 35, "市区町村コード": 208, "所在地": "山口県岩国市南岩国町２丁目７７ー２２", "緯度": 34.138499, "経度": 132.192857, "url": "https://www.iryou.teikyouseido.mhlw.go.jp/znk-web/juminkanja/S2430/initialize?prefCd=35&kikanCd=556&kikanKbn=5", "url2": "http://www.15ichigo.jp/", "内容": "いちご薬局【5:薬局】山口県岩国市南岩国町２丁目７７ー２２" }, "geometry": { "type": "Point", "coordinates": [ 132.192857, 34.138499 ] } },
{ "type": "Feature", "properties": { "ID": 355559, "正式名称": "有限会社のぞみ薬局", "機関区分": 5, "都道府県コード": 35, "市区町村コード": 201, "所在地": "山口県下関市田中町４番６号", "緯度": 33.958956, "経度": 130.941888, "url": "https://www.iryou.teikyouseido.mhlw.go.jp/znk-web/juminkanja/S2430/initialize?prefCd=35&kikanCd=559&kikanKbn=5", "url2": "http://nozomi-pharmacy.hp.peraichi.com", "内容": "有限会社のぞみ薬局【5:薬局】山口県下関市田中町４番６号" }, "geometry": { "type": "Point", "coordinates": [ 130.941888, 33.958956 ] } },
{ "type": "Feature", "properties": { "ID": 355561, "正式名称": "有限会社あすなろ　のぞみ薬局", "機関区分": 5, "都道府県コード": 35, "市区町村コード": 208, "所在地": "山口県岩国市通津３７０９番地", "緯度": 34.070038, "経度": 132.205929, "url": "https://www.iryou.teikyouseido.mhlw.go.jp/znk-web/juminkanja/S2430/initialize?prefCd=35&kikanCd=561&kikanKbn=5", "url2": null, "内容": "有限会社あすなろ　のぞみ薬局【5:薬局】山口県岩国市通津３７０９番地" }, "geometry": { "type": "Point", "coordinates": [ 132.205929, 34.070038 ] } },
{ "type": "Feature", "properties": { "ID": 355562, "正式名称": "萩中央薬局", "機関区分": 5, "都道府県コード": 35, "市区町村コード": 204, "所在地": "山口県萩市江向", "緯度": 34.40888, "経度": 131.39758, "url": "https://www.iryou.teikyouseido.mhlw.go.jp/znk-web/juminkanja/S2430/initialize?prefCd=35&kikanCd=562&kikanKbn=5", "url2": null, "内容": "萩中央薬局【5:薬局】山口県萩市江向" }, "geometry": { "type": "Point", "coordinates": [ 131.39758, 34.40888 ] } },
{ "type": "Feature", "properties": { "ID": 355563, "正式名称": "タカサキ薬局　上新地店", "機関区分": 5, "都道府県コード": 35, "市区町村コード": 201, "所在地": "山口県下関市上新地町３－４－２９", "緯度": 33.959358, "経度": 130.91886, "url": "https://www.iryou.teikyouseido.mhlw.go.jp/znk-web/juminkanja/S2430/initialize?prefCd=35&kikanCd=563&kikanKbn=5", "url2": "https://www.takasaki-pharm.co.jp/", "内容": "タカサキ薬局　上新地店【5:薬局】山口県下関市上新地町３－４－２９" }, "geometry": { "type": "Point", "coordinates": [ 130.91886, 33.959358 ] } },
{ "type": "Feature", "properties": { "ID": 355565, "正式名称": "あさ薬局", "機関区分": 5, "都道府県コード": 35, "市区町村コード": 216, "所在地": "山口県山陽小野田市大字厚狭１４３４番地の１", "緯度": 34.059758, "経度": 131.172994, "url": "https://www.iryou.teikyouseido.mhlw.go.jp/znk-web/juminkanja/S2430/initialize?prefCd=35&kikanCd=565&kikanKbn=5", "url2": "https://asa-pharmacy.storeinfo.jp", "内容": "あさ薬局【5:薬局】山口県山陽小野田市大字厚狭１４３４番地の１" }, "geometry": { "type": "Point", "coordinates": [ 131.172994, 34.059758 ] } },
{ "type": "Feature", "properties": { "ID": 355566, "正式名称": "こぐし薬局", "機関区分": 5, "都道府県コード": 35, "市区町村コード": 201, "所在地": "山口県下関市豊浦町大字小串", "緯度": 34.170849, "経度": 130.929475, "url": "https://www.iryou.teikyouseido.mhlw.go.jp/znk-web/juminkanja/S2430/initialize?prefCd=35&kikanCd=566&kikanKbn=5", "url2": "https://www.edel-pharmacy.com/home", "内容": "こぐし薬局【5:薬局】山口県下関市豊浦町大字小串" }, "geometry": { "type": "Point", "coordinates": [ 130.929475, 34.170849 ] } },
{ "type": "Feature", "properties": { "ID": 355567, "正式名称": "あおぞら薬局", "機関区分": 5, "都道府県コード": 35, "市区町村コード": 201, "所在地": "山口県下関市綾羅木本町５－１－１４", "緯度": 34.006367, "経度": 130.924149, "url": "https://www.iryou.teikyouseido.mhlw.go.jp/znk-web/juminkanja/S2430/initialize?prefCd=35&kikanCd=567&kikanKbn=5", "url2": null, "内容": "あおぞら薬局【5:薬局】山口県下関市綾羅木本町５－１－１４" }, "geometry": { "type": "Point", "coordinates": [ 130.924149, 34.006367 ] } },
{ "type": "Feature", "properties": { "ID": 355568, "正式名称": "フラワー薬局　ほたるの里店", "機関区分": 5, "都道府県コード": 35, "市区町村コード": 201, "所在地": "山口県下関市豊田町矢田２２０－３", "緯度": 34.201313, "経度": 131.072839, "url": "https://www.iryou.teikyouseido.mhlw.go.jp/znk-web/juminkanja/S2430/initialize?prefCd=35&kikanCd=568&kikanKbn=5", "url2": "http://www.zaitak.jp/", "内容": "フラワー薬局　ほたるの里店【5:薬局】山口県下関市豊田町矢田２２０－３" }, "geometry": { "type": "Point", "coordinates": [ 131.072839, 34.201313 ] } },
{ "type": "Feature", "properties": { "ID": 355570, "正式名称": "有限会社吉村薬局", "機関区分": 5, "都道府県コード": 35, "市区町村コード": 201, "所在地": "山口県下関市伊倉町２丁目１ー７", "緯度": 34.003299, "経度": 130.931745, "url": "https://www.iryou.teikyouseido.mhlw.go.jp/znk-web/juminkanja/S2430/initialize?prefCd=35&kikanCd=570&kikanKbn=5", "url2": null, "内容": "有限会社吉村薬局【5:薬局】山口県下関市伊倉町２丁目１ー７" }, "geometry": { "type": "Point", "coordinates": [ 130.931745, 34.003299 ] } },
{ "type": "Feature", "properties": { "ID": 355571, "正式名称": "あい薬局", "機関区分": 5, "都道府県コード": 35, "市区町村コード": 208, "所在地": "山口県岩国市周東町下久原１０２３－７", "緯度": 34.088874, "経度": 132.052096, "url": "https://www.iryou.teikyouseido.mhlw.go.jp/znk-web/juminkanja/S2430/initialize?prefCd=35&kikanCd=571&kikanKbn=5", "url2": "http://www.sanwa.tc/", "内容": "あい薬局【5:薬局】山口県岩国市周東町下久原１０２３－７" }, "geometry": { "type": "Point", "coordinates": [ 132.052096, 34.088874 ] } },
{ "type": "Feature", "properties": { "ID": 355572, "正式名称": "さくら薬局", "機関区分": 5, "都道府県コード": 35, "市区町村コード": 203, "所在地": "山口県山口市後河原４７番２号", "緯度": 34.185214, "経度": 131.476275, "url": "https://www.iryou.teikyouseido.mhlw.go.jp/znk-web/juminkanja/S2430/initialize?prefCd=35&kikanCd=572&kikanKbn=5", "url2": "https://aobado.jp/", "内容": "さくら薬局【5:薬局】山口県山口市後河原４７番２号" }, "geometry": { "type": "Point", "coordinates": [ 131.476275, 34.185214 ] } },
{ "type": "Feature", "properties": { "ID": 355574, "正式名称": "ワダファミリー薬局", "機関区分": 5, "都道府県コード": 35, "市区町村コード": 211, "所在地": "山口県長門市東深川８３６番地３", "緯度": 34.374146, "経度": 131.185415, "url": "https://www.iryou.teikyouseido.mhlw.go.jp/znk-web/juminkanja/S2430/initialize?prefCd=35&kikanCd=574&kikanKbn=5", "url2": null, "内容": "ワダファミリー薬局【5:薬局】山口県長門市東深川８３６番地３" }, "geometry": { "type": "Point", "coordinates": [ 131.185415, 34.374146 ] } },
{ "type": "Feature", "properties": { "ID": 355575, "正式名称": "もみの木薬局　武久店", "機関区分": 5, "都道府県コード": 35, "市区町村コード": 201, "所在地": "山口県下関市武久町１丁目４０番１６号", "緯度": 33.980078, "経度": 130.922994, "url": "https://www.iryou.teikyouseido.mhlw.go.jp/znk-web/juminkanja/S2430/initialize?prefCd=35&kikanCd=575&kikanKbn=5", "url2": "http://www.nakayamayakuhan.co.jp", "内容": "もみの木薬局　武久店【5:薬局】山口県下関市武久町１丁目４０番１６号" }, "geometry": { "type": "Point", "coordinates": [ 130.922994, 33.980078 ] } },
{ "type": "Feature", "properties": { "ID": 355577, "正式名称": "ホワイト薬局", "機関区分": 5, "都道府県コード": 35, "市区町村コード": 203, "所在地": "山口県山口市小郡下郷８４２番地９", "緯度": 34.102875, "経度": 131.395556, "url": "https://www.iryou.teikyouseido.mhlw.go.jp/znk-web/juminkanja/S2430/initialize?prefCd=35&kikanCd=577&kikanKbn=5", "url2": "https://www.rising-japan.org/", "内容": "ホワイト薬局【5:薬局】山口県山口市小郡下郷８４２番地９" }, "geometry": { "type": "Point", "coordinates": [ 131.395556, 34.102875 ] } },
{ "type": "Feature", "properties": { "ID": 355578, "正式名称": "みかん薬局", "機関区分": 5, "都道府県コード": 35, "市区町村コード": 305, "所在地": "山口県大島郡周防大島町土居８５１ー２", "緯度": 33.912949, "経度": 132.306772, "url": "https://www.iryou.teikyouseido.mhlw.go.jp/znk-web/juminkanja/S2430/initialize?prefCd=35&kikanCd=578&kikanKbn=5", "url2": "https://mikannyakkyoku.jimdosite.com/", "内容": "みかん薬局【5:薬局】山口県大島郡周防大島町土居８５１ー２" }, "geometry": { "type": "Point", "coordinates": [ 132.306772, 33.912949 ] } },
{ "type": "Feature", "properties": { "ID": 355579, "正式名称": "さくら薬局", "機関区分": 5, "都道府県コード": 35, "市区町村コード": 305, "所在地": "山口県大島郡周防大島町土居７６４－４", "緯度": 33.913808, "経度": 132.307036, "url": "https://www.iryou.teikyouseido.mhlw.go.jp/znk-web/juminkanja/S2430/initialize?prefCd=35&kikanCd=579&kikanKbn=5", "url2": "https://k-create.jp/", "内容": "さくら薬局【5:薬局】山口県大島郡周防大島町土居７６４－４" }, "geometry": { "type": "Point", "coordinates": [ 132.307036, 33.913808 ] } },
{ "type": "Feature", "properties": { "ID": 355580, "正式名称": "長全堂薬局", "機関区分": 5, "都道府県コード": 35, "市区町村コード": 204, "所在地": "山口県萩市東田町", "緯度": 34.411629, "経度": 131.403367, "url": "https://www.iryou.teikyouseido.mhlw.go.jp/znk-web/juminkanja/S2430/initialize?prefCd=35&kikanCd=580&kikanKbn=5", "url2": "http://yokukiku-kanpou.jp/", "内容": "長全堂薬局【5:薬局】山口県萩市東田町" }, "geometry": { "type": "Point", "coordinates": [ 131.403367, 34.411629 ] } },
{ "type": "Feature", "properties": { "ID": 355581, "正式名称": "みき薬局　小野田店", "機関区分": 5, "都道府県コード": 35, "市区町村コード": 216, "所在地": "山口県山陽小野田市大字小野田東高泊１２７５ー９", "緯度": 33.996387, "経度": 131.177261, "url": "https://www.iryou.teikyouseido.mhlw.go.jp/znk-web/juminkanja/S2430/initialize?prefCd=35&kikanCd=581&kikanKbn=5", "url2": "http://www.green-ph.jp/", "内容": "みき薬局　小野田店【5:薬局】山口県山陽小野田市大字小野田東高泊１２７５ー９" }, "geometry": { "type": "Point", "coordinates": [ 131.177261, 33.996387 ] } },
{ "type": "Feature", "properties": { "ID": 355582, "正式名称": "はなぞの薬局", "機関区分": 5, "都道府県コード": 35, "市区町村コード": 202, "所在地": "山口県宇部市東岐波１０５２－２", "緯度": 33.988903, "経度": 131.345701, "url": "https://www.iryou.teikyouseido.mhlw.go.jp/znk-web/juminkanja/S2430/initialize?prefCd=35&kikanCd=582&kikanKbn=5", "url2": null, "内容": "はなぞの薬局【5:薬局】山口県宇部市東岐波１０５２－２" }, "geometry": { "type": "Point", "coordinates": [ 131.345701, 33.988903 ] } },
{ "type": "Feature", "properties": { "ID": 355584, "正式名称": "いくも薬局　戎町店", "機関区分": 5, "都道府県コード": 35, "市区町村コード": 206, "所在地": "山口県防府市戎町１丁目６番１１号", "緯度": 34.055625, "経度": 131.570428, "url": "https://www.iryou.teikyouseido.mhlw.go.jp/znk-web/juminkanja/S2430/initialize?prefCd=35&kikanCd=584&kikanKbn=5", "url2": "https://www.ikumopharmacy.com", "内容": "いくも薬局　戎町店【5:薬局】山口県防府市戎町１丁目６番１１号" }, "geometry": { "type": "Point", "coordinates": [ 131.570428, 34.055625 ] } },
{ "type": "Feature", "properties": { "ID": 355585, "正式名称": "健和薬局　江の浦店", "機関区分": 5, "都道府県コード": 35, "市区町村コード": 201, "所在地": "山口県下関市彦島江の浦町３丁目５番８号", "緯度": 33.928997, "経度": 130.914607, "url": "https://www.iryou.teikyouseido.mhlw.go.jp/znk-web/juminkanja/S2430/initialize?prefCd=35&kikanCd=585&kikanKbn=5", "url2": "http://pawafuru-p6.crayonsite.net", "内容": "健和薬局　江の浦店【5:薬局】山口県下関市彦島江の浦町３丁目５番８号" }, "geometry": { "type": "Point", "coordinates": [ 130.914607, 33.928997 ] } },
{ "type": "Feature", "properties": { "ID": 355587, "正式名称": "みさき薬局", "機関区分": 5, "都道府県コード": 35, "市区町村コード": 202, "所在地": "山口県宇部市岬町１丁目７－６", "緯度": 33.932586, "経度": 131.262217, "url": "https://www.iryou.teikyouseido.mhlw.go.jp/znk-web/juminkanja/S2430/initialize?prefCd=35&kikanCd=587&kikanKbn=5", "url2": null, "内容": "みさき薬局【5:薬局】山口県宇部市岬町１丁目７－６" }, "geometry": { "type": "Point", "coordinates": [ 131.262217, 33.932586 ] } },
{ "type": "Feature", "properties": { "ID": 355588, "正式名称": "石川薬局", "機関区分": 5, "都道府県コード": 35, "市区町村コード": 203, "所在地": "山口県山口市小郡明治一丁目２番５号", "緯度": 34.097194, "経度": 131.392577, "url": "https://www.iryou.teikyouseido.mhlw.go.jp/znk-web/juminkanja/S2430/initialize?prefCd=35&kikanCd=588&kikanKbn=5", "url2": null, "内容": "石川薬局【5:薬局】山口県山口市小郡明治一丁目２番５号" }, "geometry": { "type": "Point", "coordinates": [ 131.392577, 34.097194 ] } },
{ "type": "Feature", "properties": { "ID": 355589, "正式名称": "大崎薬局", "機関区分": 5, "都道府県コード": 35, "市区町村コード": 206, "所在地": "山口県防府市大字大崎３９１番地９", "緯度": 34.065223, "経度": 131.543115, "url": "https://www.iryou.teikyouseido.mhlw.go.jp/znk-web/juminkanja/S2430/initialize?prefCd=35&kikanCd=589&kikanKbn=5", "url2": null, "内容": "大崎薬局【5:薬局】山口県防府市大字大崎３９１番地９" }, "geometry": { "type": "Point", "coordinates": [ 131.543115, 34.065223 ] } },
{ "type": "Feature", "properties": { "ID": 355591, "正式名称": "イシマル薬局　柳井店", "機関区分": 5, "都道府県コード": 35, "市区町村コード": 212, "所在地": "山口県柳井市柳井１９０８－５", "緯度": 33.963564, "経度": 132.126136, "url": "https://www.iryou.teikyouseido.mhlw.go.jp/znk-web/juminkanja/S2430/initialize?prefCd=35&kikanCd=591&kikanKbn=5", "url2": null, "内容": "イシマル薬局　柳井店【5:薬局】山口県柳井市柳井１９０８－５" }, "geometry": { "type": "Point", "coordinates": [ 132.126136, 33.963564 ] } },
{ "type": "Feature", "properties": { "ID": 355592, "正式名称": "きわ薬局", "機関区分": 5, "都道府県コード": 35, "市区町村コード": 202, "所在地": "山口県宇部市大字東岐波６３８番地の６", "緯度": 33.980835, "経度": 131.347228, "url": "https://www.iryou.teikyouseido.mhlw.go.jp/znk-web/juminkanja/S2430/initialize?prefCd=35&kikanCd=592&kikanKbn=5", "url2": "www.nishimoto-ph-group.co.jp/index.html", "内容": "きわ薬局【5:薬局】山口県宇部市大字東岐波６３８番地の６" }, "geometry": { "type": "Point", "coordinates": [ 131.347228, 33.980835 ] } },
{ "type": "Feature", "properties": { "ID": 355598, "正式名称": "亀本薬局", "機関区分": 5, "都道府県コード": 35, "市区町村コード": 203, "所在地": "山口県山口市石観音町", "緯度": 34.183667, "経度": 131.484175, "url": "https://www.iryou.teikyouseido.mhlw.go.jp/znk-web/juminkanja/S2430/initialize?prefCd=35&kikanCd=598&kikanKbn=5", "url2": null, "内容": "亀本薬局【5:薬局】山口県山口市石観音町" }, "geometry": { "type": "Point", "coordinates": [ 131.484175, 34.183667 ] } },
{ "type": "Feature", "properties": { "ID": 355599, "正式名称": "みずほ薬局", "機関区分": 5, "都道府県コード": 35, "市区町村コード": 216, "所在地": "山口県山陽小野田市中川四丁目４ー１", "緯度": 33.988683, "経度": 131.177244, "url": "https://www.iryou.teikyouseido.mhlw.go.jp/znk-web/juminkanja/S2430/initialize?prefCd=35&kikanCd=599&kikanKbn=5", "url2": "https://prog-net.jp/", "内容": "みずほ薬局【5:薬局】山口県山陽小野田市中川四丁目４ー１" }, "geometry": { "type": "Point", "coordinates": [ 131.177244, 33.988683 ] } },
{ "type": "Feature", "properties": { "ID": 355600, "正式名称": "有限会社シブヤ薬局八王子店", "機関区分": 5, "都道府県コード": 35, "市区町村コード": 206, "所在地": "山口県防府市八王子２丁目６ー１５", "緯度": 34.057785, "経度": 131.564968, "url": "https://www.iryou.teikyouseido.mhlw.go.jp/znk-web/juminkanja/S2430/initialize?prefCd=35&kikanCd=600&kikanKbn=5", "url2": null, "内容": "有限会社シブヤ薬局八王子店【5:薬局】山口県防府市八王子２丁目６ー１５" }, "geometry": { "type": "Point", "coordinates": [ 131.564968, 34.057785 ] } },
{ "type": "Feature", "properties": { "ID": 355601, "正式名称": "ファミリー薬局　本町店", "機関区分": 5, "都道府県コード": 35, "市区町村コード": 216, "所在地": "山口県山陽小野田市住吉本町１－５－３０", "緯度": 33.9801, "経度": 131.179111, "url": "https://www.iryou.teikyouseido.mhlw.go.jp/znk-web/juminkanja/S2430/initialize?prefCd=35&kikanCd=601&kikanKbn=5", "url2": null, "内容": "ファミリー薬局　本町店【5:薬局】山口県山陽小野田市住吉本町１－５－３０" }, "geometry": { "type": "Point", "coordinates": [ 131.179111, 33.9801 ] } },
{ "type": "Feature", "properties": { "ID": 355605, "正式名称": "ひまわり薬局", "機関区分": 5, "都道府県コード": 35, "市区町村コード": 215, "所在地": "山口県周南市代々木通り二丁目２５番地", "緯度": 34.05456, "経度": 131.802946, "url": "https://www.iryou.teikyouseido.mhlw.go.jp/znk-web/juminkanja/S2430/initialize?prefCd=35&kikanCd=605&kikanKbn=5", "url2": "http://flore.co.jp", "内容": "ひまわり薬局【5:薬局】山口県周南市代々木通り二丁目２５番地" }, "geometry": { "type": "Point", "coordinates": [ 131.802946, 34.05456 ] } },
{ "type": "Feature", "properties": { "ID": 355607, "正式名称": "きさらぎ薬局", "機関区分": 5, "都道府県コード": 35, "市区町村コード": 201, "所在地": "山口県下関市安岡駅前１丁目４－２２", "緯度": 34.025531, "経度": 130.915472, "url": "https://www.iryou.teikyouseido.mhlw.go.jp/znk-web/juminkanja/S2430/initialize?prefCd=35&kikanCd=607&kikanKbn=5", "url2": "http://mizuyuki.iinaa.net", "内容": "きさらぎ薬局【5:薬局】山口県下関市安岡駅前１丁目４－２２" }, "geometry": { "type": "Point", "coordinates": [ 130.915472, 34.025531 ] } },
{ "type": "Feature", "properties": { "ID": 355609, "正式名称": "こいじ薬局", "機関区分": 5, "都道府県コード": 35, "市区町村コード": 207, "所在地": "山口県下松市河内１０５１番５号", "緯度": 34.024214, "経度": 131.896603, "url": "https://www.iryou.teikyouseido.mhlw.go.jp/znk-web/juminkanja/S2430/initialize?prefCd=35&kikanCd=609&kikanKbn=5", "url2": null, "内容": "こいじ薬局【5:薬局】山口県下松市河内１０５１番５号" }, "geometry": { "type": "Point", "coordinates": [ 131.896603, 34.024214 ] } },
{ "type": "Feature", "properties": { "ID": 35561, "正式名称": "株式会社成和薬局　尾津支店", "機関区分": 5, "都道府県コード": 35, "市区町村コード": 208, "所在地": "山口県岩国市尾津町２丁目１８番５号", "緯度": 34.138703, "経度": 132.207664, "url": "https://www.iryou.teikyouseido.mhlw.go.jp/znk-web/juminkanja/S2430/initialize?prefCd=35&kikanCd=61&kikanKbn=5", "url2": "http://www.seiwa-pharmacy.co.jp/", "内容": "株式会社成和薬局　尾津支店【5:薬局】山口県岩国市尾津町２丁目１８番５号" }, "geometry": { "type": "Point", "coordinates": [ 132.207664, 34.138703 ] } },
{ "type": "Feature", "properties": { "ID": 355612, "正式名称": "厚南薬局", "機関区分": 5, "都道府県コード": 35, "市区町村コード": 202, "所在地": "山口県宇部市妻崎開作１１０番地の１", "緯度": 33.97892, "経度": 131.216763, "url": "https://www.iryou.teikyouseido.mhlw.go.jp/znk-web/juminkanja/S2430/initialize?prefCd=35&kikanCd=612&kikanKbn=5", "url2": "https://www.rising-japan.org/", "内容": "厚南薬局【5:薬局】山口県宇部市妻崎開作１１０番地の１" }, "geometry": { "type": "Point", "coordinates": [ 131.216763, 33.97892 ] } },
{ "type": "Feature", "properties": { "ID": 355616, "正式名称": "有限会社すみれ薬局", "機関区分": 5, "都道府県コード": 35, "市区町村コード": 212, "所在地": "山口県柳井市中央３丁目１４番２号", "緯度": 33.968494, "経度": 132.105453, "url": "https://www.iryou.teikyouseido.mhlw.go.jp/znk-web/juminkanja/S2430/initialize?prefCd=35&kikanCd=616&kikanKbn=5", "url2": "https://www.sumire123.com/", "内容": "有限会社すみれ薬局【5:薬局】山口県柳井市中央３丁目１４番２号" }, "geometry": { "type": "Point", "coordinates": [ 132.105453, 33.968494 ] } },
{ "type": "Feature", "properties": { "ID": 355617, "正式名称": "あずさ薬局", "機関区分": 5, "都道府県コード": 35, "市区町村コード": 201, "所在地": "山口県下関市秋根南町二丁目３番７号", "緯度": 34.007932, "経度": 130.95473, "url": "https://www.iryou.teikyouseido.mhlw.go.jp/znk-web/juminkanja/S2430/initialize?prefCd=35&kikanCd=617&kikanKbn=5", "url2": "http://www.zaitak.jp/", "内容": "あずさ薬局【5:薬局】山口県下関市秋根南町二丁目３番７号" }, "geometry": { "type": "Point", "coordinates": [ 130.95473, 34.007932 ] } },
{ "type": "Feature", "properties": { "ID": 355618, "正式名称": "ひまわり薬局", "機関区分": 5, "都道府県コード": 35, "市区町村コード": 208, "所在地": "山口県岩国市平田４丁目１６ー３３", "緯度": 34.142772, "経度": 132.186956, "url": "https://www.iryou.teikyouseido.mhlw.go.jp/znk-web/juminkanja/S2430/initialize?prefCd=35&kikanCd=618&kikanKbn=5", "url2": null, "内容": "ひまわり薬局【5:薬局】山口県岩国市平田４丁目１６ー３３" }, "geometry": { "type": "Point", "coordinates": [ 132.186956, 34.142772 ] } },
{ "type": "Feature", "properties": { "ID": 355619, "正式名称": "はしもとばし薬局", "機関区分": 5, "都道府県コード": 35, "市区町村コード": 204, "所在地": "山口県萩市橋本町６３番地の１", "緯度": 34.402618, "経度": 131.401841, "url": "https://www.iryou.teikyouseido.mhlw.go.jp/znk-web/juminkanja/S2430/initialize?prefCd=35&kikanCd=619&kikanKbn=5", "url2": null, "内容": "はしもとばし薬局【5:薬局】山口県萩市橋本町６３番地の１" }, "geometry": { "type": "Point", "coordinates": [ 131.401841, 34.402618 ] } },
{ "type": "Feature", "properties": { "ID": 355622, "正式名称": "メイプル薬局", "機関区分": 5, "都道府県コード": 35, "市区町村コード": 203, "所在地": "山口県山口市泉町８番１７号", "緯度": 34.166828, "経度": 131.450933, "url": "https://www.iryou.teikyouseido.mhlw.go.jp/znk-web/juminkanja/S2430/initialize?prefCd=35&kikanCd=622&kikanKbn=5", "url2": "https://mapleph753.com", "内容": "メイプル薬局【5:薬局】山口県山口市泉町８番１７号" }, "geometry": { "type": "Point", "coordinates": [ 131.450933, 34.166828 ] } },
{ "type": "Feature", "properties": { "ID": 355625, "正式名称": "サンキュー薬局　綾羅木本町店", "機関区分": 5, "都道府県コード": 35, "市区町村コード": 201, "所在地": "山口県下関市綾羅木本町五丁目１２番１７号", "緯度": 34.005299, "経度": 130.924108, "url": "https://www.iryou.teikyouseido.mhlw.go.jp/znk-web/juminkanja/S2430/initialize?prefCd=35&kikanCd=625&kikanKbn=5", "url2": "http://www.drug39.co.jp/", "内容": "サンキュー薬局　綾羅木本町店【5:薬局】山口県下関市綾羅木本町五丁目１２番１７号" }, "geometry": { "type": "Point", "coordinates": [ 130.924108, 34.005299 ] } },
{ "type": "Feature", "properties": { "ID": 355626, "正式名称": "ファミリー薬局　中川店", "機関区分": 5, "都道府県コード": 35, "市区町村コード": 216, "所在地": "山口県山陽小野田市中川４丁目１番２４号", "緯度": 33.990097, "経度": 131.176128, "url": "https://www.iryou.teikyouseido.mhlw.go.jp/znk-web/juminkanja/S2430/initialize?prefCd=35&kikanCd=626&kikanKbn=5", "url2": null, "内容": "ファミリー薬局　中川店【5:薬局】山口県山陽小野田市中川４丁目１番２４号" }, "geometry": { "type": "Point", "coordinates": [ 131.176128, 33.990097 ] } },
{ "type": "Feature", "properties": { "ID": 355627, "正式名称": "光栄薬局", "機関区分": 5, "都道府県コード": 35, "市区町村コード": 202, "所在地": "山口県宇部市西岐波西吉田原１９２７番１", "緯度": 33.971431, "経度": 131.315983, "url": "https://www.iryou.teikyouseido.mhlw.go.jp/znk-web/juminkanja/S2430/initialize?prefCd=35&kikanCd=627&kikanKbn=5", "url2": null, "内容": "光栄薬局【5:薬局】山口県宇部市西岐波西吉田原１９２７番１" }, "geometry": { "type": "Point", "coordinates": [ 131.315983, 33.971431 ] } },
{ "type": "Feature", "properties": { "ID": 355628, "正式名称": "不動薬局　御堀店", "機関区分": 5, "都道府県コード": 35, "市区町村コード": 203, "所在地": "山口県山口市大内御堀１丁目６ー１大内ビル１Ｆ", "緯度": 34.166782, "経度": 131.483577, "url": "https://www.iryou.teikyouseido.mhlw.go.jp/znk-web/juminkanja/S2430/initialize?prefCd=35&kikanCd=628&kikanKbn=5", "url2": "https://www.crane-pharma.com/", "内容": "不動薬局　御堀店【5:薬局】山口県山口市大内御堀１丁目６ー１大内ビル１Ｆ" }, "geometry": { "type": "Point", "coordinates": [ 131.483577, 34.166782 ] } },
{ "type": "Feature", "properties": { "ID": 355629, "正式名称": "さらさ薬局", "機関区分": 5, "都道府県コード": 35, "市区町村コード": 201, "所在地": "山口県下関市秋根南町１－６－２８", "緯度": 34.007797, "経度": 130.951539, "url": "https://www.iryou.teikyouseido.mhlw.go.jp/znk-web/juminkanja/S2430/initialize?prefCd=35&kikanCd=629&kikanKbn=5", "url2": "http://mizuyuki.iinaa.net", "内容": "さらさ薬局【5:薬局】山口県下関市秋根南町１－６－２８" }, "geometry": { "type": "Point", "coordinates": [ 130.951539, 34.007797 ] } },
{ "type": "Feature", "properties": { "ID": 355630, "正式名称": "ふかわ薬局", "機関区分": 5, "都道府県コード": 35, "市区町村コード": 211, "所在地": "山口県長門市東深川字西中ノ坪８９０番４３", "緯度": 34.37515, "経度": 131.18135, "url": "https://www.iryou.teikyouseido.mhlw.go.jp/znk-web/juminkanja/S2430/initialize?prefCd=35&kikanCd=630&kikanKbn=5", "url2": "https://www.sakuragiyk.com/store", "内容": "ふかわ薬局【5:薬局】山口県長門市東深川字西中ノ坪８９０番４３" }, "geometry": { "type": "Point", "coordinates": [ 131.18135, 34.37515 ] } },
{ "type": "Feature", "properties": { "ID": 355632, "正式名称": "そうごう薬局　三井店", "機関区分": 5, "都道府県コード": 35, "市区町村コード": 210, "所在地": "山口県光市三井６－１７－１７", "緯度": 33.989667, "経度": 131.957208, "url": "https://www.iryou.teikyouseido.mhlw.go.jp/znk-web/juminkanja/S2430/initialize?prefCd=35&kikanCd=632&kikanKbn=5", "url2": "https://www.sogo-pharmacy.jp/shop/view/207", "内容": "そうごう薬局　三井店【5:薬局】山口県光市三井６－１７－１７" }, "geometry": { "type": "Point", "coordinates": [ 131.957208, 33.989667 ] } },
{ "type": "Feature", "properties": { "ID": 355636, "正式名称": "久賀薬局", "機関区分": 5, "都道府県コード": 35, "市区町村コード": 305, "所在地": "山口県大島郡周防大島町大字久賀５３８１番地７", "緯度": 33.947106, "経度": 132.259722, "url": "https://www.iryou.teikyouseido.mhlw.go.jp/znk-web/juminkanja/S2430/initialize?prefCd=35&kikanCd=636&kikanKbn=5", "url2": null, "内容": "久賀薬局【5:薬局】山口県大島郡周防大島町大字久賀５３８１番地７" }, "geometry": { "type": "Point", "coordinates": [ 132.259722, 33.947106 ] } },
{ "type": "Feature", "properties": { "ID": 355637, "正式名称": "いぶき薬局", "機関区分": 5, "都道府県コード": 35, "市区町村コード": 212, "所在地": "山口県柳井市南町１丁目１１番４号", "緯度": 33.965258, "経度": 132.101281, "url": "https://www.iryou.teikyouseido.mhlw.go.jp/znk-web/juminkanja/S2430/initialize?prefCd=35&kikanCd=637&kikanKbn=5", "url2": "http://wing1-pharmacy-yamaguchi.jimdofree.com", "内容": "いぶき薬局【5:薬局】山口県柳井市南町１丁目１１番４号" }, "geometry": { "type": "Point", "coordinates": [ 132.101281, 33.965258 ] } },
{ "type": "Feature", "properties": { "ID": 355639, "正式名称": "秋本薬局　細江店", "機関区分": 5, "都道府県コード": 35, "市区町村コード": 201, "所在地": "山口県下関市細江町３－３－１", "緯度": 33.950065, "経度": 130.930893, "url": "https://www.iryou.teikyouseido.mhlw.go.jp/znk-web/juminkanja/S2430/initialize?prefCd=35&kikanCd=639&kikanKbn=5", "url2": "http://akimoto-yakkyoku.jp/", "内容": "秋本薬局　細江店【5:薬局】山口県下関市細江町３－３－１" }, "geometry": { "type": "Point", "coordinates": [ 130.930893, 33.950065 ] } },
{ "type": "Feature", "properties": { "ID": 355641, "正式名称": "えびす薬局", "機関区分": 5, "都道府県コード": 35, "市区町村コード": 206, "所在地": "山口県防府市八王子１－７－４", "緯度": 34.054075, "経度": 131.567575, "url": "https://www.iryou.teikyouseido.mhlw.go.jp/znk-web/juminkanja/S2430/initialize?prefCd=35&kikanCd=641&kikanKbn=5", "url2": null, "内容": "えびす薬局【5:薬局】山口県防府市八王子１－７－４" }, "geometry": { "type": "Point", "coordinates": [ 131.567575, 34.054075 ] } },
{ "type": "Feature", "properties": { "ID": 355642, "正式名称": "みさき薬局", "機関区分": 5, "都道府県コード": 35, "市区町村コード": 201, "所在地": "山口県下関市吉見本町１－２－５", "緯度": 34.069431, "経度": 130.903169, "url": "https://www.iryou.teikyouseido.mhlw.go.jp/znk-web/juminkanja/S2430/initialize?prefCd=35&kikanCd=642&kikanKbn=5", "url2": null, "内容": "みさき薬局【5:薬局】山口県下関市吉見本町１－２－５" }, "geometry": { "type": "Point", "coordinates": [ 130.903169, 34.069431 ] } },
{ "type": "Feature", "properties": { "ID": 355643, "正式名称": "わかば薬局", "機関区分": 5, "都道府県コード": 35, "市区町村コード": 211, "所在地": "山口県長門市東深川１８５７番地の６", "緯度": 34.367028, "経度": 131.182761, "url": "https://www.iryou.teikyouseido.mhlw.go.jp/znk-web/juminkanja/S2430/initialize?prefCd=35&kikanCd=643&kikanKbn=5", "url2": null, "内容": "わかば薬局【5:薬局】山口県長門市東深川１８５７番地の６" }, "geometry": { "type": "Point", "coordinates": [ 131.182761, 34.367028 ] } },
{ "type": "Feature", "properties": { "ID": 355644, "正式名称": "ペリカン維新公園薬局", "機関区分": 5, "都道府県コード": 35, "市区町村コード": 203, "所在地": "山口県山口市維新公園５丁目１番３６号", "緯度": 34.160145, "経度": 131.437211, "url": "https://www.iryou.teikyouseido.mhlw.go.jp/znk-web/juminkanja/S2430/initialize?prefCd=35&kikanCd=644&kikanKbn=5", "url2": "https://www.pelican-pharmacy.jp/shop/", "内容": "ペリカン維新公園薬局【5:薬局】山口県山口市維新公園５丁目１番３６号" }, "geometry": { "type": "Point", "coordinates": [ 131.437211, 34.160145 ] } },
{ "type": "Feature", "properties": { "ID": 355645, "正式名称": "トマト薬局", "機関区分": 5, "都道府県コード": 35, "市区町村コード": 203, "所在地": "山口県山口市道祖町６番地１３号", "緯度": 34.183376, "経度": 131.485063, "url": "https://www.iryou.teikyouseido.mhlw.go.jp/znk-web/juminkanja/S2430/initialize?prefCd=35&kikanCd=645&kikanKbn=5", "url2": "http://jinsei-do.co.jp/", "内容": "トマト薬局【5:薬局】山口県山口市道祖町６番地１３号" }, "geometry": { "type": "Point", "coordinates": [ 131.485063, 34.183376 ] } },
{ "type": "Feature", "properties": { "ID": 355646, "正式名称": "ひまわり薬局", "機関区分": 5, "都道府県コード": 35, "市区町村コード": 203, "所在地": "山口県山口市金古曽町３番７号", "緯度": 34.185614, "経度": 131.483383, "url": "https://www.iryou.teikyouseido.mhlw.go.jp/znk-web/juminkanja/S2430/initialize?prefCd=35&kikanCd=646&kikanKbn=5", "url2": "https://ks-office.group", "内容": "ひまわり薬局【5:薬局】山口県山口市金古曽町３番７号" }, "geometry": { "type": "Point", "coordinates": [ 131.483383, 34.185614 ] } },
{ "type": "Feature", "properties": { "ID": 355648, "正式名称": "さつき薬局", "機関区分": 5, "都道府県コード": 35, "市区町村コード": 216, "所在地": "山口県山陽小野田市北竜王町１０－８", "緯度": 33.970308, "経度": 131.176464, "url": "https://www.iryou.teikyouseido.mhlw.go.jp/znk-web/juminkanja/S2430/initialize?prefCd=35&kikanCd=648&kikanKbn=5", "url2": "http://www.flowerbros-tms.com", "内容": "さつき薬局【5:薬局】山口県山陽小野田市北竜王町１０－８" }, "geometry": { "type": "Point", "coordinates": [ 131.176464, 33.970308 ] } },
{ "type": "Feature", "properties": { "ID": 35565, "正式名称": "薬局健康堂", "機関区分": 5, "都道府県コード": 35, "市区町村コード": 201, "所在地": "山口県下関市竹崎町２ー２ー１", "緯度": 33.951263, "経度": 130.92256, "url": "https://www.iryou.teikyouseido.mhlw.go.jp/znk-web/juminkanja/S2430/initialize?prefCd=35&kikanCd=65&kikanKbn=5", "url2": null, "内容": "薬局健康堂【5:薬局】山口県下関市竹崎町２ー２ー１" }, "geometry": { "type": "Point", "coordinates": [ 130.92256, 33.951263 ] } },
{ "type": "Feature", "properties": { "ID": 355652, "正式名称": "めぐみ薬局", "機関区分": 5, "都道府県コード": 35, "市区町村コード": 207, "所在地": "山口県下松市栄町３丁目４番２号", "緯度": 34.012787, "経度": 131.869873, "url": "https://www.iryou.teikyouseido.mhlw.go.jp/znk-web/juminkanja/S2430/initialize?prefCd=35&kikanCd=652&kikanKbn=5", "url2": "http://www.megumi-kudamatsu.com/", "内容": "めぐみ薬局【5:薬局】山口県下松市栄町３丁目４番２号" }, "geometry": { "type": "Point", "coordinates": [ 131.869873, 34.012787 ] } },
{ "type": "Feature", "properties": { "ID": 355654, "正式名称": "あすなろ薬局", "機関区分": 5, "都道府県コード": 35, "市区町村コード": 201, "所在地": "山口県下関市小月茶屋２丁目１番１８号", "緯度": 34.068548, "経度": 131.030266, "url": "https://www.iryou.teikyouseido.mhlw.go.jp/znk-web/juminkanja/S2430/initialize?prefCd=35&kikanCd=654&kikanKbn=5", "url2": "https://ozuki-asunaro.hp.peraichi.com/?_ga=2.253117578.2022834024.1649654497-2030424371.1649200622", "内容": "あすなろ薬局【5:薬局】山口県下関市小月茶屋２丁目１番１８号" }, "geometry": { "type": "Point", "coordinates": [ 131.030266, 34.068548 ] } },
{ "type": "Feature", "properties": { "ID": 355655, "正式名称": "つばさ薬局", "機関区分": 5, "都道府県コード": 35, "市区町村コード": 212, "所在地": "山口県柳井市中央１丁目８番１８号", "緯度": 33.965745, "経度": 132.109918, "url": "https://www.iryou.teikyouseido.mhlw.go.jp/znk-web/juminkanja/S2430/initialize?prefCd=35&kikanCd=655&kikanKbn=5", "url2": "https://wing1-pharmacy-yamaguchi.jimdofree.com", "内容": "つばさ薬局【5:薬局】山口県柳井市中央１丁目８番１８号" }, "geometry": { "type": "Point", "coordinates": [ 132.109918, 33.965745 ] } },
{ "type": "Feature", "properties": { "ID": 355657, "正式名称": "いちのみや薬局　勝山店", "機関区分": 5, "都道府県コード": 35, "市区町村コード": 201, "所在地": "山口県下関市有冨１６７－１", "緯度": 34.013539, "経度": 130.947639, "url": "https://www.iryou.teikyouseido.mhlw.go.jp/znk-web/juminkanja/S2430/initialize?prefCd=35&kikanCd=657&kikanKbn=5", "url2": "http://ichinomiya-pharmacy-group.jp/", "内容": "いちのみや薬局　勝山店【5:薬局】山口県下関市有冨１６７－１" }, "geometry": { "type": "Point", "coordinates": [ 130.947639, 34.013539 ] } },
{ "type": "Feature", "properties": { "ID": 355658, "正式名称": "ヨシワラ薬局", "機関区分": 5, "都道府県コード": 35, "市区町村コード": 206, "所在地": "山口県防府市大字新田７８３ー３", "緯度": 34.031664, "経度": 131.564665, "url": "https://www.iryou.teikyouseido.mhlw.go.jp/znk-web/juminkanja/S2430/initialize?prefCd=35&kikanCd=658&kikanKbn=5", "url2": null, "内容": "ヨシワラ薬局【5:薬局】山口県防府市大字新田７８３ー３" }, "geometry": { "type": "Point", "coordinates": [ 131.564665, 34.031664 ] } },
{ "type": "Feature", "properties": { "ID": 355659, "正式名称": "有限会社わかば調剤薬局", "機関区分": 5, "都道府県コード": 35, "市区町村コード": 204, "所在地": "山口県萩市大字椿字門田３４３５の３", "緯度": 34.394367, "経度": 131.40112, "url": "https://www.iryou.teikyouseido.mhlw.go.jp/znk-web/juminkanja/S2430/initialize?prefCd=35&kikanCd=659&kikanKbn=5", "url2": null, "内容": "有限会社わかば調剤薬局【5:薬局】山口県萩市大字椿字門田３４３５の３" }, "geometry": { "type": "Point", "coordinates": [ 131.40112, 34.394367 ] } },
{ "type": "Feature", "properties": { "ID": 355660, "正式名称": "花咲薬局", "機関区分": 5, "都道府県コード": 35, "市区町村コード": 203, "所在地": "山口県山口市大内矢田北六丁目２０ー３２", "緯度": 34.152714, "経度": 131.515749, "url": "https://www.iryou.teikyouseido.mhlw.go.jp/znk-web/juminkanja/S2430/initialize?prefCd=35&kikanCd=660&kikanKbn=5", "url2": "https://prog-net.jp/", "内容": "花咲薬局【5:薬局】山口県山口市大内矢田北六丁目２０ー３２" }, "geometry": { "type": "Point", "coordinates": [ 131.515749, 34.152714 ] } },
{ "type": "Feature", "properties": { "ID": 355661, "正式名称": "有限会社杉山薬局", "機関区分": 5, "都道府県コード": 35, "市区町村コード": 201, "所在地": "山口県下関市川中豊町７丁目１−３６", "緯度": 33.993059, "経度": 130.940003, "url": "https://www.iryou.teikyouseido.mhlw.go.jp/znk-web/juminkanja/S2430/initialize?prefCd=35&kikanCd=661&kikanKbn=5", "url2": "https://sugiyama-pharmacy.com", "内容": "有限会社杉山薬局【5:薬局】山口県下関市川中豊町７丁目１−３６" }, "geometry": { "type": "Point", "coordinates": [ 130.940003, 33.993059 ] } },
{ "type": "Feature", "properties": { "ID": 355662, "正式名称": "寿町薬局", "機関区分": 5, "都道府県コード": 35, "市区町村コード": 206, "所在地": "山口県防府市寿町４番１７号", "緯度": 34.051443, "経度": 131.559623, "url": "https://www.iryou.teikyouseido.mhlw.go.jp/znk-web/juminkanja/S2430/initialize?prefCd=35&kikanCd=662&kikanKbn=5", "url2": null, "内容": "寿町薬局【5:薬局】山口県防府市寿町４番１７号" }, "geometry": { "type": "Point", "coordinates": [ 131.559623, 34.051443 ] } },
{ "type": "Feature", "properties": { "ID": 355663, "正式名称": "おひさま薬局", "機関区分": 5, "都道府県コード": 35, "市区町村コード": 208, "所在地": "山口県岩国市御庄３丁目１０２番１９", "緯度": 34.167734, "経度": 132.154086, "url": "https://www.iryou.teikyouseido.mhlw.go.jp/znk-web/juminkanja/S2430/initialize?prefCd=35&kikanCd=663&kikanKbn=5", "url2": "http://www.yakumeikan.co.jp/", "内容": "おひさま薬局【5:薬局】山口県岩国市御庄３丁目１０２番１９" }, "geometry": { "type": "Point", "coordinates": [ 132.154086, 34.167734 ] } },
{ "type": "Feature", "properties": { "ID": 355665, "正式名称": "さゆり薬局", "機関区分": 5, "都道府県コード": 35, "市区町村コード": 216, "所在地": "山口県山陽小野田市小野田１３１５－３０", "緯度": 33.986583, "経度": 131.182733, "url": "https://www.iryou.teikyouseido.mhlw.go.jp/znk-web/juminkanja/S2430/initialize?prefCd=35&kikanCd=665&kikanKbn=5", "url2": "http://www.flowerbros-tms.com", "内容": "さゆり薬局【5:薬局】山口県山陽小野田市小野田１３１５－３０" }, "geometry": { "type": "Point", "coordinates": [ 131.182733, 33.986583 ] } },
{ "type": "Feature", "properties": { "ID": 355667, "正式名称": "あかね薬局", "機関区分": 5, "都道府県コード": 35, "市区町村コード": 203, "所在地": "山口県山口市緑町３番２６号", "緯度": 34.170469, "経度": 131.466267, "url": "https://www.iryou.teikyouseido.mhlw.go.jp/znk-web/juminkanja/S2430/initialize?prefCd=35&kikanCd=667&kikanKbn=5", "url2": "http://www.flowerbros-tms.com/", "内容": "あかね薬局【5:薬局】山口県山口市緑町３番２６号" }, "geometry": { "type": "Point", "coordinates": [ 131.466267, 34.170469 ] } },
{ "type": "Feature", "properties": { "ID": 355668, "正式名称": "ひかる薬局", "機関区分": 5, "都道府県コード": 35, "市区町村コード": 212, "所在地": "山口県柳井市南浜一丁目８番６号", "緯度": 33.962961, "経度": 132.112181, "url": "https://www.iryou.teikyouseido.mhlw.go.jp/znk-web/juminkanja/S2430/initialize?prefCd=35&kikanCd=668&kikanKbn=5", "url2": "http://www.pure-clair.com", "内容": "ひかる薬局【5:薬局】山口県柳井市南浜一丁目８番６号" }, "geometry": { "type": "Point", "coordinates": [ 132.112181, 33.962961 ] } },
{ "type": "Feature", "properties": { "ID": 355669, "正式名称": "チューリップ薬局", "機関区分": 5, "都道府県コード": 35, "市区町村コード": 203, "所在地": "山口県山口市亀山町６番２", "緯度": 34.179625, "経度": 131.4714, "url": "https://www.iryou.teikyouseido.mhlw.go.jp/znk-web/juminkanja/S2430/initialize?prefCd=35&kikanCd=669&kikanKbn=5", "url2": "http://www.flowerbros-tms.com/", "内容": "チューリップ薬局【5:薬局】山口県山口市亀山町６番２" }, "geometry": { "type": "Point", "coordinates": [ 131.4714, 34.179625 ] } },
{ "type": "Feature", "properties": { "ID": 35567, "正式名称": "上利真貫堂薬局", "機関区分": 5, "都道府県コード": 35, "市区町村コード": 203, "所在地": "山口県山口市鰐石町５番１５号", "緯度": 34.168775, "経度": 131.4786, "url": "https://www.iryou.teikyouseido.mhlw.go.jp/znk-web/juminkanja/S2430/initialize?prefCd=35&kikanCd=67&kikanKbn=5", "url2": null, "内容": "上利真貫堂薬局【5:薬局】山口県山口市鰐石町５番１５号" }, "geometry": { "type": "Point", "coordinates": [ 131.4786, 34.168775 ] } },
{ "type": "Feature", "properties": { "ID": 355676, "正式名称": "蘭ファーマシー", "機関区分": 5, "都道府県コード": 35, "市区町村コード": 201, "所在地": "山口県下関市豊浦町川棚６９１９－１", "緯度": 34.147313, "経度": 130.923161, "url": "https://www.iryou.teikyouseido.mhlw.go.jp/znk-web/juminkanja/S2430/initialize?prefCd=35&kikanCd=676&kikanKbn=5", "url2": "http://www.zaitak.jp/", "内容": "蘭ファーマシー【5:薬局】山口県下関市豊浦町川棚６９１９－１" }, "geometry": { "type": "Point", "coordinates": [ 130.923161, 34.147313 ] } },
{ "type": "Feature", "properties": { "ID": 355677, "正式名称": "ペリカンみんなの薬局", "機関区分": 5, "都道府県コード": 35, "市区町村コード": 203, "所在地": "山口県山口市平井１４３９－１", "緯度": 34.144944, "経度": 131.458633, "url": "https://www.iryou.teikyouseido.mhlw.go.jp/znk-web/juminkanja/S2430/initialize?prefCd=35&kikanCd=677&kikanKbn=5", "url2": "https://www.pelican-pharmacy.jp/", "内容": "ペリカンみんなの薬局【5:薬局】山口県山口市平井１４３９－１" }, "geometry": { "type": "Point", "coordinates": [ 131.458633, 34.144944 ] } },
{ "type": "Feature", "properties": { "ID": 355679, "正式名称": "だんしん薬局", "機関区分": 5, "都道府県コード": 35, "市区町村コード": 201, "所在地": "山口県下関市王司上町５丁目８ー１７", "緯度": 34.044767, "経度": 131.015547, "url": "https://www.iryou.teikyouseido.mhlw.go.jp/znk-web/juminkanja/S2430/initialize?prefCd=35&kikanCd=679&kikanKbn=5", "url2": "http://kotobukiph.com", "内容": "だんしん薬局【5:薬局】山口県下関市王司上町５丁目８ー１７" }, "geometry": { "type": "Point", "coordinates": [ 131.015547, 34.044767 ] } },
{ "type": "Feature", "properties": { "ID": 355680, "正式名称": "厚狭駅南薬局", "機関区分": 5, "都道府県コード": 35, "市区町村コード": 216, "所在地": "山口県山陽小野田市桜１丁目１番３号", "緯度": 34.0531, "経度": 131.158322, "url": "https://www.iryou.teikyouseido.mhlw.go.jp/znk-web/juminkanja/S2430/initialize?prefCd=35&kikanCd=680&kikanKbn=5", "url2": null, "内容": "厚狭駅南薬局【5:薬局】山口県山陽小野田市桜１丁目１番３号" }, "geometry": { "type": "Point", "coordinates": [ 131.158322, 34.0531 ] } },
{ "type": "Feature", "properties": { "ID": 355682, "正式名称": "小松薬局", "機関区分": 5, "都道府県コード": 35, "市区町村コード": 210, "所在地": "山口県光市光井三丁目７番３３号", "緯度": 33.955389, "経度": 131.957181, "url": "https://www.iryou.teikyouseido.mhlw.go.jp/znk-web/juminkanja/S2430/initialize?prefCd=35&kikanCd=682&kikanKbn=5", "url2": null, "内容": "小松薬局【5:薬局】山口県光市光井三丁目７番３３号" }, "geometry": { "type": "Point", "coordinates": [ 131.957181, 33.955389 ] } },
{ "type": "Feature", "properties": { "ID": 355685, "正式名称": "トータス薬局　柳井店", "機関区分": 5, "都道府県コード": 35, "市区町村コード": 212, "所在地": "山口県柳井市柳井宮本東１５４８番地９", "緯度": 33.96118, "経度": 132.125349, "url": "https://www.iryou.teikyouseido.mhlw.go.jp/znk-web/juminkanja/S2430/initialize?prefCd=35&kikanCd=685&kikanKbn=5", "url2": null, "内容": "トータス薬局　柳井店【5:薬局】山口県柳井市柳井宮本東１５４８番地９" }, "geometry": { "type": "Point", "coordinates": [ 132.125349, 33.96118 ] } },
{ "type": "Feature", "properties": { "ID": 355688, "正式名称": "オリーブ薬局", "機関区分": 5, "都道府県コード": 35, "市区町村コード": 202, "所在地": "山口県宇部市東岐波５６０７番地の２", "緯度": 33.972802, "経度": 131.334575, "url": "https://www.iryou.teikyouseido.mhlw.go.jp/znk-web/juminkanja/S2430/initialize?prefCd=35&kikanCd=688&kikanKbn=5", "url2": "http://www.flowerbros-tms.com/", "内容": "オリーブ薬局【5:薬局】山口県宇部市東岐波５６０７番地の２" }, "geometry": { "type": "Point", "coordinates": [ 131.334575, 33.972802 ] } },
{ "type": "Feature", "properties": { "ID": 355689, "正式名称": "なべくら薬局", "機関区分": 5, "都道府県コード": 35, "市区町村コード": 202, "所在地": "山口県宇部市鍋倉町６－４３", "緯度": 33.968958, "経度": 131.232556, "url": "https://www.iryou.teikyouseido.mhlw.go.jp/znk-web/juminkanja/S2430/initialize?prefCd=35&kikanCd=689&kikanKbn=5", "url2": null, "内容": "なべくら薬局【5:薬局】山口県宇部市鍋倉町６－４３" }, "geometry": { "type": "Point", "coordinates": [ 131.232556, 33.968958 ] } },
{ "type": "Feature", "properties": { "ID": 355690, "正式名称": "そうごう薬局　三田尻店", "機関区分": 5, "都道府県コード": 35, "市区町村コード": 206, "所在地": "山口県防府市お茶屋町１０番２号", "緯度": 34.046046, "経度": 131.573004, "url": "https://www.iryou.teikyouseido.mhlw.go.jp/znk-web/juminkanja/S2430/initialize?prefCd=35&kikanCd=690&kikanKbn=5", "url2": "http://www.sogo-medical.co.jp", "内容": "そうごう薬局　三田尻店【5:薬局】山口県防府市お茶屋町１０番２号" }, "geometry": { "type": "Point", "coordinates": [ 131.573004, 34.046046 ] } },
{ "type": "Feature", "properties": { "ID": 355693, "正式名称": "あおぞら薬局", "機関区分": 5, "都道府県コード": 35, "市区町村コード": 344, "所在地": "山口県熊毛郡平生町平生村５５３－１１", "緯度": 33.943748, "経度": 132.079744, "url": "https://www.iryou.teikyouseido.mhlw.go.jp/znk-web/juminkanja/S2430/initialize?prefCd=35&kikanCd=693&kikanKbn=5", "url2": "https://www.aozorayou.com/", "内容": "あおぞら薬局【5:薬局】山口県熊毛郡平生町平生村５５３－１１" }, "geometry": { "type": "Point", "coordinates": [ 132.079744, 33.943748 ] } },
{ "type": "Feature", "properties": { "ID": 355695, "正式名称": "芝草薬局", "機関区分": 5, "都道府県コード": 35, "市区町村コード": 211, "所在地": "山口県長門市仙崎１９４５の２", "緯度": 34.40197, "経度": 131.19856, "url": "https://www.iryou.teikyouseido.mhlw.go.jp/znk-web/juminkanja/S2430/initialize?prefCd=35&kikanCd=695&kikanKbn=5", "url2": null, "内容": "芝草薬局【5:薬局】山口県長門市仙崎１９４５の２" }, "geometry": { "type": "Point", "coordinates": [ 131.19856, 34.40197 ] } },
{ "type": "Feature", "properties": { "ID": 355697, "正式名称": "桜田薬局", "機関区分": 5, "都道府県コード": 35, "市区町村コード": 215, "所在地": "山口県周南市戸田２７９７", "緯度": 34.077309, "経度": 131.683884, "url": "https://www.iryou.teikyouseido.mhlw.go.jp/znk-web/juminkanja/S2430/initialize?prefCd=35&kikanCd=697&kikanKbn=5", "url2": "https://www.top-home-sakurada.com/home", "内容": "桜田薬局【5:薬局】山口県周南市戸田２７９７" }, "geometry": { "type": "Point", "coordinates": [ 131.683884, 34.077309 ] } },
{ "type": "Feature", "properties": { "ID": 355699, "正式名称": "ファミリー薬局　秋芳店", "機関区分": 5, "都道府県コード": 35, "市区町村コード": 213, "所在地": "山口県美祢市秋芳町秋吉５４４１－４", "緯度": 34.214311, "経度": 131.289111, "url": "https://www.iryou.teikyouseido.mhlw.go.jp/znk-web/juminkanja/S2430/initialize?prefCd=35&kikanCd=699&kikanKbn=5", "url2": null, "内容": "ファミリー薬局　秋芳店【5:薬局】山口県美祢市秋芳町秋吉５４４１－４" }, "geometry": { "type": "Point", "coordinates": [ 131.289111, 34.214311 ] } },
{ "type": "Feature", "properties": { "ID": 355700, "正式名称": "いちのみや薬局　植松店", "機関区分": 5, "都道府県コード": 35, "市区町村コード": 206, "所在地": "山口県防府市大字植松５５９番地の１", "緯度": 34.048531, "経度": 131.538442, "url": "https://www.iryou.teikyouseido.mhlw.go.jp/znk-web/juminkanja/S2430/initialize?prefCd=35&kikanCd=700&kikanKbn=5", "url2": "http://ichinomiya-pharmacy-group.jp/", "内容": "いちのみや薬局　植松店【5:薬局】山口県防府市大字植松５５９番地の１" }, "geometry": { "type": "Point", "coordinates": [ 131.538442, 34.048531 ] } },
{ "type": "Feature", "properties": { "ID": 355702, "正式名称": "さくら薬局", "機関区分": 5, "都道府県コード": 35, "市区町村コード": 202, "所在地": "山口県宇部市島２丁目４－１２－１０１", "緯度": 33.959511, "経度": 131.243885, "url": "https://www.iryou.teikyouseido.mhlw.go.jp/znk-web/juminkanja/S2430/initialize?prefCd=35&kikanCd=702&kikanKbn=5", "url2": "http://www.yakumeikan.com/", "内容": "さくら薬局【5:薬局】山口県宇部市島２丁目４－１２－１０１" }, "geometry": { "type": "Point", "coordinates": [ 131.243885, 33.959511 ] } },
{ "type": "Feature", "properties": { "ID": 355704, "正式名称": "そうごう薬局　宇部新川店", "機関区分": 5, "都道府県コード": 35, "市区町村コード": 202, "所在地": "山口県宇部市上町１丁目４番２８号金藤ビル１階", "緯度": 33.95885, "経度": 131.240275, "url": "https://www.iryou.teikyouseido.mhlw.go.jp/znk-web/juminkanja/S2430/initialize?prefCd=35&kikanCd=704&kikanKbn=5", "url2": "https://www.sogo-medical.co.jp/sogopharmacy/shop/", "内容": "そうごう薬局　宇部新川店【5:薬局】山口県宇部市上町１丁目４番２８号金藤ビル１階" }, "geometry": { "type": "Point", "coordinates": [ 131.240275, 33.95885 ] } },
{ "type": "Feature", "properties": { "ID": 355705, "正式名称": "三好薬局", "機関区分": 5, "都道府県コード": 35, "市区町村コード": 203, "所在地": "山口県山口市小郡下郷８４４番地４", "緯度": 34.102612, "経度": 131.395971, "url": "https://www.iryou.teikyouseido.mhlw.go.jp/znk-web/juminkanja/S2430/initialize?prefCd=35&kikanCd=705&kikanKbn=5", "url2": "http://my-okusuri.jp", "内容": "三好薬局【5:薬局】山口県山口市小郡下郷８４４番地４" }, "geometry": { "type": "Point", "coordinates": [ 131.395971, 34.102612 ] } },
{ "type": "Feature", "properties": { "ID": 355706, "正式名称": "錦見薬局", "機関区分": 5, "都道府県コード": 35, "市区町村コード": 208, "所在地": "山口県岩国市錦見１丁目１３―１１―２", "緯度": 34.165988, "経度": 132.191469, "url": "https://www.iryou.teikyouseido.mhlw.go.jp/znk-web/juminkanja/S2430/initialize?prefCd=35&kikanCd=706&kikanKbn=5", "url2": "http://www.yakumeikan.com/s02.html", "内容": "錦見薬局【5:薬局】山口県岩国市錦見１丁目１３―１１―２" }, "geometry": { "type": "Point", "coordinates": [ 132.191469, 34.165988 ] } },
{ "type": "Feature", "properties": { "ID": 355707, "正式名称": "サンキュードラッグ彦島中央薬局", "機関区分": 5, "都道府県コード": 35, "市区町村コード": 201, "所在地": "山口県下関市彦島本村町７丁目３番９号", "緯度": 33.935849, "経度": 130.91063, "url": "https://www.iryou.teikyouseido.mhlw.go.jp/znk-web/juminkanja/S2430/initialize?prefCd=35&kikanCd=707&kikanKbn=5", "url2": "https://www.drug39.co.jp/", "内容": "サンキュードラッグ彦島中央薬局【5:薬局】山口県下関市彦島本村町７丁目３番９号" }, "geometry": { "type": "Point", "coordinates": [ 130.91063, 33.935849 ] } },
{ "type": "Feature", "properties": { "ID": 355709, "正式名称": "アイリス薬局", "機関区分": 5, "都道府県コード": 35, "市区町村コード": 202, "所在地": "山口県宇部市東岐波字木船２１２９番地２０", "緯度": 33.989323, "経度": 131.34567, "url": "https://www.iryou.teikyouseido.mhlw.go.jp/znk-web/juminkanja/S2430/initialize?prefCd=35&kikanCd=709&kikanKbn=5", "url2": "http://www.flowerbros-tms.com/", "内容": "アイリス薬局【5:薬局】山口県宇部市東岐波字木船２１２９番地２０" }, "geometry": { "type": "Point", "coordinates": [ 131.34567, 33.989323 ] } },
{ "type": "Feature", "properties": { "ID": 355710, "正式名称": "フラワー薬局　菊川店", "機関区分": 5, "都道府県コード": 35, "市区町村コード": 201, "所在地": "山口県下関市菊川町田部１１４１－１７", "緯度": 34.115066, "経度": 131.034109, "url": "https://www.iryou.teikyouseido.mhlw.go.jp/znk-web/juminkanja/S2430/initialize?prefCd=35&kikanCd=710&kikanKbn=5", "url2": "http://www.zaitak.jp/", "内容": "フラワー薬局　菊川店【5:薬局】山口県下関市菊川町田部１１４１－１７" }, "geometry": { "type": "Point", "coordinates": [ 131.034109, 34.115066 ] } },
{ "type": "Feature", "properties": { "ID": 355711, "正式名称": "ころころ薬局", "機関区分": 5, "都道府県コード": 35, "市区町村コード": 208, "所在地": "山口県岩国市今津町３丁目１５－９－１", "緯度": 34.1633, "経度": 132.215474, "url": "https://www.iryou.teikyouseido.mhlw.go.jp/znk-web/juminkanja/S2430/initialize?prefCd=35&kikanCd=711&kikanKbn=5", "url2": "http://yakumeikan.com", "内容": "ころころ薬局【5:薬局】山口県岩国市今津町３丁目１５－９－１" }, "geometry": { "type": "Point", "coordinates": [ 132.215474, 34.1633 ] } },
{ "type": "Feature", "properties": { "ID": 355713, "正式名称": "コスモ薬局", "機関区分": 5, "都道府県コード": 35, "市区町村コード": 203, "所在地": "山口県山口市泉都町１番３号", "緯度": 34.168666, "経度": 131.46415, "url": "https://www.iryou.teikyouseido.mhlw.go.jp/znk-web/juminkanja/S2430/initialize?prefCd=35&kikanCd=713&kikanKbn=5", "url2": "http://www.flowerbros-tms.com/", "内容": "コスモ薬局【5:薬局】山口県山口市泉都町１番３号" }, "geometry": { "type": "Point", "coordinates": [ 131.46415, 34.168666 ] } },
{ "type": "Feature", "properties": { "ID": 355714, "正式名称": "ニコニコ薬局", "機関区分": 5, "都道府県コード": 35, "市区町村コード": 215, "所在地": "山口県周南市新清光台二丁目１０ー２０", "緯度": 34.035609, "経度": 131.950734, "url": "https://www.iryou.teikyouseido.mhlw.go.jp/znk-web/juminkanja/S2430/initialize?prefCd=35&kikanCd=714&kikanKbn=5", "url2": null, "内容": "ニコニコ薬局【5:薬局】山口県周南市新清光台二丁目１０ー２０" }, "geometry": { "type": "Point", "coordinates": [ 131.950734, 34.035609 ] } },
{ "type": "Feature", "properties": { "ID": 355715, "正式名称": "みすず薬局", "機関区分": 5, "都道府県コード": 35, "市区町村コード": 211, "所在地": "山口県長門市三隅中３２９３番", "緯度": 34.370328, "経度": 131.256844, "url": "https://www.iryou.teikyouseido.mhlw.go.jp/znk-web/juminkanja/S2430/initialize?prefCd=35&kikanCd=715&kikanKbn=5", "url2": "http://mizuyuki.iinaa.net/", "内容": "みすず薬局【5:薬局】山口県長門市三隅中３２９３番" }, "geometry": { "type": "Point", "coordinates": [ 131.256844, 34.370328 ] } },
{ "type": "Feature", "properties": { "ID": 355716, "正式名称": "ひとまる薬局", "機関区分": 5, "都道府県コード": 35, "市区町村コード": 211, "所在地": "山口県長門市油谷新別名９９６番７", "緯度": 34.373642, "経度": 131.059842, "url": "https://www.iryou.teikyouseido.mhlw.go.jp/znk-web/juminkanja/S2430/initialize?prefCd=35&kikanCd=716&kikanKbn=5", "url2": null, "内容": "ひとまる薬局【5:薬局】山口県長門市油谷新別名９９６番７" }, "geometry": { "type": "Point", "coordinates": [ 131.059842, 34.373642 ] } },
{ "type": "Feature", "properties": { "ID": 355717, "正式名称": "はなみずき薬局", "機関区分": 5, "都道府県コード": 35, "市区町村コード": 208, "所在地": "山口県岩国市尾津町２丁目１４－５１　冨士美荘１０１、１０２", "緯度": 34.140841, "経度": 132.210825, "url": "https://www.iryou.teikyouseido.mhlw.go.jp/znk-web/juminkanja/S2430/initialize?prefCd=35&kikanCd=717&kikanKbn=5", "url2": "http://yuushin.cc", "内容": "はなみずき薬局【5:薬局】山口県岩国市尾津町２丁目１４－５１　冨士美荘１０１、１０２" }, "geometry": { "type": "Point", "coordinates": [ 132.210825, 34.140841 ] } },
{ "type": "Feature", "properties": { "ID": 355719, "正式名称": "コスモス薬局", "機関区分": 5, "都道府県コード": 35, "市区町村コード": 202, "所在地": "山口県宇部市大字中野開作６８番７", "緯度": 33.992581, "経度": 131.219118, "url": "https://www.iryou.teikyouseido.mhlw.go.jp/znk-web/juminkanja/S2430/initialize?prefCd=35&kikanCd=719&kikanKbn=5", "url2": "http://www.flowerbros-tms.com/", "内容": "コスモス薬局【5:薬局】山口県宇部市大字中野開作６８番７" }, "geometry": { "type": "Point", "coordinates": [ 131.219118, 33.992581 ] } },
{ "type": "Feature", "properties": { "ID": 355721, "正式名称": "有限会社くすりのあまくさ薬局　葵店", "機関区分": 5, "都道府県コード": 35, "市区町村コード": 203, "所在地": "山口県山口市葵１丁目４－７４", "緯度": 34.161357, "経度": 131.450771, "url": "https://www.iryou.teikyouseido.mhlw.go.jp/znk-web/juminkanja/S2430/initialize?prefCd=35&kikanCd=721&kikanKbn=5", "url2": null, "内容": "有限会社くすりのあまくさ薬局　葵店【5:薬局】山口県山口市葵１丁目４－７４" }, "geometry": { "type": "Point", "coordinates": [ 131.450771, 34.161357 ] } },
{ "type": "Feature", "properties": { "ID": 355722, "正式名称": "三栄堂薬局", "機関区分": 5, "都道府県コード": 35, "市区町村コード": 206, "所在地": "山口県防府市石が口１－４－１７", "緯度": 34.042386, "経度": 131.567067, "url": "https://www.iryou.teikyouseido.mhlw.go.jp/znk-web/juminkanja/S2430/initialize?prefCd=35&kikanCd=722&kikanKbn=5", "url2": "https://saneidou.pharmacy-yamaguchi.com/", "内容": "三栄堂薬局【5:薬局】山口県防府市石が口１－４－１７" }, "geometry": { "type": "Point", "coordinates": [ 131.567067, 34.042386 ] } },
{ "type": "Feature", "properties": { "ID": 355723, "正式名称": "しんでん薬局", "機関区分": 5, "都道府県コード": 35, "市区町村コード": 206, "所在地": "山口県防府市新田５８２番地の８", "緯度": 34.035461, "経度": 131.569186, "url": "https://www.iryou.teikyouseido.mhlw.go.jp/znk-web/juminkanja/S2430/initialize?prefCd=35&kikanCd=723&kikanKbn=5", "url2": null, "内容": "しんでん薬局【5:薬局】山口県防府市新田５８２番地の８" }, "geometry": { "type": "Point", "coordinates": [ 131.569186, 34.035461 ] } },
{ "type": "Feature", "properties": { "ID": 355726, "正式名称": "アイテル薬局　幡生店", "機関区分": 5, "都道府県コード": 35, "市区町村コード": 201, "所在地": "山口県下関市幡生本町６番５号", "緯度": 33.97849, "経度": 130.927778, "url": "https://www.iryou.teikyouseido.mhlw.go.jp/znk-web/juminkanja/S2430/initialize?prefCd=35&kikanCd=726&kikanKbn=5", "url2": "http://www.zaitak.jp/", "内容": "アイテル薬局　幡生店【5:薬局】山口県下関市幡生本町６番５号" }, "geometry": { "type": "Point", "coordinates": [ 130.927778, 33.97849 ] } },
{ "type": "Feature", "properties": { "ID": 355727, "正式名称": "石が口薬局", "機関区分": 5, "都道府県コード": 35, "市区町村コード": 206, "所在地": "山口県防府市石が口２丁目２番３７号", "緯度": 34.044914, "経度": 131.562226, "url": "https://www.iryou.teikyouseido.mhlw.go.jp/znk-web/juminkanja/S2430/initialize?prefCd=35&kikanCd=727&kikanKbn=5", "url2": "http://www.officedrug.com/", "内容": "石が口薬局【5:薬局】山口県防府市石が口２丁目２番３７号" }, "geometry": { "type": "Point", "coordinates": [ 131.562226, 34.044914 ] } },
{ "type": "Feature", "properties": { "ID": 355728, "正式名称": "美祢社会復帰促進センター薬局", "機関区分": 5, "都道府県コード": 35, "市区町村コード": 213, "所在地": "山口県美祢市豊田前町麻生下１０番地", "緯度": 34.197942, "経度": 131.133308, "url": "https://www.iryou.teikyouseido.mhlw.go.jp/znk-web/juminkanja/S2430/initialize?prefCd=35&kikanCd=728&kikanKbn=5", "url2": null, "内容": "美祢社会復帰促進センター薬局【5:薬局】山口県美祢市豊田前町麻生下１０番地" }, "geometry": { "type": "Point", "coordinates": [ 131.133308, 34.197942 ] } },
{ "type": "Feature", "properties": { "ID": 355729, "正式名称": "こころ薬局", "機関区分": 5, "都道府県コード": 35, "市区町村コード": 203, "所在地": "山口県山口市矢原町３１", "緯度": 34.157341, "経度": 131.453136, "url": "https://www.iryou.teikyouseido.mhlw.go.jp/znk-web/juminkanja/S2430/initialize?prefCd=35&kikanCd=729&kikanKbn=5", "url2": null, "内容": "こころ薬局【5:薬局】山口県山口市矢原町３１" }, "geometry": { "type": "Point", "coordinates": [ 131.453136, 34.157341 ] } },
{ "type": "Feature", "properties": { "ID": 35573, "正式名称": "エーデル薬局", "機関区分": 5, "都道府県コード": 35, "市区町村コード": 201, "所在地": "山口県下関市田中町１番１３号", "緯度": 33.961568, "経度": 130.94072, "url": "https://www.iryou.teikyouseido.mhlw.go.jp/znk-web/juminkanja/S2430/initialize?prefCd=35&kikanCd=73&kikanKbn=5", "url2": "https://www.edel-pharmacy.com/", "内容": "エーデル薬局【5:薬局】山口県下関市田中町１番１３号" }, "geometry": { "type": "Point", "coordinates": [ 130.94072, 33.961568 ] } },
{ "type": "Feature", "properties": { "ID": 355734, "正式名称": "竜王薬局", "機関区分": 5, "都道府県コード": 35, "市区町村コード": 216, "所在地": "山口県山陽小野田市大学通二丁目１５番１２号", "緯度": 33.955245, "経度": 131.185543, "url": "https://www.iryou.teikyouseido.mhlw.go.jp/znk-web/juminkanja/S2430/initialize?prefCd=35&kikanCd=734&kikanKbn=5", "url2": "http://www.green-ph.jp/", "内容": "竜王薬局【5:薬局】山口県山陽小野田市大学通二丁目１５番１２号" }, "geometry": { "type": "Point", "coordinates": [ 131.185543, 33.955245 ] } },
{ "type": "Feature", "properties": { "ID": 355737, "正式名称": "石丸薬局　周陽店", "機関区分": 5, "都道府県コード": 35, "市区町村コード": 215, "所在地": "山口県周南市周陽２丁目１番３－１０５", "緯度": 34.04704, "経度": 131.830594, "url": "https://www.iryou.teikyouseido.mhlw.go.jp/znk-web/juminkanja/S2430/initialize?prefCd=35&kikanCd=737&kikanKbn=5", "url2": "https://ishimaru-ph.co.jp/", "内容": "石丸薬局　周陽店【5:薬局】山口県周南市周陽２丁目１番３－１０５" }, "geometry": { "type": "Point", "coordinates": [ 131.830594, 34.04704 ] } },
{ "type": "Feature", "properties": { "ID": 355738, "正式名称": "オオタ薬局新町店", "機関区分": 5, "都道府県コード": 35, "市区町村コード": 203, "所在地": "山口県山口市小郡新町１丁目６ー１０", "緯度": 34.112265, "経度": 131.400481, "url": "https://www.iryou.teikyouseido.mhlw.go.jp/znk-web/juminkanja/S2430/initialize?prefCd=35&kikanCd=738&kikanKbn=5", "url2": "http://www.ota-pharmacy.co.jp/html/", "内容": "オオタ薬局新町店【5:薬局】山口県山口市小郡新町１丁目６ー１０" }, "geometry": { "type": "Point", "coordinates": [ 131.400481, 34.112265 ] } },
{ "type": "Feature", "properties": { "ID": 355741, "正式名称": "ミント薬局", "機関区分": 5, "都道府県コード": 35, "市区町村コード": 207, "所在地": "山口県下松市西柳３丁目１番１２号", "緯度": 34.014681, "経度": 131.86381, "url": "https://www.iryou.teikyouseido.mhlw.go.jp/znk-web/juminkanja/S2430/initialize?prefCd=35&kikanCd=741&kikanKbn=5", "url2": "https://www.rising-japan.org/", "内容": "ミント薬局【5:薬局】山口県下松市西柳３丁目１番１２号" }, "geometry": { "type": "Point", "coordinates": [ 131.86381, 34.014681 ] } },
{ "type": "Feature", "properties": { "ID": 355742, "正式名称": "あすか薬局", "機関区分": 5, "都道府県コード": 35, "市区町村コード": 208, "所在地": "山口県岩国市麻里布町五丁目３番１６号", "緯度": 34.174286, "経度": 132.224287, "url": "https://www.iryou.teikyouseido.mhlw.go.jp/znk-web/juminkanja/S2430/initialize?prefCd=35&kikanCd=742&kikanKbn=5", "url2": null, "内容": "あすか薬局【5:薬局】山口県岩国市麻里布町五丁目３番１６号" }, "geometry": { "type": "Point", "coordinates": [ 132.224287, 34.174286 ] } },
{ "type": "Feature", "properties": { "ID": 355743, "正式名称": "そうごう薬局　中津町店", "機関区分": 5, "都道府県コード": 35, "市区町村コード": 208, "所在地": "山口県岩国市中津町１丁目１９ー１７－１０３", "緯度": 34.153044, "経度": 132.215142, "url": "https://www.iryou.teikyouseido.mhlw.go.jp/znk-web/juminkanja/S2430/initialize?prefCd=35&kikanCd=743&kikanKbn=5", "url2": null, "内容": "そうごう薬局　中津町店【5:薬局】山口県岩国市中津町１丁目１９ー１７－１０３" }, "geometry": { "type": "Point", "coordinates": [ 132.215142, 34.153044 ] } },
{ "type": "Feature", "properties": { "ID": 355744, "正式名称": "みのり薬局", "機関区分": 5, "都道府県コード": 35, "市区町村コード": 211, "所在地": "山口県長門市東深川１８９７番地１２", "緯度": 34.37025, "経度": 131.183908, "url": "https://www.iryou.teikyouseido.mhlw.go.jp/znk-web/juminkanja/S2430/initialize?prefCd=35&kikanCd=744&kikanKbn=5", "url2": null, "内容": "みのり薬局【5:薬局】山口県長門市東深川１８９７番地１２" }, "geometry": { "type": "Point", "coordinates": [ 131.183908, 34.37025 ] } },
{ "type": "Feature", "properties": { "ID": 355745, "正式名称": "湯玉駅薬局", "機関区分": 5, "都道府県コード": 35, "市区町村コード": 201, "所在地": "山口県下関市豊浦町大字宇賀字古神田７４３７番地２", "緯度": 34.208952, "経度": 130.932433, "url": "https://www.iryou.teikyouseido.mhlw.go.jp/znk-web/juminkanja/S2430/initialize?prefCd=35&kikanCd=745&kikanKbn=5", "url2": "https://yutamaeki-pharmacy.wixsite.com/yutamaeki", "内容": "湯玉駅薬局【5:薬局】山口県下関市豊浦町大字宇賀字古神田７４３７番地２" }, "geometry": { "type": "Point", "coordinates": [ 130.932433, 34.208952 ] } },
{ "type": "Feature", "properties": { "ID": 355746, "正式名称": "みき薬局", "機関区分": 5, "都道府県コード": 35, "市区町村コード": 208, "所在地": "山口県岩国市錦見６丁目１３番１０号", "緯度": 34.164734, "経度": 132.193937, "url": "https://www.iryou.teikyouseido.mhlw.go.jp/znk-web/juminkanja/S2430/initialize?prefCd=35&kikanCd=746&kikanKbn=5", "url2": "https://www.sanwa.tc/", "内容": "みき薬局【5:薬局】山口県岩国市錦見６丁目１３番１０号" }, "geometry": { "type": "Point", "coordinates": [ 132.193937, 34.164734 ] } },
{ "type": "Feature", "properties": { "ID": 355747, "正式名称": "ミドリ薬局", "機関区分": 5, "都道府県コード": 35, "市区町村コード": 201, "所在地": "山口県下関市山の田本町１－１", "緯度": 33.988867, "経度": 130.929194, "url": "https://www.iryou.teikyouseido.mhlw.go.jp/znk-web/juminkanja/S2430/initialize?prefCd=35&kikanCd=747&kikanKbn=5", "url2": null, "内容": "ミドリ薬局【5:薬局】山口県下関市山の田本町１－１" }, "geometry": { "type": "Point", "coordinates": [ 130.929194, 33.988867 ] } },
{ "type": "Feature", "properties": { "ID": 35575, "正式名称": "ヤマネ薬局", "機関区分": 5, "都道府県コード": 35, "市区町村コード": 203, "所在地": "山口県山口市平井８２２－７", "緯度": 34.153554, "経度": 131.463769, "url": "https://www.iryou.teikyouseido.mhlw.go.jp/znk-web/juminkanja/S2430/initialize?prefCd=35&kikanCd=75&kikanKbn=5", "url2": null, "内容": "ヤマネ薬局【5:薬局】山口県山口市平井８２２－７" }, "geometry": { "type": "Point", "coordinates": [ 131.463769, 34.153554 ] } },
{ "type": "Feature", "properties": { "ID": 355751, "正式名称": "有限会社みどり薬局", "機関区分": 5, "都道府県コード": 35, "市区町村コード": 207, "所在地": "山口県下松市望町四丁目１４番３８号", "緯度": 34.025364, "経度": 131.854144, "url": "https://www.iryou.teikyouseido.mhlw.go.jp/znk-web/juminkanja/S2430/initialize?prefCd=35&kikanCd=751&kikanKbn=5", "url2": null, "内容": "有限会社みどり薬局【5:薬局】山口県下松市望町四丁目１４番３８号" }, "geometry": { "type": "Point", "coordinates": [ 131.854144, 34.025364 ] } },
{ "type": "Feature", "properties": { "ID": 355752, "正式名称": "ムーン薬局　高井店", "機関区分": 5, "都道府県コード": 35, "市区町村コード": 206, "所在地": "山口県防府市高井６９３－２", "緯度": 34.0669, "経度": 131.549511, "url": "https://www.iryou.teikyouseido.mhlw.go.jp/znk-web/juminkanja/S2430/initialize?prefCd=35&kikanCd=752&kikanKbn=5", "url2": null, "内容": "ムーン薬局　高井店【5:薬局】山口県防府市高井６９３－２" }, "geometry": { "type": "Point", "coordinates": [ 131.549511, 34.0669 ] } },
{ "type": "Feature", "properties": { "ID": 355753, "正式名称": "株式会社くぼた薬局", "機関区分": 5, "都道府県コード": 35, "市区町村コード": 502, "所在地": "山口県阿武郡阿武町奈古２３１３－２", "緯度": 34.501792, "経度": 131.470239, "url": "https://www.iryou.teikyouseido.mhlw.go.jp/znk-web/juminkanja/S2430/initialize?prefCd=35&kikanCd=753&kikanKbn=5", "url2": null, "内容": "株式会社くぼた薬局【5:薬局】山口県阿武郡阿武町奈古２３１３－２" }, "geometry": { "type": "Point", "coordinates": [ 131.470239, 34.501792 ] } },
{ "type": "Feature", "properties": { "ID": 355755, "正式名称": "素神堂薬局", "機関区分": 5, "都道府県コード": 35, "市区町村コード": 211, "所在地": "山口県長門市仙崎８４７ー１", "緯度": 34.40197, "経度": 131.19856, "url": "https://www.iryou.teikyouseido.mhlw.go.jp/znk-web/juminkanja/S2430/initialize?prefCd=35&kikanCd=755&kikanKbn=5", "url2": null, "内容": "素神堂薬局【5:薬局】山口県長門市仙崎８４７ー１" }, "geometry": { "type": "Point", "coordinates": [ 131.19856, 34.40197 ] } },
{ "type": "Feature", "properties": { "ID": 355758, "正式名称": "日本調剤豊浦薬局", "機関区分": 5, "都道府県コード": 35, "市区町村コード": 201, "所在地": "山口県下関市豊浦町小串１０００８－１１６", "緯度": 34.171036, "経度": 130.92792, "url": "https://www.iryou.teikyouseido.mhlw.go.jp/znk-web/juminkanja/S2430/initialize?prefCd=35&kikanCd=758&kikanKbn=5", "url2": "https://www.nicho.co.jp/tenpo/toyoura/", "内容": "日本調剤豊浦薬局【5:薬局】山口県下関市豊浦町小串１０００８－１１６" }, "geometry": { "type": "Point", "coordinates": [ 130.92792, 34.171036 ] } },
{ "type": "Feature", "properties": { "ID": 35576, "正式名称": "竹田薬局", "機関区分": 5, "都道府県コード": 35, "市区町村コード": 201, "所在地": "山口県下関市安岡本町２丁目１１番３８号", "緯度": 34.028867, "経度": 130.911772, "url": "https://www.iryou.teikyouseido.mhlw.go.jp/znk-web/juminkanja/S2430/initialize?prefCd=35&kikanCd=76&kikanKbn=5", "url2": null, "内容": "竹田薬局【5:薬局】山口県下関市安岡本町２丁目１１番３８号" }, "geometry": { "type": "Point", "coordinates": [ 130.911772, 34.028867 ] } },
{ "type": "Feature", "properties": { "ID": 355760, "正式名称": "オリーブ薬局呼坂店", "機関区分": 5, "都道府県コード": 35, "市区町村コード": 215, "所在地": "山口県周南市呼坂１－６", "緯度": 34.048859, "経度": 131.968803, "url": "https://www.iryou.teikyouseido.mhlw.go.jp/znk-web/juminkanja/S2430/initialize?prefCd=35&kikanCd=760&kikanKbn=5", "url2": "http://www.ssmile.co.jp", "内容": "オリーブ薬局呼坂店【5:薬局】山口県周南市呼坂１－６" }, "geometry": { "type": "Point", "coordinates": [ 131.968803, 34.048859 ] } },
{ "type": "Feature", "properties": { "ID": 355761, "正式名称": "ゆうき薬局", "機関区分": 5, "都道府県コード": 35, "市区町村コード": 207, "所在地": "山口県下松市青柳１－３－１", "緯度": 34.005733, "経度": 131.870975, "url": "https://www.iryou.teikyouseido.mhlw.go.jp/znk-web/juminkanja/S2430/initialize?prefCd=35&kikanCd=761&kikanKbn=5", "url2": "http://yuukivision.clinic-yamaguchi.com/", "内容": "ゆうき薬局【5:薬局】山口県下松市青柳１－３－１" }, "geometry": { "type": "Point", "coordinates": [ 131.870975, 34.005733 ] } },
{ "type": "Feature", "properties": { "ID": 355763, "正式名称": "あい薬局　徳山店", "機関区分": 5, "都道府県コード": 35, "市区町村コード": 215, "所在地": "山口県周南市河東町８番３号", "緯度": 34.047383, "経度": 131.812481, "url": "https://www.iryou.teikyouseido.mhlw.go.jp/znk-web/juminkanja/S2430/initialize?prefCd=35&kikanCd=763&kikanKbn=5", "url2": "http://www.sanwa.tcl", "内容": "あい薬局　徳山店【5:薬局】山口県周南市河東町８番３号" }, "geometry": { "type": "Point", "coordinates": [ 131.812481, 34.047383 ] } },
{ "type": "Feature", "properties": { "ID": 355764, "正式名称": "グローバル薬局", "機関区分": 5, "都道府県コード": 35, "市区町村コード": 202, "所在地": "山口県宇部市妻崎開作５０２番２", "緯度": 33.982725, "経度": 131.207247, "url": "https://www.iryou.teikyouseido.mhlw.go.jp/znk-web/juminkanja/S2430/initialize?prefCd=35&kikanCd=764&kikanKbn=5", "url2": "http://www.flowerbros-tms.com/", "内容": "グローバル薬局【5:薬局】山口県宇部市妻崎開作５０２番２" }, "geometry": { "type": "Point", "coordinates": [ 131.207247, 33.982725 ] } },
{ "type": "Feature", "properties": { "ID": 355765, "正式名称": "つくし薬局", "機関区分": 5, "都道府県コード": 35, "市区町村コード": 216, "所在地": "山口県山陽小野田市鴨庄１１番１３号", "緯度": 34.056464, "経度": 131.156322, "url": "https://www.iryou.teikyouseido.mhlw.go.jp/znk-web/juminkanja/S2430/initialize?prefCd=35&kikanCd=765&kikanKbn=5", "url2": "http://www.flowerbros-tms.com/", "内容": "つくし薬局【5:薬局】山口県山陽小野田市鴨庄１１番１３号" }, "geometry": { "type": "Point", "coordinates": [ 131.156322, 34.056464 ] } },
{ "type": "Feature", "properties": { "ID": 355767, "正式名称": "かなえ薬局", "機関区分": 5, "都道府県コード": 35, "市区町村コード": 210, "所在地": "山口県光市島田６丁目１３番２７号", "緯度": 33.977798, "経度": 131.935672, "url": "https://www.iryou.teikyouseido.mhlw.go.jp/znk-web/juminkanja/S2430/initialize?prefCd=35&kikanCd=767&kikanKbn=5", "url2": "http://yakumeikan.com", "内容": "かなえ薬局【5:薬局】山口県光市島田６丁目１３番２７号" }, "geometry": { "type": "Point", "coordinates": [ 131.935672, 33.977798 ] } },
{ "type": "Feature", "properties": { "ID": 355768, "正式名称": "豊浦薬剤師会支援センター薬局", "機関区分": 5, "都道府県コード": 35, "市区町村コード": 201, "所在地": "山口県下関市豊浦町小串１０００８－１７５", "緯度": 34.171036, "経度": 130.92792, "url": "https://www.iryou.teikyouseido.mhlw.go.jp/znk-web/juminkanja/S2430/initialize?prefCd=35&kikanCd=768&kikanKbn=5", "url2": null, "内容": "豊浦薬剤師会支援センター薬局【5:薬局】山口県下関市豊浦町小串１０００８－１７５" }, "geometry": { "type": "Point", "coordinates": [ 130.92792, 34.171036 ] } },
{ "type": "Feature", "properties": { "ID": 355769, "正式名称": "クローバー薬局", "機関区分": 5, "都道府県コード": 35, "市区町村コード": 203, "所在地": "山口県山口市阿知須１１９８ー７", "緯度": 34.008225, "経度": 131.353808, "url": "https://www.iryou.teikyouseido.mhlw.go.jp/znk-web/juminkanja/S2430/initialize?prefCd=35&kikanCd=769&kikanKbn=5", "url2": "http://aobado.jp", "内容": "クローバー薬局【5:薬局】山口県山口市阿知須１１９８ー７" }, "geometry": { "type": "Point", "coordinates": [ 131.353808, 34.008225 ] } },
{ "type": "Feature", "properties": { "ID": 355770, "正式名称": "ふじたに薬局", "機関区分": 5, "都道府県コード": 35, "市区町村コード": 305, "所在地": "山口県大島郡周防大島町小松５５６の３", "緯度": 33.940186, "経度": 132.19408, "url": "https://www.iryou.teikyouseido.mhlw.go.jp/znk-web/juminkanja/S2430/initialize?prefCd=35&kikanCd=770&kikanKbn=5", "url2": "http://www.zaitak.jp/", "内容": "ふじたに薬局【5:薬局】山口県大島郡周防大島町小松５５６の３" }, "geometry": { "type": "Point", "coordinates": [ 132.19408, 33.940186 ] } },
{ "type": "Feature", "properties": { "ID": 355771, "正式名称": "成和薬局高水前店", "機関区分": 5, "都道府県コード": 35, "市区町村コード": 208, "所在地": "山口県岩国市尾津町", "緯度": 34.137912, "経度": 132.207374, "url": "https://www.iryou.teikyouseido.mhlw.go.jp/znk-web/juminkanja/S2430/initialize?prefCd=35&kikanCd=771&kikanKbn=5", "url2": "http://www.seiwa-pharmacy.co.jp/", "内容": "成和薬局高水前店【5:薬局】山口県岩国市尾津町" }, "geometry": { "type": "Point", "coordinates": [ 132.207374, 34.137912 ] } },
{ "type": "Feature", "properties": { "ID": 355773, "正式名称": "今津調剤薬局", "機関区分": 5, "都道府県コード": 35, "市区町村コード": 208, "所在地": "山口県岩国市今津町２丁目１７番１８号", "緯度": 34.165214, "経度": 132.217575, "url": "https://www.iryou.teikyouseido.mhlw.go.jp/znk-web/juminkanja/S2430/initialize?prefCd=35&kikanCd=773&kikanKbn=5", "url2": null, "内容": "今津調剤薬局【5:薬局】山口県岩国市今津町２丁目１７番１８号" }, "geometry": { "type": "Point", "coordinates": [ 132.217575, 34.165214 ] } },
{ "type": "Feature", "properties": { "ID": 355774, "正式名称": "横町薬局", "機関区分": 5, "都道府県コード": 35, "市区町村コード": 208, "所在地": "山口県岩国市由宇町中央１丁目１０ー１６", "緯度": 34.045257, "経度": 132.210786, "url": "https://www.iryou.teikyouseido.mhlw.go.jp/znk-web/juminkanja/S2430/initialize?prefCd=35&kikanCd=774&kikanKbn=5", "url2": null, "内容": "横町薬局【5:薬局】山口県岩国市由宇町中央１丁目１０ー１６" }, "geometry": { "type": "Point", "coordinates": [ 132.210786, 34.045257 ] } },
{ "type": "Feature", "properties": { "ID": 355777, "正式名称": "うしろだ薬局", "機関区分": 5, "都道府県コード": 35, "市区町村コード": 201, "所在地": "山口県下関市後田町２丁目１番４３号", "緯度": 33.97118, "経度": 130.931615, "url": "https://www.iryou.teikyouseido.mhlw.go.jp/znk-web/juminkanja/S2430/initialize?prefCd=35&kikanCd=777&kikanKbn=5", "url2": "https://www.marinegruop.jp", "内容": "うしろだ薬局【5:薬局】山口県下関市後田町２丁目１番４３号" }, "geometry": { "type": "Point", "coordinates": [ 130.931615, 33.97118 ] } },
{ "type": "Feature", "properties": { "ID": 355778, "正式名称": "かめうら薬局", "機関区分": 5, "都道府県コード": 35, "市区町村コード": 202, "所在地": "山口県宇部市亀浦１－２－１９", "緯度": 33.942775, "経度": 131.287435, "url": "https://www.iryou.teikyouseido.mhlw.go.jp/znk-web/juminkanja/S2430/initialize?prefCd=35&kikanCd=778&kikanKbn=5", "url2": null, "内容": "かめうら薬局【5:薬局】山口県宇部市亀浦１－２－１９" }, "geometry": { "type": "Point", "coordinates": [ 131.287435, 33.942775 ] } },
{ "type": "Feature", "properties": { "ID": 35578, "正式名称": "佐波薬局", "機関区分": 5, "都道府県コード": 35, "市区町村コード": 206, "所在地": "山口県防府市八王子１丁目２１番１２号", "緯度": 34.05605, "経度": 131.565378, "url": "https://www.iryou.teikyouseido.mhlw.go.jp/znk-web/juminkanja/S2430/initialize?prefCd=35&kikanCd=78&kikanKbn=5", "url2": null, "内容": "佐波薬局【5:薬局】山口県防府市八王子１丁目２１番１２号" }, "geometry": { "type": "Point", "coordinates": [ 131.565378, 34.05605 ] } },
{ "type": "Feature", "properties": { "ID": 355781, "正式名称": "あおい薬局", "機関区分": 5, "都道府県コード": 35, "市区町村コード": 207, "所在地": "山口県下松市中市二丁目５－１０", "緯度": 34.009853, "経度": 131.863417, "url": "https://www.iryou.teikyouseido.mhlw.go.jp/znk-web/juminkanja/S2430/initialize?prefCd=35&kikanCd=781&kikanKbn=5", "url2": "https://yoyogi-neo.com/", "内容": "あおい薬局【5:薬局】山口県下松市中市二丁目５－１０" }, "geometry": { "type": "Point", "coordinates": [ 131.863417, 34.009853 ] } },
{ "type": "Feature", "properties": { "ID": 355782, "正式名称": "ハート薬局", "機関区分": 5, "都道府県コード": 35, "市区町村コード": 202, "所在地": "山口県宇部市東岐波５４６７－１", "緯度": 33.975506, "経度": 131.341508, "url": "https://www.iryou.teikyouseido.mhlw.go.jp/znk-web/juminkanja/S2430/initialize?prefCd=35&kikanCd=782&kikanKbn=5", "url2": "http://www.nishimoto-ph-group.co.jp", "内容": "ハート薬局【5:薬局】山口県宇部市東岐波５４６７－１" }, "geometry": { "type": "Point", "coordinates": [ 131.341508, 33.975506 ] } },
{ "type": "Feature", "properties": { "ID": 355783, "正式名称": "ファミリー薬局", "機関区分": 5, "都道府県コード": 35, "市区町村コード": 208, "所在地": "山口県岩国市南岩国町３丁目１７－１５", "緯度": 34.12971, "経度": 132.19855, "url": "https://www.iryou.teikyouseido.mhlw.go.jp/znk-web/juminkanja/S2430/initialize?prefCd=35&kikanCd=783&kikanKbn=5", "url2": "http://www.yakumeikan.com", "内容": "ファミリー薬局【5:薬局】山口県岩国市南岩国町３丁目１７－１５" }, "geometry": { "type": "Point", "coordinates": [ 132.19855, 34.12971 ] } },
{ "type": "Feature", "properties": { "ID": 355784, "正式名称": "豊川薬局", "機関区分": 5, "都道府県コード": 35, "市区町村コード": 208, "所在地": "山口県岩国市平田５丁目４１ー４", "緯度": 34.139189, "経度": 132.191442, "url": "https://www.iryou.teikyouseido.mhlw.go.jp/znk-web/juminkanja/S2430/initialize?prefCd=35&kikanCd=784&kikanKbn=5", "url2": null, "内容": "豊川薬局【5:薬局】山口県岩国市平田５丁目４１ー４" }, "geometry": { "type": "Point", "coordinates": [ 132.191442, 34.139189 ] } },
{ "type": "Feature", "properties": { "ID": 355786, "正式名称": "クローバー薬局", "機関区分": 5, "都道府県コード": 35, "市区町村コード": 207, "所在地": "山口県下松市大手町２ー６－１１", "緯度": 34.013847, "経度": 131.86948, "url": "https://www.iryou.teikyouseido.mhlw.go.jp/znk-web/juminkanja/S2430/initialize?prefCd=35&kikanCd=786&kikanKbn=5", "url2": "https://k-create.jp/shop/", "内容": "クローバー薬局【5:薬局】山口県下松市大手町２ー６－１１" }, "geometry": { "type": "Point", "coordinates": [ 131.86948, 34.013847 ] } },
{ "type": "Feature", "properties": { "ID": 355796, "正式名称": "アカダ薬局　新下関店", "機関区分": 5, "都道府県コード": 35, "市区町村コード": 201, "所在地": "山口県下関市秋根南町１－２－７", "緯度": 34.007918, "経度": 130.951105, "url": "https://www.iryou.teikyouseido.mhlw.go.jp/znk-web/juminkanja/S2430/initialize?prefCd=35&kikanCd=796&kikanKbn=5", "url2": "http://www.n-I-c.co.jp/new/", "内容": "アカダ薬局　新下関店【5:薬局】山口県下関市秋根南町１－２－７" }, "geometry": { "type": "Point", "coordinates": [ 130.951105, 34.007918 ] } },
{ "type": "Feature", "properties": { "ID": 355797, "正式名称": "アカダ薬局　安岡店", "機関区分": 5, "都道府県コード": 35, "市区町村コード": 201, "所在地": "山口県下関市安岡本町２丁目１－２１", "緯度": 34.027215, "経度": 130.913154, "url": "https://www.iryou.teikyouseido.mhlw.go.jp/znk-web/juminkanja/S2430/initialize?prefCd=35&kikanCd=797&kikanKbn=5", "url2": "http://www.n-I-c.co.jp/new/", "内容": "アカダ薬局　安岡店【5:薬局】山口県下関市安岡本町２丁目１－２１" }, "geometry": { "type": "Point", "coordinates": [ 130.913154, 34.027215 ] } },
{ "type": "Feature", "properties": { "ID": 355798, "正式名称": "アカダ薬局　羽山店", "機関区分": 5, "都道府県コード": 35, "市区町村コード": 201, "所在地": "山口県下関市羽山町２０－１２", "緯度": 33.968844, "経度": 130.923856, "url": "https://www.iryou.teikyouseido.mhlw.go.jp/znk-web/juminkanja/S2430/initialize?prefCd=35&kikanCd=798&kikanKbn=5", "url2": "http://www.n-I-c.co.jp/new/", "内容": "アカダ薬局　羽山店【5:薬局】山口県下関市羽山町２０－１２" }, "geometry": { "type": "Point", "coordinates": [ 130.923856, 33.968844 ] } },
{ "type": "Feature", "properties": { "ID": 355800, "正式名称": "松小田薬局", "機関区分": 5, "都道府県コード": 35, "市区町村コード": 201, "所在地": "山口県下関市長府松小田本町", "緯度": 34.019445, "経度": 131.00101, "url": "https://www.iryou.teikyouseido.mhlw.go.jp/znk-web/juminkanja/S2430/initialize?prefCd=35&kikanCd=800&kikanKbn=5", "url2": "http://matsuoda-ph.byoinnavi.jp/pc/index.html", "内容": "松小田薬局【5:薬局】山口県下関市長府松小田本町" }, "geometry": { "type": "Point", "coordinates": [ 131.00101, 34.019445 ] } },
{ "type": "Feature", "properties": { "ID": 355801, "正式名称": "フォルテ薬局", "機関区分": 5, "都道府県コード": 35, "市区町村コード": 202, "所在地": "山口県宇部市神原町１丁目４－７", "緯度": 33.951579, "経度": 131.257462, "url": "https://www.iryou.teikyouseido.mhlw.go.jp/znk-web/juminkanja/S2430/initialize?prefCd=35&kikanCd=801&kikanKbn=5", "url2": null, "内容": "フォルテ薬局【5:薬局】山口県宇部市神原町１丁目４－７" }, "geometry": { "type": "Point", "coordinates": [ 131.257462, 33.951579 ] } },
{ "type": "Feature", "properties": { "ID": 355802, "正式名称": "エスマイル薬局大才店", "機関区分": 5, "都道府県コード": 35, "市区町村コード": 212, "所在地": "山口県柳井市中央一丁目４－１５", "緯度": 33.966616, "経度": 132.11015, "url": "https://www.iryou.teikyouseido.mhlw.go.jp/znk-web/juminkanja/S2430/initialize?prefCd=35&kikanCd=802&kikanKbn=5", "url2": "http://www.ssmile.co.jp", "内容": "エスマイル薬局大才店【5:薬局】山口県柳井市中央一丁目４－１５" }, "geometry": { "type": "Point", "coordinates": [ 132.11015, 33.966616 ] } },
{ "type": "Feature", "properties": { "ID": 355803, "正式名称": "エスマイル薬局柳町店", "機関区分": 5, "都道府県コード": 35, "市区町村コード": 212, "所在地": "山口県柳井市中央一丁目１０－１４", "緯度": 33.965547, "経度": 132.108335, "url": "https://www.iryou.teikyouseido.mhlw.go.jp/znk-web/juminkanja/S2430/initialize?prefCd=35&kikanCd=803&kikanKbn=5", "url2": "http://www.ssmile.co.jp", "内容": "エスマイル薬局柳町店【5:薬局】山口県柳井市中央一丁目１０－１４" }, "geometry": { "type": "Point", "coordinates": [ 132.108335, 33.965547 ] } },
{ "type": "Feature", "properties": { "ID": 355806, "正式名称": "エスマイル薬局こがね町店", "機関区分": 5, "都道府県コード": 35, "市区町村コード": 212, "所在地": "山口県柳井市中央二丁目５－７", "緯度": 33.967803, "経度": 132.10706, "url": "https://www.iryou.teikyouseido.mhlw.go.jp/znk-web/juminkanja/S2430/initialize?prefCd=35&kikanCd=806&kikanKbn=5", "url2": "http://www.ssmile.co.jp", "内容": "エスマイル薬局こがね町店【5:薬局】山口県柳井市中央二丁目５－７" }, "geometry": { "type": "Point", "coordinates": [ 132.10706, 33.967803 ] } },
{ "type": "Feature", "properties": { "ID": 355807, "正式名称": "エスマイル薬局沖原店", "機関区分": 5, "都道府県コード": 35, "市区町村コード": 212, "所在地": "山口県柳井市新庄１５２９－４", "緯度": 33.973332, "経度": 132.081918, "url": "https://www.iryou.teikyouseido.mhlw.go.jp/znk-web/juminkanja/S2430/initialize?prefCd=35&kikanCd=807&kikanKbn=5", "url2": "http://www.ssmile.co.jp", "内容": "エスマイル薬局沖原店【5:薬局】山口県柳井市新庄１５２９－４" }, "geometry": { "type": "Point", "coordinates": [ 132.081918, 33.973332 ] } },
{ "type": "Feature", "properties": { "ID": 355809, "正式名称": "エスマイル薬局ハート南町店", "機関区分": 5, "都道府県コード": 35, "市区町村コード": 212, "所在地": "山口県柳井市南町六丁目１４－１", "緯度": 33.962753, "経度": 132.100957, "url": "https://www.iryou.teikyouseido.mhlw.go.jp/znk-web/juminkanja/S2430/initialize?prefCd=35&kikanCd=809&kikanKbn=5", "url2": "http://www.ssmile.co.jp", "内容": "エスマイル薬局ハート南町店【5:薬局】山口県柳井市南町六丁目１４－１" }, "geometry": { "type": "Point", "coordinates": [ 132.100957, 33.962753 ] } },
{ "type": "Feature", "properties": { "ID": 35581, "正式名称": "有限会社西岐波薬局", "機関区分": 5, "都道府県コード": 35, "市区町村コード": 202, "所在地": "山口県宇部市今村北４－２６－１２", "緯度": 33.960924, "経度": 131.308699, "url": "https://www.iryou.teikyouseido.mhlw.go.jp/znk-web/juminkanja/S2430/initialize?prefCd=35&kikanCd=81&kikanKbn=5", "url2": "http:/nishimoto-ph-group-.co.jp", "内容": "有限会社西岐波薬局【5:薬局】山口県宇部市今村北４－２６－１２" }, "geometry": { "type": "Point", "coordinates": [ 131.308699, 33.960924 ] } },
{ "type": "Feature", "properties": { "ID": 355810, "正式名称": "南町薬局", "機関区分": 5, "都道府県コード": 35, "市区町村コード": 212, "所在地": "山口県柳井市南町七丁目９－１", "緯度": 33.963111, "経度": 132.098987, "url": "https://www.iryou.teikyouseido.mhlw.go.jp/znk-web/juminkanja/S2430/initialize?prefCd=35&kikanCd=810&kikanKbn=5", "url2": "http://www.ssmile.co.jp", "内容": "南町薬局【5:薬局】山口県柳井市南町七丁目９－１" }, "geometry": { "type": "Point", "coordinates": [ 132.098987, 33.963111 ] } },
{ "type": "Feature", "properties": { "ID": 355811, "正式名称": "エスマイル薬局みつい中央店", "機関区分": 5, "都道府県コード": 35, "市区町村コード": 210, "所在地": "山口県光市中央二丁目１２番１２号", "緯度": 33.956172, "経度": 131.94746, "url": "https://www.iryou.teikyouseido.mhlw.go.jp/znk-web/juminkanja/S2430/initialize?prefCd=35&kikanCd=811&kikanKbn=5", "url2": "http://www.ssmile.co.jp", "内容": "エスマイル薬局みつい中央店【5:薬局】山口県光市中央二丁目１２番１２号" }, "geometry": { "type": "Point", "coordinates": [ 131.94746, 33.956172 ] } },
{ "type": "Feature", "properties": { "ID": 355812, "正式名称": "エスマイル薬局浅江店", "機関区分": 5, "都道府県コード": 35, "市区町村コード": 210, "所在地": "山口県光市浅江一丁目１７番２３号", "緯度": 33.970702, "経度": 131.92734, "url": "https://www.iryou.teikyouseido.mhlw.go.jp/znk-web/juminkanja/S2430/initialize?prefCd=35&kikanCd=812&kikanKbn=5", "url2": "http://www.ssmile.co.jp", "内容": "エスマイル薬局浅江店【5:薬局】山口県光市浅江一丁目１７番２３号" }, "geometry": { "type": "Point", "coordinates": [ 131.92734, 33.970702 ] } },
{ "type": "Feature", "properties": { "ID": 355813, "正式名称": "めばえ薬局　田島店", "機関区分": 5, "都道府県コード": 35, "市区町村コード": 206, "所在地": "山口県防府市田島１４９０番地６", "緯度": 34.023511, "経度": 131.546408, "url": "https://www.iryou.teikyouseido.mhlw.go.jp/znk-web/juminkanja/S2430/initialize?prefCd=35&kikanCd=813&kikanKbn=5", "url2": null, "内容": "めばえ薬局　田島店【5:薬局】山口県防府市田島１４９０番地６" }, "geometry": { "type": "Point", "coordinates": [ 131.546408, 34.023511 ] } },
{ "type": "Feature", "properties": { "ID": 355818, "正式名称": "こくりつ薬局", "機関区分": 5, "都道府県コード": 35, "市区町村コード": 201, "所在地": "山口県下関市長府外浦町２－２０", "緯度": 33.988478, "経度": 130.991408, "url": "https://www.iryou.teikyouseido.mhlw.go.jp/znk-web/juminkanja/S2430/initialize?prefCd=35&kikanCd=818&kikanKbn=5", "url2": "https://sanwapharmacy.co.jp/", "内容": "こくりつ薬局【5:薬局】山口県下関市長府外浦町２－２０" }, "geometry": { "type": "Point", "coordinates": [ 130.991408, 33.988478 ] } },
{ "type": "Feature", "properties": { "ID": 355819, "正式名称": "関門薬局", "機関区分": 5, "都道府県コード": 35, "市区町村コード": 201, "所在地": "山口県下関市長府外浦町２－２０", "緯度": 33.988478, "経度": 130.991397, "url": "https://www.iryou.teikyouseido.mhlw.go.jp/znk-web/juminkanja/S2430/initialize?prefCd=35&kikanCd=819&kikanKbn=5", "url2": "https://www.rising-japan.org/", "内容": "関門薬局【5:薬局】山口県下関市長府外浦町２－２０" }, "geometry": { "type": "Point", "coordinates": [ 130.991397, 33.988478 ] } },
{ "type": "Feature", "properties": { "ID": 355820, "正式名称": "ニック調剤薬局　下関店", "機関区分": 5, "都道府県コード": 35, "市区町村コード": 201, "所在地": "山口県下関市竹崎町１－１５－２５　下関駅前ビル１Ｆ", "緯度": 33.951075, "経度": 130.925967, "url": "https://www.iryou.teikyouseido.mhlw.go.jp/znk-web/juminkanja/S2430/initialize?prefCd=35&kikanCd=820&kikanKbn=5", "url2": "http://www.n-i-c.co.jp/new/", "内容": "ニック調剤薬局　下関店【5:薬局】山口県下関市竹崎町１－１５－２５　下関駅前ビル１Ｆ" }, "geometry": { "type": "Point", "coordinates": [ 130.925967, 33.951075 ] } },
{ "type": "Feature", "properties": { "ID": 355821, "正式名称": "すみれ薬局", "機関区分": 5, "都道府県コード": 35, "市区町村コード": 201, "所在地": "山口県下関市秋根本町２ー１０ー７", "緯度": 34.009174, "経度": 130.95288, "url": "https://www.iryou.teikyouseido.mhlw.go.jp/znk-web/juminkanja/S2430/initialize?prefCd=35&kikanCd=821&kikanKbn=5", "url2": null, "内容": "すみれ薬局【5:薬局】山口県下関市秋根本町２ー１０ー７" }, "geometry": { "type": "Point", "coordinates": [ 130.95288, 34.009174 ] } },
{ "type": "Feature", "properties": { "ID": 355822, "正式名称": "サンキュードラッグ　綾羅木薬局", "機関区分": 5, "都道府県コード": 35, "市区町村コード": 201, "所在地": "山口県下関市古屋町１丁目１１番１号", "緯度": 33.998812, "経度": 130.924854, "url": "https://www.iryou.teikyouseido.mhlw.go.jp/znk-web/juminkanja/S2430/initialize?prefCd=35&kikanCd=822&kikanKbn=5", "url2": "https://www.drug39.co.jp", "内容": "サンキュードラッグ　綾羅木薬局【5:薬局】山口県下関市古屋町１丁目１１番１号" }, "geometry": { "type": "Point", "coordinates": [ 130.924854, 33.998812 ] } },
{ "type": "Feature", "properties": { "ID": 355823, "正式名称": "レモン薬局", "機関区分": 5, "都道府県コード": 35, "市区町村コード": 215, "所在地": "山口県周南市弥生町２－８", "緯度": 34.056712, "経度": 131.806811, "url": "https://www.iryou.teikyouseido.mhlw.go.jp/znk-web/juminkanja/S2430/initialize?prefCd=35&kikanCd=823&kikanKbn=5", "url2": null, "内容": "レモン薬局【5:薬局】山口県周南市弥生町２－８" }, "geometry": { "type": "Point", "coordinates": [ 131.806811, 34.056712 ] } },
{ "type": "Feature", "properties": { "ID": 355824, "正式名称": "室積薬局", "機関区分": 5, "都道府県コード": 35, "市区町村コード": 210, "所在地": "山口県光市室積大町２２−１６", "緯度": 33.937938, "経度": 131.969606, "url": "https://www.iryou.teikyouseido.mhlw.go.jp/znk-web/juminkanja/S2430/initialize?prefCd=35&kikanCd=824&kikanKbn=5", "url2": "http://www.e-classa.net/murozumi-p/", "内容": "室積薬局【5:薬局】山口県光市室積大町２２−１６" }, "geometry": { "type": "Point", "coordinates": [ 131.969606, 33.937938 ] } },
{ "type": "Feature", "properties": { "ID": 355825, "正式名称": "そうごう薬局下松中央店", "機関区分": 5, "都道府県コード": 35, "市区町村コード": 207, "所在地": "山口県下松市古川町３丁目５番地２号", "緯度": 34.006887, "経度": 131.871936, "url": "https://www.iryou.teikyouseido.mhlw.go.jp/znk-web/juminkanja/S2430/initialize?prefCd=35&kikanCd=825&kikanKbn=5", "url2": "http://www.sogo-medical.co.jp", "内容": "そうごう薬局下松中央店【5:薬局】山口県下松市古川町３丁目５番地２号" }, "geometry": { "type": "Point", "coordinates": [ 131.871936, 34.006887 ] } },
{ "type": "Feature", "properties": { "ID": 355826, "正式名称": "ところだ薬局", "機関区分": 5, "都道府県コード": 35, "市区町村コード": 207, "所在地": "山口県下松市西豊井７４０－１３", "緯度": 34.010411, "経度": 131.871019, "url": "https://www.iryou.teikyouseido.mhlw.go.jp/znk-web/juminkanja/S2430/initialize?prefCd=35&kikanCd=826&kikanKbn=5", "url2": "http://yuukivision.clinic-yamaguchi.com/", "内容": "ところだ薬局【5:薬局】山口県下松市西豊井７４０－１３" }, "geometry": { "type": "Point", "coordinates": [ 131.871019, 34.010411 ] } },
{ "type": "Feature", "properties": { "ID": 355827, "正式名称": "ココカラファイン薬局河東店", "機関区分": 5, "都道府県コード": 35, "市区町村コード": 215, "所在地": "山口県周南市河東町９ー２２", "緯度": 34.047714, "経度": 131.81253, "url": "https://www.iryou.teikyouseido.mhlw.go.jp/znk-web/juminkanja/S2430/initialize?prefCd=35&kikanCd=827&kikanKbn=5", "url2": "https://www.matsukiyococokara-online.com/map?kid=20001805", "内容": "ココカラファイン薬局河東店【5:薬局】山口県周南市河東町９ー２２" }, "geometry": { "type": "Point", "coordinates": [ 131.81253, 34.047714 ] } },
{ "type": "Feature", "properties": { "ID": 35583, "正式名称": "マエダ薬局", "機関区分": 5, "都道府県コード": 35, "市区町村コード": 201, "所在地": "山口県下関市彦島本村町６丁目１６番１６号", "緯度": 33.93835, "経度": 130.913828, "url": "https://www.iryou.teikyouseido.mhlw.go.jp/znk-web/juminkanja/S2430/initialize?prefCd=35&kikanCd=83&kikanKbn=5", "url2": null, "内容": "マエダ薬局【5:薬局】山口県下関市彦島本村町６丁目１６番１６号" }, "geometry": { "type": "Point", "coordinates": [ 130.913828, 33.93835 ] } },
{ "type": "Feature", "properties": { "ID": 355831, "正式名称": "ココカラファイン薬局　光店", "機関区分": 5, "都道府県コード": 35, "市区町村コード": 210, "所在地": "山口県光市木園１丁目５－２８", "緯度": 33.97791, "経度": 131.930266, "url": "https://www.iryou.teikyouseido.mhlw.go.jp/znk-web/juminkanja/S2430/initialize?prefCd=35&kikanCd=831&kikanKbn=5", "url2": "https://www.matsukiyococokara-online.com/map?kid=20001808", "内容": "ココカラファイン薬局　光店【5:薬局】山口県光市木園１丁目５－２８" }, "geometry": { "type": "Point", "coordinates": [ 131.930266, 33.97791 ] } },
{ "type": "Feature", "properties": { "ID": 355832, "正式名称": "あんず薬局", "機関区分": 5, "都道府県コード": 35, "市区町村コード": 202, "所在地": "山口県宇部市東藤曲２丁目５番１３号", "緯度": 33.969244, "経度": 131.233189, "url": "https://www.iryou.teikyouseido.mhlw.go.jp/znk-web/juminkanja/S2430/initialize?prefCd=35&kikanCd=832&kikanKbn=5", "url2": "http://www.flowerbros-tms.com/", "内容": "あんず薬局【5:薬局】山口県宇部市東藤曲２丁目５番１３号" }, "geometry": { "type": "Point", "coordinates": [ 131.233189, 33.969244 ] } },
{ "type": "Feature", "properties": { "ID": 355833, "正式名称": "クローバー薬局", "機関区分": 5, "都道府県コード": 35, "市区町村コード": 216, "所在地": "山口県山陽小野田市中川６丁目６６６２", "緯度": 33.985575, "経度": 131.172252, "url": "https://www.iryou.teikyouseido.mhlw.go.jp/znk-web/juminkanja/S2430/initialize?prefCd=35&kikanCd=833&kikanKbn=5", "url2": "https://k-create.jp/", "内容": "クローバー薬局【5:薬局】山口県山陽小野田市中川６丁目６６６２" }, "geometry": { "type": "Point", "coordinates": [ 131.172252, 33.985575 ] } },
{ "type": "Feature", "properties": { "ID": 355834, "正式名称": "リトルファーマシー", "機関区分": 5, "都道府県コード": 35, "市区町村コード": 216, "所在地": "山口県山陽小野田市西高泊６４８ー３６", "緯度": 34.00863, "経度": 131.17201, "url": "https://www.iryou.teikyouseido.mhlw.go.jp/znk-web/juminkanja/S2430/initialize?prefCd=35&kikanCd=834&kikanKbn=5", "url2": null, "内容": "リトルファーマシー【5:薬局】山口県山陽小野田市西高泊６４８ー３６" }, "geometry": { "type": "Point", "coordinates": [ 131.17201, 34.00863 ] } },
{ "type": "Feature", "properties": { "ID": 355835, "正式名称": "サルビア薬局", "機関区分": 5, "都道府県コード": 35, "市区町村コード": 201, "所在地": "山口県下関市豊浦町大字吉永字無田１７３３番５", "緯度": 34.139171, "経度": 130.917935, "url": "https://www.iryou.teikyouseido.mhlw.go.jp/znk-web/juminkanja/S2430/initialize?prefCd=35&kikanCd=835&kikanKbn=5", "url2": "http://flowerbros-tms.com", "内容": "サルビア薬局【5:薬局】山口県下関市豊浦町大字吉永字無田１７３３番５" }, "geometry": { "type": "Point", "coordinates": [ 130.917935, 34.139171 ] } },
{ "type": "Feature", "properties": { "ID": 355836, "正式名称": "日本調剤下関薬局", "機関区分": 5, "都道府県コード": 35, "市区町村コード": 201, "所在地": "山口県下関市安岡町８ー５ー２", "緯度": 34.030668, "経度": 130.931761, "url": "https://www.iryou.teikyouseido.mhlw.go.jp/znk-web/juminkanja/S2430/initialize?prefCd=35&kikanCd=836&kikanKbn=5", "url2": "https://www.nicho.co.jp/tenpo/simonoseki/", "内容": "日本調剤下関薬局【5:薬局】山口県下関市安岡町８ー５ー２" }, "geometry": { "type": "Point", "coordinates": [ 130.931761, 34.030668 ] } },
{ "type": "Feature", "properties": { "ID": 355839, "正式名称": "ミササン薬局", "機関区分": 5, "都道府県コード": 35, "市区町村コード": 211, "所在地": "山口県長門市東深川１００６２番地５１", "緯度": 34.373006, "経度": 131.188983, "url": "https://www.iryou.teikyouseido.mhlw.go.jp/znk-web/juminkanja/S2430/initialize?prefCd=35&kikanCd=839&kikanKbn=5", "url2": null, "内容": "ミササン薬局【5:薬局】山口県長門市東深川１００６２番地５１" }, "geometry": { "type": "Point", "coordinates": [ 131.188983, 34.373006 ] } },
{ "type": "Feature", "properties": { "ID": 35584, "正式名称": "西本薬局", "機関区分": 5, "都道府県コード": 35, "市区町村コード": 202, "所在地": "山口県宇部市床波二丁目３番２８号", "緯度": 33.952569, "経度": 131.306119, "url": "https://www.iryou.teikyouseido.mhlw.go.jp/znk-web/juminkanja/S2430/initialize?prefCd=35&kikanCd=84&kikanKbn=5", "url2": "http://www.nishimoto-ph-group.co.jp", "内容": "西本薬局【5:薬局】山口県宇部市床波二丁目３番２８号" }, "geometry": { "type": "Point", "coordinates": [ 131.306119, 33.952569 ] } },
{ "type": "Feature", "properties": { "ID": 355840, "正式名称": "中央薬局", "機関区分": 5, "都道府県コード": 35, "市区町村コード": 212, "所在地": "山口県柳井市南町７－２－１", "緯度": 33.963483, "経度": 132.100769, "url": "https://www.iryou.teikyouseido.mhlw.go.jp/znk-web/juminkanja/S2430/initialize?prefCd=35&kikanCd=840&kikanKbn=5", "url2": null, "内容": "中央薬局【5:薬局】山口県柳井市南町７－２－１" }, "geometry": { "type": "Point", "coordinates": [ 132.100769, 33.963483 ] } },
{ "type": "Feature", "properties": { "ID": 355841, "正式名称": "下関薬剤師会薬局", "機関区分": 5, "都道府県コード": 35, "市区町村コード": 201, "所在地": "山口県下関市向洋町１丁目１４番２号", "緯度": 33.965264, "経度": 130.930581, "url": "https://www.iryou.teikyouseido.mhlw.go.jp/znk-web/juminkanja/S2430/initialize?prefCd=35&kikanCd=841&kikanKbn=5", "url2": null, "内容": "下関薬剤師会薬局【5:薬局】山口県下関市向洋町１丁目１４番２号" }, "geometry": { "type": "Point", "coordinates": [ 130.930581, 33.965264 ] } },
{ "type": "Feature", "properties": { "ID": 355843, "正式名称": "ニック調剤薬局　豊町店", "機関区分": 5, "都道府県コード": 35, "市区町村コード": 201, "所在地": "山口県下関市川中豊町７丁目２－２０", "緯度": 33.993747, "経度": 130.938969, "url": "https://www.iryou.teikyouseido.mhlw.go.jp/znk-web/juminkanja/S2430/initialize?prefCd=35&kikanCd=843&kikanKbn=5", "url2": "http://www.n-i-c.co.jp/drugstore/drugstore_yutaka.html", "内容": "ニック調剤薬局　豊町店【5:薬局】山口県下関市川中豊町７丁目２－２０" }, "geometry": { "type": "Point", "coordinates": [ 130.938969, 33.993747 ] } },
{ "type": "Feature", "properties": { "ID": 355844, "正式名称": "きらきら薬局", "機関区分": 5, "都道府県コード": 35, "市区町村コード": 215, "所在地": "山口県周南市大字久米３１９９－１２", "緯度": 34.032355, "経度": 131.83542, "url": "https://www.iryou.teikyouseido.mhlw.go.jp/znk-web/juminkanja/S2430/initialize?prefCd=35&kikanCd=844&kikanKbn=5", "url2": "http://www.yakumeikan.com/", "内容": "きらきら薬局【5:薬局】山口県周南市大字久米３１９９－１２" }, "geometry": { "type": "Point", "coordinates": [ 131.83542, 34.032355 ] } },
{ "type": "Feature", "properties": { "ID": 355845, "正式名称": "星薬局", "機関区分": 5, "都道府県コード": 35, "市区町村コード": 207, "所在地": "山口県下松市大手町１丁目４番２２号", "緯度": 34.012656, "経度": 131.866382, "url": "https://www.iryou.teikyouseido.mhlw.go.jp/znk-web/juminkanja/S2430/initialize?prefCd=35&kikanCd=845&kikanKbn=5", "url2": "http://yakumeikan.com", "内容": "星薬局【5:薬局】山口県下松市大手町１丁目４番２２号" }, "geometry": { "type": "Point", "coordinates": [ 131.866382, 34.012656 ] } },
{ "type": "Feature", "properties": { "ID": 355846, "正式名称": "レインボー薬局", "機関区分": 5, "都道府県コード": 35, "市区町村コード": 210, "所在地": "山口県光市浅江３－１７－２０", "緯度": 33.973934, "経度": 131.921164, "url": "https://www.iryou.teikyouseido.mhlw.go.jp/znk-web/juminkanja/S2430/initialize?prefCd=35&kikanCd=846&kikanKbn=5", "url2": "http://yakumeikan.com/", "内容": "レインボー薬局【5:薬局】山口県光市浅江３－１７－２０" }, "geometry": { "type": "Point", "coordinates": [ 131.921164, 33.973934 ] } },
{ "type": "Feature", "properties": { "ID": 35585, "正式名称": "緑橋薬局", "機関区分": 5, "都道府県コード": 35, "市区町村コード": 202, "所在地": "山口県宇部市常盤町１丁目１番５号", "緯度": 33.952636, "経度": 131.247181, "url": "https://www.iryou.teikyouseido.mhlw.go.jp/znk-web/juminkanja/S2430/initialize?prefCd=35&kikanCd=85&kikanKbn=5", "url2": "http://www.cosmo-pharmacy.co.jp", "内容": "緑橋薬局【5:薬局】山口県宇部市常盤町１丁目１番５号" }, "geometry": { "type": "Point", "coordinates": [ 131.247181, 33.952636 ] } },
{ "type": "Feature", "properties": { "ID": 355851, "正式名称": "れんげ薬局", "機関区分": 5, "都道府県コード": 35, "市区町村コード": 201, "所在地": "山口県下関市大字蒲生野字宮の脇６３１－１", "緯度": 34.02652, "経度": 130.933566, "url": "https://www.iryou.teikyouseido.mhlw.go.jp/znk-web/juminkanja/S2430/initialize?prefCd=35&kikanCd=851&kikanKbn=5", "url2": "http://flowerbros-tms.com", "内容": "れんげ薬局【5:薬局】山口県下関市大字蒲生野字宮の脇６３１－１" }, "geometry": { "type": "Point", "coordinates": [ 130.933566, 34.02652 ] } },
{ "type": "Feature", "properties": { "ID": 355853, "正式名称": "くまの薬局周南店", "機関区分": 5, "都道府県コード": 35, "市区町村コード": 215, "所在地": "山口県周南市周陽１丁目１０ー５", "緯度": 34.050048, "経度": 131.827453, "url": "https://www.iryou.teikyouseido.mhlw.go.jp/znk-web/juminkanja/S2430/initialize?prefCd=35&kikanCd=853&kikanKbn=5", "url2": "http://www.e-classa.net/kuma-p/", "内容": "くまの薬局周南店【5:薬局】山口県周南市周陽１丁目１０ー５" }, "geometry": { "type": "Point", "coordinates": [ 131.827453, 34.050048 ] } },
{ "type": "Feature", "properties": { "ID": 355856, "正式名称": "パワフル薬局横野店", "機関区分": 5, "都道府県コード": 35, "市区町村コード": 201, "所在地": "山口県下関市横野町３－１４－３２", "緯度": 34.030903, "経度": 130.911286, "url": "https://www.iryou.teikyouseido.mhlw.go.jp/znk-web/juminkanja/S2430/initialize?prefCd=35&kikanCd=856&kikanKbn=5", "url2": "http://pawafuru-p6.crayonsite.net", "内容": "パワフル薬局横野店【5:薬局】山口県下関市横野町３－１４－３２" }, "geometry": { "type": "Point", "coordinates": [ 130.911286, 34.030903 ] } },
{ "type": "Feature", "properties": { "ID": 355857, "正式名称": "えきまえ薬局", "機関区分": 5, "都道府県コード": 35, "市区町村コード": 215, "所在地": "山口県周南市有楽町２３番地", "緯度": 34.052131, "経度": 131.802758, "url": "https://www.iryou.teikyouseido.mhlw.go.jp/znk-web/juminkanja/S2430/initialize?prefCd=35&kikanCd=857&kikanKbn=5", "url2": "http://www.yakumeikan.co.jp", "内容": "えきまえ薬局【5:薬局】山口県周南市有楽町２３番地" }, "geometry": { "type": "Point", "coordinates": [ 131.802758, 34.052131 ] } },
{ "type": "Feature", "properties": { "ID": 355860, "正式名称": "菜のはな薬局", "機関区分": 5, "都道府県コード": 35, "市区町村コード": 208, "所在地": "山口県岩国市麻里布町３丁目６ー９", "緯度": 34.16899, "経度": 132.222302, "url": "https://www.iryou.teikyouseido.mhlw.go.jp/znk-web/juminkanja/S2430/initialize?prefCd=35&kikanCd=860&kikanKbn=5", "url2": null, "内容": "菜のはな薬局【5:薬局】山口県岩国市麻里布町３丁目６ー９" }, "geometry": { "type": "Point", "coordinates": [ 132.222302, 34.16899 ] } },
{ "type": "Feature", "properties": { "ID": 355862, "正式名称": "いちのみや熊野薬局", "機関区分": 5, "都道府県コード": 35, "市区町村コード": 201, "所在地": "山口県下関市熊野町", "緯度": 33.99272, "経度": 130.94208, "url": "https://www.iryou.teikyouseido.mhlw.go.jp/znk-web/juminkanja/S2430/initialize?prefCd=35&kikanCd=862&kikanKbn=5", "url2": "http://ichinomiya-pharmacy-group.jp/", "内容": "いちのみや熊野薬局【5:薬局】山口県下関市熊野町" }, "geometry": { "type": "Point", "coordinates": [ 130.94208, 33.99272 ] } },
{ "type": "Feature", "properties": { "ID": 355863, "正式名称": "きふね薬局", "機関区分": 5, "都道府県コード": 35, "市区町村コード": 201, "所在地": "山口県下関市貴船町２丁目３番１９号", "緯度": 33.966314, "経度": 130.942061, "url": "https://www.iryou.teikyouseido.mhlw.go.jp/znk-web/juminkanja/S2430/initialize?prefCd=35&kikanCd=863&kikanKbn=5", "url2": null, "内容": "きふね薬局【5:薬局】山口県下関市貴船町２丁目３番１９号" }, "geometry": { "type": "Point", "coordinates": [ 130.942061, 33.966314 ] } },
{ "type": "Feature", "properties": { "ID": 355864, "正式名称": "そうごう薬局下関店", "機関区分": 5, "都道府県コード": 35, "市区町村コード": 201, "所在地": "山口県下関市川中豊町７丁目１４番６号　Ｎ１ビル１Ｆ", "緯度": 33.993394, "経度": 130.940172, "url": "https://www.iryou.teikyouseido.mhlw.go.jp/znk-web/juminkanja/S2430/initialize?prefCd=35&kikanCd=864&kikanKbn=5", "url2": "http://www.sogo-medical.co.jp", "内容": "そうごう薬局下関店【5:薬局】山口県下関市川中豊町７丁目１４番６号　Ｎ１ビル１Ｆ" }, "geometry": { "type": "Point", "coordinates": [ 130.940172, 33.993394 ] } },
{ "type": "Feature", "properties": { "ID": 355866, "正式名称": "たかもり薬局", "機関区分": 5, "都道府県コード": 35, "市区町村コード": 208, "所在地": "山口県岩国市周東町下久原２４８１－３", "緯度": 34.092946, "経度": 132.052247, "url": "https://www.iryou.teikyouseido.mhlw.go.jp/znk-web/juminkanja/S2430/initialize?prefCd=35&kikanCd=866&kikanKbn=5", "url2": "http://www.ssmile.co.jp", "内容": "たかもり薬局【5:薬局】山口県岩国市周東町下久原２４８１－３" }, "geometry": { "type": "Point", "coordinates": [ 132.052247, 34.092946 ] } },
{ "type": "Feature", "properties": { "ID": 355868, "正式名称": "仁成堂薬局　小郡店", "機関区分": 5, "都道府県コード": 35, "市区町村コード": 203, "所在地": "山口県山口市小郡船倉町１－８", "緯度": 34.094714, "経度": 131.404072, "url": "https://www.iryou.teikyouseido.mhlw.go.jp/znk-web/juminkanja/S2430/initialize?prefCd=35&kikanCd=868&kikanKbn=5", "url2": "http://www.jinsei-do.co.jp", "内容": "仁成堂薬局　小郡店【5:薬局】山口県山口市小郡船倉町１－８" }, "geometry": { "type": "Point", "coordinates": [ 131.404072, 34.094714 ] } },
{ "type": "Feature", "properties": { "ID": 355872, "正式名称": "オーエス中関薬局", "機関区分": 5, "都道府県コード": 35, "市区町村コード": 206, "所在地": "山口県防府市田島５８７ー６", "緯度": 34.024036, "経度": 131.5613, "url": "https://www.iryou.teikyouseido.mhlw.go.jp/znk-web/juminkanja/S2430/initialize?prefCd=35&kikanCd=872&kikanKbn=5", "url2": "http://www.osinc.co.jp/", "内容": "オーエス中関薬局【5:薬局】山口県防府市田島５８７ー６" }, "geometry": { "type": "Point", "coordinates": [ 131.5613, 34.024036 ] } },
{ "type": "Feature", "properties": { "ID": 355873, "正式名称": "ダリヤ下関薬局", "機関区分": 5, "都道府県コード": 35, "市区町村コード": 201, "所在地": "山口県下関市上新地町３－３－３", "緯度": 33.959446, "経度": 130.919658, "url": "https://www.iryou.teikyouseido.mhlw.go.jp/znk-web/juminkanja/S2430/initialize?prefCd=35&kikanCd=873&kikanKbn=5", "url2": "http://www.withs.co.jp/", "内容": "ダリヤ下関薬局【5:薬局】山口県下関市上新地町３－３－３" }, "geometry": { "type": "Point", "coordinates": [ 130.919658, 33.959446 ] } },
{ "type": "Feature", "properties": { "ID": 355874, "正式名称": "わかば薬局", "機関区分": 5, "都道府県コード": 35, "市区町村コード": 203, "所在地": "山口県山口市大内長野１５６９－１５", "緯度": 34.163332, "経度": 131.514889, "url": "https://www.iryou.teikyouseido.mhlw.go.jp/znk-web/juminkanja/S2430/initialize?prefCd=35&kikanCd=874&kikanKbn=5", "url2": "https://aobado.jp", "内容": "わかば薬局【5:薬局】山口県山口市大内長野１５６９－１５" }, "geometry": { "type": "Point", "coordinates": [ 131.514889, 34.163332 ] } },
{ "type": "Feature", "properties": { "ID": 355875, "正式名称": "菜のはな薬局", "機関区分": 5, "都道府県コード": 35, "市区町村コード": 203, "所在地": "山口県山口市下小鯖１３３１番地の８", "緯度": 34.132086, "経度": 131.526097, "url": "https://www.iryou.teikyouseido.mhlw.go.jp/znk-web/juminkanja/S2430/initialize?prefCd=35&kikanCd=875&kikanKbn=5", "url2": null, "内容": "菜のはな薬局【5:薬局】山口県山口市下小鯖１３３１番地の８" }, "geometry": { "type": "Point", "coordinates": [ 131.526097, 34.132086 ] } },
{ "type": "Feature", "properties": { "ID": 355876, "正式名称": "中領薬局", "機関区分": 5, "都道府県コード": 35, "市区町村コード": 203, "所在地": "山口県山口市小郡下郷３１９番地７", "緯度": 34.107921, "経度": 131.397799, "url": "https://www.iryou.teikyouseido.mhlw.go.jp/znk-web/juminkanja/S2430/initialize?prefCd=35&kikanCd=876&kikanKbn=5", "url2": "http://www.green-ph.jp/", "内容": "中領薬局【5:薬局】山口県山口市小郡下郷３１９番地７" }, "geometry": { "type": "Point", "coordinates": [ 131.397799, 34.107921 ] } },
{ "type": "Feature", "properties": { "ID": 355877, "正式名称": "ひなた薬局", "機関区分": 5, "都道府県コード": 35, "市区町村コード": 203, "所在地": "山口県山口市小郡明治１丁目１３番２３号", "緯度": 34.09571, "経度": 131.39417, "url": "https://www.iryou.teikyouseido.mhlw.go.jp/znk-web/juminkanja/S2430/initialize?prefCd=35&kikanCd=877&kikanKbn=5", "url2": "https://asa-pharmacy.storeinfo.jp", "内容": "ひなた薬局【5:薬局】山口県山口市小郡明治１丁目１３番２３号" }, "geometry": { "type": "Point", "coordinates": [ 131.39417, 34.09571 ] } },
{ "type": "Feature", "properties": { "ID": 355878, "正式名称": "ヘイワ薬局　佐波店", "機関区分": 5, "都道府県コード": 35, "市区町村コード": 206, "所在地": "山口県防府市佐波１丁目３番９号", "緯度": 34.053435, "経度": 131.563017, "url": "https://www.iryou.teikyouseido.mhlw.go.jp/znk-web/juminkanja/S2430/initialize?prefCd=35&kikanCd=878&kikanKbn=5", "url2": null, "内容": "ヘイワ薬局　佐波店【5:薬局】山口県防府市佐波１丁目３番９号" }, "geometry": { "type": "Point", "coordinates": [ 131.563017, 34.053435 ] } },
{ "type": "Feature", "properties": { "ID": 355879, "正式名称": "かしわや薬局　きぞの店", "機関区分": 5, "都道府県コード": 35, "市区町村コード": 210, "所在地": "山口県光市大字浅江１３４０番１", "緯度": 33.981258, "経度": 131.928169, "url": "https://www.iryou.teikyouseido.mhlw.go.jp/znk-web/juminkanja/S2430/initialize?prefCd=35&kikanCd=879&kikanKbn=5", "url2": "https://kashiwaya-pharmacy.com/", "内容": "かしわや薬局　きぞの店【5:薬局】山口県光市大字浅江１３４０番１" }, "geometry": { "type": "Point", "coordinates": [ 131.928169, 33.981258 ] } },
{ "type": "Feature", "properties": { "ID": 355880, "正式名称": "ウォンツ周南周陽薬局", "機関区分": 5, "都道府県コード": 35, "市区町村コード": 215, "所在地": "山口県周南市周陽１ー１ー１", "緯度": 34.050579, "経度": 131.827393, "url": "https://www.iryou.teikyouseido.mhlw.go.jp/znk-web/juminkanja/S2430/initialize?prefCd=35&kikanCd=880&kikanKbn=5", "url2": "https://www.wants.co.jp/", "内容": "ウォンツ周南周陽薬局【5:薬局】山口県周南市周陽１ー１ー１" }, "geometry": { "type": "Point", "coordinates": [ 131.827393, 34.050579 ] } },
{ "type": "Feature", "properties": { "ID": 355881, "正式名称": "ゆずきち薬局", "機関区分": 5, "都道府県コード": 35, "市区町村コード": 211, "所在地": "山口県長門市東深川１９５２－２１", "緯度": 34.367808, "経度": 131.181828, "url": "https://www.iryou.teikyouseido.mhlw.go.jp/znk-web/juminkanja/S2430/initialize?prefCd=35&kikanCd=881&kikanKbn=5", "url2": "http://www.cosmo-pharmacy.co.jp/", "内容": "ゆずきち薬局【5:薬局】山口県長門市東深川１９５２－２１" }, "geometry": { "type": "Point", "coordinates": [ 131.181828, 34.367808 ] } },
{ "type": "Feature", "properties": { "ID": 355882, "正式名称": "あい薬局　長門店", "機関区分": 5, "都道府県コード": 35, "市区町村コード": 211, "所在地": "山口県長門市東深川１３８４ー１", "緯度": 34.3715, "経度": 131.186603, "url": "https://www.iryou.teikyouseido.mhlw.go.jp/znk-web/juminkanja/S2430/initialize?prefCd=35&kikanCd=882&kikanKbn=5", "url2": "http://www.sanwa.tc/", "内容": "あい薬局　長門店【5:薬局】山口県長門市東深川１３８４ー１" }, "geometry": { "type": "Point", "coordinates": [ 131.186603, 34.3715 ] } },
{ "type": "Feature", "properties": { "ID": 355883, "正式名称": "そうごう薬局　長府店", "機関区分": 5, "都道府県コード": 35, "市区町村コード": 201, "所在地": "山口県下関市長府南之町２－２７", "緯度": 33.996964, "経度": 130.989544, "url": "https://www.iryou.teikyouseido.mhlw.go.jp/znk-web/juminkanja/S2430/initialize?prefCd=35&kikanCd=883&kikanKbn=5", "url2": "http://www.sogo-medical.co.jp/sogopharmacy/shop/", "内容": "そうごう薬局　長府店【5:薬局】山口県下関市長府南之町２－２７" }, "geometry": { "type": "Point", "coordinates": [ 130.989544, 33.996964 ] } },
{ "type": "Feature", "properties": { "ID": 355884, "正式名称": "亀屋製薬合資会社亀屋薬局細江店", "機関区分": 5, "都道府県コード": 35, "市区町村コード": 201, "所在地": "山口県下関市細江町２−１−９", "緯度": 33.952176, "経度": 130.933571, "url": "https://www.iryou.teikyouseido.mhlw.go.jp/znk-web/juminkanja/S2430/initialize?prefCd=35&kikanCd=884&kikanKbn=5", "url2": "https://www.kameyaseiyaku1604.com/", "内容": "亀屋製薬合資会社亀屋薬局細江店【5:薬局】山口県下関市細江町２−１−９" }, "geometry": { "type": "Point", "coordinates": [ 130.933571, 33.952176 ] } },
{ "type": "Feature", "properties": { "ID": 355885, "正式名称": "本村中央薬局", "機関区分": 5, "都道府県コード": 35, "市区町村コード": 201, "所在地": "山口県下関市彦島本村町４丁目１－２", "緯度": 33.943398, "経度": 130.911044, "url": "https://www.iryou.teikyouseido.mhlw.go.jp/znk-web/juminkanja/S2430/initialize?prefCd=35&kikanCd=885&kikanKbn=5", "url2": "https://www.ssmedical-group.com/", "内容": "本村中央薬局【5:薬局】山口県下関市彦島本村町４丁目１－２" }, "geometry": { "type": "Point", "coordinates": [ 130.911044, 33.943398 ] } },
{ "type": "Feature", "properties": { "ID": 355886, "正式名称": "フラワー薬局", "機関区分": 5, "都道府県コード": 35, "市区町村コード": 211, "所在地": "山口県長門市東深川９２４番地１２", "緯度": 34.372836, "経度": 131.18495, "url": "https://www.iryou.teikyouseido.mhlw.go.jp/znk-web/juminkanja/S2430/initialize?prefCd=35&kikanCd=886&kikanKbn=5", "url2": null, "内容": "フラワー薬局【5:薬局】山口県長門市東深川９２４番地１２" }, "geometry": { "type": "Point", "coordinates": [ 131.18495, 34.372836 ] } },
{ "type": "Feature", "properties": { "ID": 355888, "正式名称": "ひかる薬局　平生店", "機関区分": 5, "都道府県コード": 35, "市区町村コード": 344, "所在地": "山口県熊毛郡平生町大字佐賀森ノ上２２８７－３", "緯度": 33.89524, "経度": 132.08113, "url": "https://www.iryou.teikyouseido.mhlw.go.jp/znk-web/juminkanja/S2430/initialize?prefCd=35&kikanCd=888&kikanKbn=5", "url2": "http://www.pure-clair.com", "内容": "ひかる薬局　平生店【5:薬局】山口県熊毛郡平生町大字佐賀森ノ上２２８７－３" }, "geometry": { "type": "Point", "coordinates": [ 132.08113, 33.89524 ] } },
{ "type": "Feature", "properties": { "ID": 355889, "正式名称": "恩田薬局", "機関区分": 5, "都道府県コード": 35, "市区町村コード": 202, "所在地": "山口県宇部市恩田町２丁目４２０２番７", "緯度": 33.944979, "経度": 131.264607, "url": "https://www.iryou.teikyouseido.mhlw.go.jp/znk-web/juminkanja/S2430/initialize?prefCd=35&kikanCd=889&kikanKbn=5", "url2": "https://prog-net.jp/", "内容": "恩田薬局【5:薬局】山口県宇部市恩田町２丁目４２０２番７" }, "geometry": { "type": "Point", "coordinates": [ 131.264607, 33.944979 ] } },
{ "type": "Feature", "properties": { "ID": 35589, "正式名称": "有限会社渡辺薬局", "機関区分": 5, "都道府県コード": 35, "市区町村コード": 208, "所在地": "山口県岩国市今津町４丁目３番２号", "緯度": 34.165108, "経度": 132.21707, "url": "https://www.iryou.teikyouseido.mhlw.go.jp/znk-web/juminkanja/S2430/initialize?prefCd=35&kikanCd=89&kikanKbn=5", "url2": "http://www.watanabe-ph.co.jp/", "内容": "有限会社渡辺薬局【5:薬局】山口県岩国市今津町４丁目３番２号" }, "geometry": { "type": "Point", "coordinates": [ 132.21707, 34.165108 ] } },
{ "type": "Feature", "properties": { "ID": 355891, "正式名称": "花咲薬局　厚狭店", "機関区分": 5, "都道府県コード": 35, "市区町村コード": 216, "所在地": "山口県山陽小野田市大字厚狭４５８ー７", "緯度": 34.067986, "経度": 131.18195, "url": "https://www.iryou.teikyouseido.mhlw.go.jp/znk-web/juminkanja/S2430/initialize?prefCd=35&kikanCd=891&kikanKbn=5", "url2": "https://prog-net.jp/", "内容": "花咲薬局　厚狭店【5:薬局】山口県山陽小野田市大字厚狭４５８ー７" }, "geometry": { "type": "Point", "coordinates": [ 131.18195, 34.067986 ] } },
{ "type": "Feature", "properties": { "ID": 355892, "正式名称": "ハミング薬局", "機関区分": 5, "都道府県コード": 35, "市区町村コード": 202, "所在地": "山口県宇部市北琴芝２丁目３番５号", "緯度": 33.960153, "経度": 131.259415, "url": "https://www.iryou.teikyouseido.mhlw.go.jp/znk-web/juminkanja/S2430/initialize?prefCd=35&kikanCd=892&kikanKbn=5", "url2": null, "内容": "ハミング薬局【5:薬局】山口県宇部市北琴芝２丁目３番５号" }, "geometry": { "type": "Point", "coordinates": [ 131.259415, 33.960153 ] } },
{ "type": "Feature", "properties": { "ID": 355893, "正式名称": "こころ薬局", "機関区分": 5, "都道府県コード": 35, "市区町村コード": 202, "所在地": "山口県宇部市寿町３－２－２５", "緯度": 33.95168, "経度": 131.252762, "url": "https://www.iryou.teikyouseido.mhlw.go.jp/znk-web/juminkanja/S2430/initialize?prefCd=35&kikanCd=893&kikanKbn=5", "url2": null, "内容": "こころ薬局【5:薬局】山口県宇部市寿町３－２－２５" }, "geometry": { "type": "Point", "coordinates": [ 131.252762, 33.95168 ] } },
{ "type": "Feature", "properties": { "ID": 355897, "正式名称": "オリーブ薬局光店", "機関区分": 5, "都道府県コード": 35, "市区町村コード": 210, "所在地": "山口県光市虹ケ浜三丁目１６－３０　ランドマーク虹ケ浜１０２", "緯度": 33.972166, "経度": 131.912766, "url": "https://www.iryou.teikyouseido.mhlw.go.jp/znk-web/juminkanja/S2430/initialize?prefCd=35&kikanCd=897&kikanKbn=5", "url2": "http://www.ssmile.co.jp", "内容": "オリーブ薬局光店【5:薬局】山口県光市虹ケ浜三丁目１６－３０　ランドマーク虹ケ浜１０２" }, "geometry": { "type": "Point", "coordinates": [ 131.912766, 33.972166 ] } },
{ "type": "Feature", "properties": { "ID": 355898, "正式名称": "ふたば薬局", "機関区分": 5, "都道府県コード": 35, "市区町村コード": 215, "所在地": "山口県周南市新宿通５丁目１－３６", "緯度": 34.062981, "経度": 131.799951, "url": "https://www.iryou.teikyouseido.mhlw.go.jp/znk-web/juminkanja/S2430/initialize?prefCd=35&kikanCd=898&kikanKbn=5", "url2": "http://www.yakumeikan.com/", "内容": "ふたば薬局【5:薬局】山口県周南市新宿通５丁目１－３６" }, "geometry": { "type": "Point", "coordinates": [ 131.799951, 34.062981 ] } },
{ "type": "Feature", "properties": { "ID": 355899, "正式名称": "くるる薬局", "機関区分": 5, "都道府県コード": 35, "市区町村コード": 344, "所在地": "山口県熊毛郡平生町平生村６７１ー８", "緯度": 33.937584, "経度": 132.07594, "url": "https://www.iryou.teikyouseido.mhlw.go.jp/znk-web/juminkanja/S2430/initialize?prefCd=35&kikanCd=899&kikanKbn=5", "url2": "http://www.itou-co.jp/", "内容": "くるる薬局【5:薬局】山口県熊毛郡平生町平生村６７１ー８" }, "geometry": { "type": "Point", "coordinates": [ 132.07594, 33.937584 ] } },
{ "type": "Feature", "properties": { "ID": 35590, "正式名称": "田中薬局", "機関区分": 5, "都道府県コード": 35, "市区町村コード": 206, "所在地": "山口県防府市牟礼今宿二丁目４－３４", "緯度": 34.053117, "経度": 131.600956, "url": "https://www.iryou.teikyouseido.mhlw.go.jp/znk-web/juminkanja/S2430/initialize?prefCd=35&kikanCd=90&kikanKbn=5", "url2": null, "内容": "田中薬局【5:薬局】山口県防府市牟礼今宿二丁目４－３４" }, "geometry": { "type": "Point", "coordinates": [ 131.600956, 34.053117 ] } },
{ "type": "Feature", "properties": { "ID": 355900, "正式名称": "わかば薬局", "機関区分": 5, "都道府県コード": 35, "市区町村コード": 212, "所在地": "山口県柳井市南町４丁目２－１５", "緯度": 33.962724, "経度": 132.108286, "url": "https://www.iryou.teikyouseido.mhlw.go.jp/znk-web/juminkanja/S2430/initialize?prefCd=35&kikanCd=900&kikanKbn=5", "url2": "http://yuushin.cc/", "内容": "わかば薬局【5:薬局】山口県柳井市南町４丁目２－１５" }, "geometry": { "type": "Point", "coordinates": [ 132.108286, 33.962724 ] } },
{ "type": "Feature", "properties": { "ID": 355902, "正式名称": "アロマ薬局　黒石店", "機関区分": 5, "都道府県コード": 35, "市区町村コード": 202, "所在地": "山口県宇部市大字東須恵１９７６番地１", "緯度": 33.980696, "経度": 131.202667, "url": "https://www.iryou.teikyouseido.mhlw.go.jp/znk-web/juminkanja/S2430/initialize?prefCd=35&kikanCd=902&kikanKbn=5", "url2": null, "内容": "アロマ薬局　黒石店【5:薬局】山口県宇部市大字東須恵１９７６番地１" }, "geometry": { "type": "Point", "coordinates": [ 131.202667, 33.980696 ] } },
{ "type": "Feature", "properties": { "ID": 355903, "正式名称": "パワフル薬局小月店", "機関区分": 5, "都道府県コード": 35, "市区町村コード": 201, "所在地": "山口県下関市小月茶屋１丁目８番２０号", "緯度": 34.068835, "経度": 131.030324, "url": "https://www.iryou.teikyouseido.mhlw.go.jp/znk-web/juminkanja/S2430/initialize?prefCd=35&kikanCd=903&kikanKbn=5", "url2": "http://pawafuru-p6.crayonsite.net", "内容": "パワフル薬局小月店【5:薬局】山口県下関市小月茶屋１丁目８番２０号" }, "geometry": { "type": "Point", "coordinates": [ 131.030324, 34.068835 ] } },
{ "type": "Feature", "properties": { "ID": 355904, "正式名称": "マリモ薬局", "機関区分": 5, "都道府県コード": 35, "市区町村コード": 201, "所在地": "山口県下関市菊川町下岡枝１７３－１", "緯度": 34.123787, "経度": 131.032781, "url": "https://www.iryou.teikyouseido.mhlw.go.jp/znk-web/juminkanja/S2430/initialize?prefCd=35&kikanCd=904&kikanKbn=5", "url2": "https://takehiro-g.com/", "内容": "マリモ薬局【5:薬局】山口県下関市菊川町下岡枝１７３－１" }, "geometry": { "type": "Point", "coordinates": [ 131.032781, 34.123787 ] } },
{ "type": "Feature", "properties": { "ID": 355905, "正式名称": "ソレイユ薬局", "機関区分": 5, "都道府県コード": 35, "市区町村コード": 203, "所在地": "山口県山口市黒川７７１－１３", "緯度": 34.143336, "経度": 131.450745, "url": "https://www.iryou.teikyouseido.mhlw.go.jp/znk-web/juminkanja/S2430/initialize?prefCd=35&kikanCd=905&kikanKbn=5", "url2": "https://www.rising-japan.org/", "内容": "ソレイユ薬局【5:薬局】山口県山口市黒川７７１－１３" }, "geometry": { "type": "Point", "coordinates": [ 131.450745, 34.143336 ] } },
{ "type": "Feature", "properties": { "ID": 355907, "正式名称": "豊浦いずみ薬局", "機関区分": 5, "都道府県コード": 35, "市区町村コード": 201, "所在地": "山口県下関市豊浦町黒井伏付６９７ー２６", "緯度": 34.117725, "経度": 130.929212, "url": "https://www.iryou.teikyouseido.mhlw.go.jp/znk-web/juminkanja/S2430/initialize?prefCd=35&kikanCd=907&kikanKbn=5", "url2": "https://taihei-with.co.jp", "内容": "豊浦いずみ薬局【5:薬局】山口県下関市豊浦町黒井伏付６９７ー２６" }, "geometry": { "type": "Point", "coordinates": [ 130.929212, 34.117725 ] } },
{ "type": "Feature", "properties": { "ID": 355909, "正式名称": "こころ薬局　道門店", "機関区分": 5, "都道府県コード": 35, "市区町村コード": 203, "所在地": "山口県山口市道場門前１－９－１８", "緯度": 34.176447, "経度": 131.476614, "url": "https://www.iryou.teikyouseido.mhlw.go.jp/znk-web/juminkanja/S2430/initialize?prefCd=35&kikanCd=909&kikanKbn=5", "url2": null, "内容": "こころ薬局　道門店【5:薬局】山口県山口市道場門前１－９－１８" }, "geometry": { "type": "Point", "coordinates": [ 131.476614, 34.176447 ] } },
{ "type": "Feature", "properties": { "ID": 35591, "正式名称": "北斗調剤薬局", "機関区分": 5, "都道府県コード": 35, "市区町村コード": 207, "所在地": "山口県下松市北斗町９番２３号", "緯度": 34.010175, "経度": 131.870669, "url": "https://www.iryou.teikyouseido.mhlw.go.jp/znk-web/juminkanja/S2430/initialize?prefCd=35&kikanCd=91&kikanKbn=5", "url2": null, "内容": "北斗調剤薬局【5:薬局】山口県下松市北斗町９番２３号" }, "geometry": { "type": "Point", "coordinates": [ 131.870669, 34.010175 ] } },
{ "type": "Feature", "properties": { "ID": 355913, "正式名称": "かずき薬局", "機関区分": 5, "都道府県コード": 35, "市区町村コード": 201, "所在地": "山口県下関市長府江下町１－２６", "緯度": 34.01335, "経度": 130.996786, "url": "https://www.iryou.teikyouseido.mhlw.go.jp/znk-web/juminkanja/S2430/initialize?prefCd=35&kikanCd=913&kikanKbn=5", "url2": "http://mizuyuki.iina.net/", "内容": "かずき薬局【5:薬局】山口県下関市長府江下町１－２６" }, "geometry": { "type": "Point", "coordinates": [ 130.996786, 34.01335 ] } },
{ "type": "Feature", "properties": { "ID": 355914, "正式名称": "いちご薬局室の木店", "機関区分": 5, "都道府県コード": 35, "市区町村コード": 208, "所在地": "山口県岩国市室の木町５丁目１０ー１３", "緯度": 34.168697, "経度": 132.202083, "url": "https://www.iryou.teikyouseido.mhlw.go.jp/znk-web/juminkanja/S2430/initialize?prefCd=35&kikanCd=914&kikanKbn=5", "url2": "http://www.15ichigo.jp/", "内容": "いちご薬局室の木店【5:薬局】山口県岩国市室の木町５丁目１０ー１３" }, "geometry": { "type": "Point", "coordinates": [ 132.202083, 34.168697 ] } },
{ "type": "Feature", "properties": { "ID": 355919, "正式名称": "美里薬局", "機関区分": 5, "都道府県コード": 35, "市区町村コード": 207, "所在地": "山口県下松市美里町４丁目１０番２７号", "緯度": 34.02182, "経度": 131.857302, "url": "https://www.iryou.teikyouseido.mhlw.go.jp/znk-web/juminkanja/S2430/initialize?prefCd=35&kikanCd=919&kikanKbn=5", "url2": "http://yakumeikan.co.jp/", "内容": "美里薬局【5:薬局】山口県下松市美里町４丁目１０番２７号" }, "geometry": { "type": "Point", "coordinates": [ 131.857302, 34.02182 ] } },
{ "type": "Feature", "properties": { "ID": 355920, "正式名称": "フタミ薬局　駅南店", "機関区分": 5, "都道府県コード": 35, "市区町村コード": 206, "所在地": "山口県防府市駅南町２２５－３", "緯度": 34.05084, "経度": 131.564987, "url": "https://www.iryou.teikyouseido.mhlw.go.jp/znk-web/juminkanja/S2430/initialize?prefCd=35&kikanCd=920&kikanKbn=5", "url2": "https://futamisupply.co.jp/", "内容": "フタミ薬局　駅南店【5:薬局】山口県防府市駅南町２２５－３" }, "geometry": { "type": "Point", "coordinates": [ 131.564987, 34.05084 ] } },
{ "type": "Feature", "properties": { "ID": 355922, "正式名称": "長原薬局", "機関区分": 5, "都道府県コード": 35, "市区町村コード": 202, "所在地": "山口県宇部市東岐波５６８８ー１", "緯度": 33.989323, "経度": 131.34567, "url": "https://www.iryou.teikyouseido.mhlw.go.jp/znk-web/juminkanja/S2430/initialize?prefCd=35&kikanCd=922&kikanKbn=5", "url2": null, "内容": "長原薬局【5:薬局】山口県宇部市東岐波５６８８ー１" }, "geometry": { "type": "Point", "coordinates": [ 131.34567, 33.989323 ] } },
{ "type": "Feature", "properties": { "ID": 355923, "正式名称": "エスマイル薬局徳地店", "機関区分": 5, "都道府県コード": 35, "市区町村コード": 203, "所在地": "山口県山口市徳地堀１６２４－７", "緯度": 34.188945, "経度": 131.658874, "url": "https://www.iryou.teikyouseido.mhlw.go.jp/znk-web/juminkanja/S2430/initialize?prefCd=35&kikanCd=923&kikanKbn=5", "url2": "http://www.ssmile.co.jp", "内容": "エスマイル薬局徳地店【5:薬局】山口県山口市徳地堀１６２４－７" }, "geometry": { "type": "Point", "coordinates": [ 131.658874, 34.188945 ] } },
{ "type": "Feature", "properties": { "ID": 355924, "正式名称": "ニック調剤薬局　アカダ店", "機関区分": 5, "都道府県コード": 35, "市区町村コード": 201, "所在地": "山口県下関市新垢田東町２丁目２番１７号", "緯度": 33.989324, "経度": 130.913729, "url": "https://www.iryou.teikyouseido.mhlw.go.jp/znk-web/juminkanja/S2430/initialize?prefCd=35&kikanCd=924&kikanKbn=5", "url2": "http://www.n-i-c.co.jp/drugstore/drugstore_nic-akada.html", "内容": "ニック調剤薬局　アカダ店【5:薬局】山口県下関市新垢田東町２丁目２番１７号" }, "geometry": { "type": "Point", "coordinates": [ 130.913729, 33.989324 ] } },
{ "type": "Feature", "properties": { "ID": 355925, "正式名称": "美祢シティ薬局", "機関区分": 5, "都道府県コード": 35, "市区町村コード": 213, "所在地": "山口県美祢市大嶺町東分１１３１３番地７９", "緯度": 34.171185, "経度": 131.199129, "url": "https://www.iryou.teikyouseido.mhlw.go.jp/znk-web/juminkanja/S2430/initialize?prefCd=35&kikanCd=925&kikanKbn=5", "url2": "https://mine-city.org", "内容": "美祢シティ薬局【5:薬局】山口県美祢市大嶺町東分１１３１３番地７９" }, "geometry": { "type": "Point", "coordinates": [ 131.199129, 34.171185 ] } },
{ "type": "Feature", "properties": { "ID": 35593, "正式名称": "田中町薬局", "機関区分": 5, "都道府県コード": 35, "市区町村コード": 201, "所在地": "山口県下関市田中町７－１１", "緯度": 33.958376, "経度": 130.940811, "url": "https://www.iryou.teikyouseido.mhlw.go.jp/znk-web/juminkanja/S2430/initialize?prefCd=35&kikanCd=93&kikanKbn=5", "url2": null, "内容": "田中町薬局【5:薬局】山口県下関市田中町７－１１" }, "geometry": { "type": "Point", "coordinates": [ 130.940811, 33.958376 ] } },
{ "type": "Feature", "properties": { "ID": 355932, "正式名称": "マユサン薬局", "機関区分": 5, "都道府県コード": 35, "市区町村コード": 213, "所在地": "山口県美祢市於福町下３２７１番地６", "緯度": 34.247489, "経度": 131.211467, "url": "https://www.iryou.teikyouseido.mhlw.go.jp/znk-web/juminkanja/S2430/initialize?prefCd=35&kikanCd=932&kikanKbn=5", "url2": null, "内容": "マユサン薬局【5:薬局】山口県美祢市於福町下３２７１番地６" }, "geometry": { "type": "Point", "coordinates": [ 131.211467, 34.247489 ] } },
{ "type": "Feature", "properties": { "ID": 355933, "正式名称": "くるみ薬局", "機関区分": 5, "都道府県コード": 35, "市区町村コード": 207, "所在地": "山口県下松市せせらぎ町二丁目１番２４号", "緯度": 34.012161, "経度": 131.868039, "url": "https://www.iryou.teikyouseido.mhlw.go.jp/znk-web/juminkanja/S2430/initialize?prefCd=35&kikanCd=933&kikanKbn=5", "url2": "https://kurumi-pharmacy.jp", "内容": "くるみ薬局【5:薬局】山口県下松市せせらぎ町二丁目１番２４号" }, "geometry": { "type": "Point", "coordinates": [ 131.868039, 34.012161 ] } },
{ "type": "Feature", "properties": { "ID": 355934, "正式名称": "ききょう薬局", "機関区分": 5, "都道府県コード": 35, "市区町村コード": 203, "所在地": "山口県山口市小郡下郷", "緯度": 34.101635, "経度": 131.39381, "url": "https://www.iryou.teikyouseido.mhlw.go.jp/znk-web/juminkanja/S2430/initialize?prefCd=35&kikanCd=934&kikanKbn=5", "url2": "https://www.flowerbros-tms.com", "内容": "ききょう薬局【5:薬局】山口県山口市小郡下郷" }, "geometry": { "type": "Point", "coordinates": [ 131.39381, 34.101635 ] } },
{ "type": "Feature", "properties": { "ID": 355935, "正式名称": "アイテル薬局嘉川店", "機関区分": 5, "都道府県コード": 35, "市区町村コード": 203, "所在地": "山口県山口市嘉川１３６１―５", "緯度": 34.077296, "経度": 131.380659, "url": "https://www.iryou.teikyouseido.mhlw.go.jp/znk-web/juminkanja/S2430/initialize?prefCd=35&kikanCd=935&kikanKbn=5", "url2": "http://www.zaitak.jp/pages/11/", "内容": "アイテル薬局嘉川店【5:薬局】山口県山口市嘉川１３６１―５" }, "geometry": { "type": "Point", "coordinates": [ 131.380659, 34.077296 ] } },
{ "type": "Feature", "properties": { "ID": 355936, "正式名称": "さくら薬局　徳山中央病院前店", "機関区分": 5, "都道府県コード": 35, "市区町村コード": 215, "所在地": "山口県周南市孝田町２ー１", "緯度": 34.048454, "経度": 131.83511, "url": "https://www.iryou.teikyouseido.mhlw.go.jp/znk-web/juminkanja/S2430/initialize?prefCd=35&kikanCd=936&kikanKbn=5", "url2": "https://www.nanohana-ph.jp/shop/chugoku-shikoku/yamaguchi/shunan/tokuyamachuo.php", "内容": "さくら薬局　徳山中央病院前店【5:薬局】山口県周南市孝田町２ー１" }, "geometry": { "type": "Point", "coordinates": [ 131.83511, 34.048454 ] } },
{ "type": "Feature", "properties": { "ID": 355937, "正式名称": "かりん薬局", "機関区分": 5, "都道府県コード": 35, "市区町村コード": 202, "所在地": "山口県宇部市東梶返３丁目１７番２４号", "緯度": 33.9483, "経度": 131.264551, "url": "https://www.iryou.teikyouseido.mhlw.go.jp/znk-web/juminkanja/S2430/initialize?prefCd=35&kikanCd=937&kikanKbn=5", "url2": "http://www.flowerbros-tms.com/index.html", "内容": "かりん薬局【5:薬局】山口県宇部市東梶返３丁目１７番２４号" }, "geometry": { "type": "Point", "coordinates": [ 131.264551, 33.9483 ] } },
{ "type": "Feature", "properties": { "ID": 355938, "正式名称": "はまゆう薬局", "機関区分": 5, "都道府県コード": 35, "市区町村コード": 201, "所在地": "山口県下関市本町一丁目１－１８", "緯度": 33.962086, "経度": 130.950794, "url": "https://www.iryou.teikyouseido.mhlw.go.jp/znk-web/juminkanja/S2430/initialize?prefCd=35&kikanCd=938&kikanKbn=5", "url2": "http://www.flowerbros-tms.com/", "内容": "はまゆう薬局【5:薬局】山口県下関市本町一丁目１－１８" }, "geometry": { "type": "Point", "coordinates": [ 130.950794, 33.962086 ] } },
{ "type": "Feature", "properties": { "ID": 355939, "正式名称": "しろくま薬局", "機関区分": 5, "都道府県コード": 35, "市区町村コード": 201, "所在地": "山口県下関市一の宮町三丁目１１－２", "緯度": 33.996358, "経度": 130.951864, "url": "https://www.iryou.teikyouseido.mhlw.go.jp/znk-web/juminkanja/S2430/initialize?prefCd=35&kikanCd=939&kikanKbn=5", "url2": null, "内容": "しろくま薬局【5:薬局】山口県下関市一の宮町三丁目１１－２" }, "geometry": { "type": "Point", "coordinates": [ 130.951864, 33.996358 ] } },
{ "type": "Feature", "properties": { "ID": 355940, "正式名称": "アイテル薬局　山の田店", "機関区分": 5, "都道府県コード": 35, "市区町村コード": 201, "所在地": "山口県下関市山の田本町６－４", "緯度": 33.988397, "経度": 130.928874, "url": "https://www.iryou.teikyouseido.mhlw.go.jp/znk-web/juminkanja/S2430/initialize?prefCd=35&kikanCd=940&kikanKbn=5", "url2": "http://www.zaitak.jp/", "内容": "アイテル薬局　山の田店【5:薬局】山口県下関市山の田本町６－４" }, "geometry": { "type": "Point", "coordinates": [ 130.928874, 33.988397 ] } },
{ "type": "Feature", "properties": { "ID": 355941, "正式名称": "かわさき薬局", "機関区分": 5, "都道府県コード": 35, "市区町村コード": 201, "所在地": "山口県下関市小月駅前一丁目２番４５号", "緯度": 34.070214, "経度": 131.034639, "url": "https://www.iryou.teikyouseido.mhlw.go.jp/znk-web/juminkanja/S2430/initialize?prefCd=35&kikanCd=941&kikanKbn=5", "url2": null, "内容": "かわさき薬局【5:薬局】山口県下関市小月駅前一丁目２番４５号" }, "geometry": { "type": "Point", "coordinates": [ 131.034639, 34.070214 ] } },
{ "type": "Feature", "properties": { "ID": 355942, "正式名称": "しおさい薬局", "機関区分": 5, "都道府県コード": 35, "市区町村コード": 201, "所在地": "山口県下関市筋川町３ー７", "緯度": 33.966377, "経度": 130.91599, "url": "https://www.iryou.teikyouseido.mhlw.go.jp/znk-web/juminkanja/S2430/initialize?prefCd=35&kikanCd=942&kikanKbn=5", "url2": null, "内容": "しおさい薬局【5:薬局】山口県下関市筋川町３ー７" }, "geometry": { "type": "Point", "coordinates": [ 130.91599, 33.966377 ] } },
{ "type": "Feature", "properties": { "ID": 355943, "正式名称": "そうごう薬局　春日町店", "機関区分": 5, "都道府県コード": 35, "市区町村コード": 203, "所在地": "山口県山口市春日町２－１５", "緯度": 34.1807, "経度": 131.471408, "url": "https://www.iryou.teikyouseido.mhlw.go.jp/znk-web/juminkanja/S2430/initialize?prefCd=35&kikanCd=943&kikanKbn=5", "url2": "http://www.sogo-medical.co.jp/sogopharmacy/index", "内容": "そうごう薬局　春日町店【5:薬局】山口県山口市春日町２－１５" }, "geometry": { "type": "Point", "coordinates": [ 131.471408, 34.1807 ] } },
{ "type": "Feature", "properties": { "ID": 355944, "正式名称": "宮の前薬局", "機関区分": 5, "都道府県コード": 35, "市区町村コード": 215, "所在地": "山口県周南市宮の前２－６－２０", "緯度": 34.072011, "経度": 131.763893, "url": "https://www.iryou.teikyouseido.mhlw.go.jp/znk-web/juminkanja/S2430/initialize?prefCd=35&kikanCd=944&kikanKbn=5", "url2": "http://www.officedrug.com/", "内容": "宮の前薬局【5:薬局】山口県周南市宮の前２－６－２０" }, "geometry": { "type": "Point", "coordinates": [ 131.763893, 34.072011 ] } },
{ "type": "Feature", "properties": { "ID": 355945, "正式名称": "錦帯橋薬局", "機関区分": 5, "都道府県コード": 35, "市区町村コード": 208, "所在地": "山口県岩国市岩国４－７－２２", "緯度": 34.164997, "経度": 132.185414, "url": "https://www.iryou.teikyouseido.mhlw.go.jp/znk-web/juminkanja/S2430/initialize?prefCd=35&kikanCd=945&kikanKbn=5", "url2": "http://yakumeikan.com", "内容": "錦帯橋薬局【5:薬局】山口県岩国市岩国４－７－２２" }, "geometry": { "type": "Point", "coordinates": [ 132.185414, 34.164997 ] } },
{ "type": "Feature", "properties": { "ID": 355946, "正式名称": "フタミ薬局　新南陽店", "機関区分": 5, "都道府県コード": 35, "市区町村コード": 215, "所在地": "山口県周南市宮の前２－１５３３－１", "緯度": 34.073831, "経度": 131.76645, "url": "https://www.iryou.teikyouseido.mhlw.go.jp/znk-web/juminkanja/S2430/initialize?prefCd=35&kikanCd=946&kikanKbn=5", "url2": "https://www.futamisupply.co.jp/", "内容": "フタミ薬局　新南陽店【5:薬局】山口県周南市宮の前２－１５３３－１" }, "geometry": { "type": "Point", "coordinates": [ 131.76645, 34.073831 ] } },
{ "type": "Feature", "properties": { "ID": 355948, "正式名称": "そうごう薬局　小野田店", "機関区分": 5, "都道府県コード": 35, "市区町村コード": 216, "所在地": "山口県山陽小野田市日の出三丁目８番１２号", "緯度": 34.006831, "経度": 131.183839, "url": "https://www.iryou.teikyouseido.mhlw.go.jp/znk-web/juminkanja/S2430/initialize?prefCd=35&kikanCd=948&kikanKbn=5", "url2": "http://sogo-medical.co.jp", "内容": "そうごう薬局　小野田店【5:薬局】山口県山陽小野田市日の出三丁目８番１２号" }, "geometry": { "type": "Point", "coordinates": [ 131.183839, 34.006831 ] } },
{ "type": "Feature", "properties": { "ID": 355949, "正式名称": "タケヒロ薬局", "機関区分": 5, "都道府県コード": 35, "市区町村コード": 201, "所在地": "山口県下関市豊北町大字滝部３３９５番地の２", "緯度": 34.288988, "経度": 130.948906, "url": "https://www.iryou.teikyouseido.mhlw.go.jp/znk-web/juminkanja/S2430/initialize?prefCd=35&kikanCd=949&kikanKbn=5", "url2": "https://takehiro-g.com/", "内容": "タケヒロ薬局【5:薬局】山口県下関市豊北町大字滝部３３９５番地の２" }, "geometry": { "type": "Point", "coordinates": [ 130.948906, 34.288988 ] } },
{ "type": "Feature", "properties": { "ID": 355950, "正式名称": "こころ薬局　吉敷店", "機関区分": 5, "都道府県コード": 35, "市区町村コード": 203, "所在地": "山口県山口市吉敷中東３－２８８６－１", "緯度": 34.165655, "経度": 131.438613, "url": "https://www.iryou.teikyouseido.mhlw.go.jp/znk-web/juminkanja/S2430/initialize?prefCd=35&kikanCd=950&kikanKbn=5", "url2": null, "内容": "こころ薬局　吉敷店【5:薬局】山口県山口市吉敷中東３－２８８６－１" }, "geometry": { "type": "Point", "coordinates": [ 131.438613, 34.165655 ] } },
{ "type": "Feature", "properties": { "ID": 355951, "正式名称": "いくも薬局　八王子店", "機関区分": 5, "都道府県コード": 35, "市区町村コード": 206, "所在地": "山口県防府市八王子八王子２丁目１１－１９", "緯度": 34.059418, "経度": 131.565202, "url": "https://www.iryou.teikyouseido.mhlw.go.jp/znk-web/juminkanja/S2430/initialize?prefCd=35&kikanCd=951&kikanKbn=5", "url2": "hyyp://www.ikumopharmacy.com", "内容": "いくも薬局　八王子店【5:薬局】山口県防府市八王子八王子２丁目１１－１９" }, "geometry": { "type": "Point", "coordinates": [ 131.565202, 34.059418 ] } },
{ "type": "Feature", "properties": { "ID": 355952, "正式名称": "センター薬局", "機関区分": 5, "都道府県コード": 35, "市区町村コード": 208, "所在地": "山口県岩国市愛宕町１－１－３", "緯度": 34.144314, "経度": 132.202921, "url": "https://www.iryou.teikyouseido.mhlw.go.jp/znk-web/juminkanja/S2430/initialize?prefCd=35&kikanCd=952&kikanKbn=5", "url2": "http://yakumeikan.com", "内容": "センター薬局【5:薬局】山口県岩国市愛宕町１－１－３" }, "geometry": { "type": "Point", "coordinates": [ 132.202921, 34.144314 ] } },
{ "type": "Feature", "properties": { "ID": 355953, "正式名称": "アクア薬局", "機関区分": 5, "都道府県コード": 35, "市区町村コード": 201, "所在地": "山口県下関市武久町一丁目１４－１６", "緯度": 33.981503, "経度": 130.925087, "url": "https://www.iryou.teikyouseido.mhlw.go.jp/znk-web/juminkanja/S2430/initialize?prefCd=35&kikanCd=953&kikanKbn=5", "url2": "https://taihei-with.co.jp", "内容": "アクア薬局【5:薬局】山口県下関市武久町一丁目１４－１６" }, "geometry": { "type": "Point", "coordinates": [ 130.925087, 33.981503 ] } },
{ "type": "Feature", "properties": { "ID": 355958, "正式名称": "みわ薬局", "機関区分": 5, "都道府県コード": 35, "市区町村コード": 208, "所在地": "山口県岩国市美和町佐坂３７１－４", "緯度": 34.22531, "経度": 132.105455, "url": "https://www.iryou.teikyouseido.mhlw.go.jp/znk-web/juminkanja/S2430/initialize?prefCd=35&kikanCd=958&kikanKbn=5", "url2": null, "内容": "みわ薬局【5:薬局】山口県岩国市美和町佐坂３７１－４" }, "geometry": { "type": "Point", "coordinates": [ 132.105455, 34.22531 ] } },
{ "type": "Feature", "properties": { "ID": 355959, "正式名称": "日之出薬局", "機関区分": 5, "都道府県コード": 35, "市区町村コード": 343, "所在地": "山口県熊毛郡田布施町下田布施", "緯度": 33.95448, "経度": 132.03969, "url": "https://www.iryou.teikyouseido.mhlw.go.jp/znk-web/juminkanja/S2430/initialize?prefCd=35&kikanCd=959&kikanKbn=5", "url2": null, "内容": "日之出薬局【5:薬局】山口県熊毛郡田布施町下田布施" }, "geometry": { "type": "Point", "coordinates": [ 132.03969, 33.95448 ] } },
{ "type": "Feature", "properties": { "ID": 355961, "正式名称": "新いちのみや大内薬局", "機関区分": 5, "都道府県コード": 35, "市区町村コード": 203, "所在地": "山口県山口市大内千坊４丁目１５番３０号", "緯度": 34.152659, "経度": 131.490561, "url": "https://www.iryou.teikyouseido.mhlw.go.jp/znk-web/juminkanja/S2430/initialize?prefCd=35&kikanCd=961&kikanKbn=5", "url2": "http://ichinomiya-pharmacy-group.jp/", "内容": "新いちのみや大内薬局【5:薬局】山口県山口市大内千坊４丁目１５番３０号" }, "geometry": { "type": "Point", "coordinates": [ 131.490561, 34.152659 ] } },
{ "type": "Feature", "properties": { "ID": 355962, "正式名称": "蕗のとう薬局", "機関区分": 5, "都道府県コード": 35, "市区町村コード": 203, "所在地": "山口県山口市鰐石町１番１０号", "緯度": 34.170881, "経度": 131.478443, "url": "https://www.iryou.teikyouseido.mhlw.go.jp/znk-web/juminkanja/S2430/initialize?prefCd=35&kikanCd=962&kikanKbn=5", "url2": "https://prog-net.jp/", "内容": "蕗のとう薬局【5:薬局】山口県山口市鰐石町１番１０号" }, "geometry": { "type": "Point", "coordinates": [ 131.478443, 34.170881 ] } },
{ "type": "Feature", "properties": { "ID": 355963, "正式名称": "ぐうです薬局", "機関区分": 5, "都道府県コード": 35, "市区町村コード": 202, "所在地": "山口県宇部市西岐波３２３", "緯度": 33.969822, "経度": 131.300824, "url": "https://www.iryou.teikyouseido.mhlw.go.jp/znk-web/juminkanja/S2430/initialize?prefCd=35&kikanCd=963&kikanKbn=5", "url2": "http://www.rising-japan.org/", "内容": "ぐうです薬局【5:薬局】山口県宇部市西岐波３２３" }, "geometry": { "type": "Point", "coordinates": [ 131.300824, 33.969822 ] } },
{ "type": "Feature", "properties": { "ID": 355964, "正式名称": "みらい薬局", "機関区分": 5, "都道府県コード": 35, "市区町村コード": 202, "所在地": "山口県宇部市東小串２丁目１番３号", "緯度": 33.963381, "経度": 131.252895, "url": "https://www.iryou.teikyouseido.mhlw.go.jp/znk-web/juminkanja/S2430/initialize?prefCd=35&kikanCd=964&kikanKbn=5", "url2": "http://www.cosmo-pharmacy.co.jp/about/", "内容": "みらい薬局【5:薬局】山口県宇部市東小串２丁目１番３号" }, "geometry": { "type": "Point", "coordinates": [ 131.252895, 33.963381 ] } },
{ "type": "Feature", "properties": { "ID": 355965, "正式名称": "よつば薬局", "機関区分": 5, "都道府県コード": 35, "市区町村コード": 202, "所在地": "山口県宇部市東梶返３丁目９－２０", "緯度": 33.950948, "経度": 131.271362, "url": "https://www.iryou.teikyouseido.mhlw.go.jp/znk-web/juminkanja/S2430/initialize?prefCd=35&kikanCd=965&kikanKbn=5", "url2": null, "内容": "よつば薬局【5:薬局】山口県宇部市東梶返３丁目９－２０" }, "geometry": { "type": "Point", "coordinates": [ 131.271362, 33.950948 ] } },
{ "type": "Feature", "properties": { "ID": 355966, "正式名称": "そうごう薬局　光店", "機関区分": 5, "都道府県コード": 35, "市区町村コード": 210, "所在地": "山口県光市島田２－２１－３", "緯度": 33.973136, "経度": 131.934883, "url": "https://www.iryou.teikyouseido.mhlw.go.jp/znk-web/juminkanja/S2430/initialize?prefCd=35&kikanCd=966&kikanKbn=5", "url2": "http://www.sogo-medical.co.jp/sogopharmacy/shop/v", "内容": "そうごう薬局　光店【5:薬局】山口県光市島田２－２１－３" }, "geometry": { "type": "Point", "coordinates": [ 131.934883, 33.973136 ] } },
{ "type": "Feature", "properties": { "ID": 355967, "正式名称": "セブン薬局東町店", "機関区分": 5, "都道府県コード": 35, "市区町村コード": 207, "所在地": "山口県下松市大字末武上東町１２３８", "緯度": 34.036658, "経度": 131.874163, "url": "https://www.iryou.teikyouseido.mhlw.go.jp/znk-web/juminkanja/S2430/initialize?prefCd=35&kikanCd=967&kikanKbn=5", "url2": null, "内容": "セブン薬局東町店【5:薬局】山口県下松市大字末武上東町１２３８" }, "geometry": { "type": "Point", "coordinates": [ 131.874163, 34.036658 ] } },
{ "type": "Feature", "properties": { "ID": 355968, "正式名称": "栄久薬局", "機関区分": 5, "都道府県コード": 35, "市区町村コード": 215, "所在地": "山口県周南市原宿町４ー１９", "緯度": 34.062138, "経度": 131.805044, "url": "https://www.iryou.teikyouseido.mhlw.go.jp/znk-web/juminkanja/S2430/initialize?prefCd=35&kikanCd=968&kikanKbn=5", "url2": null, "内容": "栄久薬局【5:薬局】山口県周南市原宿町４ー１９" }, "geometry": { "type": "Point", "coordinates": [ 131.805044, 34.062138 ] } },
{ "type": "Feature", "properties": { "ID": 35597, "正式名称": "有限会社柏木薬局", "機関区分": 5, "都道府県コード": 35, "市区町村コード": 204, "所在地": "山口県萩市東田町", "緯度": 34.41188, "経度": 131.40172, "url": "https://www.iryou.teikyouseido.mhlw.go.jp/znk-web/juminkanja/S2430/initialize?prefCd=35&kikanCd=97&kikanKbn=5", "url2": null, "内容": "有限会社柏木薬局【5:薬局】山口県萩市東田町" }, "geometry": { "type": "Point", "coordinates": [ 131.40172, 34.41188 ] } },
{ "type": "Feature", "properties": { "ID": 355970, "正式名称": "オリーブ薬局徳山中央店", "機関区分": 5, "都道府県コード": 35, "市区町村コード": 215, "所在地": "山口県周南市二番町一丁目４番３", "緯度": 34.053876, "経度": 131.811551, "url": "https://www.iryou.teikyouseido.mhlw.go.jp/znk-web/juminkanja/S2430/initialize?prefCd=35&kikanCd=970&kikanKbn=5", "url2": "http://www/ssmile.cd.jp", "内容": "オリーブ薬局徳山中央店【5:薬局】山口県周南市二番町一丁目４番３" }, "geometry": { "type": "Point", "coordinates": [ 131.811551, 34.053876 ] } },
{ "type": "Feature", "properties": { "ID": 355974, "正式名称": "やまと薬局", "機関区分": 5, "都道府県コード": 35, "市区町村コード": 210, "所在地": "山口県光市岩田２４８１番地の１", "緯度": 33.982181, "経度": 131.999326, "url": "https://www.iryou.teikyouseido.mhlw.go.jp/znk-web/juminkanja/S2430/initialize?prefCd=35&kikanCd=974&kikanKbn=5", "url2": "http//www.okazakiyakuhin.com", "内容": "やまと薬局【5:薬局】山口県光市岩田２４８１番地の１" }, "geometry": { "type": "Point", "coordinates": [ 131.999326, 33.982181 ] } },
{ "type": "Feature", "properties": { "ID": 355975, "正式名称": "そうごう薬局　新下関店", "機関区分": 5, "都道府県コード": 35, "市区町村コード": 201, "所在地": "山口県下関市伊倉新町１丁目２－６", "緯度": 34.006189, "経度": 130.942003, "url": "https://www.iryou.teikyouseido.mhlw.go.jp/znk-web/juminkanja/S2430/initialize?prefCd=35&kikanCd=975&kikanKbn=5", "url2": "http://www.sogo-medical.co.jp/sogopharmacy/shop/view/464", "内容": "そうごう薬局　新下関店【5:薬局】山口県下関市伊倉新町１丁目２－６" }, "geometry": { "type": "Point", "coordinates": [ 130.942003, 34.006189 ] } },
{ "type": "Feature", "properties": { "ID": 355977, "正式名称": "会営国分寺薬局", "機関区分": 5, "都道府県コード": 35, "市区町村コード": 206, "所在地": "山口県防府市東松崎町４番２３号", "緯度": 34.059911, "経度": 131.579511, "url": "https://www.iryou.teikyouseido.mhlw.go.jp/znk-web/juminkanja/S2430/initialize?prefCd=35&kikanCd=977&kikanKbn=5", "url2": "http://www.urban.ne.jp/home/houyak01/kaiei.htm", "内容": "会営国分寺薬局【5:薬局】山口県防府市東松崎町４番２３号" }, "geometry": { "type": "Point", "coordinates": [ 131.579511, 34.059911 ] } },
{ "type": "Feature", "properties": { "ID": 355978, "正式名称": "エーデル薬局　豊田店", "機関区分": 5, "都道府県コード": 35, "市区町村コード": 201, "所在地": "山口県下関市豊田町大字殿敷１８１０ー３", "緯度": 34.201092, "経度": 131.084778, "url": "https://www.iryou.teikyouseido.mhlw.go.jp/znk-web/juminkanja/S2430/initialize?prefCd=35&kikanCd=978&kikanKbn=5", "url2": "edel-pharmacy.com", "内容": "エーデル薬局　豊田店【5:薬局】山口県下関市豊田町大字殿敷１８１０ー３" }, "geometry": { "type": "Point", "coordinates": [ 131.084778, 34.201092 ] } },
{ "type": "Feature", "properties": { "ID": 355979, "正式名称": "ニコニコ薬局", "機関区分": 5, "都道府県コード": 35, "市区町村コード": 201, "所在地": "山口県下関市岬之町４ー６", "緯度": 33.953918, "経度": 130.936736, "url": "https://www.iryou.teikyouseido.mhlw.go.jp/znk-web/juminkanja/S2430/initialize?prefCd=35&kikanCd=979&kikanKbn=5", "url2": null, "内容": "ニコニコ薬局【5:薬局】山口県下関市岬之町４ー６" }, "geometry": { "type": "Point", "coordinates": [ 130.936736, 33.953918 ] } },
{ "type": "Feature", "properties": { "ID": 35598, "正式名称": "前田延命堂薬局", "機関区分": 5, "都道府県コード": 35, "市区町村コード": 213, "所在地": "山口県美祢市大嶺町東分３４２３", "緯度": 34.168142, "経度": 131.204591, "url": "https://www.iryou.teikyouseido.mhlw.go.jp/znk-web/juminkanja/S2430/initialize?prefCd=35&kikanCd=98&kikanKbn=5", "url2": null, "内容": "前田延命堂薬局【5:薬局】山口県美祢市大嶺町東分３４２３" }, "geometry": { "type": "Point", "coordinates": [ 131.204591, 34.168142 ] } },
{ "type": "Feature", "properties": { "ID": 355980, "正式名称": "車町薬局", "機関区分": 5, "都道府県コード": 35, "市区町村コード": 208, "所在地": "山口県岩国市車町２丁目１２番４５号", "緯度": 34.156473, "経度": 132.220702, "url": "https://www.iryou.teikyouseido.mhlw.go.jp/znk-web/juminkanja/S2430/initialize?prefCd=35&kikanCd=980&kikanKbn=5", "url2": "https://k-create.jp/", "内容": "車町薬局【5:薬局】山口県岩国市車町２丁目１２番４５号" }, "geometry": { "type": "Point", "coordinates": [ 132.220702, 34.156473 ] } },
{ "type": "Feature", "properties": { "ID": 355981, "正式名称": "三好薬局　宇部店", "機関区分": 5, "都道府県コード": 35, "市区町村コード": 202, "所在地": "山口県宇部市松山町２丁目６番３１号", "緯度": 33.942318, "経度": 131.256736, "url": "https://www.iryou.teikyouseido.mhlw.go.jp/znk-web/juminkanja/S2430/initialize?prefCd=35&kikanCd=981&kikanKbn=5", "url2": "http://my-okusuri.jp/shop/", "内容": "三好薬局　宇部店【5:薬局】山口県宇部市松山町２丁目６番３１号" }, "geometry": { "type": "Point", "coordinates": [ 131.256736, 33.942318 ] } },
{ "type": "Feature", "properties": { "ID": 355982, "正式名称": "バンビ薬局", "機関区分": 5, "都道府県コード": 35, "市区町村コード": 216, "所在地": "山口県山陽小野田市日の出二丁目２番５号", "緯度": 34.004615, "経度": 131.180907, "url": "https://www.iryou.teikyouseido.mhlw.go.jp/znk-web/juminkanja/S2430/initialize?prefCd=35&kikanCd=982&kikanKbn=5", "url2": null, "内容": "バンビ薬局【5:薬局】山口県山陽小野田市日の出二丁目２番５号" }, "geometry": { "type": "Point", "coordinates": [ 131.180907, 34.004615 ] } },
{ "type": "Feature", "properties": { "ID": 355985, "正式名称": "タケヒロ薬局垢田店", "機関区分": 5, "都道府県コード": 35, "市区町村コード": 201, "所在地": "山口県下関市垢田町２丁目１６番１－１号", "緯度": 33.991267, "経度": 130.927397, "url": "https://www.iryou.teikyouseido.mhlw.go.jp/znk-web/juminkanja/S2430/initialize?prefCd=35&kikanCd=985&kikanKbn=5", "url2": null, "内容": "タケヒロ薬局垢田店【5:薬局】山口県下関市垢田町２丁目１６番１－１号" }, "geometry": { "type": "Point", "coordinates": [ 130.927397, 33.991267 ] } },
{ "type": "Feature", "properties": { "ID": 355986, "正式名称": "そうごう薬局　周南大河内店", "機関区分": 5, "都道府県コード": 35, "市区町村コード": 215, "所在地": "山口県周南市大河内２５６－８", "緯度": 34.029028, "経度": 131.952122, "url": "https://www.iryou.teikyouseido.mhlw.go.jp/znk-web/juminkanja/S2430/initialize?prefCd=35&kikanCd=986&kikanKbn=5", "url2": "http://www.sogo-medical.co.jp/", "内容": "そうごう薬局　周南大河内店【5:薬局】山口県周南市大河内２５６－８" }, "geometry": { "type": "Point", "coordinates": [ 131.952122, 34.029028 ] } },
{ "type": "Feature", "properties": { "ID": 355987, "正式名称": "オリーブ薬局平生店", "機関区分": 5, "都道府県コード": 35, "市区町村コード": 344, "所在地": "山口県熊毛郡平生町大字平生町字角浜５６９－１", "緯度": 33.939461, "経度": 132.068459, "url": "https://www.iryou.teikyouseido.mhlw.go.jp/znk-web/juminkanja/S2430/initialize?prefCd=35&kikanCd=987&kikanKbn=5", "url2": "http://www.ssmile.co.jp", "内容": "オリーブ薬局平生店【5:薬局】山口県熊毛郡平生町大字平生町字角浜５６９－１" }, "geometry": { "type": "Point", "coordinates": [ 132.068459, 33.939461 ] } },
{ "type": "Feature", "properties": { "ID": 355988, "正式名称": "のはら薬局", "機関区分": 5, "都道府県コード": 35, "市区町村コード": 202, "所在地": "山口県宇部市野原１丁目５番１号", "緯度": 33.950257, "経度": 131.270239, "url": "https://www.iryou.teikyouseido.mhlw.go.jp/znk-web/juminkanja/S2430/initialize?prefCd=35&kikanCd=988&kikanKbn=5", "url2": "phstr.co.jp", "内容": "のはら薬局【5:薬局】山口県宇部市野原１丁目５番１号" }, "geometry": { "type": "Point", "coordinates": [ 131.270239, 33.950257 ] } },
{ "type": "Feature", "properties": { "ID": 35599, "正式名称": "メディカルドラッグピスティー店", "機関区分": 5, "都道府県コード": 35, "市区町村コード": 206, "所在地": "山口県防府市酢貝６番７号", "緯度": 34.057441, "経度": 131.597827, "url": "https://www.iryou.teikyouseido.mhlw.go.jp/znk-web/juminkanja/S2430/initialize?prefCd=35&kikanCd=99&kikanKbn=5", "url2": "https://heiwapharmacy.com", "内容": "メディカルドラッグピスティー店【5:薬局】山口県防府市酢貝６番７号" }, "geometry": { "type": "Point", "coordinates": [ 131.597827, 34.057441 ] } },
{ "type": "Feature", "properties": { "ID": 355990, "正式名称": "フタミ薬局", "機関区分": 5, "都道府県コード": 35, "市区町村コード": 206, "所在地": "山口県防府市大崎４６０ー１", "緯度": 34.05707, "経度": 131.53365, "url": "https://www.iryou.teikyouseido.mhlw.go.jp/znk-web/juminkanja/S2430/initialize?prefCd=35&kikanCd=990&kikanKbn=5", "url2": null, "内容": "フタミ薬局【5:薬局】山口県防府市大崎４６０ー１" }, "geometry": { "type": "Point", "coordinates": [ 131.53365, 34.05707 ] } },
{ "type": "Feature", "properties": { "ID": 355992, "正式名称": "小串薬局", "機関区分": 5, "都道府県コード": 35, "市区町村コード": 202, "所在地": "山口県宇部市東小串１丁目１番６４号", "緯度": 33.962881, "経度": 131.251679, "url": "https://www.iryou.teikyouseido.mhlw.go.jp/znk-web/juminkanja/S2430/initialize?prefCd=35&kikanCd=992&kikanKbn=5", "url2": null, "内容": "小串薬局【5:薬局】山口県宇部市東小串１丁目１番６４号" }, "geometry": { "type": "Point", "coordinates": [ 131.251679, 33.962881 ] } },
{ "type": "Feature", "properties": { "ID": 355993, "正式名称": "てんじん薬局", "機関区分": 5, "都道府県コード": 35, "市区町村コード": 204, "所在地": "山口県萩市大字椿字金谷２７８８ー１０", "緯度": 34.394367, "経度": 131.40112, "url": "https://www.iryou.teikyouseido.mhlw.go.jp/znk-web/juminkanja/S2430/initialize?prefCd=35&kikanCd=993&kikanKbn=5", "url2": "https://www.sakuragiyk.com", "内容": "てんじん薬局【5:薬局】山口県萩市大字椿字金谷２７８８ー１０" }, "geometry": { "type": "Point", "coordinates": [ 131.40112, 34.394367 ] } },
{ "type": "Feature", "properties": { "ID": 355994, "正式名称": "さくら薬局", "機関区分": 5, "都道府県コード": 35, "市区町村コード": 204, "所在地": "山口県萩市大井唐ノ嶋１７２３－１１", "緯度": 34.4664, "経度": 131.45728, "url": "https://www.iryou.teikyouseido.mhlw.go.jp/znk-web/juminkanja/S2430/initialize?prefCd=35&kikanCd=994&kikanKbn=5", "url2": null, "内容": "さくら薬局【5:薬局】山口県萩市大井唐ノ嶋１７２３－１１" }, "geometry": { "type": "Point", "coordinates": [ 131.45728, 34.4664 ] } },
{ "type": "Feature", "properties": { "ID": 355996, "正式名称": "エスマイル薬局岩国店", "機関区分": 5, "都道府県コード": 35, "市区町村コード": 208, "所在地": "山口県岩国市今津町１丁目１５番２７号", "緯度": 34.166265, "経度": 132.219604, "url": "https://www.iryou.teikyouseido.mhlw.go.jp/znk-web/juminkanja/S2430/initialize?prefCd=35&kikanCd=996&kikanKbn=5", "url2": "http://www.ssmile.co.jp", "内容": "エスマイル薬局岩国店【5:薬局】山口県岩国市今津町１丁目１５番２７号" }, "geometry": { "type": "Point", "coordinates": [ 132.219604, 34.166265 ] } },
{ "type": "Feature", "properties": { "ID": 355997, "正式名称": "新くわのやま薬局王司店", "機関区分": 5, "都道府県コード": 35, "市区町村コード": 201, "所在地": "山口県下関市王司上町１丁目８番９号", "緯度": 34.042802, "経度": 131.013817, "url": "https://www.iryou.teikyouseido.mhlw.go.jp/znk-web/juminkanja/S2430/initialize?prefCd=35&kikanCd=997&kikanKbn=5", "url2": "http://ichinomiya-pharmacy-group.jp/", "内容": "新くわのやま薬局王司店【5:薬局】山口県下関市王司上町１丁目８番９号" }, "geometry": { "type": "Point", "coordinates": [ 131.013817, 34.042802 ] } },
{ "type": "Feature", "properties": { "ID": 355998, "正式名称": "あいお薬局", "機関区分": 5, "都道府県コード": 35, "市区町村コード": 203, "所在地": "山口県山口市秋穂東６２７９番", "緯度": 34.013089, "経度": 131.43168, "url": "https://www.iryou.teikyouseido.mhlw.go.jp/znk-web/juminkanja/S2430/initialize?prefCd=35&kikanCd=998&kikanKbn=5", "url2": "https://www.rising-japan.org/", "内容": "あいお薬局【5:薬局】山口県山口市秋穂東６２７９番" }, "geometry": { "type": "Point", "coordinates": [ 131.43168, 34.013089 ] } }
]
}
