{
"type": "FeatureCollection",
"name": "geo_35_地域密着型通所介護",
"crs": { "type": "name", "properties": { "name": "urn:ogc:def:crs:OGC:1.3:CRS84" } },
"features": [
{ "type": "Feature", "properties": { "内容": "山口県下関市秋根北町5-7　Ａ-102【地域密着型通所介護】山口県下関市秋根北町5-7ノビリティ新下関Ａ102", "url": "https://www.kaigokensaku.mhlw.go.jp/35/index.php?action_kouhyou_detail_004_kani=true&JigyosyoCd=3590109124-00&ServiceCd=780&Type=search", "url2": "https://itp.ne.jp/info/352701713168581530/" }, "geometry": { "type": "Point", "coordinates": [ 130.952248599999962, 34.014039 ] } },
{ "type": "Feature", "properties": { "内容": "デイサービス　はまぐり【地域密着型通所介護】山口県下関市豊浦町大字小串字大先２３７４番地", "url": "https://www.kaigokensaku.mhlw.go.jp/35/index.php?action_kouhyou_detail_004_kani=true&JigyosyoCd=3570105282-00&ServiceCd=780&Type=search", "url2": null }, "geometry": { "type": "Point", "coordinates": [ 130.929735455433587, 34.17495251291691 ] } },
{ "type": "Feature", "properties": { "内容": "陽光苑デイサービスセンター【地域密着型通所介護】下関市大字永田郷158－1", "url": "https://www.kaigokensaku.mhlw.go.jp/35/index.php?action_kouhyou_detail_004_kani=true&JigyosyoCd=3570100572-00&ServiceCd=780&Type=search", "url2": "http://92.ds-subb5.com/shimonoseki/" }, "geometry": { "type": "Point", "coordinates": [ 130.89866660000007, 34.0995993 ] } },
{ "type": "Feature", "properties": { "内容": "いろは詩デイサービスセンター【地域密着型通所介護】山口県下関市椋野町一丁目１８－５４", "url": "https://www.kaigokensaku.mhlw.go.jp/35/index.php?action_kouhyou_detail_004_kani=true&JigyosyoCd=3570101091-00&ServiceCd=780&Type=search", "url2": "http://www.irohauta.jp" }, "geometry": { "type": "Point", "coordinates": [ 130.941379956010678, 33.971804442319005 ] } },
{ "type": "Feature", "properties": { "内容": "アイユウの苑　デイサービスセンター　しおはま【地域密着型通所介護】山口県下関市彦島田の首町一丁目１番３２号", "url": "https://www.kaigokensaku.mhlw.go.jp/35/index.php?action_kouhyou_detail_004_kani=true&JigyosyoCd=3570102297-00&ServiceCd=780&Type=search", "url2": "http://www.shoubikai.or.jp" }, "geometry": { "type": "Point", "coordinates": [ 130.916086800000016, 33.9196732 ] } },
{ "type": "Feature", "properties": { "内容": "デイサービスセンターふきのとう【地域密着型通所介護】下関市生野町1丁目５－２７", "url": "https://www.kaigokensaku.mhlw.go.jp/35/index.php?action_kouhyou_detail_004_kani=true&JigyosyoCd=3570103527-00&ServiceCd=780&Type=search", "url2": null }, "geometry": { "type": "Point", "coordinates": [ 130.935286899999937, 33.9816839 ] } },
{ "type": "Feature", "properties": { "内容": "デイサービスセンター　さんぽ道【地域密着型通所介護】下関市三河町15-10", "url": "https://www.kaigokensaku.mhlw.go.jp/35/index.php?action_kouhyou_detail_004_kani=true&JigyosyoCd=3570103626-00&ServiceCd=780&Type=search", "url2": "you-hodo.co.jp" }, "geometry": { "type": "Point", "coordinates": [ 130.942697268558391, 33.986148786799262 ] } },
{ "type": "Feature", "properties": { "内容": "わくわくハウス【地域密着型通所介護】下関市長府才川２－４－２７", "url": "https://www.kaigokensaku.mhlw.go.jp/35/index.php?action_kouhyou_detail_004_kani=true&JigyosyoCd=3570103899-00&ServiceCd=780&Type=search", "url2": null }, "geometry": { "type": "Point", "coordinates": [ 131.004682799999955, 34.023994 ] } },
{ "type": "Feature", "properties": { "内容": "林田クリニックデイサービスセンターそよ風【地域密着型通所介護】下関市山の口町１－３０", "url": "https://www.kaigokensaku.mhlw.go.jp/35/index.php?action_kouhyou_detail_004_kani=true&JigyosyoCd=3570104202-00&ServiceCd=780&Type=search", "url2": null }, "geometry": { "type": "Point", "coordinates": [ 130.935520600000018, 33.9685407 ] } },
{ "type": "Feature", "properties": { "内容": "デイサービスもん【地域密着型通所介護】下関市安岡町４丁目１４－２２", "url": "https://www.kaigokensaku.mhlw.go.jp/35/index.php?action_kouhyou_detail_004_kani=true&JigyosyoCd=3570104590-00&ServiceCd=780&Type=search", "url2": "kayo" }, "geometry": { "type": "Point", "coordinates": [ 130.915548400000034, 34.0300397 ] } },
{ "type": "Feature", "properties": { "内容": "通い所　歩き道【地域密着型通所介護】下関市赤間町3-24八光ビル　１Ｆ", "url": "https://www.kaigokensaku.mhlw.go.jp/35/index.php?action_kouhyou_detail_004_kani=true&JigyosyoCd=3570104897-00&ServiceCd=780&Type=search", "url2": "www.you-hodo.co.jp/sp/" }, "geometry": { "type": "Point", "coordinates": [ 130.942417200000023, 33.9589639 ] } },
{ "type": "Feature", "properties": { "内容": "シャンバラ　デイサービスセンター【地域密着型通所介護】下関市小月茶屋２丁目8－27シャンバラ　デイサービスセンター", "url": "https://www.kaigokensaku.mhlw.go.jp/35/index.php?action_kouhyou_detail_004_kani=true&JigyosyoCd=3577800430-00&ServiceCd=780&Type=search", "url2": null }, "geometry": { "type": "Point", "coordinates": [ 131.032135700000026, 34.122676900000016 ] } },
{ "type": "Feature", "properties": { "内容": "デイサービスあじさい【地域密着型通所介護】山口県下関市豊浦町大字室津下１４４３－１", "url": "https://www.kaigokensaku.mhlw.go.jp/35/index.php?action_kouhyou_detail_004_kani=true&JigyosyoCd=3577800471-00&ServiceCd=780&Type=search", "url2": "http://takurousyo-ajisai.com" }, "geometry": { "type": "Point", "coordinates": [ 130.882422722667116, 34.137039860763117 ] } },
{ "type": "Feature", "properties": { "内容": "デイサービス　せいれん【地域密着型通所介護】山口県下関市吉見里町2丁目7番1号", "url": "https://www.kaigokensaku.mhlw.go.jp/35/index.php?action_kouhyou_detail_004_kani=true&JigyosyoCd=3590109033-00&ServiceCd=780&Type=search", "url2": null }, "geometry": { "type": "Point", "coordinates": [ 130.904481199999964, 34.074764 ] } },
{ "type": "Feature", "properties": { "内容": "早稲田イーライフ彦島【地域密着型通所介護】下関市彦島角倉町1-11-30早稲田イーライフ彦島", "url": "https://www.kaigokensaku.mhlw.go.jp/35/index.php?action_kouhyou_detail_004_kani=true&JigyosyoCd=3590109058-00&ServiceCd=780&Type=search", "url2": "e-life_hikoshima@extra.ocn.ne.jp" }, "geometry": { "type": "Point", "coordinates": [ 130.9146091, 33.9262307 ] } },
{ "type": "Feature", "properties": { "内容": "灯りやデイサービス【地域密着型通所介護】山口県下関市菊川町上田部343-2", "url": "https://www.kaigokensaku.mhlw.go.jp/35/index.php?action_kouhyou_detail_004_kani=true&JigyosyoCd=3590109421-00&ServiceCd=780&Type=search", "url2": "https://morinotoudai.jp" }, "geometry": { "type": "Point", "coordinates": [ 131.023117198180557, 34.108946310479411 ] } },
{ "type": "Feature", "properties": { "内容": "デイサービス隣ご縁　唐戸【地域密着型通所介護】山口県下関市幸町11-1", "url": "https://www.kaigokensaku.mhlw.go.jp/35/index.php?action_kouhyou_detail_004_kani=true&JigyosyoCd=3570105027-00&ServiceCd=780&Type=search", "url2": "https://www.ckksp.co.jp/facilities/dayservice_ringoen-karato/#contentsmain" }, "geometry": { "type": "Point", "coordinates": [ 130.943883699999986, 33.960433199999976 ] } },
{ "type": "Feature", "properties": { "内容": "菊川デイサービス　ひかり【地域密着型通所介護】山口県下関市菊川町下岡枝389-1", "url": "https://www.kaigokensaku.mhlw.go.jp/35/index.php?action_kouhyou_detail_004_kani=true&JigyosyoCd=3590109488-00&ServiceCd=780&Type=search", "url2": "https://r.goope.jp/kaien/" }, "geometry": { "type": "Point", "coordinates": [ 131.0324708, 34.1223501 ] } },
{ "type": "Feature", "properties": { "内容": "早稲田イーライフ新下関【地域密着型通所介護】山口県下関市一の宮町2-6-14", "url": "https://www.kaigokensaku.mhlw.go.jp/35/index.php?action_kouhyou_detail_004_kani=true&JigyosyoCd=3590109496-00&ServiceCd=780&Type=search", "url2": "waseda-e-life.co.jp" }, "geometry": { "type": "Point", "coordinates": [ 130.949794780950924, 34.004592135252793 ] } },
{ "type": "Feature", "properties": { "内容": "デイサービス　もみじ【地域密着型通所介護】山口県下関市大字植田９３７番地", "url": "https://www.kaigokensaku.mhlw.go.jp/35/index.php?action_kouhyou_detail_004_kani=true&JigyosyoCd=3570104350-00&ServiceCd=780&Type=search", "url2": "http://momijinosato.jimdo.com/" }, "geometry": { "type": "Point", "coordinates": [ 130.976484519049137, 34.111647329053163 ] } },
{ "type": "Feature", "properties": { "内容": "かよさんのいえ【地域密着型通所介護】山口県下関市王司本町4-6-18", "url": "https://www.kaigokensaku.mhlw.go.jp/35/index.php?action_kouhyou_detail_004_kani=true&JigyosyoCd=3570104863-00&ServiceCd=780&Type=search", "url2": null }, "geometry": { "type": "Point", "coordinates": [ 131.0147902, 34.0380066 ] } },
{ "type": "Feature", "properties": { "内容": "安夢住椿館デイサービスセンター【地域密着型通所介護】山口県下関市長府惣社町２番３９号", "url": "https://www.kaigokensaku.mhlw.go.jp/35/index.php?action_kouhyou_detail_004_kani=true&JigyosyoCd=3570103394-00&ServiceCd=780&Type=search", "url2": null }, "geometry": { "type": "Point", "coordinates": [ 130.9862789, 33.996890900000018 ] } },
{ "type": "Feature", "properties": { "内容": "DSスマートリハくまの店【地域密着型通所介護】熊野町1-7-15リヴィエール熊野101号室", "url": "https://www.kaigokensaku.mhlw.go.jp/35/index.php?action_kouhyou_detail_004_kani=true&JigyosyoCd=3590109470-00&ServiceCd=780&Type=search", "url2": "ds-s-riha.com" }, "geometry": { "type": "Point", "coordinates": [ 132.5845718, 34.3357937 ] } },
{ "type": "Feature", "properties": { "内容": "功栄サービスさくらえん【地域密着型通所介護】山口県下関市生野町1-4-17", "url": "https://www.kaigokensaku.mhlw.go.jp/35/index.php?action_kouhyou_detail_004_kani=true&JigyosyoCd=3570105423-00&ServiceCd=780&Type=search", "url2": "http://hp.kaipoke.biz/mx9/" }, "geometry": { "type": "Point", "coordinates": [ 130.9343877, 33.9817711 ] } },
{ "type": "Feature", "properties": { "内容": "歩行リハビリセンターテクラ新下関店【地域密着型通所介護】山口県下関市熊野西町1-11", "url": "https://www.kaigokensaku.mhlw.go.jp/35/index.php?action_kouhyou_detail_004_kani=true&JigyosyoCd=3590109462-00&ServiceCd=780&Type=search", "url2": "https://rehapis.com/" }, "geometry": { "type": "Point", "coordinates": [ 130.944687, 33.995396800000016 ] } },
{ "type": "Feature", "properties": { "内容": "デイサービス陽だまり【地域密着型通所介護】綾羅木新町1丁目16-15サービス付き高齢者向け住宅あやらぎ", "url": "https://www.kaigokensaku.mhlw.go.jp/35/index.php?action_kouhyou_detail_004_kani=true&JigyosyoCd=3570104913-00&ServiceCd=780&Type=search", "url2": null }, "geometry": { "type": "Point", "coordinates": [ 130.921357899999975, 34.0111858 ] } },
{ "type": "Feature", "properties": { "内容": "デイサービス　かしの木【地域密着型通所介護】綾羅木本町3丁目10番22号", "url": "https://www.kaigokensaku.mhlw.go.jp/35/index.php?action_kouhyou_detail_004_kani=true&JigyosyoCd=3570105621-00&ServiceCd=780&Type=search", "url2": null }, "geometry": { "type": "Point", "coordinates": [ 130.923280100000056, 34.0011978 ] } },
{ "type": "Feature", "properties": { "内容": "デイサービスぱれっと【地域密着型通所介護】山口県下関市一の宮住吉2丁目10番11号シニアハウスぱれっと住吉", "url": "https://www.kaigokensaku.mhlw.go.jp/35/index.php?action_kouhyou_detail_004_kani=true&JigyosyoCd=3590109140-00&ServiceCd=780&Type=search", "url2": null }, "geometry": { "type": "Point", "coordinates": [ 130.954129200000011, 33.9977908 ] } },
{ "type": "Feature", "properties": { "内容": "アクティブリハビリセンター　カノア【地域密着型通所介護】山口県下関市王司川端一丁目4−45", "url": "https://www.kaigokensaku.mhlw.go.jp/35/index.php?action_kouhyou_detail_004_kani=true&JigyosyoCd=3590109413-00&ServiceCd=780&Type=search", "url2": "https://www.kanoa-rehapis.com/" }, "geometry": { "type": "Point", "coordinates": [ 131.017402891401673, 34.04734153447307 ] } },
{ "type": "Feature", "properties": { "内容": "あみいデイサービス【地域密着型通所介護】山口県下関市丸山町2-1-23　2F松井外科整形　２F", "url": "https://www.kaigokensaku.mhlw.go.jp/35/index.php?action_kouhyou_detail_004_kani=true&JigyosyoCd=3570103006-00&ServiceCd=780&Type=search", "url2": null }, "geometry": { "type": "Point", "coordinates": [ 130.932882, 33.9599832 ] } },
{ "type": "Feature", "properties": { "内容": "済生会貴船福祉ケアセンター貴船園デイサービスセンター【地域密着型通所介護】山口県下関市貴船町3丁目4番1号", "url": "https://www.kaigokensaku.mhlw.go.jp/35/index.php?action_kouhyou_detail_004_kani=true&JigyosyoCd=3590109066-00&ServiceCd=780&Type=search", "url2": "http://www.kifuneen.saiseikai.or.jp" }, "geometry": { "type": "Point", "coordinates": [ 130.942592200000036, 33.969260100000021 ] } },
{ "type": "Feature", "properties": { "内容": "デイサービスてんてん【地域密着型通所介護】山口県下関市形山町4-17", "url": "https://www.kaigokensaku.mhlw.go.jp/35/index.php?action_kouhyou_detail_004_kani=true&JigyosyoCd=3590109298-00&ServiceCd=780&Type=search", "url2": null }, "geometry": { "type": "Point", "coordinates": [ 130.9592131, 34.014061 ] } },
{ "type": "Feature", "properties": { "内容": "つくしん坊デイサービス【地域密着型通所介護】下関市古屋町１丁目6番20号", "url": "https://www.kaigokensaku.mhlw.go.jp/35/index.php?action_kouhyou_detail_004_kani=true&JigyosyoCd=3570102636-00&ServiceCd=780&Type=search", "url2": null }, "geometry": { "type": "Point", "coordinates": [ 130.922732, 33.998638 ] } },
{ "type": "Feature", "properties": { "内容": "デイサービスぽぷり【地域密着型通所介護】後田町4-4-3", "url": "https://www.kaigokensaku.mhlw.go.jp/35/index.php?action_kouhyou_detail_004_kani=true&JigyosyoCd=3590109256-00&ServiceCd=780&Type=search", "url2": "https://www.e-saving.jp/" }, "geometry": { "type": "Point", "coordinates": [ 130.927403899999945, 33.9698775 ] } },
{ "type": "Feature", "properties": { "内容": "こころリハ【地域密着型通所介護】山口県下関市山の田本町20－4ひがきビル", "url": "https://www.kaigokensaku.mhlw.go.jp/35/index.php?action_kouhyou_detail_004_kani=true&JigyosyoCd=3590109439-00&ServiceCd=780&Type=search", "url2": null }, "geometry": { "type": "Point", "coordinates": [ 130.9307961, 33.9878804 ] } },
{ "type": "Feature", "properties": { "内容": "あみいデイサービス新下関【地域密着型通所介護】山口県下関市秋根東町6-14甲斐ビル2F", "url": "https://www.kaigokensaku.mhlw.go.jp/35/index.php?action_kouhyou_detail_004_kani=true&JigyosyoCd=3570102735-00&ServiceCd=780&Type=search", "url2": null }, "geometry": { "type": "Point", "coordinates": [ 130.925929200000041, 33.9891944 ] } },
{ "type": "Feature", "properties": { "内容": "特定非営利活動法人さくらんぼデイサービス笑家【地域密着型通所介護】下関市勝谷新町４丁目13番27号", "url": "https://www.kaigokensaku.mhlw.go.jp/35/index.php?action_kouhyou_detail_004_kani=true&JigyosyoCd=3570104582-00&ServiceCd=780&Type=search", "url2": "https://nposakuranbo.com" }, "geometry": { "type": "Point", "coordinates": [ 130.972146899999984, 34.0047402 ] } },
{ "type": "Feature", "properties": { "内容": "おとなの学校下関小月デイサービスセンター【地域密着型通所介護】山口県下関市小月茶屋３-4-26学校法人下関学院内　海響館1階", "url": "https://www.kaigokensaku.mhlw.go.jp/35/index.php?action_kouhyou_detail_004_kani=true&JigyosyoCd=3570105068-00&ServiceCd=780&Type=search", "url2": "http://www.otona-gakkou.com/" }, "geometry": { "type": "Point", "coordinates": [ 131.027893799999987, 34.0694233 ] } },
{ "type": "Feature", "properties": { "内容": "おとなの学校下関未来校【地域密着型通所介護】山口県下関市小月茶屋3丁目4番7号", "url": "https://www.kaigokensaku.mhlw.go.jp/35/index.php?action_kouhyou_detail_004_kani=true&JigyosyoCd=3590109322-00&ServiceCd=780&Type=search", "url2": "https:otona-gakkou.com" }, "geometry": { "type": "Point", "coordinates": [ 131.027772700000014, 34.0698326 ] } },
{ "type": "Feature", "properties": { "内容": "つくしんぼデイサービス【地域密着型通所介護】山口県下関市小月本町一丁目１番４号", "url": "https://www.kaigokensaku.mhlw.go.jp/35/index.php?action_kouhyou_detail_004_kani=true&JigyosyoCd=3590109355-00&ServiceCd=780&Type=search", "url2": "https://tukushinnbo.com/" }, "geometry": { "type": "Point", "coordinates": [ 131.035417724606333, 34.073674177202967 ] } },
{ "type": "Feature", "properties": { "内容": "デイサービスフェリーチェ【地域密着型通所介護】山口県下関市新地西町10-9", "url": "https://www.kaigokensaku.mhlw.go.jp/35/index.php?action_kouhyou_detail_004_kani=true&JigyosyoCd=3590109306-00&ServiceCd=780&Type=search", "url2": "www.e-saving.jp" }, "geometry": { "type": "Point", "coordinates": [ 130.9200322, 33.9552936 ] } },
{ "type": "Feature", "properties": { "内容": "ハートケアデイサービス【地域密着型通所介護】山口県下関市神田町1丁目14-26", "url": "https://www.kaigokensaku.mhlw.go.jp/35/index.php?action_kouhyou_detail_004_kani=true&JigyosyoCd=3590109397-00&ServiceCd=780&Type=search", "url2": null }, "geometry": { "type": "Point", "coordinates": [ 130.923306099999962, 33.9644032 ] } },
{ "type": "Feature", "properties": { "内容": "地域共生ホーム　デイサービスおかげさん【地域密着型通所介護】下関市清末大門12番43号", "url": "https://www.kaigokensaku.mhlw.go.jp/35/index.php?action_kouhyou_detail_004_kani=true&JigyosyoCd=3570103113-00&ServiceCd=780&Type=search", "url2": "hitomati@bz01.plala.or.jp" }, "geometry": { "type": "Point", "coordinates": [ 131.017267100000026, 34.0603323 ] } },
{ "type": "Feature", "properties": { "内容": "地域共生ホーム　デイサービスうたたね【地域密着型通所介護】清末大門１２番４３号", "url": "https://www.kaigokensaku.mhlw.go.jp/35/index.php?action_kouhyou_detail_004_kani=true&JigyosyoCd=3570104400-00&ServiceCd=780&Type=search", "url2": "hitomati＠ｂｚ01.plala.or.jp" }, "geometry": { "type": "Point", "coordinates": [ 131.017267100000026, 34.0603323 ] } },
{ "type": "Feature", "properties": { "内容": "DSスマートリハ【地域密着型通所介護】山口県下関市川中豊町5丁目1番3号アスリートビル", "url": "https://www.kaigokensaku.mhlw.go.jp/35/index.php?action_kouhyou_detail_004_kani=true&JigyosyoCd=3590109249-00&ServiceCd=780&Type=search", "url2": "ds-s-riha.com" }, "geometry": { "type": "Point", "coordinates": [ 130.940441700000065, 33.9954111 ] } },
{ "type": "Feature", "properties": { "内容": "リハプライド下関長府【地域密着型通所介護】山口県下関市長府松小田本町5‐16‐1FSKビル", "url": "https://www.kaigokensaku.mhlw.go.jp/35/index.php?action_kouhyou_detail_004_kani=true&JigyosyoCd=3590109231-00&ServiceCd=780&Type=search", "url2": "https://www.rehapride.co.jp/" }, "geometry": { "type": "Point", "coordinates": [ 131.000695299999961, 34.0195005 ] } },
{ "type": "Feature", "properties": { "内容": "安夢住デイサービス緑香園【地域密着型通所介護】下関市長府新松原町３番３０号", "url": "https://www.kaigokensaku.mhlw.go.jp/35/index.php?action_kouhyou_detail_004_kani=true&JigyosyoCd=3570104699-00&ServiceCd=780&Type=search", "url2": null }, "geometry": { "type": "Point", "coordinates": [ 130.989164800000026, 33.9921052 ] } },
{ "type": "Feature", "properties": { "内容": "特定非営利活動法人さくらんぼデイサービスセンター【地域密着型通所介護】山口県下関市長府中土居北町６番１８号", "url": "https://www.kaigokensaku.mhlw.go.jp/35/index.php?action_kouhyou_detail_004_kani=true&JigyosyoCd=3570103196-00&ServiceCd=780&Type=search", "url2": "https://www.nposakuranbo.com" }, "geometry": { "type": "Point", "coordinates": [ 130.989150900000027, 34.0082788 ] } },
{ "type": "Feature", "properties": { "内容": "アイユウ長府デイサービス『憩いサロン』【地域密着型通所介護】山口県下関市長府南之町1番1号アイユウ城下町長府", "url": "https://www.kaigokensaku.mhlw.go.jp/35/index.php?action_kouhyou_detail_004_kani=true&JigyosyoCd=3570105209-00&ServiceCd=780&Type=search", "url2": "http://www.shoueikai-aiyuu.com/" }, "geometry": { "type": "Point", "coordinates": [ 130.990856030688519, 33.99778654955697 ] } },
{ "type": "Feature", "properties": { "内容": "さくらデイサービス下関【地域密着型通所介護】山口県下関市長府浜浦西町13-3", "url": "https://www.kaigokensaku.mhlw.go.jp/35/index.php?action_kouhyou_detail_004_kani=true&JigyosyoCd=3570101331-00&ServiceCd=780&Type=search", "url2": null }, "geometry": { "type": "Point", "coordinates": [ 130.978031773094273, 33.985389969804181 ] } },
{ "type": "Feature", "properties": { "内容": "さくらデイサービス長府【地域密着型通所介護】山口県下関市長府浜浦町２９-８", "url": "https://www.kaigokensaku.mhlw.go.jp/35/index.php?action_kouhyou_detail_004_kani=true&JigyosyoCd=3570101380-00&ServiceCd=780&Type=search", "url2": null }, "geometry": { "type": "Point", "coordinates": [ 130.9797241, 33.982045 ] } },
{ "type": "Feature", "properties": { "内容": "リラックスデイ　唐楽【地域密着型通所介護】山口県下関市唐戸町３-１４白鳥ビル１階", "url": "https://www.kaigokensaku.mhlw.go.jp/35/index.php?action_kouhyou_detail_004_kani=true&JigyosyoCd=3590109025-00&ServiceCd=780&Type=search", "url2": null }, "geometry": { "type": "Point", "coordinates": [ 130.942847699999987, 33.95738630000001 ] } },
{ "type": "Feature", "properties": { "内容": "デイサービスありすの丘【地域密着型通所介護】山口県下関市東向山町13-9", "url": "https://www.kaigokensaku.mhlw.go.jp/35/index.php?action_kouhyou_detail_004_kani=true&JigyosyoCd=3570105431-00&ServiceCd=780&Type=search", "url2": null }, "geometry": { "type": "Point", "coordinates": [ 130.928357399999982, 33.9672658 ] } },
{ "type": "Feature", "properties": { "内容": "夢里デイサービス【地域密着型通所介護】山口県下関市大字内日下833-1", "url": "https://www.kaigokensaku.mhlw.go.jp/35/index.php?action_kouhyou_detail_004_kani=true&JigyosyoCd=3590109280-00&ServiceCd=780&Type=search", "url2": null }, "geometry": { "type": "Point", "coordinates": [ 130.96504, 34.0984407 ] } },
{ "type": "Feature", "properties": { "内容": "デイハウスうちん家【地域密着型通所介護】下関市南大坪町2-9", "url": "https://www.kaigokensaku.mhlw.go.jp/35/index.php?action_kouhyou_detail_004_kani=true&JigyosyoCd=3570104780-00&ServiceCd=780&Type=search", "url2": "www.kokoroe-ueo.com" }, "geometry": { "type": "Point", "coordinates": [ 130.917822300000012, 33.9602857 ] } },
{ "type": "Feature", "properties": { "内容": "デイサービス夢乃舎【地域密着型通所介護】山口県下関市彦島福浦町３－2－10", "url": "https://www.kaigokensaku.mhlw.go.jp/35/index.php?action_kouhyou_detail_004_kani=true&JigyosyoCd=3590109181-00&ServiceCd=780&Type=search", "url2": "http://reiwakai.com/" }, "geometry": { "type": "Point", "coordinates": [ 130.912995300000034, 33.9274416 ] } },
{ "type": "Feature", "properties": { "内容": "デイサービス　華【地域密着型通所介護】山口県下関市彦島本村町６丁目12-15", "url": "https://www.kaigokensaku.mhlw.go.jp/35/index.php?action_kouhyou_detail_004_kani=true&JigyosyoCd=3570105233-00&ServiceCd=780&Type=search", "url2": null }, "geometry": { "type": "Point", "coordinates": [ 130.9125424, 33.9384264 ] } },
{ "type": "Feature", "properties": { "内容": "寿海荘デイサービスセンター【地域密着型通所介護】下関市武久町二丁目５３番８号", "url": "https://www.kaigokensaku.mhlw.go.jp/35/index.php?action_kouhyou_detail_004_kani=true&JigyosyoCd=3570100614-00&ServiceCd=780&Type=search", "url2": "http://syoujuen.jp" }, "geometry": { "type": "Point", "coordinates": [ 130.916998351589967, 33.980549378912258 ] } },
{ "type": "Feature", "properties": { "内容": "下関市社協　豊田デイサービスセンター　おいでんか【地域密着型通所介護】山口県下関市豊田町大字手洗345番1", "url": "https://www.kaigokensaku.mhlw.go.jp/35/index.php?action_kouhyou_detail_004_kani=true&JigyosyoCd=3570102891-00&ServiceCd=780&Type=search", "url2": null }, "geometry": { "type": "Point", "coordinates": [ 131.075200799999948, 34.203732 ] } },
{ "type": "Feature", "properties": { "内容": "デイサービス　日野【地域密着型通所介護】下関市豊田町大字浮石2202番地1", "url": "https://www.kaigokensaku.mhlw.go.jp/35/index.php?action_kouhyou_detail_004_kani=true&JigyosyoCd=3570104459-00&ServiceCd=780&Type=search", "url2": null }, "geometry": { "type": "Point", "coordinates": [ 131.038016299999981, 34.2471431 ] } },
{ "type": "Feature", "properties": { "内容": "デイサービスセンター向日葵館【地域密着型通所介護】下関市豊北町大字神田字大久保東３１６２－６", "url": "https://www.kaigokensaku.mhlw.go.jp/35/index.php?action_kouhyou_detail_004_kani=true&JigyosyoCd=3570103410-00&ServiceCd=780&Type=search", "url2": null }, "geometry": { "type": "Point", "coordinates": [ 130.9031377, 34.3545743 ] } },
{ "type": "Feature", "properties": { "内容": "下関市社協　豊北デイサービスセンターわくわく苑【地域密着型通所介護】下関市豊北町大字神田上141-3下関市和久生きがいﾃﾞｲｻｰﾋﾞｽｾﾝﾀｰ", "url": "https://www.kaigokensaku.mhlw.go.jp/35/index.php?action_kouhyou_detail_004_kani=true&JigyosyoCd=3570101976-00&ServiceCd=780&Type=search", "url2": "http://www.shimoshakyo.or.jp" }, "geometry": { "type": "Point", "coordinates": [ 130.884456699999987, 34.3058172 ] } },
{ "type": "Feature", "properties": { "内容": "株式会社ナーシングケア　デイサービスセンター向日葵【地域密着型通所介護】山口県下関市豊北町大字神田上８９１－２５向日葵", "url": "https://www.kaigokensaku.mhlw.go.jp/35/index.php?action_kouhyou_detail_004_kani=true&JigyosyoCd=3570103055-00&ServiceCd=780&Type=search", "url2": null }, "geometry": { "type": "Point", "coordinates": [ 130.8839848, 34.2945654 ] } },
{ "type": "Feature", "properties": { "内容": "デイサービスセンター向日葵の里【地域密着型通所介護】下関市豊北町神田上891-28", "url": "https://www.kaigokensaku.mhlw.go.jp/35/index.php?action_kouhyou_detail_004_kani=true&JigyosyoCd=3570104517-00&ServiceCd=780&Type=search", "url2": null }, "geometry": { "type": "Point", "coordinates": [ 130.883474449043206, 34.294736336082089 ] } },
{ "type": "Feature", "properties": { "内容": "どうしんデイサービス【地域密着型通所介護】下関市豊北町大字滝部字中山1185-3", "url": "https://www.kaigokensaku.mhlw.go.jp/35/index.php?action_kouhyou_detail_004_kani=true&JigyosyoCd=3570104475-00&ServiceCd=780&Type=search", "url2": "https://momotose-home/net" }, "geometry": { "type": "Point", "coordinates": [ 130.944751751451122, 34.284172739877512 ] } },
{ "type": "Feature", "properties": { "内容": "デイサービスセンターすずらん貴船【地域密着型通所介護】椋野町1丁目18-54住宅型有料老人ホーム　すずらん貴船", "url": "https://www.kaigokensaku.mhlw.go.jp/35/index.php?action_kouhyou_detail_004_kani=true&JigyosyoCd=3590109504-00&ServiceCd=780&Type=search", "url2": "golden-age-sv.com" }, "geometry": { "type": "Point", "coordinates": [ 130.9413233, 33.9720033 ] } },
{ "type": "Feature", "properties": { "内容": "KaKa＋こんぴらデイサービス【地域密着型通所介護】下関市金比羅町5番13号KaKa＋こんぴらデイサービス", "url": "https://www.kaigokensaku.mhlw.go.jp/35/index.php?action_kouhyou_detail_004_kani=true&JigyosyoCd=3590109389-00&ServiceCd=780&Type=search", "url2": "https://www.kakaplus.co.jp" }, "geometry": { "type": "Point", "coordinates": [ 130.918925771163913, 33.967370598023876 ] } },
{ "type": "Feature", "properties": { "内容": "リハトレケアサポート【地域密着型通所介護】山口県下関市菊川町大字田部1151-3", "url": "https://www.kaigokensaku.mhlw.go.jp/35/index.php?action_kouhyou_detail_004_kani=true&JigyosyoCd=3590109199-00&ServiceCd=780&Type=search", "url2": null }, "geometry": { "type": "Point", "coordinates": [ 131.032291765967699, 34.114971733468302 ] } },
{ "type": "Feature", "properties": { "内容": "デイサービス　杉の木【地域密着型通所介護】新椋野1丁目1-6", "url": "https://www.kaigokensaku.mhlw.go.jp/35/index.php?action_kouhyou_detail_004_kani=true&JigyosyoCd=3590109165-00&ServiceCd=780&Type=search", "url2": "https://www.oneforall-inc.co.jp/" }, "geometry": { "type": "Point", "coordinates": [ 130.948007599999983, 33.9848758 ] } },
{ "type": "Feature", "properties": { "内容": "デイサービスまいホーム【地域密着型通所介護】川中本町７－１９", "url": "https://www.kaigokensaku.mhlw.go.jp/35/index.php?action_kouhyou_detail_004_kani=true&JigyosyoCd=3590109116-00&ServiceCd=780&Type=search", "url2": null }, "geometry": { "type": "Point", "coordinates": [ 130.930772899999965, 34.0014183 ] } },
{ "type": "Feature", "properties": { "内容": "よつば富任デイサービスセンター【地域密着型通所介護】下関市富任町八丁目１４番６号", "url": "https://www.kaigokensaku.mhlw.go.jp/35/index.php?action_kouhyou_detail_004_kani=true&JigyosyoCd=3570103238-00&ServiceCd=780&Type=search", "url2": null }, "geometry": { "type": "Point", "coordinates": [ 130.926464399999986, 34.0218186 ] } },
{ "type": "Feature", "properties": { "内容": "デイサービス杉の森【地域密着型通所介護】山口県下関市宝町3-17", "url": "https://www.kaigokensaku.mhlw.go.jp/35/index.php?action_kouhyou_detail_004_kani=true&JigyosyoCd=3590109348-00&ServiceCd=780&Type=search", "url2": null }, "geometry": { "type": "Point", "coordinates": [ 130.939138323139957, 33.979708373888975 ] } },
{ "type": "Feature", "properties": { "内容": "デイサービス月見草【地域密着型通所介護】豊浦町川棚1545-24", "url": "https://www.kaigokensaku.mhlw.go.jp/35/index.php?action_kouhyou_detail_004_kani=true&JigyosyoCd=3570105571-00&ServiceCd=780&Type=search", "url2": null }, "geometry": { "type": "Point", "coordinates": [ 130.922174129824327, 34.160648553753582 ] } },
{ "type": "Feature", "properties": { "内容": "デイサービス　リアン【地域密着型通所介護】山口県下関市川中本町一丁目10番38号サンフィット川中101", "url": "https://www.kaigokensaku.mhlw.go.jp/35/index.php?action_kouhyou_detail_004_kani=true&JigyosyoCd=3590109454-00&ServiceCd=780&Type=search", "url2": "https://www.care-innovation.net/" }, "geometry": { "type": "Point", "coordinates": [ 130.933883, 33.9989147 ] } },
{ "type": "Feature", "properties": { "内容": "あやリハ長府店【地域密着型通所介護】下関市長府中浜町4-18", "url": "https://www.kaigokensaku.mhlw.go.jp/35/index.php?action_kouhyou_detail_004_kani=true&JigyosyoCd=3570105019-00&ServiceCd=780&Type=search", "url2": null }, "geometry": { "type": "Point", "coordinates": [ 130.989260784655727, 33.99817062569501 ] } },
{ "type": "Feature", "properties": { "内容": "トリニティデイサービス【地域密着型通所介護】山口県下関市菊川町大字久野948‐3", "url": "https://www.kaigokensaku.mhlw.go.jp/35/index.php?action_kouhyou_detail_004_kani=true&JigyosyoCd=3590109520-00&ServiceCd=780&Type=search", "url2": null }, "geometry": { "type": "Point", "coordinates": [ 130.9759166, 34.1436784 ] } },
{ "type": "Feature", "properties": { "内容": "デイサービスみなみ風【地域密着型通所介護】山口県下関市豊田町大字宇内684番地", "url": "https://www.kaigokensaku.mhlw.go.jp/35/index.php?action_kouhyou_detail_004_kani=true&JigyosyoCd=3590109330-00&ServiceCd=780&Type=search", "url2": null }, "geometry": { "type": "Point", "coordinates": [ 131.0649106, 34.231752 ] } },
{ "type": "Feature", "properties": { "内容": "デイサービス笑美【地域密着型通所介護】菊川町大字久野94‐１", "url": "https://www.kaigokensaku.mhlw.go.jp/35/index.php?action_kouhyou_detail_004_kani=true&JigyosyoCd=3590109512-00&ServiceCd=780&Type=search", "url2": "https://shiennomori.com/" }, "geometry": { "type": "Point", "coordinates": [ 130.9783069, 34.1450163 ] } },
{ "type": "Feature", "properties": { "内容": "前田接骨院デイサービス機能回復センター【地域密着型通所介護】山口県下関市長府中土居本町15-26", "url": "https://www.kaigokensaku.mhlw.go.jp/35/index.php?action_kouhyou_detail_004_kani=true&JigyosyoCd=3570104335-00&ServiceCd=780&Type=search", "url2": null }, "geometry": { "type": "Point", "coordinates": [ 130.989590174205006, 34.004063400284871 ] } },
{ "type": "Feature", "properties": { "内容": "悠遊リハビリデイサービス【地域密着型通所介護】山口県下関市豊浦町大字川棚1516⁻27", "url": "https://www.kaigokensaku.mhlw.go.jp/35/index.php?action_kouhyou_detail_004_kani=true&JigyosyoCd=3590109546-00&ServiceCd=780&Type=search", "url2": "https://www.yu-yurihabirideisabisu.com/" }, "geometry": { "type": "Point", "coordinates": [ 130.918972700000012, 34.1596805 ] } },
{ "type": "Feature", "properties": { "内容": "スマートエイジングラボそらおと【地域密着型通所介護】山口県下関市中之町8番13号", "url": "https://www.kaigokensaku.mhlw.go.jp/35/index.php?action_kouhyou_detail_004_kani=true&JigyosyoCd=3590109207-00&ServiceCd=780&Type=search", "url2": "https://www.smart-sora.com/" }, "geometry": { "type": "Point", "coordinates": [ 130.946022399999947, 33.957634 ] } },
{ "type": "Feature", "properties": { "内容": "デイサービス　心ケア燈叶【地域密着型通所介護】山口県下関市熊野町1丁目７番１５号リヴィエール熊野１０１号", "url": "https://www.kaigokensaku.mhlw.go.jp/35/index.php?action_kouhyou_detail_004_kani=true&JigyosyoCd=3590109538-00&ServiceCd=780&Type=search", "url2": null }, "geometry": { "type": "Point", "coordinates": [ 130.9423011, 33.9901105 ] } },
{ "type": "Feature", "properties": { "内容": "フィットネスデイミココロ【地域密着型通所介護】山口県宇部市上宇部142-8", "url": "https://www.kaigokensaku.mhlw.go.jp/35/index.php?action_kouhyou_detail_004_kani=true&JigyosyoCd=3590200683-00&ServiceCd=780&Type=search", "url2": "https://micocoro-yell.com/" }, "geometry": { "type": "Point", "coordinates": [ 131.283228, 33.9715616 ] } },
{ "type": "Feature", "properties": { "内容": "デイサービスひまわりの家【地域密着型通所介護】山口県宇部市野中5丁目5番1", "url": "https://www.kaigokensaku.mhlw.go.jp/35/index.php?action_kouhyou_detail_004_kani=true&JigyosyoCd=3570203269-00&ServiceCd=780&Type=search", "url2": null }, "geometry": { "type": "Point", "coordinates": [ 131.275816450492783, 33.946135884578318 ] } },
{ "type": "Feature", "properties": { "内容": "デイサービスさち【地域密着型通所介護】山口県宇部市大字車地４３番地１", "url": "https://www.kaigokensaku.mhlw.go.jp/35/index.php?action_kouhyou_detail_004_kani=true&JigyosyoCd=3590200329-00&ServiceCd=780&Type=search", "url2": null }, "geometry": { "type": "Point", "coordinates": [ 131.292743100000024, 34.0595893 ] } },
{ "type": "Feature", "properties": { "内容": "万倉の郷デイサービス【地域密着型通所介護】山口県宇部市大字西万倉宮ノ下１６９０－２", "url": "https://www.kaigokensaku.mhlw.go.jp/35/index.php?action_kouhyou_detail_004_kani=true&JigyosyoCd=3570203012-00&ServiceCd=780&Type=search", "url2": null }, "geometry": { "type": "Point", "coordinates": [ 131.241043583467103, 34.069497735867422 ] } },
{ "type": "Feature", "properties": { "内容": "デイサービスかもめ３【地域密着型通所介護】山口県宇部市大字西岐波４９５３番地６", "url": "https://www.kaigokensaku.mhlw.go.jp/35/index.php?action_kouhyou_detail_004_kani=true&JigyosyoCd=3590200238-00&ServiceCd=780&Type=search", "url2": null }, "geometry": { "type": "Point", "coordinates": [ 131.294749184864003, 33.966150476155569 ] } },
{ "type": "Feature", "properties": { "内容": "宅老所　喜楽苑　山村【地域密着型通所介護】山口県宇部市大字西岐波2636番地7", "url": "https://www.kaigokensaku.mhlw.go.jp/35/index.php?action_kouhyou_detail_004_kani=true&JigyosyoCd=3590200733-00&ServiceCd=780&Type=search", "url2": "http://m-kirakuen.com/smarts/index/21" }, "geometry": { "type": "Point", "coordinates": [ 131.3087386, 33.9646789 ] } },
{ "type": "Feature", "properties": { "内容": "デイサービス　いやし【地域密着型通所介護】山口県宇部市大字沖宇部６２－４", "url": "https://www.kaigokensaku.mhlw.go.jp/35/index.php?action_kouhyou_detail_004_kani=true&JigyosyoCd=3570203053-00&ServiceCd=780&Type=search", "url2": "iyashi-ube@cap.ocn.ne.jp" }, "geometry": { "type": "Point", "coordinates": [ 131.294124300000021, 33.9602419 ] } },
{ "type": "Feature", "properties": { "内容": "デイサービスセンターみのり【地域密着型通所介護】宇部市大字際波1704-1住宅型有料老人ホームみのり内", "url": "https://www.kaigokensaku.mhlw.go.jp/35/index.php?action_kouhyou_detail_004_kani=true&JigyosyoCd=3570203491-00&ServiceCd=780&Type=search", "url2": "http://www.minori-ube.jp" }, "geometry": { "type": "Point", "coordinates": [ 131.220243648132282, 34.006584657538738 ] } },
{ "type": "Feature", "properties": { "内容": "デイサービスみなみかぜ　参宮通り店【地域密着型通所介護】山口県宇部市海南町16-27", "url": "https://www.kaigokensaku.mhlw.go.jp/35/index.php?action_kouhyou_detail_004_kani=true&JigyosyoCd=3590200485-00&ServiceCd=780&Type=search", "url2": null }, "geometry": { "type": "Point", "coordinates": [ 131.2607514, 33.9580554 ] } },
{ "type": "Feature", "properties": { "内容": "リハビリサポートcanon藤山店【地域密着型通所介護】山口県宇部市居能町３丁目２番１１－１号", "url": "https://www.kaigokensaku.mhlw.go.jp/35/index.php?action_kouhyou_detail_004_kani=true&JigyosyoCd=3590200444-00&ServiceCd=780&Type=search", "url2": "https://hp.kaipoke.biz/t75/165332/base_0004.html" }, "geometry": { "type": "Point", "coordinates": [ 131.230047399999989, 33.9686429 ] } },
{ "type": "Feature", "properties": { "内容": "神原苑新川デイサービスセンター【地域密着型通所介護】宇部市大字小串６５番地の１７", "url": "https://www.kaigokensaku.mhlw.go.jp/35/index.php?action_kouhyou_detail_004_kani=true&JigyosyoCd=3570200752-00&ServiceCd=780&Type=search", "url2": "http://www.ocn.nejp/kamihara" }, "geometry": { "type": "Point", "coordinates": [ 131.2533515, 33.9684707 ] } },
{ "type": "Feature", "properties": { "内容": "デイサービス小野湖畔リゾート【地域密着型通所介護】宇部市小野10352-8", "url": "https://www.kaigokensaku.mhlw.go.jp/35/index.php?action_kouhyou_detail_004_kani=true&JigyosyoCd=3570202022-00&ServiceCd=780&Type=search", "url2": "https://katakura-day.com/" }, "geometry": { "type": "Point", "coordinates": [ 131.3051312, 34.0867287 ] } },
{ "type": "Feature", "properties": { "内容": "デイサービス美咲【地域密着型通所介護】宇部市昭和町4丁目2番1号", "url": "https://www.kaigokensaku.mhlw.go.jp/35/index.php?action_kouhyou_detail_004_kani=true&JigyosyoCd=3570202568-00&ServiceCd=780&Type=search", "url2": null }, "geometry": { "type": "Point", "coordinates": [ 131.258318899999949, 33.9356247 ] } },
{ "type": "Feature", "properties": { "内容": "日和庵【地域密着型通所介護】山口県宇部市沼１丁目２－１８", "url": "https://www.kaigokensaku.mhlw.go.jp/35/index.php?action_kouhyou_detail_004_kani=true&JigyosyoCd=3570203079-00&ServiceCd=780&Type=search", "url2": "http://hiyorian.net/" }, "geometry": { "type": "Point", "coordinates": [ 131.264731633729497, 33.963773793608091 ] } },
{ "type": "Feature", "properties": { "内容": "デイサービスかもめ【地域密着型通所介護】山口県宇部市大字上宇部３９番地７", "url": "https://www.kaigokensaku.mhlw.go.jp/35/index.php?action_kouhyou_detail_004_kani=true&JigyosyoCd=3570202261-00&ServiceCd=780&Type=search", "url2": null }, "geometry": { "type": "Point", "coordinates": [ 131.28983, 33.9640998 ] } },
{ "type": "Feature", "properties": { "内容": "茶話本舗デイサービス陽【地域密着型通所介護】宇部市常盤台1丁目20－2", "url": "https://www.kaigokensaku.mhlw.go.jp/35/index.php?action_kouhyou_detail_004_kani=true&JigyosyoCd=3570202360-00&ServiceCd=780&Type=search", "url2": null }, "geometry": { "type": "Point", "coordinates": [ 131.268354641417886, 33.959659487970953 ] } },
{ "type": "Feature", "properties": { "内容": "（有）てご屋デイサービスセンター【地域密着型通所介護】宇部市常盤台1丁目2576番2", "url": "https://www.kaigokensaku.mhlw.go.jp/35/index.php?action_kouhyou_detail_004_kani=true&JigyosyoCd=3590200477-00&ServiceCd=780&Type=search", "url2": "http://www.tegoya.in/" }, "geometry": { "type": "Point", "coordinates": [ 131.267481500000031, 33.9581944 ] } },
{ "type": "Feature", "properties": { "内容": "リハビリ特化型半日ケア　健幸村【地域密着型通所介護】宇部市新天町二丁目３番７号", "url": "https://www.kaigokensaku.mhlw.go.jp/35/index.php?action_kouhyou_detail_004_kani=true&JigyosyoCd=3570202600-00&ServiceCd=780&Type=search", "url2": "https://suenaga-genki.com/healthvillage/" }, "geometry": { "type": "Point", "coordinates": [ 131.250457899999986, 33.9482314 ] } },
{ "type": "Feature", "properties": { "内容": "デイサービスみなみかぜ　厚南店【地域密着型通所介護】山口県宇部市妻崎開作2046-12", "url": "https://www.kaigokensaku.mhlw.go.jp/35/index.php?action_kouhyou_detail_004_kani=true&JigyosyoCd=3590200493-00&ServiceCd=780&Type=search", "url2": "https://sanwa-human.jp/" }, "geometry": { "type": "Point", "coordinates": [ 131.203123119343729, 33.982533943829537 ] } },
{ "type": "Feature", "properties": { "内容": "リハビリ特化型デイサービスFuntoLife【地域密着型通所介護】山口県宇部市西岐波4470-8", "url": "https://www.kaigokensaku.mhlw.go.jp/35/index.php?action_kouhyou_detail_004_kani=true&JigyosyoCd=3590200451-00&ServiceCd=780&Type=search", "url2": "http://hacnamatata.com" }, "geometry": { "type": "Point", "coordinates": [ 131.294613600000048, 33.9431128 ] } },
{ "type": "Feature", "properties": { "内容": "リハビリサポート　ｃａｎｏｎ　常盤店【地域密着型通所介護】宇部市西岐波４７５９－１", "url": "https://www.kaigokensaku.mhlw.go.jp/35/index.php?action_kouhyou_detail_004_kani=true&JigyosyoCd=3570202915-00&ServiceCd=780&Type=search", "url2": null }, "geometry": { "type": "Point", "coordinates": [ 131.29279440555726, 33.951063444895638 ] } },
{ "type": "Feature", "properties": { "内容": "第２宅老所　喜楽苑【地域密着型通所介護】山口県宇部市大字西岐波５２２５番地５", "url": "https://www.kaigokensaku.mhlw.go.jp/35/index.php?action_kouhyou_detail_004_kani=true&JigyosyoCd=3590200352-00&ServiceCd=780&Type=search", "url2": "http//ｍ-kirakuen.com/" }, "geometry": { "type": "Point", "coordinates": [ 131.305114527322445, 33.968227154983381 ] } },
{ "type": "Feature", "properties": { "内容": "デイサービス歩夢【地域密着型通所介護】大字船木1017番地1", "url": "https://www.kaigokensaku.mhlw.go.jp/35/index.php?action_kouhyou_detail_004_kani=true&JigyosyoCd=3590200469-00&ServiceCd=780&Type=search", "url2": "https://aiyuukai-mirai.jp/" }, "geometry": { "type": "Point", "coordinates": [ 131.221473599999968, 34.0422378 ] } },
{ "type": "Feature", "properties": { "内容": "デイサービスセンター未来【地域密着型通所介護】山口県宇部市大字船木1017番地3", "url": "https://www.kaigokensaku.mhlw.go.jp/35/index.php?action_kouhyou_detail_004_kani=true&JigyosyoCd=3590200691-00&ServiceCd=780&Type=search", "url2": "https://aiyuukai-mirai.jp/" }, "geometry": { "type": "Point", "coordinates": [ 131.2220436, 34.0415075 ] } },
{ "type": "Feature", "properties": { "内容": "上宇部デイサービスセンター和喜あいあい【地域密着型通所介護】宇部市中村1丁目3-58", "url": "https://www.kaigokensaku.mhlw.go.jp/35/index.php?action_kouhyou_detail_004_kani=true&JigyosyoCd=3570202881-00&ServiceCd=780&Type=search", "url2": "http://waraku.tyanoyu.net/" }, "geometry": { "type": "Point", "coordinates": [ 131.258959600000026, 33.9658711 ] } },
{ "type": "Feature", "properties": { "内容": "デイサービス　クローバー【地域密着型通所介護】山口県宇部市大字中野開作１８０番４ハートライフ　クローバー", "url": "https://www.kaigokensaku.mhlw.go.jp/35/index.php?action_kouhyou_detail_004_kani=true&JigyosyoCd=3570203152-00&ServiceCd=780&Type=search", "url2": null }, "geometry": { "type": "Point", "coordinates": [ 131.21918919999996, 33.9883016 ] } },
{ "type": "Feature", "properties": { "内容": "デイサービス　波雁ヶ浜【地域密着型通所介護】宇部市大字東岐波1466-6", "url": "https://www.kaigokensaku.mhlw.go.jp/35/index.php?action_kouhyou_detail_004_kani=true&JigyosyoCd=3570202345-00&ServiceCd=780&Type=search", "url2": "https://katakura-day.com/" }, "geometry": { "type": "Point", "coordinates": [ 131.348455699999931, 33.98331 ] } },
{ "type": "Feature", "properties": { "内容": "デイサービス絆【地域密着型通所介護】宇部市八王子町１２－１４", "url": "https://www.kaigokensaku.mhlw.go.jp/35/index.php?action_kouhyou_detail_004_kani=true&JigyosyoCd=3570202550-00&ServiceCd=780&Type=search", "url2": null }, "geometry": { "type": "Point", "coordinates": [ 131.262924099999964, 33.9271729 ] } },
{ "type": "Feature", "properties": { "内容": "デイサービスいろは【地域密着型通所介護】山口県宇部市文京台三丁目17番7号", "url": "https://www.kaigokensaku.mhlw.go.jp/35/index.php?action_kouhyou_detail_004_kani=true&JigyosyoCd=3590200642-00&ServiceCd=780&Type=search", "url2": "https://www.passion-smiles-guidepost.com" }, "geometry": { "type": "Point", "coordinates": [ 131.229756900000012, 33.9808081 ] } },
{ "type": "Feature", "properties": { "内容": "デイサービス釜さん家【地域密着型通所介護】宇部市岬町１丁目６番１７号", "url": "https://www.kaigokensaku.mhlw.go.jp/35/index.php?action_kouhyou_detail_004_kani=true&JigyosyoCd=3570202089-00&ServiceCd=780&Type=search", "url2": null }, "geometry": { "type": "Point", "coordinates": [ 131.262424199999941, 33.9328028 ] } },
{ "type": "Feature", "properties": { "内容": "ほほ笑み　デイサービスセンター【地域密着型通所介護】宇部市大字西岐波229番地の327", "url": "https://www.kaigokensaku.mhlw.go.jp/35/index.php?action_kouhyou_detail_004_kani=true&JigyosyoCd=3570202865-00&ServiceCd=780&Type=search", "url2": "alt-care.net" }, "geometry": { "type": "Point", "coordinates": [ 131.299512600000071, 33.9682134 ] } },
{ "type": "Feature", "properties": { "内容": "あすとぴあほほ笑みデイサービスセンター【地域密着型通所介護】山口県宇部市あすとぴあ7丁目23番10号", "url": "https://www.kaigokensaku.mhlw.go.jp/35/index.php?action_kouhyou_detail_004_kani=true&JigyosyoCd=3570202733-00&ServiceCd=780&Type=search", "url2": "alt-care.net" }, "geometry": { "type": "Point", "coordinates": [ 120.287326600000043, 22.5879991 ] } },
{ "type": "Feature", "properties": { "内容": "神原苑神原デイサービスセンター【地域密着型通所介護】山口県宇部市神原町2丁目4－40地域福祉センター", "url": "https://www.kaigokensaku.mhlw.go.jp/35/index.php?action_kouhyou_detail_004_kani=true&JigyosyoCd=3590200741-00&ServiceCd=780&Type=search", "url2": "http://www.kamiharaen.com" }, "geometry": { "type": "Point", "coordinates": [ 131.26028171349185, 33.948693750199006 ] } },
{ "type": "Feature", "properties": { "内容": "陽だまりのいえデイサービスセンター【地域密着型通所介護】山口県宇部市厚南北三丁目１０番１５－１", "url": "https://www.kaigokensaku.mhlw.go.jp/35/index.php?action_kouhyou_detail_004_kani=true&JigyosyoCd=3571600349-00&ServiceCd=780&Type=search", "url2": null }, "geometry": { "type": "Point", "coordinates": [ 131.212222800000063, 34.000636299999989 ] } },
{ "type": "Feature", "properties": { "内容": "デイサービス万倉健康センター【地域密着型通所介護】宇部市大字西万倉１６９０－２", "url": "https://www.kaigokensaku.mhlw.go.jp/35/index.php?action_kouhyou_detail_004_kani=true&JigyosyoCd=3570201560-00&ServiceCd=780&Type=search", "url2": "https://www.nozomi-ltd.com" }, "geometry": { "type": "Point", "coordinates": [ 131.240860052418839, 34.069312282878805 ] } },
{ "type": "Feature", "properties": { "内容": "デイサービスなごみ【地域密着型通所介護】草江２丁目5-1", "url": "https://www.kaigokensaku.mhlw.go.jp/35/index.php?action_kouhyou_detail_004_kani=true&JigyosyoCd=3570203111-00&ServiceCd=780&Type=search", "url2": "http://www.nagominokai.com/" }, "geometry": { "type": "Point", "coordinates": [ 131.274720200000047, 33.939418 ] } },
{ "type": "Feature", "properties": { "内容": "デイサービス笑鶴【地域密着型通所介護】山口県宇部市床波4丁目11-29-2", "url": "https://www.kaigokensaku.mhlw.go.jp/35/index.php?action_kouhyou_detail_004_kani=true&JigyosyoCd=3590200618-00&ServiceCd=780&Type=search", "url2": null }, "geometry": { "type": "Point", "coordinates": [ 131.314440091401679, 33.956009990608763 ] } },
{ "type": "Feature", "properties": { "内容": "けあsmile【地域密着型通所介護】山口県宇部市恩田町一丁目4-29", "url": "https://www.kaigokensaku.mhlw.go.jp/35/index.php?action_kouhyou_detail_004_kani=true&JigyosyoCd=3590200725-00&ServiceCd=780&Type=search", "url2": null }, "geometry": { "type": "Point", "coordinates": [ 131.2630882, 33.9430376 ] } },
{ "type": "Feature", "properties": { "内容": "ゆうらく園通所介護事業所【地域密着型通所介護】山口市楠木町1-26", "url": "https://www.kaigokensaku.mhlw.go.jp/35/index.php?action_kouhyou_detail_004_kani=true&JigyosyoCd=3570301741-00&ServiceCd=780&Type=search", "url2": "http://yuurakuen@jimdo.com" }, "geometry": { "type": "Point", "coordinates": [ 131.455862600000046, 34.1703434 ] } },
{ "type": "Feature", "properties": { "内容": "阿東リハ【地域密着型通所介護】山口県山口市阿東徳佐中3434-1", "url": "https://www.kaigokensaku.mhlw.go.jp/35/index.php?action_kouhyou_detail_004_kani=true&JigyosyoCd=3590300574-00&ServiceCd=780&Type=search", "url2": "https://kokomate.org/dayservice/" }, "geometry": { "type": "Point", "coordinates": [ 131.7218066, 34.397737 ] } },
{ "type": "Feature", "properties": { "内容": "デイサービスゆうの里こもれび館【地域密着型通所介護】山口県山口市大内御堀3302-3", "url": "https://www.kaigokensaku.mhlw.go.jp/35/index.php?action_kouhyou_detail_004_kani=true&JigyosyoCd=3590300582-00&ServiceCd=780&Type=search", "url2": null }, "geometry": { "type": "Point", "coordinates": [ 131.498463022615056, 34.142290693134655 ] } },
{ "type": "Feature", "properties": { "内容": "デイサービスしばちゃん結【地域密着型通所介護】山口県山口市阿東生雲中372-8", "url": "https://www.kaigokensaku.mhlw.go.jp/35/index.php?action_kouhyou_detail_004_kani=true&JigyosyoCd=3590300590-00&ServiceCd=780&Type=search", "url2": "https://d-shibachan.com/" }, "geometry": { "type": "Point", "coordinates": [ 131.6001325, 34.381199 ] } },
{ "type": "Feature", "properties": { "内容": "デイサービス花咲美【地域密着型通所介護】山口県山口市大内矢田北六丁目4番26号", "url": "https://www.kaigokensaku.mhlw.go.jp/35/index.php?action_kouhyou_detail_004_kani=true&JigyosyoCd=3590300608-00&ServiceCd=780&Type=search", "url2": "http://ds-kazami.com/" }, "geometry": { "type": "Point", "coordinates": [ 131.51190840000001, 34.1539399 ] } },
{ "type": "Feature", "properties": { "内容": "デイサービスこうなん温泉【地域密着型通所介護】山口市楠木町４番４２号", "url": "https://www.kaigokensaku.mhlw.go.jp/35/index.php?action_kouhyou_detail_004_kani=true&JigyosyoCd=3570302210-00&ServiceCd=780&Type=search", "url2": null }, "geometry": { "type": "Point", "coordinates": [ 131.453965700000026, 34.1691962 ] } },
{ "type": "Feature", "properties": { "内容": "宅老所あじす喜楽苑【地域密着型通所介護】山口市阿知須３２５７－２１", "url": "https://www.kaigokensaku.mhlw.go.jp/35/index.php?action_kouhyou_detail_004_kani=true&JigyosyoCd=3570302137-00&ServiceCd=780&Type=search", "url2": null }, "geometry": { "type": "Point", "coordinates": [ 131.363464600000043, 34.0105189 ] } },
{ "type": "Feature", "properties": { "内容": "ライフケアデイサービスあじす【地域密着型通所介護】山口市阿知須浜表南5312-1住宅型有料老人ホーム　ゆめの里あじす　ライフケアデイサービスあじす", "url": "https://www.kaigokensaku.mhlw.go.jp/35/index.php?action_kouhyou_detail_004_kani=true&JigyosyoCd=3570302434-00&ServiceCd=780&Type=search", "url2": "http://www.yumesanyo.jp/" }, "geometry": { "type": "Point", "coordinates": [ 131.349402, 34.010696300000021 ] } },
{ "type": "Feature", "properties": { "内容": "デイサービスしばちゃん【地域密着型通所介護】山口県山口市阿東地福下879-1", "url": "https://www.kaigokensaku.mhlw.go.jp/35/index.php?action_kouhyou_detail_004_kani=true&JigyosyoCd=3590300558-00&ServiceCd=780&Type=search", "url2": "https://d-shibachan.com/" }, "geometry": { "type": "Point", "coordinates": [ 131.640584, 34.350091 ] } },
{ "type": "Feature", "properties": { "内容": "脳活性化デイサービス　ポインセチア【地域密着型通所介護】山口市駅通り二丁目３番２４号", "url": "https://www.kaigokensaku.mhlw.go.jp/35/index.php?action_kouhyou_detail_004_kani=true&JigyosyoCd=3570302855-00&ServiceCd=780&Type=search", "url2": "http://www.yamaguchibyouin.jp/" }, "geometry": { "type": "Point", "coordinates": [ 131.478790299999986, 34.174665899999937 ] } },
{ "type": "Feature", "properties": { "内容": "デイサービスきたえるーむ山口中央【地域密着型通所介護】山口市黄金町12-7", "url": "https://www.kaigokensaku.mhlw.go.jp/35/index.php?action_kouhyou_detail_004_kani=true&JigyosyoCd=3590300525-00&ServiceCd=780&Type=search", "url2": "https://kitaeroom.com/" }, "geometry": { "type": "Point", "coordinates": [ 131.4754743, 34.1702762 ] } },
{ "type": "Feature", "properties": { "内容": "はるかぜデイサービスセンター【地域密着型通所介護】山口市嘉川4471", "url": "https://www.kaigokensaku.mhlw.go.jp/35/index.php?action_kouhyou_detail_004_kani=true&JigyosyoCd=3570302194-00&ServiceCd=780&Type=search", "url2": "http://www.shinjin-kai.org" }, "geometry": { "type": "Point", "coordinates": [ 131.370518299999958, 34.064482900000016 ] } },
{ "type": "Feature", "properties": { "内容": "よしき悠々苑デイサービスセンター【地域密着型通所介護】山口市吉敷佐畑四丁目8番1号", "url": "https://www.kaigokensaku.mhlw.go.jp/35/index.php?action_kouhyou_detail_004_kani=true&JigyosyoCd=3570300255-00&ServiceCd=780&Type=search", "url2": "https://care-net.biz/35/yoshiki-yuuyuuen/" }, "geometry": { "type": "Point", "coordinates": [ 131.428243800000018, 34.1687066 ] } },
{ "type": "Feature", "properties": { "内容": "デイサービス・さんコープ湯田【地域密着型通所介護】山口県山口市熊野町5番17号", "url": "https://www.kaigokensaku.mhlw.go.jp/35/index.php?action_kouhyou_detail_004_kani=true&JigyosyoCd=3590300327-00&ServiceCd=780&Type=search", "url2": "https://www.san-coop.jp" }, "geometry": { "type": "Point", "coordinates": [ 131.459065199999941, 34.1681409 ] } },
{ "type": "Feature", "properties": { "内容": "まごころの家デイサービスセンター【地域密着型通所介護】山口市江崎2471番地8", "url": "https://www.kaigokensaku.mhlw.go.jp/35/index.php?action_kouhyou_detail_004_kani=true&JigyosyoCd=3570301600-00&ServiceCd=780&Type=search", "url2": "http://www.shinjin-kai.org/" }, "geometry": { "type": "Point", "coordinates": [ 131.366058376057481, 34.063387304165069 ] } },
{ "type": "Feature", "properties": { "内容": "ライフケアデイサービス【地域密着型通所介護】山口県山口市黒川81-2", "url": "https://www.kaigokensaku.mhlw.go.jp/35/index.php?action_kouhyou_detail_004_kani=true&JigyosyoCd=3570302145-00&ServiceCd=780&Type=search", "url2": "http://www.yumesanyo.jp/" }, "geometry": { "type": "Point", "coordinates": [ 131.432969500000013, 34.137359599999989 ] } },
{ "type": "Feature", "properties": { "内容": "賀宝の里白松苑デイサービスセンター【地域密着型通所介護】山口市佐山158番地", "url": "https://www.kaigokensaku.mhlw.go.jp/35/index.php?action_kouhyou_detail_004_kani=true&JigyosyoCd=3570301386-00&ServiceCd=780&Type=search", "url2": "https://www.hakusyoen.jp/sayama/kagaho" }, "geometry": { "type": "Point", "coordinates": [ 131.350200699999959, 34.0496921 ] } },
{ "type": "Feature", "properties": { "内容": "デイサービスあいお【地域密着型通所介護】山口県山口市秋穂西３３２３番地", "url": "https://www.kaigokensaku.mhlw.go.jp/35/index.php?action_kouhyou_detail_004_kani=true&JigyosyoCd=3570301287-00&ServiceCd=780&Type=search", "url2": "http://shiosai-aio.com/" }, "geometry": { "type": "Point", "coordinates": [ 131.4159287, 34.0150833 ] } },
{ "type": "Feature", "properties": { "内容": "若菜デイサービス【地域密着型通所介護】山口市小郡下郷３０７－２", "url": "https://www.kaigokensaku.mhlw.go.jp/35/index.php?action_kouhyou_detail_004_kani=true&JigyosyoCd=3570301543-00&ServiceCd=780&Type=search", "url2": "http://www.kamura-clinic.com" }, "geometry": { "type": "Point", "coordinates": [ 131.398623499999985, 34.1062953 ] } },
{ "type": "Feature", "properties": { "内容": "リハビリ特化型デイサービス　クローバーライフ【地域密着型通所介護】山口県山口市小郡上郷１７４５番地５", "url": "https://www.kaigokensaku.mhlw.go.jp/35/index.php?action_kouhyou_detail_004_kani=true&JigyosyoCd=3590300459-00&ServiceCd=780&Type=search", "url2": null }, "geometry": { "type": "Point", "coordinates": [ 131.416552599999989, 34.1299299 ] } },
{ "type": "Feature", "properties": { "内容": "デイサービスセンター　カイゴのチカラ　泉都町【地域密着型通所介護】山口県山口市泉都町8番31号", "url": "https://www.kaigokensaku.mhlw.go.jp/35/index.php?action_kouhyou_detail_004_kani=true&JigyosyoCd=3570302723-00&ServiceCd=780&Type=search", "url2": "http:/kaigonochikara.jp/" }, "geometry": { "type": "Point", "coordinates": [ 131.4631048, 34.1661867 ] } },
{ "type": "Feature", "properties": { "内容": "大市デイサービスセンター【地域密着型通所介護】山口県山口市大市町1－28", "url": "https://www.kaigokensaku.mhlw.go.jp/35/index.php?action_kouhyou_detail_004_kani=true&JigyosyoCd=3570301782-00&ServiceCd=780&Type=search", "url2": null }, "geometry": { "type": "Point", "coordinates": [ 131.479242900000031, 34.1793905 ] } },
{ "type": "Feature", "properties": { "内容": "株式会社きんもくせい【地域密着型通所介護】山口県山口市大内御堀4331番地23", "url": "https://www.kaigokensaku.mhlw.go.jp/35/index.php?action_kouhyou_detail_004_kani=true&JigyosyoCd=3570302350-00&ServiceCd=780&Type=search", "url2": "http://kinmokusei-yamaguchi.jp/" }, "geometry": { "type": "Point", "coordinates": [ 131.497269500000016, 34.1338176 ] } },
{ "type": "Feature", "properties": { "内容": "デイサービスゆうの里ひだまり館【地域密着型通所介護】山口県山口市大内御堀5－10－5ブレストハウスV", "url": "https://www.kaigokensaku.mhlw.go.jp/35/index.php?action_kouhyou_detail_004_kani=true&JigyosyoCd=3590300491-00&ServiceCd=780&Type=search", "url2": null }, "geometry": { "type": "Point", "coordinates": [ 131.48797780000001, 34.1635901 ] } },
{ "type": "Feature", "properties": { "内容": "デイサービスゆうの里あったか館【地域密着型通所介護】山口県山口市大内千坊一丁目6番14号", "url": "https://www.kaigokensaku.mhlw.go.jp/35/index.php?action_kouhyou_detail_004_kani=true&JigyosyoCd=3570302780-00&ServiceCd=780&Type=search", "url2": null }, "geometry": { "type": "Point", "coordinates": [ 131.480638035581933, 34.162950777375094 ] } },
{ "type": "Feature", "properties": { "内容": "デイサービスゆうの里ぬくもり館【地域密着型通所介護】大内千坊一丁目6番33号", "url": "https://www.kaigokensaku.mhlw.go.jp/35/index.php?action_kouhyou_detail_004_kani=true&JigyosyoCd=3590300301-00&ServiceCd=780&Type=search", "url2": null }, "geometry": { "type": "Point", "coordinates": [ 131.480627738169687, 34.163069137549662 ] } },
{ "type": "Feature", "properties": { "内容": "デイサービスゆうの里なごみ館【地域密着型通所介護】山口市大内千坊一丁目8番8号", "url": "https://www.kaigokensaku.mhlw.go.jp/35/index.php?action_kouhyou_detail_004_kani=true&JigyosyoCd=3570302178-00&ServiceCd=780&Type=search", "url2": null }, "geometry": { "type": "Point", "coordinates": [ 131.481395178395957, 34.162896338757761 ] } },
{ "type": "Feature", "properties": { "内容": "ウィンズタウン大内デイサービスセンター【地域密着型通所介護】山口市大内長野８１４－１ウインズタウン大内", "url": "https://www.kaigokensaku.mhlw.go.jp/35/index.php?action_kouhyou_detail_004_kani=true&JigyosyoCd=3570302467-00&ServiceCd=780&Type=search", "url2": "http://wins-town.com/" }, "geometry": { "type": "Point", "coordinates": [ 131.516028900000038, 34.1588507 ] } },
{ "type": "Feature", "properties": { "内容": "相川医院デイサービス【地域密着型通所介護】山口県山口市鋳銭司6000-１", "url": "https://www.kaigokensaku.mhlw.go.jp/35/index.php?action_kouhyou_detail_004_kani=true&JigyosyoCd=3570303010-00&ServiceCd=780&Type=search", "url2": null }, "geometry": { "type": "Point", "coordinates": [ 131.4662707, 34.0856231 ] } },
{ "type": "Feature", "properties": { "内容": "HotSpring【地域密着型通所介護】山口市湯田温泉一丁目１番３号ReLife湯田温泉　１F", "url": "https://www.kaigokensaku.mhlw.go.jp/35/index.php?action_kouhyou_detail_004_kani=true&JigyosyoCd=3570301832-00&ServiceCd=780&Type=search", "url2": "http://www.suiseikai.org" }, "geometry": { "type": "Point", "coordinates": [ 131.460160076501836, 34.166229725476235 ] } },
{ "type": "Feature", "properties": { "内容": "デイサービス湯のまち倶楽部【地域密着型通所介護】山口県山口市湯田温泉4-6-13", "url": "https://www.kaigokensaku.mhlw.go.jp/35/index.php?action_kouhyou_detail_004_kani=true&JigyosyoCd=3570302947-00&ServiceCd=780&Type=search", "url2": "http://veryhuman.jp/" }, "geometry": { "type": "Point", "coordinates": [ 131.454179827508597, 34.163421235256578 ] } },
{ "type": "Feature", "properties": { "内容": "デイサービスられる【地域密着型通所介護】山口市道場門前2丁目2－32", "url": "https://www.kaigokensaku.mhlw.go.jp/35/index.php?action_kouhyou_detail_004_kani=true&JigyosyoCd=3570302111-00&ServiceCd=780&Type=search", "url2": null }, "geometry": { "type": "Point", "coordinates": [ 131.476087900000039, 34.174527 ] } },
{ "type": "Feature", "properties": { "内容": "デイサービスセンター　にじの滝【地域密着型通所介護】山口県山口市下小鯖1339番地16高齢者・障がい者・福祉複合施設にじの滝", "url": "https://www.kaigokensaku.mhlw.go.jp/35/index.php?action_kouhyou_detail_004_kani=true&JigyosyoCd=3570302897-00&ServiceCd=780&Type=search", "url2": "nijinotaki@mx.tiki.ne.jp" }, "geometry": { "type": "Point", "coordinates": [ 131.532740200000035, 34.1204376 ] } },
{ "type": "Feature", "properties": { "内容": "一の坂デイサービスセンター（離れ）【地域密着型通所介護】山口県山口市後河原155番地", "url": "https://www.kaigokensaku.mhlw.go.jp/35/index.php?action_kouhyou_detail_004_kani=true&JigyosyoCd=3590300442-00&ServiceCd=780&Type=search", "url2": "http//www.kizuna-y.jp" }, "geometry": { "type": "Point", "coordinates": [ 131.477359799999988, 34.1813804 ] } },
{ "type": "Feature", "properties": { "内容": "ウィンズタウン大内　喜郷デイサービスセンター【地域密着型通所介護】山口県山口市大内長野1558-1ウィンズタウン大内　喜郷", "url": "https://www.kaigokensaku.mhlw.go.jp/35/index.php?action_kouhyou_detail_004_kani=true&JigyosyoCd=3570303077-00&ServiceCd=780&Type=search", "url2": "http：//wins-town.com/" }, "geometry": { "type": "Point", "coordinates": [ 131.517249147885195, 34.163705900000011 ] } },
{ "type": "Feature", "properties": { "内容": "ライフケアデイサービス　はぎ【地域密着型通所介護】萩市椿東2942－13", "url": "https://www.kaigokensaku.mhlw.go.jp/35/index.php?action_kouhyou_detail_004_kani=true&JigyosyoCd=3570400683-00&ServiceCd=780&Type=search", "url2": "http://www.yumesanyo.jp/" }, "geometry": { "type": "Point", "coordinates": [ 131.412042299999939, 34.4144542 ] } },
{ "type": "Feature", "properties": { "内容": "萩市デイサービスセンターみしま【地域密着型通所介護】山口県萩市見島35-1", "url": "https://www.kaigokensaku.mhlw.go.jp/35/index.php?action_kouhyou_detail_004_kani=true&JigyosyoCd=3570400402-00&ServiceCd=780&Type=search", "url2": "http://hagi-kagayaki.or.jp" }, "geometry": { "type": "Point", "coordinates": [ 131.150183100000049, 34.76272220000002 ] } },
{ "type": "Feature", "properties": { "内容": "デイサービス　旭の郷【地域密着型通所介護】萩市佐々並2494-1", "url": "https://www.kaigokensaku.mhlw.go.jp/35/index.php?action_kouhyou_detail_004_kani=true&JigyosyoCd=3570400725-00&ServiceCd=780&Type=search", "url2": "https://okaseikei-hospital.con" }, "geometry": { "type": "Point", "coordinates": [ 131.458056700000043, 34.2844016 ] } },
{ "type": "Feature", "properties": { "内容": "デイサービス健・康の郷【地域密着型通所介護】山口県萩市大字椿東11189-18", "url": "https://www.kaigokensaku.mhlw.go.jp/35/index.php?action_kouhyou_detail_004_kani=true&JigyosyoCd=3590400135-00&ServiceCd=780&Type=search", "url2": null }, "geometry": { "type": "Point", "coordinates": [ 131.43124, 34.4180187 ] } },
{ "type": "Feature", "properties": { "内容": "リハビリ型デイサービスステップ【地域密着型通所介護】山口県萩市大字椿東２６３７番地１", "url": "https://www.kaigokensaku.mhlw.go.jp/35/index.php?action_kouhyou_detail_004_kani=true&JigyosyoCd=3570400741-00&ServiceCd=780&Type=search", "url2": null }, "geometry": { "type": "Point", "coordinates": [ 131.411760754631047, 34.411461725647541 ] } },
{ "type": "Feature", "properties": { "内容": "ちはるえんデイサービスセンター【地域密着型通所介護】萩市大字明木４７８１番地の１", "url": "https://www.kaigokensaku.mhlw.go.jp/35/index.php?action_kouhyou_detail_004_kani=true&JigyosyoCd=3578100319-00&ServiceCd=780&Type=search", "url2": null }, "geometry": { "type": "Point", "coordinates": [ 131.420324, 34.3596736 ] } },
{ "type": "Feature", "properties": { "内容": "デイサービスセンターかわかみ苑【地域密着型通所介護】山口県萩市川上４９２１番地の１", "url": "https://www.kaigokensaku.mhlw.go.jp/35/index.php?action_kouhyou_detail_004_kani=true&JigyosyoCd=3578100210-00&ServiceCd=780&Type=search", "url2": "https://kawakamien.jp/" }, "geometry": { "type": "Point", "coordinates": [ 131.477503899999988, 34.3587996 ] } },
{ "type": "Feature", "properties": { "内容": "デイサービス　えがおの森【地域密着型通所介護】防府市大字仁井令668-2", "url": "https://www.kaigokensaku.mhlw.go.jp/35/index.php?action_kouhyou_detail_004_kani=true&JigyosyoCd=3570601629-00&ServiceCd=780&Type=search", "url2": null }, "geometry": { "type": "Point", "coordinates": [ 131.557723493254088, 34.0405116 ] } },
{ "type": "Feature", "properties": { "内容": "あ・す・もデイサービスセンター【地域密着型通所介護】山口県防府市酢貝6-7", "url": "https://www.kaigokensaku.mhlw.go.jp/35/index.php?action_kouhyou_detail_004_kani=true&JigyosyoCd=3570602056-00&ServiceCd=780&Type=search", "url2": null }, "geometry": { "type": "Point", "coordinates": [ 131.597931199999948, 34.0574236 ] } },
{ "type": "Feature", "properties": { "内容": "ケアビレッジスワン【地域密着型通所介護】防府市真尾735-2ケアビレッジスワン", "url": "https://www.kaigokensaku.mhlw.go.jp/35/index.php?action_kouhyou_detail_004_kani=true&JigyosyoCd=3570601371-00&ServiceCd=780&Type=search", "url2": null }, "geometry": { "type": "Point", "coordinates": [ 131.599977, 34.103294700000035 ] } },
{ "type": "Feature", "properties": { "内容": "デイサービス宝寿【地域密着型通所介護】山口県防府市岩畠２丁目８－３６", "url": "https://www.kaigokensaku.mhlw.go.jp/35/index.php?action_kouhyou_detail_004_kani=true&JigyosyoCd=3570601934-00&ServiceCd=780&Type=search", "url2": "http://www.carefukuda.com/" }, "geometry": { "type": "Point", "coordinates": [ 131.59452060000001, 34.0611839 ] } },
{ "type": "Feature", "properties": { "内容": "へスティア華城機能訓練デイサービスセンター【地域密着型通所介護】山口県防府市大字伊佐江1569番1", "url": "https://www.kaigokensaku.mhlw.go.jp/35/index.php?action_kouhyou_detail_004_kani=true&JigyosyoCd=3590600486-00&ServiceCd=780&Type=search", "url2": "http://kaseikai.com/" }, "geometry": { "type": "Point", "coordinates": [ 131.544131, 34.040622 ] } },
{ "type": "Feature", "properties": { "内容": "デイサービスセンター　なんてん【地域密着型通所介護】山口県防府市大字下右田1035番地", "url": "https://www.kaigokensaku.mhlw.go.jp/35/index.php?action_kouhyou_detail_004_kani=true&JigyosyoCd=3590600460-00&ServiceCd=780&Type=search", "url2": "https://tuna-gari.com/" }, "geometry": { "type": "Point", "coordinates": [ 131.5643245, 34.0765165 ] } },
{ "type": "Feature", "properties": { "内容": "Ｌapi　あそ兵衛【地域密着型通所介護】桑南２丁目５-４８", "url": "https://www.kaigokensaku.mhlw.go.jp/35/index.php?action_kouhyou_detail_004_kani=true&JigyosyoCd=3590600320-00&ServiceCd=780&Type=search", "url2": null }, "geometry": { "type": "Point", "coordinates": [ 131.557871200000022, 34.0420308 ] } },
{ "type": "Feature", "properties": { "内容": "さんこーぷ・でいさーびすここえみ【地域密着型通所介護】山口県防府市西仁井令１－２１－６５", "url": "https://www.kaigokensaku.mhlw.go.jp/35/index.php?action_kouhyou_detail_004_kani=true&JigyosyoCd=3590600312-00&ServiceCd=780&Type=search", "url2": "http:／／ｗｗｗ．san-coop.jp" }, "geometry": { "type": "Point", "coordinates": [ 131.5685062, 34.0554705 ] } },
{ "type": "Feature", "properties": { "内容": "杜のぽとふ【地域密着型通所介護】山口県防府市大字切畑394番地", "url": "https://www.kaigokensaku.mhlw.go.jp/35/index.php?action_kouhyou_detail_004_kani=true&JigyosyoCd=3590600478-00&ServiceCd=780&Type=search", "url2": "https://www.potofu-ytnm.com/wish.html" }, "geometry": { "type": "Point", "coordinates": [ 131.5033458, 34.0795629 ] } },
{ "type": "Feature", "properties": { "内容": "株式会社　ふれあいの家なかにし【地域密着型通所介護】中西１番１７号", "url": "https://www.kaigokensaku.mhlw.go.jp/35/index.php?action_kouhyou_detail_004_kani=true&JigyosyoCd=3570601736-00&ServiceCd=780&Type=search", "url2": null }, "geometry": { "type": "Point", "coordinates": [ 131.5988615, 34.0615942 ] } },
{ "type": "Feature", "properties": { "内容": "デイサービス　はぴね防府【地域密着型通所介護】防府市大字田島1460番地の4", "url": "https://www.kaigokensaku.mhlw.go.jp/35/index.php?action_kouhyou_detail_004_kani=true&JigyosyoCd=3570601850-00&ServiceCd=780&Type=search", "url2": "http://www.ｇreenlife-inc.co.jp/" }, "geometry": { "type": "Point", "coordinates": [ 131.547025328172367, 34.022861310929407 ] } },
{ "type": "Feature", "properties": { "内容": "デイサービス　かがやき【地域密着型通所介護】山口県防府市大字田島３３７９‐１", "url": "https://www.kaigokensaku.mhlw.go.jp/35/index.php?action_kouhyou_detail_004_kani=true&JigyosyoCd=3570601280-00&ServiceCd=780&Type=search", "url2": null }, "geometry": { "type": "Point", "coordinates": [ 131.527133400000025, 34.0066279 ] } },
{ "type": "Feature", "properties": { "内容": "きんこうデイサービスセンター【地域密着型通所介護】山口県防府市大字田島４３３番地", "url": "https://www.kaigokensaku.mhlw.go.jp/35/index.php?action_kouhyou_detail_004_kani=true&JigyosyoCd=3590600447-00&ServiceCd=780&Type=search", "url2": null }, "geometry": { "type": "Point", "coordinates": [ 131.551760300000012, 34.0240206 ] } },
{ "type": "Feature", "properties": { "内容": "デイサービスひだまり【地域密着型通所介護】山口県防府市牟礼今宿1丁目11-18", "url": "https://www.kaigokensaku.mhlw.go.jp/35/index.php?action_kouhyou_detail_004_kani=true&JigyosyoCd=3570602049-00&ServiceCd=780&Type=search", "url2": "http://k-houyuukai.com/" }, "geometry": { "type": "Point", "coordinates": [ 131.598875600000042, 34.0556489 ] } },
{ "type": "Feature", "properties": { "内容": "憩いの里　　デイサービスセンター【地域密着型通所介護】防府市千日一丁目5-44", "url": "https://www.kaigokensaku.mhlw.go.jp/35/index.php?action_kouhyou_detail_004_kani=true&JigyosyoCd=3571501216-00&ServiceCd=780&Type=search", "url2": null }, "geometry": { "type": "Point", "coordinates": [ 131.560992681422505, 34.057286834393885 ] } },
{ "type": "Feature", "properties": { "内容": "デイサービス　岩畠【地域密着型通所介護】防府市岩畠２-４-２３", "url": "https://www.kaigokensaku.mhlw.go.jp/35/index.php?action_kouhyou_detail_004_kani=true&JigyosyoCd=3570601272-00&ServiceCd=780&Type=search", "url2": "http://carefukuda.com/" }, "geometry": { "type": "Point", "coordinates": [ 131.594492800000012, 34.0608034 ] } },
{ "type": "Feature", "properties": { "内容": "デイサービス　真【地域密着型通所介護】防府市中央町2-5岸本ビル２階", "url": "https://www.kaigokensaku.mhlw.go.jp/35/index.php?action_kouhyou_detail_004_kani=true&JigyosyoCd=3570601769-00&ServiceCd=780&Type=search", "url2": null }, "geometry": { "type": "Point", "coordinates": [ 131.571197699999971, 34.0518544 ] } },
{ "type": "Feature", "properties": { "内容": "デイホーム土屋下松【地域密着型通所介護】山口県下松市藤光町1丁目19－4", "url": "https://www.kaigokensaku.mhlw.go.jp/35/index.php?action_kouhyou_detail_004_kani=true&JigyosyoCd=3590700237-00&ServiceCd=780&Type=search", "url2": "https://day-tsuchiya.com/day-kudamatsu/" }, "geometry": { "type": "Point", "coordinates": [ 131.867158100000012, 34.0251651 ] } },
{ "type": "Feature", "properties": { "内容": "ディサービス　和【地域密着型通所介護】下松市望町３丁目４－２４", "url": "https://www.kaigokensaku.mhlw.go.jp/35/index.php?action_kouhyou_detail_004_kani=true&JigyosyoCd=3570700892-00&ServiceCd=780&Type=search", "url2": null }, "geometry": { "type": "Point", "coordinates": [ 131.859056600000031, 34.0274312 ] } },
{ "type": "Feature", "properties": { "内容": "運動特化型デイサービスさんて【地域密着型通所介護】山口県岩国市南岩国町1丁目24-59-1", "url": "https://www.kaigokensaku.mhlw.go.jp/35/index.php?action_kouhyou_detail_004_kani=true&JigyosyoCd=3590800532-00&ServiceCd=780&Type=search", "url2": "https://sante-iwakuni.com" }, "geometry": { "type": "Point", "coordinates": [ 132.2014565, 34.1341264 ] } },
{ "type": "Feature", "properties": { "内容": "美川苑デイサービスセンター【地域密着型通所介護】山口県岩国市美川町小川437-1", "url": "https://www.kaigokensaku.mhlw.go.jp/35/index.php?action_kouhyou_detail_004_kani=true&JigyosyoCd=3577200334-00&ServiceCd=780&Type=search", "url2": "http://mikawa-en.com/" }, "geometry": { "type": "Point", "coordinates": [ 132.000744, 34.2422228 ] } },
{ "type": "Feature", "properties": { "内容": "ケアホーム　といろ【地域密着型通所介護】山口県岩国市玖珂町９９２", "url": "https://www.kaigokensaku.mhlw.go.jp/35/index.php?action_kouhyou_detail_004_kani=true&JigyosyoCd=3577200763-00&ServiceCd=780&Type=search", "url2": null }, "geometry": { "type": "Point", "coordinates": [ 132.085453899999948, 34.0954199 ] } },
{ "type": "Feature", "properties": { "内容": "宅老所　風の便り【地域密着型通所介護】岩国市平田２－１８－１２", "url": "https://www.kaigokensaku.mhlw.go.jp/35/index.php?action_kouhyou_detail_004_kani=true&JigyosyoCd=3570800965-00&ServiceCd=780&Type=search", "url2": "http://kaze2005.com/" }, "geometry": { "type": "Point", "coordinates": [ 132.175513099999989, 34.1445083 ] } },
{ "type": "Feature", "properties": { "内容": "緑風荘デイサービスセンター【地域密着型通所介護】山口県岩国市由宇町3018番地1", "url": "https://www.kaigokensaku.mhlw.go.jp/35/index.php?action_kouhyou_detail_004_kani=true&JigyosyoCd=3590800540-00&ServiceCd=780&Type=search", "url2": "http://ryokufuukai.net/" }, "geometry": { "type": "Point", "coordinates": [ 132.1628365, 34.0281524 ] } },
{ "type": "Feature", "properties": { "内容": "リハビリデイサービスにしいわくに【地域密着型通所介護】山口県岩国市岩国３－１３－５クラール１Ｆ", "url": "https://www.kaigokensaku.mhlw.go.jp/35/index.php?action_kouhyou_detail_004_kani=true&JigyosyoCd=3570802052-00&ServiceCd=780&Type=search", "url2": null }, "geometry": { "type": "Point", "coordinates": [ 132.184883600000035, 34.1627064 ] } },
{ "type": "Feature", "properties": { "内容": "デイサービスセンター灘海園【地域密着型通所介護】山口県岩国市愛宕町一丁目５番１号", "url": "https://www.kaigokensaku.mhlw.go.jp/35/index.php?action_kouhyou_detail_004_kani=true&JigyosyoCd=3570801872-00&ServiceCd=780&Type=search", "url2": "https://jigyodan-yg.jp/nadami/" }, "geometry": { "type": "Point", "coordinates": [ 132.199479824847486, 34.145843839770087 ] } },
{ "type": "Feature", "properties": { "内容": "ﾃﾞｲｻｰﾋﾞｽきらら【地域密着型通所介護】岩国市岩国2-7-4", "url": "https://www.kaigokensaku.mhlw.go.jp/35/index.php?action_kouhyou_detail_004_kani=true&JigyosyoCd=3570801542-00&ServiceCd=780&Type=search", "url2": null }, "geometry": { "type": "Point", "coordinates": [ 132.179997899999989, 34.1634784 ] } },
{ "type": "Feature", "properties": { "内容": "運動特化型デイサービスふぁいと【地域密着型通所介護】岩国２－７－４", "url": "https://www.kaigokensaku.mhlw.go.jp/35/index.php?action_kouhyou_detail_004_kani=true&JigyosyoCd=3570801989-00&ServiceCd=780&Type=search", "url2": "http://www.kirara2828.com/" }, "geometry": { "type": "Point", "coordinates": [ 132.179879882803306, 34.163638194021871 ] } },
{ "type": "Feature", "properties": { "内容": "デイグリーンいわくに【地域密着型通所介護】岩国市錦見8丁目２３－１", "url": "https://www.kaigokensaku.mhlw.go.jp/35/index.php?action_kouhyou_detail_004_kani=true&JigyosyoCd=3570801732-00&ServiceCd=780&Type=search", "url2": "http://www.fukushi-greencoop.or.jp/" }, "geometry": { "type": "Point", "coordinates": [ 132.201926800000024, 34.1625482 ] } },
{ "type": "Feature", "properties": { "内容": "ささみ園【地域密着型通所介護】玖珂町4981-1", "url": "https://www.kaigokensaku.mhlw.go.jp/35/index.php?action_kouhyou_detail_004_kani=true&JigyosyoCd=3590800490-00&ServiceCd=780&Type=search", "url2": null }, "geometry": { "type": "Point", "coordinates": [ 132.0851693, 34.0918234 ] } },
{ "type": "Feature", "properties": { "内容": "デイサービス　ただいま【地域密着型通所介護】岩国市玖珂町4991-1", "url": "https://www.kaigokensaku.mhlw.go.jp/35/index.php?action_kouhyou_detail_004_kani=true&JigyosyoCd=3570801807-00&ServiceCd=780&Type=search", "url2": null }, "geometry": { "type": "Point", "coordinates": [ 132.086473299999966, 34.0932646 ] } },
{ "type": "Feature", "properties": { "内容": "エブリデイサービス【地域密着型通所介護】御庄1丁目107番6", "url": "https://www.kaigokensaku.mhlw.go.jp/35/index.php?action_kouhyou_detail_004_kani=true&JigyosyoCd=3590800425-00&ServiceCd=780&Type=search", "url2": null }, "geometry": { "type": "Point", "coordinates": [ 132.148953500000061, 34.1659213 ] } },
{ "type": "Feature", "properties": { "内容": "いこいふじ【地域密着型通所介護】岩国市室の木町4丁目1－1", "url": "https://www.kaigokensaku.mhlw.go.jp/35/index.php?action_kouhyou_detail_004_kani=true&JigyosyoCd=3570801880-00&ServiceCd=780&Type=search", "url2": "icoifuji@gmail.com" }, "geometry": { "type": "Point", "coordinates": [ 132.21013098954927, 34.169701145607959 ] } },
{ "type": "Feature", "properties": { "内容": "デイサービスセンター　ティエラ【地域密着型通所介護】岩国市多田三丁目１０４－２", "url": "https://www.kaigokensaku.mhlw.go.jp/35/index.php?action_kouhyou_detail_004_kani=true&JigyosyoCd=3570801252-00&ServiceCd=780&Type=search", "url2": "なし" }, "geometry": { "type": "Point", "coordinates": [ 132.168970700000045, 34.1809067 ] } },
{ "type": "Feature", "properties": { "内容": "デイサービスきらく【地域密着型通所介護】岩国市美和町渋前603番地2", "url": "https://www.kaigokensaku.mhlw.go.jp/35/index.php?action_kouhyou_detail_004_kani=true&JigyosyoCd=3577200771-00&ServiceCd=780&Type=search", "url2": "http://www15.plala.or.jp/nagomi/" }, "geometry": { "type": "Point", "coordinates": [ 132.100822599999987, 34.2241679 ] } },
{ "type": "Feature", "properties": { "内容": "本郷デイサービスセンター【地域密着型通所介護】岩国市本郷町本郷2090", "url": "https://www.kaigokensaku.mhlw.go.jp/35/index.php?action_kouhyou_detail_004_kani=true&JigyosyoCd=3570801179-00&ServiceCd=780&Type=search", "url2": null }, "geometry": { "type": "Point", "coordinates": [ 132.039398500000061, 34.2936346 ] } },
{ "type": "Feature", "properties": { "内容": "デイサービスセンターはーと・ふれんど関戸【地域密着型通所介護】関戸一丁目１０５番地２９", "url": "https://www.kaigokensaku.mhlw.go.jp/35/index.php?action_kouhyou_detail_004_kani=true&JigyosyoCd=3570801757-00&ServiceCd=780&Type=search", "url2": null }, "geometry": { "type": "Point", "coordinates": [ 132.172946700000011, 34.1858405 ] } },
{ "type": "Feature", "properties": { "内容": "通所介護事業所ハートフラワー岩国【地域密着型通所介護】山口県岩国市柱野832-1", "url": "https://www.kaigokensaku.mhlw.go.jp/35/index.php?action_kouhyou_detail_004_kani=true&JigyosyoCd=3590800417-00&ServiceCd=780&Type=search", "url2": "https://www.heart-lc.com/" }, "geometry": { "type": "Point", "coordinates": [ 132.1486026, 34.1349505 ] } },
{ "type": "Feature", "properties": { "内容": "ゆの里デイサービスセンター【地域密着型通所介護】山口県岩国市由宇町南沖１丁目１０－２５", "url": "https://www.kaigokensaku.mhlw.go.jp/35/index.php?action_kouhyou_detail_004_kani=true&JigyosyoCd=3570801559-00&ServiceCd=780&Type=search", "url2": "younosato2827@canvas.ocn.ne.jp" }, "geometry": { "type": "Point", "coordinates": [ 132.215206699999982, 34.0406684 ] } },
{ "type": "Feature", "properties": { "内容": "光デイサービスセンター【地域密着型通所介護】山口県光市虹ヶ丘2丁目21番22号", "url": "https://www.kaigokensaku.mhlw.go.jp/35/index.php?action_kouhyou_detail_004_kani=true&JigyosyoCd=3571000441-00&ServiceCd=780&Type=search", "url2": "http://www12.ocn.ne.jp/~kaigoya/" }, "geometry": { "type": "Point", "coordinates": [ 131.912703400000026, 33.9743771 ] } },
{ "type": "Feature", "properties": { "内容": "地域密着型通所介護　デイサービス自由きまま【地域密着型通所介護】山口県光市上島田7丁目11-17", "url": "https://www.kaigokensaku.mhlw.go.jp/35/index.php?action_kouhyou_detail_004_kani=true&JigyosyoCd=3591000298-00&ServiceCd=780&Type=search", "url2": "https://jiyuukimama.jp/" }, "geometry": { "type": "Point", "coordinates": [ 131.9657464, 33.9926258 ] } },
{ "type": "Feature", "properties": { "内容": "デイサービスセンター　やまとの光【地域密着型通所介護】山口県光市岩田２２８０番地５", "url": "https://www.kaigokensaku.mhlw.go.jp/35/index.php?action_kouhyou_detail_004_kani=true&JigyosyoCd=3571000755-00&ServiceCd=780&Type=search", "url2": "http://yamatonohikari.clinic-yamaguchi.com" }, "geometry": { "type": "Point", "coordinates": [ 131.992929351247113, 33.985458766349026 ] } },
{ "type": "Feature", "properties": { "内容": "地域密着型デイサービスセンターひかり苑【地域密着型通所介護】山口県光市大字三井１０４６番地１", "url": "https://www.kaigokensaku.mhlw.go.jp/35/index.php?action_kouhyou_detail_004_kani=true&JigyosyoCd=3591000173-00&ServiceCd=780&Type=search", "url2": "http://www.hikari-en.jp" }, "geometry": { "type": "Point", "coordinates": [ 131.950916099999972, 33.992715200000021 ] } },
{ "type": "Feature", "properties": { "内容": "リバーサイド【地域密着型通所介護】山口県光市三井6丁目１８番1号", "url": "https://www.kaigokensaku.mhlw.go.jp/35/index.php?action_kouhyou_detail_004_kani=true&JigyosyoCd=3591000249-00&ServiceCd=780&Type=search", "url2": "https://www.yayoi-km.jp" }, "geometry": { "type": "Point", "coordinates": [ 131.9527778, 33.9881878 ] } },
{ "type": "Feature", "properties": { "内容": "地域密着型デイサービスセンターきらら光【地域密着型通所介護】山口県光市小周防1656−8", "url": "https://www.kaigokensaku.mhlw.go.jp/35/index.php?action_kouhyou_detail_004_kani=true&JigyosyoCd=3591000199-00&ServiceCd=780&Type=search", "url2": "http://yu-kikai.org/" }, "geometry": { "type": "Point", "coordinates": [ 131.977999800000021, 34.0188587 ] } },
{ "type": "Feature", "properties": { "内容": "地域密着型デイサービスきらら光3号館【地域密着型通所介護】山口県光市小周防1658−1", "url": "https://www.kaigokensaku.mhlw.go.jp/35/index.php?action_kouhyou_detail_004_kani=true&JigyosyoCd=3591000280-00&ServiceCd=780&Type=search", "url2": "http://yu-kikai.org/" }, "geometry": { "type": "Point", "coordinates": [ 131.9783385, 34.0180386 ] } },
{ "type": "Feature", "properties": { "内容": "市川デイサービスセンターサポートひかり【地域密着型通所介護】光市中央3丁目2番13号", "url": "https://www.kaigokensaku.mhlw.go.jp/35/index.php?action_kouhyou_detail_004_kani=true&JigyosyoCd=3571000078-00&ServiceCd=780&Type=search", "url2": "http://koujinkai-ichikawaiin.jimdo.com/" }, "geometry": { "type": "Point", "coordinates": [ 131.945903700000031, 33.9590971 ] } },
{ "type": "Feature", "properties": { "内容": "デイサービス　古き良き一丁目【地域密着型通所介護】山口県光市虹ケ丘３丁目２２－３６", "url": "https://www.kaigokensaku.mhlw.go.jp/35/index.php?action_kouhyou_detail_004_kani=true&JigyosyoCd=3571000748-00&ServiceCd=780&Type=search", "url2": "http://goodandlives.com/" }, "geometry": { "type": "Point", "coordinates": [ 131.910917299999937, 33.9782349 ] } },
{ "type": "Feature", "properties": { "内容": "介護予防デイサービス　ふれまち虹の家【地域密着型通所介護】光市虹ヶ丘3丁目3-15", "url": "https://www.kaigokensaku.mhlw.go.jp/35/index.php?action_kouhyou_detail_004_kani=true&JigyosyoCd=3571000524-00&ServiceCd=780&Type=search", "url2": "http://hikari-shakyo.or/jp" }, "geometry": { "type": "Point", "coordinates": [ 131.914180900000019, 33.9782434 ] } },
{ "type": "Feature", "properties": { "内容": "和光苑デイサービスセンター【地域密着型通所介護】光市大字立野字花ノ木826", "url": "https://www.kaigokensaku.mhlw.go.jp/35/index.php?action_kouhyou_detail_004_kani=true&JigyosyoCd=3571000243-00&ServiceCd=780&Type=search", "url2": "https://wakouen-hikari.jp" }, "geometry": { "type": "Point", "coordinates": [ 131.972564, 33.9976153 ] } },
{ "type": "Feature", "properties": { "内容": "ひとやすみ【地域密着型通所介護】長門市西深川４２９－２", "url": "https://www.kaigokensaku.mhlw.go.jp/35/index.php?action_kouhyou_detail_004_kani=true&JigyosyoCd=3571100308-00&ServiceCd=780&Type=search", "url2": null }, "geometry": { "type": "Point", "coordinates": [ 131.1659929, 34.3713006 ] } },
{ "type": "Feature", "properties": { "内容": "デイサービス　ゆったり【地域密着型通所介護】長門市渋木1503番地", "url": "https://www.kaigokensaku.mhlw.go.jp/35/index.php?action_kouhyou_detail_004_kani=true&JigyosyoCd=3571100423-00&ServiceCd=780&Type=search", "url2": null }, "geometry": { "type": "Point", "coordinates": [ 131.201133949073807, 34.306703831182965 ] } },
{ "type": "Feature", "properties": { "内容": "デイサービス　ハナトツキ【地域密着型通所介護】山口県長門市西深川1761番地1", "url": "https://www.kaigokensaku.mhlw.go.jp/35/index.php?action_kouhyou_detail_004_kani=true&JigyosyoCd=3591100107-00&ServiceCd=780&Type=search", "url2": "https://ouka.life/" }, "geometry": { "type": "Point", "coordinates": [ 131.16689116441799, 34.370272834872715 ] } },
{ "type": "Feature", "properties": { "内容": "長門市社協かよいデイサービスセンター【地域密着型通所介護】山口県長門市通８３０番地", "url": "https://www.kaigokensaku.mhlw.go.jp/35/index.php?action_kouhyou_detail_004_kani=true&JigyosyoCd=3571100530-00&ServiceCd=780&Type=search", "url2": "http://www.nagatoshakyo.jp" }, "geometry": { "type": "Point", "coordinates": [ 131.255162199999972, 34.4225742 ] } },
{ "type": "Feature", "properties": { "内容": "いそしばデイサービス【地域密着型通所介護】山口県長門市東深川５２５番地１", "url": "https://www.kaigokensaku.mhlw.go.jp/35/index.php?action_kouhyou_detail_004_kani=true&JigyosyoCd=3571100548-00&ServiceCd=780&Type=search", "url2": "https://ouka.life/" }, "geometry": { "type": "Point", "coordinates": [ 131.191399, 34.382321600000026 ] } },
{ "type": "Feature", "properties": { "内容": "小規模デイサービス　虹【地域密着型通所介護】山口県長門市油谷久富1867番地", "url": "https://www.kaigokensaku.mhlw.go.jp/35/index.php?action_kouhyou_detail_004_kani=true&JigyosyoCd=3571100365-00&ServiceCd=780&Type=search", "url2": null }, "geometry": { "type": "Point", "coordinates": [ 131.078231471963306, 34.364790841406965 ] } },
{ "type": "Feature", "properties": { "内容": "デイサ－ビスセンタ－ＡＳＯＫＡやない【地域密着型通所介護】山口県柳井市柳井4896-1", "url": "https://www.kaigokensaku.mhlw.go.jp/35/index.php?action_kouhyou_detail_004_kani=true&JigyosyoCd=3571200694-00&ServiceCd=780&Type=search", "url2": "http://www.saisyokai.or.jp/" }, "geometry": { "type": "Point", "coordinates": [ 132.099772135581929, 33.972092467960515 ] } },
{ "type": "Feature", "properties": { "内容": "大畠苑デイサービスセンター【地域密着型通所介護】山口県柳井市遠崎10412-4", "url": "https://www.kaigokensaku.mhlw.go.jp/35/index.php?action_kouhyou_detail_004_kani=true&JigyosyoCd=3577200185-00&ServiceCd=780&Type=search", "url2": "https://senjukai-oobatakeen.jp/" }, "geometry": { "type": "Point", "coordinates": [ 132.157817199999954, 33.9586825 ] } },
{ "type": "Feature", "properties": { "内容": "山根宅老所　ぼちぼち【地域密着型通所介護】柳井市山根6番16号", "url": "https://www.kaigokensaku.mhlw.go.jp/35/index.php?action_kouhyou_detail_004_kani=true&JigyosyoCd=3571200678-00&ServiceCd=780&Type=search", "url2": "http://bochi2.exblog.jp/19252158/" }, "geometry": { "type": "Point", "coordinates": [ 132.117565799999966, 33.9688908 ] } },
{ "type": "Feature", "properties": { "内容": "デイサービス　ほのか【地域密着型通所介護】柳井市新庄1568番地1", "url": "https://www.kaigokensaku.mhlw.go.jp/35/index.php?action_kouhyou_detail_004_kani=true&JigyosyoCd=3571200652-00&ServiceCd=780&Type=search", "url2": null }, "geometry": { "type": "Point", "coordinates": [ 132.08141250873723, 33.970938707241594 ] } },
{ "type": "Feature", "properties": { "内容": "リハプライド柳井【地域密着型通所介護】山口県柳井市南町5-1-1", "url": "https://www.kaigokensaku.mhlw.go.jp/35/index.php?action_kouhyou_detail_004_kani=true&JigyosyoCd=3591200070-00&ServiceCd=780&Type=search", "url2": "http://www.rehapride.co.jp/yanai/" }, "geometry": { "type": "Point", "coordinates": [ 132.104227809262056, 33.961653927402999 ] } },
{ "type": "Feature", "properties": { "内容": "デイサービスセンター一陽【地域密着型通所介護】山口県柳井市南町7丁目9番1号セレネコーワビル1階", "url": "https://www.kaigokensaku.mhlw.go.jp/35/index.php?action_kouhyou_detail_004_kani=true&JigyosyoCd=3571200710-00&ServiceCd=780&Type=search", "url2": null }, "geometry": { "type": "Point", "coordinates": [ 132.0989333, 33.9631139 ] } },
{ "type": "Feature", "properties": { "内容": "社会福祉法人柳井市社会福祉協議会平郡デイサービスセンター【地域密着型通所介護】柳井市平郡1824-2", "url": "https://www.kaigokensaku.mhlw.go.jp/35/index.php?action_kouhyou_detail_004_kani=true&JigyosyoCd=3571200447-00&ServiceCd=780&Type=search", "url2": null }, "geometry": { "type": "Point", "coordinates": [ 132.257969900000035, 33.7810396 ] } },
{ "type": "Feature", "properties": { "内容": "株式会社エス・エス・ケイ【地域密着型通所介護】山口県美祢市美東町真名11521番地4", "url": "https://www.kaigokensaku.mhlw.go.jp/35/index.php?action_kouhyou_detail_004_kani=true&JigyosyoCd=3591300094-00&ServiceCd=780&Type=search", "url2": "http//mitounomori.jp" }, "geometry": { "type": "Point", "coordinates": [ 131.32904910000002, 34.1743493 ] } },
{ "type": "Feature", "properties": { "内容": "デイサービス　慈愛の里【地域密着型通所介護】美祢市美東町大田5960-5", "url": "https://www.kaigokensaku.mhlw.go.jp/35/index.php?action_kouhyou_detail_004_kani=true&JigyosyoCd=3577900123-00&ServiceCd=780&Type=search", "url2": "http://www.himawari-co.jp/jiainosato/index.html" }, "geometry": { "type": "Point", "coordinates": [ 131.3422716711639, 34.2241116644635 ] } },
{ "type": "Feature", "properties": { "内容": "みのり園デイサービスセンター【地域密着型通所介護】美祢市於福町上4017-1番地", "url": "https://www.kaigokensaku.mhlw.go.jp/35/index.php?action_kouhyou_detail_004_kani=true&JigyosyoCd=3571300049-00&ServiceCd=780&Type=search", "url2": "https://www.f-doho.com" }, "geometry": { "type": "Point", "coordinates": [ 131.206672799999978, 34.2521472 ] } },
{ "type": "Feature", "properties": { "内容": "青景園デイサービスセンター【地域密着型通所介護】美祢市秋芳町青景1873番地", "url": "https://www.kaigokensaku.mhlw.go.jp/35/index.php?action_kouhyou_detail_004_kani=true&JigyosyoCd=3577900032-00&ServiceCd=780&Type=search", "url2": "https://aokage52.jp" }, "geometry": { "type": "Point", "coordinates": [ 131.278329, 34.2719531 ] } },
{ "type": "Feature", "properties": { "内容": "デイサービスセンター　ありがとう　音館【地域密着型通所介護】山口県美祢市大嶺町東分1003番地1", "url": "https://www.kaigokensaku.mhlw.go.jp/35/index.php?action_kouhyou_detail_004_kani=true&JigyosyoCd=3571300403-00&ServiceCd=780&Type=search", "url2": "fuki-arigatou.com/" }, "geometry": { "type": "Point", "coordinates": [ 131.212374899999986, 34.1803427 ] } },
{ "type": "Feature", "properties": { "内容": "デイサービス　幸せの時間【地域密着型通所介護】山口県美祢市大嶺町東分2916番地1", "url": "https://www.kaigokensaku.mhlw.go.jp/35/index.php?action_kouhyou_detail_004_kani=true&JigyosyoCd=3591300102-00&ServiceCd=780&Type=search", "url2": "https://yuuyuullc.localinfo.jp/" }, "geometry": { "type": "Point", "coordinates": [ 131.200990998445832, 34.165484123181763 ] } },
{ "type": "Feature", "properties": { "内容": "デイサービスセンターどれみ【地域密着型通所介護】山口県美祢市大嶺町東分３１２９番地１", "url": "https://www.kaigokensaku.mhlw.go.jp/35/index.php?action_kouhyou_detail_004_kani=true&JigyosyoCd=3571300411-00&ServiceCd=780&Type=search", "url2": null }, "geometry": { "type": "Point", "coordinates": [ 131.201564648657239, 34.169436543623199 ] } },
{ "type": "Feature", "properties": { "内容": "みとう悠々苑デイサービスセンター【地域密着型通所介護】山口県美祢市美東町大田5378番地1", "url": "https://www.kaigokensaku.mhlw.go.jp/35/index.php?action_kouhyou_detail_004_kani=true&JigyosyoCd=3577900057-00&ServiceCd=780&Type=search", "url2": null }, "geometry": { "type": "Point", "coordinates": [ 131.343196199999966, 34.2217164 ] } },
{ "type": "Feature", "properties": { "内容": "幸嶺園デイサービスセンター【地域密着型通所介護】山口県美祢市伊佐町伊佐字下田5656-1", "url": "https://www.kaigokensaku.mhlw.go.jp/35/index.php?action_kouhyou_detail_004_kani=true&JigyosyoCd=3571300056-00&ServiceCd=780&Type=search", "url2": "http://www.shubikai.com/shubikai/index.html" }, "geometry": { "type": "Point", "coordinates": [ 131.2000957277954, 34.164122533027381 ] } },
{ "type": "Feature", "properties": { "内容": "デイサービス　さわやか【地域密着型通所介護】周南市大字下上133番地の17", "url": "https://www.kaigokensaku.mhlw.go.jp/35/index.php?action_kouhyou_detail_004_kani=true&JigyosyoCd=3571500457-00&ServiceCd=780&Type=search", "url2": "https://carehome-sawayaka.com/" }, "geometry": { "type": "Point", "coordinates": [ 131.786281700000018, 34.090129 ] } },
{ "type": "Feature", "properties": { "内容": "あゆむデイサービスセンター【地域密着型通所介護】下上976-8", "url": "https://www.kaigokensaku.mhlw.go.jp/35/index.php?action_kouhyou_detail_004_kani=true&JigyosyoCd=3591500446-00&ServiceCd=780&Type=search", "url2": "http://www.egao-1day.com/" }, "geometry": { "type": "Point", "coordinates": [ 131.771434, 34.083016300000025 ] } },
{ "type": "Feature", "properties": { "内容": "デイサービスセンターあとらす【地域密着型通所介護】山口県周南市大字久米４４７番地", "url": "https://www.kaigokensaku.mhlw.go.jp/35/index.php?action_kouhyou_detail_004_kani=true&JigyosyoCd=3571501042-00&ServiceCd=780&Type=search", "url2": null }, "geometry": { "type": "Point", "coordinates": [ 131.856376332771333, 34.040552878975383 ] } },
{ "type": "Feature", "properties": { "内容": "デイサービスセンターきらら【地域密着型通所介護】山口県周南市櫛ヶ浜字下塩田463－5", "url": "https://www.kaigokensaku.mhlw.go.jp/35/index.php?action_kouhyou_detail_004_kani=true&JigyosyoCd=3591500339-00&ServiceCd=780&Type=search", "url2": "https://www.yuusei0801.co.jp/index.html" }, "geometry": { "type": "Point", "coordinates": [ 131.830440806359917, 34.024459880023755 ] } },
{ "type": "Feature", "properties": { "内容": "えがおデイサービスセンター【地域密着型通所介護】山口県周南市室尾2丁目8-33", "url": "https://www.kaigokensaku.mhlw.go.jp/35/index.php?action_kouhyou_detail_004_kani=true&JigyosyoCd=3571501513-00&ServiceCd=780&Type=search", "url2": "https://www.egao-1day.com/" }, "geometry": { "type": "Point", "coordinates": [ 131.729977599999984, 34.0648879 ] } },
{ "type": "Feature", "properties": { "内容": "デイサービスセンターくすのき【地域密着型通所介護】山口県周南市城ヶ丘三丁目6番1号", "url": "https://www.kaigokensaku.mhlw.go.jp/35/index.php?action_kouhyou_detail_004_kani=true&JigyosyoCd=3571501539-00&ServiceCd=780&Type=search", "url2": "http://koujinkai-tokuyou.jimdo.com/" }, "geometry": { "type": "Point", "coordinates": [ 131.8415245, 34.0431182 ] } },
{ "type": "Feature", "properties": { "内容": "デイサービスセンター春【地域密着型通所介護】周南市新清光台４丁目１番１３号", "url": "https://www.kaigokensaku.mhlw.go.jp/35/index.php?action_kouhyou_detail_004_kani=true&JigyosyoCd=3571500382-00&ServiceCd=780&Type=search", "url2": "https://haru-kuturogi.com/" }, "geometry": { "type": "Point", "coordinates": [ 131.950979500000017, 34.0340612 ] } },
{ "type": "Feature", "properties": { "内容": "ＪＡﾃﾞｲｻｰﾋﾞｽ須々万ぺんぎん【地域密着型通所介護】山口県周南市須々万本郷２５０２番地", "url": "https://www.kaigokensaku.mhlw.go.jp/35/index.php?action_kouhyou_detail_004_kani=true&JigyosyoCd=3571501448-00&ServiceCd=780&Type=search", "url2": "http://www.ｊａ-ｓｙｕｎａｎ.ｏｒ.ｊｐ" }, "geometry": { "type": "Point", "coordinates": [ 131.860852099999988, 34.1153202 ] } },
{ "type": "Feature", "properties": { "内容": "デイサービスセンターぜろ庵【地域密着型通所介護】須々万本郷687-7", "url": "https://www.kaigokensaku.mhlw.go.jp/35/index.php?action_kouhyou_detail_004_kani=true&JigyosyoCd=3591500404-00&ServiceCd=780&Type=search", "url2": null }, "geometry": { "type": "Point", "coordinates": [ 131.872925058951125, 34.118671652365201 ] } },
{ "type": "Feature", "properties": { "内容": "デイサービスセンター須々万【地域密着型通所介護】周南市大字須々万本郷６８８－１", "url": "https://www.kaigokensaku.mhlw.go.jp/35/index.php?action_kouhyou_detail_004_kani=true&JigyosyoCd=3571500762-00&ServiceCd=780&Type=search", "url2": null }, "geometry": { "type": "Point", "coordinates": [ 131.872881499999949, 34.1181367 ] } },
{ "type": "Feature", "properties": { "内容": "周南市須金老人デイサービスセンター【地域密着型通所介護】山口県周南市大字須万2488", "url": "https://www.kaigokensaku.mhlw.go.jp/35/index.php?action_kouhyou_detail_004_kani=true&JigyosyoCd=3570500334-00&ServiceCd=780&Type=search", "url2": null }, "geometry": { "type": "Point", "coordinates": [ 131.923741582863386, 34.201002192309822 ] } },
{ "type": "Feature", "properties": { "内容": "デイサービス　とーか【地域密着型通所介護】政所四丁目10番21号", "url": "https://www.kaigokensaku.mhlw.go.jp/35/index.php?action_kouhyou_detail_004_kani=true&JigyosyoCd=3591500438-00&ServiceCd=780&Type=search", "url2": "http://www.to-ka.co.jp" }, "geometry": { "type": "Point", "coordinates": [ 131.7728526, 34.0746443 ] } },
{ "type": "Feature", "properties": { "内容": "周南市大津島老人デイサービスセンター【地域密着型通所介護】周南市大字大津島221番地", "url": "https://www.kaigokensaku.mhlw.go.jp/35/index.php?action_kouhyou_detail_004_kani=true&JigyosyoCd=3570500326-00&ServiceCd=780&Type=search", "url2": "https://www.shunan-jigyodan.jp" }, "geometry": { "type": "Point", "coordinates": [ 131.70435950000001, 34.0070034 ] } },
{ "type": "Feature", "properties": { "内容": "福寿荘デイサービスセンター【地域密着型通所介護】山口県周南市大字米光361番地福寿荘デイサービスセンター", "url": "https://www.kaigokensaku.mhlw.go.jp/35/index.php?action_kouhyou_detail_004_kani=true&JigyosyoCd=3571400047-00&ServiceCd=780&Type=search", "url2": "http://www.shinnanyofukushi.com" }, "geometry": { "type": "Point", "coordinates": [ 131.722045200000025, 34.1369534 ] } },
{ "type": "Feature", "properties": { "内容": "デイサービス絆　周南【地域密着型通所介護】山口県周南市大字須々万奥544番地8", "url": "https://www.kaigokensaku.mhlw.go.jp/35/index.php?action_kouhyou_detail_004_kani=true&JigyosyoCd=3591500370-00&ServiceCd=780&Type=search", "url2": null }, "geometry": { "type": "Point", "coordinates": [ 131.884572100000014, 34.1177146 ] } },
{ "type": "Feature", "properties": { "内容": "まんてんデイサービスセンター【地域密着型通所介護】山口県周南市呼坂字東下馬場1194番地", "url": "https://www.kaigokensaku.mhlw.go.jp/35/index.php?action_kouhyou_detail_004_kani=true&JigyosyoCd=3571500267-00&ServiceCd=780&Type=search", "url2": null }, "geometry": { "type": "Point", "coordinates": [ 131.954493183060436, 34.042584619624371 ] } },
{ "type": "Feature", "properties": { "内容": "デイサービスであい【地域密着型通所介護】山口県周南市福川中市町8番32号", "url": "https://www.kaigokensaku.mhlw.go.jp/35/index.php?action_kouhyou_detail_004_kani=true&JigyosyoCd=3570301311-00&ServiceCd=780&Type=search", "url2": "http://tokuseikai.or.jp/fukugawadayori1/" }, "geometry": { "type": "Point", "coordinates": [ 131.734324297064177, 34.074155195559008 ] } },
{ "type": "Feature", "properties": { "内容": "デイサービス　湯野温泉【地域密着型通所介護】山口県周南市大字湯野4203番地の6サービス付き高齢者向け住宅　湯野温泉", "url": "https://www.kaigokensaku.mhlw.go.jp/35/index.php?action_kouhyou_detail_004_kani=true&JigyosyoCd=3571501554-00&ServiceCd=780&Type=search", "url2": "http://www.chitokukai.com" }, "geometry": { "type": "Point", "coordinates": [ 131.674936500000058, 34.0940568 ] } },
{ "type": "Feature", "properties": { "内容": "デイサービス　あすか【地域密着型通所介護】山陽小野田市鴨庄７６番地3", "url": "https://www.kaigokensaku.mhlw.go.jp/35/index.php?action_kouhyou_detail_004_kani=true&JigyosyoCd=3571600562-00&ServiceCd=780&Type=search", "url2": null }, "geometry": { "type": "Point", "coordinates": [ 131.159636800000044, 34.0597904 ] } },
{ "type": "Feature", "properties": { "内容": "訪問介護　エガオ【地域密着型通所介護】大字小野田4839-1健幸ホーム", "url": "https://www.kaigokensaku.mhlw.go.jp/35/index.php?action_kouhyou_detail_004_kani=true&JigyosyoCd=3591600238-00&ServiceCd=780&Type=search", "url2": null }, "geometry": { "type": "Point", "coordinates": [ 131.1807892, 33.9626607 ] } },
{ "type": "Feature", "properties": { "内容": "デイサービス　ライフ【地域密着型通所介護】旭町　１丁目5-1デイサービス　ライフ", "url": "https://www.kaigokensaku.mhlw.go.jp/35/index.php?action_kouhyou_detail_004_kani=true&JigyosyoCd=3591600311-00&ServiceCd=780&Type=search", "url2": null }, "geometry": { "type": "Point", "coordinates": [ 131.181747954141628, 33.998580858801731 ] } },
{ "type": "Feature", "properties": { "内容": "デイサービスゆう【地域密着型通所介護】山口県山陽小野田市西高泊758-1", "url": "https://www.kaigokensaku.mhlw.go.jp/35/index.php?action_kouhyou_detail_004_kani=true&JigyosyoCd=3591600287-00&ServiceCd=780&Type=search", "url2": "https://www.yuyukai-llc.com" }, "geometry": { "type": "Point", "coordinates": [ 131.168285533699077, 34.008769637613469 ] } },
{ "type": "Feature", "properties": { "内容": "セカンドハウス陽だまりのいえ【地域密着型通所介護】山口県山陽小野田市大字小野田１１３１５番４７", "url": "https://www.kaigokensaku.mhlw.go.jp/35/index.php?action_kouhyou_detail_004_kani=true&JigyosyoCd=3571600448-00&ServiceCd=780&Type=search", "url2": null }, "geometry": { "type": "Point", "coordinates": [ 131.171587899999963, 33.9461435 ] } },
{ "type": "Feature", "properties": { "内容": "リハビリデイサービスたんぽぽ【地域密着型通所介護】山口県山陽小野田市くし山1-17-20", "url": "https://www.kaigokensaku.mhlw.go.jp/35/index.php?action_kouhyou_detail_004_kani=true&JigyosyoCd=3571600323-00&ServiceCd=780&Type=search", "url2": "kenbunkai-yamaguchi.jp" }, "geometry": { "type": "Point", "coordinates": [ 131.182348920968195, 34.011194122562451 ] } },
{ "type": "Feature", "properties": { "内容": "株式会社要会【地域密着型通所介護】山口県山陽小野田市大字郡3191-1", "url": "https://www.kaigokensaku.mhlw.go.jp/35/index.php?action_kouhyou_detail_004_kani=true&JigyosyoCd=3591600303-00&ServiceCd=780&Type=search", "url2": null }, "geometry": { "type": "Point", "coordinates": [ 131.14369259999998, 34.02288650000002 ] } },
{ "type": "Feature", "properties": { "内容": "あさひデイサービスセンター【地域密着型通所介護】山陽小野田市大字小野田字入道石1135-46", "url": "https://www.kaigokensaku.mhlw.go.jp/35/index.php?action_kouhyou_detail_004_kani=true&JigyosyoCd=3571600315-00&ServiceCd=780&Type=search", "url2": null }, "geometry": { "type": "Point", "coordinates": [ 131.159867234773287, 33.960671493285083 ] } },
{ "type": "Feature", "properties": { "内容": "よりあい処岬デイサービスセンター【地域密着型通所介護】山口県山陽小野田市大字小野田字1ノ薄笹36-10", "url": "https://www.kaigokensaku.mhlw.go.jp/35/index.php?action_kouhyou_detail_004_kani=true&JigyosyoCd=3571600737-00&ServiceCd=780&Type=search", "url2": null }, "geometry": { "type": "Point", "coordinates": [ 131.17823153253849, 33.935205644198845 ] } },
{ "type": "Feature", "properties": { "内容": "よりあい処本山デイサービスセンター【地域密着型通所介護】山口県山陽小野田市大字小野田726-1", "url": "https://www.kaigokensaku.mhlw.go.jp/35/index.php?action_kouhyou_detail_004_kani=true&JigyosyoCd=3571600372-00&ServiceCd=780&Type=search", "url2": "https://yoriaidokoro.jp" }, "geometry": { "type": "Point", "coordinates": [ 131.166654876749618, 33.947249083949785 ] } },
{ "type": "Feature", "properties": { "内容": "デイサービスあさひ【地域密着型通所介護】山陽小野田市大字小野田743-1", "url": "https://www.kaigokensaku.mhlw.go.jp/35/index.php?action_kouhyou_detail_004_kani=true&JigyosyoCd=3571600778-00&ServiceCd=780&Type=search", "url2": null }, "geometry": { "type": "Point", "coordinates": [ 131.166641906576501, 33.948217231504529 ] } },
{ "type": "Feature", "properties": { "内容": "よりあい処焼野デイサービスセンター【地域密着型通所介護】山陽小野田市大字小野田3208-1", "url": "https://www.kaigokensaku.mhlw.go.jp/35/index.php?action_kouhyou_detail_004_kani=true&JigyosyoCd=3571600513-00&ServiceCd=780&Type=search", "url2": null }, "geometry": { "type": "Point", "coordinates": [ 131.177147499203585, 33.952265026265557 ] } },
{ "type": "Feature", "properties": { "内容": "こころデイサービスセンター【地域密着型通所介護】山陽小野田市大字小野田字入道石1135番63", "url": "https://www.kaigokensaku.mhlw.go.jp/35/index.php?action_kouhyou_detail_004_kani=true&JigyosyoCd=3571600430-00&ServiceCd=780&Type=search", "url2": "http://kawamura-fs.com/asahi02.html" }, "geometry": { "type": "Point", "coordinates": [ 131.15992029078518, 33.960849881823513 ] } },
{ "type": "Feature", "properties": { "内容": "デイサービス　晴【地域密着型通所介護】山陽小野田市大字西高泊１４６７番", "url": "https://www.kaigokensaku.mhlw.go.jp/35/index.php?action_kouhyou_detail_004_kani=true&JigyosyoCd=3571600570-00&ServiceCd=780&Type=search", "url2": "http://care-service-you.com/day.service.haru/index.html" }, "geometry": { "type": "Point", "coordinates": [ 131.161793100000068, 34.0051544 ] } },
{ "type": "Feature", "properties": { "内容": "デイサービスいこい【地域密着型通所介護】山口県山陽小野田市中央2－5－9", "url": "https://www.kaigokensaku.mhlw.go.jp/35/index.php?action_kouhyou_detail_004_kani=true&JigyosyoCd=3571600760-00&ServiceCd=780&Type=search", "url2": null }, "geometry": { "type": "Point", "coordinates": [ 131.177647, 33.9785386 ] } },
{ "type": "Feature", "properties": { "内容": "デイサービスセンターきらら【地域密着型通所介護】山口県山陽小野田市有帆662-11", "url": "https://www.kaigokensaku.mhlw.go.jp/35/index.php?action_kouhyou_detail_004_kani=true&JigyosyoCd=3570900211-00&ServiceCd=780&Type=search", "url2": "http://41kaigo.com" }, "geometry": { "type": "Point", "coordinates": [ 131.1956318, 34.0267611 ] } },
{ "type": "Feature", "properties": { "内容": "デイサービス　そらり【地域密着型通所介護】山口県山陽小野田市大字西高泊1334番地1", "url": "https://www.kaigokensaku.mhlw.go.jp/35/index.php?action_kouhyou_detail_004_kani=true&JigyosyoCd=3571600687-00&ServiceCd=780&Type=search", "url2": "http://hayakawanaika.com/" }, "geometry": { "type": "Point", "coordinates": [ 131.17069121468046, 34.002035209971851 ] } },
{ "type": "Feature", "properties": { "内容": "デイサービスとら【地域密着型通所介護】山口県山陽小野田市大字津布田1759-3", "url": "https://www.kaigokensaku.mhlw.go.jp/35/index.php?action_kouhyou_detail_004_kani=true&JigyosyoCd=3591600337-00&ServiceCd=780&Type=search", "url2": null }, "geometry": { "type": "Point", "coordinates": [ 131.1082821, 34.0284404 ] } },
{ "type": "Feature", "properties": { "内容": "デイサービスセンターであい【地域密着型通所介護】大字山川1338-8", "url": "https://www.kaigokensaku.mhlw.go.jp/35/index.php?action_kouhyou_detail_004_kani=true&JigyosyoCd=3571600869-00&ServiceCd=780&Type=search", "url2": null }, "geometry": { "type": "Point", "coordinates": [ 131.153240099999948, 34.059832 ] } },
{ "type": "Feature", "properties": { "内容": "デイサービスセンターいこい苑【地域密着型通所介護】大島郡周防大島町大字小松133番地1", "url": "https://www.kaigokensaku.mhlw.go.jp/35/index.php?action_kouhyou_detail_004_kani=true&JigyosyoCd=3577100120-00&ServiceCd=780&Type=search", "url2": "http://satsukikai-oshima.com/ikoien/" }, "geometry": { "type": "Point", "coordinates": [ 132.196356299999934, 33.9275143 ] } },
{ "type": "Feature", "properties": { "内容": "デイサービスこんぺいとう【地域密着型通所介護】山口県大島郡周防大島町大字小松９１-４おげんきハグニティ", "url": "https://www.kaigokensaku.mhlw.go.jp/35/index.php?action_kouhyou_detail_004_kani=true&JigyosyoCd=3597100100-00&ServiceCd=780&Type=search", "url2": "http://hugnity.com/" }, "geometry": { "type": "Point", "coordinates": [ 132.190471200000047, 33.9275146 ] } },
{ "type": "Feature", "properties": { "内容": "デイサービスセンター松福【地域密着型通所介護】山口県大島郡周防大島町小松開作1202-7", "url": "https://www.kaigokensaku.mhlw.go.jp/35/index.php?action_kouhyou_detail_004_kani=true&JigyosyoCd=3597100118-00&ServiceCd=780&Type=search", "url2": null }, "geometry": { "type": "Point", "coordinates": [ 132.182097, 33.9273428 ] } },
{ "type": "Feature", "properties": { "内容": "有限会社　しらき【地域密着型通所介護】山口県大島郡周防大島町大字西方１４番地", "url": "https://www.kaigokensaku.mhlw.go.jp/35/index.php?action_kouhyou_detail_004_kani=true&JigyosyoCd=3577100310-00&ServiceCd=780&Type=search", "url2": "https://kaigonoshiraki.localinfo.jp" }, "geometry": { "type": "Point", "coordinates": [ 132.3274609, 33.9038443 ] } },
{ "type": "Feature", "properties": { "内容": "はなまるデイサービス【地域密着型通所介護】山口県大島郡周防大島町大字西方835-1", "url": "https://www.kaigokensaku.mhlw.go.jp/35/index.php?action_kouhyou_detail_004_kani=true&JigyosyoCd=3597100126-00&ServiceCd=780&Type=search", "url2": null }, "geometry": { "type": "Point", "coordinates": [ 132.3201679, 33.8935557 ] } },
{ "type": "Feature", "properties": { "内容": "デイサービスセンター　山王苑【地域密着型通所介護】大島郡周防大島町大字地家室163－1", "url": "https://www.kaigokensaku.mhlw.go.jp/35/index.php?action_kouhyou_detail_004_kani=true&JigyosyoCd=3577100542-00&ServiceCd=780&Type=search", "url2": null }, "geometry": { "type": "Point", "coordinates": [ 132.3609884, 33.8647111 ] } },
{ "type": "Feature", "properties": { "内容": "デイサービスセンターしらとり苑【地域密着型通所介護】大島郡周防大島町大字日前1932-32", "url": "https://www.kaigokensaku.mhlw.go.jp/35/index.php?action_kouhyou_detail_004_kani=true&JigyosyoCd=3577100526-00&ServiceCd=780&Type=search", "url2": null }, "geometry": { "type": "Point", "coordinates": [ 132.30102450000004, 33.9216558 ] } },
{ "type": "Feature", "properties": { "内容": "デイサービス　たすけあい　いい日の里【地域密着型通所介護】大島郡周防大島町大字椋野1338番地1", "url": "https://www.kaigokensaku.mhlw.go.jp/35/index.php?action_kouhyou_detail_004_kani=true&JigyosyoCd=3577100500-00&ServiceCd=780&Type=search", "url2": null }, "geometry": { "type": "Point", "coordinates": [ 132.230650100000048, 33.9561038 ] } },
{ "type": "Feature", "properties": { "内容": "デイサービスセンター和田苑【地域密着型通所介護】大島郡周防大島町大字和田1089-2", "url": "https://www.kaigokensaku.mhlw.go.jp/35/index.php?action_kouhyou_detail_004_kani=true&JigyosyoCd=3577100534-00&ServiceCd=780&Type=search", "url2": "https://soshakyo.jp" }, "geometry": { "type": "Point", "coordinates": [ 132.4058106, 33.9296409 ] } },
{ "type": "Feature", "properties": { "内容": "デイサービス　ひまわり【地域密着型通所介護】山口県大島郡周防大島町小松開作　143-27", "url": "https://www.kaigokensaku.mhlw.go.jp/35/index.php?action_kouhyou_detail_004_kani=true&JigyosyoCd=3577100633-00&ServiceCd=780&Type=search", "url2": null }, "geometry": { "type": "Point", "coordinates": [ 132.18899579999993, 33.9299194 ] } },
{ "type": "Feature", "properties": { "内容": "ふれあい汐風の家デイサービスセンター【地域密着型通所介護】山口県大島郡周防大島町大字西三蒲６８－１", "url": "https://www.kaigokensaku.mhlw.go.jp/35/index.php?action_kouhyou_detail_004_kani=true&JigyosyoCd=3577100682-00&ServiceCd=780&Type=search", "url2": null }, "geometry": { "type": "Point", "coordinates": [ 132.194240769171955, 33.95304577269625 ] } },
{ "type": "Feature", "properties": { "内容": "わきあいあい苑　デイサービスセンター【地域密着型通所介護】山口県玖珂郡和木町瀬田4丁目１－１", "url": "https://www.kaigokensaku.mhlw.go.jp/35/index.php?action_kouhyou_detail_004_kani=true&JigyosyoCd=3577200193-00&ServiceCd=780&Type=search", "url2": "https://wakiaiaien.tkc.best-hp.jp" }, "geometry": { "type": "Point", "coordinates": [ 132.2245524, 34.1919204 ] } },
{ "type": "Feature", "properties": { "内容": "上関町デイサービスセンター【地域密着型通所介護】山口県熊毛郡上関町大字長島1561-1", "url": "https://www.kaigokensaku.mhlw.go.jp/35/index.php?action_kouhyou_detail_004_kani=true&JigyosyoCd=3577300258-00&ServiceCd=780&Type=search", "url2": "https://kaminoseki-fukushikai.com/" }, "geometry": { "type": "Point", "coordinates": [ 132.073751099999981, 33.8152633 ] } },
{ "type": "Feature", "properties": { "内容": "くろがねもちデイサービスセンター【地域密着型通所介護】山口県熊毛郡田布施町中央南１８－９くろがねもちデイサービスセンター", "url": "https://www.kaigokensaku.mhlw.go.jp/35/index.php?action_kouhyou_detail_004_kani=true&JigyosyoCd=3597330038-00&ServiceCd=780&Type=search", "url2": null }, "geometry": { "type": "Point", "coordinates": [ 132.046586700000034, 33.9506087 ] } },
{ "type": "Feature", "properties": { "内容": "リハビリ介護“ひだまり”デイサービスセンター【地域密着型通所介護】熊毛郡田布施町大字下田布施６５０－１０", "url": "https://www.kaigokensaku.mhlw.go.jp/35/index.php?action_kouhyou_detail_004_kani=true&JigyosyoCd=3577300530-00&ServiceCd=780&Type=search", "url2": null }, "geometry": { "type": "Point", "coordinates": [ 132.049365076057484, 33.953863497752742 ] } },
{ "type": "Feature", "properties": { "内容": "デイサービス“はぁ～との樹”【地域密着型通所介護】山口県熊毛郡田布施町中央南１－１１", "url": "https://www.kaigokensaku.mhlw.go.jp/35/index.php?action_kouhyou_detail_004_kani=true&JigyosyoCd=3577300662-00&ServiceCd=780&Type=search", "url2": null }, "geometry": { "type": "Point", "coordinates": [ 132.04256190000001, 33.9538555 ] } },
{ "type": "Feature", "properties": { "内容": "デイサービスセンターサンコート【地域密着型通所介護】山口県熊毛郡平生町大字平生町5-56", "url": "https://www.kaigokensaku.mhlw.go.jp/35/index.php?action_kouhyou_detail_004_kani=true&JigyosyoCd=3577300688-00&ServiceCd=780&Type=search", "url2": "http://kouju-kai.com" }, "geometry": { "type": "Point", "coordinates": [ 132.068563199999971, 33.9327804 ] } },
{ "type": "Feature", "properties": { "内容": "はつらつセンター【地域密着型通所介護】山口県熊毛郡平生町平生村618-2", "url": "https://www.kaigokensaku.mhlw.go.jp/35/index.php?action_kouhyou_detail_004_kani=true&JigyosyoCd=3597340078-00&ServiceCd=780&Type=search", "url2": "http://www.hirao-shakyo.or.jp" }, "geometry": { "type": "Point", "coordinates": [ 132.075926, 33.94048 ] } },
{ "type": "Feature", "properties": { "内容": "小地域サービス事業所　ひだまりの里【地域密着型通所介護】山口県阿武郡阿武町大字宇田２２５１", "url": "https://www.kaigokensaku.mhlw.go.jp/35/index.php?action_kouhyou_detail_004_kani=true&JigyosyoCd=3578100533-00&ServiceCd=780&Type=search", "url2": "http://abufukushi.com" }, "geometry": { "type": "Point", "coordinates": [ 131.54541, 34.5677241 ] } },
{ "type": "Feature", "properties": { "内容": "清ヶ浜デイサービスセンター【地域密着型通所介護】山口県阿武郡阿武町大字木与10037番地3", "url": "https://www.kaigokensaku.mhlw.go.jp/35/index.php?action_kouhyou_detail_004_kani=true&JigyosyoCd=3570400519-00&ServiceCd=780&Type=search", "url2": "http://abufukushi.com" }, "geometry": { "type": "Point", "coordinates": [ 131.5162761, 34.5346498 ] } }
]
}
